beta,date,scope,layer,calls,nodes,overlap_nodes,windows_with_overlap,max_overlap_kwh,expected_overlap_sum_kwh,solver_seconds,scope_label
0.1,2025-02-01,midnight,1,1,144,0,0,0.0,0.0,0.0046196249313652515,午夜规划·第1层
0.1,2025-02-01,midnight,2,1,144,0,0,0.0,0.0,0.012244999990798533,午夜规划·第2层
0.1,2025-02-01,execution,1,144,10440,1,1,427.61447817738497,427.6144781773713,0.2806223366642371,日内滚动·第1层
0.1,2025-02-01,execution,2,144,10440,0,0,7.673861546209079e-12,-6.97590869132867e-13,0.4342165421694517,日内滚动·第2层
0.1,2025-02-02,midnight,1,1,144,0,0,0.0,0.0,0.0040253750048577785,午夜规划·第1层
0.1,2025-02-02,midnight,2,1,144,0,0,0.0,0.0,0.013438457972370088,午夜规划·第2层
0.1,2025-02-02,execution,1,144,10440,0,0,0.0,-2.0954059879428006e-11,0.327119083609432,日内滚动·第1层
0.1,2025-02-02,execution,2,144,10440,0,0,0.0,-1.0950075775939256e-11,0.49375474266707897,日内滚动·第2层
0.1,2025-02-03,midnight,1,1,144,0,0,0.0,0.0,0.004076958983205259,午夜规划·第1层
0.1,2025-02-03,midnight,2,1,144,0,0,0.0,0.0,0.01307483296841383,午夜规划·第2层
0.1,2025-02-03,execution,1,144,10440,0,0,0.0,-3.789561257387201e-14,0.2719143315916881,日内滚动·第1层
0.1,2025-02-03,execution,2,144,10440,0,0,0.0,0.0,0.43427625170443207,日内滚动·第2层
0.1,2025-02-04,midnight,1,1,144,0,0,0.0,0.0,0.003900500014424324,午夜规划·第1层
0.1,2025-02-04,midnight,2,1,144,0,0,0.0,0.0,0.0132115000160411,午夜规划·第2层
0.1,2025-02-04,execution,1,144,10440,0,0,0.0,-2.453240627893161e-11,0.2693310008617118,日内滚动·第1层
0.1,2025-02-04,execution,2,144,10440,0,0,0.0,-3.789561257387201e-14,0.42934762698132545,日内滚动·第2层
0.1,2025-02-05,midnight,1,1,180,0,0,0.0,0.0,0.005542874918319285,午夜规划·第1层
0.1,2025-02-05,midnight,2,1,180,0,0,0.0,0.0,0.020265041035600007,午夜规划·第2层
0.1,2025-02-05,execution,1,144,14652,0,0,0.0,-5.6559201766503975e-12,0.3873077909229323,日内滚动·第1层
0.1,2025-02-05,execution,2,144,14652,0,0,0.0,-6.070657717935254e-11,0.7808675850974396,日内滚动·第2层
0.1,2025-02-06,midnight,1,1,252,0,0,0.0,0.0,0.008242915966548026,午夜规划·第1层
0.1,2025-02-06,midnight,2,1,252,0,0,0.0,0.0,0.03817737498320639,午夜规划·第2层
0.1,2025-02-06,execution,1,144,17064,0,0,0.0,-1.1368683772161603e-13,0.43212962767574936,日内滚动·第1层
0.1,2025-02-06,execution,2,144,17064,0,0,0.0,0.0,0.9468542556278408,日内滚动·第2层
0.1,2025-02-07,midnight,1,1,216,0,0,0.0,0.0,0.006351416930556297,午夜规划·第1层
0.1,2025-02-07,midnight,2,1,216,0,0,0.0,0.0,0.023853375110775232,午夜规划·第2层
0.1,2025-02-07,execution,1,144,20340,0,0,0.0,0.0,0.5058123808121309,日内滚动·第1层
0.1,2025-02-07,execution,2,144,20340,0,0,0.0,0.0,1.2495459235506132,日内滚动·第2层
0.1,2025-02-08,midnight,1,1,324,0,0,0.0,0.0,0.009065666003152728,午夜规划·第1层
0.1,2025-02-08,midnight,2,1,324,0,0,0.0,0.0,0.04181937500834465,午夜规划·第2层
0.1,2025-02-08,execution,1,144,19368,0,0,0.0,-1.72564486647482e-12,0.47192208049818873,日内滚动·第1层
0.1,2025-02-08,execution,2,144,19368,0,0,0.0,-1.72564486647482e-12,1.078640500549227,日内滚动·第2层
0.1,2025-02-09,midnight,1,1,324,0,0,0.0,0.0,0.011628124979324639,午夜规划·第1层
0.1,2025-02-09,midnight,2,1,324,0,0,0.0,0.0,0.05943533300887793,午夜规划·第2层
0.1,2025-02-09,execution,1,144,21564,0,0,0.0,-3.789561257387201e-14,0.5544701216276735,日内滚动·第1层
0.1,2025-02-09,execution,2,144,21564,0,0,0.0,0.0,1.3987883846275508,日内滚动·第2层
0.1,2025-02-10,midnight,1,1,324,0,0,0.0,0.0,0.011489416938275099,午夜规划·第1层
0.1,2025-02-10,midnight,2,1,324,0,0,0.0,-3.0274471341663504e-13,0.0611176670063287,午夜规划·第2层
0.1,2025-02-10,execution,1,144,20304,0,0,0.0,0.0,0.505812662304379,日内滚动·第1层
0.1,2025-02-10,execution,2,144,20304,0,0,0.0,-5.26327952414889e-15,1.2279536206042394,日内滚动·第2层
0.1,2025-02-11,midnight,1,1,396,0,0,0.0,0.0,0.015930499997921288,午夜规划·第1层
0.1,2025-02-11,midnight,2,1,396,0,0,0.0,0.0,0.08486662502400577,午夜规划·第2层
0.1,2025-02-11,execution,1,144,23760,0,0,0.0,-3.293924460309686e-13,0.5755081209354103,日内滚动·第1层
0.1,2025-02-11,execution,2,144,23760,0,0,0.0,-3.5020006464352163e-13,1.5307684958679602,日内滚动·第2层
0.1,2025-02-12,midnight,1,1,396,0,0,0.0,0.0,0.01261399989016354,午夜规划·第1层
0.1,2025-02-12,midnight,2,1,396,0,0,0.0,0.0,0.08603245799895376,午夜规划·第2层
0.1,2025-02-12,execution,1,144,24912,0,0,0.0,-7.579122514774402e-14,0.6022235418204218,日内滚动·第1层
0.1,2025-02-12,execution,2,144,24912,0,0,0.0,-3.2079424672499457e-13,1.6620683354558423,日内滚动·第2层
0.1,2025-02-13,midnight,1,1,432,0,0,0.0,0.0,0.017330541973933578,午夜规划·第1层
0.1,2025-02-13,midnight,2,1,432,0,0,0.0,0.0,0.1000279999570921,午夜规划·第2层
0.1,2025-02-13,execution,1,144,24948,0,0,0.0,-7.579122514774402e-14,0.6005265049170703,日内滚动·第1层
0.1,2025-02-13,execution,2,144,24948,0,0,0.0,-5.931810797077603e-12,1.6657744137337431,日内滚动·第2层
0.1,2025-02-14,midnight,1,1,468,0,0,0.0,0.0,0.014285749988630414,午夜规划·第1层
0.1,2025-02-14,midnight,2,1,468,0,0,0.0,0.0,0.08437937498092651,午夜规划·第2层
0.1,2025-02-14,execution,1,144,26280,0,0,0.0,0.0,0.6454524982254952,日内滚动·第1层
0.1,2025-02-14,execution,2,144,26280,0,0,0.0,-4.645966948201439e-13,1.6139164653141052,日内滚动·第2层
0.1,2025-02-15,midnight,1,1,504,0,0,0.0,0.0,0.01879566698335111,午夜规划·第1层
0.1,2025-02-15,midnight,2,1,504,0,0,0.0,0.0,0.09954450000077486,午夜规划·第2层
0.1,2025-02-15,execution,1,144,27072,0,0,0.0,-2.157056083093525e-13,0.6477085379883647,日内滚动·第1层
0.1,2025-02-15,execution,2,144,27072,0,0,0.0,-4.502992300428024e-12,1.6554610296152532,日内滚动·第2层
0.1,2025-02-16,midnight,1,1,504,0,0,0.0,0.0,0.02006995806004852,午夜规划·第1层
0.1,2025-02-16,midnight,2,1,504,0,0,0.0,0.0,0.12734262505546212,午夜规划·第2层
0.1,2025-02-16,execution,1,144,27288,0,0,0.0,-3.789561257387201e-14,0.661451374180615,日内滚动·第1层
0.1,2025-02-16,execution,2,144,27288,0,0,0.0,-6.836036845603306e-13,1.7852402492426336,日内滚动·第2层
0.1,2025-02-17,midnight,1,1,504,0,0,0.0,0.0,0.018986624898388982,午夜规划·第1层
0.1,2025-02-17,midnight,2,1,504,0,0,0.0,0.0,0.1383246670011431,午夜规划·第2层
0.1,2025-02-17,execution,1,144,28656,0,0,0.0,-3.789561257387201e-14,0.766690834891051,日内滚动·第1层
0.1,2025-02-17,execution,2,144,28656,0,0,0.0,-1.0729625731777197e-11,2.067863532807678,日内滚动·第2层
0.1,2025-02-18,midnight,1,1,468,0,0,0.0,0.0,0.015454667038284242,午夜规划·第1层
0.1,2025-02-18,midnight,2,1,468,0,0,0.0,0.0,0.1203375409822911,午夜规划·第2层
0.1,2025-02-18,execution,1,144,27288,0,0,0.0,-1.1368683772161603e-13,0.7262023846851662,日内滚动·第1层
0.1,2025-02-18,execution,2,144,27288,0,0,0.0,-1.2390181506117094e-13,1.9655166233424097,日内滚动·第2层
0.1,2025-02-19,midnight,1,1,468,0,0,0.0,0.0,0.015867084031924605,午夜规划·第1层
0.1,2025-02-19,midnight,2,1,468,0,0,0.0,0.0,0.13184754201211035,午夜规划·第2层
0.1,2025-02-19,execution,1,144,26784,0,0,0.0,-8.442424547498122e-13,0.6700358395464718,日内滚动·第1层
0.1,2025-02-19,execution,2,144,26784,0,0,0.0,-1.1682097721404984e-12,1.760038031381555,日内滚动·第2层
0.1,2025-02-20,midnight,1,1,504,0,0,0.0,0.0,0.021471041021868587,午夜规划·第1层
0.1,2025-02-20,midnight,2,1,504,0,0,0.0,0.0,0.14140695903915912,午夜规划·第2层
0.1,2025-02-20,execution,1,144,28152,0,0,0.0,-1.8947806286936003e-13,0.6957356289494783,日内滚动·第1层
0.1,2025-02-20,execution,2,144,28152,0,0,0.0,-3.4952114974247906e-13,1.8779210802167654,日内滚动·第2层
0.1,2025-02-21,midnight,1,1,468,0,0,0.0,0.0,0.014375749975442886,午夜规划·第1层
0.1,2025-02-21,midnight,2,1,468,0,0,0.0,-2.8392165019708157e-14,0.09124929190147668,午夜规划·第2层
0.1,2025-02-21,execution,1,144,26316,0,0,0.0,0.0,0.6330632095923647,日内滚动·第1层
0.1,2025-02-21,execution,2,144,26316,0,0,0.0,-1.3454643894482534e-11,1.5930061988765374,日内滚动·第2层
0.1,2025-02-22,midnight,1,1,468,0,0,0.0,0.0,0.014528249972499907,午夜规划·第1层
0.1,2025-02-22,midnight,2,1,468,0,0,0.0,0.0,0.08171091601252556,午夜规划·第2层
0.1,2025-02-22,execution,1,144,28692,0,0,0.0,0.0,0.6975187556818128,日内滚动·第1层
0.1,2025-02-22,execution,2,144,28692,0,0,0.0,-3.377396846005684e-12,1.8771757601061836,日内滚动·第2层
0.1,2025-02-23,midnight,1,1,504,0,0,0.0,0.0,0.021326000103726983,午夜规划·第1层
0.1,2025-02-23,midnight,2,1,504,0,0,0.0,0.0,0.13503100001253188,午夜规划·第2层
0.1,2025-02-23,execution,1,144,28152,0,0,0.0,-3.49113330836796e-12,0.6717022119555622,日内滚动·第1层
0.1,2025-02-23,execution,2,144,28152,0,0,0.0,-7.2277153272853005e-12,1.8859582794830203,日内滚动·第2层
0.1,2025-02-24,midnight,1,1,432,0,0,0.0,0.0,0.013779708067886531,午夜规划·第1层
0.1,2025-02-24,midnight,2,1,432,0,0,0.0,0.0,0.09363570797722787,午夜规划·第2层
0.1,2025-02-24,execution,1,144,27720,0,0,0.0,-6.643574579356937e-13,0.6711213354719803,日内滚动·第1层
0.1,2025-02-24,execution,2,144,27720,0,0,0.0,-7.279554060034804e-13,2.0593904218403623,日内滚动·第2层
0.1,2025-02-25,midnight,1,1,396,0,0,0.0,0.0,0.015697874943725765,午夜规划·第1层
0.1,2025-02-25,midnight,2,1,396,0,0,0.0,0.0,0.08274562493897974,午夜规划·第2层
0.1,2025-02-25,execution,1,144,26280,0,0,0.0,-7.579122514774402e-14,0.644037822377868,日内滚动·第1层
0.1,2025-02-25,execution,2,144,26280,0,0,0.0,-1.719658658181381e-12,1.640228497213684,日内滚动·第2层
0.1,2025-02-26,midnight,1,1,396,0,0,0.0,0.0,0.01654195797163993,午夜规划·第1层
0.1,2025-02-26,midnight,2,1,396,0,0,0.0,0.0,0.08505474997218698,午夜规划·第2层
0.1,2025-02-26,execution,1,144,26316,0,0,0.0,-1.1368683772161603e-13,0.6559462902368978,日内滚动·第1层
0.1,2025-02-26,execution,2,144,26316,0,0,0.0,-7.579122514774402e-14,1.8417182130506262,日内滚动·第2层
0.1,2025-02-27,midnight,1,1,432,0,0,0.0,0.0,0.015696541988290846,午夜规划·第1层
0.1,2025-02-27,midnight,2,1,432,0,0,0.0,0.0,0.09850799990817904,午夜规划·第2层
0.1,2025-02-27,execution,1,144,26424,0,0,0.0,0.0,0.656159584177658,日内滚动·第1层
0.1,2025-02-27,execution,2,144,26424,0,0,0.0,0.0,1.5832136244280264,日内滚动·第2层
0.1,2025-02-28,midnight,1,1,432,0,0,0.0,0.0,0.011248250026255846,午夜规划·第1层
0.1,2025-02-28,midnight,2,1,432,0,0,0.0,0.0,0.063429250032641,午夜规划·第2层
0.1,2025-02-28,execution,1,144,25308,0,0,0.0,0.0,0.6106757883680984,日内滚动·第1层
0.1,2025-02-28,execution,2,144,25308,0,0,0.0,-4.906302341722687e-12,1.454954216023907,日内滚动·第2层
0.1,2025-03-01,midnight,1,1,432,0,0,0.0,0.0,0.011119875009171665,午夜规划·第1层
0.1,2025-03-01,midnight,2,1,432,0,0,0.0,-1.6724541199961583e-13,0.06957216700538993,午夜规划·第2层
0.1,2025-03-01,execution,1,144,25488,0,0,0.0,0.0,0.6105884269345552,日内滚动·第1层
0.1,2025-03-01,execution,2,144,25488,0,0,0.0,-2.575779117997261e-14,1.447330996277742,日内滚动·第2层
0.1,2025-03-02,midnight,1,1,396,0,0,0.0,0.0,0.015950499917380512,午夜规划·第1层
0.1,2025-03-02,midnight,2,1,396,0,0,0.0,0.0,0.08464799995999783,午夜规划·第2层
0.1,2025-03-02,execution,1,144,26676,0,0,0.0,-9.475015976108041e-12,0.6509424683172256,日内滚动·第1层
0.1,2025-03-02,execution,2,144,26676,0,0,0.0,-9.790749159108572e-12,1.7076194948749617,日内滚动·第2层
0.1,2025-03-03,midnight,1,1,360,0,0,0.0,0.0,0.01362441701348871,午夜规划·第1层
0.1,2025-03-03,midnight,2,1,360,0,0,0.0,0.0,0.07062137499451637,午夜规划·第2层
0.1,2025-03-03,execution,1,144,25704,0,0,0.0,-1.6105635343895603e-13,0.6354235432809219,日内滚动·第1层
0.1,2025-03-03,execution,2,144,25704,0,0,0.0,-6.73728472209703e-13,1.6005907119251788,日内滚动·第2层
0.1,2025-03-04,midnight,1,1,324,0,0,0.0,0.0,0.01283637504093349,午夜规划·第1层
0.1,2025-03-04,midnight,2,1,324,0,0,0.0,0.0,0.06454933399800211,午夜规划·第2层
0.1,2025-03-04,execution,1,144,24984,0,0,3.4106051316484763e-13,-6.371199863982235e-13,0.7140154995722696,日内滚动·第1层
0.1,2025-03-04,execution,2,144,24984,0,0,0.0,-5.992243738243511e-13,2.0968752541812137,日内滚动·第2层
0.1,2025-03-05,midnight,1,1,396,0,0,0.0,0.0,0.01384633406996727,午夜规划·第1层
0.1,2025-03-05,midnight,2,1,396,0,0,0.0,-1.6776703483224587e-15,0.08834295906126499,午夜规划·第2层
0.1,2025-03-05,execution,1,144,25956,0,0,0.0,-7.579122514774402e-14,0.6752816358348355,日内滚动·第1层
0.1,2025-03-05,execution,2,144,25956,0,0,0.0,-1.9587294749120097e-11,1.8757584171835333,日内滚动·第2层
0.1,2025-03-06,midnight,1,1,396,0,0,0.0,0.0,0.017762708943337202,午夜规划·第1层
0.1,2025-03-06,midnight,2,1,396,0,0,0.0,0.0,0.09617662499658763,午夜规划·第2层
0.1,2025-03-06,execution,1,144,26280,0,0,0.0,-3.789561257387201e-14,0.7097223367309198,日内滚动·第1层
0.1,2025-03-06,execution,2,144,26280,0,0,0.0,-1.9967481880588637e-13,2.2759919189848006,日内滚动·第2层
0.1,2025-03-07,midnight,1,1,396,0,0,0.0,0.0,0.011192915961146355,午夜规划·第1层
0.1,2025-03-07,midnight,2,1,396,0,0,0.0,0.0,0.056405415991321206,午夜规划·第2层
0.1,2025-03-07,execution,1,144,26460,0,0,0.0,0.0,0.6778746703639627,日内滚动·第1层
0.1,2025-03-07,execution,2,144,26460,0,0,0.0,0.0,1.746784454677254,日内滚动·第2层
0.1,2025-03-08,midnight,1,1,396,0,0,0.0,0.0,0.01253391697537154,午夜规划·第1层
0.1,2025-03-08,midnight,2,1,396,0,0,0.0,-1.5116630515280233e-14,0.06745058298110962,午夜规划·第2层
0.1,2025-03-08,execution,1,144,25956,0,0,0.0,0.0,0.662618669681251,日内滚动·第1层
0.1,2025-03-08,execution,2,144,25956,0,0,0.0,-1.889128581677331e-12,1.7023414619034156,日内滚动·第2层
0.1,2025-03-09,midnight,1,1,396,0,0,0.0,0.0,0.014798250049352646,午夜规划·第1层
0.1,2025-03-09,midnight,2,1,396,0,0,0.0,0.0,0.09431654203217477,午夜规划·第2层
0.1,2025-03-09,execution,1,144,27000,0,0,0.0,0.0,0.7234532509464771,日内滚动·第1层
0.1,2025-03-09,execution,2,144,27000,0,0,0.0,-4.1694527115379085e-13,2.1638935825321823,日内滚动·第2层
0.1,2025-03-10,midnight,1,1,396,0,0,0.0,0.0,0.016632082988508046,午夜规划·第1层
0.1,2025-03-10,midnight,2,1,396,0,0,0.0,0.0,0.08774045796599239,午夜规划·第2层
0.1,2025-03-10,execution,1,144,25164,0,0,0.0,-4.736951571734e-13,0.7189239612780511,日内滚动·第1层
0.1,2025-03-10,execution,2,144,25164,0,0,0.0,-8.675785890175713e-13,1.9264998780563474,日内滚动·第2层
0.1,2025-03-11,midnight,1,1,432,0,0,0.0,0.0,0.02279204095248133,午夜规划·第1层
0.1,2025-03-11,midnight,2,1,432,0,0,0.0,0.0,0.11469341698102653,午夜规划·第2层
0.1,2025-03-11,execution,1,144,27288,0,0,0.0,-3.789561257387201e-14,0.754888498224318,日内滚动·第1层
0.1,2025-03-11,execution,2,144,27288,0,0,0.0,0.0,2.15173399890773,日内滚动·第2层
0.1,2025-03-12,midnight,1,1,432,0,0,0.0,0.0,0.018663540948182344,午夜规划·第1层
0.1,2025-03-12,midnight,2,1,432,0,0,0.0,0.0,0.10088483395520598,午夜规划·第2层
0.1,2025-03-12,execution,1,144,27252,0,0,0.0,-3.60008319451784e-13,0.7957594150211662,日内滚动·第1层
0.1,2025-03-12,execution,2,144,27252,0,0,0.0,-1.0841028389908669e-12,2.1717895406764,日内滚动·第2层
0.1,2025-03-13,midnight,1,1,468,0,0,0.0,0.0,0.019764833035878837,午夜规划·第1层
0.1,2025-03-13,midnight,2,1,468,0,0,0.0,0.0,0.12681504094507545,午夜规划·第2层
0.1,2025-03-13,execution,1,144,25812,0,0,0.0,0.0,0.7134825391694903,日内滚动·第1层
0.1,2025-03-13,execution,2,144,25812,0,0,0.0,-3.0551717394038636e-12,1.8806238288525492,日内滚动·第2层
0.1,2025-03-14,midnight,1,1,432,0,0,0.0,0.0,0.01541154203005135,午夜规划·第1层
0.1,2025-03-14,midnight,2,1,432,0,0,0.0,0.0,0.0753902499563992,午夜规划·第2层
0.1,2025-03-14,execution,1,144,26388,0,0,0.0,0.0,0.7405166272073984,日内滚动·第1层
0.1,2025-03-14,execution,2,144,26388,0,0,0.0,-3.905157896524539e-13,1.9957801647251472,日内滚动·第2层
0.1,2025-03-15,midnight,1,1,432,0,0,0.0,0.0,0.015158249996602535,午夜规划·第1层
0.1,2025-03-15,midnight,2,1,432,0,0,0.0,0.0,0.0789687919896096,午夜规划·第2层
0.1,2025-03-15,execution,1,144,26604,0,0,0.0,-6.188054638374545e-12,0.6732654568040743,日内滚动·第1层
0.1,2025-03-15,execution,2,144,26604,0,0,0.0,-1.2314416368986148e-11,1.7506850404897705,日内滚动·第2层
0.1,2025-03-16,midnight,1,1,396,0,0,0.0,0.0,0.024086541961878538,午夜规划·第1层
0.1,2025-03-16,midnight,2,1,396,0,0,0.0,0.0,0.09931916696950793,午夜规划·第2层
0.1,2025-03-16,execution,1,144,25416,0,0,0.0,0.0,0.727997379261069,日内滚动·第1层
0.1,2025-03-16,execution,2,144,25416,0,0,0.0,-3.659291569533659e-13,2.1463031225139275,日内滚动·第2层
0.1,2025-03-17,midnight,1,1,360,0,0,0.0,0.0,0.011227042065002024,午夜规划·第1层
0.1,2025-03-17,midnight,2,1,360,0,0,0.0,0.0,0.07492591603659093,午夜规划·第2层
0.1,2025-03-17,execution,1,144,25020,0,0,0.0,-1.7325400373617104e-12,0.703704827115871,日内滚动·第1层
0.1,2025-03-17,execution,2,144,25020,0,0,0.0,-1.2508611879033975e-11,1.9672907575732097,日内滚动·第2层
0.1,2025-03-18,midnight,1,1,432,0,0,0.0,0.0,0.020208834088407457,午夜规划·第1层
0.1,2025-03-18,midnight,2,1,432,0,0,0.0,0.0,0.10013166698627174,午夜规划·第2层
0.1,2025-03-18,execution,1,144,26100,0,0,0.0,0.0,0.7060908639105037,日内滚动·第1层
0.1,2025-03-18,execution,2,144,26100,0,0,0.0,-1.254390878137492e-13,1.9862731572939083,日内滚动·第2层
0.1,2025-03-19,midnight,1,1,360,0,0,0.0,0.0,0.013567124959081411,午夜规划·第1层
0.1,2025-03-19,midnight,2,1,360,0,0,0.0,0.0,0.07344100007321686,午夜规划·第2层
0.1,2025-03-19,execution,1,144,26424,0,0,0.0,0.0,0.7441071257926524,日内滚动·第1层
0.1,2025-03-19,execution,2,144,26424,0,0,0.0,-1.3416704438706098e-12,2.3626665010815486,日内滚动·第2层
0.1,2025-03-20,midnight,1,1,360,0,0,0.0,0.0,0.015932250069454312,午夜规划·第1层
0.1,2025-03-20,midnight,2,1,360,0,0,0.0,-1.2459355237726996e-14,0.0816035409225151,午夜规划·第2层
0.1,2025-03-20,execution,1,144,24912,0,0,0.0,0.0,0.7574151643784717,日内滚动·第1层
0.1,2025-03-20,execution,2,144,24912,0,0,0.0,-3.700763982372821e-14,1.9568269971059635,日内滚动·第2层
0.1,2025-03-21,midnight,1,1,468,0,0,0.0,0.0,0.017971834051422775,午夜规划·第1层
0.1,2025-03-21,midnight,2,1,468,0,0,0.0,0.0,0.0949209580430761,午夜规划·第2层
0.1,2025-03-21,execution,1,144,26352,0,0,0.0,0.0,0.7530672115972266,日内滚动·第1层
0.1,2025-03-21,execution,2,144,26352,0,0,0.0,-9.491046765611512e-12,1.9192712934454903,日内滚动·第2层
0.1,2025-03-22,midnight,1,1,468,0,0,0.0,0.0,0.018300832947716117,午夜规划·第1层
0.1,2025-03-22,midnight,2,1,468,0,0,0.0,0.0,0.10165958304423839,午夜规划·第2层
0.1,2025-03-22,execution,1,144,26640,0,0,0.0,0.0,0.777294956613332,日内滚动·第1层
0.1,2025-03-22,execution,2,144,26640,0,0,0.0,-2.5839865704985136e-12,1.8938593284692615,日内滚动·第2层
0.1,2025-03-23,midnight,1,1,360,0,0,0.0,0.0,0.01580929197371006,午夜规划·第1层
0.1,2025-03-23,midnight,2,1,360,0,0,0.0,0.0,0.0789939999813214,午夜规划·第2层
0.1,2025-03-23,execution,1,144,26532,0,0,0.0,0.0,0.8493027945514768,日内滚动·第1层
0.1,2025-03-23,execution,2,144,26532,0,0,0.0,-2.5078089532607926e-12,2.3580727907828987,日内滚动·第2层
0.1,2025-03-24,midnight,1,1,396,0,0,0.0,0.0,0.01764362503308803,午夜规划·第1层
0.1,2025-03-24,midnight,2,1,396,0,0,0.0,-6.161582936069658e-15,0.10362800001166761,午夜规划·第2层
0.1,2025-03-24,execution,1,144,27288,0,0,0.0,0.0,0.939078330877237,日内滚动·第1层
0.1,2025-03-24,execution,2,144,27288,0,0,0.0,0.0,2.6431941284099594,日内滚动·第2层
0.1,2025-03-25,midnight,1,1,396,0,0,0.0,0.0,0.017941459082067013,午夜规划·第1层
0.1,2025-03-25,midnight,2,1,396,0,0,0.0,0.0,0.09419358393643051,午夜规划·第2层
0.1,2025-03-25,execution,1,144,25776,0,0,0.0,-1.8604608716681645e-11,0.830199207412079,日内滚动·第1层
0.1,2025-03-25,execution,2,144,25776,0,0,0.0,-1.3535526921411865e-11,2.1838283776305616,日内滚动·第2层
0.1,2025-03-26,midnight,1,1,396,0,0,0.0,0.0,0.017951791058294475,午夜规划·第1层
0.1,2025-03-26,midnight,2,1,396,0,0,0.0,0.0,0.0991490000160411,午夜规划·第2层
0.1,2025-03-26,execution,1,144,26928,0,0,0.0,0.0,0.8386706237215549,日内滚动·第1层
0.1,2025-03-26,execution,2,144,26928,0,0,0.0,0.0,2.2971067097969353,日内滚动·第2层
0.1,2025-03-27,midnight,1,1,360,0,0,0.0,0.0,0.014718708000145853,午夜规划·第1层
0.1,2025-03-27,midnight,2,1,360,0,0,0.0,0.0,0.07612350000999868,午夜规划·第2层
0.1,2025-03-27,execution,1,144,25344,0,0,0.0,0.0,0.7963729196926579,日内滚动·第1层
0.1,2025-03-27,execution,2,144,25344,0,0,0.0,-1.6193253270310018e-11,2.188416748540476,日内滚动·第2层
0.1,2025-03-28,midnight,1,1,468,0,0,0.0,0.0,0.01876766700297594,午夜规划·第1层
0.1,2025-03-28,midnight,2,1,468,0,0,0.0,0.0,0.10035266692284495,午夜规划·第2层
0.1,2025-03-28,execution,1,144,27756,0,0,0.0,-8.08896031160072e-12,0.8960689676459879,日内滚动·第1层
0.1,2025-03-28,execution,2,144,27756,0,0,0.0,-3.445146496530299e-12,2.299309710622765,日内滚动·第2层
0.1,2025-03-29,midnight,1,1,360,0,0,0.0,0.0,0.014413582975976169,午夜规划·第1层
0.1,2025-03-29,midnight,2,1,360,0,0,0.0,-2.5165055224836883e-15,0.06499574996996671,午夜规划·第2层
0.1,2025-03-29,execution,1,144,24912,0,0,0.0,0.0,0.8631979613564909,日内滚动·第1层
0.1,2025-03-29,execution,2,144,24912,0,0,0.0,0.0,2.148094176664017,日内滚动·第2层
0.1,2025-03-30,midnight,1,1,432,0,0,0.0,0.0,0.022073250031098723,午夜规划·第1层
0.1,2025-03-30,midnight,2,1,432,0,0,0.0,0.0,0.12733670801389962,午夜规划·第2层
0.1,2025-03-30,execution,1,144,27036,0,0,0.0,0.0,0.9647423708811402,日内滚动·第1层
0.1,2025-03-30,execution,2,144,27036,0,0,0.0,-3.4966610728052213e-13,2.4745066319592297,日内滚动·第2层
0.1,2025-03-31,midnight,1,1,432,0,0,0.0,0.0,0.023478041985072196,午夜规划·第1层
0.1,2025-03-31,midnight,2,1,432,0,0,0.0,0.0,0.13618304091505706,午夜规划·第2层
0.1,2025-03-31,execution,1,144,25560,0,0,0.0,-7.579122514774402e-14,0.9183273779926822,日内滚动·第1层
0.1,2025-03-31,execution,2,144,25560,0,0,0.0,0.0,2.555145129794255,日内滚动·第2层
0.1,2025-04-01,midnight,1,1,432,0,0,0.0,0.0,0.021100749960169196,午夜规划·第1层
0.1,2025-04-01,midnight,2,1,432,0,0,0.0,0.0,0.12392995890695602,午夜规划·第2层
0.1,2025-04-01,execution,1,144,25164,0,0,0.0,0.0,1.0062879165634513,日内滚动·第1层
0.1,2025-04-01,execution,2,144,25164,0,0,0.0,-8.581936487156719e-13,2.433280171942897,日内滚动·第2层
0.1,2025-04-02,midnight,1,1,324,0,0,0.0,0.0,0.016087666037492454,午夜规划·第1层
0.1,2025-04-02,midnight,2,1,324,0,0,0.0,0.0,0.071572957909666,午夜规划·第2层
0.1,2025-04-02,execution,1,144,23760,0,0,0.0,-2.157056083093525e-13,0.714463543263264,日内滚动·第1层
0.1,2025-04-02,execution,2,144,23760,0,0,0.0,-5.2855900894964565e-12,1.9125152541091666,日内滚动·第2层
0.1,2025-04-03,midnight,1,1,432,0,0,0.0,0.0,0.021597916027531028,午夜规划·第1层
0.1,2025-04-03,midnight,2,1,432,0,0,0.0,0.0,0.10569933394435793,午夜规划·第2层
0.1,2025-04-03,execution,1,144,27072,0,0,0.0,0.0,0.748138040304184,日内滚动·第1层
0.1,2025-04-03,execution,2,144,27072,0,0,0.0,-1.030390456119284e-13,2.200736877741292,日内滚动·第2层
0.1,2025-04-04,midnight,1,1,396,0,0,0.0,0.0,0.013534416910260916,午夜规划·第1层
0.1,2025-04-04,midnight,2,1,396,0,0,0.0,0.0,0.0679777500918135,午夜规划·第2层
0.1,2025-04-04,execution,1,144,26568,0,0,0.0,0.0,0.7167488760314882,日内滚动·第1层
0.1,2025-04-04,execution,2,144,26568,0,0,0.0,-4.490935050300621e-12,1.8044325839728117,日内滚动·第2层
0.1,2025-04-05,midnight,1,1,360,0,0,0.0,0.0,0.01072770799510181,午夜规划·第1层
0.1,2025-04-05,midnight,2,1,360,0,0,0.0,0.0,0.05594295891933143,午夜规划·第2层
0.1,2025-04-05,execution,1,144,24480,0,0,0.0,-1.3346784514141194e-12,0.6858749599196017,日内滚动·第1层
0.1,2025-04-05,execution,2,144,24480,0,0,0.0,-1.5425122016239487e-12,1.731979051954113,日内滚动·第2层
0.1,2025-04-06,midnight,1,1,468,0,0,0.0,0.0,0.018870583036914468,午夜规划·第1层
0.1,2025-04-06,midnight,2,1,468,0,0,0.0,0.0,0.1255194169934839,午夜规划·第2层
0.1,2025-04-06,execution,1,144,27000,0,0,0.0,0.0,0.8912470350041986,日内滚动·第1层
0.1,2025-04-06,execution,2,144,27000,0,0,0.0,0.0,2.467110990663059,日内滚动·第2层
0.1,2025-04-07,midnight,1,1,396,0,0,0.0,0.0,0.019964459002949297,午夜规划·第1层
0.1,2025-04-07,midnight,2,1,396,0,0,0.0,0.0,0.10545133298728615,午夜规划·第2层
0.1,2025-04-07,execution,1,144,26280,0,0,0.0,-1.8947806286936004e-14,0.8029420099919662,日内滚动·第1层
0.1,2025-04-07,execution,2,144,26280,0,0,0.0,-1.7436203338339327e-12,2.139174127834849,日内滚动·第2层
0.1,2025-04-08,midnight,1,1,468,0,0,0.0,0.0,0.023739082971587777,午夜规划·第1层
0.1,2025-04-08,midnight,2,1,468,0,0,0.0,0.0,0.13521212502382696,午夜规划·第2层
0.1,2025-04-08,execution,1,144,26964,0,0,0.0,0.0,0.8482557100942358,日内滚动·第1层
0.1,2025-04-08,execution,2,144,26964,0,0,0.0,-9.223536239301026e-14,2.5622992069693282,日内滚动·第2层
0.1,2025-04-09,midnight,1,1,396,0,0,0.0,0.0,0.018965916940942407,午夜规划·第1层
0.1,2025-04-09,midnight,2,1,396,0,0,0.0,-1.178920957262387e-13,0.10028662497643381,午夜规划·第2层
0.1,2025-04-09,execution,1,144,27000,0,0,0.0,0.0,0.829748954041861,日内滚动·第1层
0.1,2025-04-09,execution,2,144,27000,0,0,0.0,-2.257097424724512e-12,2.2455222146818414,日内滚动·第2层
0.1,2025-04-10,midnight,1,1,396,0,0,0.0,0.0,0.016758083016611636,午夜规划·第1层
0.1,2025-04-10,midnight,2,1,396,0,0,0.0,-7.479397218527372e-15,0.10770416597370058,午夜规划·第2层
0.1,2025-04-10,execution,1,144,26172,0,0,0.0,-3.789561257387201e-14,0.8136853264877573,日内滚动·第1层
0.1,2025-04-10,execution,2,144,26172,0,0,0.0,-3.6254039267071334e-13,2.383593125268817,日内滚动·第2层
0.1,2025-04-11,midnight,1,1,468,0,0,0.0,0.0,0.017553707933984697,午夜规划·第1层
0.1,2025-04-11,midnight,2,1,468,0,0,0.0,0.0,0.09761991607956588,午夜规划·第2层
0.1,2025-04-11,execution,1,144,26964,0,0,0.0,0.0,0.771369252470322,日内滚动·第1层
0.1,2025-04-11,execution,2,144,26964,0,0,0.0,-1.1236260576111452e-11,1.9566425003577024,日内滚动·第2层
0.1,2025-04-12,midnight,1,1,396,0,0,0.0,0.0,0.01183729199692607,午夜规划·第1层
0.1,2025-04-12,midnight,2,1,396,0,0,0.0,0.0,0.06090304104145616,午夜规划·第2层
0.1,2025-04-12,execution,1,144,26712,0,0,0.0,0.0,0.7468162459554151,日内滚动·第1层
0.1,2025-04-12,execution,2,144,26712,0,0,0.0,0.0,1.9066537076141685,日内滚动·第2层
0.1,2025-04-13,midnight,1,1,288,0,0,0.0,0.0,0.012354667065665126,午夜规划·第1层
0.1,2025-04-13,midnight,2,1,288,0,0,0.0,0.0,0.051588583970442414,午夜规划·第2层
0.1,2025-04-13,execution,1,144,23904,0,0,0.0,-7.579122514774402e-14,0.7118008401012048,日内滚动·第1层
0.1,2025-04-13,execution,2,144,23904,0,0,0.0,-3.395556280362845e-12,1.8940959533210844,日内滚动·第2层
0.1,2025-04-14,midnight,1,1,252,0,0,0.0,0.0,0.008890374912880361,午夜规划·第1层
0.1,2025-04-14,midnight,2,1,252,0,0,0.0,0.0,0.03712312504649162,午夜规划·第2层
0.1,2025-04-14,execution,1,144,21852,0,0,0.0,-7.579122514774402e-14,0.7336871243314818,日内滚动·第1层
0.1,2025-04-14,execution,2,144,21852,0,0,0.0,-1.9996479089523087e-12,1.9185681634116918,日内滚动·第2层
0.1,2025-04-15,midnight,1,1,396,0,0,0.0,0.0,0.017915208009071648,午夜规划·第1层
0.1,2025-04-15,midnight,2,1,396,0,0,0.0,0.0,0.10678379202727228,午夜规划·第2层
0.1,2025-04-15,execution,1,144,24696,0,0,0.0,-1.2133440467401077e-13,0.7324707949301228,日内滚动·第1层
0.1,2025-04-15,execution,2,144,24696,0,0,0.0,-3.098822749054849e-12,1.8735617063939571,日内滚动·第2层
0.1,2025-04-16,midnight,1,1,396,0,0,0.0,0.0,0.015422708936966956,午夜规划·第1层
0.1,2025-04-16,midnight,2,1,396,0,0,0.0,0.0,0.08843224996235222,午夜规划·第2层
0.1,2025-04-16,execution,1,144,26100,0,0,0.0,-7.579122514774402e-14,0.7439512885175645,日内滚动·第1层
0.1,2025-04-16,execution,2,144,26100,0,0,0.0,-4.5675493229398266e-12,2.2325267128180712,日内滚动·第2层
0.1,2025-04-17,midnight,1,1,360,0,0,0.0,0.0,0.01387145894113928,午夜规划·第1层
0.1,2025-04-17,midnight,2,1,360,0,0,0.0,-2.1316282072803006e-14,0.07949787494726479,午夜规划·第2层
0.1,2025-04-17,execution,1,144,24840,0,0,0.0,0.0,0.7098044088343158,日内滚动·第1层
0.1,2025-04-17,execution,2,144,24840,0,0,0.0,-2.423027061088467e-12,1.8363645815989003,日内滚动·第2层
0.1,2025-04-18,midnight,1,1,396,0,0,0.0,0.0,0.01311354199424386,午夜规划·第1层
0.1,2025-04-18,midnight,2,1,396,0,0,0.0,0.0,0.06658491597045213,午夜规划·第2层
0.1,2025-04-18,execution,1,144,24624,0,0,0.0,0.0,0.6749725780682638,日内滚动·第1层
0.1,2025-04-18,execution,2,144,24624,0,0,0.0,-1.9379899278738854e-12,1.6489617966581136,日内滚动·第2层
0.1,2025-04-19,midnight,1,1,396,0,0,0.0,0.0,0.0122151660034433,午夜规划·第1层
0.1,2025-04-19,midnight,2,1,396,0,0,0.0,0.0,0.06086070800665766,午夜规划·第2层
0.1,2025-04-19,execution,1,144,24372,0,0,0.0,0.0,0.6712293765740469,日内滚动·第1层
0.1,2025-04-19,execution,2,144,24372,0,0,0.0,0.0,1.669056702638045,日内滚动·第2层
0.1,2025-04-20,midnight,1,1,396,0,0,0.0,0.0,0.019012207980267704,午夜规划·第1层
0.1,2025-04-20,midnight,2,1,396,0,0,0.0,0.0,0.08907075005117804,午夜规划·第2层
0.1,2025-04-20,execution,1,144,26424,0,0,0.0,-7.579122514774402e-14,0.7385125027503818,日内滚动·第1层
0.1,2025-04-20,execution,2,144,26424,0,0,0.0,-6.759450376334872e-13,1.940734752919525,日内滚动·第2层
0.1,2025-04-21,midnight,1,1,396,0,0,0.0,0.0,0.017635124968364835,午夜规划·第1层
0.1,2025-04-21,midnight,2,1,396,0,0,0.0,-2.3229834741007194e-13,0.09194279194343835,午夜规划·第2层
0.1,2025-04-21,execution,1,144,25992,0,0,0.0,0.0,0.7365123308263719,日内滚动·第1层
0.1,2025-04-21,execution,2,144,25992,0,0,0.0,-8.758349254041475e-12,1.9387165823718533,日内滚动·第2层
0.1,2025-04-22,midnight,1,1,468,0,0,0.0,0.0,0.022284875041805208,午夜规划·第1层
0.1,2025-04-22,midnight,2,1,468,0,0,0.0,0.0,0.10617020900826901,午夜规划·第2层
0.1,2025-04-22,execution,1,144,26964,0,0,0.0,0.0,0.748456587898545,日内滚动·第1层
0.1,2025-04-22,execution,2,144,26964,0,0,0.0,-6.259490629875511e-12,2.018558581592515,日内滚动·第2层
0.1,2025-04-23,midnight,1,1,396,0,0,0.0,0.0,0.01613195799291134,午夜规划·第1层
0.1,2025-04-23,midnight,2,1,396,0,0,0.0,0.0,0.09333304106257856,午夜规划·第2层
0.1,2025-04-23,execution,1,144,23076,0,0,0.0,-3.5810073601747214e-12,0.7087970887077972,日内滚动·第1层
0.1,2025-04-23,execution,2,144,23076,0,0,0.0,-3.15469452152428e-12,1.7242800444364548,日内滚动·第2层
0.1,2025-04-24,midnight,1,1,396,0,0,0.0,0.0,0.017143958946689963,午夜规划·第1层
0.1,2025-04-24,midnight,2,1,396,0,0,0.0,0.0,0.09806133294478059,午夜规划·第2层
0.1,2025-04-24,execution,1,144,26532,0,0,0.0,-9.947598300641403e-13,0.7336070368764922,日内滚动·第1层
0.1,2025-04-24,execution,2,144,26532,0,0,0.0,-6.777305519979603e-12,1.9217775845900178,日内滚动·第2层
0.1,2025-04-25,midnight,1,1,360,0,0,0.0,0.0,0.010639042011462152,午夜规划·第1层
0.1,2025-04-25,midnight,2,1,360,0,0,0.0,0.0,0.045898082898929715,午夜规划·第2层
0.1,2025-04-25,execution,1,144,22752,0,0,0.0,0.0,0.6168615424539894,日内滚动·第1层
0.1,2025-04-25,execution,2,144,22752,0,0,0.0,-5.4559601888463554e-12,1.334872463485226,日内滚动·第2层
0.1,2025-04-26,midnight,1,1,396,0,0,0.0,0.0,0.012215874972753227,午夜规划·第1层
0.1,2025-04-26,midnight,2,1,396,0,0,0.0,0.0,0.06410837499424815,午夜规划·第2层
0.1,2025-04-26,execution,1,144,26136,0,0,0.0,0.0,0.7052517079282552,日内滚动·第1层
0.1,2025-04-26,execution,2,144,26136,0,0,0.0,-1.8947806286936004e-14,1.77904112637043,日内滚动·第2层
0.1,2025-04-27,midnight,1,1,396,0,0,0.0,0.0,0.016700207954272628,午夜规划·第1层
0.1,2025-04-27,midnight,2,1,396,0,0,0.0,0.0,0.0821047080680728,午夜规划·第2层
0.1,2025-04-27,execution,1,144,25848,0,0,0.0,0.0,0.7136294625233859,日内滚动·第1层
0.1,2025-04-27,execution,2,144,25848,0,0,0.0,-4.113471128089862e-12,1.8908859946532175,日内滚动·第2层
0.1,2025-04-28,midnight,1,1,360,0,0,0.0,0.0,0.01259487506467849,午夜规划·第1层
0.1,2025-04-28,midnight,2,1,360,0,0,0.0,0.0,0.06312479195185006,午夜规划·第2层
0.1,2025-04-28,execution,1,144,24876,0,0,0.0,0.0,0.7008296295534819,日内滚动·第1层
0.1,2025-04-28,execution,2,144,24876,0,0,0.0,-1.6668160642086331e-12,1.885907834279351,日内滚动·第2层
0.1,2025-04-29,midnight,1,1,360,0,0,0.0,0.0,0.01437975000590086,午夜规划·第1层
0.1,2025-04-29,midnight,2,1,360,0,0,0.0,0.0,0.07832854194566607,午夜规划·第2层
0.1,2025-04-29,execution,1,144,25740,0,0,0.0,0.0,0.7232671974925324,日内滚动·第1层
0.1,2025-04-29,execution,2,144,25740,0,0,0.0,-2.8421709430404007e-13,1.887146168621257,日内滚动·第2层
0.1,2025-04-30,midnight,1,1,396,0,0,0.0,0.0,0.015459417016245425,午夜规划·第1层
0.1,2025-04-30,midnight,2,1,396,0,0,0.0,0.0,0.08222962496802211,午夜规划·第2层
0.1,2025-04-30,execution,1,144,26604,0,0,0.0,0.0,0.7305292417295277,日内滚动·第1层
0.1,2025-04-30,execution,2,144,26604,0,0,0.0,0.0,2.114613083191216,日内滚动·第2层
0.1,2025-05-01,midnight,1,1,396,0,0,0.0,0.0,0.015451041981577873,午夜规划·第1层
0.1,2025-05-01,midnight,2,1,396,0,0,0.0,0.0,0.08288941706996411,午夜规划·第2层
0.1,2025-05-01,execution,1,144,25884,0,0,0.0,0.0,0.7223405415425077,日内滚动·第1层
0.1,2025-05-01,execution,2,144,25884,0,0,0.0,0.0,2.123678296804428,日内滚动·第2层
0.1,2025-05-02,midnight,1,1,396,0,0,0.0,0.0,0.011595833930186927,午夜规划·第1层
0.1,2025-05-02,midnight,2,1,396,0,0,0.0,0.0,0.053348125074990094,午夜规划·第2层
0.1,2025-05-02,execution,1,144,26928,0,0,0.0,0.0,0.7109145427821204,日内滚动·第1层
0.1,2025-05-02,execution,2,144,26928,0,0,0.0,-2.8105087279837443e-13,1.7900683253537863,日内滚动·第2层
0.1,2025-05-03,midnight,1,1,396,0,0,0.0,0.0,0.011323124985210598,午夜规划·第1层
0.1,2025-05-03,midnight,2,1,396,0,0,0.0,0.0,0.06138966709841043,午夜规划·第2层
0.1,2025-05-03,execution,1,144,27828,0,0,0.0,-1.5099392581654675e-12,0.7662572533590719,日内滚动·第1层
0.1,2025-05-03,execution,2,144,27828,0,0,0.0,-1.5099392581654675e-12,2.03152917616535,日内滚动·第2层
0.1,2025-05-04,midnight,1,1,468,0,0,0.0,0.0,0.01806129200849682,午夜规划·第1层
0.1,2025-05-04,midnight,2,1,468,0,0,0.0,0.0,0.11039354198146611,午夜规划·第2层
0.1,2025-05-04,execution,1,144,26604,0,0,0.0,0.0,0.7556608250597492,日内滚动·第1层
0.1,2025-05-04,execution,2,144,26604,0,0,0.0,-4.792240965734473e-12,2.177794124931097,日内滚动·第2层
0.1,2025-05-05,midnight,1,1,432,0,0,0.0,0.0,0.015773333027027547,午夜规划·第1层
0.1,2025-05-05,midnight,2,1,432,0,0,0.0,0.0,0.09516000002622604,午夜规划·第2层
0.1,2025-05-05,execution,1,144,27684,0,0,0.0,0.0,0.7936719978461042,日内滚动·第1层
0.1,2025-05-05,execution,2,144,27684,0,0,0.0,-9.167003865307089e-13,2.565817710477859,日内滚动·第2层
0.1,2025-05-06,midnight,1,1,360,0,0,0.0,0.0,0.013878416968509555,午夜规划·第1层
0.1,2025-05-06,midnight,2,1,360,0,0,0.0,0.0,0.06763754098210484,午夜规划·第2层
0.1,2025-05-06,execution,1,144,26100,0,0,0.0,-7.579122514774402e-14,0.728972370387055,日内滚动·第1层
0.1,2025-05-06,execution,2,144,26100,0,0,0.0,0.0,2.32587554177735,日内滚动·第2层
0.1,2025-05-07,midnight,1,1,468,0,0,0.0,0.0,0.019828125019557774,午夜规划·第1层
0.1,2025-05-07,midnight,2,1,468,0,0,0.0,0.0,0.1077885830309242,午夜规划·第2层
0.1,2025-05-07,execution,1,144,26100,0,0,0.0,-3.789561257387201e-14,0.7280515776947141,日内滚动·第1层
0.1,2025-05-07,execution,2,144,26100,0,0,0.0,-2.677073778523207e-13,2.1830734165851027,日内滚动·第2层
0.1,2025-05-08,midnight,1,1,432,0,0,0.0,0.0,0.018804874969646335,午夜规划·第1层
0.1,2025-05-08,midnight,2,1,432,0,0,0.0,0.0,0.0909696250455454,午夜规划·第2层
0.1,2025-05-08,execution,1,144,26928,0,0,0.0,0.0,0.7545450370525941,日内滚动·第1层
0.1,2025-05-08,execution,2,144,26928,0,0,0.0,-5.685152194956691e-13,2.236080711474642,日内滚动·第2层
0.1,2025-05-09,midnight,1,1,396,0,0,0.0,0.0,0.01137929200194776,午夜规划·第1层
0.1,2025-05-09,midnight,2,1,396,0,0,0.0,0.0,0.056626667035743594,午夜规划·第2层
0.1,2025-05-09,execution,1,144,25812,0,0,0.0,0.0,0.70385378645733,日内滚动·第1层
0.1,2025-05-09,execution,2,144,25812,0,0,0.0,-1.3238343086819884e-12,1.675246742554009,日内滚动·第2层
0.1,2025-05-10,midnight,1,1,360,0,0,0.0,0.0,0.010778249939903617,午夜规划·第1层
0.1,2025-05-10,midnight,2,1,360,0,0,0.0,0.0,0.049587541026994586,午夜规划·第2层
0.1,2025-05-10,execution,1,144,25308,0,0,0.0,0.0,0.6823209598660469,日内滚动·第1层
0.1,2025-05-10,execution,2,144,25308,0,0,0.0,-7.0018869995599105e-12,1.651047958061099,日内滚动·第2层
0.1,2025-05-11,midnight,1,1,432,0,0,0.0,0.0,0.01860962505452335,午夜规划·第1层
0.1,2025-05-11,midnight,2,1,432,0,0,0.0,0.0,0.10278345900587738,午夜规划·第2层
0.1,2025-05-11,execution,1,144,26748,0,0,0.0,0.0,0.7409001634223387,日内滚动·第1层
0.1,2025-05-11,execution,2,144,26748,0,0,0.0,-1.848495627306345e-14,2.1194274170557037,日内滚动·第2层
0.1,2025-05-12,midnight,1,1,432,0,0,0.0,0.0,0.016815791954286397,午夜规划·第1层
0.1,2025-05-12,midnight,2,1,432,0,0,0.0,0.0,0.09278620791155845,午夜规划·第2层
0.1,2025-05-12,execution,1,144,27324,0,0,0.0,0.0,0.7558735468192026,日内滚动·第1层
0.1,2025-05-12,execution,2,144,27324,0,0,0.0,-5.210646728907401e-14,2.1820218779612333,日内滚动·第2层
0.1,2025-05-13,midnight,1,1,432,0,0,0.0,0.0,0.020192041993141174,午夜规划·第1层
0.1,2025-05-13,midnight,2,1,432,0,0,0.0,-2.4867233466337956e-14,0.11052099999506027,午夜规划·第2层
0.1,2025-05-13,execution,1,144,26460,0,0,0.0,0.0,0.7791941204341128,日内滚动·第1层
0.1,2025-05-13,execution,2,144,26460,0,0,0.0,-4.61899784656264e-13,2.381819790112786,日内滚动·第2层
0.1,2025-05-14,midnight,1,1,432,0,0,0.0,0.0,0.021083916071802378,午夜规划·第1层
0.1,2025-05-14,midnight,2,1,432,0,0,0.0,0.0,0.10170849994756281,午夜规划·第2层
0.1,2025-05-14,execution,1,144,27036,0,0,0.0,0.0,0.7714425415033475,日内滚动·第1层
0.1,2025-05-14,execution,2,144,27036,0,0,0.0,-2.6918746248134637e-12,2.349480753415264,日内滚动·第2层
0.1,2025-05-15,midnight,1,1,432,0,0,0.0,0.0,0.01619554206263274,午夜规划·第1层
0.1,2025-05-15,midnight,2,1,432,0,0,0.0,0.0,0.09318262501619756,午夜规划·第2层
0.1,2025-05-15,execution,1,144,27504,0,0,0.0,0.0,0.7802596270339563,日内滚动·第1层
0.1,2025-05-15,execution,2,144,27504,0,0,0.0,-2.359714767104419e-13,2.202221370418556,日内滚动·第2层
0.1,2025-05-16,midnight,1,1,360,0,0,0.0,0.0,0.01057924993801862,午夜规划·第1层
0.1,2025-05-16,midnight,2,1,360,0,0,0.0,0.0,0.049533708952367306,午夜规划·第2层
0.1,2025-05-16,execution,1,144,26712,0,0,0.0,0.0,0.7141518332064152,日内滚动·第1层
0.1,2025-05-16,execution,2,144,26712,0,0,0.0,-8.408089039827851e-14,1.800808624480851,日内滚动·第2层
0.1,2025-05-17,midnight,1,1,396,0,0,0.0,0.0,0.010285124997608364,午夜规划·第1层
0.1,2025-05-17,midnight,2,1,396,0,0,0.0,0.0,0.05681133293546736,午夜规划·第2层
0.1,2025-05-17,execution,1,144,26676,0,0,0.0,0.0,0.6965080022346228,日内滚动·第1层
0.1,2025-05-17,execution,2,144,26676,0,0,0.0,-2.998571414655149e-13,1.6833906299434602,日内滚动·第2层
0.1,2025-05-18,midnight,1,1,360,0,0,0.0,0.0,0.013319916906766593,午夜规划·第1层
0.1,2025-05-18,midnight,2,1,360,0,0,0.0,0.0,0.07208387507125735,午夜规划·第2层
0.1,2025-05-18,execution,1,144,22608,0,0,0.0,0.0,0.6914713341975585,日内滚动·第1层
0.1,2025-05-18,execution,2,144,22608,0,0,0.0,-5.2678573010111126e-12,1.934449877939187,日内滚动·第2层
0.1,2025-05-19,midnight,1,1,468,0,0,0.0,0.0,0.02101841603871435,午夜规划·第1层
0.1,2025-05-19,midnight,2,1,468,0,0,0.0,0.0,0.12488787493202835,午夜规划·第2层
0.1,2025-05-19,execution,1,144,27324,0,0,0.0,0.0,0.7544601653935388,日内滚动·第1层
0.1,2025-05-19,execution,2,144,27324,0,0,0.0,-1.5709363033745137e-12,2.1058390424586833,日内滚动·第2层
0.1,2025-05-20,midnight,1,1,432,0,0,0.0,0.0,0.019040542072616518,午夜规划·第1层
0.1,2025-05-20,midnight,2,1,432,0,0,0.0,-7.9828935443674e-15,0.08987637492828071,午夜规划·第2层
0.1,2025-05-20,execution,1,144,26964,0,0,0.0,0.0,0.7552507559303194,日内滚动·第1层
0.1,2025-05-20,execution,2,144,26964,0,0,0.0,-1.0111200389500898e-13,2.1884644569363445,日内滚动·第2层
0.1,2025-05-21,midnight,1,1,468,0,0,0.0,0.0,0.023219874943606555,午夜规划·第1层
0.1,2025-05-21,midnight,2,1,468,0,0,0.0,0.0,0.11428979190532118,午夜规划·第2层
0.1,2025-05-21,execution,1,144,25524,0,0,0.0,-1.6177920623201436e-12,0.7310089626116678,日内滚动·第1层
0.1,2025-05-21,execution,2,144,25524,0,0,0.0,-2.477794442087825e-12,2.1479746678378433,日内滚动·第2层
0.1,2025-05-22,midnight,1,1,468,0,0,0.0,0.0,0.01941870804876089,午夜规划·第1层
0.1,2025-05-22,midnight,2,1,468,0,0,0.0,0.0,0.12108100007753819,午夜规划·第2层
0.1,2025-05-22,execution,1,144,26892,0,0,0.0,0.0,0.760300591122359,日内滚动·第1层
0.1,2025-05-22,execution,2,144,26892,0,0,0.0,0.0,2.2176822040928528,日内滚动·第2层
0.1,2025-05-23,midnight,1,1,396,0,0,0.0,0.0,0.01208324998151511,午夜规划·第1层
0.1,2025-05-23,midnight,2,1,396,0,0,0.0,0.0,0.060591540997847915,午夜规划·第2层
0.1,2025-05-23,execution,1,144,27144,0,0,0.0,0.0,0.7327324182260782,日内滚动·第1层
0.1,2025-05-23,execution,2,144,27144,0,0,0.0,-2.6527257873000523e-13,1.9499634166713804,日内滚动·第2层
0.1,2025-05-24,midnight,1,1,360,0,0,0.0,0.0,0.010237541049718857,午夜规划·第1层
0.1,2025-05-24,midnight,2,1,360,0,0,0.0,0.0,0.05406970891635865,午夜规划·第2层
0.1,2025-05-24,execution,1,144,24444,0,0,0.0,0.0,0.6906937508611009,日内滚动·第1层
0.1,2025-05-24,execution,2,144,24444,0,0,0.0,-9.473903143468003e-14,1.9448110065422952,日内滚动·第2层
0.1,2025-05-25,midnight,1,1,432,0,0,0.0,0.0,0.015317582990974188,午夜规划·第1层
0.1,2025-05-25,midnight,2,1,432,0,0,0.0,0.0,0.08921875001396984,午夜规划·第2层
0.1,2025-05-25,execution,1,144,27216,0,0,0.0,0.0,0.7355949999764562,日内滚动·第1层
0.1,2025-05-25,execution,2,144,27216,0,0,0.0,-2.2518591285562964e-13,1.9529114144388586,日内滚动·第2层
0.1,2025-05-26,midnight,1,1,396,0,0,0.0,0.0,0.016314374981448054,午夜规划·第1层
0.1,2025-05-26,midnight,2,1,396,0,0,0.0,0.0,0.0858849580399692,午夜规划·第2层
0.1,2025-05-26,execution,1,144,26100,0,0,0.0,0.0,0.7605444963555783,日内滚动·第1层
0.1,2025-05-26,execution,2,144,26100,0,0,0.0,-7.557305307550509e-12,2.2785531242843717,日内滚动·第2层
0.1,2025-05-27,midnight,1,1,468,0,0,0.0,0.0,0.02238862495869398,午夜规划·第1层
0.1,2025-05-27,midnight,2,1,468,0,0,0.0,0.0,0.12059675005730242,午夜规划·第2层
0.1,2025-05-27,execution,1,144,27648,0,0,0.0,-2.524203068787756e-12,0.7860723425401375,日内滚动·第1层
0.1,2025-05-27,execution,2,144,27648,0,0,0.0,-2.2675100129092633e-12,2.3213941637659445,日内滚动·第2层
0.1,2025-05-28,midnight,1,1,432,0,0,0.0,0.0,0.019380457932129502,午夜规划·第1层
0.1,2025-05-28,midnight,2,1,432,0,0,0.0,0.0,0.09580462495796382,午夜规划·第2层
0.1,2025-05-28,execution,1,144,27288,0,0,0.0,0.0,0.7666701703565195,日内滚动·第1层
0.1,2025-05-28,execution,2,144,27288,0,0,0.0,-5.04488746393668e-13,2.0683838739059865,日内滚动·第2层
0.1,2025-05-29,midnight,1,1,432,0,0,0.0,0.0,0.019900500075891614,午夜规划·第1层
0.1,2025-05-29,midnight,2,1,432,0,0,0.0,-8.106040977042222e-13,0.09359245805535465,午夜规划·第2层
0.1,2025-05-29,execution,1,144,26064,0,0,0.0,0.0,0.7638021636521444,日内滚动·第1层
0.1,2025-05-29,execution,2,144,26064,0,0,0.0,-1.886552513729557e-13,2.3703123738523573,日内滚动·第2层
0.1,2025-05-30,midnight,1,1,468,0,0,0.0,0.0,0.013254082994535565,午夜规划·第1层
0.1,2025-05-30,midnight,2,1,468,0,0,0.0,0.0,0.08294324995949864,午夜规划·第2层
0.1,2025-05-30,execution,1,144,28044,0,0,0.0,0.0,0.7608129895525053,日内滚动·第1层
0.1,2025-05-30,execution,2,144,28044,0,0,0.0,-8.592692275967169e-14,1.9409185433760285,日内滚动·第2层
0.1,2025-05-31,midnight,1,1,432,0,0,0.0,0.0,0.014755833079107106,午夜规划·第1层
0.1,2025-05-31,midnight,2,1,432,0,0,0.0,0.0,0.07865758403204381,午夜规划·第2层
0.1,2025-05-31,execution,1,144,25740,0,0,0.0,-1.72564486647482e-12,0.6842941648792475,日内滚动·第1层
0.1,2025-05-31,execution,2,144,25740,0,0,0.0,-3.45128973294964e-12,1.7206371747888625,日内滚动·第2层
0.1,2025-06-01,midnight,1,1,468,0,0,0.0,0.0,0.0250117500545457,午夜规划·第1层
0.1,2025-06-01,midnight,2,1,468,0,0,0.0,0.0,0.12010874995030463,午夜规划·第2层
0.1,2025-06-01,execution,1,144,26028,0,0,0.0,-1.0785280415467625e-13,0.7465597474947572,日内滚动·第1层
0.1,2025-06-01,execution,2,144,26028,0,0,0.0,-3.8623586489177655e-13,2.5107735506026074,日内滚动·第2层
0.1,2025-06-02,midnight,1,1,432,0,0,0.0,0.0,0.017050917027518153,午夜规划·第1层
0.1,2025-06-02,midnight,2,1,432,0,0,0.0,-1.4035643627390366e-14,0.10629029106348753,午夜规划·第2层
0.1,2025-06-02,execution,1,144,27504,0,0,0.0,0.0,0.7916397956432775,日内滚动·第1层
0.1,2025-06-02,execution,2,144,27504,0,0,0.0,-2.0368891758456204e-13,2.74555892101489,日内滚动·第2层
0.1,2025-06-03,midnight,1,1,252,0,0,0.0,0.0,0.008250874932855368,午夜规划·第1层
0.1,2025-06-03,midnight,2,1,252,0,0,0.0,0.0,0.03898991702590138,午夜规划·第2层
0.1,2025-06-03,execution,1,144,27072,0,0,0.0,-1.8947806286936004e-14,0.7999586666701362,日内滚动·第1层
0.1,2025-06-03,execution,2,144,27072,0,0,0.0,-1.895440543472185e-12,2.987079997546971,日内滚动·第2层
0.1,2025-06-04,midnight,1,1,180,0,0,0.0,0.0,0.0053971660090610385,午夜规划·第1层
0.1,2025-06-04,midnight,2,1,180,0,0,0.0,0.0,0.019604874891228974,午夜规划·第2层
0.1,2025-06-04,execution,1,144,25128,0,0,0.0,0.0,0.769211454433389,日内滚动·第1层
0.1,2025-06-04,execution,2,144,25128,0,0,0.0,-4.788010851109112e-13,2.8004823768278584,日内滚动·第2层
0.1,2025-06-05,midnight,1,1,360,0,0,0.0,0.0,0.012734416057355702,午夜规划·第1层
0.1,2025-06-05,midnight,2,1,360,0,0,0.0,0.0,0.07303458300884813,午夜规划·第2层
0.1,2025-06-05,execution,1,144,25380,0,0,0.0,0.0,0.790119661600329,日内滚动·第1层
0.1,2025-06-05,execution,2,144,25380,0,0,0.0,-1.3980257656166916e-12,2.7968135385308415,日内滚动·第2层
0.1,2025-06-06,midnight,1,1,396,0,0,0.0,0.0,0.011565040913410485,午夜规划·第1层
0.1,2025-06-06,midnight,2,1,396,0,0,0.0,0.0,0.06052658299449831,午夜规划·第2层
0.1,2025-06-06,execution,1,144,26856,0,0,0.0,0.0,0.7500829623313621,日内滚动·第1层
0.1,2025-06-06,execution,2,144,26856,0,0,0.0,-4.0382758952499946e-13,2.0748714972287416,日内滚动·第2层
0.1,2025-06-07,midnight,1,1,396,0,0,0.0,0.0,0.016396499937400222,午夜规划·第1层
0.1,2025-06-07,midnight,2,1,396,0,0,0.0,0.0,0.0690645839786157,午夜规划·第2层
0.1,2025-06-07,execution,1,144,27432,0,0,0.0,0.0,0.8028948800638318,日内滚动·第1层
0.1,2025-06-07,execution,2,144,27432,0,0,0.0,-6.765152064333955e-12,2.3816350046545267,日内滚动·第2层
0.1,2025-06-08,midnight,1,1,360,0,0,0.0,0.0,0.016820124932564795,午夜规划·第1层
0.1,2025-06-08,midnight,2,1,360,0,0,0.0,0.0,0.09743395808618516,午夜规划·第2层
0.1,2025-06-08,execution,1,144,24372,0,0,0.0,-4.1685173831259214e-13,0.739002961316146,日内滚动·第1层
0.1,2025-06-08,execution,2,144,24372,0,0,0.0,-8.101637349029324e-13,2.468374468269758,日内滚动·第2层
0.1,2025-06-09,midnight,1,1,360,0,0,0.0,0.0,0.011822624946944416,午夜规划·第1层
0.1,2025-06-09,midnight,2,1,360,0,0,0.0,0.0,0.07459129102062434,午夜规划·第2层
0.1,2025-06-09,execution,1,144,26352,0,0,0.0,-1.9421501444109412e-13,0.7833628744119778,日内滚动·第1层
0.1,2025-06-09,execution,2,144,26352,0,0,0.0,-3.3004248116139377e-13,2.64328349835705,日内滚动·第2层
0.1,2025-06-10,midnight,1,1,360,0,0,0.0,0.0,0.01370050001423806,午夜规划·第1层
0.1,2025-06-10,midnight,2,1,360,0,0,0.0,0.0,0.07622687506955117,午夜规划·第2层
0.1,2025-06-10,execution,1,144,24444,0,0,0.0,-3.2355841246402873e-13,0.7308141734683886,日内滚动·第1层
0.1,2025-06-10,execution,2,144,24444,0,0,0.0,-1.5223745576484796e-12,2.4032177469925955,日内滚动·第2层
0.1,2025-06-11,midnight,1,1,216,0,0,0.0,0.0,0.007435207953676581,午夜规划·第1层
0.1,2025-06-11,midnight,2,1,216,0,0,0.0,0.0,0.031002249917946756,午夜规划·第2层
0.1,2025-06-11,execution,1,144,22176,0,0,0.0,-7.833733661755104e-13,0.6768559064948931,日内滚动·第1层
0.1,2025-06-11,execution,2,144,22176,0,0,0.0,-3.3538214121466763e-12,1.9793869575951248,日内滚动·第2层
0.1,2025-06-12,midnight,1,1,252,0,0,0.0,0.0,0.009320999961346388,午夜规划·第1层
0.1,2025-06-12,midnight,2,1,252,0,0,0.0,0.0,0.04149654204957187,午夜规划·第2层
0.1,2025-06-12,execution,1,144,25812,0,0,0.0,0.0,0.7797189148841426,日内滚动·第1层
0.1,2025-06-12,execution,2,144,25812,0,0,0.0,-2.6053233644537006e-14,2.432177417445928,日内滚动·第2层
0.1,2025-06-13,midnight,1,1,288,0,0,0.0,0.0,0.008832332910969853,午夜规划·第1层
0.1,2025-06-13,midnight,2,1,288,0,0,0.0,0.0,0.04135087493341416,午夜规划·第2层
0.1,2025-06-13,execution,1,144,24048,0,0,0.0,0.0,0.6697449981002137,日内滚动·第1层
0.1,2025-06-13,execution,2,144,24048,0,0,0.0,-1.5199550696121562e-11,1.9173151698196307,日内滚动·第2层
0.1,2025-06-14,midnight,1,1,360,0,0,0.0,0.0,0.011205458082258701,午夜规划·第1层
0.1,2025-06-14,midnight,2,1,360,0,0,0.0,0.0,0.05686041701119393,午夜规划·第2层
0.1,2025-06-14,execution,1,144,26928,0,0,0.0,0.0,0.691102544311434,日内滚动·第1层
0.1,2025-06-14,execution,2,144,26928,0,0,0.0,-9.72882204188116e-14,2.18914749706164,日内滚动·第2层
0.1,2025-06-15,midnight,1,1,252,0,0,0.0,0.0,0.008471832959912717,午夜规划·第1层
0.1,2025-06-15,midnight,2,1,252,0,0,0.0,0.0,0.037324666045606136,午夜规划·第2层
0.1,2025-06-15,execution,1,144,23832,0,0,0.0,-1.7256448664748202e-12,0.6808438826119527,日内滚动·第1层
0.1,2025-06-15,execution,2,144,23832,0,0,0.0,-2.143755668153795e-12,1.955802457407117,日内滚动·第2层
0.1,2025-06-16,midnight,1,1,252,0,0,0.0,0.0,0.008238958078436553,午夜规划·第1层
0.1,2025-06-16,midnight,2,1,252,0,0,0.0,0.0,0.03928812500089407,午夜规划·第2层
0.1,2025-06-16,execution,1,144,22788,0,0,0.0,-5.684341886080802e-14,0.6733983779558912,日内滚动·第1层
0.1,2025-06-16,execution,2,144,22788,0,0,0.0,-4.342249512656444e-13,2.028852744027972,日内滚动·第2层
0.1,2025-06-17,midnight,1,1,288,0,0,0.0,0.0,0.011637042043730617,午夜规划·第1层
0.1,2025-06-17,midnight,2,1,288,0,0,0.0,0.0,0.049265541951172054,午夜规划·第2层
0.1,2025-06-17,execution,1,144,25164,0,0,0.0,-9.473903143468002e-14,0.6851984973764047,日内滚动·第1层
0.1,2025-06-17,execution,2,144,25164,0,0,0.0,-2.246244035610329e-12,2.0966837484156713,日内滚动·第2层
0.1,2025-06-18,midnight,1,1,360,0,0,0.0,0.0,0.017146250000223517,午夜规划·第1层
0.1,2025-06-18,midnight,2,1,360,0,0,0.0,0.0,0.07198083295952529,午夜规划·第2层
0.1,2025-06-18,execution,1,144,24048,0,0,0.0,-1.1368683772161602e-13,0.677195543423295,日内滚动·第1层
0.1,2025-06-18,execution,2,144,24048,0,0,0.0,-5.848332614347455e-13,1.9600176637759432,日内滚动·第2层
0.1,2025-06-19,midnight,1,1,360,0,0,0.0,0.0,0.012966707930900156,午夜规划·第1层
0.1,2025-06-19,midnight,2,1,360,0,0,0.0,0.0,0.07177550008054823,午夜规划·第2层
0.1,2025-06-19,execution,1,144,25920,0,0,0.0,-1.8947806286936004e-14,0.8332055537030101,日内滚动·第1层
0.1,2025-06-19,execution,2,144,25920,0,0,0.0,-1.3495399842277943e-13,2.4451098365243524,日内滚动·第2层
0.1,2025-06-20,midnight,1,1,396,0,0,0.0,0.0,0.013715374981984496,午夜规划·第1层
0.1,2025-06-20,midnight,2,1,396,0,0,0.0,0.0,0.07044283288996667,午夜规划·第2层
0.1,2025-06-20,execution,1,144,26820,0,0,0.0,0.0,0.7833366252016276,日内滚动·第1层
0.1,2025-06-20,execution,2,144,26820,0,0,0.0,-1.6117477722824946e-12,2.381299346103333,日内滚动·第2层
0.1,2025-06-21,midnight,1,1,360,0,0,0.0,0.0,0.012966125039383769,午夜规划·第1层
0.1,2025-06-21,midnight,2,1,360,0,0,0.0,0.0,0.05647454201243818,午夜规划·第2层
0.1,2025-06-21,execution,1,144,24876,0,0,0.0,0.0,0.7354694595560431,日内滚动·第1层
0.1,2025-06-21,execution,2,144,24876,0,0,0.0,-4.651011913289921e-12,2.20531487534754,日内滚动·第2层
0.1,2025-06-22,midnight,1,1,396,0,0,0.0,0.0,0.016916083986870944,午夜规划·第1层
0.1,2025-06-22,midnight,2,1,396,0,0,0.0,0.0,0.08801804098766297,午夜规划·第2层
0.1,2025-06-22,execution,1,144,27000,0,0,0.0,-9.473903143468002e-14,0.815814456786029,日内滚动·第1层
0.1,2025-06-22,execution,2,144,27000,0,0,0.0,-1.7144629980701332e-12,2.9009197131963447,日内滚动·第2层
0.1,2025-06-23,midnight,1,1,360,0,0,0.0,0.0,0.0162558329757303,午夜规划·第1层
0.1,2025-06-23,midnight,2,1,360,0,0,0.0,0.0,0.07951574993785471,午夜规划·第2层
0.1,2025-06-23,execution,1,144,23688,0,0,0.0,0.0,0.7332931740675122,日内滚动·第1层
0.1,2025-06-23,execution,2,144,23688,0,0,0.0,-1.9045985983125703e-12,2.3456372529035434,日内滚动·第2层
0.1,2025-06-24,midnight,1,1,468,0,0,0.0,0.0,0.025438749929890037,午夜规划·第1层
0.1,2025-06-24,midnight,2,1,468,0,0,0.0,0.0,0.12004108389373869,午夜规划·第2层
0.1,2025-06-24,execution,1,144,27180,0,0,0.0,0.0,0.8133389130234718,日内滚动·第1层
0.1,2025-06-24,execution,2,144,27180,0,0,0.0,-8.674542565737889e-14,2.333796039572917,日内滚动·第2层
0.1,2025-06-25,midnight,1,1,396,0,0,0.0,0.0,0.01646916603203863,午夜规划·第1层
0.1,2025-06-25,midnight,2,1,396,0,0,0.0,0.0,0.09917349996976554,午夜规划·第2层
0.1,2025-06-25,execution,1,144,26784,0,0,0.0,-7.579122514774402e-14,0.8250533286482096,日内滚动·第1层
0.1,2025-06-25,execution,2,144,26784,0,0,0.0,-2.085645704933176e-12,2.765944881248288,日内滚动·第2层
0.1,2025-06-26,midnight,1,1,396,0,0,0.0,0.0,0.016607499914243817,午夜规划·第1层
0.1,2025-06-26,midnight,2,1,396,0,0,0.0,0.0,0.08927291701547801,午夜规划·第2层
0.1,2025-06-26,execution,1,144,26460,0,0,0.0,-3.671137468093851e-14,0.7874906633514911,日内滚动·第1层
0.1,2025-06-26,execution,2,144,26460,0,0,0.0,-1.1986540822733273e-12,2.1461566687794402,日内滚动·第2层
0.1,2025-06-27,midnight,1,1,360,0,0,0.0,0.0,0.011433874955400825,午夜规划·第1层
0.1,2025-06-27,midnight,2,1,360,0,0,0.0,0.0,0.0567279999377206,午夜规划·第2层
0.1,2025-06-27,execution,1,144,26316,0,0,0.0,-3.834766369944045e-12,0.8113257046788931,日内滚动·第1层
0.1,2025-06-27,execution,2,144,26316,0,0,0.0,-3.8982586524698616e-12,2.4350353779736906,日内滚动·第2层
0.1,2025-06-28,midnight,1,1,396,0,0,0.0,0.0,0.012114666984416544,午夜规划·第1层
0.1,2025-06-28,midnight,2,1,396,0,0,0.0,0.0,0.06152533309068531,午夜规划·第2层
0.1,2025-06-28,execution,1,144,26136,0,0,0.0,0.0,0.753661377588287,日内滚动·第1层
0.1,2025-06-28,execution,2,144,26136,0,0,0.0,-2.3727616914028775e-12,1.7095501209842041,日内滚动·第2层
0.1,2025-06-29,midnight,1,1,216,0,0,0.0,0.0,0.007367042009718716,午夜规划·第1层
0.1,2025-06-29,midnight,2,1,216,0,0,0.0,0.0,0.03327212494332343,午夜规划·第2层
0.1,2025-06-29,execution,1,144,23184,0,0,0.0,0.0,0.7313046290073544,日内滚动·第1层
0.1,2025-06-29,execution,2,144,23184,0,0,0.0,-9.85523691512144e-13,2.2559579152148217,日内滚动·第2层
0.1,2025-06-30,midnight,1,1,288,0,0,0.0,0.0,0.01105058309622109,午夜规划·第1层
0.1,2025-06-30,midnight,2,1,288,0,0,0.0,0.0,0.056371958926320076,午夜规划·第2层
0.1,2025-06-30,execution,1,144,24624,0,0,0.0,0.0,0.7558067594654858,日内滚动·第1层
0.1,2025-06-30,execution,2,144,24624,0,0,0.0,-9.506952747261352e-14,2.316111499676481,日内滚动·第2层
0.1,2025-07-01,midnight,1,1,396,0,0,0.0,0.0,0.013979541952721775,午夜规划·第1层
0.1,2025-07-01,midnight,2,1,396,0,0,0.0,0.0,0.08243808301631361,午夜规划·第2层
0.1,2025-07-01,execution,1,144,26748,0,0,0.0,0.0,0.7846900001168251,日内滚动·第1层
0.1,2025-07-01,execution,2,144,26748,0,0,0.0,-1.7624863671578096e-12,2.061921541695483,日内滚动·第2层
0.1,2025-07-02,midnight,1,1,396,0,0,0.0,0.0,0.019974375027231872,午夜规划·第1层
0.1,2025-07-02,midnight,2,1,396,0,0,0.0,0.0,0.09839770896360278,午夜规划·第2层
0.1,2025-07-02,execution,1,144,25056,0,0,0.0,-2.3721305358584865e-12,0.7986224162159488,日内滚动·第1层
0.1,2025-07-02,execution,2,144,25056,0,0,0.0,-3.7658764995285305e-13,2.8245457510929555,日内滚动·第2层
0.1,2025-07-03,midnight,1,1,360,0,0,0.0,0.0,0.015108499908819795,午夜规划·第1层
0.1,2025-07-03,midnight,2,1,360,0,0,0.0,0.0,0.07553987496066839,午夜规划·第2层
0.1,2025-07-03,execution,1,144,25740,0,0,0.0,-3.789561257387201e-14,0.8021124158985913,日内滚动·第1层
0.1,2025-07-03,execution,2,144,25740,0,0,0.0,-4.6512017436658665e-12,2.7062004543840885,日内滚动·第2层
0.1,2025-07-04,midnight,1,1,360,0,0,0.0,0.0,0.010208333027549088,午夜规划·第1层
0.1,2025-07-04,midnight,2,1,360,0,0,0.0,0.0,0.046924166032113135,午夜规划·第2层
0.1,2025-07-04,execution,1,144,24660,0,0,0.0,0.0,0.7176226979354396,日内滚动·第1层
0.1,2025-07-04,execution,2,144,24660,0,0,0.0,-1.8947806286936004e-14,1.7126989599782974,日内滚动·第2层
0.1,2025-07-05,midnight,1,1,360,0,0,0.0,0.0,0.010916374973021448,午夜规划·第1层
0.1,2025-07-05,midnight,2,1,360,0,0,0.0,0.0,0.0472141660284251,午夜规划·第2层
0.1,2025-07-05,execution,1,144,24228,0,0,0.0,0.0,0.6777753294445574,日内滚动·第1层
0.1,2025-07-05,execution,2,144,24228,0,0,0.0,-8.526512829121202e-14,1.474097917205654,日内滚动·第2层
0.1,2025-07-06,midnight,1,1,432,0,0,0.0,0.0,0.016303832991980016,午夜规划·第1层
0.1,2025-07-06,midnight,2,1,432,0,0,0.0,0.0,0.0935825000051409,午夜规划·第2层
0.1,2025-07-06,execution,1,144,24804,0,0,0.0,0.0,0.7343351686140522,日内滚动·第1层
0.1,2025-07-06,execution,2,144,24804,0,0,0.0,-4.670819428671008e-13,2.0597919607535005,日内滚动·第2层
0.1,2025-07-07,midnight,1,1,252,0,0,0.0,0.0,0.00952487497124821,午夜规划·第1层
0.1,2025-07-07,midnight,2,1,252,0,0,0.0,0.0,0.043750416953116655,午夜规划·第2层
0.1,2025-07-07,execution,1,144,22680,0,0,0.0,0.0,0.7247573713539168,日内滚动·第1层
0.1,2025-07-07,execution,2,144,22680,0,0,0.0,-4.394452522974837e-12,2.43475316290278,日内滚动·第2层
0.1,2025-07-08,midnight,1,1,324,0,0,0.0,0.0,0.01024508394766599,午夜规划·第1层
0.1,2025-07-08,midnight,2,1,324,0,0,0.0,0.0,0.06341520801652223,午夜规划·第2层
0.1,2025-07-08,execution,1,144,23904,0,0,0.0,0.0,0.7641057060100138,日内滚动·第1层
0.1,2025-07-08,execution,2,144,23904,0,0,0.0,-1.3331125583921161e-11,2.2965712959412485,日内滚动·第2层
0.1,2025-07-09,midnight,1,1,288,0,0,0.0,0.0,0.011363249970600009,午夜规划·第1层
0.1,2025-07-09,midnight,2,1,288,0,0,0.0,0.0,0.06102837505750358,午夜规划·第2层
0.1,2025-07-09,execution,1,144,20052,0,0,0.0,0.0,0.6682208281708881,日内滚动·第1层
0.1,2025-07-09,execution,2,144,20052,0,0,0.0,-9.414691248821327e-13,1.9875010466203094,日内滚动·第2层
0.1,2025-07-10,midnight,1,1,396,0,0,0.0,0.0,0.015444084070622921,午夜规划·第1层
0.1,2025-07-10,midnight,2,1,396,0,0,0.0,0.0,0.09080137498676777,午夜规划·第2层
0.1,2025-07-10,execution,1,144,26208,0,0,0.0,-4.891271799534304e-12,0.7824421700788662,日内滚动·第1层
0.1,2025-07-10,execution,2,144,26208,0,0,0.0,-4.9364726878917655e-12,2.215791752212681,日内滚动·第2层
0.1,2025-07-11,midnight,1,1,432,0,0,0.0,0.0,0.015132749918848276,午夜规划·第1层
0.1,2025-07-11,midnight,2,1,432,0,0,0.0,0.0,0.0743533750064671,午夜规划·第2层
0.1,2025-07-11,execution,1,144,26172,0,0,0.0,0.0,0.7438600783934817,日内滚动·第1层
0.1,2025-07-11,execution,2,144,26172,0,0,0.0,0.0,1.7912314595887437,日内滚动·第2层
0.1,2025-07-12,midnight,1,1,144,0,0,0.0,0.0,0.004369624890387058,午夜规划·第1层
0.1,2025-07-12,midnight,2,1,144,0,0,0.0,0.0,0.010661416919901967,午夜规划·第2层
0.1,2025-07-12,execution,1,144,17676,0,0,0.0,0.0,0.5631622946821153,日内滚动·第1层
0.1,2025-07-12,execution,2,144,17676,0,0,0.0,0.0,1.286356090917252,日内滚动·第2层
0.1,2025-07-13,midnight,1,1,396,0,0,0.0,0.0,0.013655750080943108,午夜规划·第1层
0.1,2025-07-13,midnight,2,1,396,0,0,0.0,0.0,0.08388720802031457,午夜规划·第2层
0.1,2025-07-13,execution,1,144,25992,0,0,0.0,0.0,0.7612175093963742,日内滚动·第1层
0.1,2025-07-13,execution,2,144,25992,0,0,0.0,-7.6202925711623e-13,1.7217903299024329,日内滚动·第2层
0.1,2025-07-14,midnight,1,1,360,0,0,0.0,0.0,0.01460441597737372,午夜规划·第1层
0.1,2025-07-14,midnight,2,1,360,0,0,0.0,0.0,0.08446437504608184,午夜规划·第2层
0.1,2025-07-14,execution,1,144,21096,0,0,0.0,-7.579122514774402e-14,0.6694087887881324,日内滚动·第1层
0.1,2025-07-14,execution,2,144,21096,0,0,0.0,-3.695675892517318e-13,2.002592582372017,日内滚动·第2层
0.1,2025-07-15,midnight,1,1,396,0,0,0.0,0.0,0.01347708294633776,午夜规划·第1层
0.1,2025-07-15,midnight,2,1,396,0,0,0.0,0.0,0.08044995903037488,午夜规划·第2层
0.1,2025-07-15,execution,1,144,23616,0,0,0.0,-1.4385235581929276e-12,0.7147162943147123,日内滚动·第1层
0.1,2025-07-15,execution,2,144,23616,0,0,0.0,-5.385914810239313e-12,1.691654839552939,日内滚动·第2层
0.1,2025-07-16,midnight,1,1,252,0,0,0.0,-5.802765675374151e-14,0.009070125059224665,午夜规划·第1层
0.1,2025-07-16,midnight,2,1,252,0,0,0.0,0.0,0.041308249928988516,午夜规划·第2层
0.1,2025-07-16,execution,1,144,19260,0,0,0.0,-1.8947806286936004e-14,0.6197416647337377,日内滚动·第1层
0.1,2025-07-16,execution,2,144,19260,0,0,0.0,-3.5481770797503988e-12,1.8880487888818607,日内滚动·第2层
0.1,2025-07-17,midnight,1,1,252,0,0,0.0,0.0,0.009198999963700771,午夜规划·第1层
0.1,2025-07-17,midnight,2,1,252,0,0,0.0,0.0,0.04131779109593481,午夜规划·第2层
0.1,2025-07-17,execution,1,144,18792,0,0,0.0,0.0,0.5965646707918495,日内滚动·第1层
0.1,2025-07-17,execution,2,144,18792,0,0,0.0,-9.562011817738206e-13,1.540819545625709,日内滚动·第2层
0.1,2025-07-18,midnight,1,1,396,0,0,0.0,0.0,0.013796083047054708,午夜规划·第1层
0.1,2025-07-18,midnight,2,1,396,0,0,0.0,0.0,0.05747150001116097,午夜规划·第2层
0.1,2025-07-18,execution,1,144,24660,0,0,0.0,0.0,0.743874043924734,日内滚动·第1层
0.1,2025-07-18,execution,2,144,24660,0,0,0.0,0.0,1.6060463790781796,日内滚动·第2层
0.1,2025-07-19,midnight,1,1,432,0,0,0.0,0.0,0.01689349999651313,午夜规划·第1层
0.1,2025-07-19,midnight,2,1,432,0,0,0.0,0.0,0.07940212497487664,午夜规划·第2层
0.1,2025-07-19,execution,1,144,25020,0,0,0.0,0.0,0.7174138427944854,日内滚动·第1层
0.1,2025-07-19,execution,2,144,25020,0,0,0.0,0.0,1.6683972419705242,日内滚动·第2层
0.1,2025-07-20,midnight,1,1,432,0,0,0.0,0.0,0.01667625003028661,午夜规划·第1层
0.1,2025-07-20,midnight,2,1,432,0,0,0.0,0.0,0.08890404202975333,午夜规划·第2层
0.1,2025-07-20,execution,1,144,22680,0,0,0.0,0.0,0.6521286207716912,日内滚动·第1层
0.1,2025-07-20,execution,2,144,22680,0,0,0.0,-1.0680578724741377e-12,1.3806199098471552,日内滚动·第2层
0.1,2025-07-21,midnight,1,1,432,0,0,0.0,0.0,0.016610000049695373,午夜规划·第1层
0.1,2025-07-21,midnight,2,1,432,0,0,0.0,0.0,0.10068458295427263,午夜规划·第2层
0.1,2025-07-21,execution,1,144,24696,0,0,0.0,0.0,0.7498767962679267,日内滚动·第1层
0.1,2025-07-21,execution,2,144,24696,0,0,0.0,-2.1170648274218235e-12,1.9119420361239463,日内滚动·第2层
0.1,2025-07-22,midnight,1,1,324,0,0,0.0,0.0,0.011966166901402175,午夜规划·第1层
0.1,2025-07-22,midnight,2,1,324,0,0,0.0,0.0,0.0619022500468418,午夜规划·第2层
0.1,2025-07-22,execution,1,144,23580,0,0,0.0,0.0,0.6928669923217967,日内滚动·第1层
0.1,2025-07-22,execution,2,144,23580,0,0,0.0,-2.7281888394196597e-12,1.6058788371738046,日内滚动·第2层
0.1,2025-07-23,midnight,1,1,396,0,0,0.0,0.0,0.015603416017256677,午夜规划·第1层
0.1,2025-07-23,midnight,2,1,396,0,0,0.0,0.0,0.10103066707961261,午夜规划·第2层
0.1,2025-07-23,execution,1,144,24624,0,0,0.0,-9.473903143468002e-14,0.7863109122263268,日内滚动·第1层
0.1,2025-07-23,execution,2,144,24624,0,0,0.0,-4.628006608514319e-13,2.839197253459133,日内滚动·第2层
0.1,2025-07-24,midnight,1,1,432,0,0,0.0,0.0,0.01557229203172028,午夜规划·第1层
0.1,2025-07-24,midnight,2,1,432,0,0,0.0,0.0,0.09285687503870577,午夜规划·第2层
0.1,2025-07-24,execution,1,144,21024,0,0,0.0,0.0,0.6312732573132962,日内滚动·第1层
0.1,2025-07-24,execution,2,144,21024,0,0,0.0,-1.0833926762711575e-12,1.4029049139935523,日内滚动·第2层
0.1,2025-07-25,midnight,1,1,396,0,0,0.0,0.0,0.01243274996522814,午夜规划·第1层
0.1,2025-07-25,midnight,2,1,396,0,0,0.0,-4.263256414560601e-14,0.05488445796072483,午夜规划·第2层
0.1,2025-07-25,execution,1,144,25956,0,0,0.0,-8.6282243323741e-12,0.7201862100046128,日内滚动·第1层
0.1,2025-07-25,execution,2,144,25956,0,0,0.0,-3.232969447708456e-13,1.5976629966171458,日内滚动·第2层
0.1,2025-07-26,midnight,1,1,324,0,0,0.0,0.0,0.009762165951542556,午夜规划·第1层
0.1,2025-07-26,midnight,2,1,324,0,0,0.0,0.0,0.04175541701260954,午夜规划·第2层
0.1,2025-07-26,execution,1,144,23580,0,0,0.0,0.0,0.7197779091075063,日内滚动·第1层
0.1,2025-07-26,execution,2,144,23580,0,0,0.0,-8.799300309569373e-12,2.0424457893241197,日内滚动·第2层
0.1,2025-07-27,midnight,1,1,360,0,0,0.0,0.0,0.010893916944041848,午夜规划·第1层
0.1,2025-07-27,midnight,2,1,360,0,0,0.0,-2.842170943040401e-14,0.058850166969932616,午夜规划·第2层
0.1,2025-07-27,execution,1,144,23724,0,0,0.0,0.0,0.7083478287095204,日内滚动·第1层
0.1,2025-07-27,execution,2,144,23724,0,0,0.0,-2.981186820131859e-13,1.661445706966333,日内滚动·第2层
0.1,2025-07-28,midnight,1,1,396,0,0,0.0,0.0,0.01696537504903972,午夜规划·第1层
0.1,2025-07-28,midnight,2,1,396,0,0,0.0,0.0,0.10175058396998793,午夜规划·第2层
0.1,2025-07-28,execution,1,144,25128,0,0,0.0,-6.471168249280575e-12,0.8003918307367712,日内滚动·第1层
0.1,2025-07-28,execution,2,144,25128,0,0,0.0,-5.344746446443139e-13,2.7503537798766047,日内滚动·第2层
0.1,2025-07-29,midnight,1,1,252,0,0,0.0,0.0,0.010416666977107525,午夜规划·第1层
0.1,2025-07-29,midnight,2,1,252,0,0,0.0,0.0,0.04116716596763581,午夜规划·第2层
0.1,2025-07-29,execution,1,144,18900,0,0,0.0,-1.3263464400855202e-13,0.6275104572996497,日内滚动·第1层
0.1,2025-07-29,execution,2,144,18900,0,0,0.0,-5.762081535091183e-13,1.5291748344898224,日内滚动·第2层
0.1,2025-07-30,midnight,1,1,396,0,0,0.0,0.0,0.015747458091937006,午夜规划·第1层
0.1,2025-07-30,midnight,2,1,396,0,0,0.0,0.0,0.10080191702581942,午夜规划·第2层
0.1,2025-07-30,execution,1,144,25956,0,0,0.0,-5.684341886080802e-14,0.7983685008948669,日内滚动·第1层
0.1,2025-07-30,execution,2,144,25956,0,0,0.0,-3.814245421432158e-12,2.5814258287427947,日内滚动·第2层
0.1,2025-07-31,midnight,1,1,360,0,0,0.0,0.0,0.013736584107391536,午夜规划·第1层
0.1,2025-07-31,midnight,2,1,360,0,0,0.0,0.0,0.08265641599427909,午夜规划·第2层
0.1,2025-07-31,execution,1,144,24876,0,0,0.0,0.0,0.7596751282690093,日内滚动·第1层
0.1,2025-07-31,execution,2,144,24876,0,0,0.0,-8.506391540473871e-13,2.6541868241038173,日内滚动·第2层
0.1,2025-08-01,midnight,1,1,396,0,0,0.0,0.0,0.012608207995072007,午夜规划·第1层
0.1,2025-08-01,midnight,2,1,396,0,0,0.0,0.0,0.06688958301674575,午夜规划·第2层
0.1,2025-08-01,execution,1,144,24444,0,0,0.0,0.0,0.724422502098605,日内滚动·第1层
0.1,2025-08-01,execution,2,144,24444,0,0,0.0,-2.5105843330190203e-13,2.2268587895669043,日内滚动·第2层
0.1,2025-08-02,midnight,1,1,360,0,0,0.0,0.0,0.010566667071543634,午夜规划·第1层
0.1,2025-08-02,midnight,2,1,360,0,0,0.0,0.0,0.04985812492668629,午夜规划·第2层
0.1,2025-08-02,execution,1,144,24444,0,0,0.0,0.0,0.7133027063682675,日内滚动·第1层
0.1,2025-08-02,execution,2,144,24444,0,0,0.0,-1.3882167532711864e-11,1.8611940807895735,日内滚动·第2层
0.1,2025-08-03,midnight,1,1,252,0,0,0.0,0.0,0.008634750032797456,午夜规划·第1层
0.1,2025-08-03,midnight,2,1,252,0,0,0.0,0.0,0.03644595900550485,午夜规划·第2层
0.1,2025-08-03,execution,1,144,19908,0,0,0.0,-3.5591425371043156e-12,0.601644707028754,日内滚动·第1层
0.1,2025-08-03,execution,2,144,19908,0,0,0.0,-1.1659825814984905e-11,1.5492760433116928,日内滚动·第2层
0.1,2025-08-04,midnight,1,1,360,0,0,0.0,0.0,0.012538875103928149,午夜规划·第1层
0.1,2025-08-04,midnight,2,1,360,0,0,0.0,0.0,0.0687847079243511,午夜规划·第2层
0.1,2025-08-04,execution,1,144,25272,0,0,0.0,0.0,0.7547555018682033,日内滚动·第1层
0.1,2025-08-04,execution,2,144,25272,0,0,0.0,-2.892126861221716e-12,2.3694694214500487,日内滚动·第2层
0.1,2025-08-05,midnight,1,1,252,0,0,0.0,0.0,0.009514834033325315,午夜规划·第1层
0.1,2025-08-05,midnight,2,1,252,0,0,0.0,0.0,0.04290270805358887,午夜规划·第2层
0.1,2025-08-05,execution,1,144,20196,0,0,0.0,0.0,0.6397476736456156,日内滚动·第1层
0.1,2025-08-05,execution,2,144,20196,0,0,0.0,-2.08096201221611e-12,1.845240004826337,日内滚动·第2层
0.1,2025-08-06,midnight,1,1,432,0,0,0.0,0.0,0.022296708077192307,午夜规划·第1层
0.1,2025-08-06,midnight,2,1,432,0,0,0.0,-1.6222510709748836e-14,0.10588212497532368,午夜规划·第2层
0.1,2025-08-06,execution,1,144,25704,0,0,0.0,0.0,0.7699445829493925,日内滚动·第1层
0.1,2025-08-06,execution,2,144,25704,0,0,0.0,-8.088960311600718e-14,2.1861302502220497,日内滚动·第2层
0.1,2025-08-07,midnight,1,1,396,0,0,0.0,0.0,0.016847125021740794,午夜规划·第1层
0.1,2025-08-07,midnight,2,1,396,0,0,0.0,0.0,0.0881324999500066,午夜规划·第2层
0.1,2025-08-07,execution,1,144,26244,0,0,0.0,-7.579122514774402e-14,0.8268410062883049,日内滚动·第1层
0.1,2025-08-07,execution,2,144,26244,0,0,0.0,-2.152645304576726e-11,2.481193172861822,日内滚动·第2层
0.1,2025-08-08,midnight,1,1,360,0,0,0.0,0.0,0.011417750036343932,午夜规划·第1层
0.1,2025-08-08,midnight,2,1,360,0,0,0.0,0.0,0.048750750022009015,午夜规划·第2层
0.1,2025-08-08,execution,1,144,24084,0,0,0.0,0.0,0.704725002986379,日内滚动·第1层
0.1,2025-08-08,execution,2,144,24084,0,0,0.0,-3.9313707522001196e-12,1.8952127933735028,日内滚动·第2层
0.1,2025-08-09,midnight,1,1,252,0,0,0.0,0.0,0.0070907920598983765,午夜规划·第1层
0.1,2025-08-09,midnight,2,1,252,0,0,0.0,-7.105427357601002e-15,0.03044341702479869,午夜规划·第2层
0.1,2025-08-09,execution,1,144,18612,0,0,0.0,0.0,0.5346476950217038,日内滚动·第1层
0.1,2025-08-09,execution,2,144,18612,0,0,0.0,-2.1316282072803006e-14,1.0358408666215837,日内滚动·第2层
0.1,2025-08-10,midnight,1,1,252,0,0,0.0,0.0,0.008965166984125972,午夜规划·第1层
0.1,2025-08-10,midnight,2,1,252,0,0,0.0,0.0,0.038681791978888214,午夜规划·第2层
0.1,2025-08-10,execution,1,144,20340,0,0,0.0,0.0,0.6101346240611747,日内滚动·第1层
0.1,2025-08-10,execution,2,144,20340,0,0,0.0,-5.661973103024056e-13,1.5379924967419356,日内滚动·第2层
0.1,2025-08-11,midnight,1,1,360,0,0,0.0,0.0,0.013349165907129645,午夜规划·第1层
0.1,2025-08-11,midnight,2,1,360,0,0,0.0,0.0,0.07733441598247737,午夜规划·第2层
0.1,2025-08-11,execution,1,144,23220,0,0,0.0,-3.789561257387201e-14,0.7212595042074099,日内滚动·第1层
0.1,2025-08-11,execution,2,144,23220,0,0,0.0,-3.9968028886505635e-15,2.5180196663131937,日内滚动·第2层
0.1,2025-08-12,midnight,1,1,252,0,0,0.0,0.0,0.01092466595582664,午夜规划·第1层
0.1,2025-08-12,midnight,2,1,252,0,0,0.0,0.0,0.03782025002874434,午夜规划·第2层
0.1,2025-08-12,execution,1,144,18864,0,0,0.0,0.0,0.6660581198520958,日内滚动·第1层
0.1,2025-08-12,execution,2,144,18864,0,0,0.0,-2.7151497814896755e-12,1.9598953233798966,日内滚动·第2层
0.1,2025-08-13,midnight,1,1,396,0,0,0.0,0.0,0.015207707998342812,午夜规划·第1层
0.1,2025-08-13,midnight,2,1,396,0,0,0.0,0.0,0.08857545896898955,午夜规划·第2层
0.1,2025-08-13,execution,1,144,26064,0,0,0.0,0.0,0.8148565866285935,日内滚动·第1层
0.1,2025-08-13,execution,2,144,26064,0,0,0.0,-6.963952331194276e-13,2.6108724096557125,日内滚动·第2层
0.1,2025-08-14,midnight,1,1,144,0,0,0.0,0.0,0.00469562504440546,午夜规划·第1层
0.1,2025-08-14,midnight,2,1,144,0,0,0.0,0.0,0.014876542030833662,午夜规划·第2层
0.1,2025-08-14,execution,1,144,19836,0,0,0.0,0.0,0.6450275901006535,日内滚动·第1层
0.1,2025-08-14,execution,2,144,19836,0,0,0.0,-2.049233480136002e-12,1.9133480859454721,日内滚动·第2层
0.1,2025-08-15,midnight,1,1,360,0,0,0.0,0.0,0.010931792086921632,午夜规划·第1层
0.1,2025-08-15,midnight,2,1,360,0,0,0.0,0.0,0.05401741701643914,午夜规划·第2层
0.1,2025-08-15,execution,1,144,23472,0,0,0.0,0.0,0.7071905012708157,日内滚动·第1层
0.1,2025-08-15,execution,2,144,23472,0,0,0.0,-9.187840321725579e-12,1.9682712455978617,日内滚动·第2层
0.1,2025-08-16,midnight,1,1,360,0,0,0.0,0.0,0.012061416055075824,午夜规划·第1层
0.1,2025-08-16,midnight,2,1,360,0,0,0.0,0.0,0.05697970790788531,午夜规划·第2层
0.1,2025-08-16,execution,1,144,23400,0,0,0.0,0.0,0.714156380854547,日内滚动·第1层
0.1,2025-08-16,execution,2,144,23400,0,0,0.0,-1.987191670368607e-12,2.065498423646204,日内滚动·第2层
0.1,2025-08-17,midnight,1,1,396,0,0,0.0,0.0,0.02084362495224923,午夜规划·第1层
0.1,2025-08-17,midnight,2,1,396,0,0,0.0,0.0,0.098900041077286,午夜规划·第2层
0.1,2025-08-17,execution,1,144,26064,0,0,0.0,0.0,0.8000774175161496,日内滚动·第1层
0.1,2025-08-17,execution,2,144,26064,0,0,0.0,-2.3934151429796694e-12,2.618174288305454,日内滚动·第2层
0.1,2025-08-18,midnight,1,1,252,0,0,0.0,0.0,0.008551458944566548,午夜规划·第1层
0.1,2025-08-18,midnight,2,1,252,0,0,0.0,-1.7643124840434915e-14,0.03872912505175918,午夜规划·第2层
0.1,2025-08-18,execution,1,144,19224,0,0,0.0,-1.8947806286936004e-14,0.6373662520200014,日内滚动·第1层
0.1,2025-08-18,execution,2,144,19224,0,0,0.0,-1.7720217653650923e-12,1.7184958319412544,日内滚动·第2层
0.1,2025-08-19,midnight,1,1,144,0,0,0.0,0.0,0.004961957922205329,午夜规划·第1层
0.1,2025-08-19,midnight,2,1,144,0,0,0.0,0.0,0.014538708026520908,午夜规划·第2层
0.1,2025-08-19,execution,1,144,18000,0,0,0.0,-3.45128973294964e-12,0.6007957895053551,日内滚动·第1层
0.1,2025-08-19,execution,2,144,18000,0,0,0.0,-1.3798431490069106e-12,1.4886808268493041,日内滚动·第2层
0.1,2025-08-20,midnight,1,1,396,0,0,0.0,0.0,0.017530958983115852,午夜规划·第1层
0.1,2025-08-20,midnight,2,1,396,0,0,0.0,0.0,0.09693004202563316,午夜规划·第2层
0.1,2025-08-20,execution,1,144,24264,0,0,0.0,-3.789561257387201e-13,0.7888604949694127,日内滚动·第1层
0.1,2025-08-20,execution,2,144,24264,0,0,0.0,-3.5899601879836938e-12,2.64885371143464,日内滚动·第2层
0.1,2025-08-21,midnight,1,1,360,0,0,0.0,0.0,0.013600207981653512,午夜规划·第1层
0.1,2025-08-21,midnight,2,1,360,0,0,0.0,-1.2374128721509236e-14,0.07845608296338469,午夜规划·第2层
0.1,2025-08-21,execution,1,144,23796,0,0,0.0,0.0,0.7590205040760338,日内滚动·第1层
0.1,2025-08-21,execution,2,144,23796,0,0,0.0,-2.1834898800004186e-12,2.400101535138674,日内滚动·第2层
0.1,2025-08-22,midnight,1,1,396,0,0,0.0,0.0,0.013656958006322384,午夜规划·第1层
0.1,2025-08-22,midnight,2,1,396,0,0,0.0,0.0,0.06774120801128447,午夜规划·第2层
0.1,2025-08-22,execution,1,144,25056,0,0,0.0,0.0,0.7808794602751732,日内滚动·第1层
0.1,2025-08-22,execution,2,144,25056,0,0,0.0,-6.9239206071076086e-12,2.124008802464232,日内滚动·第2层
0.1,2025-08-23,midnight,1,1,396,0,0,0.0,0.0,0.013826958951540291,午夜规划·第1层
0.1,2025-08-23,midnight,2,1,396,0,0,0.0,0.0,0.07178541703615338,午夜规划·第2层
0.1,2025-08-23,execution,1,144,24264,0,0,0.0,-2.2737367544323206e-13,0.7363277066033334,日内滚动·第1层
0.1,2025-08-23,execution,2,144,24264,0,0,0.0,-5.9899649531558314e-12,2.0485319959698245,日内滚动·第2层
0.1,2025-08-24,midnight,1,1,396,0,0,0.0,0.0,0.015896584023721516,午夜规划·第1层
0.1,2025-08-24,midnight,2,1,396,0,0,0.0,0.0,0.10010291705839336,午夜规划·第2层
0.1,2025-08-24,execution,1,144,25668,0,0,0.0,-1.8947806286936004e-14,0.8205347056500614,日内滚动·第1层
0.1,2025-08-24,execution,2,144,25668,0,0,0.0,-7.235838022818028e-13,2.706002120510675,日内滚动·第2层
0.1,2025-08-25,midnight,1,1,144,0,0,0.0,0.0,0.0048010420287027955,午夜规划·第1层
0.1,2025-08-25,midnight,2,1,144,0,0,0.0,0.0,0.013528625015169382,午夜规划·第2层
0.1,2025-08-25,execution,1,144,19620,0,0,0.0,0.0,0.6346522468375042,日内滚动·第1层
0.1,2025-08-25,execution,2,144,19620,0,0,0.0,-5.748471208042572e-12,1.7971728757256642,日内滚动·第2层
0.1,2025-08-26,midnight,1,1,360,0,0,0.0,0.0,0.013728208956308663,午夜规划·第1层
0.1,2025-08-26,midnight,2,1,360,0,0,0.0,0.0,0.08364929107483476,午夜规划·第2层
0.1,2025-08-26,execution,1,144,22320,0,0,0.0,0.0,0.7247888327110559,日内滚动·第1层
0.1,2025-08-26,execution,2,144,22320,0,0,0.0,-2.1197858283509655e-13,2.158844368183054,日内滚动·第2层
0.1,2025-08-27,midnight,1,1,360,0,0,0.0,0.0,0.013472166028805077,午夜规划·第1层
0.1,2025-08-27,midnight,2,1,360,0,0,0.0,0.0,0.07628870906773955,午夜规划·第2层
0.1,2025-08-27,execution,1,144,23544,0,0,0.0,0.0,0.7536505850730464,日内滚动·第1层
0.1,2025-08-27,execution,2,144,23544,0,0,0.0,-7.47036570106162e-12,2.328743291203864,日内滚动·第2层
0.1,2025-08-28,midnight,1,1,396,0,0,0.0,0.0,0.015959625015966594,午夜规划·第1层
0.1,2025-08-28,midnight,2,1,396,0,0,0.0,0.0,0.09815066691953689,午夜规划·第2层
0.1,2025-08-28,execution,1,144,25956,0,0,0.0,0.0,0.8203828289406374,日内滚动·第1层
0.1,2025-08-28,execution,2,144,25956,0,0,0.0,-5.718258061444438e-12,2.6484543783590198,日内滚动·第2层
0.1,2025-08-29,midnight,1,1,396,0,0,0.0,0.0,0.013975208974443376,午夜规划·第1层
0.1,2025-08-29,midnight,2,1,396,0,0,0.0,0.0,0.07118491595610976,午夜规划·第2层
0.1,2025-08-29,execution,1,144,23724,0,0,0.0,0.0,0.7295414987020195,日内滚动·第1层
0.1,2025-08-29,execution,2,144,23724,0,0,0.0,-1.2103526768645284e-12,2.0052978795720264,日内滚动·第2层
0.1,2025-08-30,midnight,1,1,360,0,0,0.0,0.0,0.013752541039139032,午夜规划·第1层
0.1,2025-08-30,midnight,2,1,360,0,0,0.0,0.0,0.05799866700544953,午夜规划·第2层
0.1,2025-08-30,execution,1,144,24732,0,0,0.0,0.0,0.7565319591667503,日内滚动·第1层
0.1,2025-08-30,execution,2,144,24732,0,0,0.0,0.0,2.2329949985723943,日内滚动·第2层
0.1,2025-08-31,midnight,1,1,432,0,0,0.0,0.0,0.020693166996352375,午夜规划·第1层
0.1,2025-08-31,midnight,2,1,432,0,0,0.0,0.0,0.11083712498657405,午夜规划·第2层
0.1,2025-08-31,execution,1,144,27144,1,1,414.0602960750885,414.0602960750885,0.8428015367826447,日内滚动·第1层
0.1,2025-08-31,execution,2,144,27144,0,0,0.0,0.0,2.3779164935695007,日内滚动·第2层
0.1,2025-09-01,midnight,1,1,432,0,0,0.0,0.0,0.023690875037573278,午夜规划·第1层
0.1,2025-09-01,midnight,2,1,432,0,0,0.0,0.0,0.11307387507986277,午夜规划·第2层
0.1,2025-09-01,execution,1,144,26388,0,0,0.0,-2.3684757858670007e-14,0.8148758352035657,日内滚动·第1层
0.1,2025-09-01,execution,2,144,26388,0,0,0.0,-1.438206536758632e-12,2.3039150504628196,日内滚动·第2层
0.1,2025-09-02,midnight,1,1,396,0,0,0.0,0.0,0.01815912500023842,午夜规划·第1层
0.1,2025-09-02,midnight,2,1,396,0,0,0.0,0.0,0.0982042090035975,午夜规划·第2层
0.1,2025-09-02,execution,1,144,27612,0,0,0.0,-4.5881581101657995e-12,0.8387779571348801,日内滚动·第1层
0.1,2025-09-02,execution,2,144,27612,0,0,0.0,-4.022367889861189e-12,2.7187274214811623,日内滚动·第2层
0.1,2025-09-03,midnight,1,1,468,0,0,0.0,0.0,0.023476790986023843,午夜规划·第1层
0.1,2025-09-03,midnight,2,1,468,0,0,0.0,0.0,0.13234949996694922,午夜规划·第2层
0.1,2025-09-03,execution,1,144,26856,0,0,0.0,0.0,0.8466651220805943,日内滚动·第1层
0.1,2025-09-03,execution,2,144,26856,0,0,0.0,-2.7711166694643907e-13,2.329202998080291,日内滚动·第2层
0.1,2025-09-04,midnight,1,1,252,0,0,0.0,0.0,0.009400333045050502,午夜规划·第1层
0.1,2025-09-04,midnight,2,1,252,0,0,0.0,0.0,0.04114804195705801,午夜规划·第2层
0.1,2025-09-04,execution,1,144,20412,0,0,0.0,-2.86251324369098e-12,0.6621579601196572,日内滚动·第1层
0.1,2025-09-04,execution,2,144,20412,0,0,0.0,-6.4606484753643745e-12,1.7356879106955603,日内滚动·第2层
0.1,2025-09-05,midnight,1,1,360,0,0,0.0,0.0,0.0129365409957245,午夜规划·第1层
0.1,2025-09-05,midnight,2,1,360,0,0,0.0,0.0,0.05907133303117007,午夜规划·第2层
0.1,2025-09-05,execution,1,144,26244,0,0,0.0,0.0,0.8061294311191887,日内滚动·第1层
0.1,2025-09-05,execution,2,144,26244,0,0,0.0,-7.789369188948841e-13,1.9835370038636029,日内滚动·第2层
0.1,2025-09-06,midnight,1,1,360,0,0,0.0,0.0,0.012168957968242466,午夜规划·第1层
0.1,2025-09-06,midnight,2,1,360,0,0,0.0,0.0,0.059083250002004206,午夜规划·第2层
0.1,2025-09-06,execution,1,144,25704,0,0,0.0,0.0,0.7644673230824992,日内滚动·第1层
0.1,2025-09-06,execution,2,144,25704,0,0,0.0,-2.2681696372636535e-12,1.7030615009134635,日内滚动·第2层
0.1,2025-09-07,midnight,1,1,360,0,0,0.0,0.0,0.01419504196383059,午夜规划·第1层
0.1,2025-09-07,midnight,2,1,360,0,0,0.0,0.0,0.06360754102934152,午夜规划·第2层
0.1,2025-09-07,execution,1,144,25308,0,0,0.0,-3.789561257387201e-14,0.7686619565356523,日内滚动·第1层
0.1,2025-09-07,execution,2,144,25308,0,0,0.0,-2.0135553437970377e-13,1.953200291725807,日内滚动·第2层
0.1,2025-09-08,midnight,1,1,396,0,0,0.0,0.0,0.014386666938662529,午夜规划·第1层
0.1,2025-09-08,midnight,2,1,396,0,0,0.0,0.0,0.0760014170082286,午夜规划·第2层
0.1,2025-09-08,execution,1,144,25200,0,0,0.0,-1.1368683772161603e-13,0.7611224597785622,日内滚动·第1层
0.1,2025-09-08,execution,2,144,25200,0,0,0.0,-5.679928911485884e-13,2.01320603385102,日内滚动·第2层
0.1,2025-09-09,midnight,1,1,360,0,0,0.0,0.0,0.014319500070996583,午夜规划·第1层
0.1,2025-09-09,midnight,2,1,360,0,0,0.0,0.0,0.0682973749935627,午夜规划·第2层
0.1,2025-09-09,execution,1,144,25524,0,0,0.0,-5.684341886080802e-14,0.7736389597412199,日内滚动·第1层
0.1,2025-09-09,execution,2,144,25524,0,0,0.0,-1.679814632065144e-12,1.9432830038713291,日内滚动·第2层
0.1,2025-09-10,midnight,1,1,396,0,0,0.0,0.0,0.01655954192392528,午夜规划·第1层
0.1,2025-09-10,midnight,2,1,396,0,0,0.0,0.0,0.07880012493114918,午夜规划·第2层
0.1,2025-09-10,execution,1,144,26100,0,0,0.0,0.0,1.018440334009938,日内滚动·第1层
0.1,2025-09-10,execution,2,144,26100,0,0,0.0,-7.965497830913892e-13,2.552386165014468,日内滚动·第2层
0.1,2025-09-11,midnight,1,1,252,0,0,0.0,0.0,0.013968707993626595,午夜规划·第1层
0.1,2025-09-11,midnight,2,1,252,0,0,0.0,0.0,0.055727750062942505,午夜规划·第2层
0.1,2025-09-11,execution,1,144,22104,0,0,0.0,0.0,0.7088397879851982,日内滚动·第1层
0.1,2025-09-11,execution,2,144,22104,0,0,0.0,-1.014644120944544e-12,1.9352697934955359,日内滚动·第2层
0.1,2025-09-12,midnight,1,1,360,0,0,0.0,0.0,0.011145791970193386,午夜规划·第1层
0.1,2025-09-12,midnight,2,1,360,0,0,0.0,0.0,0.05479524994734675,午夜规划·第2层
0.1,2025-09-12,execution,1,144,24408,0,0,0.0,0.0,0.7691243719309568,日内滚动·第1层
0.1,2025-09-12,execution,2,144,24408,0,0,0.0,0.0,1.7330047397408634,日内滚动·第2层
0.1,2025-09-13,midnight,1,1,288,0,0,0.0,0.0,0.011611333000473678,午夜规划·第1层
0.1,2025-09-13,midnight,2,1,288,0,0,0.0,0.0,0.041615416994318366,午夜规划·第2层
0.1,2025-09-13,execution,1,144,24084,0,0,0.0,0.0,0.720226920908317,日内滚动·第1层
0.1,2025-09-13,execution,2,144,24084,0,0,0.0,-1.6429910407954266e-12,1.7634322496596724,日内滚动·第2层
0.1,2025-09-14,midnight,1,1,324,0,0,0.0,0.0,0.011094124987721443,午夜规划·第1层
0.1,2025-09-14,midnight,2,1,324,0,0,0.0,0.0,0.044586709002032876,午夜规划·第2层
0.1,2025-09-14,execution,1,144,23076,0,0,0.0,-4.3141121661870495e-12,0.9752868280047551,日内滚动·第1层
0.1,2025-09-14,execution,2,144,23076,0,0,0.0,-5.447494307494101e-14,2.2326920428313315,日内滚动·第2层
0.1,2025-09-15,midnight,1,1,396,0,0,0.0,0.0,0.018096249899826944,午夜规划·第1层
0.1,2025-09-15,midnight,2,1,396,0,0,0.0,0.0,0.08909791603218764,午夜规划·第2层
0.1,2025-09-15,execution,1,144,26064,0,0,0.0,-2.801906854680662e-12,0.7754594959551468,日内滚动·第1层
0.1,2025-09-15,execution,2,144,26064,0,0,0.0,-4.478408620192166e-12,2.0932186731370166,日内滚动·第2层
0.1,2025-09-16,midnight,1,1,252,0,0,0.0,0.0,0.008827958954498172,午夜规划·第1层
0.1,2025-09-16,midnight,2,1,252,0,0,0.0,0.0,0.03745049994904548,午夜规划·第2层
0.1,2025-09-16,execution,1,144,24156,0,0,0.0,0.0,0.7573606583755463,日内滚动·第1层
0.1,2025-09-16,execution,2,144,24156,0,0,0.0,-8.255011938121666e-13,2.2003196618752554,日内滚动·第2层
0.1,2025-09-17,midnight,1,1,396,0,0,0.0,0.0,0.0187524170614779,午夜规划·第1层
0.1,2025-09-17,midnight,2,1,396,0,0,0.0,0.0,0.0870381670538336,午夜规划·第2层
0.1,2025-09-17,execution,1,144,27324,0,0,0.0,0.0,0.8403518723789603,日内滚动·第1层
0.1,2025-09-17,execution,2,144,27324,0,0,0.0,-2.5826832199835546e-12,2.232439291779883,日内滚动·第2层
0.1,2025-09-18,midnight,1,1,396,0,0,0.0,0.0,0.01633200002834201,午夜规划·第1层
0.1,2025-09-18,midnight,2,1,396,0,0,0.0,0.0,0.08939212502446026,午夜规划·第2层
0.1,2025-09-18,execution,1,144,25956,0,0,0.0,0.0,0.8812913810834289,日内滚动·第1层
0.1,2025-09-18,execution,2,144,25956,0,0,0.0,-6.865663985438601e-13,2.325118828448467,日内滚动·第2层
0.1,2025-09-19,midnight,1,1,396,0,0,0.0,0.0,0.013905250001698732,午夜规划·第1层
0.1,2025-09-19,midnight,2,1,396,0,0,0.0,0.0,0.06288937502540648,午夜规划·第2层
0.1,2025-09-19,execution,1,144,27180,0,0,0.0,0.0,0.788321410655044,日内滚动·第1层
0.1,2025-09-19,execution,2,144,27180,0,0,0.0,-4.078972900703261e-12,1.8855099242646247,日内滚动·第2层
0.1,2025-09-20,midnight,1,1,252,0,0,0.0,0.0,0.008070000098086894,午夜规划·第1层
0.1,2025-09-20,midnight,2,1,252,0,0,0.0,0.0,0.02996320801321417,午夜规划·第2层
0.1,2025-09-20,execution,1,144,21600,0,0,0.0,0.0,0.6708289610687643,日内滚动·第1层
0.1,2025-09-20,execution,2,144,21600,0,0,0.0,-5.195843755245733e-13,1.5897543235914782,日内滚动·第2层
0.1,2025-09-21,midnight,1,1,396,0,0,0.0,0.0,0.018298375071026385,午夜规划·第1层
0.1,2025-09-21,midnight,2,1,396,0,0,0.0,0.0,0.09973212494514883,午夜规划·第2层
0.1,2025-09-21,execution,1,144,26568,0,0,0.0,0.0,0.8193593731848523,日内滚动·第1层
0.1,2025-09-21,execution,2,144,26568,0,0,0.0,-7.382490849779202e-12,2.5691204669419676,日内滚动·第2层
0.1,2025-09-22,midnight,1,1,396,0,0,0.0,0.0,0.020011709071695805,午夜规划·第1层
0.1,2025-09-22,midnight,2,1,396,0,0,0.0,0.0,0.08705995802301913,午夜规划·第2层
0.1,2025-09-22,execution,1,144,26208,0,0,0.0,-1.8947806286936004e-14,0.803757079760544,日内滚动·第1层
0.1,2025-09-22,execution,2,144,26208,0,0,0.0,-4.9737991503207007e-14,2.1208644192665815,日内滚动·第2层
0.1,2025-09-23,midnight,1,1,396,0,0,0.0,0.0,0.017165167024359107,午夜规划·第1层
0.1,2025-09-23,midnight,2,1,396,0,0,0.0,0.0,0.0815478750737384,午夜规划·第2层
0.1,2025-09-23,execution,1,144,26136,0,0,0.0,0.0,0.822407043655403,日内滚动·第1层
0.1,2025-09-23,execution,2,144,26136,0,0,0.0,-1.3748774525704834e-12,2.112187134800479,日内滚动·第2层
0.1,2025-09-24,midnight,1,1,252,0,0,0.0,0.0,0.009426999953575432,午夜规划·第1层
0.1,2025-09-24,midnight,2,1,252,0,0,0.0,0.0,0.04220287490170449,午夜规划·第2层
0.1,2025-09-24,execution,1,144,20628,0,0,0.0,0.0,0.6617019987897947,日内滚动·第1层
0.1,2025-09-24,execution,2,144,20628,0,0,0.0,-1.3500311979441904e-13,1.7858270016731694,日内滚动·第2层
0.1,2025-09-25,midnight,1,1,252,0,0,0.0,0.0,0.009164665942080319,午夜规划·第1层
0.1,2025-09-25,midnight,2,1,252,0,0,0.0,0.0,0.03628087497781962,午夜规划·第2层
0.1,2025-09-25,execution,1,144,21348,0,0,0.0,-1.5909759924012097e-11,0.6776535054668784,日内滚动·第1层
0.1,2025-09-25,execution,2,144,21348,0,0,0.0,-3.465880292798592e-11,1.8974500434705988,日内滚动·第2层
0.1,2025-09-26,midnight,1,1,252,0,0,0.0,0.0,0.00802541698794812,午夜规划·第1层
0.1,2025-09-26,midnight,2,1,252,0,0,0.0,0.0,0.03145816700998694,午夜规划·第2层
0.1,2025-09-26,execution,1,144,21708,0,0,0.0,0.0,0.666122586815618,日内滚动·第1层
0.1,2025-09-26,execution,2,144,21708,0,0,0.0,-2.23397947593403e-12,1.682209787890315,日内滚动·第2层
0.1,2025-09-27,midnight,1,1,252,0,0,0.0,0.0,0.009530375013127923,午夜规划·第1层
0.1,2025-09-27,midnight,2,1,252,0,0,0.0,0.0,0.036509583005681634,午夜规划·第2层
0.1,2025-09-27,execution,1,144,21708,0,0,0.0,0.0,0.6838165041990578,日内滚动·第1层
0.1,2025-09-27,execution,2,144,21708,0,0,0.0,-7.292776693237542e-12,1.7486685505136847,日内滚动·第2层
0.1,2025-09-28,midnight,1,1,396,0,0,0.0,0.0,0.016360040986910462,午夜规划·第1层
0.1,2025-09-28,midnight,2,1,396,0,0,0.0,0.0,0.08460487495176494,午夜规划·第2层
0.1,2025-09-28,execution,1,144,24516,0,0,0.0,0.0,0.7640365386614576,日内滚动·第1层
0.1,2025-09-28,execution,2,144,24516,0,0,0.0,-8.319184597180619e-13,2.0895656610373408,日内滚动·第2层
0.1,2025-09-29,midnight,1,1,360,0,0,0.0,0.0,0.013031332986429334,午夜规划·第1层
0.1,2025-09-29,midnight,2,1,360,0,0,0.0,0.0,0.06719924998469651,午夜规划·第2层
0.1,2025-09-29,execution,1,144,25056,0,0,0.0,-3.7895612573872007e-13,0.7627243732567877,日内滚动·第1层
0.1,2025-09-29,execution,2,144,25056,0,0,0.0,-1.024693147164363e-12,1.9500989221269265,日内滚动·第2层
0.1,2025-09-30,midnight,1,1,396,0,0,0.0,0.0,0.017956124967895448,午夜规划·第1层
0.1,2025-09-30,midnight,2,1,396,0,0,0.0,0.0,0.08840925002004951,午夜规划·第2层
0.1,2025-09-30,execution,1,144,25200,0,0,0.0,0.0,0.7586735900258645,日内滚动·第1层
0.1,2025-09-30,execution,2,144,25200,0,0,0.0,-6.160265201911814e-13,1.9766197936842218,日内滚动·第2层
0.1,2025-10-01,midnight,1,1,360,0,0,0.0,0.0,0.015863000066019595,午夜规划·第1层
0.1,2025-10-01,midnight,2,1,360,0,0,0.0,0.0,0.07222166599240154,午夜规划·第2层
0.1,2025-10-01,execution,1,144,24696,0,0,0.0,-2.4632148173016805e-13,0.7968503332231194,日内滚动·第1层
0.1,2025-10-01,execution,2,144,24696,0,0,0.0,-6.561903281097538e-13,1.9144988750340417,日内滚动·第2层
0.1,2025-10-02,midnight,1,1,360,0,0,0.0,0.0,0.014942583977244794,午夜规划·第1层
0.1,2025-10-02,midnight,2,1,360,0,0,0.0,0.0,0.06111362494993955,午夜规划·第2层
0.1,2025-10-02,execution,1,144,24660,0,0,0.0,0.0,0.8143931713420898,日内滚动·第1层
0.1,2025-10-02,execution,2,144,24660,0,0,0.0,-3.3409109168064233e-12,1.9654758463148028,日内滚动·第2层
0.1,2025-10-03,midnight,1,1,432,0,0,0.0,0.0,0.017581791966222227,午夜规划·第1层
0.1,2025-10-03,midnight,2,1,432,0,0,0.0,-7.14015401251221e-15,0.07682808407116681,午夜规划·第2层
0.1,2025-10-03,execution,1,144,27108,0,0,0.0,0.0,0.7829967549769208,日内滚动·第1层
0.1,2025-10-03,execution,2,144,27108,0,0,0.0,-7.323468581741407e-12,1.7767010361421853,日内滚动·第2层
0.1,2025-10-04,midnight,1,1,396,0,0,0.0,0.0,0.013632040936499834,午夜规划·第1层
0.1,2025-10-04,midnight,2,1,396,0,0,0.0,0.0,0.06848420901224017,午夜规划·第2层
0.1,2025-10-04,execution,1,144,24804,0,0,0.0,0.0,0.7933034506859258,日内滚动·第1层
0.1,2025-10-04,execution,2,144,24804,0,0,0.0,-3.549700532683714e-12,1.8868833824526519,日内滚动·第2层
0.1,2025-10-05,midnight,1,1,360,0,0,0.0,0.0,0.01528762502130121,午夜规划·第1层
0.1,2025-10-05,midnight,2,1,360,0,0,0.0,-3.576086795108399e-15,0.07491349999327213,午夜规划·第2层
0.1,2025-10-05,execution,1,144,24408,0,0,0.0,0.0,0.7551167042693123,日内滚动·第1层
0.1,2025-10-05,execution,2,144,24408,0,0,0.0,-1.6542496236038008e-12,1.800271172542125,日内滚动·第2层
0.1,2025-10-06,midnight,1,1,396,0,0,0.0,0.0,0.01655695796944201,午夜规划·第1层
0.1,2025-10-06,midnight,2,1,396,0,0,0.0,0.0,0.08466133300680667,午夜规划·第2层
0.1,2025-10-06,execution,1,144,25740,0,0,0.0,0.0,0.7892420270945877,日内滚动·第1层
0.1,2025-10-06,execution,2,144,25740,0,0,0.0,-1.9895196601282803e-13,2.0172345370519906,日内滚动·第2层
0.1,2025-10-07,midnight,1,1,396,0,0,0.0,0.0,0.017213999992236495,午夜规划·第1层
0.1,2025-10-07,midnight,2,1,396,0,0,0.0,0.0,0.09057450003456324,午夜规划·第2层
0.1,2025-10-07,execution,1,144,25020,0,0,0.0,0.0,0.7933525836560875,日内滚动·第1层
0.1,2025-10-07,execution,2,144,25020,0,0,0.0,-1.4315759178915078e-13,2.08797949180007,日内滚动·第2层
0.1,2025-10-08,midnight,1,1,252,0,0,0.0,0.0,0.008973832940682769,午夜规划·第1层
0.1,2025-10-08,midnight,2,1,252,0,0,0.0,0.0,0.04242458299268037,午夜规划·第2层
0.1,2025-10-08,execution,1,144,23616,0,0,0.0,-3.03164900590976e-13,0.7583916666917503,日内滚动·第1层
0.1,2025-10-08,execution,2,144,23616,0,0,0.0,-3.694822225952521e-13,2.1390432090265676,日内滚动·第2层
0.1,2025-10-09,midnight,1,1,396,0,0,0.0,0.0,0.017084915889427066,午夜规划·第1层
0.1,2025-10-09,midnight,2,1,396,0,0,0.0,0.0,0.08589354204013944,午夜规划·第2层
0.1,2025-10-09,execution,1,144,25704,0,0,0.0,-1.937355580213925e-12,0.7868414130061865,日内滚动·第1层
0.1,2025-10-09,execution,2,144,25704,0,0,0.0,-2.4071169560007185e-12,2.0675700346473604,日内滚动·第2层
0.1,2025-10-10,midnight,1,1,252,0,0,0.0,0.0,0.008339332998730242,午夜规划·第1层
0.1,2025-10-10,midnight,2,1,252,0,0,0.0,0.0,0.0314157500397414,午夜规划·第2层
0.1,2025-10-10,execution,1,144,20880,0,0,0.0,0.0,0.6589499651454389,日内滚动·第1层
0.1,2025-10-10,execution,2,144,20880,0,0,0.0,-3.2141722068255076e-13,1.5098444105824456,日内滚动·第2层
0.1,2025-10-11,midnight,1,1,360,0,0,0.0,0.0,0.01263499993365258,午夜规划·第1层
0.1,2025-10-11,midnight,2,1,360,0,0,0.0,0.0,0.056222000042907894,午夜规划·第2层
0.1,2025-10-11,execution,1,144,23040,0,0,0.0,0.0,0.6939745754934847,日内滚动·第1层
0.1,2025-10-11,execution,2,144,23040,0,0,0.0,-2.639671050795576e-13,1.4585034548072144,日内滚动·第2层
0.1,2025-10-12,midnight,1,1,396,0,0,0.0,0.0,0.017440082971006632,午夜规划·第1层
0.1,2025-10-12,midnight,2,1,396,0,0,0.0,0.0,0.0877380840247497,午夜规划·第2层
0.1,2025-10-12,execution,1,144,26064,0,0,0.0,0.0,0.8396665449254215,日内滚动·第1层
0.1,2025-10-12,execution,2,144,26064,0,0,0.0,-8.531949161519143e-13,2.1753768750932068,日内滚动·第2层
0.1,2025-10-13,midnight,1,1,252,0,0,0.0,0.0,0.009538082988001406,午夜规划·第1层
0.1,2025-10-13,midnight,2,1,252,0,0,0.0,0.0,0.043333875015378,午夜规划·第2层
0.1,2025-10-13,execution,1,144,22320,0,0,0.0,-2.8421709430404e-13,0.7153809198644012,日内滚动·第1层
0.1,2025-10-13,execution,2,144,22320,0,0,0.0,-1.0654640976640609e-11,1.8900038703577593,日内滚动·第2层
0.1,2025-10-14,midnight,1,1,432,0,0,0.0,0.0,0.016773124923929572,午夜规划·第1层
0.1,2025-10-14,midnight,2,1,432,0,0,0.0,0.0,0.09349520807154477,午夜规划·第2层
0.1,2025-10-14,execution,1,144,25596,0,0,0.0,-4.736951571734e-13,0.8005893788067624,日内滚动·第1层
0.1,2025-10-14,execution,2,144,25596,0,0,0.0,-1.1250328975713007e-12,2.096687415847555,日内滚动·第2层
0.1,2025-10-15,midnight,1,1,324,0,0,0.0,0.0,0.011661874945275486,午夜规划·第1层
0.1,2025-10-15,midnight,2,1,324,0,0,0.0,0.0,0.05590925004798919,午夜规划·第2层
0.1,2025-10-15,execution,1,144,22896,0,0,0.0,0.0,0.7201424215454608,日内滚动·第1层
0.1,2025-10-15,execution,2,144,22896,0,0,0.0,-1.3648362283014224e-13,1.7171185452025384,日内滚动·第2层
0.1,2025-10-16,midnight,1,1,360,0,0,0.0,0.0,0.0155027920845896,午夜规划·第1层
0.1,2025-10-16,midnight,2,1,360,0,0,0.0,0.0,0.07046254095621407,午夜规划·第2层
0.1,2025-10-16,execution,1,144,23544,0,0,0.0,-1.832016020368125e-11,0.7365239529171959,日内滚动·第1层
0.1,2025-10-16,execution,2,144,23544,0,0,0.0,-6.370161637696586e-12,1.7862400049343705,日内滚动·第2层
0.1,2025-10-17,midnight,1,1,360,0,0,0.0,0.0,0.013856166042387486,午夜规划·第1层
0.1,2025-10-17,midnight,2,1,360,0,0,0.0,0.0,0.05495079199317843,午夜规划·第2层
0.1,2025-10-17,execution,1,144,24372,0,0,0.0,0.0,0.8016939564840868,日内滚动·第1层
0.1,2025-10-17,execution,2,144,24372,0,0,0.0,-2.5551488895356836e-13,1.847633415251039,日内滚动·第2层
0.1,2025-10-18,midnight,1,1,396,0,0,0.0,0.0,0.012374416925013065,午夜规划·第1层
0.1,2025-10-18,midnight,2,1,396,0,0,0.0,0.0,0.06581812503281981,午夜规划·第2层
0.1,2025-10-18,execution,1,144,24696,0,0,0.0,0.0,0.7424946657847613,日内滚动·第1层
0.1,2025-10-18,execution,2,144,24696,0,0,0.0,-1.481028117701837e-11,1.6028986223973334,日内滚动·第2层
0.1,2025-10-19,midnight,1,1,432,0,0,0.0,0.0,0.021900666994042695,午夜规划·第1层
0.1,2025-10-19,midnight,2,1,432,0,0,0.0,0.0,0.1141614590305835,午夜规划·第2层
0.1,2025-10-19,execution,1,144,25416,0,0,0.0,-4.263256414560601e-14,0.7798867882229388,日内滚动·第1层
0.1,2025-10-19,execution,2,144,25416,0,0,0.0,-6.158037043254201e-14,1.9760217427974567,日内滚动·第2层
0.1,2025-10-20,midnight,1,1,324,0,0,0.0,0.0,0.014129917020909488,午夜规划·第1层
0.1,2025-10-20,midnight,2,1,324,0,0,0.0,0.0,0.05785966699477285,午夜规划·第2层
0.1,2025-10-20,execution,1,144,23220,0,0,0.0,0.0,0.716158751049079,日内滚动·第1层
0.1,2025-10-20,execution,2,144,23220,0,0,0.0,-4.3435462397945007e-13,1.705607917974703,日内滚动·第2层
0.1,2025-10-21,midnight,1,1,360,0,0,0.0,0.0,0.016583041986450553,午夜规划·第1层
0.1,2025-10-21,midnight,2,1,360,0,0,0.0,-1.0170786361413077e-14,0.07378670806065202,午夜规划·第2层
0.1,2025-10-21,execution,1,144,24876,0,0,0.0,-5.802765675374151e-14,0.7776635065674782,日内滚动·第1层
0.1,2025-10-21,execution,2,144,24876,0,0,0.0,-7.081512080260498e-12,1.8376971242250875,日内滚动·第2层
0.1,2025-10-22,midnight,1,1,360,0,0,0.0,0.0,0.016737416968680918,午夜规划·第1层
0.1,2025-10-22,midnight,2,1,360,0,0,0.0,0.0,0.07860483299009502,午夜规划·第2层
0.1,2025-10-22,execution,1,144,24984,0,0,0.0,0.0,0.8575230973074213,日内滚动·第1层
0.1,2025-10-22,execution,2,144,24984,0,0,0.0,-3.0444701085112288e-12,2.1095980850514024,日内滚动·第2层
0.1,2025-10-23,midnight,1,1,432,0,0,0.0,0.0,0.01777770894113928,午夜规划·第1层
0.1,2025-10-23,midnight,2,1,432,0,0,0.0,0.0,0.09973062505014241,午夜规划·第2层
0.1,2025-10-23,execution,1,144,25236,0,0,0.0,-3.789561257387201e-14,0.8095882936613634,日内滚动·第1层
0.1,2025-10-23,execution,2,144,25236,0,0,0.0,-3.7137499824215095e-13,2.2008280407171696,日内滚动·第2层
0.1,2025-10-24,midnight,1,1,288,0,0,0.0,0.0,0.010511874919757247,午夜规划·第1层
0.1,2025-10-24,midnight,2,1,288,0,0,0.0,0.0,0.03673179110046476,午夜规划·第2层
0.1,2025-10-24,execution,1,144,20988,0,0,0.0,0.0,0.6624497501179576,日内滚动·第1层
0.1,2025-10-24,execution,2,144,20988,0,0,0.0,-5.892017550997405e-13,1.4877097103744745,日内滚动·第2层
0.1,2025-10-25,midnight,1,1,360,0,0,0.0,0.0,0.012577291927300394,午夜规划·第1层
0.1,2025-10-25,midnight,2,1,360,0,0,0.0,0.0,0.0539617920294404,午夜规划·第2层
0.1,2025-10-25,execution,1,144,24408,0,0,0.0,0.0,0.7616738316137344,日内滚动·第1层
0.1,2025-10-25,execution,2,144,24408,0,0,0.0,-9.445048825459152e-14,1.8315598284825683,日内滚动·第2层
0.1,2025-10-26,midnight,1,1,252,0,0,0.0,0.0,0.008956125006079674,午夜规划·第1层
0.1,2025-10-26,midnight,2,1,252,0,0,0.0,0.0,0.043719207984395325,午夜规划·第2层
0.1,2025-10-26,execution,1,144,20484,0,0,0.0,-1.236260103181386e-12,0.6743939544539899,日内滚动·第1层
0.1,2025-10-26,execution,2,144,20484,0,0,0.0,-1.9712082460795155e-12,1.8176737868925557,日内滚动·第2层
0.1,2025-10-27,midnight,1,1,360,0,0,0.0,0.0,0.014547999948263168,午夜规划·第1层
0.1,2025-10-27,midnight,2,1,360,0,0,0.0,0.0,0.07106187508907169,午夜规划·第2层
0.1,2025-10-27,execution,1,144,23724,0,0,0.0,-1.3317347224983678e-11,0.7944226252147928,日内滚动·第1层
0.1,2025-10-27,execution,2,144,23724,0,0,0.0,-1.854672569751673e-12,1.8899060885887593,日内滚动·第2层
0.1,2025-10-28,midnight,1,1,360,0,0,0.0,0.0,0.014672208926640451,午夜规划·第1层
0.1,2025-10-28,midnight,2,1,360,0,0,0.0,0.0,0.07671312510501593,午夜规划·第2层
0.1,2025-10-28,execution,1,144,23940,0,0,0.0,-6.913511877434485e-12,0.8139262506738305,日内滚动·第1层
0.1,2025-10-28,execution,2,144,23940,0,0,0.0,-7.414741066419548e-12,2.0006882026791573,日内滚动·第2层
0.1,2025-10-29,midnight,1,1,432,0,0,0.0,0.0,0.02286483405623585,午夜规划·第1层
0.1,2025-10-29,midnight,2,1,432,0,0,0.0,0.0,0.1450997079955414,午夜规划·第2层
0.1,2025-10-29,execution,1,144,25524,0,0,0.0,0.0,1.2497868326026946,日内滚动·第1层
0.1,2025-10-29,execution,2,144,25524,0,0,0.0,-5.377542478904433e-13,3.522316549322568,日内滚动·第2层
0.1,2025-10-30,midnight,1,1,432,0,0,0.0,0.0,0.02425012504681945,午夜规划·第1层
0.1,2025-10-30,midnight,2,1,432,0,0,0.0,0.0,0.14491737494245172,午夜规划·第2层
0.1,2025-10-30,execution,1,144,23328,0,0,0.0,-7.579122514774402e-14,0.7546255779452622,日内滚动·第1层
0.1,2025-10-30,execution,2,144,23328,0,0,0.0,-9.035516265737278e-13,1.8337125496473163,日内滚动·第2层
0.1,2025-10-31,midnight,1,1,180,0,0,0.0,0.0,0.00607879098970443,午夜规划·第1层
0.1,2025-10-31,midnight,2,1,180,0,0,0.0,0.0,0.01680854195728898,午夜规划·第2层
0.1,2025-10-31,execution,1,144,16308,0,0,0.0,0.0,0.5538165005855262,日内滚动·第1层
0.1,2025-10-31,execution,2,144,16308,0,0,0.0,-1.4207723506724146e-12,1.0550983760040253,日内滚动·第2层
0.1,2025-11-01,midnight,1,1,396,0,0,0.0,0.0,0.015527833020314574,午夜规划·第1层
0.1,2025-11-01,midnight,2,1,396,0,0,0.0,-1.3802774138821101e-13,0.07948141603264958,午夜规划·第2层
0.1,2025-11-01,execution,1,144,23868,0,0,0.0,0.0,0.727193835307844,日内滚动·第1层
0.1,2025-11-01,execution,2,144,23868,0,0,0.0,-6.869269707461892e-14,1.773561836220324,日内滚动·第2层
0.1,2025-11-02,midnight,1,1,432,0,0,0.0,0.0,0.017833166057243943,午夜规划·第1层
0.1,2025-11-02,midnight,2,1,432,0,0,0.0,0.0,0.11236545804422349,午夜规划·第2层
0.1,2025-11-02,execution,1,144,24408,0,0,0.0,0.0,0.7620974626624957,日内滚动·第1层
0.1,2025-11-02,execution,2,144,24408,0,0,0.0,-6.032128669917903e-13,2.013094079680741,日内滚动·第2层
0.1,2025-11-03,midnight,1,1,468,0,0,0.0,0.0,0.019270625081844628,午夜规划·第1层
0.1,2025-11-03,midnight,2,1,468,0,0,0.0,0.0,0.1517408749787137,午夜规划·第2层
0.1,2025-11-03,execution,1,144,26964,0,0,0.0,-4.1685173831259214e-13,0.9101516195805743,日内滚动·第1层
0.1,2025-11-03,execution,2,144,26964,0,0,0.0,0.0,2.888323382474482,日内滚动·第2层
0.1,2025-11-04,midnight,1,1,432,0,0,0.0,0.0,0.021034167031757534,午夜规划·第1层
0.1,2025-11-04,midnight,2,1,432,0,0,0.0,0.0,0.11784591700416058,午夜规划·第2层
0.1,2025-11-04,execution,1,144,27396,0,0,0.0,0.0,0.8879965876694769,日内滚动·第1层
0.1,2025-11-04,execution,2,144,27396,0,0,0.0,-2.5679239084446724e-13,2.7710659155854955,日内滚动·第2层
0.1,2025-11-05,midnight,1,1,468,0,0,0.0,0.0,0.01948054099921137,午夜规划·第1层
0.1,2025-11-05,midnight,2,1,468,0,0,0.0,-1.4359549245825623e-13,0.12573899992275983,午夜规划·第2层
0.1,2025-11-05,execution,1,144,27396,0,0,0.0,-4.31411216618705e-13,1.0826616272097453,日内滚动·第1层
0.1,2025-11-05,execution,2,144,27396,0,0,0.0,-5.082995237616548e-13,3.0122062902664766,日内滚动·第2层
0.1,2025-11-06,midnight,1,1,468,0,0,0.0,0.0,0.03134183294605464,午夜规划·第1层
0.1,2025-11-06,midnight,2,1,468,0,0,0.0,0.0,0.16215295798610896,午夜规划·第2层
0.1,2025-11-06,execution,1,144,27360,0,0,0.0,-8.6282243323741e-13,0.8506500814110041,日内滚动·第1层
0.1,2025-11-06,execution,2,144,27360,0,0,0.0,-1.4941771039827437e-12,2.4735531688202173,日内滚动·第2层
0.1,2025-11-07,midnight,1,1,468,0,0,0.0,0.0,0.01885233400389552,午夜规划·第1层
0.1,2025-11-07,midnight,2,1,468,0,0,0.0,0.0,0.09666020900476724,午夜规划·第2层
0.1,2025-11-07,execution,1,144,24444,0,0,0.0,0.0,0.7513959568459541,日内滚动·第1层
0.1,2025-11-07,execution,2,144,24444,0,0,0.0,-1.7171860786648407e-14,1.9018482902320102,日内滚动·第2层
0.1,2025-11-08,midnight,1,1,396,0,0,0.0,0.0,0.012369083007797599,午夜规划·第1层
0.1,2025-11-08,midnight,2,1,396,0,0,0.0,0.0,0.07200345897581428,午夜规划·第2层
0.1,2025-11-08,execution,1,144,26784,0,0,0.0,0.0,0.7887899219058454,日内滚动·第1层
0.1,2025-11-08,execution,2,144,26784,0,0,0.0,-6.4215975374723846e-12,1.9277100850595161,日内滚动·第2层
0.1,2025-11-09,midnight,1,1,432,0,0,0.0,0.0,0.018220999976620078,午夜规划·第1层
0.1,2025-11-09,midnight,2,1,432,0,0,0.0,-5.075659608636129e-14,0.1041325000114739,午夜规划·第2层
0.1,2025-11-09,execution,1,144,23940,0,0,0.0,0.0,0.7407175009138882,日内滚动·第1层
0.1,2025-11-09,execution,2,144,23940,0,0,0.0,-2.619418070731094e-12,2.100247582071461,日内滚动·第2层
0.1,2025-11-10,midnight,1,1,396,0,0,0.0,0.0,0.01961808290798217,午夜规划·第1层
0.1,2025-11-10,midnight,2,1,396,0,0,0.0,0.0,0.10363504197448492,午夜规划·第2层
0.1,2025-11-10,execution,1,144,25380,0,0,0.0,0.0,0.8125972951529548,日内滚动·第1层
0.1,2025-11-10,execution,2,144,25380,0,0,0.0,-4.581142140706075e-13,2.305626371409744,日内滚动·第2层
0.1,2025-11-11,midnight,1,1,468,0,0,0.0,0.0,0.025951458956114948,午夜规划·第1层
0.1,2025-11-11,midnight,2,1,468,0,0,0.0,0.0,0.13177887501660734,午夜规划·第2层
0.1,2025-11-11,execution,1,144,26244,0,0,0.0,-5.753396985589892e-13,0.8165415859548375,日内滚动·第1层
0.1,2025-11-11,execution,2,144,26244,0,0,0.0,-1.1539192696074113e-12,2.3354977051494643,日内滚动·第2层
0.1,2025-11-12,midnight,1,1,360,0,0,0.0,0.0,0.015011916984803975,午夜规划·第1层
0.1,2025-11-12,midnight,2,1,360,0,0,0.0,0.0,0.0787526669446379,午夜规划·第2层
0.1,2025-11-12,execution,1,144,25596,0,0,0.0,-3.789561257387201e-14,0.8114490036386997,日内滚动·第1层
0.1,2025-11-12,execution,2,144,25596,0,0,0.0,-5.385087474546132e-13,2.208077245973982,日内滚动·第2层
0.1,2025-11-13,midnight,1,1,324,0,0,0.0,0.0,0.014337749918922782,午夜规划·第1层
0.1,2025-11-13,midnight,2,1,324,0,0,0.0,0.0,0.06703833304345608,午夜规划·第2层
0.1,2025-11-13,execution,1,144,20088,0,0,0.0,0.0,0.6460149992490187,日内滚动·第1层
0.1,2025-11-13,execution,2,144,20088,0,0,0.0,-6.724218010932236e-13,1.7206110474653542,日内滚动·第2层
0.1,2025-11-14,midnight,1,1,468,0,0,0.0,0.0,0.019229040946811438,午夜规划·第1层
0.1,2025-11-14,midnight,2,1,468,0,0,0.0,0.0,0.1073823330225423,午夜规划·第2层
0.1,2025-11-14,execution,1,144,27576,0,0,0.0,0.0,0.8284705810947344,日内滚动·第1层
0.1,2025-11-14,execution,2,144,27576,0,0,0.0,-1.3263464400855202e-13,2.2409815499559045,日内滚动·第2层
0.1,2025-11-15,midnight,1,1,324,0,0,0.0,0.0,0.011237084050662816,午夜规划·第1层
0.1,2025-11-15,midnight,2,1,324,0,0,0.0,-2.7340300405877667e-14,0.05063337495084852,午夜规划·第2层
0.1,2025-11-15,execution,1,144,22392,0,0,0.0,0.0,0.7111947508528829,日内滚动·第1层
0.1,2025-11-15,execution,2,144,22392,0,0,0.0,-1.2919932852492568e-12,1.743277077213861,日内滚动·第2层
0.1,2025-11-16,midnight,1,1,252,0,0,0.0,0.0,0.008334874990396202,午夜规划·第1层
0.1,2025-11-16,midnight,2,1,252,0,0,0.0,0.0,0.04261558305006474,午夜规划·第2层
0.1,2025-11-16,execution,1,144,18900,0,0,0.0,-3.789561257387201e-14,0.6510337946237996,日内滚动·第1层
0.1,2025-11-16,execution,2,144,18900,0,0,0.0,-3.789561257387201e-14,1.6299182146321982,日内滚动·第2层
0.1,2025-11-17,midnight,1,1,468,0,0,0.0,0.0,0.030056499992497265,午夜规划·第1层
0.1,2025-11-17,midnight,2,1,468,0,0,0.0,0.0,0.152215417008847,午夜规划·第2层
0.1,2025-11-17,execution,1,144,27360,0,0,3.4106051316484794e-13,2.273736754432319e-13,0.865432420396246,日内滚动·第1层
0.1,2025-11-17,execution,2,144,27360,0,0,0.0,-1.459405943154646e-12,2.454778250772506,日内滚动·第2层
0.1,2025-11-18,midnight,1,1,396,0,0,0.0,0.0,0.019308584043756127,午夜规划·第1层
0.1,2025-11-18,midnight,2,1,396,0,0,0.0,0.0,0.09420475002843887,午夜规划·第2层
0.1,2025-11-18,execution,1,144,25452,0,0,0.0,0.0,0.8110489696264267,日内滚动·第1层
0.1,2025-11-18,execution,2,144,25452,0,0,0.0,-7.39334741761711e-14,2.270412001875229,日内滚动·第2层
0.1,2025-11-19,midnight,1,1,360,0,0,0.0,0.0,0.015804708003997803,午夜规划·第1层
0.1,2025-11-19,midnight,2,1,360,0,0,0.0,0.0,0.08614074997603893,午夜规划·第2层
0.1,2025-11-19,execution,1,144,23220,0,0,0.0,-1.3321292624299872e-12,0.7256769539089873,日内滚动·第1层
0.1,2025-11-19,execution,2,144,23220,0,0,0.0,-1.98843877179704e-12,1.8512567948782817,日内滚动·第2层
0.1,2025-11-20,midnight,1,1,432,0,0,0.0,0.0,0.018897457979619503,午夜规划·第1层
0.1,2025-11-20,midnight,2,1,432,0,0,0.0,0.0,0.12972724996507168,午夜规划·第2层
0.1,2025-11-20,execution,1,144,23976,0,0,0.0,-1.1368683772161603e-13,0.7800453786039725,日内滚动·第1层
0.1,2025-11-20,execution,2,144,23976,0,0,0.0,-4.69306829192577e-13,2.378099958761595,日内滚动·第2层
0.1,2025-11-21,midnight,1,1,468,0,0,0.0,0.0,0.019671999965794384,午夜规划·第1层
0.1,2025-11-21,midnight,2,1,468,0,0,0.0,0.0,0.11053991701919585,午夜规划·第2层
0.1,2025-11-21,execution,1,144,27252,0,0,0.0,0.0,0.9175867510493845,日内滚动·第1层
0.1,2025-11-21,execution,2,144,27252,0,0,0.0,0.0,2.6688035461120307,日内滚动·第2层
0.1,2025-11-22,midnight,1,1,432,0,0,0.0,0.0,0.01507775008212775,午夜规划·第1层
0.1,2025-11-22,midnight,2,1,432,0,0,0.0,0.0,0.08334008394740522,午夜规划·第2层
0.1,2025-11-22,execution,1,144,26892,0,0,0.0,0.0,0.8338650858495384,日内滚动·第1层
0.1,2025-11-22,execution,2,144,26892,0,0,0.0,-1.9167318026529926e-13,2.1710591707378626,日内滚动·第2层
0.1,2025-11-23,midnight,1,1,396,0,0,0.0,0.0,0.015343167004175484,午夜规划·第1层
0.1,2025-11-23,midnight,2,1,396,0,0,0.0,0.0,0.10400291695259511,午夜规划·第2层
0.1,2025-11-23,execution,1,144,28152,0,0,0.0,-3.789561257387201e-14,0.888156782835722,日内滚动·第1层
0.1,2025-11-23,execution,2,144,28152,0,0,0.0,-4.435446570861061e-12,2.916235910495743,日内滚动·第2层
0.1,2025-11-24,midnight,1,1,432,0,0,0.0,0.0,0.02049791708122939,午夜规划·第1层
0.1,2025-11-24,midnight,2,1,432,0,0,0.0,0.0,0.11705674999393523,午夜规划·第2层
0.1,2025-11-24,execution,1,144,27828,0,0,0.0,-1.1368683772161603e-13,0.8451573249185458,日内滚动·第1层
0.1,2025-11-24,execution,2,144,27828,0,0,0.0,0.0,2.4459043334936723,日内滚动·第2层
0.1,2025-11-25,midnight,1,1,360,0,0,0.0,0.0,0.015969916945323348,午夜规划·第1层
0.1,2025-11-25,midnight,2,1,360,0,0,0.0,0.0,0.09401324996724725,午夜规划·第2层
0.1,2025-11-25,execution,1,144,20880,0,0,0.0,-5.2148302119983336e-12,0.6998041705228388,日内滚动·第1层
0.1,2025-11-25,execution,2,144,20880,0,0,0.0,-1.2299529216518727e-12,1.6399272485869005,日内滚动·第2层
0.1,2025-11-26,midnight,1,1,432,0,0,0.0,0.0,0.01686179102398455,午夜规划·第1层
0.1,2025-11-26,midnight,2,1,432,0,0,0.0,0.0,0.10851695807650685,午夜规划·第2层
0.1,2025-11-26,execution,1,144,24660,0,0,0.0,-1.3239779642996534e-12,0.7544905005488545,日内滚动·第1层
0.1,2025-11-26,execution,2,144,24660,0,0,0.0,-1.0072994561752971e-12,1.9803807033458725,日内滚动·第2层
0.1,2025-11-27,midnight,1,1,396,0,0,0.0,0.0,0.016540959011763334,午夜规划·第1层
0.1,2025-11-27,midnight,2,1,396,0,0,0.0,0.0,0.10346654197201133,午夜规划·第2层
0.1,2025-11-27,execution,1,144,26064,0,0,0.0,-3.789561257387201e-14,0.7927769599482417,日内滚动·第1层
0.1,2025-11-27,execution,2,144,26064,0,0,0.0,-6.031429593052523e-13,2.1366486218757927,日内滚动·第2层
0.1,2025-11-28,midnight,1,1,468,0,0,0.0,0.0,0.016508499975316226,午夜规划·第1层
0.1,2025-11-28,midnight,2,1,468,0,0,0.0,0.0,0.10366466699633747,午夜规划·第2层
0.1,2025-11-28,execution,1,144,27360,0,0,0.0,0.0,0.8332352531142533,日内滚动·第1层
0.1,2025-11-28,execution,2,144,27360,0,0,0.0,-1.8542154001535647e-12,2.3366897109663114,日内滚动·第2层
0.1,2025-11-29,midnight,1,1,468,0,0,0.0,0.0,0.016915333922952414,午夜规划·第1层
0.1,2025-11-29,midnight,2,1,468,0,0,0.0,0.0,0.11136900004930794,午夜规划·第2层
0.1,2025-11-29,execution,1,144,25596,0,0,0.0,0.0,0.7945659641409293,日内滚动·第1层
0.1,2025-11-29,execution,2,144,25596,0,0,0.0,-7.097767038284087e-12,1.9582059535896406,日内滚动·第2层
0.1,2025-11-30,midnight,1,1,432,0,0,0.0,0.0,0.02782883308827877,午夜规划·第1层
0.1,2025-11-30,midnight,2,1,432,0,0,0.0,0.0,0.12180112500209361,午夜规划·第2层
0.1,2025-11-30,execution,1,144,25956,0,0,0.0,-7.579122514774402e-14,0.8327019243733957,日内滚动·第1层
0.1,2025-11-30,execution,2,144,25956,0,0,0.0,0.0,2.2929135469021276,日内滚动·第2层
0.1,2025-12-01,midnight,1,1,468,0,0,0.0,0.0,0.02612649998627603,午夜规划·第1层
0.1,2025-12-01,midnight,2,1,468,0,0,0.0,0.0,0.1420713330153376,午夜规划·第2层
0.1,2025-12-01,execution,1,144,25992,0,0,0.0,-7.579122514774402e-14,0.7911347928456962,日内滚动·第1层
0.1,2025-12-01,execution,2,144,25992,0,0,0.0,-7.578866458662037e-13,2.1714252040255815,日内滚动·第2层
0.1,2025-12-02,midnight,1,1,432,0,0,0.0,0.0,0.023159583914093673,午夜规划·第1层
0.1,2025-12-02,midnight,2,1,432,0,0,0.0,0.0,0.13098491600248963,午夜规划·第2层
0.1,2025-12-02,execution,1,144,27324,0,0,0.0,-1.5158245029548803e-13,0.8324633775046095,日内滚动·第1层
0.1,2025-12-02,execution,2,144,27324,0,0,0.0,0.0,2.407539792940952,日内滚动·第2层
0.1,2025-12-03,midnight,1,1,144,0,0,0.0,0.0,0.005010291002690792,午夜规划·第1层
0.1,2025-12-03,midnight,2,1,144,0,0,0.0,0.0,0.015734166954644024,午夜规划·第2层
0.1,2025-12-03,execution,1,144,15444,0,0,0.0,-1.1368683772161603e-13,0.5268450874136761,日内滚动·第1层
0.1,2025-12-03,execution,2,144,15444,0,0,0.0,-6.966492238731681e-12,1.1884544939966872,日内滚动·第2层
0.1,2025-12-04,midnight,1,1,360,0,0,0.0,0.0,0.017871291027404368,午夜规划·第1层
0.1,2025-12-04,midnight,2,1,360,0,0,0.0,0.0,0.1106787919998169,午夜规划·第2层
0.1,2025-12-04,execution,1,144,23832,0,0,0.0,-7.579122514774402e-14,0.7626360479043797,日内滚动·第1层
0.1,2025-12-04,execution,2,144,23832,0,0,0.0,0.0,2.21096402942203,日内滚动·第2层
0.1,2025-12-05,midnight,1,1,144,0,0,0.0,0.0,0.004765624995343387,午夜规划·第1层
0.1,2025-12-05,midnight,2,1,144,0,0,0.0,0.0,0.012139749946072698,午夜规划·第2层
0.1,2025-12-05,execution,1,144,18108,0,0,0.0,-3.789561257387201e-14,0.5825945428805426,日内滚动·第1层
0.1,2025-12-05,execution,2,144,18108,0,0,0.0,-4.3465325277121215e-13,1.4487581236753613,日内滚动·第2层
0.1,2025-12-06,midnight,1,1,396,0,0,0.0,0.0,0.01798429200425744,午夜规划·第1层
0.1,2025-12-06,midnight,2,1,396,0,0,0.0,0.0,0.09763316705357283,午夜规划·第2层
0.1,2025-12-06,execution,1,144,26928,0,0,0.0,0.0,0.8360723762307316,日内滚动·第1层
0.1,2025-12-06,execution,2,144,26928,0,0,0.0,-9.757425546943463e-14,2.953679879195988,日内滚动·第2层
0.1,2025-12-07,midnight,1,1,396,0,0,0.0,0.0,0.017547416035085917,午夜规划·第1层
0.1,2025-12-07,midnight,2,1,396,0,0,0.0,0.0,0.09907662495970726,午夜规划·第2层
0.1,2025-12-07,execution,1,144,26604,0,0,0.0,0.0,0.8128022867022082,日内滚动·第1层
0.1,2025-12-07,execution,2,144,26604,0,0,0.0,-5.358727791361823e-13,2.309291122946888,日内滚动·第2层
0.1,2025-12-08,midnight,1,1,288,0,0,0.0,0.0,0.011951499967835844,午夜规划·第1层
0.1,2025-12-08,midnight,2,1,288,0,0,0.0,0.0,0.05682475003413856,午夜规划·第2层
0.1,2025-12-08,execution,1,144,22752,0,0,0.0,-4.704374439914801e-11,0.801818166160956,日内滚动·第1层
0.1,2025-12-08,execution,2,144,22752,0,0,0.0,-4.007461029686965e-12,2.3749084572773427,日内滚动·第2层
0.1,2025-12-09,midnight,1,1,432,0,0,0.0,0.0,0.03093224996700883,午夜规划·第1层
0.1,2025-12-09,midnight,2,1,432,0,0,0.0,0.0,0.12506979203317314,午夜规划·第2层
0.1,2025-12-09,execution,1,144,27900,0,0,0.0,-2.368475785867001e-13,0.8511810022173449,日内滚动·第1层
0.1,2025-12-09,execution,2,144,27900,0,0,0.0,-4.0982644696726255e-13,2.4833482108078897,日内滚动·第2层
0.1,2025-12-10,midnight,1,1,396,0,0,0.0,0.0,0.020117082982324064,午夜规划·第1层
0.1,2025-12-10,midnight,2,1,396,0,0,0.0,0.0,0.10660975007340312,午夜规划·第2层
0.1,2025-12-10,execution,1,144,25560,0,0,0.0,-9.814605178075538e-12,0.7957781592849642,日内滚动·第1层
0.1,2025-12-10,execution,2,144,25560,0,0,0.0,-2.2772591086000634e-12,2.4428538808133453,日内滚动·第2层
0.1,2025-12-11,midnight,1,1,360,0,0,0.0,0.0,0.018604833050630987,午夜规划·第1层
0.1,2025-12-11,midnight,2,1,360,0,0,0.0,-3.3158661002138004e-14,0.09118300001136959,午夜规划·第2层
0.1,2025-12-11,execution,1,144,24048,0,0,0.0,-1.6825037448129494e-11,0.7845382908126339,日内滚动·第1层
0.1,2025-12-11,execution,2,144,24048,0,0,0.0,-2.2556369723638918e-11,2.1706178303575143,日内滚动·第2层
0.1,2025-12-12,midnight,1,1,396,0,0,0.0,0.0,0.017582833068445325,午夜规划·第1层
0.1,2025-12-12,midnight,2,1,396,0,0,0.0,0.0,0.09154558298178017,午夜规划·第2层
0.1,2025-12-12,execution,1,144,25344,0,0,0.0,-1.8947806286936004e-14,0.7867495862301439,日内滚动·第1层
0.1,2025-12-12,execution,2,144,25344,0,0,0.0,-4.21927834815371e-12,2.3370189612032846,日内滚动·第2层
0.1,2025-12-13,midnight,1,1,396,0,0,0.0,0.0,0.01955308299511671,午夜规划·第1层
0.1,2025-12-13,midnight,2,1,396,0,0,0.0,0.0,0.09058558405376971,午夜规划·第2层
0.1,2025-12-13,execution,1,144,25704,0,0,0.0,-1.8947806286936006e-13,0.8019836244639009,日内滚动·第1层
0.1,2025-12-13,execution,2,144,25704,0,0,0.0,-1.3263464400855204e-13,2.5314797091996297,日内滚动·第2层
0.1,2025-12-14,midnight,1,1,432,0,0,0.0,0.0,0.020323417033068836,午夜规划·第1层
0.1,2025-12-14,midnight,2,1,432,0,0,0.0,0.0,0.12620995799079537,午夜规划·第2层
0.1,2025-12-14,execution,1,144,24696,0,0,0.0,0.0,0.7610286674462259,日内滚动·第1层
0.1,2025-12-14,execution,2,144,24696,0,0,0.0,-2.9756174004376625e-12,1.77357670920901,日内滚动·第2层
0.1,2025-12-15,midnight,1,1,360,0,0,0.0,0.0,0.018949124962091446,午夜规划·第1层
0.1,2025-12-15,midnight,2,1,360,0,0,0.0,0.0,0.09635720797814429,午夜规划·第2层
0.1,2025-12-15,execution,1,144,25092,0,0,0.0,-3.088320548186481e-11,0.8298251646338031,日内滚动·第1层
0.1,2025-12-15,execution,2,144,25092,0,0,0.0,-1.6763073580538898e-11,2.39192046248354,日内滚动·第2层
0.1,2025-12-16,midnight,1,1,396,0,0,0.0,0.0,0.022077792091295123,午夜规划·第1层
0.1,2025-12-16,midnight,2,1,396,0,0,0.0,0.0,0.11896024993620813,午夜规划·第2层
0.1,2025-12-16,execution,1,144,26100,0,0,0.0,0.0,0.8154457461787388,日内滚动·第1层
0.1,2025-12-16,execution,2,144,26100,0,0,0.0,-4.659948749463285e-12,2.435953085660003,日内滚动·第2层
0.1,2025-12-17,midnight,1,1,360,0,0,0.0,-2.999934056534862e-13,0.020148542011156678,午夜规划·第1层
0.1,2025-12-17,midnight,2,1,360,0,0,0.0,0.0,0.08725883299484849,午夜规划·第2层
0.1,2025-12-17,execution,1,144,24624,0,0,0.0,-3.789561257387201e-14,0.767244124552235,日内滚动·第1层
0.1,2025-12-17,execution,2,144,24624,0,0,0.0,0.0,2.1438920373329893,日内滚动·第2层
0.1,2025-12-18,midnight,1,1,468,0,0,0.0,0.0,0.028776707942597568,午夜规划·第1层
0.1,2025-12-18,midnight,2,1,468,0,0,0.0,0.0,0.14652883389499038,午夜规划·第2层
0.1,2025-12-18,execution,1,144,26100,0,0,0.0,0.0,1.0020939987152815,日内滚动·第1层
0.1,2025-12-18,execution,2,144,26100,0,0,0.0,-1.4169690300669703e-11,2.774313378962688,日内滚动·第2层
0.1,2025-12-19,midnight,1,1,468,0,0,0.0,0.0,0.020893207984045148,午夜规划·第1层
0.1,2025-12-19,midnight,2,1,468,0,0,0.0,0.0,0.12801137496717274,午夜规划·第2层
0.1,2025-12-19,execution,1,144,27036,0,0,0.0,-1.8947806286936004e-14,0.8252540436806157,日内滚动·第1层
0.1,2025-12-19,execution,2,144,27036,0,0,0.0,-2.7640387746934396e-12,2.2320727481273934,日内滚动·第2层
0.1,2025-12-20,midnight,1,1,360,0,0,0.0,0.0,0.016189625021070242,午夜规划·第1层
0.1,2025-12-20,midnight,2,1,360,0,0,0.0,0.0,0.07397475000470877,午夜规划·第2层
0.1,2025-12-20,execution,1,144,24156,0,0,0.0,-3.789561257387201e-14,0.759779496002011,日内滚动·第1层
0.1,2025-12-20,execution,2,144,24156,0,0,0.0,-1.8947806286936004e-14,2.080171541776508,日内滚动·第2层
0.1,2025-12-21,midnight,1,1,360,0,0,0.0,0.0,0.019996457966044545,午夜规划·第1层
0.1,2025-12-21,midnight,2,1,360,0,0,0.0,0.0,0.08664416708052158,午夜规划·第2层
0.1,2025-12-21,execution,1,144,23832,0,0,0.0,0.0,0.7820948712760583,日内滚动·第1层
0.1,2025-12-21,execution,2,144,23832,0,0,0.0,-2.8540461747223203e-12,2.200054793502204,日内滚动·第2层
0.1,2025-12-22,midnight,1,1,288,0,0,0.0,0.0,0.01503250002861023,午夜规划·第1层
0.1,2025-12-22,midnight,2,1,288,0,0,0.0,0.0,0.06121029192581773,午夜规划·第2层
0.1,2025-12-22,execution,1,144,22608,0,0,0.0,0.0,0.7264958345331252,日内滚动·第1层
0.1,2025-12-22,execution,2,144,22608,0,0,0.0,0.0,1.9568682496901602,日内滚动·第2层
0.1,2025-12-23,midnight,1,1,432,0,0,0.0,0.0,0.021897541009820998,午夜规划·第1层
0.1,2025-12-23,midnight,2,1,432,0,0,0.0,0.0,0.12520579108968377,午夜规划·第2层
0.1,2025-12-23,execution,1,144,26424,0,0,0.0,0.0,0.8005536221899092,日内滚动·第1层
0.1,2025-12-23,execution,2,144,26424,0,0,0.0,-4.089116646344414e-12,2.267000840860419,日内滚动·第2层
0.1,2025-12-24,midnight,1,1,468,0,0,0.0,0.0,0.027672915952280164,午夜规划·第1层
0.1,2025-12-24,midnight,2,1,468,0,0,0.0,0.0,0.14277083310298622,午夜规划·第2层
0.1,2025-12-24,execution,1,144,27792,0,0,0.0,0.0,0.8470401203958318,日内滚动·第1层
0.1,2025-12-24,execution,2,144,27792,0,0,0.0,-1.173999300763687e-11,2.308814467745833,日内滚动·第2层
0.1,2025-12-25,midnight,1,1,396,0,0,0.0,0.0,0.022422124980948865,午夜规划·第1层
0.1,2025-12-25,midnight,2,1,396,0,0,0.0,0.0,0.1081721669761464,午夜规划·第2层
0.1,2025-12-25,execution,1,144,24084,0,0,0.0,-1.1368683772161603e-13,0.7601372061762959,日内滚动·第1层
0.1,2025-12-25,execution,2,144,24084,0,0,0.0,-3.611397654627581e-12,2.130700330832042,日内滚动·第2层
0.1,2025-12-26,midnight,1,1,360,0,0,0.0,0.0,0.013610917027108371,午夜规划·第1层
0.1,2025-12-26,midnight,2,1,360,0,0,0.0,0.0,0.07450724998489022,午夜规划·第2层
0.1,2025-12-26,execution,1,144,24300,0,0,0.0,0.0,0.7742627081461251,日内滚动·第1层
0.1,2025-12-26,execution,2,144,24300,0,0,0.0,-1.06946616796028e-12,2.2466402478748932,日内滚动·第2层
0.1,2025-12-27,midnight,1,1,360,0,0,0.0,0.0,0.0157183330738917,午夜规划·第1层
0.1,2025-12-27,midnight,2,1,360,0,0,0.0,0.0,0.0800043330527842,午夜规划·第2层
0.1,2025-12-27,execution,1,144,21960,0,0,0.0,-3.789561257387201e-14,0.6971170349279419,日内滚动·第1层
0.1,2025-12-27,execution,2,144,21960,0,0,0.0,-3.789561257387201e-14,1.8692594186868519,日内滚动·第2层
0.1,2025-12-28,midnight,1,1,360,0,0,0.0,-3.230698214729852e-13,0.018316042027436197,午夜规划·第1层
0.1,2025-12-28,midnight,2,1,360,0,0,0.0,0.0,0.0918167500058189,午夜规划·第2层
0.1,2025-12-28,execution,1,144,24660,1,1,748.5597965942674,748.5597965942663,0.8602558020502329,日内滚动·第1层
0.1,2025-12-28,execution,2,144,24660,0,0,0.0,-9.937712817558826e-14,2.463047052384354,日内滚动·第2层
0.1,2025-12-29,midnight,1,1,360,0,0,0.0,0.0,0.019747332902625203,午夜规划·第1层
0.1,2025-12-29,midnight,2,1,360,0,0,0.0,0.0,0.09227795794140548,午夜规划·第2层
0.1,2025-12-29,execution,1,144,25380,0,0,0.0,0.0,0.7824694983428344,日内滚动·第1层
0.1,2025-12-29,execution,2,144,25380,0,0,0.0,-2.3591087968683784e-12,2.0755923744291067,日内滚动·第2层
0.1,2025-12-30,midnight,1,1,360,0,0,0.0,0.0,0.020727040944620967,午夜规划·第1层
0.1,2025-12-30,midnight,2,1,360,0,0,0.0,0.0,0.0942490000743419,午夜规划·第2层
0.1,2025-12-30,execution,1,144,24228,0,0,0.0,-3.019878516330935e-12,0.7670429555000737,日内滚动·第1层
0.1,2025-12-30,execution,2,144,24228,0,0,0.0,-1.0105830016608893e-11,2.2218975423602387,日内滚动·第2层
0.1,2025-12-31,midnight,1,1,396,0,0,0.0,0.0,0.02183654101099819,午夜规划·第1层
0.1,2025-12-31,midnight,2,1,396,0,0,0.0,-4.736951571734001e-15,0.10303275007754564,午夜规划·第2层
0.1,2025-12-31,execution,1,144,25272,0,0,0.0,-3.789561257387201e-14,0.7909008774440736,日内滚动·第1层
0.1,2025-12-31,execution,2,144,25272,0,0,0.0,-2.8421709430404004e-14,2.21522037696559,日内滚动·第2层
0.01,2025-02-01,midnight,1,1,144,0,0,0.0,0.0,0.004718582960776985,午夜规划·第1层
0.01,2025-02-01,midnight,2,1,144,0,0,0.0,0.0,0.012752957991324365,午夜规划·第2层
0.01,2025-02-01,execution,1,144,10440,1,1,427.61447817738497,427.61447817736956,0.277225747006014,日内滚动·第1层
0.01,2025-02-01,execution,2,144,10440,0,0,0.0,-9.60891591942454e-11,0.47343028942123055,日内滚动·第2层
0.01,2025-02-02,midnight,1,1,144,0,0,0.0,0.0,0.003983167000114918,午夜规划·第1层
0.01,2025-02-02,midnight,2,1,144,0,0,0.0,0.0,0.014940875000320375,午夜规划·第2层
0.01,2025-02-02,execution,1,144,10440,0,0,0.0,-5.0290022609499945e-11,0.26906592037994415,日内滚动·第1层
0.01,2025-02-02,execution,2,144,10440,0,0,0.0,-3.7894613205613085e-11,0.4633469565305859,日内滚动·第2层
0.01,2025-02-03,midnight,1,1,144,0,0,0.0,0.0,0.0039344580145552754,午夜规划·第1层
0.01,2025-02-03,midnight,2,1,144,0,0,0.0,0.0,0.013333417009562254,午夜规划·第2层
0.01,2025-02-03,execution,1,144,10440,0,0,0.0,-3.789561257387201e-14,0.32315532804932445,日内滚动·第1层
0.01,2025-02-03,execution,2,144,10440,0,0,0.0,-3.5581628575034136e-11,0.5564648755826056,日内滚动·第2层
0.01,2025-02-04,midnight,1,1,144,0,0,0.0,0.0,0.006594709004275501,午夜规划·第1层
0.01,2025-02-04,midnight,2,1,144,0,0,0.0,0.0,0.022651041042990983,午夜规划·第2层
0.01,2025-02-04,execution,1,144,10440,0,0,0.0,-2.7444108529475807e-12,0.5121874617179856,日内滚动·第1层
0.01,2025-02-04,execution,2,144,10440,0,0,0.0,-4.7957884191604694e-11,0.9338234643219039,日内滚动·第2层
0.01,2025-02-05,midnight,1,1,180,0,0,0.0,0.0,0.007901292061433196,午夜规划·第1层
0.01,2025-02-05,midnight,2,1,180,0,0,0.0,0.0,0.03213483397848904,午夜规划·第2层
0.01,2025-02-05,execution,1,144,14652,0,0,0.0,-1.1368683772161603e-13,0.48719786782748997,日内滚动·第1层
0.01,2025-02-05,execution,2,144,14652,0,0,0.0,0.0,1.1019825817784294,日内滚动·第2层
0.01,2025-02-06,midnight,1,1,252,0,0,0.0,0.0,0.009556166012771428,午夜规划·第1层
0.01,2025-02-06,midnight,2,1,252,0,0,0.0,0.0,0.04761420900467783,午夜规划·第2层
0.01,2025-02-06,execution,1,144,17064,0,0,0.0,-1.5158245029548803e-13,0.5500710847554728,日内滚动·第1层
0.01,2025-02-06,execution,2,144,17064,0,0,0.0,0.0,1.3575504168402404,日内滚动·第2层
0.01,2025-02-07,midnight,1,1,216,0,0,0.0,0.0,0.00737766595557332,午夜规划·第1层
0.01,2025-02-07,midnight,2,1,216,0,0,0.0,0.0,0.03133658296428621,午夜规划·第2层
0.01,2025-02-07,execution,1,144,20340,0,0,0.0,0.0,0.7193179245805368,日内滚动·第1层
0.01,2025-02-07,execution,2,144,20340,0,0,0.0,0.0,1.9342676567612216,日内滚动·第2层
0.01,2025-02-08,midnight,1,1,324,0,0,0.0,0.0,0.012865792028605938,午夜规划·第1层
0.01,2025-02-08,midnight,2,1,324,0,0,0.0,0.0,0.06492891698144376,午夜规划·第2层
0.01,2025-02-08,execution,1,144,19368,0,0,0.0,-1.72564486647482e-12,0.6214956329204142,日内滚动·第1层
0.01,2025-02-08,execution,2,144,19368,0,0,0.0,-1.828361822812607e-12,1.6241666200803593,日内滚动·第2层
0.01,2025-02-09,midnight,1,1,324,0,0,0.0,0.0,0.013663457939401269,午夜规划·第1层
0.01,2025-02-09,midnight,2,1,324,0,0,0.0,0.0,0.07297708396799862,午夜规划·第2层
0.01,2025-02-09,execution,1,144,21564,0,0,0.0,-3.789561257387201e-14,0.6985587076051161,日内滚动·第1层
0.01,2025-02-09,execution,2,144,21564,0,0,0.0,-7.579122514774402e-14,2.0872273786226287,日内滚动·第2层
0.01,2025-02-10,midnight,1,1,324,0,0,0.0,0.0,0.013489124947227538,午夜规划·第1层
0.01,2025-02-10,midnight,2,1,324,0,0,0.0,0.0,0.07516004191711545,午夜规划·第2层
0.01,2025-02-10,execution,1,144,20304,0,0,0.0,0.0,0.7044678742531687,日内滚动·第1层
0.01,2025-02-10,execution,2,144,20304,0,0,0.0,-5.764548632369324e-13,1.9855767434928566,日内滚动·第2层
0.01,2025-02-11,midnight,1,1,396,0,0,0.0,0.0,0.020432332996279,午夜规划·第1层
0.01,2025-02-11,midnight,2,1,396,0,0,0.0,0.0,0.11883195803966373,午夜规划·第2层
0.01,2025-02-11,execution,1,144,23760,0,0,0.0,-2.914968334570965e-13,0.8223456642590463,日内滚动·第1层
0.01,2025-02-11,execution,2,144,23760,0,0,0.0,-1.0712769223975291e-12,2.5192845908459276,日内滚动·第2层
0.01,2025-02-12,midnight,1,1,396,0,0,0.0,0.0,0.02211750007700175,午夜规划·第1层
0.01,2025-02-12,midnight,2,1,396,0,0,0.0,0.0,0.16190770792309195,午夜规划·第2层
0.01,2025-02-12,execution,1,144,24912,0,0,0.0,-1.1368683772161603e-13,1.058115286868997,日内滚动·第1层
0.01,2025-02-12,execution,2,144,24912,0,0,0.0,-8.61446335359083e-13,3.797740582958795,日内滚动·第2层
0.01,2025-02-13,midnight,1,1,432,0,0,0.0,0.0,0.023965791915543377,午夜规划·第1层
0.01,2025-02-13,midnight,2,1,432,0,0,0.0,0.0,0.15973220800515264,午夜规划·第2层
0.01,2025-02-13,execution,1,144,24948,0,0,0.0,-1.1368683772161603e-13,0.792246374185197,日内滚动·第1层
0.01,2025-02-13,execution,2,144,24948,0,0,0.0,-6.280528671464291e-12,2.6119218721287325,日内滚动·第2层
0.01,2025-02-14,midnight,1,1,468,0,0,0.0,0.0,0.018465874949470162,午夜规划·第1层
0.01,2025-02-14,midnight,2,1,468,0,0,0.0,0.0,0.1236194169614464,午夜规划·第2层
0.01,2025-02-14,execution,1,144,26280,0,0,0.0,0.0,0.8113776196260005,日内滚动·第1层
0.01,2025-02-14,execution,2,144,26280,0,0,0.0,-1.9996214315694792e-13,2.481595337158069,日内滚动·第2层
0.01,2025-02-15,midnight,1,1,504,0,0,0.0,0.0,0.02239462500438094,午夜规划·第1层
0.01,2025-02-15,midnight,2,1,504,0,0,0.0,-9.114696168193657e-15,0.1471610829466954,午夜规划·第2层
0.01,2025-02-15,execution,1,144,27072,0,0,0.0,0.0,0.8493333724327385,日内滚动·第1层
0.01,2025-02-15,execution,2,144,27072,0,0,0.0,-9.066354951690911e-13,2.777908959425986,日内滚动·第2层
0.01,2025-02-16,midnight,1,1,504,0,0,0.0,0.0,0.025241708965040743,午夜规划·第1层
0.01,2025-02-16,midnight,2,1,504,0,0,0.0,0.0,0.1661977090407163,午夜规划·第2层
0.01,2025-02-16,execution,1,144,27288,0,0,0.0,-1.1558161835030962e-12,0.7959650682751089,日内滚动·第1层
0.01,2025-02-16,execution,2,144,27288,0,0,0.0,-6.6707200522100344e-12,2.6088160012150183,日内滚动·第2层
0.01,2025-02-17,midnight,1,1,504,0,0,0.0,0.0,0.019841999979689717,午夜规划·第1层
0.01,2025-02-17,midnight,2,1,504,0,0,0.0,0.0,0.1587305829161778,午夜规划·第2层
0.01,2025-02-17,execution,1,144,28656,0,0,0.0,-3.789561257387201e-14,0.8649518720339984,日内滚动·第1层
0.01,2025-02-17,execution,2,144,28656,0,0,0.0,-2.29450375715086e-12,3.213229742483236,日内滚动·第2层
0.01,2025-02-18,midnight,1,1,468,0,0,0.0,0.0,0.017401249962858856,午夜规划·第1层
0.01,2025-02-18,midnight,2,1,468,0,0,0.0,0.0,0.15600845799781382,午夜规划·第2层
0.01,2025-02-18,execution,1,144,27288,0,0,0.0,-1.1368683772161603e-13,0.8323504158761352,日内滚动·第1层
0.01,2025-02-18,execution,2,144,27288,0,0,0.0,-3.6341775798082167e-12,2.9439312097383663,日内滚动·第2层
0.01,2025-02-19,midnight,1,1,468,0,0,0.0,0.0,0.016176917008124292,午夜规划·第1层
0.01,2025-02-19,midnight,2,1,468,0,0,0.0,-2.728717171058653e-15,0.13437066704500467,午夜规划·第2层
0.01,2025-02-19,execution,1,144,26784,0,0,0.0,-8.442424547498122e-13,0.7517612947849557,日内滚动·第1层
0.01,2025-02-19,execution,2,144,26784,0,0,0.0,-6.751362527672262e-12,2.5360037428326905,日内滚动·第2层
0.01,2025-02-20,midnight,1,1,504,0,0,0.0,0.0,0.02327316696755588,午夜规划·第1层
0.01,2025-02-20,midnight,2,1,504,0,0,0.0,0.0,0.1658510830020532,午夜规划·第2层
0.01,2025-02-20,execution,1,144,28152,0,0,0.0,-1.5158245029548803e-13,0.8185929624596611,日内滚动·第1层
0.01,2025-02-20,execution,2,144,28152,0,0,0.0,-1.1891307314263868e-12,2.789603042183444,日内滚动·第2层
0.01,2025-02-21,midnight,1,1,468,0,0,0.0,0.0,0.015259374980814755,午夜规划·第1层
0.01,2025-02-21,midnight,2,1,468,0,0,0.0,0.0,0.11650554102379829,午夜规划·第2层
0.01,2025-02-21,execution,1,144,26316,0,0,0.0,-8.6282243323741e-13,0.6922448364784941,日内滚动·第1层
0.01,2025-02-21,execution,2,144,26316,0,0,0.0,-7.642502190262216e-12,2.0619278259109706,日内滚动·第2层
0.01,2025-02-22,midnight,1,1,468,0,0,0.0,0.0,0.01518037507776171,午夜规划·第1层
0.01,2025-02-22,midnight,2,1,468,0,0,0.0,0.0,0.10469254094641656,午夜规划·第2层
0.01,2025-02-22,execution,1,144,28692,0,0,0.0,0.0,0.7396519532194361,日内滚动·第1层
0.01,2025-02-22,execution,2,144,28692,0,0,0.0,-1.2539119103495011e-11,2.378869621315971,日内滚动·第2层
0.01,2025-02-23,midnight,1,1,504,0,0,0.0,0.0,0.021917790989391506,午夜规划·第1层
0.01,2025-02-23,midnight,2,1,504,0,0,0.0,-2.4931324061757904e-15,0.14820737508125603,午夜规划·第2层
0.01,2025-02-23,execution,1,144,28152,0,0,0.0,-4.087989206406444e-12,0.7519050813280046,日内滚动·第1层
0.01,2025-02-23,execution,2,144,28152,0,0,0.0,-1.845022378148714e-11,2.55853904329706,日内滚动·第2层
0.01,2025-02-24,midnight,1,1,432,0,0,0.0,0.0,0.01573725009802729,午夜规划·第1层
0.01,2025-02-24,midnight,2,1,432,0,0,0.0,0.0,0.12348225002642721,午夜规划·第2层
0.01,2025-02-24,execution,1,144,27720,0,0,0.0,-6.643574579356937e-13,0.7347017908468843,日内滚动·第1层
0.01,2025-02-24,execution,2,144,27720,0,0,0.0,-3.676900542205907e-12,2.814503750996664,日内滚动·第2层
0.01,2025-02-25,midnight,1,1,396,0,0,0.0,0.0,0.015820749918930233,午夜规划·第1层
0.01,2025-02-25,midnight,2,1,396,0,0,0.0,0.0,0.10827879200223833,午夜规划·第2层
0.01,2025-02-25,execution,1,144,26280,0,0,0.0,-7.579122514774402e-14,0.6898754999274388,日内滚动·第1层
0.01,2025-02-25,execution,2,144,26280,0,0,0.0,-3.9545494206736184e-12,2.247943046502769,日内滚动·第2层
0.01,2025-02-26,midnight,1,1,396,0,0,0.0,0.0,0.015721832984127104,午夜规划·第1层
0.01,2025-02-26,midnight,2,1,396,0,0,0.0,0.0,0.09262929193209857,午夜规划·第2层
0.01,2025-02-26,execution,1,144,26316,0,0,0.0,0.0,0.705490835593082,日内滚动·第1层
0.01,2025-02-26,execution,2,144,26316,0,0,0.0,-8.834863357900497e-12,2.493033248349093,日内滚动·第2层
0.01,2025-02-27,midnight,1,1,432,0,0,0.0,0.0,0.016322582960128784,午夜规划·第1层
0.01,2025-02-27,midnight,2,1,432,0,0,0.0,0.0,0.11279137502424419,午夜规划·第2层
0.01,2025-02-27,execution,1,144,26424,0,0,0.0,0.0,0.9604425523430109,日内滚动·第1层
0.01,2025-02-27,execution,2,144,26424,0,0,0.0,-1.198364490607514e-13,2.787172455457039,日内滚动·第2层
0.01,2025-02-28,midnight,1,1,432,0,0,0.0,0.0,0.02422891603782773,午夜规划·第1层
0.01,2025-02-28,midnight,2,1,432,0,0,0.0,0.0,0.15780208294745535,午夜规划·第2层
0.01,2025-02-28,execution,1,144,25308,0,0,0.0,0.0,0.765341998077929,日内滚动·第1层
0.01,2025-02-28,execution,2,144,25308,0,0,0.0,-4.00806322216531e-12,2.202489835093729,日内滚动·第2层
0.01,2025-03-01,midnight,1,1,432,0,0,0.0,0.0,0.012088249903172255,午夜规划·第1层
0.01,2025-03-01,midnight,2,1,432,0,0,0.0,0.0,0.08369783405214548,午夜规划·第2层
0.01,2025-03-01,execution,1,144,25488,0,0,0.0,0.0,0.6560257097007707,日内滚动·第1层
0.01,2025-03-01,execution,2,144,25488,0,0,0.0,-3.017258634665011e-13,1.8464345820248127,日内滚动·第2层
0.01,2025-03-02,midnight,1,1,396,0,0,0.0,0.0,0.01640766696073115,午夜规划·第1层
0.01,2025-03-02,midnight,2,1,396,0,0,0.0,0.0,0.09849091595970094,午夜规划·第2层
0.01,2025-03-02,execution,1,144,26676,0,0,0.0,-1.1342807798151741e-11,0.7163399952696636,日内滚动·第1层
0.01,2025-03-02,execution,2,144,26676,0,0,1.074340616469271e-11,5.799008254072416e-13,2.310056292102672,日内滚动·第2层
0.01,2025-03-03,midnight,1,1,360,0,0,0.0,0.0,0.016077667009085417,午夜规划·第1层
0.01,2025-03-03,midnight,2,1,360,0,0,0.0,0.0,0.08902674994897097,午夜规划·第2层
0.01,2025-03-03,execution,1,144,25704,0,0,0.0,-1.9895196601282803e-13,0.6882086240220815,日内滚动·第1层
0.01,2025-03-03,execution,2,144,25704,0,0,0.0,-5.864954289772492e-13,2.171478791278787,日内滚动·第2层
0.01,2025-03-04,midnight,1,1,324,0,0,0.0,0.0,0.012700832914561033,午夜规划·第1层
0.01,2025-03-04,midnight,2,1,324,0,0,0.0,0.0,0.06743037502747029,午夜规划·第2层
0.01,2025-03-04,execution,1,144,24984,0,0,3.4106051316484763e-13,-3.3395508580724744e-13,0.6819688697578385,日内滚动·第1层
0.01,2025-03-04,execution,2,144,24984,0,0,0.0,-1.3575452697942399e-12,2.5049724113196135,日内滚动·第2层
0.01,2025-03-05,midnight,1,1,396,0,0,0.0,0.0,0.014196583069860935,午夜规划·第1层
0.01,2025-03-05,midnight,2,1,396,0,0,0.0,0.0,0.10431349999271333,午夜规划·第2层
0.01,2025-03-05,execution,1,144,25956,0,0,0.0,-7.579122514774402e-14,0.6942718260688707,日内滚动·第1层
0.01,2025-03-05,execution,2,144,25956,0,0,0.0,-2.6053233644537005e-13,2.354430830688216,日内滚动·第2层
0.01,2025-03-06,midnight,1,1,396,0,0,0.0,0.0,0.01754170807544142,午夜规划·第1层
0.01,2025-03-06,midnight,2,1,396,0,0,0.0,0.0,0.10909795900806785,午夜规划·第2层
0.01,2025-03-06,execution,1,144,26280,0,0,0.0,-3.789561257387201e-14,0.7245509201893583,日内滚动·第1层
0.01,2025-03-06,execution,2,144,26280,0,0,0.0,-1.5409522279552282e-12,2.837830078206025,日内滚动·第2层
0.01,2025-03-07,midnight,1,1,396,0,0,0.0,0.0,0.011586874956265092,午夜规划·第1层
0.01,2025-03-07,midnight,2,1,396,0,0,0.0,0.0,0.07251470896881074,午夜规划·第2层
0.01,2025-03-07,execution,1,144,26460,0,0,0.0,0.0,0.6923244523350149,日内滚动·第1层
0.01,2025-03-07,execution,2,144,26460,0,0,0.0,-8.246664125192486e-13,2.1652237926609814,日内滚动·第2层
0.01,2025-03-08,midnight,1,1,396,0,0,0.0,0.0,0.011843458050861955,午夜规划·第1层
0.01,2025-03-08,midnight,2,1,396,0,0,0.0,-1.0658141036401503e-14,0.07144737499766052,午夜规划·第2层
0.01,2025-03-08,execution,1,144,25956,0,0,0.0,0.0,0.6662678739521652,日内滚动·第1层
0.01,2025-03-08,execution,2,144,25956,0,0,0.0,-9.890205450643551e-13,2.1186445768689737,日内滚动·第2层
0.01,2025-03-09,midnight,1,1,396,0,0,0.0,0.0,0.01509416603948921,午夜规划·第1层
0.01,2025-03-09,midnight,2,1,396,0,0,0.0,0.0,0.10017254191916436,午夜规划·第2层
0.01,2025-03-09,execution,1,144,27000,0,0,0.0,0.0,0.7152457894990221,日内滚动·第1层
0.01,2025-03-09,execution,2,144,27000,0,0,0.0,-1.1818892026276619e-12,2.6272471650736406,日内滚动·第2层
0.01,2025-03-10,midnight,1,1,396,0,0,0.0,0.0,0.015797290951013565,午夜规划·第1层
0.01,2025-03-10,midnight,2,1,396,0,0,0.0,0.0,0.09480962494853884,午夜规划·第2层
0.01,2025-03-10,execution,1,144,25164,0,0,0.0,-4.92642963460336e-13,0.6684642480686307,日内滚动·第1层
0.01,2025-03-10,execution,2,144,25164,0,0,0.0,-5.968558980384842e-13,2.31063482852187,日内滚动·第2层
0.01,2025-03-11,midnight,1,1,432,0,0,0.0,0.0,0.020242166006937623,午夜规划·第1层
0.01,2025-03-11,midnight,2,1,432,0,0,0.0,0.0,0.11745416594203562,午夜规划·第2层
0.01,2025-03-11,execution,1,144,27288,0,0,0.0,-1.1368683772161603e-13,0.7325513402465731,日内滚动·第1层
0.01,2025-03-11,execution,2,144,27288,0,0,0.0,0.0,2.658757374039851,日内滚动·第2层
0.01,2025-03-12,midnight,1,1,432,0,0,0.0,0.0,0.018352124956436455,午夜规划·第1层
0.01,2025-03-12,midnight,2,1,432,0,0,0.0,-3.047211076287942e-14,0.11109187500551343,午夜规划·第2层
0.01,2025-03-12,execution,1,144,27252,0,0,0.0,-3.41060513164848e-13,0.73200529278256,日内滚动·第1层
0.01,2025-03-12,execution,2,144,27252,0,0,0.0,-9.979068721425673e-13,2.5689820890547708,日内滚动·第2层
0.01,2025-03-13,midnight,1,1,468,0,0,0.0,0.0,0.018563500023446977,午夜规划·第1层
0.01,2025-03-13,midnight,2,1,468,0,0,0.0,0.0,0.1296248339349404,午夜规划·第2层
0.01,2025-03-13,execution,1,144,25812,0,0,0.0,0.0,0.684585164883174,日内滚动·第1层
0.01,2025-03-13,execution,2,144,25812,0,0,0.0,-6.8332289781351964e-12,2.1525726293912157,日内滚动·第2层
0.01,2025-03-14,midnight,1,1,432,0,0,0.0,0.0,0.015362333040684462,午夜规划·第1层
0.01,2025-03-14,midnight,2,1,432,0,0,0.0,-2.1464825983310508e-14,0.08507341693621129,午夜规划·第2层
0.01,2025-03-14,execution,1,144,26388,0,0,0.0,-8.6282243323741e-13,0.6774093763669953,日内滚动·第1层
0.01,2025-03-14,execution,2,144,26388,0,0,0.0,-1.1339846536792673e-12,2.19347633770667,日内滚动·第2层
0.01,2025-03-15,midnight,1,1,432,0,0,0.0,0.0,0.014094625017605722,午夜规划·第1层
0.01,2025-03-15,midnight,2,1,432,0,0,0.0,0.0,0.09095274994615465,午夜规划·第2层
0.01,2025-03-15,execution,1,144,26604,0,0,0.0,-6.188054638374545e-12,0.680698997923173,日内滚动·第1层
0.01,2025-03-15,execution,2,144,26604,0,0,0.0,-1.094022444271334e-11,2.1552232627291232,日内滚动·第2层
0.01,2025-03-16,midnight,1,1,396,0,0,0.0,0.0,0.016901290975511074,午夜规划·第1层
0.01,2025-03-16,midnight,2,1,396,0,0,0.0,0.0,0.10755979106761515,午夜规划·第2层
0.01,2025-03-16,execution,1,144,25416,0,0,0.0,0.0,0.6760831327410415,日内滚动·第1层
0.01,2025-03-16,execution,2,144,25416,0,0,0.0,0.0,2.3609417066909373,日内滚动·第2层
0.01,2025-03-17,midnight,1,1,360,0,0,0.0,0.0,0.011615999974310398,午夜规划·第1层
0.01,2025-03-17,midnight,2,1,360,0,0,0.0,0.0,0.08274104096926749,午夜规划·第2层
0.01,2025-03-17,execution,1,144,25020,0,0,0.0,-1.8663589192631966e-12,0.6805291672935709,日内滚动·第1层
0.01,2025-03-17,execution,2,144,25020,0,0,0.0,-8.31699122467274e-12,2.320278948871419,日内滚动·第2层
0.01,2025-03-18,midnight,1,1,432,0,0,0.0,0.0,0.020205708919093013,午夜规划·第1层
0.01,2025-03-18,midnight,2,1,432,0,0,0.0,0.0,0.10945587500464171,午夜规划·第2层
0.01,2025-03-18,execution,1,144,26100,0,0,0.0,0.0,0.6902142582694069,日内滚动·第1层
0.01,2025-03-18,execution,2,144,26100,0,0,0.0,-3.4952590000795074e-13,2.4034835416823626,日内滚动·第2层
0.01,2025-03-19,midnight,1,1,360,0,0,0.0,0.0,0.013534417026676238,午夜规划·第1层
0.01,2025-03-19,midnight,2,1,360,0,0,0.0,0.0,0.08404524996876717,午夜规划·第2层
0.01,2025-03-19,execution,1,144,26424,0,0,0.0,0.0,0.9319078739499673,日内滚动·第1层
0.01,2025-03-19,execution,2,144,26424,0,0,0.0,-4.0292885800889267e-13,3.7048012543236837,日内滚动·第2层
0.01,2025-03-20,midnight,1,1,360,0,0,0.0,0.0,0.01572987507097423,午夜规划·第1层
0.01,2025-03-20,midnight,2,1,360,0,0,0.0,0.0,0.0855932089034468,午夜规划·第2层
0.01,2025-03-20,execution,1,144,24912,0,0,0.0,0.0,0.7537163762608543,日内滚动·第1层
0.01,2025-03-20,execution,2,144,24912,0,0,0.0,-2.6275241525187255e-12,2.360713490867056,日内滚动·第2层
0.01,2025-03-21,midnight,1,1,468,0,0,0.0,0.0,0.020249916007742286,午夜规划·第1层
0.01,2025-03-21,midnight,2,1,468,0,0,0.0,0.0,0.12926087505184114,午夜规划·第2层
0.01,2025-03-21,execution,1,144,26352,0,0,0.0,0.0,0.8103593300329521,日内滚动·第1层
0.01,2025-03-21,execution,2,144,26352,0,0,0.0,-2.287691077037009e-12,2.497804343001917,日内滚动·第2层
0.01,2025-03-22,midnight,1,1,468,0,0,0.0,0.0,0.020067083998583257,午夜规划·第1层
0.01,2025-03-22,midnight,2,1,468,0,0,0.0,0.0,0.12195850000716746,午夜规划·第2层
0.01,2025-03-22,execution,1,144,26640,0,0,0.0,0.0,0.8090532085625455,日内滚动·第1层
0.01,2025-03-22,execution,2,144,26640,0,0,0.0,-2.5839865704985136e-12,2.391484409570694,日内滚动·第2层
0.01,2025-03-23,midnight,1,1,360,0,0,0.0,0.0,0.017008624970912933,午夜规划·第1层
0.01,2025-03-23,midnight,2,1,360,0,0,0.0,0.0,0.09424670902080834,午夜规划·第2层
0.01,2025-03-23,execution,1,144,26532,0,0,0.0,0.0,0.866087089641951,日内滚动·第1层
0.01,2025-03-23,execution,2,144,26532,0,0,0.0,-1.2900711904054128e-11,2.9072017488069832,日内滚动·第2层
0.01,2025-03-24,midnight,1,1,396,0,0,0.0,0.0,0.018055291031487286,午夜规划·第1层
0.01,2025-03-24,midnight,2,1,396,0,0,0.0,0.0,0.11363187502138317,午夜规划·第2层
0.01,2025-03-24,execution,1,144,27288,0,0,0.0,0.0,0.8386994599131867,日内滚动·第1层
0.01,2025-03-24,execution,2,144,27288,0,0,0.0,-7.599393298999687e-14,2.7694823794299737,日内滚动·第2层
0.01,2025-03-25,midnight,1,1,396,0,0,0.0,0.0,0.01747545797843486,午夜规划·第1层
0.01,2025-03-25,midnight,2,1,396,0,0,0.0,0.0,0.10360375000163913,午夜规划·第2层
0.01,2025-03-25,execution,1,144,25776,0,0,0.0,-2.5075776965962223e-11,0.7840803834842518,日内滚动·第1层
0.01,2025-03-25,execution,2,144,25776,0,0,0.0,-1.843192549846085e-11,2.5280139506794512,日内滚动·第2层
0.01,2025-03-26,midnight,1,1,396,0,0,0.0,0.0,0.01887095905840397,午夜规划·第1层
0.01,2025-03-26,midnight,2,1,396,0,0,0.0,0.0,0.10651258297730237,午夜规划·第2层
0.01,2025-03-26,execution,1,144,26928,0,0,0.0,0.0,0.8495597562287003,日内滚动·第1层
0.01,2025-03-26,execution,2,144,26928,0,0,0.0,0.0,2.818505499046296,日内滚动·第2层
0.01,2025-03-27,midnight,1,1,360,0,0,0.0,0.0,0.01593345799483359,午夜规划·第1层
0.01,2025-03-27,midnight,2,1,360,0,0,0.0,0.0,0.08804745902307332,午夜规划·第2层
0.01,2025-03-27,execution,1,144,25344,0,0,0.0,0.0,0.8240793769946322,日内滚动·第1层
0.01,2025-03-27,execution,2,144,25344,0,0,0.0,-1.1466974841710405e-11,2.7880257037468255,日内滚动·第2层
0.01,2025-03-28,midnight,1,1,468,0,0,0.0,0.0,0.019294749945402145,午夜规划·第1层
0.01,2025-03-28,midnight,2,1,468,0,0,0.0,-4.736951571734001e-15,0.1187241249717772,午夜规划·第2层
0.01,2025-03-28,execution,1,144,27756,0,0,0.0,-6.8756162648606115e-12,0.8789581672754139,日内滚动·第1层
0.01,2025-03-28,execution,2,144,27756,0,0,0.0,-3.463561697764314e-12,2.709329164819792,日内滚动·第2层
0.01,2025-03-29,midnight,1,1,360,0,0,0.0,0.0,0.01367358397692442,午夜规划·第1层
0.01,2025-03-29,midnight,2,1,360,0,0,0.0,0.0,0.06743608298711479,午夜规划·第2层
0.01,2025-03-29,execution,1,144,24912,0,0,0.0,0.0,0.7261822045547888,日内滚动·第1层
0.01,2025-03-29,execution,2,144,24912,0,0,0.0,0.0,2.015545583795756,日内滚动·第2层
0.01,2025-03-30,midnight,1,1,432,0,0,0.0,0.0,0.01742954202927649,午夜规划·第1层
0.01,2025-03-30,midnight,2,1,432,0,0,0.0,-3.846750014850119e-13,0.11620399996172637,午夜规划·第2层
0.01,2025-03-30,execution,1,144,27036,0,0,0.0,0.0,0.8329427114222199,日内滚动·第1层
0.01,2025-03-30,execution,2,144,27036,0,0,0.0,-5.27014322555079e-12,2.5370118318824098,日内滚动·第2层
0.01,2025-03-31,midnight,1,1,432,0,0,0.0,0.0,0.02300362498499453,午夜规划·第1层
0.01,2025-03-31,midnight,2,1,432,0,0,0.0,0.0,0.15295237500686198,午夜规划·第2层
0.01,2025-03-31,execution,1,144,25560,0,0,0.0,-7.579122514774402e-14,0.8346440846798941,日内滚动·第1层
0.01,2025-03-31,execution,2,144,25560,0,0,0.0,-1.8474111129762602e-13,2.828483665478416,日内滚动·第2层
0.01,2025-04-01,midnight,1,1,432,0,0,0.0,0.0,0.025498834089376032,午夜规划·第1层
0.01,2025-04-01,midnight,2,1,432,0,0,0.0,0.0,0.14807016600389034,午夜规划·第2层
0.01,2025-04-01,execution,1,144,25164,0,0,0.0,0.0,0.734072050312534,日内滚动·第1层
0.01,2025-04-01,execution,2,144,25164,0,0,0.0,-3.95872673620244e-12,2.314882292295806,日内滚动·第2层
0.01,2025-04-02,midnight,1,1,324,0,0,0.0,0.0,0.011760125053115189,午夜规划·第1层
0.01,2025-04-02,midnight,2,1,324,0,0,0.0,-5.394715436282821e-16,0.06559358397498727,午夜规划·第2层
0.01,2025-04-02,execution,1,144,23760,0,0,0.0,-2.157056083093525e-13,0.7364725421648473,日内滚动·第1层
0.01,2025-04-02,execution,2,144,23760,0,0,0.0,-9.023061263949079e-12,2.348746204865165,日内滚动·第2层
0.01,2025-04-03,midnight,1,1,432,0,0,0.0,0.0,0.024418417015112936,午夜规划·第1层
0.01,2025-04-03,midnight,2,1,432,0,0,0.0,0.0,0.13156083296053112,午夜规划·第2层
0.01,2025-04-03,execution,1,144,27072,0,0,0.0,0.0,0.7735681215999648,日内滚动·第1层
0.01,2025-04-03,execution,2,144,27072,0,0,0.0,-1.946736010067156e-12,2.8017890052869916,日内滚动·第2层
0.01,2025-04-04,midnight,1,1,396,0,0,0.0,0.0,0.014062499976716936,午夜规划·第1层
0.01,2025-04-04,midnight,2,1,396,0,0,0.0,0.0,0.0782007499365136,午夜规划·第2层
0.01,2025-04-04,execution,1,144,26568,0,0,0.0,0.0,0.7348462989320979,日内滚动·第1层
0.01,2025-04-04,execution,2,144,26568,0,0,0.0,-5.69110292763641e-12,2.226236995891668,日内滚动·第2层
0.01,2025-04-05,midnight,1,1,360,0,0,0.0,0.0,0.010837333044037223,午夜规划·第1层
0.01,2025-04-05,midnight,2,1,360,0,0,0.0,-7.57870898809795e-13,0.06293916690628976,午夜规划·第2层
0.01,2025-04-05,execution,1,144,24480,0,0,0.0,-1.3346784514141194e-12,0.7000705808168277,日内滚动·第1层
0.01,2025-04-05,execution,2,144,24480,0,0,0.0,-4.241663343224947e-12,2.06700062204618,日内滚动·第2层
0.01,2025-04-06,midnight,1,1,468,0,0,0.0,0.0,0.020752542070113122,午夜规划·第1层
0.01,2025-04-06,midnight,2,1,468,0,0,0.0,-1.3768443083575693e-13,0.14636987505946308,午夜规划·第2层
0.01,2025-04-06,execution,1,144,27000,0,0,0.0,0.0,0.7570364646380767,日内滚动·第1层
0.01,2025-04-06,execution,2,144,27000,0,0,0.0,0.0,2.6786300325766206,日内滚动·第2层
0.01,2025-04-07,midnight,1,1,396,0,0,0.0,0.0,0.018495999975129962,午夜规划·第1层
0.01,2025-04-07,midnight,2,1,396,0,0,0.0,0.0,0.09981020796112716,午夜规划·第2层
0.01,2025-04-07,execution,1,144,26280,0,0,0.0,0.0,0.7345275786938146,日内滚动·第1层
0.01,2025-04-07,execution,2,144,26280,0,0,0.0,-2.2990251817257537e-12,2.3504409578163177,日内滚动·第2层
0.01,2025-04-08,midnight,1,1,468,0,0,0.0,0.0,0.022242374951019883,午夜规划·第1层
0.01,2025-04-08,midnight,2,1,468,0,0,0.0,0.0,0.14897204202134162,午夜规划·第2层
0.01,2025-04-08,execution,1,144,26964,0,0,0.0,0.0,0.7802809128770605,日内滚动·第1层
0.01,2025-04-08,execution,2,144,26964,0,0,0.0,-4.367840887237583e-12,2.9582868362776935,日内滚动·第2层
0.01,2025-04-09,midnight,1,1,396,0,0,0.0,0.0,0.01615462510380894,午夜规划·第1层
0.01,2025-04-09,midnight,2,1,396,0,0,0.0,0.0,0.09599025000352412,午夜规划·第2层
0.01,2025-04-09,execution,1,144,27000,0,0,0.0,0.0,0.7662166712107137,日内滚动·第1层
0.01,2025-04-09,execution,2,144,27000,0,0,0.0,-2.6592351121471746e-12,2.5579059571027756,日内滚动·第2层
0.01,2025-04-10,midnight,1,1,396,0,0,0.0,0.0,0.015290624927729368,午夜规划·第1层
0.01,2025-04-10,midnight,2,1,396,0,0,0.0,-2.9970879925971063e-15,0.1053709170082584,午夜规划·第2层
0.01,2025-04-10,execution,1,144,26172,0,0,0.0,-9.473903143468002e-14,0.8190155818592757,日内滚动·第1层
0.01,2025-04-10,execution,2,144,26172,0,0,0.0,-4.68162892119989e-13,3.0391690846299753,日内滚动·第2层
0.01,2025-04-11,midnight,1,1,468,0,0,0.0,0.0,0.016720666899345815,午夜规划·第1层
0.01,2025-04-11,midnight,2,1,468,0,0,0.0,0.0,0.10799329204019159,午夜规划·第2层
0.01,2025-04-11,execution,1,144,26964,0,0,0.0,0.0,0.850180373294279,日内滚动·第1层
0.01,2025-04-11,execution,2,144,26964,0,0,0.0,-5.452396077474849e-12,2.563498496543616,日内滚动·第2层
0.01,2025-04-12,midnight,1,1,396,0,0,0.0,0.0,0.014571291976608336,午夜规划·第1层
0.01,2025-04-12,midnight,2,1,396,0,0,0.0,0.0,0.0882319159572944,午夜规划·第2层
0.01,2025-04-12,execution,1,144,26712,0,0,0.0,0.0,0.8252955027855933,日内滚动·第1层
0.01,2025-04-12,execution,2,144,26712,0,0,0.0,0.0,2.5589142036624253,日内滚动·第2层
0.01,2025-04-13,midnight,1,1,288,0,0,0.0,0.0,0.01375716703478247,午夜规划·第1层
0.01,2025-04-13,midnight,2,1,288,0,0,0.0,0.0,0.06161566695664078,午夜规划·第2层
0.01,2025-04-13,execution,1,144,23904,0,0,0.0,-7.579122514774402e-14,0.7805225745541975,日内滚动·第1层
0.01,2025-04-13,execution,2,144,23904,0,0,0.0,-2.025179968554641e-11,2.49277903244365,日内滚动·第2层
0.01,2025-04-14,midnight,1,1,252,0,0,0.0,0.0,0.009605917031876743,午夜规划·第1层
0.01,2025-04-14,midnight,2,1,252,0,0,0.0,0.0,0.04373525001574308,午夜规划·第2层
0.01,2025-04-14,execution,1,144,21852,0,0,0.0,-1.5158245029548803e-13,0.7148542100330815,日内滚动·第1层
0.01,2025-04-14,execution,2,144,21852,0,0,0.0,-4.336246120545982e-12,2.24486100662034,日内滚动·第2层
0.01,2025-04-15,midnight,1,1,396,0,0,0.0,0.0,0.01616912498138845,午夜规划·第1层
0.01,2025-04-15,midnight,2,1,396,0,0,0.0,0.0,0.11465383297763765,午夜规划·第2层
0.01,2025-04-15,execution,1,144,24696,0,0,0.0,-1.2133440467401077e-13,1.0586888273246586,日内滚动·第1层
0.01,2025-04-15,execution,2,144,24696,0,0,0.0,-7.997024989051353e-12,3.0546805777121335,日内滚动·第2层
0.01,2025-04-16,midnight,1,1,396,0,0,0.0,0.0,0.022682332899421453,午夜规划·第1层
0.01,2025-04-16,midnight,2,1,396,0,0,0.0,-1.4210854715202004e-14,0.13205320900306106,午夜规划·第2层
0.01,2025-04-16,execution,1,144,26100,0,0,0.0,-3.789561257387201e-14,0.8387895476771519,日内滚动·第1层
0.01,2025-04-16,execution,2,144,26100,0,0,0.0,-1.8188078545139236e-12,3.1108949597692117,日内滚动·第2层
0.01,2025-04-17,midnight,1,1,360,0,0,0.0,0.0,0.01581062492914498,午夜规划·第1层
0.01,2025-04-17,midnight,2,1,360,0,0,0.0,0.0,0.08697945799212903,午夜规划·第2层
0.01,2025-04-17,execution,1,144,24840,0,0,0.0,-1.8947806286936004e-14,0.7898095037089661,日内滚动·第1层
0.01,2025-04-17,execution,2,144,24840,0,0,0.0,-4.4089244525803785e-13,2.4459078464424238,日内滚动·第2层
0.01,2025-04-18,midnight,1,1,396,0,0,0.0,0.0,0.013361999997869134,午夜规划·第1层
0.01,2025-04-18,midnight,2,1,396,0,0,0.0,0.0,0.07821529090870172,午夜规划·第2层
0.01,2025-04-18,execution,1,144,24624,0,0,0.0,0.0,0.752872173441574,日内滚动·第1层
0.01,2025-04-18,execution,2,144,24624,0,0,0.0,-3.1721067678566327e-12,2.196976423030719,日内滚动·第2层
0.01,2025-04-19,midnight,1,1,396,0,0,0.0,0.0,0.01275937503669411,午夜规划·第1层
0.01,2025-04-19,midnight,2,1,396,0,0,0.0,0.0,0.08002979203592986,午夜规划·第2层
0.01,2025-04-19,execution,1,144,24372,0,0,0.0,0.0,0.8305608382215723,日内滚动·第1层
0.01,2025-04-19,execution,2,144,24372,0,0,0.0,-1.807370636178829e-12,2.423759502824396,日内滚动·第2层
0.01,2025-04-20,midnight,1,1,396,0,0,0.0,0.0,0.02364741696510464,午夜规划·第1层
0.01,2025-04-20,midnight,2,1,396,0,0,0.0,0.0,0.12251308304257691,午夜规划·第2层
0.01,2025-04-20,execution,1,144,26424,0,0,0.0,-3.789561257387201e-14,0.8630442933645099,日内滚动·第1层
0.01,2025-04-20,execution,2,144,26424,0,0,0.0,-7.609870571470076e-13,2.819777925964445,日内滚动·第2层
0.01,2025-04-21,midnight,1,1,396,0,0,0.0,0.0,0.019432666013017297,午夜规划·第1层
0.01,2025-04-21,midnight,2,1,396,0,0,0.0,0.0,0.10463408299256116,午夜规划·第2层
0.01,2025-04-21,execution,1,144,25992,0,0,0.0,0.0,0.8163666278123856,日内滚动·第1层
0.01,2025-04-21,execution,2,144,25992,0,0,0.0,-2.1506751154121123e-11,2.5865208302857354,日内滚动·第2层
0.01,2025-04-22,midnight,1,1,468,0,0,0.0,0.0,0.025363750057294965,午夜规划·第1层
0.01,2025-04-22,midnight,2,1,468,0,0,0.0,0.0,0.1368225000333041,午夜规划·第2层
0.01,2025-04-22,execution,1,144,26964,0,0,0.0,0.0,0.8222526671597734,日内滚动·第1层
0.01,2025-04-22,execution,2,144,26964,0,0,0.0,-3.462603200683092e-12,2.812834040960297,日内滚动·第2层
0.01,2025-04-23,midnight,1,1,396,0,0,0.0,0.0,0.015477332985028625,午夜规划·第1层
0.01,2025-04-23,midnight,2,1,396,0,0,0.0,0.0,0.09778329194523394,午夜规划·第2层
0.01,2025-04-23,execution,1,144,23076,0,0,0.0,-3.5052161350269776e-12,0.7978517112787813,日内滚动·第1层
0.01,2025-04-23,execution,2,144,23076,0,0,0.0,-1.752608067513489e-12,2.3761715810978785,日内滚动·第2层
0.01,2025-04-24,midnight,1,1,396,0,0,0.0,0.0,0.016104541951790452,午夜规划·第1层
0.01,2025-04-24,midnight,2,1,396,0,0,0.0,0.0,0.12013512500561774,午夜规划·第2层
0.01,2025-04-24,execution,1,144,26532,0,0,0.0,-9.947598300641403e-13,0.8463275406975299,日内滚动·第1层
0.01,2025-04-24,execution,2,144,26532,0,0,0.0,-2.1910382685644988e-11,2.6382759650005028,日内滚动·第2层
0.01,2025-04-25,midnight,1,1,360,0,0,0.0,0.0,0.01234304194804281,午夜规划·第1层
0.01,2025-04-25,midnight,2,1,360,0,0,0.0,0.0,0.060031333938241005,午夜规划·第2层
0.01,2025-04-25,execution,1,144,22752,0,0,0.0,0.0,0.7254184626508504,日内滚动·第1层
0.01,2025-04-25,execution,2,144,22752,0,0,0.0,-2.790255894218947e-13,1.8777745061088353,日内滚动·第2层
0.01,2025-04-26,midnight,1,1,396,0,0,0.0,0.0,0.01383370894473046,午夜规划·第1层
0.01,2025-04-26,midnight,2,1,396,0,0,0.0,0.0,0.07705891598016024,午夜规划·第2层
0.01,2025-04-26,execution,1,144,26136,0,0,0.0,0.0,0.8201868358300999,日内滚动·第1层
0.01,2025-04-26,execution,2,144,26136,0,0,0.0,-2.842170943040401e-14,2.383938079001382,日内滚动·第2层
0.01,2025-04-27,midnight,1,1,396,0,0,0.0,0.0,0.018631833023391664,午夜规划·第1层
0.01,2025-04-27,midnight,2,1,396,0,0,0.0,0.0,0.10104879201389849,午夜规划·第2层
0.01,2025-04-27,execution,1,144,25848,0,0,0.0,0.0,0.8024070359533653,日内滚动·第1层
0.01,2025-04-27,execution,2,144,25848,0,0,0.0,0.0,2.518813203787431,日内滚动·第2层
0.01,2025-04-28,midnight,1,1,360,0,0,0.0,0.0,0.013954207999631763,午夜规划·第1层
0.01,2025-04-28,midnight,2,1,360,0,0,0.0,0.0,0.07358979200944304,午夜规划·第2层
0.01,2025-04-28,execution,1,144,24876,0,0,0.0,0.0,0.7959846259327605,日内滚动·第1层
0.01,2025-04-28,execution,2,144,24876,0,0,0.0,-5.262916058616249e-12,2.5974352908087894,日内滚动·第2层
0.01,2025-04-29,midnight,1,1,360,0,0,0.0,0.0,0.016526499995961785,午夜规划·第1层
0.01,2025-04-29,midnight,2,1,360,0,0,0.0,0.0,0.0969254580559209,午夜规划·第2层
0.01,2025-04-29,execution,1,144,25740,0,0,0.0,-3.789561257387201e-14,0.8128537891898304,日内滚动·第1层
0.01,2025-04-29,execution,2,144,25740,0,0,0.0,-8.479143313403862e-13,2.5769219592912123,日内滚动·第2层
0.01,2025-04-30,midnight,1,1,396,0,0,0.0,0.0,0.016697165905497968,午夜规划·第1层
0.01,2025-04-30,midnight,2,1,396,0,0,0.0,0.0,0.10651808395050466,午夜规划·第2层
0.01,2025-04-30,execution,1,144,26604,0,0,0.0,0.0,0.8321542572230101,日内滚动·第1层
0.01,2025-04-30,execution,2,144,26604,0,0,0.0,0.0,2.997423504246399,日内滚动·第2层
0.01,2025-05-01,midnight,1,1,396,0,0,0.0,0.0,0.01792408397886902,午夜规划·第1层
0.01,2025-05-01,midnight,2,1,396,0,0,0.0,0.0,0.11371645797044039,午夜规划·第2层
0.01,2025-05-01,execution,1,144,25884,0,0,0.0,0.0,0.8181028735125437,日内滚动·第1层
0.01,2025-05-01,execution,2,144,25884,0,0,0.0,-3.2950762410139137e-12,2.8565238803857937,日内滚动·第2层
0.01,2025-05-02,midnight,1,1,396,0,0,0.0,0.0,0.012751041096635163,午夜规划·第1层
0.01,2025-05-02,midnight,2,1,396,0,0,0.0,0.0,0.07164099998772144,午夜规划·第2层
0.01,2025-05-02,execution,1,144,26928,0,0,0.0,0.0,0.9019629223039374,日内滚动·第1层
0.01,2025-05-02,execution,2,144,26928,0,0,0.0,-3.660913449417121e-12,2.8588567543774843,日内滚动·第2层
0.01,2025-05-03,midnight,1,1,396,0,0,0.0,0.0,0.013651459012180567,午夜规划·第1层
0.01,2025-05-03,midnight,2,1,396,0,0,0.0,0.0,0.08274195797275752,午夜规划·第2层
0.01,2025-05-03,execution,1,144,27828,0,0,0.0,-9.706752373920862e-13,0.9411599501036108,日内滚动·第1层
0.01,2025-05-03,execution,2,144,27828,0,0,0.0,-1.2582827151378896e-12,3.095521080889739,日内滚动·第2层
0.01,2025-05-04,midnight,1,1,468,0,0,0.0,0.0,0.022526874905452132,午夜规划·第1层
0.01,2025-05-04,midnight,2,1,468,0,0,0.0,-1.6266429196512977e-15,0.14638312498573214,午夜规划·第2层
0.01,2025-05-04,execution,1,144,26604,0,0,0.0,-3.45128973294964e-12,0.9143139977240935,日内滚动·第1层
0.01,2025-05-04,execution,2,144,26604,0,0,0.0,-9.292975069173765e-12,3.18257216271013,日内滚动·第2层
0.01,2025-05-05,midnight,1,1,432,0,0,0.0,0.0,0.018397249979898334,午夜规划·第1层
0.01,2025-05-05,midnight,2,1,432,0,0,0.0,0.0,0.1336132090073079,午夜规划·第2层
0.01,2025-05-05,execution,1,144,27684,0,0,0.0,0.0,1.00257474812679,日内滚动·第1层
0.01,2025-05-05,execution,2,144,27684,0,0,0.0,-2.0573975814480574e-12,3.9965894588967785,日内滚动·第2层
0.01,2025-05-06,midnight,1,1,360,0,0,0.0,0.0,0.026768499985337257,午夜规划·第1层
0.01,2025-05-06,midnight,2,1,360,0,0,0.0,0.0,0.09511304192710668,午夜规划·第2层
0.01,2025-05-06,execution,1,144,26100,0,0,0.0,0.0,0.8704555366421118,日内滚动·第1层
0.01,2025-05-06,execution,2,144,26100,0,0,0.0,-3.1086244689504383e-15,3.2826743847690523,日内滚动·第2层
0.01,2025-05-07,midnight,1,1,468,0,0,0.0,0.0,0.0268668329808861,午夜规划·第1层
0.01,2025-05-07,midnight,2,1,468,0,0,0.0,0.0,0.160580207942985,午夜规划·第2层
0.01,2025-05-07,execution,1,144,26100,0,0,0.0,-9.182201465121014e-14,0.8933172974502668,日内滚动·第1层
0.01,2025-05-07,execution,2,144,26100,0,0,0.0,-2.741962955194198e-13,3.2551460394170135,日内滚动·第2层
0.01,2025-05-08,midnight,1,1,432,0,0,0.0,0.0,0.022184915957041085,午夜规划·第1层
0.01,2025-05-08,midnight,2,1,432,0,0,0.0,0.0,0.12777620798442513,午夜规划·第2层
0.01,2025-05-08,execution,1,144,26928,0,0,0.0,-5.172414088168776e-13,0.9388138232752681,日内滚动·第1层
0.01,2025-05-08,execution,2,144,26928,0,0,0.0,-5.544495446682028e-13,3.5002883778652176,日内滚动·第2层
0.01,2025-05-09,midnight,1,1,396,0,0,0.0,0.0,0.013437582994811237,午夜规划·第1层
0.01,2025-05-09,midnight,2,1,396,0,0,0.0,0.0,0.07914583396632224,午夜规划·第2层
0.01,2025-05-09,execution,1,144,25812,0,0,0.0,0.0,1.328023579902947,日内滚动·第1层
0.01,2025-05-09,execution,2,144,25812,0,0,0.0,-1.3087309062660684e-12,3.603401414700784,日内滚动·第2层
0.01,2025-05-10,midnight,1,1,360,0,0,0.0,0.0,0.018346042023040354,午夜规划·第1层
0.01,2025-05-10,midnight,2,1,360,0,0,0.0,0.0,0.08741291693877429,午夜规划·第2层
0.01,2025-05-10,execution,1,144,25308,0,0,0.0,0.0,0.7705249564023688,日内滚动·第1层
0.01,2025-05-10,execution,2,144,25308,0,0,0.0,-4.5526705944261995e-12,2.3260407086927444,日内滚动·第2层
0.01,2025-05-11,midnight,1,1,432,0,0,0.0,0.0,0.02097562502603978,午夜规划·第1层
0.01,2025-05-11,midnight,2,1,432,0,0,0.0,0.0,0.12694908294361085,午夜规划·第2层
0.01,2025-05-11,execution,1,144,26748,0,0,0.0,0.0,0.8703068360919133,日内滚动·第1层
0.01,2025-05-11,execution,2,144,26748,0,0,0.0,-9.02105897932128e-12,3.070543242385611,日内滚动·第2层
0.01,2025-05-12,midnight,1,1,432,0,0,0.0,0.0,0.019030416035093367,午夜规划·第1层
0.01,2025-05-12,midnight,2,1,432,0,0,0.0,0.0,0.12523283390328288,午夜规划·第2层
0.01,2025-05-12,execution,1,144,27324,0,0,0.0,-7.579122514774402e-14,0.8925380029249936,日内滚动·第1层
0.01,2025-05-12,execution,2,144,27324,0,0,0.0,-7.839596705363694e-13,3.054133617435582,日内滚动·第2层
0.01,2025-05-13,midnight,1,1,432,0,0,0.0,0.0,0.022846249979920685,午夜规划·第1层
0.01,2025-05-13,midnight,2,1,432,0,0,0.0,0.0,0.1261957910610363,午夜规划·第2层
0.01,2025-05-13,execution,1,144,26460,0,0,0.0,0.0,0.8367925478378311,日内滚动·第1层
0.01,2025-05-13,execution,2,144,26460,0,0,0.0,-4.348960883160738e-12,3.064677674905397,日内滚动·第2层
0.01,2025-05-14,midnight,1,1,432,0,0,0.0,0.0,0.02511074999347329,午夜规划·第1层
0.01,2025-05-14,midnight,2,1,432,0,0,0.0,0.0,0.14172850002069026,午夜规划·第2层
0.01,2025-05-14,execution,1,144,27036,0,0,0.0,0.0,0.9748914635274559,日内滚动·第1层
0.01,2025-05-14,execution,2,144,27036,0,0,0.0,-7.953142333128222e-12,3.7566030788002536,日内滚动·第2层
0.01,2025-05-15,midnight,1,1,432,0,0,0.0,0.0,0.017518209060654044,午夜规划·第1层
0.01,2025-05-15,midnight,2,1,432,0,0,0.0,-9.473903143468002e-15,0.11203249997925013,午夜规划·第2层
0.01,2025-05-15,execution,1,144,27504,0,0,0.0,0.0,0.8520967074437067,日内滚动·第1层
0.01,2025-05-15,execution,2,144,27504,0,0,0.0,-6.258706772373531e-12,3.0353643763810396,日内滚动·第2层
0.01,2025-05-16,midnight,1,1,360,0,0,0.0,0.0,0.011924374965019524,午夜规划·第1层
0.01,2025-05-16,midnight,2,1,360,0,0,0.0,0.0,0.06592766602989286,午夜规划·第2层
0.01,2025-05-16,execution,1,144,26712,0,0,0.0,0.0,0.8225896160583943,日内滚动·第1层
0.01,2025-05-16,execution,2,144,26712,0,0,0.0,-1.16944995323071e-12,2.657053586328402,日内滚动·第2层
0.01,2025-05-17,midnight,1,1,396,0,0,0.0,0.0,0.011197290965355933,午夜规划·第1层
0.01,2025-05-17,midnight,2,1,396,0,0,0.0,0.0,0.07853620802052319,午夜规划·第2层
0.01,2025-05-17,execution,1,144,26676,0,0,0.0,0.0,0.7420277431374416,日内滚动·第1层
0.01,2025-05-17,execution,2,144,26676,0,0,0.0,-5.071000760976734e-13,2.1834349553100765,日内滚动·第2层
0.01,2025-05-18,midnight,1,1,360,0,0,0.0,0.0,0.014269749983213842,午夜规划·第1层
0.01,2025-05-18,midnight,2,1,360,0,0,0.0,0.0,0.08463958301581442,午夜规划·第2层
0.01,2025-05-18,execution,1,144,22608,0,0,0.0,0.0,0.7775692506693304,日内滚动·第1层
0.01,2025-05-18,execution,2,144,22608,0,0,0.0,-2.914349324468449e-12,2.5085455435328186,日内滚动·第2层
0.01,2025-05-19,midnight,1,1,468,0,0,0.0,0.0,0.03413816692773253,午夜规划·第1层
0.01,2025-05-19,midnight,2,1,468,0,0,0.0,-2.1316282072803006e-14,0.24034100002609193,午夜规划·第2层
0.01,2025-05-19,execution,1,144,27324,0,0,0.0,0.0,1.024975620326586,日内滚动·第1层
0.01,2025-05-19,execution,2,144,27324,0,0,0.0,-6.798797947876443e-13,3.7727139099733904,日内滚动·第2层
0.01,2025-05-20,midnight,1,1,432,0,0,0.0,0.0,0.019842708948999643,午夜规划·第1层
0.01,2025-05-20,midnight,2,1,432,0,0,0.0,-1.0949458638406816e-14,0.09933037497103214,午夜规划·第2层
0.01,2025-05-20,execution,1,144,26964,0,0,0.0,0.0,0.8366996212862432,日内滚动·第1层
0.01,2025-05-20,execution,2,144,26964,0,0,0.0,0.0,3.0704159954329953,日内滚动·第2层
0.01,2025-05-21,midnight,1,1,468,0,0,0.0,0.0,0.025937458965927362,午夜规划·第1层
0.01,2025-05-21,midnight,2,1,468,0,0,0.0,0.0,0.1477669170126319,午夜规划·第2层
0.01,2025-05-21,execution,1,144,25524,0,0,0.0,-1.6177920623201436e-12,0.8020585015183315,日内滚动·第1层
0.01,2025-05-21,execution,2,144,25524,0,0,0.0,-3.03336011685027e-12,2.894557713996619,日内滚动·第2层
0.01,2025-05-22,midnight,1,1,468,0,0,0.0,0.0,0.021727291983552277,午夜规划·第1层
0.01,2025-05-22,midnight,2,1,468,0,0,0.0,0.0,0.14043775002937764,午夜规划·第2层
0.01,2025-05-22,execution,1,144,26892,0,0,0.0,0.0,0.8545062105404213,日内滚动·第1层
0.01,2025-05-22,execution,2,144,26892,0,0,0.0,0.0,3.1487359568709508,日内滚动·第2层
0.01,2025-05-23,midnight,1,1,396,0,0,0.0,0.0,0.012650083983317018,午夜规划·第1层
0.01,2025-05-23,midnight,2,1,396,0,0,0.0,0.0,0.08006212499458343,午夜规划·第2层
0.01,2025-05-23,execution,1,144,27144,0,0,0.0,0.0,0.7997200349345803,日内滚动·第1层
0.01,2025-05-23,execution,2,144,27144,0,0,0.0,-5.368777968576286e-13,2.628596961731091,日内滚动·第2层
0.01,2025-05-24,midnight,1,1,360,0,0,0.0,0.0,0.01185766700655222,午夜规划·第1层
0.01,2025-05-24,midnight,2,1,360,0,0,0.0,0.0,0.06884775008074939,午夜规划·第2层
0.01,2025-05-24,execution,1,144,24444,0,0,0.0,0.0,0.7563321300549433,日内滚动·第1层
0.01,2025-05-24,execution,2,144,24444,0,0,0.0,-1.9909632820204e-13,2.6094468362862244,日内滚动·第2层
0.01,2025-05-25,midnight,1,1,432,0,0,0.0,0.0,0.016044125077314675,午夜规划·第1层
0.01,2025-05-25,midnight,2,1,432,0,0,0.0,0.0,0.13152929197531193,午夜规划·第2层
0.01,2025-05-25,execution,1,144,27216,0,0,0.0,0.0,0.8823894266970456,日内滚动·第1层
0.01,2025-05-25,execution,2,144,27216,0,0,0.0,-3.0969793422305045e-13,2.9766450512688607,日内滚动·第2层
0.01,2025-05-26,midnight,1,1,396,0,0,0.0,0.0,0.018097124993801117,午夜规划·第1层
0.01,2025-05-26,midnight,2,1,396,0,0,0.0,-1.6578181866470286e-12,0.10840183298569173,午夜规划·第2层
0.01,2025-05-26,execution,1,144,26100,0,0,0.0,0.0,0.8131780475378036,日内滚动·第1层
0.01,2025-05-26,execution,2,144,26100,0,0,0.0,-7.290399587611406e-12,3.0244785383110866,日内滚动·第2层
0.01,2025-05-27,midnight,1,1,468,0,0,0.0,0.0,0.023755458067171276,午夜规划·第1层
0.01,2025-05-27,midnight,2,1,468,0,0,0.0,0.0,0.14679945795796812,午夜规划·第2层
0.01,2025-05-27,execution,1,144,27648,0,0,0.0,-5.615063969344192e-12,0.8296420838451013,日内滚动·第1层
0.01,2025-05-27,execution,2,144,27648,0,0,0.0,-2.4482381166706553e-11,3.101517668343149,日内滚动·第2层
0.01,2025-05-28,midnight,1,1,432,0,0,0.0,0.0,0.020355665939860046,午夜规划·第1层
0.01,2025-05-28,midnight,2,1,432,0,0,0.0,0.0,0.10917437495663762,午夜规划·第2层
0.01,2025-05-28,execution,1,144,27288,0,0,0.0,0.0,0.819104036083445,日内滚动·第1层
0.01,2025-05-28,execution,2,144,27288,0,0,0.0,-5.735813890169414e-12,2.8179393797181547,日内滚动·第2层
0.01,2025-05-29,midnight,1,1,432,0,0,0.0,0.0,0.02076304203364998,午夜规划·第1层
0.01,2025-05-29,midnight,2,1,432,0,0,0.0,-4.1291183888793445e-13,0.11855516699142754,午夜规划·第2层
0.01,2025-05-29,execution,1,144,26064,0,0,0.0,0.0,0.8021929516689852,日内滚动·第1层
0.01,2025-05-29,execution,2,144,26064,0,0,0.0,-2.8658557008990704e-13,3.07574054133147,日内滚动·第2层
0.01,2025-05-30,midnight,1,1,468,0,0,0.0,0.0,0.013904124964028597,午夜规划·第1层
0.01,2025-05-30,midnight,2,1,468,0,0,0.0,0.0,0.10443349997512996,午夜规划·第2层
0.01,2025-05-30,execution,1,144,28044,0,0,0.0,-9.473903143468002e-15,0.788286630762741,日内滚动·第1层
0.01,2025-05-30,execution,2,144,28044,0,0,0.0,-2.291500322826323e-13,2.4970492488937452,日内滚动·第2层
0.01,2025-05-31,midnight,1,1,432,0,0,0.0,0.0,0.01564504101406783,午夜规划·第1层
0.01,2025-05-31,midnight,2,1,432,0,0,0.0,0.0,0.10055287496652454,午夜规划·第2层
0.01,2025-05-31,execution,1,144,25740,0,0,0.0,-1.72564486647482e-12,0.7631378773367032,日内滚动·第1层
0.01,2025-05-31,execution,2,144,25740,0,0,0.0,-3.5176070549539163e-12,2.3585983813973144,日内滚动·第2层
0.01,2025-06-01,midnight,1,1,468,0,0,0.0,0.0,0.026492833043448627,午夜规划·第1层
0.01,2025-06-01,midnight,2,1,468,0,0,0.0,0.0,0.15038812498096377,午夜规划·第2层
0.01,2025-06-01,execution,1,144,26028,0,0,0.0,-4.263256414560601e-14,0.8446310454746708,日内滚动·第1层
0.01,2025-06-01,execution,2,144,26028,0,0,0.0,-5.6843418860808e-13,3.467042788048275,日内滚动·第2层
0.01,2025-06-02,midnight,1,1,432,0,0,0.0,0.0,0.01969779096543789,午夜规划·第1层
0.01,2025-06-02,midnight,2,1,432,0,0,0.0,-4.48146026296865e-14,0.13898399996105582,午夜规划·第2层
0.01,2025-06-02,execution,1,144,27504,0,0,0.0,0.0,0.8721888737054542,日内滚动·第1层
0.01,2025-06-02,execution,2,144,27504,0,0,0.0,-1.2426830274687668e-12,3.8505185428075492,日内滚动·第2层
0.01,2025-06-03,midnight,1,1,252,0,0,0.0,0.0,0.009185749921016395,午夜规划·第1层
0.01,2025-06-03,midnight,2,1,252,0,0,0.0,0.0,0.048439832986332476,午夜规划·第2层
0.01,2025-06-03,execution,1,144,27072,0,0,0.0,0.0,1.0049658799543977,日内滚动·第1层
0.01,2025-06-03,execution,2,144,27072,0,0,0.0,-1.4162491736008705e-12,4.259951215237379,日内滚动·第2层
0.01,2025-06-04,midnight,1,1,180,0,0,0.0,0.0,0.009598374948836863,午夜规划·第1层
0.01,2025-06-04,midnight,2,1,180,0,0,0.0,0.0,0.03602024994324893,午夜规划·第2层
0.01,2025-06-04,execution,1,144,25128,0,0,0.0,0.0,1.1605257472256199,日内滚动·第1层
0.01,2025-06-04,execution,2,144,25128,0,0,8.313350008393149e-13,-1.7510751079890915e-12,4.659993784152903,日内滚动·第2层
0.01,2025-06-05,midnight,1,1,360,0,0,0.0,0.0,0.013452082988806069,午夜规划·第1层
0.01,2025-06-05,midnight,2,1,360,0,0,0.0,0.0,0.09145279100630432,午夜规划·第2层
0.01,2025-06-05,execution,1,144,25380,0,0,0.0,0.0,0.8665611179312691,日内滚动·第1层
0.01,2025-06-05,execution,2,144,25380,0,0,0.0,-1.3819627942035435e-12,3.705755792092532,日内滚动·第2层
0.01,2025-06-06,midnight,1,1,396,0,0,0.0,0.0,0.01202962500974536,午夜规划·第1层
0.01,2025-06-06,midnight,2,1,396,0,0,0.0,0.0,0.07811124995350838,午夜规划·第2层
0.01,2025-06-06,execution,1,144,26856,0,0,0.0,0.0,0.7877233007457107,日内滚动·第1层
0.01,2025-06-06,execution,2,144,26856,0,0,0.0,-5.830660257223338e-12,2.686352325952612,日内滚动·第2层
0.01,2025-06-07,midnight,1,1,396,0,0,0.0,0.0,0.01718241593334824,午夜规划·第1层
0.01,2025-06-07,midnight,2,1,396,0,0,0.0,0.0,0.08197408390697092,午夜规划·第2层
0.01,2025-06-07,execution,1,144,27432,0,0,0.0,0.0,0.8329067936865613,日内滚动·第1层
0.01,2025-06-07,execution,2,144,27432,0,0,0.0,-7.097769575381927e-13,3.1656381216598675,日内滚动·第2层
0.01,2025-06-08,midnight,1,1,360,0,0,0.0,0.0,0.01747237506788224,午夜规划·第1层
0.01,2025-06-08,midnight,2,1,360,0,0,0.0,0.0,0.11355124996043742,午夜规划·第2层
0.01,2025-06-08,execution,1,144,24372,0,0,0.0,-1.9552787975458943e-12,0.7856003713095561,日内滚动·第1层
0.01,2025-06-08,execution,2,144,24372,0,0,0.0,-8.833884395471025e-13,3.1741547053679824,日内滚动·第2层
0.01,2025-06-09,midnight,1,1,360,0,0,0.0,0.0,0.013738499954342842,午夜规划·第1层
0.01,2025-06-09,midnight,2,1,360,0,0,0.0,0.0,0.09183166699949652,午夜规划·第2层
0.01,2025-06-09,execution,1,144,26352,0,0,0.0,-1.5158245029548808e-13,0.8901059629861265,日内滚动·第1层
0.01,2025-06-09,execution,2,144,26352,0,0,0.0,-7.737786697100152e-13,3.6566592084709555,日内滚动·第2层
0.01,2025-06-10,midnight,1,1,360,0,0,0.0,0.0,0.015479083987884223,午夜规划·第1层
0.01,2025-06-10,midnight,2,1,360,0,0,0.0,0.0,0.09419362503103912,午夜规划·第2层
0.01,2025-06-10,execution,1,144,24444,0,0,0.0,-3.2355841246402873e-13,0.8067584977252409,日内滚动·第1层
0.01,2025-06-10,execution,2,144,24444,0,0,0.0,-8.252834978693764e-13,3.1718095033429563,日内滚动·第2层
0.01,2025-06-11,midnight,1,1,216,0,0,0.0,0.0,0.008269416051916778,午夜规划·第1层
0.01,2025-06-11,midnight,2,1,216,0,0,0.0,0.0,0.03697170899249613,午夜规划·第2层
0.01,2025-06-11,execution,1,144,22176,0,0,0.0,-7.833733661755104e-13,0.7979393682908267,日内滚动·第1层
0.01,2025-06-11,execution,2,144,22176,0,0,0.0,-4.3429751688697424e-12,2.62225679657422,日内滚动·第2层
0.01,2025-06-12,midnight,1,1,252,0,0,0.0,0.0,0.01111220894381404,午夜规划·第1层
0.01,2025-06-12,midnight,2,1,252,0,0,0.0,0.0,0.0540265419986099,午夜规划·第2层
0.01,2025-06-12,execution,1,144,25812,0,0,0.0,-1.8947806286936004e-14,0.8661167548270896,日内滚动·第1层
0.01,2025-06-12,execution,2,144,25812,0,0,0.0,-1.8231354669036733e-13,3.309083709609695,日内滚动·第2层
0.01,2025-06-13,midnight,1,1,288,0,0,0.0,0.0,0.010627874988131225,午夜规划·第1层
0.01,2025-06-13,midnight,2,1,288,0,0,0.0,0.0,0.0580093750031665,午夜规划·第2层
0.01,2025-06-13,execution,1,144,24048,0,0,0.0,0.0,0.7644861688604578,日内滚动·第1层
0.01,2025-06-13,execution,2,144,24048,0,0,0.0,-7.29070004805232e-12,2.6846776616293937,日内滚动·第2层
0.01,2025-06-14,midnight,1,1,360,0,0,0.0,0.0,0.01250120799522847,午夜规划·第1层
0.01,2025-06-14,midnight,2,1,360,0,0,0.0,0.0,0.06606341595761478,午夜规划·第2层
0.01,2025-06-14,execution,1,144,26928,0,0,0.0,0.0,0.8230423284694552,日内滚动·第1层
0.01,2025-06-14,execution,2,144,26928,0,0,0.0,-6.039613253960852e-14,3.053098620963283,日内滚动·第2层
0.01,2025-06-15,midnight,1,1,252,0,0,0.0,0.0,0.009845125023275614,午夜规划·第1层
0.01,2025-06-15,midnight,2,1,252,0,0,0.0,0.0,0.045734417042694986,午夜规划·第2层
0.01,2025-06-15,execution,1,144,23832,0,0,0.0,-6.5090638618544444e-12,0.7850524132372811,日内滚动·第1层
0.01,2025-06-15,execution,2,144,23832,0,0,0.0,-9.075557456793735e-12,2.667593246907927,日内滚动·第2层
0.01,2025-06-16,midnight,1,1,252,0,0,0.0,0.0,0.008982290979474783,午夜规划·第1层
0.01,2025-06-16,midnight,2,1,252,0,0,0.0,0.0,0.04759412491694093,午夜规划·第2层
0.01,2025-06-16,execution,1,144,22788,0,0,0.0,-5.684341886080802e-14,0.7389342515962198,日内滚动·第1层
0.01,2025-06-16,execution,2,144,22788,0,0,0.0,-2.072822755761568e-12,2.5392697056522593,日内滚动·第2层
0.01,2025-06-17,midnight,1,1,288,0,0,0.0,0.0,0.01375654200091958,午夜规划·第1层
0.01,2025-06-17,midnight,2,1,288,0,0,0.0,0.0,0.062091332976706326,午夜规划·第2层
0.01,2025-06-17,execution,1,144,25164,0,0,0.0,-1.1368683772161602e-13,0.8021473383996636,日内滚动·第1层
0.01,2025-06-17,execution,2,144,25164,0,0,0.0,-4.717324445053458e-12,3.0897510000504553,日内滚动·第2层
0.01,2025-06-18,midnight,1,1,360,0,0,0.0,0.0,0.019061374943703413,午夜规划·第1层
0.01,2025-06-18,midnight,2,1,360,0,0,0.0,-4.493866839778178e-15,0.0967018329538405,午夜规划·第2层
0.01,2025-06-18,execution,1,144,24048,0,0,0.0,-9.473903143468002e-14,0.7918432935839519,日内滚动·第1层
0.01,2025-06-18,execution,2,144,24048,0,0,0.0,-6.635144287263446e-13,2.7395941636059433,日内滚动·第2层
0.01,2025-06-19,midnight,1,1,360,0,0,0.0,0.0,0.01631358393933624,午夜规划·第1层
0.01,2025-06-19,midnight,2,1,360,0,0,0.0,0.0,0.09910783404484391,午夜规划·第2层
0.01,2025-06-19,execution,1,144,25920,0,0,0.0,0.0,0.8397829515160993,日内滚动·第1层
0.01,2025-06-19,execution,2,144,25920,0,0,0.0,-4.131418373462999e-12,3.032625791965984,日内滚动·第2层
0.01,2025-06-20,midnight,1,1,396,0,0,0.0,0.0,0.014706291956827044,午夜规划·第1层
0.01,2025-06-20,midnight,2,1,396,0,0,0.0,0.0,0.08629695896524936,午夜规划·第2层
0.01,2025-06-20,execution,1,144,26820,0,0,0.0,-9.473903143468002e-15,0.8164615377318114,日内滚动·第1层
0.01,2025-06-20,execution,2,144,26820,0,0,0.0,-2.434855079721864e-12,3.165184040670283,日内滚动·第2层
0.01,2025-06-21,midnight,1,1,360,0,0,0.0,0.0,0.01259354199282825,午夜规划·第1层
0.01,2025-06-21,midnight,2,1,360,0,0,0.0,0.0,0.0672007919056341,午夜规划·第2层
0.01,2025-06-21,execution,1,144,24876,0,0,0.0,0.0,1.1293533414136618,日内滚动·第1层
0.01,2025-06-21,execution,2,144,24876,0,0,0.0,-7.185808497000324e-12,3.648061125073582,日内滚动·第2层
0.01,2025-06-22,midnight,1,1,396,0,0,0.0,0.0,0.032581791980192065,午夜规划·第1层
0.01,2025-06-22,midnight,2,1,396,0,0,0.0,0.0,0.20550787507090718,午夜规划·第2层
0.01,2025-06-22,execution,1,144,27000,0,0,0.0,-7.579122514774402e-14,1.42911380098667,日内滚动·第1层
0.01,2025-06-22,execution,2,144,27000,0,0,0.0,-1.2064095756419548e-12,5.943591550691053,日内滚动·第2层
0.01,2025-06-23,midnight,1,1,360,0,0,0.0,0.0,0.029928000061772764,午夜规划·第1层
0.01,2025-06-23,midnight,2,1,360,0,0,0.0,0.0,0.17160441703163087,午夜规划·第2层
0.01,2025-06-23,execution,1,144,23688,0,0,0.0,0.0,0.8027495006099343,日内滚动·第1层
0.01,2025-06-23,execution,2,144,23688,0,0,0.0,-4.2200928711314193e-13,2.9744616587413475,日内滚动·第2层
0.01,2025-06-24,midnight,1,1,468,0,0,0.0,0.0,0.02871933300048113,午夜规划·第1层
0.01,2025-06-24,midnight,2,1,468,0,0,0.0,0.0,0.16403787501621991,午夜规划·第2层
0.01,2025-06-24,execution,1,144,27180,0,0,0.0,0.0,0.8797424628864974,日内滚动·第1层
0.01,2025-06-24,execution,2,144,27180,0,0,0.0,-1.206564132821721e-13,3.2488888325169683,日内滚动·第2层
0.01,2025-06-25,midnight,1,1,396,0,0,0.0,0.0,0.017348499968647957,午夜规划·第1层
0.01,2025-06-25,midnight,2,1,396,0,0,0.0,0.0,0.11235687497537583,午夜规划·第2层
0.01,2025-06-25,execution,1,144,26784,0,0,0.0,-5.684341886080802e-14,0.8578239143826067,日内滚动·第1层
0.01,2025-06-25,execution,2,144,26784,0,0,0.0,-9.925016558838274e-13,3.635456494987011,日内滚动·第2层
0.01,2025-06-26,midnight,1,1,396,0,0,0.0,0.0,0.01745354209560901,午夜规划·第1层
0.01,2025-06-26,midnight,2,1,396,0,0,0.0,0.0,0.10780562506988645,午夜规划·第2层
0.01,2025-06-26,execution,1,144,26460,0,0,0.0,0.0,0.8592097512446344,日内滚动·第1层
0.01,2025-06-26,execution,2,144,26460,1,1,79.3743827303435,9.921797841269726,2.9182928763329983,日内滚动·第2层
0.01,2025-06-27,midnight,1,1,360,0,0,0.0,0.0,0.011979500064626336,午夜规划·第1层
0.01,2025-06-27,midnight,2,1,360,0,0,0.0,0.0,0.07252187503036112,午夜规划·第2层
0.01,2025-06-27,execution,1,144,26316,0,0,0.0,-1.9173831849720224e-12,0.8742360858013853,日内滚动·第1层
0.01,2025-06-27,execution,2,144,26316,0,0,0.0,-7.634087114649938e-12,3.1841022123117,日内滚动·第2层
0.01,2025-06-28,midnight,1,1,396,0,0,0.0,0.0,0.013432167004793882,午夜规划·第1层
0.01,2025-06-28,midnight,2,1,396,0,0,0.0,0.0,0.08079254196491092,午夜规划·第2层
0.01,2025-06-28,execution,1,144,26136,0,0,0.0,-4.014566457044564e-13,0.803807828691788,日内滚动·第1层
0.01,2025-06-28,execution,2,144,26136,0,0,0.0,-1.19570870902672e-11,2.2469700006768107,日内滚动·第2层
0.01,2025-06-29,midnight,1,1,216,0,0,0.0,0.0,0.007773541961796582,午夜规划·第1层
0.01,2025-06-29,midnight,2,1,216,0,0,0.0,0.0,0.036372208036482334,午夜规划·第2层
0.01,2025-06-29,execution,1,144,23184,0,0,0.0,0.0,0.7823560736142099,日内滚动·第1层
0.01,2025-06-29,execution,2,144,23184,0,0,0.0,-5.0178851132038234e-12,2.8200919940136373,日内滚动·第2层
0.01,2025-06-30,midnight,1,1,288,0,0,0.0,0.0,0.011612874921411276,午夜规划·第1层
0.01,2025-06-30,midnight,2,1,288,0,0,0.0,0.0,0.061712333001196384,午夜规划·第2层
0.01,2025-06-30,execution,1,144,24624,0,0,0.0,-3.339550858072471e-13,0.8183229052228853,日内滚动·第1层
0.01,2025-06-30,execution,2,144,24624,0,0,0.0,-1.202379148469222e-12,2.9616387974238023,日内滚动·第2层
0.01,2025-07-01,midnight,1,1,396,0,0,0.0,0.0,0.015697957947850227,午夜规划·第1层
0.01,2025-07-01,midnight,2,1,396,0,0,0.0,0.0,0.10729425004683435,午夜规划·第2层
0.01,2025-07-01,execution,1,144,26748,0,0,0.0,0.0,0.7913492479128763,日内滚动·第1层
0.01,2025-07-01,execution,2,144,26748,0,0,0.0,-1.092248469406217e-11,2.6761329075088724,日内滚动·第2层
0.01,2025-07-02,midnight,1,1,396,0,0,0.0,0.0,0.01971912500448525,午夜规划·第1层
0.01,2025-07-02,midnight,2,1,396,0,0,0.0,0.0,0.11411670793313533,午夜规划·第2层
0.01,2025-07-02,execution,1,144,25056,0,0,0.0,-4.78780732336045e-12,1.060052092303522,日内滚动·第1层
0.01,2025-07-02,execution,2,144,25056,0,0,0.0,-6.912888983344771e-12,4.418273005634546,日内滚动·第2层
0.01,2025-07-03,midnight,1,1,360,0,0,0.0,0.0,0.02026066603139043,午夜规划·第1层
0.01,2025-07-03,midnight,2,1,360,0,0,0.0,0.0,0.1070235000224784,午夜规划·第2层
0.01,2025-07-03,execution,1,144,25740,0,0,0.0,0.0,0.9273067469475791,日内滚动·第1层
0.01,2025-07-03,execution,2,144,25740,0,0,0.0,-2.0768498076858128e-11,3.7957966211251915,日内滚动·第2层
0.01,2025-07-04,midnight,1,1,360,0,0,0.0,0.0,0.011107750004157424,午夜规划·第1层
0.01,2025-07-04,midnight,2,1,360,0,0,0.0,-1.1842378929335002e-14,0.05809741606935859,午夜规划·第2层
0.01,2025-07-04,execution,1,144,24660,0,0,0.0,0.0,0.7812357107177377,日内滚动·第1层
0.01,2025-07-04,execution,2,144,24660,0,0,0.0,-7.614649651562406e-12,2.288602714659646,日内滚动·第2层
0.01,2025-07-05,midnight,1,1,360,0,0,0.0,0.0,0.01132079097442329,午夜规划·第1层
0.01,2025-07-05,midnight,2,1,360,0,0,0.0,-5.830112819372244e-16,0.05313391704112291,午夜规划·第2层
0.01,2025-07-05,execution,1,144,24228,0,0,0.0,-6.90257946589928e-12,0.7258261260576546,日内滚动·第1层
0.01,2025-07-05,execution,2,144,24228,0,0,0.0,-1.3007118039844318e-11,1.9077423369744793,日内滚动·第2层
0.01,2025-07-06,midnight,1,1,432,0,0,0.0,0.0,0.018172250012867153,午夜规划·第1层
0.01,2025-07-06,midnight,2,1,432,0,0,0.0,0.0,0.1223158750217408,午夜规划·第2层
0.01,2025-07-06,execution,1,144,24804,0,0,0.0,0.0,0.769780743168667,日内滚动·第1层
0.01,2025-07-06,execution,2,144,24804,0,0,0.0,-1.0580783744703363e-11,2.5683192431461066,日内滚动·第2层
0.01,2025-07-07,midnight,1,1,252,0,0,0.0,0.0,0.010342459077946842,午夜规划·第1层
0.01,2025-07-07,midnight,2,1,252,0,0,0.0,0.0,0.047609583009034395,午夜规划·第2层
0.01,2025-07-07,execution,1,144,22680,0,0,0.0,0.0,0.7482587122358382,日内滚动·第1层
0.01,2025-07-07,execution,2,144,22680,0,0,0.0,-2.0868982265015777e-12,2.8715544096194208,日内滚动·第2层
0.01,2025-07-08,midnight,1,1,324,0,0,0.0,0.0,0.01181600010022521,午夜规划·第1层
0.01,2025-07-08,midnight,2,1,324,0,0,0.0,0.0,0.0851828750455752,午夜规划·第2层
0.01,2025-07-08,execution,1,144,23904,0,0,0.0,0.0,0.7799632027745247,日内滚动·第1层
0.01,2025-07-08,execution,2,144,23904,0,0,0.0,-2.8454739290673277e-12,2.813887038966641,日内滚动·第2层
0.01,2025-07-09,midnight,1,1,288,0,0,0.0,0.0,0.010611749952659011,午夜规划·第1层
0.01,2025-07-09,midnight,2,1,288,0,0,0.0,0.0,0.06507029198110104,午夜规划·第2层
0.01,2025-07-09,execution,1,144,20052,0,0,0.0,0.0,0.71449653909076,日内滚动·第1层
0.01,2025-07-09,execution,2,144,20052,0,0,0.0,-1.2353407176814338e-12,2.4333638708340004,日内滚动·第2层
0.01,2025-07-10,midnight,1,1,396,0,0,0.0,0.0,0.017465125070884824,午夜规划·第1层
0.01,2025-07-10,midnight,2,1,396,0,0,0.0,0.0,0.12791416596155614,午夜规划·第2层
0.01,2025-07-10,execution,1,144,26208,0,0,0.0,-3.789561257387201e-14,1.0968844573944807,日内滚动·第1层
0.01,2025-07-10,execution,2,144,26208,0,0,0.0,-8.583225178604668e-13,3.5795346702216193,日内滚动·第2层
0.01,2025-07-11,midnight,1,1,432,0,0,0.0,0.0,0.020953667000867426,午夜规划·第1层
0.01,2025-07-11,midnight,2,1,432,0,0,0.0,0.0,0.11483787500765175,午夜规划·第2层
0.01,2025-07-11,execution,1,144,26172,0,0,0.0,-9.473903143468002e-15,0.7560105769662187,日内滚动·第1层
0.01,2025-07-11,execution,2,144,26172,0,0,0.0,-3.4367328379499657e-12,2.2347111261915416,日内滚动·第2层
0.01,2025-07-12,midnight,1,1,144,0,0,0.0,0.0,0.004497624933719635,午夜规划·第1层
0.01,2025-07-12,midnight,2,1,144,0,0,0.0,0.0,0.011705792043358088,午夜规划·第2层
0.01,2025-07-12,execution,1,144,17676,0,0,0.0,-1.8947806286936004e-14,0.625948378117755,日内滚动·第1层
0.01,2025-07-12,execution,2,144,17676,0,0,0.0,-5.850603063217841e-12,1.728188956505619,日内滚动·第2层
0.01,2025-07-13,midnight,1,1,396,0,0,0.0,0.0,0.013638457981869578,午夜规划·第1层
0.01,2025-07-13,midnight,2,1,396,0,0,0.0,-2.0650148258027912e-14,0.10311337502207607,午夜规划·第2层
0.01,2025-07-13,execution,1,144,25992,0,0,0.0,-1.3805158931798562e-11,0.7632681272225454,日内滚动·第1层
0.01,2025-07-13,execution,2,144,25992,0,0,0.0,-1.011740021014179e-10,2.1197044112486765,日内滚动·第2层
0.01,2025-07-14,midnight,1,1,360,0,0,0.0,0.0,0.013959583011455834,午夜规划·第1层
0.01,2025-07-14,midnight,2,1,360,0,0,0.0,0.0,0.0892056250013411,午夜规划·第2层
0.01,2025-07-14,execution,1,144,21096,0,0,0.0,-1.8947806286936004e-14,0.6970285883871838,日内滚动·第1层
0.01,2025-07-14,execution,2,144,21096,0,0,0.0,-2.7948014273230604e-13,2.430332877440378,日内滚动·第2层
0.01,2025-07-15,midnight,1,1,396,0,0,0.0,0.0,0.015554666984826326,午夜规划·第1层
0.01,2025-07-15,midnight,2,1,396,0,0,0.0,-4.758211948000424e-15,0.11295383400283754,午夜规划·第2层
0.01,2025-07-15,execution,1,144,23616,0,0,0.0,-6.180945273355741e-12,1.0527922454057261,日内滚动·第1层
0.01,2025-07-15,execution,2,144,23616,0,0,0.0,-6.3564448482142325e-12,2.9091990852029994,日内滚动·第2层
0.01,2025-07-16,midnight,1,1,252,0,0,0.0,0.0,0.01096358394715935,午夜规划·第1层
0.01,2025-07-16,midnight,2,1,252,0,0,0.0,0.0,0.06341995799448341,午夜规划·第2层
0.01,2025-07-16,execution,1,144,19260,0,0,0.0,0.0,0.7346130778314546,日内滚动·第1层
0.01,2025-07-16,execution,2,144,19260,0,0,0.0,-1.5276668818842154e-13,2.561484382604249,日内滚动·第2层
0.01,2025-07-17,midnight,1,1,252,0,0,0.0,0.0,0.009668916929513216,午夜规划·第1层
0.01,2025-07-17,midnight,2,1,252,0,0,0.0,0.0,0.046254832996055484,午夜规划·第2层
0.01,2025-07-17,execution,1,144,18792,0,0,0.0,0.0,0.662979002459906,日内滚动·第1层
0.01,2025-07-17,execution,2,144,18792,0,0,0.0,-3.8896934996331096e-13,1.9696549605578184,日内滚动·第2层
0.01,2025-07-18,midnight,1,1,396,0,0,0.0,0.0,0.016740124905481935,午夜规划·第1层
0.01,2025-07-18,midnight,2,1,396,0,0,0.0,0.0,0.09628249995876104,午夜规划·第2层
0.01,2025-07-18,execution,1,144,24660,0,0,0.0,0.0,0.7481596268480644,日内滚动·第1层
0.01,2025-07-18,execution,2,144,24660,0,0,0.0,-5.113247494867509e-12,1.9634871669113636,日内滚动·第2层
0.01,2025-07-19,midnight,1,1,432,0,0,0.0,0.0,0.017424624995328486,午夜规划·第1层
0.01,2025-07-19,midnight,2,1,432,0,0,0.0,0.0,0.09150804195087403,午夜规划·第2层
0.01,2025-07-19,execution,1,144,25020,0,0,0.0,-6.471168249280577e-13,1.6154098828556016,日内滚动·第1层
0.01,2025-07-19,execution,2,144,25020,0,0,0.0,-3.252203127566665e-11,3.6826707924483344,日内滚动·第2层
0.01,2025-07-20,midnight,1,1,432,0,0,0.0,0.0,0.027039166074246168,午夜规划·第1层
0.01,2025-07-20,midnight,2,1,432,0,0,0.0,-2.5037258107335565e-14,0.17405475000850856,午夜规划·第2层
0.01,2025-07-20,execution,1,144,22680,0,0,0.0,0.0,0.9987384958658367,日内滚动·第1层
0.01,2025-07-20,execution,2,144,22680,0,0,0.0,-7.1461300575993975e-12,2.599419994512573,日内滚动·第2层
0.01,2025-07-21,midnight,1,1,432,0,0,0.0,0.0,0.01804237498436123,午夜规划·第1层
0.01,2025-07-21,midnight,2,1,432,0,0,0.0,0.0,0.14210175001062453,午夜规划·第2层
0.01,2025-07-21,execution,1,144,24696,0,0,0.0,-6.509063861854449e-12,0.8835351272718981,日内滚动·第1层
0.01,2025-07-21,execution,2,144,24696,0,0,0.0,-2.0487139062376703e-12,2.7626705004367977,日内滚动·第2层
0.01,2025-07-22,midnight,1,1,324,0,0,0.0,0.0,0.011069166008383036,午夜规划·第1层
0.01,2025-07-22,midnight,2,1,324,0,0,0.0,0.0,0.0694352500140667,午夜规划·第2层
0.01,2025-07-22,execution,1,144,23580,1,1,0.7203978947275859,0.7203978947275859,0.683740082080476,日内滚动·第1层
0.01,2025-07-22,execution,2,144,23580,0,0,0.0,-5.866561493052029e-12,1.8863704997347668,日内滚动·第2层
0.01,2025-07-23,midnight,1,1,396,0,0,0.0,0.0,0.014058624976314604,午夜规划·第1层
0.01,2025-07-23,midnight,2,1,396,0,0,0.0,0.0,0.11085262498818338,午夜规划·第2层
0.01,2025-07-23,execution,1,144,24624,0,0,0.0,-3.789561257387201e-14,0.750574209028855,日内滚动·第1层
0.01,2025-07-23,execution,2,144,24624,0,0,0.0,-1.5631940186722204e-13,3.2131242906907573,日内滚动·第2层
0.01,2025-07-24,midnight,1,1,432,0,0,0.0,0.0,0.017064584069885314,午夜规划·第1层
0.01,2025-07-24,midnight,2,1,432,0,0,0.0,-5.766991822358452e-16,0.1370876249857247,午夜规划·第2层
0.01,2025-07-24,execution,1,144,21024,0,0,0.0,-3.385049227779073e-13,0.8934008785290644,日内滚动·第1层
0.01,2025-07-24,execution,2,144,21024,0,0,0.0,-3.902451186053407e-12,2.3577671537641436,日内滚动·第2层
0.01,2025-07-25,midnight,1,1,396,0,0,0.0,0.0,0.014454375021159649,午夜规划·第1层
0.01,2025-07-25,midnight,2,1,396,0,0,0.0,0.0,0.07831254100892693,午夜规划·第2层
0.01,2025-07-25,execution,1,144,25956,0,0,0.0,-1.380515893179856e-11,0.7895539161982015,日内滚动·第1层
0.01,2025-07-25,execution,2,144,25956,0,0,0.0,-1.6470491154735295e-11,2.146307835704647,日内滚动·第2层
0.01,2025-07-26,midnight,1,1,324,0,0,0.0,0.0,0.009137582965195179,午夜规划·第1层
0.01,2025-07-26,midnight,2,1,324,0,0,0.0,0.0,0.05085479200351983,午夜规划·第2层
0.01,2025-07-26,execution,1,144,23580,0,0,0.0,-1.8947806286936004e-14,0.6883404513355345,日内滚动·第1层
0.01,2025-07-26,execution,2,144,23580,0,0,0.0,-1.007660313223353e-11,2.3347384103108197,日内滚动·第2层
0.01,2025-07-27,midnight,1,1,360,0,0,0.0,0.0,0.010532666929066181,午夜规划·第1层
0.01,2025-07-27,midnight,2,1,360,0,0,0.0,-1.6746814679142773e-13,0.07327970897313207,午夜规划·第2层
0.01,2025-07-27,execution,1,144,23724,0,0,0.0,-6.90257946589928e-12,0.9019127989886329,日内滚动·第1层
0.01,2025-07-27,execution,2,144,23724,0,0,0.0,-1.3624779612126898e-11,2.3733287055511028,日内滚动·第2层
0.01,2025-07-28,midnight,1,1,396,0,0,0.0,0.0,0.02384579204954207,午夜规划·第1层
0.01,2025-07-28,midnight,2,1,396,0,0,0.0,0.0,0.1603609579615295,午夜规划·第2层
0.01,2025-07-28,execution,1,144,25128,0,0,0.0,-3.882700949568345e-12,0.8651523290900514,日内滚动·第1层
0.01,2025-07-28,execution,2,144,25128,0,0,0.0,-7.210810459964344e-13,3.6454541232669726,日内滚动·第2层
0.01,2025-07-29,midnight,1,1,252,0,0,0.0,0.0,0.010725665953941643,午夜规划·第1层
0.01,2025-07-29,midnight,2,1,252,0,0,0.0,0.0,0.04945504106581211,午夜规划·第2层
0.01,2025-07-29,execution,1,144,18900,0,0,0.0,-1.5158245029548803e-13,0.7694437531754375,日内滚动·第1层
0.01,2025-07-29,execution,2,144,18900,0,0,0.0,-1.6492159337210752e-12,2.192132508382201,日内滚动·第2层
0.01,2025-07-30,midnight,1,1,396,0,0,0.0,0.0,0.019655791926197708,午夜规划·第1层
0.01,2025-07-30,midnight,2,1,396,0,0,0.0,0.0,0.13850449991878122,午夜规划·第2层
0.01,2025-07-30,execution,1,144,25956,0,0,0.0,-1.763540479048692e-12,0.8533602562965825,日内滚动·第1层
0.01,2025-07-30,execution,2,144,25956,0,0,0.0,-2.242308688389214e-12,3.3665011662524194,日内滚动·第2层
0.01,2025-07-31,midnight,1,1,360,0,0,0.0,0.0,0.01449508301448077,午夜规划·第1层
0.01,2025-07-31,midnight,2,1,360,0,0,0.0,0.0,0.10204058396629989,午夜规划·第2层
0.01,2025-07-31,execution,1,144,24876,0,0,0.0,0.0,0.8536976249888539,日内滚动·第1层
0.01,2025-07-31,execution,2,144,24876,0,0,0.0,-1.093870172436331e-12,3.4005189927993342,日内滚动·第2层
0.01,2025-08-01,midnight,1,1,396,0,0,0.0,0.0,0.015030500013381243,午夜规划·第1层
0.01,2025-08-01,midnight,2,1,396,0,0,0.0,-9.93734647309469e-15,0.09945966699160635,午夜规划·第2层
0.01,2025-08-01,execution,1,144,24444,0,0,0.0,0.0,0.810914869653061,日内滚动·第1层
0.01,2025-08-01,execution,2,144,24444,0,0,0.0,-1.797546735911271e-13,2.906519383774139,日内滚动·第2层
0.01,2025-08-02,midnight,1,1,360,0,0,0.0,0.0,0.012029416975565255,午夜规划·第1层
0.01,2025-08-02,midnight,2,1,360,0,0,0.0,0.0,0.06845912500284612,午夜规划·第2层
0.01,2025-08-02,execution,1,144,24444,0,0,0.0,-1.5834555888716295e-12,0.7829815811710432,日内滚动·第1层
0.01,2025-08-02,execution,2,144,24444,0,0,0.0,-7.894999331531269e-11,2.4635414987569675,日内滚动·第2层
0.01,2025-08-03,midnight,1,1,252,0,0,0.0,0.0,0.009815708035603166,午夜规划·第1层
0.01,2025-08-03,midnight,2,1,252,0,0,0.0,-3.434372157329681e-14,0.0431588749634102,午夜规划·第2层
0.01,2025-08-03,execution,1,144,19908,0,0,0.0,-1.9413504747841724e-12,0.6870771204121411,日内滚动·第1层
0.01,2025-08-03,execution,2,144,19908,0,0,0.0,-3.8989977481159335e-12,2.077026500599459,日内滚动·第2层
0.01,2025-08-04,midnight,1,1,360,0,0,0.0,0.0,0.013506290968507528,午夜规划·第1层
0.01,2025-08-04,midnight,2,1,360,0,0,0.0,0.0,0.08576220797840506,午夜规划·第2层
0.01,2025-08-04,execution,1,144,25272,0,0,0.0,0.0,0.9932924535823986,日内滚动·第1层
0.01,2025-08-04,execution,2,144,25272,0,0,0.0,-6.35176178641722e-12,3.556884453864768,日内滚动·第2层
0.01,2025-08-05,midnight,1,1,252,0,0,0.0,0.0,0.010784915997646749,午夜规划·第1层
0.01,2025-08-05,midnight,2,1,252,0,0,0.0,0.0,0.052138458006083965,午夜规划·第2层
0.01,2025-08-05,execution,1,144,20196,0,0,0.0,0.0,0.6862395434873179,日内滚动·第1层
0.01,2025-08-05,execution,2,144,20196,0,0,0.0,-5.094643782620872e-13,2.2992123696021736,日内滚动·第2层
0.01,2025-08-06,midnight,1,1,432,0,0,0.0,0.0,0.02375062508508563,午夜规划·第1层
0.01,2025-08-06,midnight,2,1,432,0,0,0.0,-2.0245771913477988e-14,0.1285464169923216,午夜规划·第2层
0.01,2025-08-06,execution,1,144,25704,0,0,0.0,-1.3481600519334533e-12,0.8492965862387791,日内滚动·第1层
0.01,2025-08-06,execution,2,144,25704,0,0,0.0,-1.3481600519334533e-12,3.039460120839067,日内滚动·第2层
0.01,2025-08-07,midnight,1,1,396,0,0,0.0,0.0,0.018891707994043827,午夜规划·第1层
0.01,2025-08-07,midnight,2,1,396,0,0,0.0,0.0,0.10824504098854959,午夜规划·第2层
0.01,2025-08-07,execution,1,144,26244,0,0,0.0,-3.45128973294964e-12,0.877587508992292,日内滚动·第1层
0.01,2025-08-07,execution,2,144,26244,0,0,0.0,-4.304331648322144e-11,3.087623378261924,日内滚动·第2层
0.01,2025-08-08,midnight,1,1,360,0,0,0.0,0.0,0.014914791099727154,午夜规划·第1层
0.01,2025-08-08,midnight,2,1,360,0,0,0.0,0.0,0.07916741608642042,午夜规划·第2层
0.01,2025-08-08,execution,1,144,24084,0,0,0.0,0.0,0.7926254923222587,日内滚动·第1层
0.01,2025-08-08,execution,2,144,24084,0,0,0.0,-2.0264927805567233e-11,2.597551424521953,日内滚动·第2层
0.01,2025-08-09,midnight,1,1,252,0,0,0.0,0.0,0.008136290940456092,午夜规划·第1层
0.01,2025-08-09,midnight,2,1,252,0,0,0.0,0.0,0.03546554199419916,午夜规划·第2层
0.01,2025-08-09,execution,1,144,18612,0,0,0.0,0.0,0.5974594580475241,日内滚动·第1层
0.01,2025-08-09,execution,2,144,18612,0,0,0.0,-3.3881046116827447e-12,1.2851463404949754,日内滚动·第2层
0.01,2025-08-10,midnight,1,1,252,0,0,0.0,0.0,0.010642083012498915,午夜规划·第1层
0.01,2025-08-10,midnight,2,1,252,0,0,0.0,-2.3684757858670004e-14,0.047539290972054005,午夜规划·第2层
0.01,2025-08-10,execution,1,144,20340,0,0,0.0,0.0,0.6820717457449064,日内滚动·第1层
0.01,2025-08-10,execution,2,144,20340,0,0,0.0,-1.5286695897551198e-11,2.005948963109404,日内滚动·第2层
0.01,2025-08-11,midnight,1,1,360,0,0,0.0,0.0,0.016329749953001738,午夜规划·第1层
0.01,2025-08-11,midnight,2,1,360,0,0,0.0,0.0,0.1061796669382602,午夜规划·第2层
0.01,2025-08-11,execution,1,144,23220,0,0,0.0,0.0,0.8036815341329202,日内滚动·第1层
0.01,2025-08-11,execution,2,144,23220,0,0,0.0,-1.5158245029548803e-13,3.198341674520634,日内滚动·第2层
0.01,2025-08-12,midnight,1,1,252,0,0,0.0,0.0,0.011442249990068376,午夜规划·第1层
0.01,2025-08-12,midnight,2,1,252,0,0,0.0,0.0,0.04487929190509021,午夜规划·第2层
0.01,2025-08-12,execution,1,144,18864,0,0,0.0,0.0,0.7544485396938398,日内滚动·第1层
0.01,2025-08-12,execution,2,144,18864,0,0,0.0,-6.888409541290311e-13,2.4341699148062617,日内滚动·第2层
0.01,2025-08-13,midnight,1,1,396,0,0,0.0,0.0,0.017482959083281457,午夜规划·第1层
0.01,2025-08-13,midnight,2,1,396,0,0,0.0,-1.0066022089934753e-14,0.11439337499905378,午夜规划·第2层
0.01,2025-08-13,execution,1,144,26064,0,0,0.0,0.0,0.8660214982228354,日内滚动·第1层
0.01,2025-08-13,execution,2,144,26064,0,0,0.0,-5.213712869602437e-13,3.272584790014662,日内滚动·第2层
0.01,2025-08-14,midnight,1,1,144,0,0,0.0,0.0,0.004946667002514005,午夜规划·第1层
0.01,2025-08-14,midnight,2,1,144,0,0,0.0,0.0,0.01698504202067852,午夜规划·第2层
0.01,2025-08-14,execution,1,144,19836,0,0,0.0,0.0,0.69275920803193,日内滚动·第1层
0.01,2025-08-14,execution,2,144,19836,0,0,0.0,-2.113874987813012e-12,2.3553488752804697,日内滚动·第2层
0.01,2025-08-15,midnight,1,1,360,0,0,0.0,0.0,0.011488375021144748,午夜规划·第1层
0.01,2025-08-15,midnight,2,1,360,0,0,0.0,0.0,0.06874783395323902,午夜规划·第2层
0.01,2025-08-15,execution,1,144,23472,0,0,0.0,0.0,0.7644884551409632,日内滚动·第1层
0.01,2025-08-15,execution,2,144,23472,0,0,0.0,-6.750155989720952e-14,2.4781070774188265,日内滚动·第2层
0.01,2025-08-16,midnight,1,1,360,0,0,0.0,0.0,0.012648000032640994,午夜规划·第1层
0.01,2025-08-16,midnight,2,1,360,0,0,0.0,0.0,0.06597862497437745,午夜规划·第2层
0.01,2025-08-16,execution,1,144,23400,0,0,0.0,-4.31411216618705e-13,0.7134024940896779,日内滚动·第1层
0.01,2025-08-16,execution,2,144,23400,0,0,0.0,-1.836595694770525e-12,2.703478040290065,日内滚动·第2层
0.01,2025-08-17,midnight,1,1,396,0,0,0.0,0.0,0.016761749982833862,午夜规划·第1层
0.01,2025-08-17,midnight,2,1,396,0,0,0.0,0.0,0.08915495802648365,午夜规划·第2层
0.01,2025-08-17,execution,1,144,26064,0,0,0.0,0.0,0.7987246259581298,日内滚动·第1层
0.01,2025-08-17,execution,2,144,26064,0,0,0.0,-1.576839121589244e-12,3.1344935812521726,日内滚动·第2层
0.01,2025-08-18,midnight,1,1,252,0,0,0.0,0.0,0.007302707992494106,午夜规划·第1层
0.01,2025-08-18,midnight,2,1,252,0,0,0.0,0.0,0.03824820800218731,午夜规划·第2层
0.01,2025-08-18,execution,1,144,19224,0,0,0.0,0.0,0.5689670433057472,日内滚动·第1层
0.01,2025-08-18,execution,2,144,19224,0,0,5.636972370363462e-12,-5.5214589456366485e-12,1.7504238345427439,日内滚动·第2层
0.01,2025-08-19,midnight,1,1,144,0,0,0.0,0.0,0.004407416912727058,午夜规划·第1层
0.01,2025-08-19,midnight,2,1,144,0,0,0.0,0.0,0.015183083014562726,午夜规划·第2层
0.01,2025-08-19,execution,1,144,18000,0,0,0.0,-1.898209353122302e-11,0.522328955354169,日内滚动·第1层
0.01,2025-08-19,execution,2,144,18000,0,0,0.0,-3.798548972513816e-12,1.50858704384882,日内滚动·第2层
0.01,2025-08-20,midnight,1,1,396,0,0,0.0,0.0,0.01530408300459385,午夜规划·第1层
0.01,2025-08-20,midnight,2,1,396,0,0,0.0,0.0,0.11185712495353073,午夜规划·第2层
0.01,2025-08-20,execution,1,144,24264,0,0,0.0,0.0,0.7096574973547831,日内滚动·第1层
0.01,2025-08-20,execution,2,144,24264,0,0,0.0,-2.0602185245443784e-12,2.893000250100158,日内滚动·第2层
0.01,2025-08-21,midnight,1,1,360,0,0,0.0,0.0,0.012201125035062432,午夜规划·第1层
0.01,2025-08-21,midnight,2,1,360,0,0,0.0,0.0,0.07458899996709079,午夜规划·第2层
0.01,2025-08-21,execution,1,144,23796,0,0,0.0,0.0,0.663291247561574,日内滚动·第1层
0.01,2025-08-21,execution,2,144,23796,0,0,0.0,-1.251112856745998e-12,2.4600771226687357,日内滚动·第2层
0.01,2025-08-22,midnight,1,1,396,0,0,0.0,0.0,0.0120523750083521,午夜规划·第1层
0.01,2025-08-22,midnight,2,1,396,0,0,0.0,0.0,0.06804074998944998,午夜规划·第2层
0.01,2025-08-22,execution,1,144,25056,0,0,0.0,0.0,0.6512415941106156,日内滚动·第1层
0.01,2025-08-22,execution,2,144,25056,0,0,0.0,-7.500500833829134e-11,2.1385370797943324,日内滚动·第2层
0.01,2025-08-23,midnight,1,1,396,0,0,0.0,0.0,0.012379333027638495,午夜规划·第1层
0.01,2025-08-23,midnight,2,1,396,0,0,0.0,0.0,0.07186866702977568,午夜规划·第2层
0.01,2025-08-23,execution,1,144,24264,0,0,0.0,-3.363235615931141e-13,0.6358407097868621,日内滚动·第1层
0.01,2025-08-23,execution,2,144,24264,0,0,0.0,-2.102580429375686e-11,2.1256788661703467,日内滚动·第2层
0.01,2025-08-24,midnight,1,1,396,0,0,0.0,0.0,0.013951499946415424,午夜规划·第1层
0.01,2025-08-24,midnight,2,1,396,0,0,0.0,0.0,0.10067312500905246,午夜规划·第2层
0.01,2025-08-24,execution,1,144,25668,0,0,0.0,-1.8947806286936004e-14,0.7667536650551483,日内滚动·第1层
0.01,2025-08-24,execution,2,144,25668,0,0,0.0,-5.015006649081559e-13,3.1576952973846346,日内滚动·第2层
0.01,2025-08-25,midnight,1,1,144,0,0,0.0,0.0,0.004076292039826512,午夜规划·第1层
0.01,2025-08-25,midnight,2,1,144,0,0,0.0,0.0,0.013747666962444782,午夜规划·第2层
0.01,2025-08-25,execution,1,144,19620,0,0,0.0,0.0,0.5707599552115425,日内滚动·第1层
0.01,2025-08-25,execution,2,144,19620,0,0,0.0,-1.145653357826788e-11,1.8852167080622166,日内滚动·第2层
0.01,2025-08-26,midnight,1,1,360,0,0,0.0,0.0,0.012262458098120987,午夜规划·第1层
0.01,2025-08-26,midnight,2,1,360,0,0,0.0,-5.0330110449673766e-15,0.08530250005424023,午夜规划·第2层
0.01,2025-08-26,execution,1,144,22320,0,0,0.0,0.0,0.6357412914512679,日内滚动·第1层
0.01,2025-08-26,execution,2,144,22320,0,0,0.0,-3.647012827493943e-13,2.229121003765613,日内滚动·第2层
0.01,2025-08-27,midnight,1,1,360,0,0,0.0,0.0,0.011949124978855252,午夜规划·第1层
0.01,2025-08-27,midnight,2,1,360,0,0,0.0,0.0,0.0767230000346899,午夜规划·第2层
0.01,2025-08-27,execution,1,144,23544,0,0,0.0,0.0,0.6491170029621571,日内滚动·第1层
0.01,2025-08-27,execution,2,144,23544,0,0,0.0,-1.1805881427129868e-12,2.335610287031159,日内滚动·第2层
0.01,2025-08-28,midnight,1,1,396,0,0,0.0,0.0,0.014162749983370304,午夜规划·第1层
0.01,2025-08-28,midnight,2,1,396,0,0,0.0,-1.074788462870422e-13,0.10437362501397729,午夜规划·第2层
0.01,2025-08-28,execution,1,144,25956,0,0,0.0,-2.368475785867001e-13,0.7258069986710325,日内滚动·第1层
0.01,2025-08-28,execution,2,144,25956,0,0,0.0,-4.4749986601042505e-12,2.9006540320115164,日内滚动·第2层
0.01,2025-08-29,midnight,1,1,396,0,0,0.0,0.0,0.012241082964465022,午夜规划·第1层
0.01,2025-08-29,midnight,2,1,396,0,0,0.0,0.0,0.06666100001893938,午夜规划·第2层
0.01,2025-08-29,execution,1,144,23724,0,0,0.0,0.0,0.6302262448007241,日内滚动·第1层
0.01,2025-08-29,execution,2,144,23724,0,0,0.0,-4.5438543174161496e-12,2.094010046334006,日内滚动·第2层
0.01,2025-08-30,midnight,1,1,360,0,0,0.0,0.0,0.0121020000660792,午夜规划·第1层
0.01,2025-08-30,midnight,2,1,360,0,0,0.0,0.0,0.05701008311007172,午夜规划·第2层
0.01,2025-08-30,execution,1,144,24732,0,0,0.0,0.0,0.6547650785651058,日内滚动·第1层
0.01,2025-08-30,execution,2,144,24732,0,0,0.0,-7.382159867862094e-13,2.28853196662385,日内滚动·第2层
0.01,2025-08-31,midnight,1,1,432,0,0,0.0,0.0,0.01799550000578165,午夜规划·第1层
0.01,2025-08-31,midnight,2,1,432,0,0,0.0,0.0,0.11632349994033575,午夜规划·第2层
0.01,2025-08-31,execution,1,144,27144,1,1,414.0602960750885,414.0602960750885,0.7239112050738186,日内滚动·第1层
0.01,2025-08-31,execution,2,144,27144,0,0,0.0,0.0,2.5196588329272345,日内滚动·第2层
0.01,2025-09-01,midnight,1,1,432,0,0,0.0,0.0,0.02119070803746581,午夜规划·第1层
0.01,2025-09-01,midnight,2,1,432,0,0,0.0,0.0,0.10877675004303455,午夜规划·第2层
0.01,2025-09-01,execution,1,144,26388,0,0,0.0,-1.72564486647482e-12,0.7112068714341149,日内滚动·第1层
0.01,2025-09-01,execution,2,144,26388,0,0,0.0,-1.5209771688543764e-11,2.577484708162956,日内滚动·第2层
0.01,2025-09-02,midnight,1,1,396,0,0,0.0,0.0,0.015780583024024963,午夜规划·第1层
0.01,2025-09-02,midnight,2,1,396,0,0,0.0,0.0,0.09308958298061043,午夜规划·第2层
0.01,2025-09-02,execution,1,144,27612,0,0,0.0,-1.72564486647482e-12,0.7320172963663936,日内滚动·第1层
0.01,2025-09-02,execution,2,144,27612,0,0,0.0,-1.03983044537953e-11,2.989285538555123,日内滚动·第2层
0.01,2025-09-03,midnight,1,1,468,0,0,0.0,0.0,0.0210600410355255,午夜规划·第1层
0.01,2025-09-03,midnight,2,1,468,0,0,0.0,0.0,0.12074979103635997,午夜规划·第2层
0.01,2025-09-03,execution,1,144,26856,0,0,0.0,0.0,0.7039379240013659,日内滚动·第1层
0.01,2025-09-03,execution,2,144,26856,0,0,0.0,-1.4210854715202004e-14,2.457946748821996,日内滚动·第2层
0.01,2025-09-04,midnight,1,1,252,0,0,0.0,0.0,0.007984124938957393,午夜规划·第1层
0.01,2025-09-04,midnight,2,1,252,0,0,0.0,0.0,0.038552499958314,午夜规划·第2层
0.01,2025-09-04,execution,1,144,20412,1,1,211.03394039494438,211.0339403949422,0.578665214474313,日内滚动·第1层
0.01,2025-09-04,execution,2,144,20412,0,0,8.628224332374091e-12,1.851097476443725e-12,1.7652191622182727,日内滚动·第2层
0.01,2025-09-05,midnight,1,1,360,0,0,0.0,0.0,0.012387958006002009,午夜规划·第1层
0.01,2025-09-05,midnight,2,1,360,0,0,0.0,-3.8390043492462487e-13,0.0643503749743104,午夜规划·第2层
0.01,2025-09-05,execution,1,144,26244,0,0,0.0,0.0,0.6774336672388017,日内滚动·第1层
0.01,2025-09-05,execution,2,144,26244,0,0,0.0,-1.8451314540866768e-12,2.1589609631337225,日内滚动·第2层
0.01,2025-09-06,midnight,1,1,360,0,0,0.0,0.0,0.010413041920401156,午夜规划·第1层
0.01,2025-09-06,midnight,2,1,360,0,0,0.0,0.0,0.05183733394369483,午夜规划·第2层
0.01,2025-09-06,execution,1,144,25704,0,0,0.0,-4.475337033708383e-12,0.6573264591861516,日内滚动·第1层
0.01,2025-09-06,execution,2,144,25704,0,0,0.0,-4.2520431754964245e-11,1.8654020461253822,日内滚动·第2层
0.01,2025-09-07,midnight,1,1,360,0,0,0.0,0.0,0.012436292017810047,午夜规划·第1层
0.01,2025-09-07,midnight,2,1,360,0,0,0.0,0.0,0.06378020800184458,午夜规划·第2层
0.01,2025-09-07,execution,1,144,25308,0,0,0.0,0.0,0.7188571682199836,日内滚动·第1层
0.01,2025-09-07,execution,2,144,25308,0,0,0.0,-2.5579538487363607e-13,2.1825065832817927,日内滚动·第2层
0.01,2025-09-08,midnight,1,1,396,0,0,0.0,0.0,0.013095417059957981,午夜规划·第1层
0.01,2025-09-08,midnight,2,1,396,0,0,0.0,0.0,0.10698433395009488,午夜规划·第2层
0.01,2025-09-08,execution,1,144,25200,0,0,0.0,0.0,0.8107882532058284,日内滚动·第1层
0.01,2025-09-08,execution,2,144,25200,0,0,0.0,-5.490629506327474e-12,2.6412478770362213,日内滚动·第2层
0.01,2025-09-09,midnight,1,1,360,0,0,0.0,0.0,0.012458542012609541,午夜规划·第1层
0.01,2025-09-09,midnight,2,1,360,0,0,0.0,0.0,0.06608162494376302,午夜规划·第2层
0.01,2025-09-09,execution,1,144,25524,0,0,0.0,0.0,1.0522235812386498,日内滚动·第1层
0.01,2025-09-09,execution,2,144,25524,0,0,0.0,-9.091511479905584e-12,2.9948560496559367,日内滚动·第2层
0.01,2025-09-10,midnight,1,1,396,0,0,0.0,0.0,0.027490000007674098,午夜规划·第1层
0.01,2025-09-10,midnight,2,1,396,0,0,0.0,0.0,0.18551804195158184,午夜规划·第2层
0.01,2025-09-10,execution,1,144,26100,0,0,0.0,0.0,0.7134749990655109,日内滚动·第1层
0.01,2025-09-10,execution,2,144,26100,0,0,0.0,-4.407763842388325e-12,2.3304342969786376,日内滚动·第2层
0.01,2025-09-11,midnight,1,1,252,0,0,0.0,0.0,0.008661042083986104,午夜规划·第1层
0.01,2025-09-11,midnight,2,1,252,0,0,0.0,0.0,0.03811283397953957,午夜规划·第2层
0.01,2025-09-11,execution,1,144,22104,0,0,0.0,0.0,0.6143349175108597,日内滚动·第1层
0.01,2025-09-11,execution,2,144,22104,1,1,21.355171226544773,2.66939640316662,1.9828688780544326,日内滚动·第2层
0.01,2025-09-12,midnight,1,1,360,0,0,0.0,0.0,0.009232957963831723,午夜规划·第1层
0.01,2025-09-12,midnight,2,1,360,0,0,0.0,0.0,0.05353929102420807,午夜规划·第2层
0.01,2025-09-12,execution,1,144,24408,0,0,0.0,0.0,0.6184679993893951,日内滚动·第1层
0.01,2025-09-12,execution,2,144,24408,0,0,0.0,-5.139984866640689e-12,1.6823058761656284,日内滚动·第2层
0.01,2025-09-13,midnight,1,1,288,0,0,0.0,0.0,0.010644125053659081,午夜规划·第1层
0.01,2025-09-13,midnight,2,1,288,0,0,0.0,0.0,0.0443557919934392,午夜规划·第2层
0.01,2025-09-13,execution,1,144,24084,0,0,0.0,0.0,0.6674554187338799,日内滚动·第1层
0.01,2025-09-13,execution,2,144,24084,0,0,0.0,-9.208523123002864e-13,1.9829110853606835,日内滚动·第2层
0.01,2025-09-14,midnight,1,1,324,0,0,0.0,0.0,0.01010416611097753,午夜规划·第1层
0.01,2025-09-14,midnight,2,1,324,0,0,0.0,-2.3253561481919713e-14,0.0486108330078423,午夜规划·第2层
0.01,2025-09-14,execution,1,144,23076,0,0,0.0,-4.3141121661870495e-12,0.6221953025087714,日内滚动·第1层
0.01,2025-09-14,execution,2,144,23076,0,0,0.0,-3.860946027001145e-12,1.7119118277914822,日内滚动·第2层
0.01,2025-09-15,midnight,1,1,396,0,0,0.0,0.0,0.015511292032897472,午夜规划·第1层
0.01,2025-09-15,midnight,2,1,396,0,0,0.0,0.0,0.08664133306592703,午夜规划·第2层
0.01,2025-09-15,execution,1,144,26064,0,0,0.0,-2.877698079828406e-12,0.7095099940197542,日内滚动·第1层
0.01,2025-09-15,execution,2,144,26064,0,0,0.0,-8.267581615652604e-12,2.332383621367626,日内滚动·第2层
0.01,2025-09-16,midnight,1,1,252,0,0,0.0,0.0,0.008211833075620234,午夜规划·第1层
0.01,2025-09-16,midnight,2,1,252,0,0,0.0,0.0,0.03737116593401879,午夜规划·第2层
0.01,2025-09-16,execution,1,144,24156,0,0,0.0,0.0,0.6711712020915002,日内滚动·第1层
0.01,2025-09-16,execution,2,144,24156,0,0,0.0,-2.1395023057635134e-12,2.386877798824571,日内滚动·第2层
0.01,2025-09-17,midnight,1,1,396,0,0,0.0,0.0,0.017607458983547986,午夜规划·第1层
0.01,2025-09-17,midnight,2,1,396,0,0,0.0,0.0,0.10413604194764048,午夜规划·第2层
0.01,2025-09-17,execution,1,144,27324,0,0,0.0,0.0,0.8232556742150337,日内滚动·第1层
0.01,2025-09-17,execution,2,144,27324,1,1,230.6496295785681,28.831203697317456,2.6400752548361197,日内滚动·第2层
0.01,2025-09-18,midnight,1,1,396,0,0,0.0,0.0,0.015493042068555951,午夜规划·第1层
0.01,2025-09-18,midnight,2,1,396,0,0,0.0,0.0,0.09392929100431502,午夜规划·第2层
0.01,2025-09-18,execution,1,144,25956,0,0,0.0,0.0,0.6992044652579352,日内滚动·第1层
0.01,2025-09-18,execution,2,144,25956,0,0,0.0,-2.4595834414416714e-12,2.163696999428794,日内滚动·第2层
0.01,2025-09-19,midnight,1,1,396,0,0,0.0,0.0,0.012355457991361618,午夜规划·第1层
0.01,2025-09-19,midnight,2,1,396,0,0,0.0,0.0,0.06661845894996077,午夜规划·第2层
0.01,2025-09-19,execution,1,144,27180,0,0,0.0,0.0,0.6962452962761745,日内滚动·第1层
0.01,2025-09-19,execution,2,144,27180,0,0,0.0,-3.666992635468583e-12,2.0861744282301515,日内滚动·第2层
0.01,2025-09-20,midnight,1,1,252,0,0,0.0,0.0,0.007429416989907622,午夜规划·第1层
0.01,2025-09-20,midnight,2,1,252,0,0,0.0,0.0,0.029604500043205917,午夜规划·第2层
0.01,2025-09-20,execution,1,144,21600,0,0,0.0,0.0,0.6470841292757541,日内滚动·第1层
0.01,2025-09-20,execution,2,144,21600,0,0,0.0,-1.505390796464349e-11,1.837846962036565,日内滚动·第2层
0.01,2025-09-21,midnight,1,1,396,0,0,0.0,0.0,0.01746470807120204,午夜规划·第1层
0.01,2025-09-21,midnight,2,1,396,0,0,0.0,-7.549516567451064e-15,0.10432050004601479,午夜规划·第2层
0.01,2025-09-21,execution,1,144,26568,0,0,0.0,0.0,0.7623724171426147,日内滚动·第1层
0.01,2025-09-21,execution,2,144,26568,0,0,0.0,-1.5834395093615415e-11,2.833443253999576,日内滚动·第2层
0.01,2025-09-22,midnight,1,1,396,0,0,0.0,0.0,0.018728666938841343,午夜规划·第1层
0.01,2025-09-22,midnight,2,1,396,0,0,0.0,0.0,0.08570425002835691,午夜规划·第2层
0.01,2025-09-22,execution,1,144,26208,0,0,0.0,0.0,0.6942157911835238,日内滚动·第1层
0.01,2025-09-22,execution,2,144,26208,0,0,0.0,-9.178363863577054e-13,2.214105250313878,日内滚动·第2层
0.01,2025-09-23,midnight,1,1,396,0,0,0.0,0.0,0.015450124978087842,午夜规划·第1层
0.01,2025-09-23,midnight,2,1,396,0,0,0.0,0.0,0.0820137090049684,午夜规划·第2层
0.01,2025-09-23,execution,1,144,26136,0,0,0.0,-1.658236863878149e-12,0.6939450398785993,日内滚动·第1层
0.01,2025-09-23,execution,2,144,26136,0,0,0.0,-3.774046459338699e-12,2.109545539249666,日内滚动·第2层
0.01,2025-09-24,midnight,1,1,252,0,0,0.0,0.0,0.008455333998426795,午夜规划·第1层
0.01,2025-09-24,midnight,2,1,252,0,0,0.0,0.0,0.044680041959509254,午夜规划·第2层
0.01,2025-09-24,execution,1,144,20628,0,0,0.0,0.0,0.5871519262436777,日内滚动·第1层
0.01,2025-09-24,execution,2,144,20628,0,0,0.0,-9.390119705726082e-12,1.8989669526927173,日内滚动·第2层
0.01,2025-09-25,midnight,1,1,252,0,0,0.0,0.0,0.007722500013187528,午夜规划·第1层
0.01,2025-09-25,midnight,2,1,252,0,0,0.0,0.0,0.036905667046085,午夜规划·第2层
0.01,2025-09-25,execution,1,144,21348,0,0,0.0,-5.55589072516318e-12,0.594011586974375,日内滚动·第1层
0.01,2025-09-25,execution,2,144,21348,0,0,0.0,-1.2521823786665372e-11,1.9276584216859192,日内滚动·第2层
0.01,2025-09-26,midnight,1,1,252,0,0,0.0,0.0,0.006913250079378486,午夜规划·第1层
0.01,2025-09-26,midnight,2,1,252,0,0,0.0,0.0,0.02983708307147026,午夜规划·第2层
0.01,2025-09-26,execution,1,144,21708,0,0,0.0,0.0,0.5922544582281262,日内滚动·第1层
0.01,2025-09-26,execution,2,144,21708,0,0,0.0,-6.756212340018422e-11,1.809859414352104,日内滚动·第2层
0.01,2025-09-27,midnight,1,1,252,0,0,0.0,0.0,0.008751332992687821,午夜规划·第1层
0.01,2025-09-27,midnight,2,1,252,0,0,0.0,0.0,0.034376958035863936,午夜规划·第2层
0.01,2025-09-27,execution,1,144,21708,0,0,0.0,0.0,0.6368517172522843,日内滚动·第1层
0.01,2025-09-27,execution,2,144,21708,0,0,0.0,-6.21896898382009e-12,1.981789454817772,日内滚动·第2层
0.01,2025-09-28,midnight,1,1,396,0,0,0.0,0.0,0.01520704198628664,午夜规划·第1层
0.01,2025-09-28,midnight,2,1,396,0,0,0.0,0.0,0.09220370801631361,午夜规划·第2层
0.01,2025-09-28,execution,1,144,24516,0,0,0.0,0.0,0.6762098773615435,日内滚动·第1层
0.01,2025-09-28,execution,2,144,24516,0,0,0.0,-2.080599421029215e-12,2.1927594137378037,日内滚动·第2层
0.01,2025-09-29,midnight,1,1,360,0,0,0.0,0.0,0.012249083025380969,午夜规划·第1层
0.01,2025-09-29,midnight,2,1,360,0,0,0.0,0.0,0.07357137510553002,午夜规划·第2层
0.01,2025-09-29,execution,1,144,25056,0,0,0.0,-2.2963393107107428e-12,0.6775851661805063,日内滚动·第1层
0.01,2025-09-29,execution,2,144,25056,0,0,0.0,-3.5409889532554323e-12,2.030075535411015,日内滚动·第2层
0.01,2025-09-30,midnight,1,1,396,0,0,0.0,0.0,0.016129166935570538,午夜规划·第1层
0.01,2025-09-30,midnight,2,1,396,0,0,0.0,0.0,0.08587299997452646,午夜规划·第2层
0.01,2025-09-30,execution,1,144,25200,0,0,0.0,0.0,0.6747561712982133,日内滚动·第1层
0.01,2025-09-30,execution,2,144,25200,0,0,0.0,-2.4940644785530034e-12,2.2510813758708537,日内滚动·第2层
0.01,2025-10-01,midnight,1,1,360,0,0,0.0,0.0,0.01323787507135421,午夜规划·第1层
0.01,2025-10-01,midnight,2,1,360,0,0,0.0,0.0,0.07062025007326156,午夜规划·第2层
0.01,2025-10-01,execution,1,144,24696,0,0,0.0,-2.2737367544323206e-13,0.6570694183465093,日内滚动·第1层
0.01,2025-10-01,execution,2,144,24696,0,0,0.0,-2.4693000242478036e-12,2.041128830634989,日内滚动·第2层
0.01,2025-10-02,midnight,1,1,360,0,0,0.0,0.0,0.01326666702516377,午夜规划·第1层
0.01,2025-10-02,midnight,2,1,360,0,0,0.0,0.0,0.05883129208814353,午夜规划·第2层
0.01,2025-10-02,execution,1,144,24660,0,0,0.0,0.0,0.6667280048131943,日内滚动·第1层
0.01,2025-10-02,execution,2,144,24660,0,0,0.0,-7.65535007507763e-11,1.9492238744860515,日内滚动·第2层
0.01,2025-10-03,midnight,1,1,432,0,0,0.0,0.0,0.01512108405586332,午夜规划·第1层
0.01,2025-10-03,midnight,2,1,432,0,0,0.0,0.0,0.08215020899660885,午夜规划·第2层
0.01,2025-10-03,execution,1,144,27108,0,0,0.0,0.0,0.6806859561474994,日内滚动·第1层
0.01,2025-10-03,execution,2,144,27108,0,0,0.0,-1.0390989613972617e-11,1.9516291646286845,日内滚动·第2层
0.01,2025-10-04,midnight,1,1,396,0,0,0.0,0.0,0.012994541903026402,午夜规划·第1层
0.01,2025-10-04,midnight,2,1,396,0,0,0.0,0.0,0.06948095804546028,午夜规划·第2层
0.01,2025-10-04,execution,1,144,24804,0,0,0.0,0.0,0.6334030826110393,日内滚动·第1层
0.01,2025-10-04,execution,2,144,24804,0,0,0.0,-1.158927602974704e-12,1.8197843700181693,日内滚动·第2层
0.01,2025-10-05,midnight,1,1,360,0,0,0.0,0.0,0.012253292021341622,午夜规划·第1层
0.01,2025-10-05,midnight,2,1,360,0,0,0.0,0.0,0.06838262500241399,午夜规划·第2层
0.01,2025-10-05,execution,1,144,24408,0,0,0.0,0.0,0.6553574200952426,日内滚动·第1层
0.01,2025-10-05,execution,2,144,24408,0,0,0.0,-1.1801327655053692e-11,1.93287386756856,日内滚动·第2层
0.01,2025-10-06,midnight,1,1,396,0,0,0.0,0.0,0.01477883302140981,午夜规划·第1层
0.01,2025-10-06,midnight,2,1,396,0,0,0.0,0.0,0.08721070806495845,午夜规划·第2层
0.01,2025-10-06,execution,1,144,25740,0,0,0.0,0.0,0.6852566235465929,日内滚动·第1层
0.01,2025-10-06,execution,2,144,25740,0,0,0.0,-2.7198905498779193e-12,2.133260711678304,日内滚动·第2层
0.01,2025-10-07,midnight,1,1,396,0,0,0.0,0.0,0.014416457968764007,午夜规划·第1层
0.01,2025-10-07,midnight,2,1,396,0,0,0.0,0.0,0.08305729203857481,午夜规划·第2层
0.01,2025-10-07,execution,1,144,25020,0,0,0.0,0.0,0.6903553328011185,日内滚动·第1层
0.01,2025-10-07,execution,2,144,25020,0,0,0.0,-2.5011336532943554e-12,2.241838833899237,日内滚动·第2层
0.01,2025-10-08,midnight,1,1,252,0,0,0.0,0.0,0.008154917042702436,午夜规划·第1层
0.01,2025-10-08,midnight,2,1,252,0,0,0.0,0.0,0.04190824995748699,午夜规划·第2层
0.01,2025-10-08,execution,1,144,23616,0,0,0.0,-5.480099500015436e-12,0.7540763748111203,日内滚动·第1层
0.01,2025-10-08,execution,2,144,23616,0,0,0.0,-8.435957280777453e-12,2.5257654988672584,日内滚动·第2层
0.01,2025-10-09,midnight,1,1,396,0,0,0.0,0.0,0.021773874992504716,午夜规划·第1层
0.01,2025-10-09,midnight,2,1,396,0,0,0.0,0.0,0.12727662501856685,午夜规划·第2层
0.01,2025-10-09,execution,1,144,25704,0,0,0.0,-1.937355580213925e-12,0.7862283323192969,日内滚动·第1层
0.01,2025-10-09,execution,2,144,25704,0,0,0.0,-9.209407229183494e-12,2.4682592478347942,日内滚动·第2层
0.01,2025-10-10,midnight,1,1,252,0,0,0.0,0.0,0.008453166927210987,午夜规划·第1层
0.01,2025-10-10,midnight,2,1,252,0,0,0.0,0.0,0.03469237498939037,午夜规划·第2层
0.01,2025-10-10,execution,1,144,20880,0,0,0.0,0.0,0.640028964728117,日内滚动·第1层
0.01,2025-10-10,execution,2,144,20880,0,0,0.0,-9.835108040986098e-13,1.7229090026812628,日内滚动·第2层
0.01,2025-10-11,midnight,1,1,360,0,0,0.0,0.0,0.011849583010189235,午夜规划·第1层
0.01,2025-10-11,midnight,2,1,360,0,0,0.0,0.0,0.062077000038698316,午夜规划·第2层
0.01,2025-10-11,execution,1,144,23040,0,0,0.0,0.0,0.7521224515512586,日内滚动·第1层
0.01,2025-10-11,execution,2,144,23040,0,0,0.0,-9.10652568919272e-12,1.7935817576944828,日内滚动·第2层
0.01,2025-10-12,midnight,1,1,396,0,0,0.0,0.0,0.019038790953345597,午夜规划·第1层
0.01,2025-10-12,midnight,2,1,396,0,0,0.0,0.0,0.12054520798847079,午夜规划·第2层
0.01,2025-10-12,execution,1,144,26064,0,0,0.0,0.0,0.8186010875506327,日内滚动·第1层
0.01,2025-10-12,execution,2,144,26064,0,0,0.0,-5.116783584958359e-12,2.544421835569665,日内滚动·第2层
0.01,2025-10-13,midnight,1,1,252,0,0,0.0,0.0,0.009673624997958541,午夜规划·第1层
0.01,2025-10-13,midnight,2,1,252,0,0,0.0,0.0,0.04665520798880607,午夜规划·第2层
0.01,2025-10-13,execution,1,144,22320,0,0,0.0,-3.22112706877912e-13,0.7097204658202827,日内滚动·第1层
0.01,2025-10-13,execution,2,144,22320,0,0,0.0,-8.847459638692776e-12,2.1465712974313647,日内滚动·第2层
0.01,2025-10-14,midnight,1,1,432,0,0,0.0,0.0,0.016362541005946696,午夜规划·第1层
0.01,2025-10-14,midnight,2,1,432,0,0,0.0,0.0,0.09697241603862494,午夜规划·第2层
0.01,2025-10-14,execution,1,144,25596,0,0,0.0,-5.305385760342081e-13,0.6844547950895503,日内滚动·第1层
0.01,2025-10-14,execution,2,144,25596,0,0,0.0,-1.8916130827446077e-12,2.2621120801195502,日内滚动·第2层
0.01,2025-10-15,midnight,1,1,324,0,0,0.0,0.0,0.01030462491326034,午夜规划·第1层
0.01,2025-10-15,midnight,2,1,324,0,0,0.0,0.0,0.0548868749756366,午夜规划·第2层
0.01,2025-10-15,execution,1,144,22896,0,0,0.0,0.0,0.6174021631013602,日内滚动·第1层
0.01,2025-10-15,execution,2,144,22896,0,0,0.0,-2.2755954714004427e-12,1.7463789526373148,日内滚动·第2层
0.01,2025-10-16,midnight,1,1,360,0,0,0.0,0.0,0.013519000029191375,午夜规划·第1层
0.01,2025-10-16,midnight,2,1,360,0,0,0.0,0.0,0.07414920791052282,午夜规划·第2层
0.01,2025-10-16,execution,1,144,23544,0,0,0.0,-1.2339758844367075e-12,0.6642690886510536,日内滚动·第1层
0.01,2025-10-16,execution,2,144,23544,0,0,0.0,-7.0347443627258975e-12,1.997806122759357,日内滚动·第2层
0.01,2025-10-17,midnight,1,1,360,0,0,0.0,0.0,0.011929291998967528,午夜规划·第1层
0.01,2025-10-17,midnight,2,1,360,0,0,0.0,0.0,0.056963041075505316,午夜规划·第2层
0.01,2025-10-17,execution,1,144,24372,0,0,0.0,0.0,0.6264621588634327,日内滚动·第1层
0.01,2025-10-17,execution,2,144,24372,0,0,0.0,-1.1209923231687217e-11,1.7883028811775148,日内滚动·第2层
0.01,2025-10-18,midnight,1,1,396,0,0,0.0,0.0,0.010664042085409164,午夜规划·第1层
0.01,2025-10-18,midnight,2,1,396,0,0,0.0,0.0,0.06832287495490164,午夜规划·第2层
0.01,2025-10-18,execution,1,144,24696,0,0,0.0,0.0,0.6446949949022382,日内滚动·第1层
0.01,2025-10-18,execution,2,144,24696,0,0,0.0,-1.7080787854730408e-11,1.657944084261544,日内滚动·第2层
0.01,2025-10-19,midnight,1,1,432,0,0,0.0,0.0,0.018300874973647296,午夜规划·第1层
0.01,2025-10-19,midnight,2,1,432,0,0,0.0,-5.861565443188927e-15,0.11061808303929865,午夜规划·第2层
0.01,2025-10-19,execution,1,144,25416,0,0,0.0,-1.5158245029548803e-13,0.7100963690318167,日内滚动·第1层
0.01,2025-10-19,execution,2,144,25416,0,0,0.0,-9.20100673692007e-13,2.218629795126617,日内滚动·第2层
0.01,2025-10-20,midnight,1,1,324,0,0,0.0,0.0,0.012557375011965632,午夜规划·第1层
0.01,2025-10-20,midnight,2,1,324,0,0,0.0,0.0,0.059778291964903474,午夜规划·第2层
0.01,2025-10-20,execution,1,144,23220,0,0,0.0,0.0,0.6616891224402934,日内滚动·第1层
0.01,2025-10-20,execution,2,144,23220,0,0,0.0,-3.8460177085025605e-12,1.8479945837752894,日内滚动·第2层
0.01,2025-10-21,midnight,1,1,360,0,0,0.0,0.0,0.019443832919932902,午夜规划·第1层
0.01,2025-10-21,midnight,2,1,360,0,0,0.0,0.0,0.09936566697433591,午夜规划·第2层
0.01,2025-10-21,execution,1,144,24876,0,0,0.0,-6.631732200427601e-14,0.8965918847825378,日内滚动·第1层
0.01,2025-10-21,execution,2,144,24876,0,0,0.0,-7.983861647819588e-12,2.654571919119917,日内滚动·第2层
0.01,2025-10-22,midnight,1,1,360,0,0,0.0,0.0,0.018953083897940814,午夜规划·第1层
0.01,2025-10-22,midnight,2,1,360,0,0,0.0,0.0,0.10863408306613564,午夜规划·第2层
0.01,2025-10-22,execution,1,144,24984,0,0,0.0,-4.31411216618705e-13,1.034411714412272,日内滚动·第1层
0.01,2025-10-22,execution,2,144,24984,0,0,0.0,-7.441189862480056e-12,2.8631745835300535,日内滚动·第2层
0.01,2025-10-23,midnight,1,1,432,0,0,0.0,0.0,0.023524624994024634,午夜规划·第1层
0.01,2025-10-23,midnight,2,1,432,0,0,0.0,0.0,0.15085233293939382,午夜规划·第2层
0.01,2025-10-23,execution,1,144,25236,0,0,0.0,-3.789561257387201e-14,0.6981989549240097,日内滚动·第1层
0.01,2025-10-23,execution,2,144,25236,0,0,0.0,-4.283143623093136e-12,2.1907679992727935,日内滚动·第2层
0.01,2025-10-24,midnight,1,1,288,0,0,0.0,0.0,0.009350916952826083,午夜规划·第1层
0.01,2025-10-24,midnight,2,1,288,0,0,0.0,0.0,0.037675416097044945,午夜规划·第2层
0.01,2025-10-24,execution,1,144,20988,0,0,0.0,0.0,0.5817690809490159,日内滚动·第1层
0.01,2025-10-24,execution,2,144,20988,0,0,0.0,-8.416660905977125e-12,1.5103069165488705,日内滚动·第2层
0.01,2025-10-25,midnight,1,1,360,0,0,0.0,0.0,0.011766084004193544,午夜规划·第1层
0.01,2025-10-25,midnight,2,1,360,0,0,0.0,0.0,0.05947762506548315,午夜规划·第2层
0.01,2025-10-25,execution,1,144,24408,0,0,0.0,0.0,0.6448199606966227,日内滚动·第1层
0.01,2025-10-25,execution,2,144,24408,0,0,0.0,-4.085356191121491e-12,1.8285520834615454,日内滚动·第2层
0.01,2025-10-26,midnight,1,1,252,0,0,0.0,0.0,0.00745174998883158,午夜规划·第1层
0.01,2025-10-26,midnight,2,1,252,0,0,0.0,0.0,0.042260666959919035,午夜规划·第2层
0.01,2025-10-26,execution,1,144,20484,0,0,0.0,-3.789561257387201e-14,0.6033161706291139,日内滚动·第1层
0.01,2025-10-26,execution,2,144,20484,0,0,0.0,-2.7305534021213106e-11,1.8500664483290166,日内滚动·第2层
0.01,2025-10-27,midnight,1,1,360,0,0,0.0,0.0,0.013480165973305702,午夜规划·第1层
0.01,2025-10-27,midnight,2,1,360,0,0,0.0,0.0,0.08152250002603978,午夜规划·第2层
0.01,2025-10-27,execution,1,144,23724,0,0,0.0,-1.3729462011724536e-11,0.6467409558827057,日内滚动·第1层
0.01,2025-10-27,execution,2,144,23724,0,0,0.0,-3.110162122244585e-12,1.8563598761102185,日内滚动·第2层
0.01,2025-10-28,midnight,1,1,360,0,0,0.0,0.0,0.011725125019438565,午夜规划·第1层
0.01,2025-10-28,midnight,2,1,360,0,0,0.0,-1.83728204271572e-14,0.07328416698146611,午夜规划·第2层
0.01,2025-10-28,execution,1,144,23940,0,0,0.0,-6.913511877434485e-12,0.7411849079653621,日内滚动·第1层
0.01,2025-10-28,execution,2,144,23940,0,0,0.0,-1.0368970622604603e-11,2.32092037727125,日内滚动·第2层
0.01,2025-10-29,midnight,1,1,432,0,0,0.0,0.0,0.015894124982878566,午夜规划·第1层
0.01,2025-10-29,midnight,2,1,432,0,0,0.0,0.0,0.12113245809450746,午夜规划·第2层
0.01,2025-10-29,execution,1,144,25524,0,0,0.0,0.0,0.7783803306519985,日内滚动·第1层
0.01,2025-10-29,execution,2,144,25524,1,1,48.09659489384466,6.012074361729584,2.759655076195486,日内滚动·第2层
0.01,2025-10-30,midnight,1,1,432,0,0,0.0,0.0,0.015028833993710577,午夜规划·第1层
0.01,2025-10-30,midnight,2,1,432,0,0,0.0,0.0,0.10401929100044072,午夜规划·第2层
0.01,2025-10-30,execution,1,144,23328,0,0,0.0,-6.91594929473164e-13,0.642701874487102,日内滚动·第1层
0.01,2025-10-30,execution,2,144,23328,0,0,0.0,-6.645896250409564e-12,1.7969303822610527,日内滚动·第2层
0.01,2025-10-31,midnight,1,1,180,0,0,0.0,0.0,0.005082209012471139,午夜规划·第1层
0.01,2025-10-31,midnight,2,1,180,0,0,0.0,0.0,0.01613470900338143,午夜规划·第2层
0.01,2025-10-31,execution,1,144,16308,0,0,0.0,0.0,0.462441831943579,日内滚动·第1层
0.01,2025-10-31,execution,2,144,16308,0,0,0.0,-2.1890837811491853e-11,1.030297662364319,日内滚动·第2层
0.01,2025-11-01,midnight,1,1,396,0,0,0.0,0.0,0.012486582971177995,午夜规划·第1层
0.01,2025-11-01,midnight,2,1,396,0,0,0.0,0.0,0.0751590410945937,午夜规划·第2层
0.01,2025-11-01,execution,1,144,23868,0,0,0.0,0.0,0.6233539124950767,日内滚动·第1层
0.01,2025-11-01,execution,2,144,23868,0,0,0.0,-1.3362815864717464e-11,1.8689968332182616,日内滚动·第2层
0.01,2025-11-02,midnight,1,1,432,0,0,0.0,0.0,0.015997915994375944,午夜规划·第1层
0.01,2025-11-02,midnight,2,1,432,0,0,0.0,0.0,0.10614995798096061,午夜规划·第2层
0.01,2025-11-02,execution,1,144,24408,0,0,0.0,0.0,0.6380994610954076,日内滚动·第1层
0.01,2025-11-02,execution,2,144,24408,0,0,0.0,-1.9773329213587438e-12,2.0696410038508475,日内滚动·第2层
0.01,2025-11-03,midnight,1,1,468,0,0,0.0,0.0,0.01630799996200949,午夜规划·第1层
0.01,2025-11-03,midnight,2,1,468,0,0,0.0,0.0,0.13310054095927626,午夜规划·第2层
0.01,2025-11-03,execution,1,144,26964,0,0,0.0,-4.1685173831259214e-13,0.7314713294617832,日内滚动·第1层
0.01,2025-11-03,execution,2,144,26964,0,0,0.0,-1.72564486647482e-12,2.916820500511676,日内滚动·第2层
0.01,2025-11-04,midnight,1,1,432,0,0,0.0,0.0,0.017605333006940782,午夜规划·第1层
0.01,2025-11-04,midnight,2,1,432,0,0,0.0,0.0,0.11444729194045067,午夜规划·第2层
0.01,2025-11-04,execution,1,144,27396,0,0,0.0,0.0,0.7462557897670195,日内滚动·第1层
0.01,2025-11-04,execution,2,144,27396,0,0,0.0,-1.6590101274126719e-12,2.823910621344112,日内滚动·第2层
0.01,2025-11-05,midnight,1,1,468,0,0,0.0,0.0,0.016641000052914023,午夜规划·第1层
0.01,2025-11-05,midnight,2,1,468,0,0,0.0,0.0,0.1282771669793874,午夜规划·第2层
0.01,2025-11-05,execution,1,144,27396,0,0,0.0,0.0,0.7243347903713584,日内滚动·第1层
0.01,2025-11-05,execution,2,144,27396,0,0,0.0,-2.6012051804851627e-12,2.501961289672181,日内滚动·第2层
0.01,2025-11-06,midnight,1,1,468,0,0,0.0,0.0,0.022814791067503393,午夜规划·第1层
0.01,2025-11-06,midnight,2,1,468,0,0,0.0,-2.3684757858670005e-15,0.12210516689810902,午夜规划·第2层
0.01,2025-11-06,execution,1,144,27360,0,0,0.0,-8.6282243323741e-13,0.7315186327323318,日内滚动·第1层
0.01,2025-11-06,execution,2,144,27360,0,0,0.0,-1.0835231882010911e-12,2.6061920799547806,日内滚动·第2层
0.01,2025-11-07,midnight,1,1,468,0,0,0.0,0.0,0.016067791962996125,午夜规划·第1层
0.01,2025-11-07,midnight,2,1,468,0,0,0.0,0.0,0.09447641693986952,午夜规划·第2层
0.01,2025-11-07,execution,1,144,24444,0,0,0.0,0.0,0.6240689974511042,日内滚动·第1层
0.01,2025-11-07,execution,2,144,24444,0,0,0.0,-2.814682882315261e-12,1.8820610902039334,日内滚动·第2层
0.01,2025-11-08,midnight,1,1,396,0,0,0.0,0.0,0.011234209057874978,午夜规划·第1层
0.01,2025-11-08,midnight,2,1,396,0,0,0.0,0.0,0.07240104104857892,午夜规划·第2层
0.01,2025-11-08,execution,1,144,26784,0,0,0.0,-4.31411216618705e-13,0.7392650813562796,日内滚动·第1层
0.01,2025-11-08,execution,2,144,26784,0,0,0.0,-1.5696962896389556e-11,2.107665911084041,日内滚动·第2层
0.01,2025-11-09,midnight,1,1,432,0,0,0.0,0.0,0.015743416966870427,午夜规划·第1层
0.01,2025-11-09,midnight,2,1,432,0,0,0.0,-1.9706982737831294e-14,0.11242849996779114,午夜规划·第2层
0.01,2025-11-09,execution,1,144,23940,0,0,0.0,0.0,0.6214871113188565,日内滚动·第1层
0.01,2025-11-09,execution,2,144,23940,0,0,0.0,-1.9777368954547432e-11,2.1017352126073092,日内滚动·第2层
0.01,2025-11-10,midnight,1,1,396,0,0,0.0,0.0,0.016460082959383726,午夜规划·第1层
0.01,2025-11-10,midnight,2,1,396,0,0,0.0,0.0,0.09806049999315292,午夜规划·第2层
0.01,2025-11-10,execution,1,144,25380,0,0,0.0,0.0,0.7136605748673901,日内滚动·第1层
0.01,2025-11-10,execution,2,144,25380,0,0,0.0,-2.2027514737010695e-13,2.369578450336121,日内滚动·第2层
0.01,2025-11-11,midnight,1,1,468,0,0,0.0,0.0,0.023223749944008887,午夜规划·第1层
0.01,2025-11-11,midnight,2,1,468,0,0,0.0,0.0,0.13677845802158117,午夜规划·第2层
0.01,2025-11-11,execution,1,144,26244,0,0,0.0,-8.610024984491458e-13,0.7690581256756559,日内滚动·第1层
0.01,2025-11-11,execution,2,144,26244,0,0,0.0,-1.6633603318990685e-12,2.6247530030086637,日内滚动·第2层
0.01,2025-11-12,midnight,1,1,360,0,0,0.0,0.0,0.014338457956910133,午夜规划·第1层
0.01,2025-11-12,midnight,2,1,360,0,0,0.0,0.0,0.08359891700092703,午夜规划·第2层
0.01,2025-11-12,execution,1,144,25596,0,0,0.0,-3.789561257387201e-14,0.6671798314200714,日内滚动·第1层
0.01,2025-11-12,execution,2,144,25596,0,0,0.0,-1.199522341911545e-12,2.241348369163461,日内滚动·第2层
0.01,2025-11-13,midnight,1,1,324,0,0,0.0,0.0,0.011596124968491495,午夜规划·第1层
0.01,2025-11-13,midnight,2,1,324,0,0,0.0,-1.4210854715202004e-14,0.0558257499942556,午夜规划·第2层
0.01,2025-11-13,execution,1,144,20088,0,0,0.0,-3.789561257387201e-14,0.5388886611908674,日内滚动·第1层
0.01,2025-11-13,execution,2,144,20088,0,0,0.0,-1.0760384634419316e-12,1.6751144180307165,日内滚动·第2层
0.01,2025-11-14,midnight,1,1,468,0,0,0.0,0.0,0.01683341700118035,午夜规划·第1层
0.01,2025-11-14,midnight,2,1,468,0,0,0.0,0.0,0.09333220799453557,午夜规划·第2层
0.01,2025-11-14,execution,1,144,27576,0,0,0.0,0.0,0.7185874162241817,日内滚动·第1层
0.01,2025-11-14,execution,2,144,27576,0,0,0.0,-4.0737783516912407e-13,2.329650206374936,日内滚动·第2层
0.01,2025-11-15,midnight,1,1,324,0,0,0.0,0.0,0.00952129194047302,午夜规划·第1层
0.01,2025-11-15,midnight,2,1,324,0,0,0.0,0.0,0.047792459023185074,午夜规划·第2层
0.01,2025-11-15,execution,1,144,22392,0,0,0.0,0.0,0.6925351690733805,日内滚动·第1层
0.01,2025-11-15,execution,2,144,22392,0,0,0.0,-3.3071981662204625e-12,1.9581915836315602,日内滚动·第2层
0.01,2025-11-16,midnight,1,1,252,0,0,0.0,0.0,0.009063042001798749,午夜规划·第1层
0.01,2025-11-16,midnight,2,1,252,0,0,0.0,0.0,0.049343249993398786,午夜规划·第2层
0.01,2025-11-16,execution,1,144,18900,0,0,0.0,-3.789561257387201e-14,0.6703759247902781,日内滚动·第1层
0.01,2025-11-16,execution,2,144,18900,0,0,0.0,-1.8947806286936003e-13,1.8921058257110417,日内滚动·第2层
0.01,2025-11-17,midnight,1,1,468,0,0,0.0,0.0,0.03079058404546231,午夜规划·第1层
0.01,2025-11-17,midnight,2,1,468,0,0,0.0,0.0,0.16766712500248104,午夜规划·第2层
0.01,2025-11-17,execution,1,144,27360,0,0,0.0,-1.5158245029548803e-13,0.7211488777538761,日内滚动·第1层
0.01,2025-11-17,execution,2,144,27360,0,0,0.0,-5.20969766362534e-13,2.581805295892991,日内滚动·第2层
0.01,2025-11-18,midnight,1,1,396,0,0,0.0,0.0,0.01616762496996671,午夜规划·第1层
0.01,2025-11-18,midnight,2,1,396,0,0,0.0,0.0,0.09451362502295524,午夜规划·第2层
0.01,2025-11-18,execution,1,144,25452,0,0,0.0,0.0,0.6955111280549318,日内滚动·第1层
0.01,2025-11-18,execution,2,144,25452,0,0,0.0,-1.2381676815594082e-12,2.3752579145366326,日内滚动·第2层
0.01,2025-11-19,midnight,1,1,360,0,0,0.0,0.0,0.013906917069107294,午夜规划·第1层
0.01,2025-11-19,midnight,2,1,360,0,0,0.0,0.0,0.08370974997524172,午夜规划·第2层
0.01,2025-11-19,execution,1,144,23220,0,0,0.0,-1.3321292624299872e-12,0.6279584633884951,日内滚动·第1层
0.01,2025-11-19,execution,2,144,23220,0,0,0.0,-4.2209832697320356e-12,1.943736461456865,日内滚动·第2层
0.01,2025-11-20,midnight,1,1,432,0,0,0.0,0.0,0.017054000054486096,午夜规划·第1层
0.01,2025-11-20,midnight,2,1,432,0,0,0.0,0.0,0.1186572079313919,午夜规划·第2层
0.01,2025-11-20,execution,1,144,23976,0,0,0.0,-1.1368683772161603e-13,0.6565665447851643,日内滚动·第1层
0.01,2025-11-20,execution,2,144,23976,0,0,0.0,-4.31411216618705e-13,2.3526780024403706,日内滚动·第2层
0.01,2025-11-21,midnight,1,1,468,0,0,0.0,0.0,0.01775237498804927,午夜规划·第1层
0.01,2025-11-21,midnight,2,1,468,0,0,0.0,0.0,0.10752433398738503,午夜规划·第2层
0.01,2025-11-21,execution,1,144,27252,0,0,0.0,0.0,0.7088019195944071,日内滚动·第1层
0.01,2025-11-21,execution,2,144,27252,0,0,0.0,-2.8981893980506126e-12,2.400403551175259,日内滚动·第2层
0.01,2025-11-22,midnight,1,1,432,0,0,0.0,0.0,0.013142791925929487,午夜规划·第1层
0.01,2025-11-22,midnight,2,1,432,0,0,0.0,0.0,0.08124199998565018,午夜规划·第2层
0.01,2025-11-22,execution,1,144,26892,0,0,0.0,0.0,0.6826125008519739,日内滚动·第1层
0.01,2025-11-22,execution,2,144,26892,0,0,0.0,-6.287445113862489e-12,2.237774371402338,日内滚动·第2层
0.01,2025-11-23,midnight,1,1,396,0,0,0.0,0.0,0.013083165977150202,午夜规划·第1层
0.01,2025-11-23,midnight,2,1,396,0,0,0.0,0.0,0.091953375027515,午夜规划·第2层
0.01,2025-11-23,execution,1,144,28152,0,0,0.0,-3.789561257387201e-14,0.7298651679884642,日内滚动·第1层
0.01,2025-11-23,execution,2,144,28152,0,0,0.0,-2.4158453015843406e-13,2.915252113598399,日内滚动·第2层
0.01,2025-11-24,midnight,1,1,432,0,0,0.0,0.0,0.016867749975062907,午夜规划·第1层
0.01,2025-11-24,midnight,2,1,432,0,0,0.0,0.0,0.10868562501855195,午夜规划·第2层
0.01,2025-11-24,execution,1,144,27828,0,0,0.0,-7.579122514774402e-14,0.7201728778891265,日内滚动·第1层
0.01,2025-11-24,execution,2,144,27828,0,0,0.0,0.0,2.598477752530016,日内滚动·第2层
0.01,2025-11-25,midnight,1,1,360,0,0,0.0,0.0,0.012161417049355805,午夜规划·第1层
0.01,2025-11-25,midnight,2,1,360,0,0,0.0,0.0,0.07290341588668525,午夜规划·第2层
0.01,2025-11-25,execution,1,144,20880,0,0,0.0,-7.579122514774402e-14,0.5479357987642288,日内滚动·第1层
0.01,2025-11-25,execution,2,144,20880,0,0,0.0,-5.592807868534259e-13,1.5358309495495632,日内滚动·第2层
0.01,2025-11-26,midnight,1,1,432,0,0,0.0,0.0,0.014848207938484848,午夜规划·第1层
0.01,2025-11-26,midnight,2,1,432,0,0,0.0,0.0,0.11562362499535084,午夜规划·第2层
0.01,2025-11-26,execution,1,144,24660,0,0,0.0,-3.481659405224491e-13,0.6854054970899597,日内滚动·第1层
0.01,2025-11-26,execution,2,144,24660,1,1,43.78212313670131,5.4727653920863215,2.1747382109751925,日内滚动·第2层
0.01,2025-11-27,midnight,1,1,396,0,0,0.0,0.0,0.015483208000659943,午夜规划·第1层
0.01,2025-11-27,midnight,2,1,396,0,0,0.0,0.0,0.09858516696840525,午夜规划·第2层
0.01,2025-11-27,execution,1,144,26064,0,0,0.0,-3.789561257387201e-14,0.6746950410306454,日内滚动·第1层
0.01,2025-11-27,execution,2,144,26064,0,0,0.0,-1.5989270241057372e-12,2.2548542140284553,日内滚动·第2层
0.01,2025-11-28,midnight,1,1,468,0,0,0.0,0.0,0.014094582991674542,午夜规划·第1层
0.01,2025-11-28,midnight,2,1,468,0,0,0.0,0.0,0.11238199996296316,午夜规划·第2层
0.01,2025-11-28,execution,1,144,27360,0,0,0.0,0.0,0.7088144551962614,日内滚动·第1层
0.01,2025-11-28,execution,2,144,27360,0,0,0.0,-2.076545761347105e-12,2.516788752982393,日内滚动·第2层
0.01,2025-11-29,midnight,1,1,468,0,0,0.0,0.0,0.014421999920159578,午夜规划·第1层
0.01,2025-11-29,midnight,2,1,468,0,0,0.0,0.0,0.10929041600320488,午夜规划·第2层
0.01,2025-11-29,execution,1,144,25596,0,0,0.0,0.0,0.6727544598979875,日内滚动·第1层
0.01,2025-11-29,execution,2,144,25596,0,0,0.0,-5.6384122858315235e-12,2.019073331495747,日内滚动·第2层
0.01,2025-11-30,midnight,1,1,432,0,0,0.0,0.0,0.02471891592722386,午夜规划·第1层
0.01,2025-11-30,midnight,2,1,432,0,0,0.0,0.0,0.10963770898524672,午夜规划·第2层
0.01,2025-11-30,execution,1,144,25956,0,0,0.0,-1.1368683772161603e-13,0.684434037655592,日内滚动·第1层
0.01,2025-11-30,execution,2,144,25956,0,0,0.0,0.0,2.288591463235207,日内滚动·第2层
0.01,2025-12-01,midnight,1,1,468,0,0,0.0,0.0,0.021532083046622574,午夜规划·第1层
0.01,2025-12-01,midnight,2,1,468,0,0,0.0,-1.4157818004372405e-14,0.1297927499981597,午夜规划·第2层
0.01,2025-12-01,execution,1,144,25992,0,0,0.0,-7.579122514774402e-14,0.8308529114583507,日内滚动·第1层
0.01,2025-12-01,execution,2,144,25992,0,0,0.0,-4.674880582414059e-13,2.7082114631775767,日内滚动·第2层
0.01,2025-12-02,midnight,1,1,432,0,0,0.0,0.0,0.020884667057543993,午夜规划·第1层
0.01,2025-12-02,midnight,2,1,432,0,0,0.0,0.0,0.11677141697145998,午夜规划·第2层
0.01,2025-12-02,execution,1,144,27324,0,0,0.0,-1.1368683772161603e-13,0.7362192569999024,日内滚动·第1层
0.01,2025-12-02,execution,2,144,27324,0,0,0.0,-1.4597111601454883e-13,2.6883763772202656,日内滚动·第2层
0.01,2025-12-03,midnight,1,1,144,0,0,0.0,0.0,0.004606709000654519,午夜规划·第1层
0.01,2025-12-03,midnight,2,1,144,0,0,0.0,0.0,0.014568875078111887,午夜规划·第2层
0.01,2025-12-03,execution,1,144,15444,0,0,0.0,-1.5158245029548803e-13,0.46519529016222805,日内滚动·第1层
0.01,2025-12-03,execution,2,144,15444,0,0,1.2867928944615414e-11,1.5860530124157002e-11,1.166924667893909,日内滚动·第2层
0.01,2025-12-04,midnight,1,1,360,0,0,0.0,0.0,0.017533916048705578,午夜规划·第1层
0.01,2025-12-04,midnight,2,1,360,0,0,0.0,0.0,0.11044179205782712,午夜规划·第2层
0.01,2025-12-04,execution,1,144,23832,0,0,0.0,-7.579122514774402e-14,0.7553763743489981,日内滚动·第1层
0.01,2025-12-04,execution,2,144,23832,0,0,0.0,-2.896768986688324e-13,2.6652822975302115,日内滚动·第2层
0.01,2025-12-05,midnight,1,1,144,0,0,0.0,0.0,0.003962041111662984,午夜规划·第1层
0.01,2025-12-05,midnight,2,1,144,0,0,0.0,0.0,0.012729375041089952,午夜规划·第2层
0.01,2025-12-05,execution,1,144,18108,0,0,0.0,-3.789561257387201e-14,0.518269966240041,日内滚动·第1层
0.01,2025-12-05,execution,2,144,18108,0,0,0.0,-2.9844574014452094e-12,1.48572158429306,日内滚动·第2层
0.01,2025-12-06,midnight,1,1,396,0,0,0.0,0.0,0.01581137499306351,午夜规划·第1层
0.01,2025-12-06,midnight,2,1,396,0,0,0.0,0.0,0.09463129192590714,午夜规划·第2层
0.01,2025-12-06,execution,1,144,26928,0,0,0.0,0.0,0.7257051633205265,日内滚动·第1层
0.01,2025-12-06,execution,2,144,26928,0,0,0.0,0.0,3.1975384161341935,日内滚动·第2层
0.01,2025-12-07,midnight,1,1,396,0,0,0.0,0.0,0.015223833033815026,午夜规划·第1层
0.01,2025-12-07,midnight,2,1,396,0,0,0.0,0.0,0.09028129104990512,午夜规划·第2层
0.01,2025-12-07,execution,1,144,26604,0,0,0.0,-7.579122514774402e-14,0.7038971642032266,日内滚动·第1层
0.01,2025-12-07,execution,2,144,26604,0,0,0.0,-2.6822927680586374e-12,2.406765332329087,日内滚动·第2层
0.01,2025-12-08,midnight,1,1,288,0,0,0.0,0.0,0.01045908301603049,午夜规划·第1层
0.01,2025-12-08,midnight,2,1,288,0,0,0.0,0.0,0.053536999970674515,午夜规划·第2层
0.01,2025-12-08,execution,1,144,22752,0,0,0.0,-1.1368683772161603e-13,0.6315572903258726,日内滚动·第1层
0.01,2025-12-08,execution,2,144,22752,0,0,0.0,-8.767507559991318e-13,2.1367390839150175,日内滚动·第2层
0.01,2025-12-09,midnight,1,1,432,0,0,0.0,0.0,0.027419916936196387,午夜规划·第1层
0.01,2025-12-09,midnight,2,1,432,0,0,0.0,0.0,0.11869291693437845,午夜规划·第2层
0.01,2025-12-09,execution,1,144,27900,0,0,0.0,-5.210646728907401e-13,0.7479875851422548,日内滚动·第1层
0.01,2025-12-09,execution,2,144,27900,0,0,0.0,-8.480132067754095e-12,2.5382709143450484,日内滚动·第2层
0.01,2025-12-10,midnight,1,1,396,0,0,0.0,0.0,0.01817508297972381,午夜规划·第1层
0.01,2025-12-10,midnight,2,1,396,0,0,0.0,0.0,0.10752329195383936,午夜规划·第2层
0.01,2025-12-10,execution,1,144,25560,0,0,0.0,-3.967196941327226e-14,0.7238233727402985,日内滚动·第1层
0.01,2025-12-10,execution,2,144,25560,0,0,0.0,-1.5270690485269476e-13,2.6481920843943954,日内滚动·第2层
0.01,2025-12-11,midnight,1,1,360,0,0,0.0,0.0,0.019422249984927475,午夜规划·第1层
0.01,2025-12-11,midnight,2,1,360,0,0,0.0,-3.3158661002138004e-14,0.10718270798679441,午夜规划·第2层
0.01,2025-12-11,execution,1,144,24048,0,0,0.0,0.0,0.6443189617712051,日内滚动·第1层
0.01,2025-12-11,execution,2,144,24048,0,0,0.0,-1.0528489502389778e-11,2.2179430476389825,日内滚动·第2层
0.01,2025-12-12,midnight,1,1,396,0,0,0.0,0.0,0.015039957943372428,午夜规划·第1层
0.01,2025-12-12,midnight,2,1,396,0,0,0.0,0.0,0.08935941592790186,午夜规划·第2层
0.01,2025-12-12,execution,1,144,25344,0,0,0.0,-1.8947806286936004e-14,0.666509632836096,日内滚动·第1层
0.01,2025-12-12,execution,2,144,25344,0,0,0.0,-7.900517155534121e-13,2.384135046391748,日内滚动·第2层
0.01,2025-12-13,midnight,1,1,396,0,0,0.0,0.0,0.016971125034615397,午夜规划·第1层
0.01,2025-12-13,midnight,2,1,396,0,0,0.0,0.0,0.0923779159784317,午夜规划·第2层
0.01,2025-12-13,execution,1,144,25704,0,0,0.0,-9.473903143468002e-14,0.702687130193226,日内滚动·第1层
0.01,2025-12-13,execution,2,144,25704,0,0,5.861977570020821e-13,4.156675004196581e-13,2.655714503955096,日内滚动·第2层
0.01,2025-12-14,midnight,1,1,432,0,0,0.0,0.0,0.018055875087156892,午夜规划·第1层
0.01,2025-12-14,midnight,2,1,432,0,0,0.0,-6.246854885224214e-14,0.1171932079596445,午夜规划·第2层
0.01,2025-12-14,execution,1,144,24696,0,0,0.0,0.0,0.6476681225467473,日内滚动·第1层
0.01,2025-12-14,execution,2,144,24696,0,0,0.0,-2.6272676179635286e-12,1.9224773301975802,日内滚动·第2层
0.01,2025-12-15,midnight,1,1,360,0,0,0.0,0.0,0.01554291695356369,午夜规划·第1层
0.01,2025-12-15,midnight,2,1,360,0,0,0.0,0.0,0.08335204201284796,午夜规划·第2层
0.01,2025-12-15,execution,1,144,25092,0,0,0.0,-3.552713678800501e-14,0.8292270443635061,日内滚动·第1层
0.01,2025-12-15,execution,2,144,25092,0,0,0.0,-8.50459723871163e-12,2.789250916102901,日内滚动·第2层
0.01,2025-12-16,midnight,1,1,396,0,0,0.0,0.0,0.02423366706352681,午夜规划·第1层
0.01,2025-12-16,midnight,2,1,396,0,0,0.0,0.0,0.1247102910419926,午夜规划·第2层
0.01,2025-12-16,execution,1,144,26100,0,0,0.0,0.0,0.7943022908875719,日内滚动·第1层
0.01,2025-12-16,execution,2,144,26100,0,0,0.0,-5.565918096787451e-14,2.5630602535093203,日内滚动·第2层
0.01,2025-12-17,midnight,1,1,360,0,0,0.0,-2.999934056534862e-13,0.017197833978570998,午夜规划·第1层
0.01,2025-12-17,midnight,2,1,360,0,0,0.0,0.0,0.0839087920030579,午夜规划·第2层
0.01,2025-12-17,execution,1,144,24624,0,0,0.0,-7.579122514774402e-14,0.678230331512168,日内滚动·第1层
0.01,2025-12-17,execution,2,144,24624,0,0,1.808778366558747e-11,1.4665534043073547e-11,2.240357321454212,日内滚动·第2层
0.01,2025-12-18,midnight,1,1,468,0,0,0.0,0.0,0.02684216690249741,午夜规划·第1层
0.01,2025-12-18,midnight,2,1,468,0,0,0.0,-9.420526868994396e-13,0.15508387493900955,午夜规划·第2层
0.01,2025-12-18,execution,1,144,26100,0,0,0.0,0.0,0.8832735415780917,日内滚动·第1层
0.01,2025-12-18,execution,2,144,26100,0,0,0.0,-8.591295486538895e-13,2.7587145373690873,日内滚动·第2层
0.01,2025-12-19,midnight,1,1,468,0,0,0.0,0.0,0.02002954191993922,午夜规划·第1层
0.01,2025-12-19,midnight,2,1,468,0,0,0.0,0.0,0.13113620807416737,午夜规划·第2层
0.01,2025-12-19,execution,1,144,27036,0,0,0.0,-1.8947806286936004e-14,0.7969895402202383,日内滚动·第1层
0.01,2025-12-19,execution,2,144,27036,0,0,0.0,-2.8558282295671798e-12,2.4835379554424435,日内滚动·第2层
0.01,2025-12-20,midnight,1,1,360,0,0,0.0,0.0,0.01967375003732741,午夜规划·第1层
0.01,2025-12-20,midnight,2,1,360,0,0,0.0,0.0,0.10016920894850045,午夜规划·第2层
0.01,2025-12-20,execution,1,144,24156,0,0,0.0,-1.8947806286936004e-14,0.8350696233101189,日内滚动·第1层
0.01,2025-12-20,execution,2,144,24156,0,0,0.0,-9.461297528237775e-13,2.8063976689008996,日内滚动·第2层
0.01,2025-12-21,midnight,1,1,360,0,0,0.0,0.0,0.016898375004529953,午夜规划·第1层
0.01,2025-12-21,midnight,2,1,360,0,0,0.0,-1.0463628768445196e-13,0.0881490419851616,午夜规划·第2层
0.01,2025-12-21,execution,1,144,23832,0,0,0.0,-3.789561257387201e-14,0.6912539564073086,日内滚动·第1层
0.01,2025-12-21,execution,2,144,23832,0,0,0.0,-2.0478127803532855e-12,2.2849089265801013,日内滚动·第2层
0.01,2025-12-22,midnight,1,1,288,0,0,0.0,0.0,0.013900374993681908,午夜规划·第1层
0.01,2025-12-22,midnight,2,1,288,0,0,0.0,0.0,0.06587704201228917,午夜规划·第2层
0.01,2025-12-22,execution,1,144,22608,0,0,0.0,0.0,0.7121531626908109,日内滚动·第1层
0.01,2025-12-22,execution,2,144,22608,0,0,0.0,-3.339550858072471e-13,2.3761231696698815,日内滚动·第2层
0.01,2025-12-23,midnight,1,1,432,0,0,0.0,0.0,0.01948062505107373,午夜规划·第1层
0.01,2025-12-23,midnight,2,1,432,0,0,0.0,0.0,0.13073379208799452,午夜规划·第2层
0.01,2025-12-23,execution,1,144,26424,0,0,0.0,0.0,0.8636111638043076,日内滚动·第1层
0.01,2025-12-23,execution,2,144,26424,0,0,0.0,-1.0156006455982996e-11,3.0414321690332144,日内滚动·第2层
0.01,2025-12-24,midnight,1,1,468,0,0,0.0,0.0,0.023990249959751964,午夜规划·第1层
0.01,2025-12-24,midnight,2,1,468,0,0,0.0,-2.4302175231443337e-12,0.14614445809274912,午夜规划·第2层
0.01,2025-12-24,execution,1,144,27792,0,0,0.0,-1.7621459846850485e-11,0.7509738318622112,日内滚动·第1层
0.01,2025-12-24,execution,2,144,27792,0,0,0.0,-5.358847003918171e-11,2.515534247038886,日内滚动·第2层
0.01,2025-12-25,midnight,1,1,396,0,0,0.0,0.0,0.018771791947074234,午夜规划·第1层
0.01,2025-12-25,midnight,2,1,396,0,0,0.0,0.0,0.10402741690631956,午夜规划·第2层
0.01,2025-12-25,execution,1,144,24084,0,0,0.0,-1.1368683772161603e-13,0.7399600375210866,日内滚动·第1层
0.01,2025-12-25,execution,2,144,24084,0,0,0.0,-3.999749853702571e-12,2.494206332718022,日内滚动·第2层
0.01,2025-12-26,midnight,1,1,360,0,0,0.0,0.0,0.01378720800857991,午夜规划·第1层
0.01,2025-12-26,midnight,2,1,360,0,0,0.0,0.0,0.0999915829161182,午夜规划·第2层
0.01,2025-12-26,execution,1,144,24300,0,0,0.0,0.0,0.7037854559021071,日内滚动·第1层
0.01,2025-12-26,execution,2,144,24300,0,0,0.0,-3.246789614428971e-12,2.35502392181661,日内滚动·第2层
0.01,2025-12-27,midnight,1,1,360,0,0,0.0,0.0,0.014180790982209146,午夜规划·第1层
0.01,2025-12-27,midnight,2,1,360,0,0,0.0,0.0,0.0753261250210926,午夜规划·第2层
0.01,2025-12-27,execution,1,144,21960,0,0,0.0,-5.684341886080802e-14,0.6988854077644646,日内滚动·第1层
0.01,2025-12-27,execution,2,144,21960,0,0,0.0,-7.200166389035683e-13,2.041859085438773,日内滚动·第2层
0.01,2025-12-28,midnight,1,1,360,0,0,0.0,-3.230698214729852e-13,0.02104583301115781,午夜规划·第1层
0.01,2025-12-28,midnight,2,1,360,0,0,0.0,0.0,0.1186174169415608,午夜规划·第2层
0.01,2025-12-28,execution,1,144,24660,1,1,748.5597965942674,748.5597965942671,0.9327646730234846,日内滚动·第1层
0.01,2025-12-28,execution,2,144,24660,0,0,3.4512897329496356e-12,1.8458172008778663e-12,3.3025051651056856,日内滚动·第2层
0.01,2025-12-29,midnight,1,1,360,0,0,0.0,0.0,0.01973570801783353,午夜规划·第1层
0.01,2025-12-29,midnight,2,1,360,0,0,0.0,-1.7193925300020849e-13,0.10418916598428041,午夜规划·第2层
0.01,2025-12-29,execution,1,144,25380,0,0,0.0,0.0,1.1345299979439005,日内滚动·第1层
0.01,2025-12-29,execution,2,144,25380,0,0,0.0,-3.536838703925156e-12,3.534926332300529,日内滚动·第2层
0.01,2025-12-30,midnight,1,1,360,0,0,0.0,0.0,0.026943790959194303,午夜规划·第1层
0.01,2025-12-30,midnight,2,1,360,0,0,0.0,0.0,0.12816366704646498,午夜规划·第2层
0.01,2025-12-30,execution,1,144,24228,0,0,0.0,-7.549696290827338e-12,0.9018782050115988,日内滚动·第1层
0.01,2025-12-30,execution,2,144,24228,0,0,3.560154434195065e-11,2.4483863527552536e-11,3.1604367931140587,日内滚动·第2层
0.01,2025-12-31,midnight,1,1,396,0,0,0.0,0.0,0.020435040933080018,午夜规划·第1层
0.01,2025-12-31,midnight,2,1,396,0,0,0.0,0.0,0.10861887503415346,午夜规划·第2层
0.01,2025-12-31,execution,1,144,25272,0,0,0.0,-3.789561257387201e-14,0.8373453740496188,日内滚动·第1层
0.01,2025-12-31,execution,2,144,25272,0,0,0.0,-4.507293585026808e-12,2.827239365899004,日内滚动·第2层
