run_id,day,date,month,scenario,forecast,seed,planned_kwh,final_kwh,emergency_kwh,emergency_minutes,surplus_kwh,up_cost,down_cost,total_cost,planned_cost,emergency_cost,simultaneous_slots,throughput_kwh,direction_reversals,equivalent_full_cycles,initial_soc,final_soc,final_mode,max_balance_error,max_state_error,risk_seconds,planning_seconds,execution_seconds,compute_seconds,charge_kwh,discharge_kwh,direction_reversals_including_warmup_boundary,charging_slots,discharging_slots,active_slots,power_changes_count,power_ramp_total_kw,power_ramp_total_kw_including_warmup_boundary,power_ramp_max_kw_per_10min,power_ramp_p95_kw_per_10min,mean_absolute_power_kw,max_charge_kw,max_discharge_kw,initial_mode,initial_power_kw,final_power_kw
no_tree,31,2025-02-01,2,2,no_season,42,55450.41921708172,55450.41921708172,0.0,0,17946.909799426016,0.0,0.0,29478.975604737087,29478.97560473709,0.0,0,31358.016566665072,5,1.301534151114649,1421.7991105135516,2898.7577379631007,-1,0.0,9.094947017729282e-13,0.000656957970932126,0.024492374970577657,0.00024154095444828272,0.025390873895958066,17241.67502549372,14116.341541171354,5,24,38,62,56,65256.96694920115,70005.98152509346,5342.810217575783,3043.9149894151556,1306.5840236110448,4921.774575892316,3308.8804999999993,1,172.75999999999976,0.0
no_tree,32,2025-02-02,2,2,no_season,42,98488.30490733884,98488.30490733884,14.684787441686126,10,18917.378467734674,0.0,0.0,63478.0768032057,63446.08599376399,31.990809441713225,0,36574.599527865976,9,1.5233571167750217,2898.7577379631007,2202.146588006335,-1,0.0,9.094947017729282e-13,0.0006425000028684735,0.02461774996481836,0.0002442910335958004,0.025504541001282632,18901.96640245591,17672.633125410066,10,26,37,63,63,109759.3685217581,114510.64176698538,7318.051107351952,4743.416490252569,1523.9416469944158,4751.273245227293,4371.25410548559,-1,0.0,0.0
no_tree,33,2025-02-03,2,2,no_season,42,80832.99097003278,80832.99097003278,2111.3299832404714,560,1469.0428565705456,0.0,0.0,60408.00437447155,50458.82239417733,9949.181980294223,0,42374.5700230426,9,1.7652942208009659,2202.146588006335,1228.9187614156724,-1,0.0,7.958078640513122e-13,0.00010262499563395977,0.02437491691671312,0.00023291702382266521,0.024710458936169744,21816.46580987265,20558.10421316995,10,32,44,76,81,112771.47641491127,117501.31669056781,6685.275092938253,4589.669698372167,1765.6070842934416,4743.416490252569,4838.28482005762,-1,0.0,0.0
no_tree,34,2025-02-04,2,2,no_season,42,86366.80544402363,86366.80544402363,1140.5955735644409,370,3555.6871223495154,0.0,0.0,58925.101534832895,53780.50826860025,5144.593266232643,0,46409.66654983515,9,1.9303658737413028,1228.9187614156724,1543.5908138259126,-1,0.0,9.094947017729282e-13,0.00010570802260190248,0.024523416999727488,0.0002336249453946948,0.024862749967724085,24583.258247536854,21826.40830229829,10,33,47,80,74,110058.97057784739,114935.71652774775,6450.711540209456,4743.416490252569,1933.736106243131,4876.745949900367,4838.28482005762,-1,0.0,0.0
no_tree,35,2025-02-05,2,2,no_season,42,87538.46374161175,87538.46374161175,715.5685357706969,370,5351.719275092156,0.0,0.0,58335.196804387415,55008.33229775303,3326.864506634378,0,43650.12108032683,9,1.8165493518909643,1543.5908138259126,1399.902887320457,-1,0.0,9.094947017729282e-13,0.0001275420654565096,0.024526583030819893,0.00023687502834945917,0.02489100012462586,22902.003549641897,20748.117530684936,10,31,43,74,71,115822.15483230425,120452.39810463972,7071.03418297212,4743.416490252569,1818.7550450136177,4743.416490252569,4838.28482005762,-1,0.0,0.0
no_tree,36,2025-02-06,2,2,no_season,42,86996.51057919895,86996.51057919895,568.2497491322389,250,4820.958117266537,0.0,0.0,56825.97270983056,54529.25704836538,2296.715661465182,0,43054.236110034966,9,1.7909861286431321,1399.902887320457,1606.9223843221484,-1,0.0,9.094947017729282e-13,0.0001323750475421548,0.024444167036563158,0.0002459170063957572,0.02482245909050107,22763.49055221647,20290.745557818496,10,31,45,76,71,114385.48105243941,119060.78070740597,7029.416754441254,4743.416490252569,1793.9265045847906,4743.416490252569,4838.28482005762,-1,0.0,0.0
no_tree,37,2025-02-07,2,2,no_season,42,40002.162573437054,40002.162573437054,727.4507725130037,310,7102.603642195934,0.0,0.0,24093.975450044185,20731.04706348101,3362.928386563176,0,34073.7656313994,5,1.4177110402345043,1606.9223843221484,1634.9351613128763,-1,0.0,9.094947017729282e-13,0.00016641593538224697,0.024375459062866867,0.00023495801724493504,0.02477683301549405,17947.547834243433,16126.21779715597,6,39,43,82,73,72010.03329800245,76709.66878566096,7589.46638440411,3354.8836298853685,1419.7402346416418,4743.416490252569,3132.3504807736927,-1,0.0,0.0
no_tree,38,2025-02-08,2,2,no_season,42,36202.550893397645,36202.550893397645,842.3580020460738,400,3955.4236249480464,0.0,0.0,21866.86795976745,18868.991737067823,2997.8762226996246,0,32634.85996856725,5,1.3583520138737535,1634.9351613128763,1429.3485628225308,-1,0.0,8.526512829121202e-13,0.00015358300879597664,0.024705125018954277,0.0002531249774619937,0.025111833005212247,17073.591261198126,15561.268707369121,6,39,40,79,73,69996.51461994187,74835.2095158631,7826.385490252569,3679.9794199656744,1359.7858320236353,4838.694895921232,3114.9713,-1,0.0,0.0
no_tree,39,2025-02-09,2,2,no_season,42,80907.85024850951,80907.85024850951,2179.8469109234134,560,1259.6528105205884,0.0,0.0,59546.768421936235,50258.273986732434,9288.494435203791,0,45225.79519660144,9,1.8820328003435132,1429.3485628225308,1321.5224875591716,-1,0.0,9.094947017729282e-13,0.00017708400264382362,0.0243917090119794,0.00023283297196030617,0.02480162598658353,23749.211789423553,21476.58340717788,10,33,44,77,77,111362.05781932177,116236.0854664477,7100.00258392135,4636.981930531758,1884.4081331917264,4874.027647125933,4838.28482005762,-1,0.0,0.0
no_tree,40,2025-02-10,2,2,no_season,42,85484.06224500266,85484.06224500266,659.8964971206528,280,9527.31404325438,0.0,0.0,55316.70038125629,53330.49812647911,1986.2022547771733,0,39466.90662356671,9,1.6417079077488805,1321.5224875591716,1534.619344008439,-1,0.0,9.094947017729282e-13,0.00018012500368058681,0.02443366590887308,0.0002490000333636999,0.024862790945917368,20878.45686955116,18588.449754015557,10,29,41,70,66,119082.19490899189,123998.59414965472,6921.181505185385,4743.416490252569,1644.4544426486127,4923.524093070167,4838.28482005762,-1,0.0,0.0
no_tree,41,2025-02-11,2,2,no_season,42,79624.48032103352,79624.48032103352,922.4918438583079,440,3106.954308936626,0.0,0.0,53596.531599348265,49239.94513534442,4356.586464003857,0,44439.2508290873,9,1.849331477727593,1534.619344008439,1414.9662888773496,-1,0.0,9.094947017729282e-13,0.00021679094061255455,0.024317207979038358,0.00023295904975384474,0.024766957969404757,23329.33577585459,21109.91505323271,10,31,43,74,65,111880.58172803994,116721.2740279742,7298.200734833347,4743.416490252569,1851.6354512119708,4840.692299934266,4838.28482005762,-1,0.0,0.0
no_tree,42,2025-02-12,2,2,no_season,42,81188.8892159366,81188.8892159366,671.2482848639931,300,4255.579443234161,0.0,0.0,53201.200301947916,50404.48192791836,2796.71837402956,0,42432.65985786209,9,1.7653474668238347,1414.9662888773496,1519.6353974538129,-1,0.0,7.958078640513122e-13,0.00021329207811504602,0.024733209051191807,0.0002352920128032565,0.02518179314211011,22385.240891047593,20047.418966814505,10,30,45,75,68,109874.05969674606,114839.04883107053,6821.89381247546,4743.416490252569,1768.0274940775873,4964.989134324469,4838.28482005762,-1,0.0,0.0
no_tree,43,2025-02-13,2,2,no_season,42,80945.54443149688,80945.54443149688,513.6658193174103,290,8155.35981087048,0.0,0.0,52438.58028164694,50341.73634757716,2096.843934069775,0,38707.783290150874,9,1.610727012808245,1519.6353974538129,1456.6677953920691,-1,0.0,8.526512829121202e-13,0.00024133396800607443,0.024670333950780332,0.00023175007663667202,0.02514341799542308,20341.077356714006,18366.705933436868,10,28,40,68,70,110709.22136543051,115644.68046426648,6991.918179623757,4660.142943303625,1612.8243037562866,4935.459098835969,4838.28482005762,-1,0.0,0.0
no_tree,44,2025-02-14,2,2,no_season,42,34924.790841273614,34924.790841273614,664.2389279543918,320,4195.5317544239015,0.0,0.0,20777.078859422632,18165.931031708817,2611.1478277138185,0,31790.86118770025,5,1.3229622827548935,1456.6677953920691,1375.0476474316652,-1,0.0,8.810729923425242e-13,0.00024216703604906797,0.024569792090915143,0.00022912502754479647,0.025041084154509008,16691.278692918844,15099.582494781409,6,46,38,84,73,64611.3996632442,69175.73942059233,7566.247888540631,3408.8015035666995,1324.6192161541776,4743.416490252569,3130.6548835666954,-1,0.0,0.0
no_tree,45,2025-02-15,2,2,no_season,42,36042.80137941165,36042.80137941165,713.3729684604466,320,5422.032503684888,0.0,0.0,21165.73831824326,18809.053950299585,2356.684367943675,0,31695.89432202585,5,1.3179844953869493,1375.0476474316652,1761.4289525835516,-1,0.0,7.958078640513122e-13,0.00028337491676211357,0.024435665924102068,0.0002352080773562193,0.0249542489182204,16874.97253310653,14820.92178891932,6,42,37,79,69,69962.78154051122,74798.06831110327,7803.12724453923,3673.3156190969353,1320.6622634177438,4835.286770592045,3130.6548835666954,-1,0.0,0.0
no_tree,46,2025-02-16,2,2,no_season,42,79556.14366043141,79556.14366043141,940.0275164362209,470,3219.5476652416055,0.0,0.0,53197.4952901137,49242.522215823265,3954.9730742904344,0,42363.85643408074,9,1.7634398062689731,1761.4289525835516,1430.5380943757764,-1,0.0,9.094947017729282e-13,0.0002715419977903366,0.024291542009450495,0.00023300002794712782,0.02479608403518796,22131.550422853383,20232.30601122736,10,31,42,73,70,111824.2459485351,116709.95000085937,6599.717320997743,4743.416490252569,1765.1606847533642,4885.704052324282,4838.28482005762,-1,0.0,0.0
no_tree,47,2025-02-17,2,2,no_season,42,81679.60692849326,81679.60692849326,300.8713483083312,200,8861.203873207014,0.0,0.0,51886.71144577444,50565.479162295174,1321.2322834792615,0,37039.56156136157,9,1.5412068580366673,1430.5380943757764,1416.479237206083,-1,0.0,9.094947017729282e-13,0.000278624938800931,0.02457562496419996,0.00022400007583200932,0.0250782499788329,19487.48639914474,17552.075162216828,10,26,37,63,60,107319.89231470831,112186.39670372046,6609.160309751913,4743.416490252569,1543.315065056732,4866.504389012144,4815.59899471261,-1,0.0,0.0
no_tree,48,2025-02-18,2,2,no_season,42,78420.29300677397,78420.29300677397,473.8414543999552,190,4547.15358058277,0.0,0.0,50462.4355737918,48351.49340523185,2110.9421685599514,0,40938.07329660714,9,1.7031671711290584,1416.479237206083,1517.577019534137,-1,0.0,9.094947017729282e-13,0.0002924170112237334,0.023998167016543448,0.0002407499123364687,0.02453133394010365,21596.833196932475,19341.24009967466,10,30,41,71,69,106636.76893681157,111592.18934573415,7817.537096604083,4668.070149990234,1705.7530540252976,4955.420408922582,4838.28482005762,-1,0.0,0.0
no_tree,49,2025-02-19,2,2,no_season,42,78702.74190623834,78702.74190623834,781.8169926394273,330,4499.7454187386975,0.0,0.0,51561.3041095649,48543.253122753966,3018.050986810936,0,42963.40691618112,9,1.7880028363692897,1517.577019534137,1361.6150097173224,-1,0.0,9.094947017729282e-13,0.0003140839980915189,0.023822416900657117,0.0002157080452889204,0.024352208944037557,22534.446506493434,20428.960409687694,10,30,43,73,66,108053.08708934257,113001.5645132017,8016.206771863926,4743.416490252569,1790.1419548408803,4948.477423859118,4838.28482005762,-1,0.0,0.0
no_tree,50,2025-02-20,2,2,no_season,42,78407.36661378114,78407.36661378114,578.9394099579183,310,5672.197930072674,0.0,0.0,51036.02442512466,48518.43731917428,2517.5871059503825,0,39693.94176546989,9,1.6511128299450872,1361.6150097173224,1593.7562885776806,-1,0.0,9.094947017729282e-13,0.0003100000321865082,0.023437958909198642,0.00021962495520710945,0.02396758389659226,21007.45806290147,18686.483702568417,10,29,39,68,69,102326.15071562654,107312.3352003925,6597.381315142965,4733.126113002745,1653.914240227912,4986.184484765952,4838.28482005762,-1,0.0,0.0
no_tree,51,2025-02-21,2,2,no_season,42,34761.828328281175,34761.828328281175,322.70140560542,260,7579.02822992564,0.0,0.0,19020.095971764298,18007.44502169762,1012.6509500666825,0,31213.243233210043,5,1.2980850739279262,1593.7562885776806,1896.6132441350858,-1,0.0,6.821210263296962e-13,0.00033320800866931677,0.023602083092555404,0.0003899580333381891,0.02432524913456291,16579.241351918834,14634.00188129121,6,45,37,82,78,63864.52478453441,68647.42997308166,7953.644490252569,2649.8710735225504,1300.5518013837518,4782.905188547246,3210.228,-1,0.0,0.0
no_tree,52,2025-02-22,2,2,no_season,42,34435.550551598084,34435.550551598084,374.2786280438541,220,5478.601693396111,0.0,0.0,19277.00856618618,18017.642942431936,1259.3656237542466,0,30281.934803495453,5,1.2602341798424932,1896.6132441350858,1789.1428505723309,-1,0.0,9.094947017729282e-13,0.00037191598676145077,0.02379437501076609,0.00021420896518975496,0.024380499962717295,15884.199703203974,14397.73510029148,6,41,37,78,71,57341.188878511646,62106.02509358834,7790.121959367684,2519.922472195502,1261.7472834789774,4764.836215076693,3100.606971630369,-1,0.0,0.0
no_tree,53,2025-02-23,2,2,no_season,42,79301.46404145408,79301.46404145408,373.39184593122104,250,6375.191198841878,0.0,0.0,50346.05405457887,49074.05347530611,1272.0005792727602,0,40238.231441590724,9,1.6750378040464875,1789.1428505723309,1438.6664399375013,-1,0.0,8.135714324453147e-13,0.0003560830373317003,0.02334483398590237,0.00021283305250108242,0.023913750075735152,21003.021223400407,19235.210218190317,10,29,42,71,70,107865.14734933931,112666.24001297953,7050.565373648279,4633.118497316889,1676.5929767329467,4801.092663640213,4838.28482005762,-1,0.0,0.0
no_tree,54,2025-02-24,2,2,no_season,42,78289.91714617737,78289.91714617737,369.1640383765509,220,8274.37815723526,0.0,0.0,49750.30093317208,47990.845366072455,1759.4555670996265,0,38531.46287214035,9,1.602914900270959,1438.6664399375013,1592.577441440771,-1,0.0,9.094947017729282e-13,0.000357207958586514,0.026613167021423578,0.00023320806212723255,0.027203583042137325,20356.56614139617,18174.896730744178,10,27,39,66,60,103216.26390729065,108031.36012513484,7056.265209820507,4743.416490252569,1605.4776196725145,4815.096217844201,4838.28482005762,-1,0.0,0.0
no_tree,55,2025-02-25,2,2,no_season,42,76252.1107544128,76252.1107544128,261.1327572863248,180,8761.451915783393,0.0,0.0,47828.21553368638,46847.28792928263,980.9276044037474,0,37649.285138410545,9,1.5666581222214857,1592.577441440771,1541.4335954734618,-1,0.0,9.094947017729282e-13,0.00040862499736249447,0.025213666958734393,0.00023099989630281925,0.025853291852399707,19789.87675049647,17859.408387914074,10,27,36,63,56,103204.93022770356,107995.29110018241,7874.071373819264,4743.416490252569,1568.720214100439,4790.360872478852,4838.28482005762,-1,0.0,0.0
no_tree,56,2025-02-26,2,2,no_season,42,73859.80628483229,73859.80628483229,482.73534816124925,230,3338.7912917276617,0.0,0.0,47302.371447725,45231.96720500047,2070.4042427245313,0,39728.88107248266,9,1.6528606886335426,1541.4335954734618,1639.4780525677506,-1,0.0,9.094947017729282e-13,0.0004245409509167075,0.025243124924600124,0.0002307909308001399,0.025898456806316972,20958.8916902076,18769.98938227506,10,31,38,69,71,100917.94764655243,105715.54283612948,7704.132985699393,4530.733276019235,1655.3700446867776,4797.595189577043,4798.540567880519,-1,0.0,0.0
no_tree,57,2025-02-27,2,2,no_season,42,75355.89559910874,75355.89559910874,834.0690052233338,220,7330.343429885706,0.0,0.0,50181.96552377801,46108.39844598284,4073.56707779517,0,41162.996139261384,9,1.7133261860473055,1639.4780525677506,1375.6759156973208,-1,0.0,7.958078640513122e-13,0.0004564579576253891,0.02571420802269131,0.00024262501392513514,0.026413290994241834,21533.01655685388,19629.979582407497,10,32,41,73,62,107156.48902388237,111966.45215274788,7465.488629250416,4743.416490252569,1715.1248391358909,4809.9631288655055,4838.28482005762,-1,0.0,0.0
no_tree,58,2025-02-28,2,2,no_season,42,34416.87052751329,34416.87052751329,217.39535601165065,180,9383.799029227499,0.0,0.0,18537.096176857136,17735.46346034636,801.6327165107755,0,30437.34276324258,5,1.2656832729410308,1375.6759156973208,1732.077785125444,-1,0.0,8.526512829121202e-13,0.0004710000939667225,0.024547457927837968,0.00023933302145451307,0.025257791043259203,16197.608033770011,14239.734729472568,6,41,36,77,61,60530.73977117445,65427.99527821585,7717.088614053671,2518.3376946389435,1268.2226151351076,4897.255507041399,3119.0229999999992,-1,0.0,0.0
no_tree,59,2025-03-01,3,2,no_season,42,33551.59101265739,33551.59101265739,294.9859677589472,160,8527.683503137532,0.0,0.0,18758.156458279132,17408.90640946739,1349.250048811743,0,28663.77891850241,5,1.192336071266997,1732.077785125444,1883.7956672878515,-1,0.0,7.389644451905042e-13,0.0004888329422101378,0.0247371670557186,0.0002460420364513993,0.025472042034380138,15161.953231223937,13501.82568727847,6,42,37,79,69,55555.97982846399,60176.637947653064,7606.590590252569,2511.157473060421,1194.324121604267,4743.416490252569,2873.681,-1,0.0,0.0
no_tree,60,2025-03-02,3,2,no_season,42,77607.66609815072,77607.66609815072,1657.5161481678208,350,5344.931487112908,0.0,0.0,55703.951400225415,47990.35868907788,7713.592711147525,0,37751.298595127046,9,1.571723872193924,1883.7956672878515,1458.239085155583,-1,0.0,9.094947017729282e-13,0.00047562492545694113,0.024627375067211688,0.00023962499108165503,0.025342624983750284,19656.621143833,18094.677451294043,10,28,43,71,69,109387.53932913922,114233.44101805892,6440.42844923475,4743.416490252569,1572.97077479696,4845.901688919695,4585.569534445885,-1,0.0,0.0
no_tree,61,2025-03-03,3,2,no_season,42,80982.64168556017,80982.64168556017,666.9232553150473,270,7340.355400982593,0.0,0.0,52762.45859822405,49818.801862906825,2943.656735317237,0,42957.11871506764,9,1.7873307367876496,1458.239085155583,1489.4442571437155,-1,0.0,6.821210263296962e-13,0.0004942499799653888,0.025323916925117373,0.0002697920426726341,0.026087958947755396,22624.59081081346,20332.52790425418,10,30,43,73,60,102274.65947122153,106915.97276435164,7567.8163119958535,4733.24928270835,1789.8799464611518,4743.416490252569,4640.727039591853,-1,0.0,0.0
no_tree,62,2025-03-04,3,2,no_season,42,81262.29569292412,81262.29569292412,185.97413204855752,120,10253.993475131814,0.0,0.0,50962.54117315961,50369.68169082397,592.8594823356299,0,37495.567898947345,9,1.5601030333378985,1489.4442571437155,1510.841388068741,-1,0.0,9.094947017729282e-13,0.0005547080654650927,0.027109417016617954,0.00024579092860221863,0.027909916010685265,19745.19315772743,17750.374741219915,10,26,39,65,63,107544.68366283666,112354.86053273105,6969.738564642093,4743.416490252569,1562.3153291228061,4810.17686989439,4634.289746257503,-1,0.0,0.0
no_tree,63,2025-03-05,3,2,no_season,42,78602.21350166878,78602.21350166878,141.7546107664674,110,10792.099381260225,0.0,0.0,48963.134689861196,48275.59824600447,687.5364438567304,0,36977.33803024157,9,1.5388609913780755,1510.841388068741,1385.8892328313432,-1,0.0,8.526512829121202e-13,0.0005090420600026846,0.02522929199039936,0.0003596249734982848,0.02609795902390033,19399.36737237496,17577.9706578666,10,27,40,67,62,106344.73799584762,111335.81529352703,6547.368493047304,4743.416490252569,1540.7224179267319,4991.077297679416,4672.214975164707,-1,0.0,0.0
no_tree,64,2025-03-06,3,2,no_season,42,75095.27849197623,75095.27849197623,480.4873724652654,250,7580.78711369874,0.0,0.0,47846.49631764912,46034.68335179587,1811.812965853251,0,37488.891520554724,9,1.559693787634879,1385.8892328313432,1467.2270308823831,-1,0.0,9.094947017729282e-13,0.0005695000290870667,0.024888082989491522,0.00023041595704853535,0.025687998975627124,19771.608068982077,17717.283451572643,10,28,39,67,64,105706.1532971548,110538.81411497793,6971.448963830466,4731.612563500805,1562.03714668978,4832.660817823131,4546.811238399874,-1,0.0,0.0
no_tree,65,2025-03-07,3,2,no_season,42,33147.46306334158,33147.46306334158,86.99220745924316,80,10447.238482841345,0.0,0.0,17522.88422478204,17251.761807661256,271.1224171207857,0,27767.18957732541,5,1.1544765777711372,1467.2270308823831,1871.2872834622217,-1,0.0,9.094947017729282e-13,0.00047520792577415705,0.025398458004929125,0.00023379200138151646,0.0261074579320848,14816.060415975777,12951.129161349632,6,41,34,75,68,54922.07719875414,59691.30324589889,7276.50883583165,2699.7156658007216,1156.9662323885589,4769.22604714475,2779.7824,-1,0.0,0.0
no_tree,66,2025-03-08,3,2,no_season,42,31299.41887333624,31299.41887333624,363.9189926102656,240,11202.397762557706,0.0,0.0,17589.568030975846,16523.668826415313,1065.8992045605332,0,27381.916816336394,5,1.1394270968112068,1871.2872834622217,1827.8741828885895,-1,0.0,5.115907697472721e-13,0.0004776670830324292,0.025502750067971647,0.00023137498646974564,0.02621179213747382,14389.858701529261,12992.058114807129,6,42,35,77,71,55048.53406395565,59973.54571834855,7337.003499813853,2616.7654431334117,1140.913200680683,4925.011654392896,2787.766,-1,0.0,0.0
no_tree,67,2025-03-09,3,2,no_season,42,70656.60323652101,70656.60323652101,388.9350660050284,270,5984.7630713264825,0.0,0.0,44602.885128048765,43055.201527233134,1547.6836008156374,0,39540.1853338275,9,1.6460012540138838,1827.8741828885895,1473.570913038156,-1,0.0,9.094947017729282e-13,0.00048641697503626347,0.02559212502092123,0.00024612504057586193,0.026324667036533356,20633.717757513532,18906.467576313968,10,29,42,71,67,105272.05043302338,110155.40287760472,7304.861394988957,4537.285654945929,1647.5077222428126,4883.352444581338,4684.99,-1,0.0,0.0
no_tree,68,2025-03-10,3,2,no_season,42,69942.93842001991,69942.93842001991,1787.5668650593595,340,1926.543298057954,0.0,0.0,52898.40870343399,42496.225032919785,10402.183670514203,0,38070.597694931246,9,1.5846073779958014,1473.570913038156,1231.4101465859653,-1,0.0,9.094947017729282e-13,0.0005096659297123551,0.025081541971303523,0.0002361659426242113,0.02582737384364009,19916.24411597629,18154.35357895496,10,33,40,73,73,106038.37645002932,110948.94516283806,7031.203376451363,4738.1939568991875,1586.2749039554685,4910.568712808742,4824.989560167793,-1,0.0,0.0
no_tree,69,2025-03-11,3,2,no_season,42,75154.4153049223,75154.4153049223,341.0741670588365,210,9323.894355589357,0.0,0.0,46791.642554383936,45420.60460067578,1371.0379537081556,0,36458.18928599662,9,1.5162965904437053,1231.4101465859653,1545.6699600400357,-1,0.0,9.094947017729282e-13,0.0004742919700220227,0.02468570799101144,0.00024170801043510437,0.025401707971468568,19345.432801194198,17112.756484802427,10,26,37,63,63,99837.87154321361,104698.86058978019,6867.814235658171,4743.114898706878,1519.0912202498594,4860.989046566583,4623.107975898143,-1,0.0,0.0
no_tree,70,2025-03-12,3,2,no_season,42,71605.81529967577,71605.81529967577,303.88309424611356,200,7526.298266019133,0.0,0.0,44465.68473958968,43463.49002604623,1002.1947135434448,0,38670.175593105785,9,1.6092160583917337,1545.6699600400357,1458.1416906112545,-1,0.0,7.958078640513122e-13,0.0004888329422101378,0.024625000078231096,0.00025883305352181196,0.025372666073963046,20309.0205188376,18361.155074268194,10,30,38,68,64,99212.84139869225,103983.64346621088,6902.237705877753,4711.418340192366,1611.2573163794077,4770.802067518633,4508.2416,-1,0.0,0.0
no_tree,71,2025-03-13,3,2,no_season,42,69034.87250429014,69034.87250429014,2597.895438340208,370,2355.889449473068,0.0,0.0,55909.06187216917,41678.24153008874,14230.82034208045,0,37791.84326159001,9,1.5730437539185902,1458.1416906112545,1200.0,-1,0.0,8.313350008393172e-13,0.0004889999981969595,0.02650608296971768,0.00024208391550928354,0.027237166883423924,19761.551869040308,18030.291392549698,10,30,38,68,67,101605.50082680472,106190.96338317805,6431.66257902343,4743.416490252569,1574.6601358995836,4743.416490252569,4838.28482005762,-1,0.0,0.0
no_tree,72,2025-03-14,3,2,no_season,42,31031.41013530338,31031.41013530338,234.8696957049863,190,13281.88539584915,0.0,0.0,17042.583449341742,16178.986245705313,863.597203636428,0,27278.346888188484,5,1.1338821384614282,1200.0,1719.986686641235,-1,0.0,8.526512829121202e-13,0.0004973330069333315,0.0262284999480471,0.00027654191944748163,0.027002374874427915,14616.657670007186,12661.689218181302,6,52,34,86,71,52815.91983778916,57559.336328041725,7152.543596199801,2213.5943621178653,1136.5977870078536,4743.416490252569,2846.049894151541,-1,0.0,0.0
no_tree,73,2025-03-15,3,2,no_season,42,30884.99407393691,30884.99407393691,336.7677071663998,200,9040.167032505893,0.0,0.0,17338.144285525006,16092.757143997707,1245.3871415272995,0,26957.396460053926,5,1.1220223690393731,1719.986686641235,1558.4220162711329,-1,0.0,6.252776074688882e-13,0.0005830830195918679,0.02979262499138713,0.00027816591318696737,0.030653873924165964,14107.433029325668,12849.963430728254,6,46,35,81,60,53924.775076428006,58858.01242736469,7274.2185264570535,2525.4894486797402,1123.224852502247,4933.23735093668,2846.049894151541,-1,0.0,0.0
no_tree,74,2025-03-16,3,2,no_season,42,72642.06879011159,72642.06879011159,589.1271621586975,390,7919.666507407509,0.0,0.0,46352.30138976282,43888.75824888526,2463.5431408775557,0,36418.917429898866,9,1.5152557367196342,1558.4220162711329,1602.1800486338157,-1,0.0,8.242295734817162e-13,0.000553417019546032,0.02898883307352662,0.00027087493799626827,0.02981312503106892,19189.699970714155,17229.217459184707,10,26,35,61,59,96128.02481740258,100721.22146026712,7041.284822142035,4629.942114215833,1517.4548929124524,4743.416490252569,4838.28482005762,-1,0.0,0.0
no_tree,75,2025-03-17,3,2,no_season,42,70722.12210200622,70722.12210200622,221.4405140243354,140,11198.653508314339,0.0,0.0,43724.24937646691,42712.37537557706,1011.8740008898583,0,35991.679666285316,9,1.4975913137240104,1602.1800486338157,1594.648354268374,-1,0.0,6.821210263296962e-13,0.000557041959837079,0.028911042027175426,0.0002763749798759818,0.029744458966888487,18939.228670334105,17052.450995951207,10,27,33,60,54,93475.30122543883,98204.92987750581,6637.460759556239,4729.490719589549,1499.6533194285546,4743.416490252569,4667.117951774205,-1,0.0,0.0
no_tree,76,2025-03-18,3,2,no_season,42,65848.3742113948,65848.3742113948,1685.7367691843137,330,4456.82246789906,0.0,0.0,47600.88816284381,39491.1375928727,8109.750569971109,0,38788.84666398113,7,1.6141599405462015,1594.648354268374,1504.3350804261836,-1,0.0,8.810729923425242e-13,0.0005575410323217511,0.02848550002090633,0.0002787499688565731,0.029321791022084653,20370.088404997256,18418.758258983875,8,35,36,71,68,89411.25361197951,94188.5168817166,7145.956216055018,4245.7275970750625,1616.201944332547,4777.263269737081,4809.1825,-1,0.0,0.0
no_tree,77,2025-03-19,3,2,no_season,42,70268.90847664661,70268.90847664661,103.52413649863556,110,8745.510606590546,0.0,0.0,42969.66676717689,42491.763609356145,477.90315782074487,0,37578.70240002061,9,1.563205847837146,1504.3350804261836,1688.2150528937027,-1,0.0,9.094947017729282e-13,0.0005662499461323023,0.02931058406829834,0.0002621669555082917,0.030139000969938934,19870.076978287652,17708.62542173296,10,29,36,65,59,96686.29078749288,101402.28982177193,7048.647690252569,4711.793713650887,1565.7792666675252,4743.416490252569,4838.28482005762,-1,0.0,0.0
no_tree,78,2025-03-20,3,2,no_season,42,68296.02867072016,68296.02867072016,589.3515654305438,280,4817.112078917243,0.0,0.0,43832.203284600386,41367.563653553225,2464.639631047162,0,37460.41987818062,9,1.5589340879169995,1688.2150528937027,1575.7644905302686,-1,0.0,9.094947017729282e-13,0.0005211669486016035,0.02713774994481355,0.00025629205629229546,0.02791520894970745,19659.863109373706,17800.556768806913,10,29,40,69,68,98410.654296105,103228.60533627859,6981.648078576792,4703.358095378582,1560.850828257526,4817.951040173589,4729.981632941299,-1,0.0,0.0
no_tree,79,2025-03-21,3,2,no_season,42,30557.233853720245,30557.233853720245,340.9471197027781,220,17402.699491755317,0.0,0.0,16938.224317022596,16016.112486756385,922.1118302662142,0,26409.184014974366,5,1.098699289205241,1575.7644905302686,1647.924415916266,-1,0.0,8.526512829121202e-13,0.0005183749599382281,0.02801908308174461,0.0002657080767676234,0.028803166118450463,13935.6004899877,12473.583524986665,6,42,33,75,56,55845.360447161875,60742.05575777231,7475.150627512066,2525.9849053212333,1100.3826672905986,4896.69531061043,2952.2391000000002,-1,0.0,0.0
no_tree,80,2025-03-22,3,2,no_season,42,30559.81751342032,30559.81751342032,162.24751096796732,130,13089.358149027037,0.0,0.0,16333.694384647999,15861.764580564635,471.92980408336314,0,25624.802179501985,5,1.0653356237389784,1647.924415916266,2051.3168617807924,-1,0.0,7.389644451905042e-13,0.0005244170315563679,0.026707791024819016,0.0002496250672265887,0.027481833123601973,13688.154660764949,11936.647518737034,6,45,32,77,50,52875.66136472331,57632.20500133547,7205.674244115871,2529.8221281347037,1067.7000908125826,4756.543636612155,2793.53,-1,0.0,0.0
no_tree,81,2025-03-23,3,2,no_season,42,68921.58852243447,68921.58852243447,443.8816573210664,260,9374.656141076535,0.0,0.0,43310.20420411769,41536.71878866528,1773.4854154524073,0,36922.44502444175,9,1.5378888889594522,2051.3168617807924,1328.1218537942163,-1,0.0,9.094947017729282e-13,0.000514125102199614,0.027209791005589068,0.00026216707192361355,0.027986083179712296,19071.769473227043,17850.675551214707,10,30,37,67,66,97190.13326924443,101925.22119431513,6805.603175886224,4659.168270303931,1538.4352093517398,4743.416490252569,4838.28482005762,-1,0.0,0.0
no_tree,82,2025-03-24,3,2,no_season,42,67055.04992049858,67055.04992049858,931.5089550840319,320,7714.347000483046,0.0,0.0,43633.870831960594,40025.40729632763,3608.463535632979,0,37885.26452299238,7,1.575750465187739,1328.1218537942163,1608.2636319560443,-1,0.0,4.547473508864641e-13,0.0005114169325679541,0.02661716693546623,0.0002571250079199672,0.02738570887595415,20079.489657379305,17805.774865613075,8,29,36,65,62,90737.07917573446,95577.259689169,6750.103895107598,4709.719527238461,1578.5526884580158,4881.786036237464,4834.11,-1,0.0,0.0
no_tree,83,2025-03-25,3,2,no_season,42,66492.25750451854,66492.25750451854,757.9209187252417,320,4493.40052641767,0.0,0.0,43103.23122845569,39887.275810393374,3215.9554180623168,0,38822.87264534537,9,1.6158973719010599,1608.2636319560443,1371.279264699026,-1,0.0,9.094947017729282e-13,0.000512541038915515,0.02522483398206532,0.00023725000210106373,0.0259746250230819,20314.7629127524,18508.109732592962,10,34,38,72,67,94443.2728674795,99134.42556027917,7000.028606667215,4407.967621621144,1617.619693556057,4743.416490252569,4777.418769582195,-1,0.0,0.0
no_tree,84,2025-03-26,3,2,no_season,42,69219.08576477988,69219.08576477988,154.97968823483967,130,11842.176318919623,0.0,0.0,42071.66133217165,41458.52875777323,613.1325743984221,0,36490.1764204808,7,1.5182754243487573,1371.279264699026,1390.104022202037,-1,0.0,9.094947017729282e-13,0.0004839590983465314,0.025893624988384545,0.00023670797236263752,0.026614292059093714,19214.75534395461,17275.42107652619,8,26,33,59,53,90235.79973042925,95160.86209993358,6609.160309751913,4641.759381262985,1520.4240175200332,4925.062369504328,4484.876521321483,-1,0.0,0.0
no_tree,85,2025-03-27,3,2,no_season,42,64814.90096383899,64814.90096383899,547.0114597803133,250,4464.698959120158,0.0,0.0,40828.39382396835,38837.91841735873,1990.475406609626,0,37375.16769447929,9,1.554672239727326,1390.104022202037,1603.5097783339854,-1,0.0,9.094947017729282e-13,0.00047862494830042124,0.025634833960793912,0.0002382500097155571,0.02635170891880989,19777.695879489216,17597.471814990073,10,31,36,67,66,83805.82499267835,88611.82914196295,7047.741814302442,4332.904389674636,1557.2986539366373,4806.004149284611,4447.67,-1,0.0,0.0
no_tree,86,2025-03-28,3,2,no_season,42,30362.650304044728,30362.650304044728,263.783656895061,110,18046.099023144787,0.0,0.0,16683.127588232233,15723.763281868822,959.3643063634095,0,25493.34189527836,5,1.0598352536591704,1603.5097783339854,2020.7874605926195,-1,0.0,8.526512829121202e-13,0.000490125035867095,0.025493709021247923,0.00023254193365573883,0.026216375990770757,13625.89803320335,11867.443862075015,6,44,32,76,47,47221.930012633784,51943.14871565094,7322.739057755794,2242.057933925463,1062.2225789699319,4743.416490252569,2884.107135569436,-1,0.0,0.0
no_tree,87,2025-03-29,3,2,no_season,42,29546.82882343395,29546.82882343395,74.96706688022705,70,20909.479706049948,0.0,0.0,15352.180520632102,15158.371043583484,193.80947704861742,0,24804.38679208389,5,1.0327433186762116,2020.7874605926195,1719.9835049350695,-1,0.0,7.389644451905042e-13,0.0004950829315930605,0.025883749942295253,0.00024079193826764822,0.026619624812155962,12904.746896507393,11899.639895576496,6,38,32,70,50,51554.60257111701,56451.24775675035,7180.336382951953,2529.8221281347037,1033.5161163368289,4896.645185633342,2846.049894151541,-1,0.0,0.0
no_tree,88,2025-03-30,3,2,no_season,42,62161.90280681061,62161.90280681061,678.3476007924892,260,5663.61272255858,0.0,0.0,40395.94396753311,37422.2401323939,2973.703835139215,0,36802.30913287429,5,1.531536870129868,1719.9835049350695,1613.8908067098073,-1,0.0,9.094947017729282e-13,0.0005040830001235008,0.024369957973249257,0.00022662500850856304,0.02510066598188132,19316.663558959404,17485.64557391488,6,31,36,67,63,78360.65596817456,83264.67223253433,6609.160309751913,3996.6033731031266,1533.4295472030951,4933.257473813337,4569.4748,-1,0.0,0.0
no_tree,89,2025-03-31,3,2,no_season,42,62990.075824959495,62990.075824959495,381.51849761046765,210,4674.286572245681,0.0,0.0,39172.21639894359,37568.21657910029,1603.9998198432902,0,35454.82099528905,7,1.4755004867101185,1613.8908067098073,1493.5991389239825,-1,0.0,9.094947017729282e-13,0.0004617919912561774,0.024787208065390587,0.00023420900106430054,0.025483209057711065,18600.369631139994,16854.45136414905,8,28,36,64,65,90150.94298185753,95122.73406264666,6887.625630686147,4094.0374309227027,1477.2842081370436,4971.791080789126,4774.523114801521,-1,0.0,0.0
no_tree,90,2025-04-01,4,2,no_season,42,66518.4372025522,66518.4372025522,415.2288050812035,230,4795.131609491395,0.0,0.0,41395.145575892755,39735.8961988182,1659.2493770745618,0,36080.59257078307,7,1.501206938975671,1493.5991389239825,1524.3460793648621,-1,0.0,9.094947017729282e-13,0.00046433391980826855,0.02445199992507696,0.00022983306553214788,0.025146166910417378,19005.1377261292,17075.454844653865,8,31,39,70,79,86257.9436009561,91041.84269118174,7030.25019957205,4246.103314475624,1503.3580237826275,4783.899090225632,4553.679830642466,-1,0.0,0.0
no_tree,91,2025-04-02,4,2,no_season,42,68824.59506590938,68824.59506590938,1187.2765748119823,340,7481.738244935259,0.0,0.0,46776.218498906885,40868.37588500495,5907.842613901944,0,38365.050067391996,5,1.5961621816132683,1524.3460793648621,1600.0358198449244,-1,0.0,9.094947017729282e-13,0.0005150830838829279,0.02419358293991536,0.0002387090353295207,0.024947375059127808,20229.924031589057,18135.12603580294,6,33,39,72,64,87113.38794548866,91908.92718554311,7452.425726349527,4712.757697905491,1598.543752808,4905.666130493028,4730.4775,-1,0.0,0.0
no_tree,92,2025-04-03,4,2,no_season,42,69403.92659021768,69403.92659021768,434.2876573891233,210,12277.361793247834,0.0,0.0,43077.79986840416,41466.660639481845,1611.1392289223154,0,34426.362811731335,9,1.432695304674411,1600.0358198449244,1485.285130650134,-1,0.0,9.094947017729282e-13,0.00047391699627041817,0.024453291087411344,0.0002228330122306943,0.025150041095912457,18061.842499711816,16364.520312019515,10,25,33,58,57,94810.83707984221,99554.027025504,6799.285190252569,4723.512028505276,1434.4317838221386,4743.416490252569,4553.679830642466,-1,0.0,0.0
no_tree,93,2025-04-04,4,2,no_season,42,29616.86714233575,29616.86714233575,124.62359753926069,140,21546.54676632482,0.0,0.0,15488.318865377976,15064.735397246874,423.58346813110427,0,24939.826901876375,5,1.036727629016234,1485.285130650134,1937.43106086764,-1,0.0,8.668621376273222e-13,0.00048354105092585087,0.024228750029578805,0.00022079201880842447,0.02493308309931308,13351.984312713284,11587.842589163094,6,40,33,73,49,51319.383222664386,56155.86471815171,7236.751259603395,2529.8221281347037,1039.159454244849,4836.481495487324,2846.049894151541,-1,0.0,0.0
no_tree,94,2025-04-05,4,2,no_season,42,28904.75961167506,28904.75961167506,191.38281830738455,160,15919.71579812063,0.0,0.0,15333.517787591023,14697.108241030639,636.4095465603839,0,23898.91131463259,5,0.9946834651868479,1937.43106086764,1811.7310513126877,-1,0.0,6.821210263296962e-13,0.00045920792035758495,0.024576124968007207,0.00023270898964256048,0.025268041878007352,12515.611481580534,11383.299833052055,6,41,32,73,49,46117.139790350004,50940.04923146313,7225.769431748421,2484.5238133016323,995.7879714430245,4822.909441113125,2883.1479172998424,-1,0.0,0.0
no_tree,95,2025-04-06,4,2,no_season,42,66668.35570664512,66668.35570664512,259.85795502058136,150,11022.266069370424,0.0,0.0,40871.59722155245,39811.2336335415,1060.3635880109523,0,35342.37948271984,9,1.4713580307896141,1811.7310513126877,1446.9715836379505,-1,0.0,9.094947017729282e-13,0.00047483399976044893,0.024394582957029343,0.00022083299700170755,0.0250902499537915,18419.125404174225,16923.25407854562,10,27,34,61,57,89035.84875294892,94021.29932622553,7100.31038304711,4183.198901740132,1472.5991451133268,4985.450573276605,4431.6075,-1,0.0,0.0
no_tree,96,2025-04-07,4,2,no_season,42,64480.02089858361,64480.02089858361,173.12493774810002,160,9415.591072840689,0.0,0.0,38666.04228223102,38184.388129093124,481.6541531378904,0,35057.27174639604,7,1.4583663155950775,1446.9715836379505,1596.8952927643404,-1,0.0,9.094947017729282e-13,0.000458667054772377,0.024646791978739202,0.0002258749445900321,0.02533133397810161,18526.05361327686,16531.21813311918,8,30,36,66,61,78443.78438001004,83206.3542570774,6609.160309751913,4236.6707301402075,1460.719656099835,4762.569877067364,4333.3761,-1,0.0,0.0
no_tree,97,2025-04-08,4,2,no_season,42,64448.916464116046,64448.916464116046,749.793562270965,320,8879.600179036779,0.0,0.0,41818.190176582575,38205.51153383626,3612.678642746314,0,37711.127623974215,5,1.5691606243735703,1596.8952927643404,1577.989128730268,-1,0.0,9.094947017729282e-13,0.00045883399434387684,0.024110083933919668,0.00021741597447544336,0.02478633390273899,19838.52192732889,17872.605696645325,6,30,37,67,56,79440.81854018563,84203.87092310358,7209.993065183906,4262.691571091158,1571.296984332259,4763.052382917948,4472.23,-1,0.0,0.0
no_tree,98,2025-04-09,4,2,no_season,42,65075.091898693296,65075.091898693296,297.0124378775043,130,4255.398725576139,0.0,0.0,40046.66126651983,39029.730430997864,1016.9308355219596,0,36062.41267212803,9,1.500332635550517,1577.989128730268,1662.4791067554938,-1,0.0,9.094947017729282e-13,0.0004575829952955246,0.024447500007227063,0.00022558309137821198,0.0251306660939008,19022.40363322801,17040.009038900018,10,29,38,67,72,88813.0210825841,93695.64654583091,7043.142852679001,4325.464168023221,1502.6005280053348,4882.625463246801,4497.9315,-1,0.0,0.0
no_tree,99,2025-04-10,4,2,no_season,42,69114.6240367,69114.6240367,271.5104151289063,190,13144.820684152433,0.0,0.0,42358.7452605122,41124.3629274572,1234.3823330549978,0,35460.10760011191,9,1.4756447390365708,1662.4791067554938,1576.7146520843417,-1,0.0,9.094947017729282e-13,0.0004672079812735319,0.02586833294481039,0.00026279198937118053,0.026598332915455103,18620.3917338942,16839.71586621771,10,27,39,66,61,87408.952388085,92389.6718433309,7140.835957390788,4361.508020821942,1477.5044833379964,4980.719455245899,4553.679830642466,-1,0.0,0.0
no_tree,100,2025-04-11,4,2,no_season,42,29031.799376878706,29031.799376878706,254.93283725933424,190,22405.53022314873,0.0,0.0,15695.684508204458,14820.326982235758,875.3575259687004,0,24152.861939118113,5,1.004330216501841,1576.7146520843417,1870.4703624708095,-1,0.0,9.094947017729282e-13,0.0005379581125453115,0.027009125100448728,0.0002442089607939124,0.02779129217378795,12858.706881720378,11294.155057397733,6,42,31,73,46,49551.87621245464,54442.56217375308,7304.861394988957,2526.67003138945,1006.3692474632547,4890.685961298439,2846.049894151541,-1,0.0,0.0
no_tree,101,2025-04-12,4,2,no_season,42,28146.488505723544,28146.488505723544,63.42073502008424,70,17868.039258087418,0.0,0.0,14499.877252073904,14280.469767939041,219.40748413486304,0,22741.667836230674,5,0.9459931208974561,1870.4703624708095,1990.416154122987,-1,0.0,6.252776074688882e-13,0.000563165987841785,0.02621108398307115,0.0002382500097155571,0.02701249998062849,12029.188634443442,10712.479201787231,6,41,32,73,45,43953.41439245154,48251.13717681329,7117.247190067532,2243.633480244955,947.5694931762781,4743.416490252569,2856.9236,-1,0.0,0.0
no_tree,102,2025-04-13,4,2,no_season,42,63589.47778451743,63589.47778451743,591.7153046780342,280,8308.523591751129,0.0,0.0,40363.42774326907,37655.04496300625,2708.382780262815,0,35243.05993508226,5,1.4669934044489081,1990.416154122987,1731.4703775361422,-1,0.0,8.526512829121202e-13,0.0004987498978152871,0.02579020895063877,0.00023620901629328728,0.026525167864747345,18419.685474596634,16823.374460485626,6,27,39,66,61,82014.93518685338,86818.96524053671,6952.083916577783,4253.263452926471,1468.4608306284274,4804.030053683318,4384.343071092702,-1,0.0,0.0
no_tree,103,2025-04-14,4,2,no_season,42,63358.84026260345,63358.84026260345,231.05440051850456,150,9438.151009709027,0.0,0.0,38591.036835709405,37386.815758931,1204.2210767784077,0,35195.83001828423,5,1.4649625869719276,1731.4703775361422,1502.45270576055,-1,0.0,9.094947017729282e-13,0.0004831659607589245,0.025460709002800286,0.00023462495300918818,0.0261784999165684,18409.770935848588,16786.059082435648,6,29,36,65,59,84218.58494103738,89079.19305362758,7028.48104980119,4411.37733593489,1466.4929174285098,4860.608112590193,4362.78,-1,0.0,0.0
no_tree,104,2025-04-15,4,2,no_season,42,62263.215110341254,62263.215110341254,301.5088388893359,150,10519.873526903839,0.0,0.0,38010.375218548936,36683.60498799378,1326.7702305551556,0,33854.34889923763,7,1.4083713202252923,1502.45270576055,1626.2380246579978,-1,0.0,8.277822871605167e-13,0.00048587494529783726,0.025604916037991643,0.00024383305571973324,0.026334624039009213,17879.88524411552,15974.463655122108,8,28,34,62,55,78577.13728026538,83305.04149725084,6782.101130168085,3998.110805003809,1410.5978708015678,4743.416490252569,4421.2576,-1,0.0,0.0
no_tree,105,2025-04-16,4,2,no_season,42,61423.60003055539,61423.60003055539,346.79664222172835,190,4208.242851935893,0.0,0.0,38278.340702369605,36669.648093431824,1608.6926089377798,0,35727.61309272671,7,1.486802129422973,1626.2380246579978,1528.2634133960696,-1,0.0,9.094947017729282e-13,0.0004792920080944896,0.025444124941714108,0.00023929204326123,0.026162708993069828,18755.08748178396,16972.525610942746,8,37,36,73,76,95392.24648541491,100285.94690323845,8217.38388931697,4054.6009337171913,1488.6505455302795,4893.70041782354,4285.02,-1,0.0,0.0
no_tree,106,2025-04-17,4,2,no_season,42,65479.605534618044,65479.605534618044,120.85644034382119,110,10943.48364321707,0.0,0.0,39187.09743297598,38739.9746080439,447.12282493207476,0,34416.87245289024,7,1.4320987967464596,1528.2634133960696,1505.453440846291,-1,0.0,9.094947017729282e-13,0.0004908329574391246,0.025581374997273088,0.00022775004617869854,0.02629995800089091,18102.75421731751,16314.118235572725,8,26,35,61,57,82631.56102093481,87512.45175563922,6843.1118014163685,4201.3317811525985,1434.0363522037599,4880.890734704418,4505.26,-1,0.0,0.0
no_tree,107,2025-04-18,4,2,no_season,42,28574.482496277444,28574.482496277444,209.46029050841395,100,20681.868671413107,0.0,0.0,15096.51425283866,14465.70654324014,630.8077095985209,0,23220.063491419216,5,0.9650069081447193,1505.453440846291,2032.031606492338,-1,0.0,9.094947017729282e-13,0.00046320806723088026,0.02411483391188085,0.00023258395958691835,0.02481062593869865,12484.010211729314,10736.053279689899,6,39,30,69,47,45508.08639030789,50217.01229224191,7036.510392940931,2142.6923992540587,967.5026454758006,4743.416490252569,2825.0144,-1,0.0,0.0
no_tree,108,2025-04-19,4,2,no_season,42,26876.470937954677,26876.470937954677,258.3010143971145,150,19258.426976423023,0.0,0.0,14400.520856237632,13533.138948832142,867.3819074054884,0,22605.000210610266,5,0.9407849348407618,2032.031606492338,1933.8243637911742,-1,0.0,7.389644451905042e-13,0.0004657919052988291,0.02470929198898375,0.0002317910548299551,0.025406874949112535,11848.332968269515,10756.66724234075,6,46,32,78,51,57328.17265755553,58303.64815095086,7100.9198902525695,2520.251963209906,941.8750087754278,4743.416490252569,2785.65,-1,0.0,0.0
no_tree,109,2025-04-20,4,2,no_season,42,61604.95551244136,61604.95551244136,328.63776544241176,200,8429.366019344829,0.0,0.0,37488.29011890489,36419.34864199408,1068.9414769108125,0,34987.2268951916,5,1.456428324561993,1933.8243637911742,1638.4643749623997,-1,0.0,9.094947017729282e-13,0.00046612508594989777,0.024866499938070774,0.00022620800882577896,0.02555883303284645,18266.854635198604,16720.37225999299,6,26,36,62,59,80847.22174051768,85692.9419368146,6559.871351681968,4262.360073909616,1457.8011206329832,4845.72019629693,4275.6553,-1,0.0,0.0
no_tree,110,2025-04-21,4,2,no_season,42,62529.08710504771,62529.08710504771,196.22308750427027,100,12509.107068877565,0.0,0.0,37606.62279443442,36997.291025672814,609.3317687616042,0,33013.51592677398,5,1.3737406518106174,1638.4643749623997,1600.1505424227425,-1,0.0,4.547473508864641e-13,0.00045541697181761265,0.024610958993434906,0.00022579205688089132,0.02529216802213341,17356.404333557526,15657.111593216452,6,27,33,60,58,80813.27493794648,85573.54503708059,6998.89022575227,4343.7005168357555,1375.5631636155824,4760.270099134109,4440.3863,-1,0.0,0.0
no_tree,111,2025-04-22,4,2,no_season,42,57470.8221399627,57470.8221399627,688.2834426944721,260,4099.181886420648,0.0,0.0,36533.72930429255,34090.76116712148,2442.9681371710653,0,34683.01333615232,5,1.4429434730693835,1600.1505424227425,1681.8363842026074,-1,0.0,9.094947017729282e-13,0.0004664580337703228,0.024441583082079887,0.00023304193746298552,0.025141083053313196,18295.00385786109,16388.009478291227,6,35,36,71,72,83315.77300447907,88058.23738085094,8363.62879025257,4072.6697965547824,1445.1255556730134,4743.416490252569,4379.109327738859,-1,0.0,0.0
no_tree,112,2025-04-23,4,2,no_season,42,62563.9233304106,62563.9233304106,111.22874857215959,100,9350.337273261008,0.0,0.0,37274.10011043634,36703.41626997662,570.683840459721,0,34259.347786876155,5,1.425226924155592,1681.8363842026074,1803.7799195175608,-1,0.0,7.958078640513122e-13,0.00047995802015066147,0.024598833988420665,0.00023012503515928984,0.025308917043730617,18092.122937965625,16167.224848910531,6,29,34,63,60,78622.32915065167,83404.33700288188,8008.029851537054,3941.718646613106,1427.4728244531732,4782.007852230208,4269.0748412273115,-1,0.0,0.0
no_tree,113,2025-04-24,4,2,no_season,42,61011.17535004222,61011.17535004222,95.1557146015549,70,12386.300122136035,0.0,0.0,36373.17870479028,35863.69353840552,509.48516638476895,0,33725.045748448145,5,1.4035812106883052,1803.7799195175608,1658.5003964952043,-1,0.0,9.094947017729282e-13,0.0004744590260088444,0.025383417028933764,0.00025658297818154097,0.02611445903312415,17677.484995477942,16047.560752970205,6,31,34,65,61,80782.32979644151,85501.83997659884,8297.27454497986,4677.15152012845,1405.2102395186728,4743.416490252569,4419.9319,-1,0.0,0.0
no_tree,114,2025-04-25,4,2,no_season,42,26603.69833552646,26603.69833552646,150.37725591758522,130,23410.178897526777,0.0,0.0,13460.995871411717,13076.546391673648,384.4494797380694,0,22429.89005536141,5,0.9329254313165277,1658.5003964952043,1821.745168772291,-1,0.0,6.252776074688882e-13,0.0005283340578898787,0.02686466695740819,0.00023645907640457153,0.02762946009170264,11886.714549639339,10543.175505722074,6,47,29,76,41,47635.87919779857,50428.167864071394,6969.256290252569,2529.8221281347037,934.5787523067255,4743.416490252569,2846.049894151541,-1,0.0,0.0
no_tree,115,2025-04-26,4,2,no_season,42,26055.63777542368,26055.63777542368,356.2679545168584,230,25204.131691075836,0.0,0.0,13998.889034656726,12733.479794275376,1265.4092403813527,0,22146.18207555515,5,0.9215401491474875,1821.745168772291,1793.6981708145554,-1,0.0,9.094947017729282e-13,0.0005398750072345138,0.02755424997303635,0.0002524589654058218,0.028346583945676684,11641.881240543258,10504.300835011889,6,40,31,71,43,52542.55151626837,53353.70629146847,7001.847096069956,2672.093203950799,922.7575864814644,4743.416490252569,2846.049894151541,-1,0.0,0.0
no_tree,116,2025-04-27,4,2,no_season,42,55948.203899815824,55948.203899815824,383.49864643480817,200,6343.3907094846645,0.0,0.0,35189.463886934944,33345.17923776476,1844.284649170178,0,35042.800196776014,5,1.459036181275778,1793.6981708145554,1363.584781112958,-1,0.0,9.094947017729282e-13,0.0005079170223325491,0.026145334006287158,0.00024487508926540613,0.026898126117885113,18228.820425104324,16813.979771671686,6,39,35,74,73,88693.30430147704,93476.57705903226,8087.24980787822,4695.982325350046,1460.1166748656672,4783.272757555226,4269.0748412273115,-1,0.0,0.0
no_tree,117,2025-04-28,4,2,no_season,42,60162.49843787351,60162.49843787351,1174.6562556169836,190,3080.191533943288,0.0,0.0,42355.3504450082,35668.936698933045,6686.413746075152,0,33792.84672448795,7,1.4063990349361783,1363.584781112958,1219.810472270192,-1,0.0,7.958078640513122e-13,0.0004896658938378096,0.025442750076763332,0.00024225004017353058,0.026174666010774672,17713.92128368424,16078.925440803705,8,41,40,81,79,82700.86224221843,87674.58879882426,8032.873669115178,3282.882629292981,1408.0352801869979,4973.726556605839,4272.263113379071,-1,0.0,0.0
no_tree,118,2025-04-29,4,2,no_season,42,66143.05476360956,66143.05476360956,226.64069913677713,140,17111.14924165313,0.0,0.0,39718.1353934941,38603.66091156976,1114.4744819243474,0,31139.51203240635,7,1.2952719955018823,1219.810472270192,1406.4800151501136,-1,0.0,9.094947017729282e-13,0.00048820802476257086,0.024993708007968962,0.00023374997545033693,0.02571566600818187,16482.42226841645,14657.089763989901,8,23,33,56,49,76582.56921661488,81516.92104508946,6940.032869743603,4260.318593162532,1297.479668016931,4934.3518284745805,4325.214428650512,-1,0.0,0.0
no_tree,119,2025-04-30,4,2,no_season,42,59342.2263499714,59342.2263499714,245.208122196724,150,9539.691706150019,0.0,0.0,36151.27161044223,35317.859840368386,833.4117700738457,0,32825.599063961636,5,1.36569876893353,1406.4800151501136,1469.7929911199435,-1,0.0,9.094947017729282e-13,0.0004910830175504088,0.025576000101864338,0.00023466604761779308,0.02630174916703254,17308.243698323204,15517.355365638428,6,35,32,67,64,79601.1842177386,84303.61749369766,8035.664076367551,3875.940695817144,1367.733294331735,4743.416490252569,4400.4917432987195,-1,0.0,0.0
no_tree,120,2025-05-01,5,2,no_season,42,58353.04003512448,58353.04003512448,2882.0336439482594,590,8656.474261991185,0.0,0.0,48072.19411212287,34236.12320324422,13836.070908878644,0,34896.153816680984,5,1.4525828044580236,1469.7929911199435,1200.0,-1,0.0,9.094947017729282e-13,0.0004895000020042062,0.02570295799523592,0.00022862502373754978,0.026421083020977676,18231.68721688127,16664.46659979972,6,39,34,73,62,87799.16339933901,92733.6257883154,7774.01954703566,4253.263452926471,1454.0064090283745,4934.46238897639,4553.679830642466,-1,0.0,0.0
no_tree,121,2025-05-02,5,2,no_season,42,27377.50835017755,27377.50835017755,1708.7690170142837,450,13486.47330948776,0.0,0.0,21699.37380963368,13657.862746884633,8041.511062749044,0,24164.706077325045,5,1.0053845428790555,1200.0,1237.709604311018,-1,0.0,9.094947017729282e-13,0.0004724169848486781,0.023646207991987467,0.00036933296360075474,0.0244879579404369,12737.095025847895,11427.61105147715,6,47,32,79,41,47176.947503156836,51912.842482842585,6829.926590252569,2512.378955052569,1006.8627532218769,4743.416490252569,3130.6548835666954,-1,0.0,0.0
no_tree,122,2025-05-03,5,2,no_season,42,28086.873250891207,28086.873250891207,1288.3857695290992,350,19084.769966600303,0.0,0.0,20627.534241596735,14198.777573987732,6428.756667609002,0,23339.121367722557,5,0.9706874550302873,1237.709604311018,1432.9227651450296,-1,0.0,9.094947017729282e-13,0.0004735420225188136,0.02458754100371152,0.00022829207591712475,0.02528937510214746,12381.219385771281,10957.901981951276,6,42,33,75,40,43040.161567133895,47859.95829480864,6831.192064104516,1560.3443199533506,972.4633903217733,4819.796727674746,3130.6548835666954,-1,0.0,0.0
no_tree,123,2025-05-04,5,2,no_season,42,61328.23745963137,61328.23745963137,1654.9270147822047,420,9794.438203106849,0.0,0.0,44287.6499809418,36148.485581051136,8139.164399890663,0,32046.518562070873,5,1.3339317131034938,1432.9227651450296,1200.0,-1,0.0,9.094947017729282e-13,0.00046129198744893074,0.02417679107747972,0.00022466701921075583,0.024862750084139407,16750.28875002213,15296.229812048743,6,29,33,62,53,81350.20832170233,86044.20195384383,8015.80025976864,3860.952624516832,1335.271606752953,4743.416490252569,4553.679830642466,-1,0.0,0.0
no_tree,124,2025-05-05,5,2,no_season,42,60663.98046654044,60663.98046654044,2787.3715195123586,570,6538.865350517665,0.0,0.0,48739.8936228447,35555.10483797052,13184.788784874185,0,34893.11687516746,5,1.45186478931561,1200.0,1200.0,-1,0.0,9.094947017729282e-13,0.0004670829512178898,0.022826542030088603,0.00021816696971654892,0.023511791951023042,18364.798355351297,16528.318519816166,6,40,35,75,61,85775.91499235379,90476.49066184674,7959.9802417757455,4253.263452926471,1453.8798697986442,4743.416490252569,4553.679830642466,-1,0.0,0.0
no_tree,125,2025-05-06,5,2,no_season,42,62911.36076381605,62911.36076381605,1376.163398598574,410,9525.878621240121,0.0,0.0,43099.58795853851,37106.44349204988,5993.144466488637,0,35634.086556235736,5,1.4826604120270688,1200.0,1216.1072594005323,-1,0.0,9.094947017729282e-13,0.0004532500170171261,0.022850583074614406,0.0002203750191256404,0.023524208110757172,18762.824865371786,16871.261690863954,6,27,38,65,56,71370.48053101945,76113.89702127202,6803.861800937406,4228.391607104582,1484.7536065098222,4743.416490252569,4607.79,-1,0.0,0.0
no_tree,126,2025-05-07,5,2,no_season,42,61978.28719463321,61978.28719463321,1479.0756804888665,500,6550.066912113135,0.0,0.0,43801.23055676758,36640.71871699645,7160.51183977113,0,35255.16400658276,7,1.4669645011424002,1216.1072594005323,1200.0,-1,0.0,8.384404281969182e-13,0.0004599579842761159,0.02460875001270324,0.00024412490893155336,0.02531283290591091,18547.307009795848,16707.85699678691,8,29,37,66,56,73357.28193600156,78315.05493913329,7551.604334489858,4244.514323853991,1468.9651669409484,4957.773003131726,4553.679830642466,-1,0.0,0.0
no_tree,127,2025-05-08,5,2,no_season,42,65729.16827576404,65729.16827576404,320.91838354026845,80,7720.533889696209,0.0,0.0,41864.01289756398,40252.22498493348,1611.7879126305027,0,34893.89215890765,7,1.450433353274316,1200.0,1867.4448095412788,-1,0.0,9.094947017729282e-13,0.00045133300591260195,0.0229214170249179,0.00021566601935774088,0.023588416050188243,18698.466264257877,16195.42589464977,8,30,39,69,69,77829.7058681332,82573.12235838576,7867.2350195238205,4075.838826088188,1453.9121732878186,4743.416490252569,4670.901928652782,-1,0.0,0.0
no_tree,128,2025-05-09,5,2,no_season,42,29471.979857433114,29471.979857433114,270.56645713461717,130,19755.1028469763,0.0,0.0,16611.658040582657,15744.416487921448,867.2415526612117,0,22297.028593861745,5,0.9270644871100238,1867.4448095412788,2182.411150397908,-1,0.0,9.094947017729282e-13,0.0004588329466059804,0.02478091698139906,0.00023437500931322575,0.025474124937318265,11892.543105726589,10404.48548813516,6,48,29,77,43,48489.66214042806,49328.014775482014,6635.3841102361675,1774.1819880383505,929.0428580775729,4743.416490252569,3209.2252,-1,0.0,0.0
no_tree,129,2025-05-10,5,2,no_season,42,29909.19757280175,29909.19757280175,158.63758399304072,140,16714.530975233687,0.0,0.0,16850.266986423805,16334.37424598658,515.8927404372251,0,21444.765257572995,5,0.8920659688503989,2182.411150397908,2286.1419640845775,-1,0.0,8.526512829121202e-13,0.0004917919868603349,0.02455429104156792,0.0002312080468982458,0.025277291075326502,11338.512077900383,10106.253179672614,6,43,29,72,44,48954.926557136205,48954.926557136205,6843.4679902525695,2382.2295739955966,893.5318857322083,4854.658142582084,3271.279076475391,-1,0.0,0.0
no_tree,130,2025-05-11,5,2,no_season,42,67203.51733949396,67203.51733949396,268.10588936550744,190,10851.56699153252,0.0,0.0,41940.499709174575,40960.89572191448,979.6039872600921,0,31807.45987309971,7,1.3246556254917823,2286.1419640845775,1747.2954402641105,-1,0.0,9.094947017729282e-13,0.0004586250288411975,0.024245958076789975,0.00022358400747179985,0.024928167113102973,16471.718513546664,15335.741359553049,8,25,41,66,62,81584.50746714916,86415.56987218003,7379.716450458641,4427.188724235731,1325.3108280458212,4831.0624050308725,4838.28482005762,-1,0.0,0.0
no_tree,131,2025-05-12,5,2,no_season,42,66221.16634297483,66221.16634297483,293.32228601065503,120,12781.446845147126,0.0,0.0,41090.3876150243,39937.053381234844,1153.334233789459,0,29908.427103371458,5,1.2439571719596119,1747.2954402641105,1975.3303052772892,-1,0.0,9.094947017729282e-13,0.00046975002624094486,0.024717374937608838,0.00022920791525393724,0.02541633287910372,15855.136826938244,14053.290276433214,6,23,32,55,51,78303.57617071237,83064.09779863173,7948.549814106049,4485.154384066723,1246.1844626404772,4760.521627919357,4838.28482005762,-1,0.0,0.0
no_tree,132,2025-05-13,5,2,no_season,42,64277.111642646305,64277.111642646305,316.8615267124504,100,9910.35665935482,0.0,0.0,40606.248340163635,39038.629982681276,1567.6183574823654,0,32847.445094661445,5,1.367129609916815,1975.3303052772892,1800.6790819415924,-1,0.0,7.958078640513122e-13,0.0005029169842600822,0.024935459019616246,0.00022904202342033386,0.025667418027296662,17200.924418999362,15646.520675662088,6,33,34,67,57,86235.5207866519,91134.96212591408,7874.071373819264,4289.321167608302,1368.6435456108936,4899.441339262174,4838.28482005762,-1,0.0,0.0
no_tree,133,2025-05-14,5,2,no_season,42,66119.72648289148,66119.72648289148,104.53939443445654,90,11146.84844623641,0.0,0.0,40350.63366376054,40058.58213087171,292.0515328888208,0,32706.00450924917,5,1.3601105920101446,1800.6790819415924,2143.0536031051674,-1,0.0,5.684341886080801e-13,0.0004486669786274433,0.023199458024464548,0.0002193329855799675,0.02386745798867196,17384.63657850268,15321.367930746488,6,23,33,56,48,79715.94739561471,84455.06899456064,7934.582541981233,4739.1116479291895,1362.750187885382,4743.416490252569,4736.476406802681,-1,0.0,0.0
no_tree,134,2025-05-15,5,2,no_season,42,63649.88586801831,63649.88586801831,702.3123210502606,150,9720.08964829901,0.0,0.0,41500.17839188463,38695.64655518437,2804.531836700253,0,32408.677217802026,7,1.348135661075208,2143.0536031051674,2304.607921589802,-1,0.0,9.094947017729282e-13,0.00045070797204971313,0.02338445803616196,0.0002170829102396965,0.02405224891845137,17137.863737619125,15270.8134801829,8,29,35,64,59,81400.71835794217,86188.06771963312,7760.732968408747,4250.058022284827,1350.361550741751,4787.349361690953,4720.3126427428815,-1,0.0,0.0
no_tree,135,2025-05-16,5,2,no_season,42,29061.268221439685,29061.268221439685,262.447380028899,120,25408.51796020528,0.0,0.0,16400.157132690943,15799.594950973533,600.5621817174147,0,20315.668978835878,5,0.8450265143820216,2304.607921589802,2435.234342278698,-1,0.0,9.094947017729282e-13,0.0004389580572023988,0.023588917101733387,0.0002271659905090928,0.024255041149444878,10757.680043382925,9557.988935452955,6,40,28,68,45,49011.95806112602,49011.95806112602,6519.498290252569,2411.639354324475,846.486207451495,4743.416490252569,3362.4993000000004,-1,0.0,0.0
no_tree,136,2025-05-17,5,2,no_season,42,28492.76093651168,28492.76093651168,288.3549892353636,160,17668.834663613383,0.0,0.0,16159.733863917349,15385.207367320701,774.5264965966496,0,20808.198908738654,6,0.8667546067496537,2435.234342278698,2002.9490091023329,-1,0.0,9.094947017729282e-13,0.0004462500801309943,0.023540375055745244,0.00020829204004257917,0.024194917175918818,10735.84054376949,10072.358364969163,6,50,27,77,49,47594.25503506773,47594.25503506773,6631.5566182870425,2241.394402307226,867.0082878641105,4743.416490252569,3415.2598729818496,-1,0.0,0.0
no_tree,137,2025-05-18,5,2,no_season,42,66406.63654124344,66406.63654124344,607.3111114975769,230,11461.828891727382,0.0,0.0,43163.01607993775,40608.55533323051,2554.4607467072265,0,32146.178615050525,5,1.337163493418109,2002.9490091023329,2187.2509753851928,-1,0.0,8.242295734817162e-13,0.0004480410134419799,0.023296999977901578,0.00021795800421386957,0.023962998995557427,17011.064638032076,15135.113977018447,6,27,33,60,54,86622.80209068708,91347.56740973177,7874.071373819264,4110.960958218893,1339.4241089604384,4743.416490252569,4668.233489920872,-1,0.0,0.0
no_tree,138,2025-05-19,5,2,no_season,42,64512.11251648198,64512.11251648198,169.79827940004634,60,15955.280336629496,0.0,0.0,39743.59878467092,38781.496534359096,962.102250311819,0,31466.127617514336,5,1.3102480477625955,2187.2509753851928,1741.9356968787044,-1,0.0,9.094947017729282e-13,0.0005656670546159148,0.024143707938492298,0.00021733297035098076,0.024926707963459194,16338.770763383432,15127.356854130901,6,32,33,65,58,79008.9987328243,83833.04713453355,7773.357961830497,3764.8839852348997,1311.088650729764,4824.048401709253,4838.28482005762,-1,0.0,0.0
no_tree,139,2025-05-20,5,2,no_season,42,60696.11445227955,60696.11445227955,534.9608848446323,130,5024.800072679901,0.0,0.0,39137.03945937473,37014.416928768915,2122.6225306058236,0,32411.443520685098,5,1.3486643094944868,1741.9356968787044,1714.9132430227023,-1,0.0,9.094947017729282e-13,0.0004617499653249979,0.0238207500660792,0.0002187499776482582,0.024501250009052455,17045.161984231356,15366.281536453746,6,34,32,66,64,81495.99995126994,86242.22303360625,7936.529507919323,3664.395381818003,1350.476813361879,4746.223082336312,4821.645941377555,-1,0.0,0.0
no_tree,140,2025-05-21,5,2,no_season,42,66842.98175019943,66842.98175019943,145.34314577763644,60,13675.894521046348,0.0,0.0,40934.48118253668,40431.346116556626,503.13506598005836,0,30498.10125623033,7,1.2682360865394855,1714.9132430227023,2060.0434617994138,-1,0.0,9.094947017729282e-13,0.0005616659764200449,0.023474875022657216,0.00021162501070648432,0.024248166009783745,16223.95817391385,14274.143082316477,8,26,35,61,57,78595.53598694003,83560.86061270673,7681.331243145193,4420.234011201975,1270.7542190095971,4965.3246257667,4553.679830642466,-1,0.0,0.0
no_tree,141,2025-05-22,5,2,no_season,42,62615.161653849034,62615.161653849034,149.30477461518063,100,10500.862554543428,0.0,0.0,38949.64505093005,38264.28601574016,685.3590351898949,0,31510.949753932382,5,1.3116009348052808,2060.0434617994138,1848.251935883346,-1,0.0,9.094947017729282e-13,0.000447833095677197,0.024378209025599062,0.0002186669735237956,0.025044709094800055,16478.961405593254,15031.988348339131,6,26,33,59,56,85668.3427080166,90664.46653452792,8001.813695362591,4681.360890458643,1312.9562397471827,4996.123826511326,4838.28482005762,-1,0.0,0.0
no_tree,142,2025-05-23,5,2,no_season,42,29065.352375251783,29065.352375251783,204.65593414559527,140,21475.033712002965,0.0,0.0,16306.728650160017,15715.57047456991,591.1581755901068,0,21030.094300610777,5,0.8744527081548531,1848.251935883346,2115.801405605296,-1,0.0,7.958078640513122e-13,0.00043883395846933126,0.027811374980956316,0.00025029201060533524,0.028500500950030982,11202.060007335927,9828.03429327485,6,45,27,72,43,44444.265182892894,44444.265182892894,6370.070791283146,1707.015692212308,876.2539291921156,4697.7565456229895,3245.2322000000004,-1,0.0,0.0
no_tree,143,2025-05-24,5,2,no_season,42,29310.489916161314,29310.489916161314,109.38530716734445,100,24135.21096992294,0.0,0.0,16340.604987654859,16028.74248332887,311.86250432599,0,20203.931762833254,6,0.839638610626289,2115.801405605296,2583.247327061257,-1,0.0,7.389644451905042e-13,0.0005200000014156103,0.0261861669132486,0.00022987497504800558,0.026936041889712214,10867.04731645282,9336.884446380436,6,43,26,69,37,36499.88098550991,36499.88098550991,6518.222490252569,1581.13883008419,841.8304901180522,4743.416490252569,3308.5706,-1,0.0,0.0
no_tree,144,2025-05-25,5,2,no_season,42,61289.09540618972,61289.09540618972,130.9487727676621,70,11986.744017147805,0.0,0.0,37789.98043826482,37150.65276290261,639.3276753622157,0,29903.483348765018,5,1.2457570904101603,2583.247327061257,1896.7182301284838,-1,0.0,9.094947017729282e-13,0.0004788750084117055,0.025387250003404915,0.00023529096506536007,0.02610141597688198,15395.88666362063,14507.596685144386,6,27,33,60,56,85240.00430974245,90089.37400675961,7874.071373819264,4421.225369144719,1245.9784728652091,4849.3696970171595,4809.075817060449,-1,0.0,0.0
no_tree,145,2025-05-26,5,2,no_season,42,60489.42490008619,60489.42490008619,616.7471335263386,150,5242.632659004445,0.0,0.0,39503.27231284135,36991.77716206814,2511.4951507732208,0,31642.993480112378,5,1.3174689306447882,1896.7182301284838,1514.4741541833102,-1,0.0,9.094947017729282e-13,0.0004938339116051793,0.025198332965373993,0.00023037497885525227,0.025922541855834424,16463.34995236023,15179.643527752145,6,41,34,75,74,84385.70811723656,89149.88034259014,7976.911734767009,4410.293431268174,1318.458061671349,4764.172225353588,4799.456826609605,-1,0.0,0.0
no_tree,146,2025-05-27,5,2,no_season,42,67112.7046651605,67112.7046651605,88.08632689330898,70,15790.63183672027,0.0,0.0,40662.4952665899,40472.113860314435,190.3814062754663,0,30309.62736827933,5,1.2602184375817411,1514.4741541833102,1939.6117053362605,-1,0.0,8.526512829121202e-13,0.00048049993347376585,0.025613458012230694,0.00023262505419552326,0.026326582999899983,16164.709611806433,14144.917756472894,6,22,31,53,47,72748.31580449495,77716.41747191692,8167.308979725655,4395.778338382372,1262.9011403449722,4968.101667421978,4722.428463578504,-1,0.0,0.0
no_tree,147,2025-05-28,5,2,no_season,42,62498.04197543663,62498.04197543663,195.19429253122107,100,8692.711401322282,0.0,0.0,38847.02850185277,38074.73469299379,772.2938088589832,0,32587.7763431793,5,1.3559166931300217,1939.6117053362605,1951.182385643243,-1,0.0,9.094947017729282e-13,0.00048345793038606644,0.025661959080025554,0.00023745803628116846,0.02638287504669279,17157.23855491243,15430.537788266865,6,32,35,67,67,86560.224873645,91369.34270818235,7749.701579184645,4267.648500137434,1357.8240142991374,4809.117834537349,4715.798240421352,-1,0.0,0.0
no_tree,148,2025-05-29,5,2,no_season,42,63891.55277728488,63891.55277728488,227.8669991819899,130,8363.628585573215,0.0,0.0,39328.09203167274,38504.05583832759,824.0361933451481,0,34266.61252133984,5,1.4261432388032833,1951.182385643243,1793.1250866203245,-1,0.0,7.958078640513122e-13,0.0004879999905824661,0.02542654098942876,0.00023212505038827658,0.0261466660303995,17956.14010611675,16310.472415223094,6,27,35,62,56,81302.95805397542,85991.06508811619,8138.366646594701,4427.188724235731,1427.7755217224933,4743.416490252569,4838.28482005762,-1,0.0,0.0
no_tree,149,2025-05-30,5,2,no_season,42,29341.55608689497,29341.55608689497,178.23141331031,110,21081.05455990117,0.0,0.0,16235.93854700043,15654.322778939673,581.6157680607557,0,21288.90953329328,5,0.8842228624627008,1793.1250866203245,2516.15796250256,-1,0.0,7.958078640513122e-13,0.0004699580604210496,0.024717750027775764,0.00028554198797792196,0.025473250076174736,11565.704603465363,9723.204929827916,6,43,28,71,44,51794.64427890636,53103.036112965994,6437.301104115972,1865.1141442908465,887.0378972205533,4743.416490252569,3195.1186,-1,0.0,0.0
no_tree,150,2025-05-31,5,2,no_season,42,28703.11094678718,28703.11094678718,266.81234832032874,140,19634.740177078944,0.0,0.0,16409.06277589581,15687.672774769893,721.3900011259157,0,21492.23088634682,6,0.8946750769148415,2516.15796250256,2330.732483787285,-1,0.0,8.526512829121202e-13,0.0004992909962311387,0.02569770789705217,0.00023687502834945917,0.026433873921632767,11219.116227187693,10273.114659159128,6,45,29,74,45,52400.132719684436,52400.132719684436,6443.648090252569,2425.847646604304,895.5096202644509,4743.416490252569,3184.267572281219,-1,0.0,0.0
no_tree,151,2025-06-01,6,2,no_season,42,64651.04244831974,64651.04244831974,7669.806755951055,790,628.7324255006861,0.0,0.0,77816.7466399342,39296.6013175018,38520.1453224324,0,30332.659535275365,7,1.2645887767876212,2330.732483787285,1200.0,-1,0.0,9.094947017729282e-13,0.0004699589917436242,0.024737583938986063,0.00023216602858155966,0.025439708959311247,15399.975007022735,14932.684528252628,8,26,41,67,71,87069.9377083448,91354.1917086496,7654.257826995552,4021.2957078673944,1263.860813969807,4743.416490252569,4838.28482005762,-1,0.0,0.0
no_tree,152,2025-06-02,6,2,no_season,42,74352.87335261503,74352.87335261503,3677.0639021787965,740,7409.739252062416,0.0,0.0,60485.80117230722,45030.11826606818,15455.682906239039,0,37454.9060299157,9,1.558440317301672,1200.0,1208.0909230876346,-1,0.0,9.094947017729282e-13,0.0004665829474106431,0.022757292026653886,0.0002315420424565673,0.023455417016521096,19717.148291323556,17737.757738592147,10,28,44,72,60,94024.76502323154,98105.84390853725,7913.642638603665,4646.758661760574,1560.621084579821,4743.416490252569,4838.28482005762,-1,0.0,0.0
no_tree,153,2025-06-03,6,2,no_season,42,72604.08719030459,72604.08719030459,1998.8041381689172,510,4367.183645227785,0.0,0.0,53333.88299755305,44415.321286553226,8918.561710999827,0,38210.23333256411,7,1.5898155324781922,1208.0909230876346,1240.4116573638426,-1,0.0,9.094947017729282e-13,0.00045554107055068016,0.024338250048458576,0.00023379200138151646,0.025027583120390773,20126.78709123825,18083.446241325855,8,29,42,71,67,84766.83095578349,89199.2139752228,8068.951383702713,4424.461147289495,1592.0930555235043,4743.416490252569,4838.28482005762,-1,0.0,0.0
no_tree,154,2025-06-04,6,2,no_season,42,72525.31406863431,72525.31406863431,2770.8476041597896,630,3734.577331661248,0.0,0.0,55010.66145624776,44016.13793798417,10994.523518263593,0,35884.92233085691,9,1.4930720341528498,1240.4116573638426,1268.0934261416733,-1,0.0,9.094947017729282e-13,0.0004591250326484442,0.02404870803002268,0.00022645806893706322,0.024734291131608188,18900.622927661545,16984.299403195364,10,26,42,68,66,93290.04038331531,97701.5289910046,7810.825820615897,4392.353651330609,1495.2050971190379,4743.416490252569,4838.28482005762,-1,0.0,0.0
no_tree,155,2025-06-05,6,2,no_season,42,73802.84114649621,73802.84114649621,3124.2801493519864,630,3774.6290683709176,0.0,0.0,57550.25675204241,44948.68864334112,12601.56810870129,0,38608.95796997365,7,1.6065403243676755,1268.0934261416733,1239.1771394472912,-1,0.0,6.821210263296962e-13,0.0004571249010041356,0.024520957958884537,0.00023312505800276995,0.025211207917891443,20306.066090392134,18302.891879581523,8,28,44,72,61,85431.79957941371,90127.98663656492,8199.794988357591,4311.26697173667,1608.7065820822356,4743.416490252569,4838.28482005762,-1,0.0,0.0
no_tree,156,2025-06-06,6,2,no_season,42,32215.927436239406,32215.927436239406,3779.8828620747445,610,3877.976179833852,0.0,0.0,33086.850736628665,17373.93295752577,15712.917779102892,0,24354.575854320898,5,1.013409198003516,1239.1771394472912,1220.1697318152433,-1,0.0,8.952838470577262e-13,0.0004617079393938184,0.024294625036418438,0.0002512080827727914,0.025007541058585048,12808.7072864006,11545.8685679203,6,43,31,74,59,46138.603436470745,50604.95734945064,6543.369441557004,1923.2877391319726,1014.7739939300375,4551.134515650925,3699.864862397004,-1,0.0,0.0
no_tree,157,2025-06-07,6,2,no_season,42,36103.36397200692,36103.36397200692,1565.8496114581667,440,5305.053046052804,0.0,0.0,26079.36458394707,19920.116429315418,6159.24815463165,0,23897.993798152358,5,0.9944138622724853,1220.1697318152433,1200.0,-1,0.0,7.958078640513122e-13,0.0004991659661754966,0.024366208002902567,0.00023141701240092516,0.02509679098147899,12567.820584448988,11330.173213703367,6,46,30,76,68,59000.88292700265,63932.96259861019,6353.717688080282,3162.27766016838,995.7497415896817,4932.079671607545,3699.864862397004,-1,0.0,0.0
no_tree,158,2025-06-08,6,2,no_season,42,89689.453685697,89689.453685697,70.84361409568095,60,21929.75011042165,0.0,0.0,56778.45315489847,56507.73165562928,270.72149926918723,0,29433.99408960287,9,1.2223087359684244,1200.0,2297.9881528740957,-1,0.0,8.242295734817162e-13,0.00046370900236070156,0.022785792010836303,0.0002226250944659114,0.023472126107662916,16039.809006153608,13394.185083449262,10,22,32,54,52,95676.69366043621,100420.11015068878,8538.87438255258,4743.416490252569,1226.4164204001197,4743.416490252569,4579.9818670133645,-1,0.0,0.0
no_tree,159,2025-06-09,6,2,no_season,42,80124.66807151205,80124.66807151205,749.3108230240106,220,8248.928243369548,0.0,0.0,53455.90155649834,50073.388204789924,3382.5133517084123,0,37474.93257195023,7,1.5599062897863034,2297.9881528740957,2017.5725418870957,-1,0.0,8.952838470577262e-13,0.00046979100443422794,0.02358820801600814,0.00021950004156678915,0.024277499062009156,19583.635244891702,17891.297327058528,8,27,45,72,69,97192.58879122985,101948.72931992626,8479.44837774627,4732.830968370133,1561.4555238312596,4756.140528696411,4780.9193955439205,-1,0.0,0.0
no_tree,160,2025-06-10,6,2,no_season,42,85014.68194565702,85014.68194565702,241.4718742376958,90,11495.569839999169,0.0,0.0,54683.94178369683,53696.37429913742,987.5674845594107,0,36517.61086224584,9,1.518974746493145,2017.5725418870957,2238.0383354259984,-1,0.0,9.094947017729282e-13,0.0004463329678401351,0.02365845802705735,0.00021795800421386957,0.024322748999111354,19329.875304404028,17187.735557841814,10,27,42,69,62,105150.58150780073,110099.08725078627,8433.658208504392,4743.416490252569,1521.5671192602433,4948.505742985536,4647.847950405523,-1,0.0,0.0
no_tree,161,2025-06-11,6,2,no_season,42,86246.65739546469,86246.65739546469,1217.7055333286387,220,9149.890654478015,0.0,0.0,59782.96594105794,54076.3078191048,5706.658121953146,0,42512.904070700446,9,1.7689323389958487,2238.0383354259984,2230.5326232632265,-1,0.0,8.526512829121202e-13,0.00046624999959021807,0.023640916915610433,0.00021883402951061726,0.024326000944711268,22371.46501417455,20141.439056525895,10,31,49,80,71,109244.82475837835,114063.89345795251,8792.473216050203,4743.416490252569,1771.3710029458518,4983.992046947822,4648.573652841533,-1,0.0,0.0
no_tree,162,2025-06-12,6,2,no_season,42,88966.22158003738,88966.22158003738,206.72246305435274,70,14555.887846593909,0.0,0.0,57624.47217190279,56678.45911100124,946.0130609015469,0,35154.087984137805,9,1.4620329748600773,2230.5326232632265,2545.4186620637906,-1,0.0,8.242295734817162e-13,0.0004432910354807973,0.02332725003361702,0.00022200006060302258,0.02399254112970084,18659.37637365115,16494.711610486655,10,27,40,67,65,106149.2522198906,111015.79121125673,8507.080398934617,4743.416490252569,1464.753666005742,4936.521755155846,4428.998624598235,-1,0.0,0.0
no_tree,163,2025-06-13,6,2,no_season,42,41123.30486554399,41123.30486554399,59.24419712635049,60,11708.380727857635,0.0,0.0,24695.857833226662,24379.882292600043,315.9755406266166,0,22018.45990527221,5,0.9162301678695198,2545.4186620637906,2515.3653320956864,-1,0.0,7.958078640513122e-13,0.0004487499827519059,0.023655375000089407,0.00021483295131474733,0.02431895793415606,11573.657270042459,10444.802635229755,6,42,27,69,70,65750.72311702039,70523.11453249167,6810.806798341305,3147.657254765467,917.4358293863422,4772.391415471283,3768.0699999999997,-1,0.0,0.0
no_tree,164,2025-06-14,6,2,no_season,42,43330.722820612384,43330.722820612384,25.803629156149384,30,16119.411230180624,0.0,0.0,25302.634207283696,25216.977997617396,85.65620966629875,0,21421.918155020103,5,0.8915266061174011,2515.3653320956864,2431.552260013693,-1,0.0,9.094947017729282e-13,0.00044670794159173965,0.024095708038657904,0.00021170894615352154,0.024754124926403165,11232.845312304007,10189.072842716094,6,31,26,57,54,65753.46732462707,70715.93268804197,6968.843308224383,3127.5304333260447,892.5799231258375,4962.465363414893,3932.4897999999994,-1,0.0,0.0
no_tree,165,2025-06-15,6,2,no_season,42,84849.04155335104,84849.04155335104,343.84454729971753,90,12578.066912464701,0.0,0.0,55089.896156839,53344.073668218276,1745.8224886207347,0,37292.75140505657,9,1.5516559312900433,2431.552260013693,2456.6555182940797,-1,0.0,7.958078640513122e-13,0.0004514590837061405,0.023821083013899624,0.0002150839427486062,0.02448762604035437,19640.298129954645,17652.45327510193,10,29,52,81,71,99735.21212323222,104595.30236556339,8595.326650862735,4726.75323205994,1553.8646418773574,4942.970504190819,4631.0670615878225,-1,0.0,0.0
no_tree,166,2025-06-16,6,2,no_season,42,85285.41355287109,85285.41355287109,221.6750329191932,110,10756.526641477085,0.0,0.0,54714.84431005289,53831.067215404124,883.7770946487649,0,37233.15954014658,9,1.5490187021682182,2456.6555182940797,2553.6591173307393,-1,0.0,9.094947017729282e-13,0.00044891703873872757,0.02353391598444432,0.00021133292466402054,0.02419416594784707,19644.834333896557,17588.32520625003,10,28,46,74,68,105922.09223019332,110623.41552680946,8199.58955055986,4743.416490252569,1551.3816475061078,4743.416490252569,4579.176452192996,-1,0.0,0.0
no_tree,167,2025-06-17,6,2,no_season,42,86202.23464923092,86202.23464923092,776.3510250583981,100,10815.225148917052,0.0,0.0,57829.18776236458,54532.87790752482,3296.309854839753,0,37156.022022467936,9,1.5469644228781843,2553.6591173307393,2123.8325791266593,-1,0.0,9.094947017729282e-13,0.000449958024546504,0.023453791975043714,0.00021308299619704485,0.024116832995787263,19341.185665586763,17814.83635688117,10,26,47,73,67,110922.31453388286,115642.58873415357,8675.653152581894,4743.416490252569,1548.1675842694972,4743.416490252569,4838.28482005762,-1,0.0,0.0
no_tree,168,2025-06-18,6,2,no_season,42,89092.03589002026,89092.03589002026,0.0,0,16072.409578625418,0.0,0.0,56571.95110531767,56571.951105317654,0.0,0,33767.50419932215,9,1.4043397167988902,2123.8325791266593,2438.266733782884,-1,0.0,8.810729923425242e-13,0.0005898330127820373,0.023544166004285216,0.00021820806432515383,0.024352207081392407,17929.369805358496,15838.134393963654,10,26,45,71,69,103940.13580980708,108849.04960096363,8461.125906232628,4743.416490252569,1406.9793416384227,4908.913791156547,4739.144976671533,-1,0.0,0.0
no_tree,169,2025-06-19,6,2,no_season,42,84648.02871825141,84648.02871825141,184.56363153072095,100,14969.252026612561,0.0,0.0,54221.50365843386,53483.22664638185,738.2770120520063,0,35107.57851174174,9,1.4613239848837556,2438.266733782884,2193.9970085203086,-1,0.0,8.952838470577262e-13,0.00043170806020498276,0.02456208399962634,0.00021624995861202478,0.025210042018443346,18355.707317455654,16751.871194286083,10,26,42,68,65,103351.23526217806,108168.85944370902,8476.282965192717,4741.650624012436,1462.8157713225723,4985.436564991018,4838.28482005762,-1,0.0,0.0
no_tree,170,2025-06-20,6,2,no_season,42,37847.97723280398,37847.97723280398,0.0,0,13783.85065545823,0.0,0.0,22614.06202370727,22614.062023707273,0.0,0,20923.65969366907,5,0.8693759842059693,2193.9970085203086,2757.077920129829,-1,0.0,9.094947017729282e-13,0.0005157910054549575,0.024390458944253623,0.00021791690960526466,0.025124166859313846,11293.60271050741,9630.056983161661,6,35,24,59,60,62410.59087013592,62410.59087013592,6586.167607822756,3051.5333692315376,871.819153902878,4743.416490252569,3816.69,-1,0.0,0.0
no_tree,171,2025-06-21,6,2,no_season,42,37525.62737161417,37525.62737161417,27.515156142388918,50,17218.89439458908,0.0,0.0,22475.002698162418,22372.728658579996,102.27403958242611,0,21302.88123338673,6,0.8866570569679592,2757.077920129829,2635.2124720948477,-1,0.0,6.821210263296962e-13,0.0004849169636145234,0.023713417001999915,0.00022370798978954554,0.024422041955403984,11151.194483277108,10151.686750109624,6,44,26,70,59,57751.716440149656,57751.716440149656,6901.367298684291,2302.9988822804467,887.6200513911139,4743.416490252569,4004.9442,-1,0.0,0.0
no_tree,172,2025-06-22,6,2,no_season,42,79429.9491968588,79429.9491968588,372.31742060753254,110,11072.88980468856,0.0,0.0,51611.9259173297,50049.47266079999,1562.4532565297122,0,33517.70343774762,9,1.3957158896583142,2635.2124720948477,2142.4755959328286,-1,0.0,9.094947017729282e-13,0.00046399992424994707,0.023412165930494666,0.00023462506942451,0.024110790924169123,17394.8695752627,16122.833862484924,10,23,44,67,66,106312.02436225259,111148.96539079232,8392.875644203266,4743.416490252569,1396.5709765728177,4836.941028539728,4680.6252997058145,-1,0.0,0.0
no_tree,173,2025-06-23,6,2,no_season,42,83564.94997795028,83564.94997795028,161.94410115619814,70,14606.251064927219,0.0,0.0,52826.692323474344,52318.04334213269,508.6489813416629,0,36726.42521160258,9,1.527869213211921,2142.4755959328286,2269.0382782704373,-1,0.0,9.094947017729282e-13,0.00045945902820676565,0.02380212501157075,0.0002270829863846302,0.024488667026162148,19392.89111289092,17333.534098711665,10,27,43,70,64,98818.95605586327,103609.96105589122,8411.65857604789,4563.778983283115,1530.2677171501075,4791.005000027962,4600.811517878888,-1,0.0,0.0
no_tree,174,2025-06-24,6,2,no_season,42,82697.83540548012,82697.83540548012,1657.917426610214,240,5785.1384962194315,0.0,0.0,60103.61309485108,52210.31889201504,7893.294202836042,0,41331.60132023452,9,1.7194854098649133,2269.0382782704373,2395.688463651095,-1,0.0,8.526512829121202e-13,0.00046666699927300215,0.024351167026907206,0.00023537501692771912,0.025053209043107927,21816.71170305271,19514.889617181812,10,30,50,80,79,109427.43790049036,114366.67351263441,8616.59291985404,4743.416490252569,1722.1500550097714,4939.235612144061,4609.462712887806,-1,0.0,0.0
no_tree,175,2025-06-25,6,2,no_season,42,89129.83911890045,89129.83911890045,13.522001492226138,10,16981.650807372993,0.0,0.0,56634.54651602998,56560.81104189287,73.73547413710914,0,34466.78845877547,9,1.434322824752109,2395.688463651095,2305.8113422992024,-1,0.0,9.094947017729282e-13,0.0004699580604210496,0.02396799996495247,0.00021333398763090372,0.024651292013004422,18095.538702564245,16371.249756211218,10,25,43,68,65,107024.92497410605,111795.61001451292,8483.940454171643,4743.416490252569,1436.1161857823108,4770.685040406863,4583.491888415325,-1,0.0,0.0
no_tree,176,2025-06-26,6,2,no_season,42,84327.57934203975,84327.57934203975,8.98053842986468,10,15035.724287067982,0.0,0.0,53185.34014171716,53139.77737999325,45.56276172391845,0,35512.06686298129,9,1.4778724979916473,2305.8113422992024,2190.0465013771945,-1,0.0,7.958078640513122e-13,0.0004522500094026327,0.023648499976843596,0.00021612492855638266,0.02431687491480261,18632.75931152479,16879.3075514565,10,25,44,69,64,104031.83837849741,108738.50071289326,8753.790833691575,4743.416490252569,1479.6694526242206,4743.416490252569,4768.331584165682,-1,0.0,0.0
no_tree,177,2025-06-27,6,2,no_season,42,36330.41282293228,36330.41282293228,39.86931611050579,40,15318.158881168161,0.0,0.0,21204.514788097902,21116.717088776073,87.79769932183136,0,21781.64001821834,5,0.9060160096866803,2190.0465013771945,2324.307872899585,-1,0.0,7.958078640513122e-13,0.00046508293598890305,0.02364108304027468,0.00023129105102270842,0.02433745702728629,11531.058704713152,10250.581313505189,6,38,26,64,58,62130.88816028146,62130.88816028146,6807.975907947211,3008.3085714788913,907.5683340924307,4743.416490252569,3672.609487865914,-1,0.0,0.0
no_tree,178,2025-06-28,6,2,no_season,42,36647.37801600798,36647.37801600798,191.17559493601362,100,13582.690168607263,0.0,0.0,21941.570103311955,21259.76394501359,681.8061582983637,0,21148.15310070385,5,0.8791482635511086,2324.307872899585,2690.692318652578,-1,0.0,9.094947017729282e-13,0.00046250002924352884,0.02451212506275624,0.00021295901387929916,0.02518758410587907,11313.545213186953,9834.607887516897,6,38,27,65,58,57462.02930553415,57462.02930553415,6729.912506106331,2917.7447863679995,881.1730458626605,4743.416490252569,3652.6311611497013,-1,0.0,0.0
no_tree,179,2025-06-29,6,2,no_season,42,81005.73552058447,81005.73552058447,241.1514948398908,110,10580.40774835402,0.0,0.0,52003.47532517512,51104.64643349926,898.8288916758577,0,34192.52928338324,9,1.4235944769070061,2690.692318652578,2289.2398340334944,-1,0.0,8.242295734817162e-13,0.0004480419447645545,0.023892874945886433,0.00021883298177272081,0.02455974987242371,17795.620008560127,16396.90927482312,10,26,42,68,71,100118.79113306562,104921.07456890403,8388.231945159794,4743.416490252569,1424.6887201409684,4802.283435838408,4556.557810001426,-1,0.0,0.0
no_tree,180,2025-06-30,6,2,no_season,42,82502.18737556544,82502.18737556544,622.3621368674318,170,11491.285664005114,0.0,0.0,54105.74711313745,51654.35488547996,2451.3922276574817,0,35820.03360117289,9,1.4907175818318714,2289.2398340334944,2159.3747795183467,-1,0.0,8.526512829121202e-13,0.0004582080291584134,0.023483125027269125,0.00020741706248372793,0.024148750118911266,18787.806733133653,17032.22686803923,10,26,42,68,66,104625.27399239289,109436.74374755663,8534.673170794857,4743.416490252569,1492.5014000488702,4991.590991358237,4838.28482005762,-1,0.0,0.0
no_tree,181,2025-07-01,7,2,no_season,42,85706.0630549366,85706.0630549366,2844.521623103497,490,8728.486033503948,0.0,0.0,63890.97795665521,54030.193584559405,9860.784372095812,0,36119.439026601656,9,1.5049669989590366,2159.3747795183467,1212.594044015632,-1,0.0,9.094947017729282e-13,0.00043466605711728334,0.022988999960944057,0.00027941702865064144,0.02370308304671198,18537.496818902237,17581.942207699423,10,27,41,68,61,106307.20391378604,110485.24397647267,8970.427330522543,4698.945728672264,1504.9766261084026,4743.416490252569,4838.28482005762,-1,0.0,0.0
no_tree,182,2025-07-02,7,2,no_season,42,79056.63112462952,79056.63112462952,3821.01662130211,680,8168.117850060202,0.0,0.0,63062.050299248316,48933.41127415587,14128.639025092452,0,34529.46223914143,9,1.4367611324184277,1212.594044015632,1200.0,-1,0.0,9.094947017729282e-13,0.0004788750084117055,0.026800625026226044,0.00023125007282942533,0.027510750107467175,18167.112884173104,16362.349354968334,10,25,38,63,53,85814.3440572225,90506.15734738551,8168.427604491286,4348.589223183295,1438.72759329756,4743.416490252569,4838.28482005762,-1,0.0,0.0
no_tree,183,2025-07-03,7,2,no_season,42,73473.14851237365,73473.14851237365,8323.616363401383,940,210.0727934874407,0.0,0.0,84018.37957151826,45496.94197107157,38521.4376004467,0,34699.189830130796,7,1.4437956950758477,1200.0,1200.0,-1,0.0,8.100187187665142e-13,0.0004740420263260603,0.02351162489503622,0.00022274989169090986,0.02420841681305319,18262.731489542522,16436.458340588273,8,32,42,74,75,76031.68600962861,80436.02895393604,8092.106133727483,3989.7168773487124,1445.79957625545,4698.8328591086765,4838.28482005762,-1,0.0,0.0
no_tree,184,2025-07-04,7,2,no_season,42,36428.58790725346,36428.58790725346,4518.956812364939,810,10784.290461395807,0.0,0.0,36799.20019381005,20868.63259198729,15930.56760182276,0,23999.21534090233,5,0.998539031281511,1200.0,1219.2969402651393,-1,0.0,9.094947017729282e-13,0.0004492499865591526,0.022936166962608695,0.0002168749924749136,0.02360229194164276,12640.801066229129,11358.4142746732,6,43,26,69,54,62196.76975360079,65348.720100119106,7100.314051098452,3142.1822761098088,999.9673058709304,4743.416490252569,4269.0748412273115,-1,0.0,0.0
no_tree,185,2025-07-05,7,2,no_season,42,37004.87932012539,37004.87932012539,4329.904410313091,770,11304.264378163101,0.0,0.0,38128.049205890406,20953.751908054128,17174.297297836278,0,23934.482025225923,5,0.9959301838524264,1219.2969402651393,1200.0,-1,0.0,9.094947017729282e-13,0.00047370896209031343,0.024573959060944617,0.0002252089325338602,0.02527287695556879,12587.460705417318,11347.021319808604,6,45,27,72,47,68333.59374262148,71166.23171265623,7810.825820615897,3001.570069195271,997.2700843844133,4666.141112462339,4269.0748412273115,-1,0.0,0.0
no_tree,186,2025-07-06,7,2,no_season,42,75923.796603999,75923.796603999,6558.325267117231,890,712.8099636206127,0.0,0.0,76119.13298246163,47052.58707975461,29066.545902707017,0,37531.27679241663,7,1.5616357652401984,1200.0,1200.0,-1,0.0,9.094947017729282e-13,0.000467624980956316,0.022996374987997115,0.00023595907259732485,0.023699959041550756,19753.303574956124,17777.97321746051,8,30,40,70,64,84333.61249305724,89023.07762937705,7735.03831455941,3977.187551315819,1563.8031996840264,4743.416490252569,4838.28482005762,-1,0.0,0.0
no_tree,187,2025-07-07,7,2,no_season,42,83210.89250692946,83210.89250692946,1815.6429272337525,440,9750.769886442862,0.0,0.0,58838.61750863496,52036.70149465429,6801.916013980672,0,34722.41660576537,9,1.4446769584054675,1200.0,1238.8410039350945,-1,0.0,9.094947017729282e-13,0.0004553749458864331,0.023082749918103218,0.0002199580194428563,0.023758082883432508,18294.34969340953,16428.06691235584,10,26,35,61,55,84694.72054928969,89438.13703954226,8803.891175608105,4464.964898646527,1446.767358573557,4743.416490252569,4838.28482005762,-1,0.0,0.0
no_tree,188,2025-07-08,7,2,no_season,42,92957.85219177019,92957.85219177019,363.98906100389206,130,14565.91406797698,0.0,0.0,60365.97377342713,58806.40114970991,1559.5726237172241,0,37274.702517438345,9,1.5482748763294734,1238.8410039350945,2463.251759599254,-1,0.0,8.810729923425242e-13,0.0004474580055102706,0.024440209032036364,0.0002500830451026559,0.02513775008264929,20229.621342784398,17045.08117465395,10,27,41,68,61,97557.1348887091,102371.12706689359,8090.832652349507,4743.416490252569,1553.1126048932645,4813.992178184484,4823.011964626586,-1,0.0,0.0
no_tree,189,2025-07-09,7,2,no_season,42,92713.64788514031,92713.64788514031,0.0,0,16646.035242496375,0.0,0.0,59572.47905777041,59572.47905777041,0.0,0,33078.86223915658,9,1.375787315353719,2463.251759599254,2731.518454336639,-1,0.0,8.100187187665142e-13,0.00047258392442017794,0.025617582956328988,0.00022962503135204315,0.02631979191210121,17543.874932566923,15534.987306589657,10,25,34,59,58,105663.55383019656,110639.38659978868,8143.769608860623,4743.416490252569,1378.285926631524,4975.832769592122,4696.752249132852,-1,0.0,0.0
no_tree,190,2025-07-10,7,2,no_season,42,90496.99164440221,90496.99164440221,126.16062700635526,40,16238.984154030422,0.0,0.0,58200.30721939812,57694.02165986784,506.2855595302888,0,34199.63489465894,9,1.4236014440501703,2731.518454336639,2461.708447228506,-1,0.0,9.094947017729282e-13,0.00046479201409965754,0.024547666078433394,0.00022658298257738352,0.025239041075110435,17865.089814351875,16334.545080307063,10,26,39,65,61,101010.26768263706,105870.57173084289,8099.109941509897,4743.416490252569,1424.9847872774558,4860.304048205826,4659.7741838286,-1,0.0,0.0
no_tree,191,2025-07-11,7,2,no_season,42,48292.42079808758,48292.42079808758,145.06788058319376,70,14327.574662148309,0.0,0.0,30050.720984171217,29495.375517519395,555.3454666518217,0,22928.556240334416,5,0.9531882957142209,2461.708447228506,2846.6126738866387,-1,0.0,9.094947017729282e-13,0.000462166965007782,0.025378125021234155,0.00023208302445709705,0.026072375010699034,12259.84655342844,10668.709686905975,6,38,23,61,54,59442.53210381351,60317.164679652094,8224.857035689263,3383.61914384611,955.3565100139341,4743.416490252569,4329.9144,-1,0.0,0.0
no_tree,192,2025-07-12,7,2,no_season,42,50599.51430330009,50599.51430330009,72.06736194707742,30,18712.641794811665,0.0,0.0,30577.485492897176,30335.627162637702,241.85833025946826,0,22301.723744719045,5,0.9286073468913597,2846.6126738866387,2547.1191784569814,-1,0.0,8.810729923425242e-13,0.0004790000384673476,0.024384332937188447,0.00022241706028580666,0.0250857500359416,11588.21014091061,10713.513603808433,6,38,25,63,60,65924.62356777102,70689.46338941557,8176.604712588758,3130.654883566697,929.2384893632936,4764.839821644544,4297.192300000001,-1,0.0,0.0
no_tree,193,2025-07-13,7,2,no_season,42,93107.91410466674,93107.91410466674,7.129200010703585,10,22076.4089874032,0.0,0.0,59641.11668297053,59593.190635898565,47.92604707195485,0,31673.942755106313,9,1.3176903531777038,2547.1191784569814,2651.1276329728025,-1,0.0,9.094947017729282e-13,0.00045887508895248175,0.024211083073168993,0.00022712501231580973,0.024897083174437284,16722.428336190274,14951.514418916038,10,22,34,56,53,100201.41060008155,104963.04700555096,8106.012371807768,4743.416490252569,1319.7476147960963,4761.636405469408,4838.28482005762,-1,0.0,0.0
no_tree,194,2025-07-14,7,2,no_season,42,88542.63792646938,88542.63792646938,44.55545852720805,40,15262.312208196028,0.0,0.0,56633.554048762875,56382.03290086659,251.52114789629752,0,31682.528092561708,9,1.318605730156972,2651.1276329728025,2500.6195099834904,-1,0.0,9.094947017729282e-13,0.00046870799269527197,0.023972874972969294,0.00021424994338303804,0.024655832909047604,16599.865026347798,15082.66306621391,10,23,36,59,56,91948.45491594242,96684.73962907746,8012.485290605783,4743.416490252569,1320.1053371900714,4743.416490252569,4600.845728957168,-1,0.0,0.0
no_tree,195,2025-07-15,7,2,no_season,42,89906.27028001776,89906.27028001776,12.18074770822642,20,15112.955712557428,0.0,0.0,57310.90735799344,57260.18184751646,50.72551047697999,0,32052.351281164516,9,1.3328522254158113,2500.6195099834904,2870.6111941488357,-1,0.0,8.952838470577262e-13,0.00044016598258167505,0.02359416603576392,0.00022958405315876007,0.024263916071504354,17054.398006499876,14997.953274664642,10,24,38,62,60,98855.33493397076,103594.83329906125,7985.109076813862,4743.416490252569,1335.514636715188,4743.416490252569,4591.0954286094875,-1,0.0,0.0
no_tree,196,2025-07-16,7,2,no_season,42,90310.62095673269,90310.62095673269,212.17567759323217,60,16991.244411504096,0.0,0.0,58081.02926737515,57248.186970442985,832.8422969321664,0,32089.545798494342,7,1.3358523303252965,2870.6111941488357,2578.27138698604,-1,0.0,7.851497230149107e-13,0.0004540419904515147,0.024529917049221694,0.00021537498105317354,0.025199334020726383,16743.267318991413,15346.278479502927,8,24,36,60,56,88560.59877178766,93489.88639044455,8246.149537897094,4743.416490252569,1337.0644082705976,4929.287618656895,4629.694347859295,-1,0.0,0.0
no_tree,197,2025-07-17,7,2,no_season,42,88158.68552846133,88158.68552846133,583.7799354792154,140,14027.861781506012,0.0,0.0,58776.65085838397,55947.53849184623,2829.11236653774,0,34723.68680316099,7,1.444449074390656,2578.27138698604,2745.1278027643175,-1,0.0,7.958078640513122e-13,0.00045262498315423727,0.02454591600690037,0.00022908404935151339,0.02522762503940612,18358.93720946443,16364.749593696562,8,27,39,66,62,91341.19203624352,96222.03234153707,8276.577211267839,4738.199259678374,1446.8202834650413,4922.220441228427,4476.342760342042,-1,0.0,0.0
no_tree,198,2025-07-18,7,2,no_season,42,48085.79103943951,48085.79103943951,0.0,0,15739.845069607014,0.0,0.0,29352.201540305996,29352.201540306,0.0,0,21855.74551279013,5,0.9095665094547136,2745.1278027643175,2666.4141799440476,-1,0.0,9.094947017729282e-13,0.0004582499386742711,0.023705667001195252,0.00020800007041543722,0.02437191701028496,11463.721691311312,10392.023821478819,6,37,25,62,53,63362.72462174742,63362.72462174742,8477.73994191551,3615.583469702482,910.656063032922,4774.230971201235,4391.131914916868,-1,0.0,0.0
no_tree,199,2025-07-19,7,2,no_season,42,50027.19759080228,50027.19759080228,0.0,0,21790.66147410489,0.0,0.0,30119.20459336268,30119.20459336268,0.0,0,20991.792557127592,5,0.8735579933440419,2666.4141799440476,2615.2291168216716,-1,0.0,9.094947017729282e-13,0.0004848749376833439,0.024634417030029,0.00021833297796547413,0.025337624945677817,11022.754811912493,9969.037745215102,6,36,22,58,53,55641.41239140178,60597.24425857709,8138.324283406562,2225.6564971810535,874.6580232136498,4955.831867175316,4312.112264810028,-1,0.0,0.0
no_tree,200,2025-07-20,7,2,no_season,42,88890.77450270762,88890.77450270762,307.9665790757351,80,15266.423250311553,0.0,0.0,58122.0564494842,56837.64020426362,1284.416245220572,0,32046.860961686765,9,1.3330933250342212,2615.2291168216716,2771.107887202067,-1,0.0,8.242295734817162e-13,0.0004463749937713146,0.024646334000863135,0.00021808291785418987,0.02531079191248864,16944.60028824595,15102.260673440818,10,23,35,58,56,94106.64274867218,99069.96961312306,8156.904827901916,4743.416490252569,1335.2858734036154,4963.3268644508735,4435.354607716979,-1,0.0,0.0
no_tree,201,2025-07-21,7,2,no_season,42,91448.89691386832,91448.89691386832,5.313534111384399,10,15507.429299572104,0.0,0.0,58444.060509880845,58413.19684699486,30.863662885976282,0,33540.58555831298,9,1.3951663653083497,2771.107887202067,2963.111826710526,-1,0.0,8.189005029635155e-13,0.0004582080291584134,0.024370874976739287,0.0002264160430058837,0.025055499048903584,17748.808678360296,15791.77687995269,10,24,38,62,61,101150.42471382029,106076.57096978479,7840.5051697114595,4743.416490252569,1397.524398263041,4926.146255964506,4447.589621557161,-1,0.0,0.0
no_tree,202,2025-07-22,7,2,no_season,42,92124.39828669874,92124.39828669874,252.0856948407473,30,17299.924328636615,0.0,0.0,59996.44229276071,58890.3938246405,1106.0484681202056,0,32806.77879700697,9,1.3660323194464314,2963.111826710526,2517.236310302471,-1,0.0,6.821210263296962e-13,0.0004604589194059372,0.02428258303552866,0.00021166703663766384,0.02495470899157226,17044.09691662158,15762.68188038539,10,23,43,66,68,107539.37038136109,112516.0881642491,8546.040912253271,4743.416490252569,1366.9491165419568,4976.717782888015,4624.000606716284,-1,0.0,0.0
no_tree,203,2025-07-23,7,2,no_season,42,90838.66980046013,90838.66980046013,310.175312340061,80,14982.724198075812,0.0,0.0,59433.952284256084,57887.35799617462,1546.5942880814646,0,34938.365918625925,9,1.4535044255899126,2517.236310302471,2628.102404856545,-1,0.0,9.094947017729282e-13,0.0004415420116856694,0.0236157919280231,0.0002211249666288495,0.02427845890633762,18443.96985834182,16494.396060284103,10,25,37,62,61,102555.80146917129,107506.43372741423,8252.405977004037,4743.416490252569,1455.7652466094135,4950.632258242939,4576.622130053915,-1,0.0,0.0
no_tree,204,2025-07-24,7,2,no_season,42,89235.18828740026,89235.18828740026,155.66365272575374,60,13944.000039597347,0.0,0.0,57592.8185812436,56893.23080125335,699.5877799902472,0,32663.413963345432,9,1.3588449526890285,2628.102404856545,2739.509665374512,-1,0.0,9.094947017729282e-13,0.00043812498915940523,0.023040208034217358,0.00020750006660819054,0.023685833089984953,17246.896931937048,15416.517031408384,10,28,41,69,65,97861.15410310103,102743.06314522072,8314.674152148738,4743.416490252569,1360.9755818060596,4881.909042119688,4554.070679360207,-1,0.0,0.0
no_tree,205,2025-07-25,7,2,no_season,42,47377.176741766234,47377.176741766234,92.85376666666662,20,19831.83593957543,0.0,0.0,29223.794385587877,28867.849983621203,355.9444019666664,0,21542.389079722525,5,0.8963575233504046,2739.509665374512,2738.5734183606896,-1,0.0,9.094947017729282e-13,0.0004403749480843544,0.026198165956884623,0.00023629202041774988,0.026874832925386727,11337.632040956665,10204.757038765858,6,34,22,56,46,55427.183158989035,55427.183158989035,7947.750850429353,3168.9880731462567,897.5995449884383,4743.416490252569,4287.7245,-1,0.0,0.0
no_tree,206,2025-07-26,7,2,no_season,42,47709.059287005206,47709.059287005206,35.8031380714192,30,18208.04000138437,0.0,0.0,29194.06241824886,29089.3743494136,104.6880688352627,0,22026.932546263037,5,0.9167179139669028,2738.5734183606896,2646.8649279533756,-1,0.0,8.526512829121202e-13,0.0004948329878970981,0.024386041914112866,0.0002210000529885292,0.025101874954998493,11547.331701644312,10479.600844618724,6,36,22,58,53,60598.066092331064,60598.066092331064,8258.675629757627,3378.480093354796,917.7888560942932,4815.684537952732,4334.013244265006,-1,0.0,0.0
no_tree,207,2025-07-27,7,2,no_season,42,89365.38908247456,89365.38908247456,249.203974922806,80,14127.853514195152,0.0,0.0,57805.73570870509,56613.098322516686,1192.637386188401,0,36503.41571877398,9,1.5191304058280803,2646.8649279533756,2527.0161542580513,-1,0.0,9.094947017729282e-13,0.00047195900697261095,0.02458158298395574,0.00022625003475695848,0.02527979202568531,19152.4827309881,17350.932987785876,10,27,39,66,59,98927.89616742404,103691.14059426873,8452.131495410013,4743.416490252569,1520.9756549489157,4763.244426844687,4544.001218586023,-1,0.0,0.0
no_tree,208,2025-07-28,7,2,no_season,42,90544.18619452024,90544.18619452024,213.99913155984385,60,10628.172523779103,0.0,0.0,58886.22856079858,57886.692100702254,999.5364600963238,0,35354.23560470503,9,1.4703610394715922,2527.0161542580513,2841.838825741506,-1,0.0,9.094947017729282e-13,0.0004735830007120967,0.02545883401762694,0.00023620808497071266,0.02616862510330975,18764.685586836335,16589.5500178687,10,26,43,69,67,106513.09830628935,111401.87740041096,8444.19978605106,4743.416490252569,1473.0931501960429,4888.77909412161,4375.869228330364,-1,0.0,0.0
no_tree,209,2025-07-29,7,2,no_season,42,95402.72107680416,95402.72107680416,1.7372996129276714,10,17892.382332890105,0.0,0.0,60986.66984002511,60978.00332090602,8.666519119089688,0,33016.81507404655,9,1.3744415057504258,2841.838825741506,2546.5325149553883,-1,0.0,7.638334409421077e-13,0.0004911659052595496,0.024500667001120746,0.0002211249666288495,0.025212957873009145,17229.822583786765,15786.992490259789,10,23,43,66,66,103760.72183683224,108555.75412516156,8130.3920219510655,4743.416490252569,1375.7006280852731,4795.032288329324,4824.942914536682,-1,0.0,0.0
no_tree,210,2025-07-30,7,2,no_season,42,92299.00005398468,92299.00005398468,115.21158706149475,50,16378.477293939884,0.0,0.0,59097.03227669622,58621.97870687337,475.05356982284354,0,33930.43721811707,9,1.4114866454202044,2546.5325149553883,2693.403890926111,-1,0.0,9.094947017729282e-13,0.00046204100362956524,0.024827916990034282,0.00022737495601177216,0.02551733294967562,17931.45875761168,15998.97846050539,10,24,37,61,56,98198.14319107175,102963.48998231141,8045.255241546749,4743.416490252569,1413.7682174215447,4765.346791239657,4318.889935241912,-1,0.0,0.0
no_tree,211,2025-07-31,7,2,no_season,42,87443.18400260452,87443.18400260452,613.463487849667,140,12324.965912516724,0.0,0.0,58387.928671320595,55345.866256706024,3042.0624146145756,0,34534.0448718549,9,1.4386390603169497,2693.403890926111,1911.4240675119677,-1,0.0,8.810729923425242e-13,0.0004640830447897315,0.024988125078380108,0.00023479200899600983,0.02568700013216585,17785.36509156285,16748.679780292056,10,25,39,64,61,102482.20708675933,107267.34103374869,8520.276115308796,4743.416490252569,1438.9185363272875,4785.133946989354,4652.949494055927,-1,0.0,0.0
no_tree,212,2025-08-01,8,2,no_season,42,43936.96767164602,43936.96767164602,187.0684803985415,90,21909.50072410625,0.0,0.0,26423.174338397846,25775.045556219928,648.1287821779187,0,22444.796127586123,5,0.9343826673972241,1911.4240675119677,1692.9920221738935,-1,0.0,9.094947017729282e-13,0.0004830420948565006,0.024937249952927232,0.00021720794029533863,0.02563749998807907,11703.985944428885,10740.81018315724,6,35,25,60,52,61910.423631283644,66897.81574059035,7777.862850398685,3450.765356144998,935.1998386494217,4987.392109306706,4115.760438326471,-1,0.0,0.0
no_tree,213,2025-08-02,8,2,no_season,42,42018.5564601648,42018.5564601648,104.7686332513334,80,20042.823593445042,0.0,0.0,24954.936944902183,24569.147221162682,385.7897237394982,0,23190.818544054157,5,0.9650921718587036,1692.9920221738935,1625.8060718912084,-1,0.0,8.810729923425242e-13,0.0004974589683115482,0.024590875022113323,0.00022508297115564346,0.025313416961580515,12172.147555345959,11018.670988708196,6,41,25,66,40,54655.94211551585,58494.997651162805,7170.149671989793,3345.9086796470774,966.2841060022565,4743.416490252569,4268.19,-1,0.0,0.0
no_tree,214,2025-08-03,8,2,no_season,42,78412.91331773934,78412.91331773934,454.53096917251816,150,14645.592106504017,0.0,0.0,51266.73811902779,49073.86670757069,2192.8714114570885,0,33082.86414531674,5,1.3773301371419753,1625.8060718912084,1266.476861873954,-1,0.0,9.094947017729282e-13,0.0004858750617131591,0.024427417083643377,0.00022675003856420517,0.02514004218392074,17232.618171195623,15850.245974121111,6,29,31,60,53,79321.00634884479,84217.43867583766,8704.164168823045,4291.534484122731,1378.4526727215305,4896.432326992872,4838.28482005762,-1,0.0,0.0
no_tree,215,2025-08-04,8,2,no_season,42,74250.45819171958,74250.45819171958,694.9957756225891,230,7433.320056840637,0.0,0.0,49241.84334804643,46549.31751153167,2692.525836514761,0,34564.036460654344,5,1.437563109993409,1266.476861873954,1544.1807735149173,-1,0.0,5.684341886080801e-13,0.0004817500011995435,0.024031999986618757,0.00022383301984518766,0.02473758300766349,18330.25764391128,16233.77881674307,6,35,33,68,57,83906.79558320911,88862.23101505115,9012.49133147988,4423.687235094401,1440.168185860598,4955.435431842037,4838.28482005762,-1,0.0,0.0
no_tree,216,2025-08-05,8,2,no_season,42,76044.06568991649,76044.06568991649,411.31040391583275,190,9279.803887922953,0.0,0.0,49461.04652065701,47748.146108556626,1712.9004121003845,0,34857.82756119964,7,1.4499821808883318,1544.1807735149173,1733.0825611352084,-1,0.0,9.094947017729282e-13,0.0004485000390559435,0.023645041976124048,0.00021416705567389727,0.02430770907085389,18440.54501688784,16417.282544311798,8,31,35,66,63,83520.64044794801,88160.26277252655,8880.122604179844,4268.6821632908905,1452.4094817166515,4743.416490252569,4838.28482005762,-1,0.0,0.0
no_tree,217,2025-08-06,8,2,no_season,42,76572.41754213418,76572.41754213418,1502.0303242578836,290,8298.254471312835,0.0,0.0,53707.60875707351,47761.06730430512,5946.54145276838,0,33291.68973014899,7,1.3854296617410824,1733.0825611352084,1642.5570246447812,-1,0.0,9.094947017729282e-13,0.00044837500900030136,0.023643833003006876,0.00022329099010676146,0.02431549900211394,17476.741929280768,15814.947800868218,8,29,34,63,62,87369.27681351299,92219.68858174435,8743.534140371723,4711.793713650887,1387.1537387562078,4850.411768231359,4821.502072920901,-1,0.0,0.0
no_tree,218,2025-08-07,8,2,no_season,42,77706.3910479254,77706.3910479254,511.4592763509062,220,13135.277415298979,0.0,0.0,50682.58206181433,49069.100446875236,1613.4816149391008,0,35104.94017090545,7,1.4610146086936486,1642.5570246447812,1489.303844352075,-1,0.0,9.094947017729282e-13,0.0004600000102072954,0.02345337497536093,0.0002318329643458128,0.024145207949914038,18399.763914941388,16705.176255964063,8,35,33,68,60,84211.8520859837,88595.16933543392,8799.511108640396,4460.326037504744,1462.7058404543939,4743.416490252569,4838.28482005762,-1,0.0,0.0
no_tree,219,2025-08-08,8,2,no_season,42,41302.12745853883,41302.12745853883,324.01650446497047,120,24398.02929505745,0.0,0.0,25092.43643749468,23992.298240476117,1100.138197018565,0,24306.01963753961,5,1.0109657393948908,1489.303844352075,1663.2241247144475,-1,0.0,9.094947017729282e-13,0.0004470410058274865,0.024913875036872923,0.00022258399985730648,0.025583500042557716,12879.481527742975,11426.538109796631,6,43,26,69,49,72033.5198589576,76844.5847773204,7583.748903617695,3472.180870864881,1012.7508182308169,4811.064918362803,4247.720317547442,-1,0.0,0.0
no_tree,220,2025-08-09,8,2,no_season,42,40304.38671113265,40304.38671113265,551.6877085125251,230,20543.526904401835,0.0,0.0,25285.51560229154,23404.68064868515,1880.8349536063931,0,23872.052875915204,5,0.9929955617089332,1663.2241247144475,1797.6050566306994,-1,0.0,6.821210263296962e-13,0.00045737496111541986,0.024836083059199154,0.0002311669522896409,0.025524624972604215,12631.335695579273,11240.717180335932,6,44,25,69,50,85481.02783364074,90457.03538159058,7766.433912168108,3478.5054261852174,994.6688698298003,4976.007547949852,4052.8874150405304,-1,0.0,0.0
no_tree,221,2025-08-10,8,2,no_season,42,76529.14914311658,76529.14914311658,248.93910525582254,110,9737.946421770235,0.0,0.0,49074.7165431366,48160.473850324066,914.2426928125358,0,33395.22130950168,7,1.3895875547637118,1797.6050566306994,1775.453904875203,-1,0.0,9.094947017729282e-13,0.0004932499723508954,0.02470404200721532,0.0002240838948637247,0.02542137587442994,17565.372043051928,15829.849266449755,8,33,33,66,60,83673.33973106812,88431.9031731489,8904.478168272577,4427.188724235732,1391.46755456257,4758.563442080784,4838.28482005762,-1,0.0,0.0
no_tree,222,2025-08-11,8,2,no_season,42,77440.33398187347,77440.33398187347,357.790192910268,160,11749.258254757402,0.0,0.0,50350.51166176802,48573.2665968731,1777.2450648949168,0,35617.66451605712,7,1.4828622967177807,1775.453904875203,1387.9154405636527,-1,0.0,8.668621376273222e-13,0.00046983291395008564,0.023920124978758395,0.0002113750670105219,0.024601332959719002,18552.638551375057,17065.02596468206,8,30,37,67,62,84016.70368467682,88915.36331144441,8857.511650255381,4635.038954203037,1484.069354835713,4898.659626767596,4838.28482005762,-1,0.0,0.0
no_tree,223,2025-08-12,8,2,no_season,42,75490.16700155954,75490.16700155954,951.6136965890677,290,6912.986659178259,0.0,0.0,51754.9490839669,47189.671273430155,4565.277810536742,0,33144.10712414093,7,1.3790380710211436,1387.9154405636527,1411.7722043132553,-1,0.0,6.821210263296962e-13,0.00044770899694412947,0.02341475000139326,0.00021537498105317354,0.02407783397939056,17456.178756555644,15687.928367585291,8,30,37,67,62,82533.63853282385,87353.4844877535,8829.474238698192,4222.65136286506,1381.004463505872,4819.845954929646,4838.28482005762,-1,0.0,0.0
no_tree,224,2025-08-13,8,2,no_season,42,77639.27013488374,77639.27013488374,477.67455495415527,200,10119.6309564998,0.0,0.0,50787.54887853528,48592.937865374035,2194.611013161249,0,34208.60518547171,7,1.423216362027779,1411.7722043132553,1487.7589008702116,-1,0.0,7.389644451905042e-13,0.0004480830393731594,0.023468249943107367,0.00021220894996076822,0.024128541932441294,18042.469734404905,16166.1354510668,8,25,35,60,55,76634.79177679523,81619.98207564314,8769.339507155513,4592.037620258887,1425.3585493946546,4985.190298847917,4838.28482005762,-1,0.0,0.0
no_tree,225,2025-08-14,8,2,no_season,42,75621.28177540711,75621.28177540711,1191.7740297870346,300,8842.421171253003,0.0,0.0,52859.5740399017,47024.52691981941,5835.047120082296,0,36111.15187503847,5,1.5022302125237688,1487.7589008702116,1631.715134321508,-1,0.0,7.673861546209082e-13,0.0004386249929666519,0.023345540976151824,0.00021974998526275158,0.024003915954381227,19077.747762823146,17033.40411221533,6,27,34,61,52,80553.70214541751,85374.53814429816,8223.04770879772,4743.416490252569,1504.6313281266032,4820.835998880642,4838.28482005762,-1,0.0,0.0
no_tree,226,2025-08-15,8,2,no_season,42,40930.43763231114,40930.43763231114,631.5458779482735,240,23083.19978266998,0.0,0.0,26001.484316430637,23779.585623193067,2221.8986932375674,0,24391.559668758935,5,1.0148288725801002,1631.715134321508,1667.054660878207,-1,0.0,6.821210263296962e-13,0.00044891692232340574,0.023380375001579523,0.00021462503354996443,0.024043916957452893,12855.30825650752,11536.251412251413,6,40,25,65,38,64035.841366357505,68894.90150111863,7746.361041420183,3619.7106174996834,1016.3149861982888,4859.060134761119,4169.292120464831,-1,0.0,0.0
no_tree,227,2025-08-16,8,2,no_season,42,40784.47031153743,40784.47031153743,475.10227123138276,180,23200.324168992982,0.0,0.0,25910.62127663175,23670.62869468686,2239.9925819448945,0,24014.049331492344,5,0.9994926876249692,1667.054660878207,1532.9394908500522,-1,0.0,9.094947017729282e-13,0.0004622919950634241,0.023688709014095366,0.00021945801563560963,0.0243704590247944,12572.00868930075,11442.040642191589,6,43,25,68,45,82468.85575595715,87321.2213996789,7810.825820615897,3478.5054261852174,1000.5853888121809,4852.365643721752,4179.389948874719,-1,0.0,0.0
no_tree,228,2025-08-17,8,2,no_season,42,73373.72980739418,73373.72980739418,717.8821894360751,260,8999.784530886993,0.0,0.0,49842.369478781766,46514.883627142764,3327.485851639007,0,34877.53975214404,5,1.4510173003274964,1532.9394908500522,1623.8393405499137,-1,0.0,9.094947017729282e-13,0.0004455419257283211,0.023619999992661178,0.00022350007202476263,0.024289041990414262,18401.98680071032,16475.552951433725,6,39,32,71,63,84031.55766616297,88882.8742903275,8359.323592408164,3776.85058319741,1453.2308230060019,4851.316624164526,4838.28482005762,-1,0.0,0.0
no_tree,229,2025-08-18,8,2,no_season,42,75167.5669595224,75167.5669595224,450.6894300741644,200,9215.72912577981,0.0,0.0,49366.28419241827,47334.674971322835,2031.609221095442,0,34798.02342472783,7,1.4475194961822346,1623.8393405499137,1801.0216456475287,-1,0.0,9.094947017729282e-13,0.00044429104309529066,0.023680208949372172,0.00021116703283041716,0.02433566702529788,18403.217535938962,16394.805888788866,8,32,34,66,61,88769.79346054833,93441.44204890613,8220.328675495692,4532.052666719465,1449.9176426969925,4743.416490252569,4838.28482005762,-1,0.0,0.0
no_tree,230,2025-08-19,8,2,no_season,42,75930.62137655632,75930.62137655632,337.02275051067704,110,10269.721161004294,0.0,0.0,49506.376705527495,48102.02048081286,1404.3562247146347,0,32487.844384554788,7,1.3518490611660472,1801.0216456475287,1771.3568997560235,-1,0.0,9.094947017729282e-13,0.0004480000352486968,0.023594000027514994,0.0002203340409323573,0.024262334103696048,17084.053650308742,15403.79073424605,8,29,34,63,65,86359.24672645007,91096.20176228706,8671.569339904348,4704.058254088709,1353.660182689783,4743.416490252569,4838.28482005762,-1,0.0,0.0
no_tree,231,2025-08-20,8,2,no_season,42,75713.00076942515,75713.00076942515,1725.8224542291757,310,4960.359524506714,0.0,0.0,56263.609301910474,47800.05456604264,8463.554735867821,0,38207.78488593327,7,1.5901867657175344,1771.3568997560235,1587.9392683954334,-1,0.0,9.094947017729282e-13,0.0004423329373821616,0.024910666048526764,0.0002230409299954772,0.025576039915904403,20017.778759207107,18190.00612672617,8,42,38,80,75,100924.36376091617,105848.93512320772,9000.202274464158,4410.148430233317,1591.9910369138865,4924.57136229155,4838.28482005762,-1,0.0,0.0
no_tree,232,2025-08-21,8,2,no_season,42,80657.44273300638,80657.44273300638,456.58949463247006,160,13606.08760158934,0.0,0.0,52517.948391318896,50751.200534440024,1766.7478568788683,0,31835.906228952903,9,1.3246840240023694,1587.9392683954334,1575.8746775137274,-1,0.0,9.094947017729282e-13,0.00046274997293949127,0.025913916062563658,0.000532708945684135,0.026909374981187284,16749.71618583454,15086.190043118364,10,27,36,63,64,91718.91389191401,96489.85984398433,8841.797849768287,4560.0307769102155,1326.4960928730377,4770.9459520703185,4838.28482005762,-1,0.0,0.0
no_tree,233,2025-08-22,8,2,no_season,42,40549.743585213364,40549.743585213364,925.1318269230479,300,19063.028411001793,0.0,0.0,27134.64721970578,23443.50860807846,3691.138611627323,0,24303.529686987622,5,1.0114584326993568,1575.8746775137274,1477.883321006735,-1,0.0,5.115907697472721e-13,0.001035165973007679,0.03348320792429149,0.00022779195569455624,0.03474616585299373,12742.403644061116,11561.126042926502,6,42,25,67,44,69641.33337683925,74537.33180377721,7810.825820615897,3415.2598729818496,1012.647070291151,4895.998426937965,4269.0748412273115,-1,0.0,0.0
no_tree,234,2025-08-23,8,2,no_season,42,41812.18323487129,41812.18323487129,209.5534416267268,120,17810.06330905926,0.0,0.0,25333.35082442745,24593.968606839942,739.3822175875061,0,24017.907848668547,5,0.9984421365063715,1477.883321006735,1896.0296770652444,-1,0.0,7.389644451905042e-13,0.0004744590260088444,0.023419459001161158,0.00022516690660268068,0.024119084933772683,12849.787533053652,11168.120315614895,6,41,25,66,44,62284.15360044079,67167.44825048839,7703.641045510544,3506.4390598704194,1000.7461603611895,4883.294650047603,4192.97,-1,0.0,0.0
no_tree,235,2025-08-24,8,2,no_season,42,78167.94891599724,78167.94891599724,474.9730471878117,190,13042.095209395111,0.0,0.0,51412.55273905845,49430.58528044035,1981.9674586180986,0,34370.4254586385,7,1.429988208792894,1896.0296770652444,1954.3780575159208,-1,0.0,9.094947017729282e-13,0.0004485000390559435,0.02359137497842312,0.00022345897741615772,0.02426333399489522,18118.831364547554,16251.594094090944,8,27,37,64,59,86950.28035464785,91701.07105427398,8828.684047445053,4415.869351812158,1432.101060776604,4750.790699626131,4837.845620797373,-1,0.0,0.0
no_tree,236,2025-08-25,8,2,no_season,42,75639.9917630626,75639.9917630626,277.43816747747496,120,3449.2101812734436,0.0,0.0,49450.09800038877,48411.63376350623,1038.4642368825353,0,35733.52487162627,7,1.4872407920974735,1954.3780575159208,1768.5413847573302,-1,0.0,9.094947017729282e-13,0.0004611669573932886,0.023437291965819895,0.00023266708012670279,0.024131126003339887,18714.328802113116,17019.196069513153,8,40,39,79,81,97694.44790628082,102410.17512957833,8662.522283944763,4421.307006704153,1488.8968696510947,4771.105757207626,4838.28482005762,-1,0.0,0.0
no_tree,237,2025-08-26,8,2,no_season,42,82045.60918003642,82045.60918003642,102.72452462057646,70,14585.604826406117,0.0,0.0,52349.95789814141,51855.764792088434,494.19310605297125,0,34659.58382064343,7,1.4416871772135194,1768.5413847573302,1978.5543359170256,-1,0.0,9.094947017729282e-13,0.0004588329466059804,0.023319375002756715,0.00021845800802111626,0.02399666595738381,18346.74715778049,16312.836662862936,8,29,36,65,59,86791.53931705136,91733.91755970738,8548.197696568086,4743.416490252569,1444.1493258601427,4942.378242656024,4838.28482005762,-1,0.0,0.0
no_tree,238,2025-08-27,8,2,no_season,42,76243.23106265801,76243.23106265801,306.8288406289375,160,6967.058770648849,0.0,0.0,49990.27031263666,48525.60761677522,1464.6626958614452,0,36850.774586337255,7,1.5339151869530703,1978.5543359170256,1707.5164909666764,-1,0.0,9.094947017729282e-13,0.00044295901898294687,0.023558792076073587,0.00020941602997481823,0.024211167125031352,19259.813426154346,17590.96116018291,8,32,38,70,72,95210.79607066937,100089.84684979607,9149.521324408488,4726.3189155784485,1535.4489410973856,4924.009967395276,4838.28482005762,-1,0.0,0.0
no_tree,239,2025-08-28,8,2,no_season,42,78733.44521182895,78733.44521182895,749.327880613707,250,6772.542901493516,0.0,0.0,53643.93611580258,50053.80000297072,3590.136112831859,0,35439.676231619065,7,1.4744370227241446,1707.5164909666764,1784.8127138523887,-1,0.0,6.821210263296962e-13,0.00043304089922457933,0.023617458064109087,0.0002197920111939311,0.024270290974527597,18691.055719617434,16748.62051200163,8,30,38,68,68,89035.74275510617,93731.62078242519,8839.485145015336,4544.280987333804,1476.653176317461,4743.416490252569,4838.28482005762,-1,0.0,0.0
no_tree,240,2025-08-29,8,2,no_season,42,42083.510266369594,42083.510266369594,435.5267426790875,160,18312.93104835853,0.0,0.0,26899.279216389725,24933.0340830662,1966.2451333235258,0,25197.970485822974,5,1.0477472535714751,1784.8127138523887,2109.9399786607,-1,0.0,8.526512829121202e-13,0.0004532920429483056,0.023672375013120472,0.00021458393894135952,0.024340250995010138,13424.428048256563,11773.542437566413,6,45,26,71,49,64757.087116896466,69596.55643855539,7822.7826973158835,3509.383449617135,1049.9154369092907,4839.469321658921,4117.007024417211,-1,0.0,0.0
no_tree,241,2025-08-30,8,2,no_season,42,42456.60445888451,42456.60445888451,244.87467310994674,160,23367.378752883058,0.0,0.0,25919.63731287999,25106.17849984439,813.4588130355969,0,23155.795828175833,5,0.9643601582055144,2109.9399786607,1712.0429421098065,-1,0.0,8.810729923425242e-13,0.00045420799870043993,0.023674416006542742,0.00021237507462501526,0.024340999079868197,11988.588186976951,11167.207641198886,6,36,25,61,43,60894.418828938215,65859.67938530009,7227.36166168636,3645.5827171451824,964.8248261739931,4965.260556361873,4202.563557860059,-1,0.0,0.0
no_tree,242,2025-08-31,8,2,no_season,42,75684.48486417094,75684.48486417094,445.38600661794203,150,7685.259173386659,0.0,0.0,49968.05910764255,48244.11037053043,1723.9487371121156,0,36386.379281675356,7,1.5142549397032974,1712.0429421098065,1594.7964585394795,-1,0.0,7.958078640513122e-13,0.000443708966486156,0.02232758398167789,0.00022333301603794098,0.022994625964201987,19092.183947872123,17294.195333803233,8,37,35,72,65,91602.24462477543,96585.72262745175,8766.922620759164,4703.000099514668,1516.0991367364732,4983.478002676323,4838.28482005762,-1,0.0,0.0
no_tree,243,2025-09-01,9,2,no_season,42,79128.81045478577,79128.81045478577,0.0,0,22149.341792349936,0.0,0.0,49938.958572276984,49938.958572276984,0.0,0,30466.40627532158,5,1.263717271534257,1594.7964585394795,3399.1363392971753,-1,0.0,9.094947017729282e-13,0.0004389170790091157,0.022930833976715803,0.00022408401127904654,0.023593835067003965,16935.87020221203,13530.536073109548,6,25,30,55,50,80205.32296889607,84981.64954497736,8644.942382986703,4405.739851812159,1269.4335948050657,4776.3265760812965,4212.7,-1,0.0,0.0
no_tree,244,2025-09-02,9,2,no_season,42,76439.23412964625,76439.23412964625,86.00175987085228,40,20921.88947893118,0.0,0.0,48852.89334166481,48484.40200229982,368.49133936498976,0,32966.87531887147,5,1.3721321299170417,3399.1363392971753,3209.3651756676386,-1,0.0,9.094947017729282e-13,0.0004676670068874955,0.022852416965179145,0.0002127910265699029,0.023532874998636544,17256.232939728696,15710.642379142777,6,23,35,58,51,80398.88263194262,85147.7613920882,8240.842773141798,4711.793713650887,1373.619804952978,4748.878760145585,4469.8043357417355,-1,0.0,0.0
no_tree,245,2025-09-03,9,2,no_season,42,74866.48499864215,74866.48499864215,14.80620041426613,10,17605.506293478873,0.0,0.0,47616.83483333359,47558.9203804132,57.91445292040196,0,28443.2684851766,7,1.1829861861121995,3209.3651756676386,3440.739385576128,-1,0.0,8.242295734817162e-13,0.0004240840207785368,0.02367545908782631,0.00021454202942550182,0.02431408513803035,15085.668070377058,13357.600414799535,8,23,32,55,59,82860.97507345371,87545.16099211163,8088.7592258661925,4711.910848573382,1185.136186882358,4743.416490252569,4428.3600734606825,-1,0.0,0.0
no_tree,246,2025-09-04,9,2,no_season,42,76324.95655423893,76324.95655423893,19.435432543935462,10,20924.097528923598,0.0,0.0,48902.566286108835,48789.67557617738,112.89070993144912,0,31241.209782110942,7,1.3002412970889796,3440.739385576128,3290.9865366209733,-1,0.0,9.094947017729282e-13,0.00046504195779561996,0.023614207981154323,0.00021554098930209875,0.02429479092825204,16367.969344985107,14873.240437125834,8,24,34,58,54,82532.20243680677,87334.18819528342,8177.13809588445,4743.416490252569,1301.7170742546225,4801.985758476657,4314.325397133547,-1,0.0,0.0
no_tree,247,2025-09-05,9,2,no_season,42,40607.498304139954,40607.498304139954,0.0,0,32488.038154933907,0.0,0.0,24400.380711993144,24400.38071199315,0.0,0,21094.392228946283,5,0.8773086135286676,3290.9865366209733,3476.2105701063138,-1,0.0,7.958078640513122e-13,0.000440209056250751,0.023568083066493273,0.0002127089537680149,0.02422100107651204,11194.79535574283,9899.596873203453,6,38,24,62,43,63292.51741004584,64298.20685586484,7261.910360322052,2999.8171140024174,878.9330095394284,4743.416490252569,3464.70735518478,-1,0.0,0.0
no_tree,248,2025-09-06,9,2,no_season,42,40197.410785926215,40197.410785926215,0.9578928297661768,10,31037.367335884872,0.0,0.0,24076.277795898925,24072.973544582645,3.304251316278427,0,20947.71874981588,5,0.870870929341732,3476.2105701063138,3814.084994474742,-1,0.0,9.094947017729282e-13,0.0004492499865591526,0.02422970801126212,0.00020295800641179085,0.024881916004233062,11193.818196343494,9753.900553472384,6,43,25,68,43,57085.43333373277,57085.43333373277,7488.115890252569,3023.7232644466835,872.8216145756617,4743.416490252569,3514.3393953538202,-1,0.0,0.0
no_tree,249,2025-09-07,9,2,no_season,42,72785.99242746935,72785.99242746935,0.0,0,16627.13268671564,0.0,0.0,46980.16861060067,46980.16861060067,0.0,0,30209.830579865138,7,1.2578594152337172,3814.084994474742,3421.4258089741206,-1,0.0,9.094947017729282e-13,0.00043816701509058475,0.02401166595518589,0.00021562492474913597,0.02466545789502561,15703.853351976093,14505.977227889041,8,24,31,55,55,93380.18702043875,98350.74994996602,8010.116203170906,4743.416490252569,1258.742940827714,4970.562929527264,4292.1784,-1,0.0,0.0
no_tree,250,2025-09-08,9,2,no_season,42,64312.893653587744,64312.893653587744,1459.595913183136,310,6286.155415226924,0.0,0.0,45671.48903297665,39577.881835673536,6093.607197303112,0,31953.74265960639,5,1.3330545152285476,3421.4258089741206,1828.2062922121045,-1,0.0,7.958078640513122e-13,0.00044654193334281445,0.024036500020883977,0.00021608301904052496,0.024699124973267317,16022.253638908503,15931.489020697883,6,24,36,60,56,82443.49267958132,87367.62822171094,8046.1893725280715,4508.08981765691,1331.4059441502661,4924.135542129613,4756.79892602049,-1,0.0,0.0
no_tree,251,2025-09-09,9,2,no_season,42,70014.64139177017,70014.64139177017,291.7497266866509,160,15361.539610383072,0.0,0.0,44742.71787745158,43251.674547565635,1491.0433298859368,0,33644.44436723378,7,1.399752396834859,1828.2062922121045,1899.5622032038473,-1,0.0,7.958078640513122e-13,0.000447707949206233,0.02308608393650502,0.00022104103118181229,0.023754832916893065,17743.230804320436,15901.213562913346,8,27,33,60,55,81095.73436245305,85976.98636324542,8042.566329086438,4330.537281096686,1401.851848634741,4881.252000792369,4838.28482005762,-1,0.0,0.0
no_tree,252,2025-09-10,9,2,no_season,42,63941.54447357574,63941.54447357574,2160.001049476555,270,3592.0738746638153,0.0,0.0,52555.1055855414,39859.937094535664,12695.168491005737,0,35053.52044262606,7,1.4599696073004513,1899.5622032038473,1247.208910030033,-1,0.0,9.094947017729282e-13,0.0005332500440999866,0.02488712500780821,0.00022799998987466097,0.025648375041782856,18123.49672050727,16930.023722118793,8,40,36,76,75,87279.52636362816,92025.71172393706,8142.940749259919,3711.5348163066888,1460.563351776086,4746.185360308903,4838.28482005762,-1,0.0,0.0
no_tree,253,2025-09-11,9,2,no_season,42,70931.86485417545,70931.86485417545,476.87887373122487,140,15451.371995897427,0.0,0.0,45912.245860963994,43754.51746210498,2157.7283988590148,0,34593.19456221422,7,1.4379785911321064,1247.208910030033,1888.6895014792265,-1,0.0,9.094947017729282e-13,0.00047141697723418474,0.024410333950072527,0.00023091607727110386,0.025112667004577816,18527.240255445075,16065.954306769147,8,26,32,58,54,85227.61829834055,89805.74960967233,8164.109910823774,4688.119614216163,1441.383106758926,4743.416490252569,4838.28482005762,-1,0.0,0.0
no_tree,254,2025-09-12,9,2,no_season,42,32253.671344783816,32253.671344783816,435.7092005431272,180,19604.091956377775,0.0,0.0,19616.467192959437,17948.015749998893,1668.451442960542,0,24389.452679684313,5,1.0142697460130599,1888.6895014792265,2139.0134357210313,-1,0.0,7.958078640513122e-13,0.00047979108057916164,0.024678625050000846,0.00021120801102370024,0.02536962414160371,12961.542534316743,11427.910145367568,6,47,28,75,47,52733.45844108333,57548.40880493112,7179.619194376357,3112.8372117748067,1016.2271949868464,4814.950363847789,3459.7570829768747,-1,0.0,0.0
no_tree,255,2025-09-13,9,2,no_season,42,33032.66192957859,33032.66192957859,352.1571495000424,160,24164.545317912245,0.0,0.0,19705.903214983136,18207.61332301851,1498.2898919646248,0,24486.296812153283,5,1.0190142575034995,2139.0134357210313,2063.328350072524,-1,0.0,4.547473508864641e-13,0.00048341695219278336,0.023624832974746823,0.00021395902149379253,0.0243222089484334,12849.734544993173,11636.562267160114,6,44,29,73,53,53896.438424639986,58636.99078009922,7342.604079418143,1892.1024700657335,1020.2623671730536,4743.416490252569,3308.022518534957,-1,0.0,0.0
no_tree,256,2025-09-14,9,2,no_season,42,64014.68087421909,64014.68087421909,534.1354682007719,210,2976.9563322955346,0.0,0.0,42027.66572941614,40004.54235032486,2023.1233790912893,0,35407.83758872762,7,1.474140483941296,2063.328350072524,1671.7504830629105,-1,0.0,9.094947017729282e-13,0.0004706250037997961,0.024551292066462338,0.00022212497424334288,0.025244042044505477,18440.186424425978,16967.65116430164,8,42,32,74,77,90889.06486641432,95864.41323532123,7718.457650126371,4110.960958218893,1475.326566196984,4975.348368906916,4838.28482005762,-1,0.0,0.0
no_tree,257,2025-09-15,9,2,no_season,42,70971.15616857438,70971.15616857438,296.5715913576987,200,14538.43509004003,0.0,0.0,45070.13441025189,43688.52658858795,1381.6078216639453,0,36057.72796724525,9,1.5008401880653897,1671.7504830629105,1435.9104887347212,-1,0.0,9.094947017729282e-13,0.0004772499669343233,0.023507708916440606,0.0002179170260205865,0.024202875909395516,18859.99500190199,17197.732965343264,10,28,33,61,57,97001.7642137119,101923.84633660587,8117.375224235731,4743.416490252569,1502.4053319685522,4922.082122893982,4838.28482005762,-1,0.0,0.0
no_tree,258,2025-09-16,9,2,no_season,42,67169.93023388836,67169.93023388836,319.50107257819343,160,6013.623666422298,0.0,0.0,43201.06175090076,41886.651711251965,1314.41003964879,0,35655.39995398526,7,1.4833466264441104,1435.9104887347212,1543.49726335787,-1,0.0,9.094947017729282e-13,0.00045650009997189045,0.023565125069580972,0.0002115829847753048,0.024233208154328167,18819.718805348086,16835.681148637173,8,35,34,69,73,86778.68871668793,91599.25802730834,7707.723475730617,4059.541114148179,1485.6416647493857,4820.569310620411,4838.28482005762,-1,0.0,0.0
no_tree,259,2025-09-17,9,2,no_season,42,69208.79258391466,69208.79258391466,467.8576180424452,250,7657.00749278233,0.0,0.0,44308.800135179525,42412.287909677194,1896.512225502328,0,37341.50031786933,5,1.5535325451955047,1543.49726335787,1637.8101684194776,-1,0.0,9.094947017729282e-13,0.00044620793778449297,0.023634500103071332,0.0002158329589292407,0.024296540999785066,19700.512313522057,17640.988004347277,6,32,34,66,57,80961.68111899684,85746.22452687615,7473.112670163155,4486.09844327945,1555.8958465778887,4784.543407879301,4838.28482005762,-1,0.0,0.0
no_tree,260,2025-09-18,9,2,no_season,42,69203.84583977723,69203.84583977723,353.2116656103317,170,8916.851425980738,0.0,0.0,44556.28248562532,42797.927435195146,1758.3550504301752,0,36193.845147214,9,1.5064715314812553,1637.8101684194776,1416.7194807383962,-1,0.0,6.821210263296962e-13,0.00045545899774879217,0.0238043749704957,0.0002150830114260316,0.024474916979670525,18939.000054977085,17254.845092236923,10,27,33,60,57,93418.00504437975,98238.51679880892,7810.825820615897,4702.268585401597,1508.076881133917,4820.511754429172,4838.28482005762,-1,0.0,0.0
no_tree,261,2025-09-19,9,2,no_season,42,33355.5394780998,33355.5394780998,517.7412234263074,250,15926.799186824352,0.0,0.0,20115.820898752816,18256.23055367564,1859.5903450771739,0,25843.186237563106,5,1.0742419922101718,1416.7194807383962,1902.354072600529,-1,0.0,3.979039320256561e-13,0.00044554099440574646,0.02365250000730157,0.00023020897060632706,0.024328249972313643,13844.157717799102,11999.028519764008,6,45,30,75,50,58554.04963965494,63507.95061506706,7155.6962024976,2971.622011771754,1076.7994265651296,4953.900975412115,3130.6548835666954,-1,0.0,0.0
no_tree,262,2025-09-20,9,2,no_season,42,33026.43303021654,33026.43303021654,551.8951194387141,220,16779.280622164704,0.0,0.0,20566.205867231627,18289.61788062966,2276.587986601966,0,25836.775827034253,5,1.0754931069679459,1902.354072600529,1695.8513468701071,-1,0.0,7.958078640513122e-13,0.0004362500039860606,0.023705083993263543,0.00022175000049173832,0.02436308399774134,13495.194810595734,12341.581016438517,6,45,32,77,52,49874.73379679753,54603.26182465997,7112.637426863541,2278.5481492928334,1076.532326126427,4743.416490252569,3130.6548835666954,-1,0.0,0.0
no_tree,263,2025-09-21,9,2,no_season,42,71029.6361098754,71029.6361098754,388.56233725497503,180,11523.598756867375,0.0,0.0,46046.11233228269,44214.724258902424,1831.3880733802584,0,33513.48649257237,9,1.3948041029980223,1695.8513468701071,1538.8782786697286,-1,0.0,6.821210263296962e-13,0.0004395419964566827,0.02328033302910626,0.00022062496282160282,0.023940499988384545,17560.299349751007,15953.187142821349,10,27,29,56,55,88943.63724371398,93713.29212019144,8009.919060141072,4558.99628954162,1396.395270523848,4769.654876477464,4838.28482005762,-1,0.0,0.0
no_tree,264,2025-09-22,9,2,no_season,42,68659.71591479366,68659.71591479366,915.3004584694056,290,6907.7395291905705,0.0,0.0,45697.8455686214,42152.48578727695,3545.359781344452,0,36613.890544892485,7,1.5231871567359587,1538.8782786697286,1665.2635388550375,-1,0.0,9.094947017729282e-13,0.00043058290611952543,0.02250116690993309,0.0002952499780803919,0.023226999794133008,19333.57375281582,17280.316792076665,8,29,34,63,57,81239.69198131857,86053.4484133818,7369.974320103298,4602.96040537279,1525.5787727038537,4813.75643206324,4838.28482005762,-1,0.0,0.0
no_tree,265,2025-09-23,9,2,no_season,42,71200.04785287322,71200.04785287322,455.77546614262866,180,7693.559774417621,0.0,0.0,46107.23159893664,44066.313242159755,2040.9183567768844,0,37441.643622641604,9,1.5581806522590274,1665.2635388550375,1540.1252359309956,-1,0.0,9.094947017729282e-13,0.00043887493666261435,0.024647291051223874,0.0002176659181714058,0.025303831906057894,19643.645791953255,17797.99783068835,10,30,36,66,59,89354.36217373198,94317.47133412858,7567.741380252291,4423.266339489397,1560.0684842767337,4963.109160396612,4838.28482005762,-1,0.0,0.0
no_tree,266,2025-09-24,9,2,no_season,42,71429.89377658395,71429.89377658395,286.99879143848193,200,8557.52074055711,0.0,0.0,45437.763556418824,44240.38960880987,1197.373947608956,0,37614.10129577071,7,1.5648262600659018,1540.1252359309956,1656.7440554368,-1,0.0,9.094947017729282e-13,0.0004570829914882779,0.024770834017544985,0.0002252089325338602,0.025453125941567123,19855.124011618012,17758.97728415269,8,27,33,60,53,91141.43181937055,95947.30180125282,7092.773416443947,4743.416490252569,1567.2542206571125,4805.8699818822615,4810.547052754889,-1,0.0,0.0
no_tree,267,2025-09-25,9,2,no_season,42,69766.37521354674,69766.37521354674,797.2634129845493,300,8144.787428183363,0.0,0.0,46850.15471629608,43376.50816981534,3473.64654648074,0,36172.27964769254,9,1.5046949642727492,1656.7440554368,1836.591430631996,-1,0.0,9.094947017729282e-13,0.00045716704335063696,0.024554166942834854,0.0002429999876767397,0.02525433397386223,19127.840973020237,17044.438674672307,10,28,32,60,59,92035.51578809354,96736.27912665265,7755.332517444665,4652.6156292175665,1507.178318653856,4743.416490252569,4838.28482005762,-1,0.0,0.0
no_tree,268,2025-09-26,9,2,no_season,42,34046.8297213249,34046.8297213249,191.75261245702683,110,15059.24834678364,0.0,0.0,19514.436588705757,18845.386158319056,669.0504303867078,0,25804.823974830062,5,1.0734320005229891,1836.591430631996,1963.7094732439882,-1,0.0,9.094947017729282e-13,0.00045783305540680885,0.02405716700013727,0.00021016702521592379,0.024725167080760002,13644.957230914177,12159.866743915885,6,42,31,73,44,51496.196862908546,56324.41659189563,7195.81519155382,2692.0095733281164,1075.2009989512526,4828.219728987084,3139.7502,-1,0.0,0.0
no_tree,269,2025-09-27,9,2,no_season,42,33517.38401619763,33517.38401619763,898.353869094,330,15333.848921016794,0.0,0.0,22053.804016280745,18622.53463816815,3431.269378112598,0,26156.613662518623,5,1.0885593438914274,1963.7094732439882,1867.498962578947,-1,0.0,5.684341886080801e-13,0.0004887499380856752,0.02379466698039323,0.0002192499814555049,0.02450266689993441,13718.60018839673,12438.013474121892,6,39,31,70,50,48388.69839345806,53361.636327783184,7054.272335772168,2354.526563693798,1089.8589026049424,4972.937934325127,3284.0,-1,0.0,0.0
no_tree,270,2025-09-28,9,2,no_season,42,71666.76341482159,71666.76341482159,636.0944281983847,250,7040.564762191298,0.0,0.0,47228.86338077544,44634.469892892834,2594.3934878826085,0,38686.49282226859,9,1.610277241659931,1867.498962578947,1605.6687783963398,-1,0.0,9.094947017729282e-13,0.00045437493827193975,0.02364408306311816,0.00021320802625268698,0.024311666027642787,20230.578368215298,18455.914454053294,10,36,38,74,63,86359.88960454505,91308.86070393541,7129.210339254774,4074.5707734331763,1611.937200927858,4948.9710993903545,4838.28482005762,-1,0.0,0.0
no_tree,271,2025-09-29,9,2,no_season,42,73739.5954383402,73739.5954383402,575.1242376183154,230,9693.519976210668,0.0,0.0,48477.480720025094,45921.74071788255,2555.740002142541,0,36516.75733783442,9,1.5195558472574473,1605.6687783963398,1544.9581363415873,-1,0.0,5.684341886080801e-13,0.000437250011600554,0.02315416606143117,0.00021895801182836294,0.023810374084860086,19189.03271879113,17327.724619043285,10,28,36,64,57,92591.30303316066,97298.86702084684,6908.875499466843,4724.44282429156,1521.5315557431006,4743.416490252569,4838.28482005762,-1,0.0,0.0
no_tree,272,2025-09-30,9,2,no_season,42,72764.26559651949,72764.26559651949,684.0503324724879,310,5916.955755697849,0.0,0.0,48497.45628850367,45620.98787936411,2876.4684091395607,0,38262.505591816865,9,1.5918519698290285,1544.9581363415873,1640.4598247252943,-1,0.0,9.094947017729282e-13,0.0004476249450817704,0.02366629207972437,0.00021925009787082672,0.02433316712267697,20185.845499222163,18076.660092594695,10,29,35,64,62,94630.05834163072,99201.06883982652,7207.286858321988,4723.967570621765,1594.2710663257026,4743.416490252569,4838.28482005762,-1,0.0,0.0
no_tree,273,2025-10-01,10,2,no_season,42,75558.5498471047,75558.5498471047,52.71232131805925,40,23481.4187735422,0.0,0.0,47438.412776729914,47273.83991642792,164.5728603020044,0,31083.668489565425,9,1.291529930327182,1640.4598247252943,2473.9543593255016,-1,0.0,7.958078640513122e-13,0.00046562496572732925,0.023650499992072582,0.00021737499628216028,0.024333499954082072,16775.995175556334,14307.673314009093,10,24,29,53,51,90027.73055769835,94831.48441424151,7043.760631861375,4741.597769411956,1295.1528537318927,4803.753856543154,4673.891973632177,-1,0.0,0.0
no_tree,274,2025-10-02,10,2,no_season,42,62840.81241355237,62840.81241355237,168.03805635268236,90,9338.809021415416,0.0,0.0,40212.279779924145,39566.12653463114,646.1532452929976,0,35607.91388100531,5,1.4814636305075908,2473.9543593255016,2539.2023944798566,-1,0.0,7.958078640513122e-13,0.0005018339725211263,0.024773917044512928,0.0002156250411644578,0.02549137605819851,18773.586106414135,16834.327774591173,6,38,32,70,65,82093.95757208554,87002.10115763759,7209.993065183906,4579.586184510475,1483.663078375221,4908.143585552048,4838.28482005762,-1,0.0,0.0
no_tree,275,2025-10-03,10,2,no_season,42,32281.908510786518,32281.908510786518,70.97110490127608,70,22800.979332423874,0.0,0.0,17867.136956273338,17713.76861402455,153.3683422487899,0,24311.363981309347,5,1.0105698823289646,2539.2023944798566,2995.0352903724006,-1,0.0,7.958078640513122e-13,0.0004552910104393959,0.023511625011451542,0.00020754197612404823,0.024174457998014987,13023.055282286632,11288.308699022713,6,45,31,76,51,62060.632364930396,66872.33890862229,7514.153390252569,3464.6868103633287,1012.9734992212228,4811.706543691889,2932.773944551734,-1,0.0,0.0
no_tree,276,2025-10-04,10,2,no_season,42,33307.11490281732,33307.11490281732,207.58585559320005,80,18945.16299730744,0.0,0.0,19510.961222033067,18730.104516438332,780.8567055947337,0,24167.88704151488,5,1.0051569620265441,2995.0352903724006,3196.876315400455,-1,0.0,6.821210263296962e-13,0.0004504589596763253,0.023490916937589645,0.00020666595082730055,0.02414804184809327,12820.72118464231,11347.165856872569,6,45,30,75,54,67006.42352917786,71781.23960011959,7281.153209940425,3478.5054261852174,1006.9952933964533,4774.81607094173,2846.049894151541,-1,0.0,0.0
no_tree,277,2025-10-05,10,2,no_season,42,70027.16051451577,70027.16051451577,94.46422945783797,50,14236.189663803427,0.0,0.0,44089.05520881472,43862.89831806827,226.15689074645167,0,32845.75091410216,7,1.3679481573621115,3196.876315400455,2616.822640999764,-1,0.0,7.958078640513122e-13,0.0004259999841451645,0.023005374940112233,0.00021795800421386957,0.023649332928471267,16997.612463802838,15848.138450299317,8,24,31,55,51,92357.85110822394,97121.02351452962,7192.043557552963,4739.787563614892,1368.5729547542567,4763.172406305675,4838.28482005762,-1,0.0,0.0
no_tree,278,2025-10-06,10,2,no_season,42,68686.82489484205,68686.82489484205,74.98708741612995,70,9266.35279760775,0.0,0.0,43325.60095743601,43077.999831993264,247.60112544274727,0,35184.93918946073,9,1.4642037197662037,2616.822640999764,2527.20946689854,-1,0.0,9.094947017729282e-13,0.00045074999798089266,0.023113375063985586,0.00021008402109146118,0.02377420908305794,18473.644562055586,16711.29462740515,10,29,34,63,63,88918.3244777667,93871.57301039893,6969.600537452578,4741.014637654211,1466.039132894197,4953.248532632233,4590.035255933151,-1,0.0,0.0
no_tree,279,2025-10-07,10,2,no_season,42,71103.77319940686,71103.77319940686,21.786948606628755,60,11310.113864896615,0.0,0.0,44493.94318872792,44422.60754987267,71.335638855251,0,36033.00153255387,9,1.4989704397796957,2527.20946689854,2674.823578605904,-1,0.0,7.958078640513122e-13,0.0004394159186631441,0.024629332940094173,0.00021241605281829834,0.025281164911575615,19038.442407835373,16994.5591247185,10,29,34,63,58,93454.0053109336,98341.56178856632,6970.893871606194,4743.416490252569,1501.3750638564113,4887.556477632718,4838.28482005762,-1,0.0,0.0
no_tree,280,2025-10-08,10,2,no_season,42,67556.102990382,67556.102990382,128.14272429601505,100,10550.344053354702,0.0,0.0,41845.56562085176,41150.940291535386,694.6253293163679,0,34955.19798787811,7,1.4570487615538332,2674.823578605904,1488.8385330357341,-1,0.0,9.094947017729282e-13,0.0004451250424608588,0.024357166956178844,0.00028604199178516865,0.02508833399042487,17805.301991267377,17149.895996610736,8,26,31,57,53,97274.15587249001,102176.80203261765,7179.032327001818,4727.4787048069975,1456.4665828282548,4902.64616012764,4838.28482005762,-1,0.0,0.0
no_tree,281,2025-10-09,10,2,no_season,42,66314.78831705957,66314.78831705957,229.0012610476199,140,8849.74471352886,0.0,0.0,41195.132918451636,40015.82269067262,1179.3102277790158,0,37917.84513772092,9,1.5778557587657203,1488.8385330357341,1427.1401403017571,-1,0.0,8.206768598029157e-13,0.00045599997974932194,0.023573167040012777,0.00021758303046226501,0.024246750050224364,19925.954159482964,17991.890978237952,10,34,34,68,66,98087.35283545553,102901.3606409797,7298.364018021996,4411.377335934891,1579.910214071705,4814.00780552418,4838.28482005762,-1,0.0,0.0
no_tree,282,2025-10-10,10,2,no_season,42,32011.353168467493,32011.353168467493,275.2337609814722,200,20960.348016303113,0.0,0.0,17647.936030056102,16633.368836677175,1014.5671933789288,0,27341.75606828873,5,1.1364671135168334,1427.1401403017571,1971.4828037617112,-1,0.0,6.821210263296962e-13,0.00046145799569785595,0.022650750004686415,0.000212749931961298,0.02332495793234557,14662.192032383957,12679.564035904772,6,44,32,76,54,54608.7362631355,59367.58875908085,7384.30002678271,2555.7958551213596,1139.2398361786973,4758.852495945352,2916.1252,-1,0.0,0.0
no_tree,283,2025-10-11,10,2,no_season,42,32385.22058146813,32385.22058146813,41.64362054181123,80,17030.09718650444,0.0,0.0,17240.22435337743,17010.423946393097,229.80040698433538,0,27443.799416437505,5,1.1422448543264296,1971.4828037617112,1817.3120593637946,-1,0.0,9.094947017729282e-13,0.00047874997835606337,0.0230840410804376,0.00022799998987466097,0.023790791048668325,14367.126424304837,13076.67299213267,6,42,33,75,49,50263.879661115105,55187.65473655763,7359.282990252569,2561.237168482765,1143.4916423515629,4923.775075442526,2846.049894151541,-1,0.0,0.0
no_tree,284,2025-10-12,10,2,no_season,42,69541.86610917092,69541.86610917092,156.96399865786924,150,9747.957168063353,0.0,0.0,43218.30860477497,42491.492299159974,726.8163056149924,0,35515.26290544725,9,1.4787031659888659,1817.3120593637946,1383.4032538564534,-1,0.0,4.547473508864641e-13,0.00048220797907561064,0.02255529200192541,0.00020820798818022013,0.02324570796918124,18475.589930939677,17039.67297450757,10,29,33,62,56,97535.8972089708,102486.05038808493,7038.053687145772,4607.192134616509,1479.802621060302,4950.153179114134,4838.28482005762,-1,0.0,0.0
no_tree,285,2025-10-13,10,2,no_season,42,69019.65355367932,69019.65355367932,38.87726254050392,80,9808.917811019197,0.0,0.0,42086.84483898533,41958.22973700334,128.61510198199107,0,38354.02827655747,9,1.595422485921437,1383.4032538564534,1587.270452225153,-1,0.0,9.094947017729282e-13,0.0004558749496936798,0.025107124936766922,0.0002274170983582735,0.025790416984818876,20288.122990879056,18065.90528567841,10,31,35,66,63,90134.85839813529,94983.2419275103,7025.370661477459,4596.17945663803,1598.0845115232278,4848.383529375016,4837.57,-1,0.0,0.0
no_tree,286,2025-10-14,10,2,no_season,42,67069.68584269437,67069.68584269437,419.2308474228296,220,4775.853876816578,0.0,0.0,42621.41983761865,40911.271770987834,1710.1480666308103,0,39319.090808683395,9,1.6363106752059242,1587.270452225153,1456.897452911879,-1,0.0,9.094947017729282e-13,0.00045779196079820395,0.02530687500257045,0.00024454097729176283,0.026009207940660417,20629.16216932534,18689.928639358055,10,35,35,70,66,97238.94166287476,102062.86688223222,7185.57725227988,4445.128163984432,1638.2954503618084,4823.925219357459,4731.013104619933,-1,0.0,0.0
no_tree,287,2025-10-15,10,2,no_season,42,69553.15437224889,69553.15437224889,170.1161089771266,110,5648.485957236765,0.0,0.0,43428.697750427,42642.58199633345,786.1157540935548,0,37647.697019615895,9,1.566099306542806,1456.897452911879,1630.4411209065674,-1,0.0,5.684341886080801e-13,0.00048208306543529034,0.024820500053465366,0.0002264160430058837,0.02552899916190654,19901.22894680257,17746.468072813324,10,32,34,66,63,97363.14985014015,102062.94301788212,7204.997204465967,4633.858846917042,1568.6540424839957,4743.416490252569,4701.253795225106,-1,0.0,0.0
no_tree,288,2025-10-16,10,2,no_season,42,70474.72182785036,70474.72182785036,705.3100882551882,240,6142.373837621042,0.0,0.0,45726.24342675398,43069.37532128693,2656.8681054670565,0,39846.0454178487,9,1.658007822003857,1630.4411209065674,1604.4299126531066,-1,0.0,9.094947017729282e-13,0.0004587910370901227,0.02444366691634059,0.00023950007744133472,0.025141958030872047,20958.61527316659,18887.430144682105,10,32,38,70,62,101662.99962448965,106530.11732757241,7284.015728273969,4525.324190779432,1660.2518924103624,4867.117703082761,4682.000096808173,-1,0.0,0.0
no_tree,289,2025-10-17,10,2,no_season,42,33670.67786525316,33670.67786525316,77.69769148882486,90,16015.046364084323,0.0,0.0,18032.45892895104,17787.27765247585,245.18127647518753,0,27747.050755029784,5,1.1539345189216752,1604.4299126531066,1873.5617135023729,-1,0.0,8.526512829121202e-13,0.00047554203774780035,0.02471358305774629,0.00022962491493672132,0.025418750010430813,14738.09031551039,13008.960439519396,6,36,34,70,50,51484.2515043754,56199.65076698914,7372.020886133559,2782.8743632121364,1156.1271147929078,4743.416490252569,2916.6139,-1,0.0,0.0
no_tree,290,2025-10-18,10,2,no_season,42,32445.559820305243,32445.559820305243,303.3178460272611,140,14954.149802879823,0.0,0.0,18275.980075958025,17177.89699817994,1098.0830777780852,0,26955.677240014327,5,1.1209390030644066,1873.5617135023729,2173.3920209722196,-1,0.0,9.094947017729282e-13,0.00047400000039488077,0.024350292049348354,0.00022829195950180292,0.025052584009245038,14336.90591840017,12618.771321614156,6,43,33,76,54,46611.9575863433,51522.58448212502,7337.173790252569,2207.2698067975325,1123.1532183339305,4910.626895781725,2791.1005,-1,0.0,0.0
no_tree,291,2025-10-19,10,2,no_season,42,69898.49578454936,69898.49578454936,496.7173161248651,270,5022.862953662247,0.0,0.0,44801.60450186649,42758.256667726826,2043.3478341396533,0,40340.647731456535,9,1.6799285582975771,2173.3920209722196,1535.9441447201507,-1,0.0,9.094947017729282e-13,0.0004735419061034918,0.025092249969020486,0.00023504195269197226,0.02580083382781595,20913.637672567595,19427.010058888936,10,34,40,74,69,106823.70447706507,111735.4046026412,7025.079994803822,4593.053085227271,1680.860322144022,4911.700125576126,4838.28482005762,-1,0.0,0.0
no_tree,292,2025-10-20,10,2,no_season,42,72738.30195595724,72738.30195595724,401.08711093999113,230,6531.950320872045,0.0,0.0,46699.02975113301,44894.642233340026,1804.3875177929885,0,40103.73746647322,9,1.6685502357253645,1535.9441447201507,1591.955130869181,-1,0.0,9.094947017729282e-13,0.0004722920712083578,0.023812416940927505,0.0002299170009791851,0.02451462601311505,21135.196922915864,18968.54054355735,10,31,38,69,66,96965.74454288452,101798.05806742914,7209.751787070563,4449.748416541393,1670.9890611030505,4832.313524544624,4824.51,-1,0.0,0.0
no_tree,293,2025-10-21,10,2,no_season,42,73522.61184204821,73522.61184204821,364.5205295269076,170,5318.271850991205,0.0,0.0,47042.265865916605,45389.955839385904,1652.310026530694,0,37983.76076482376,9,1.5802278643282286,1591.955130869181,1699.2376918910484,-1,0.0,9.094947017729282e-13,0.0004586250288411975,0.0235297919716686,0.00021333398763090372,0.024201750988140702,20045.019967703836,17938.74079711992,10,30,38,68,65,100787.04386735678,105581.34057747209,7211.293615311038,4652.337904951108,1582.6566985343234,4794.2967101153035,4838.28482005762,-1,0.0,0.0
no_tree,294,2025-10-22,10,2,no_season,42,74116.91782040452,74116.91782040452,389.34766759500604,200,7031.027087812634,0.0,0.0,47349.88317659191,45436.1091620071,1913.774014584808,0,39314.11923793156,9,1.63614472586975,1699.2376918910484,1550.2086671263332,-1,0.0,7.958078640513122e-13,0.0004420410841703415,0.02376045798882842,0.0002246249932795763,0.02442712406627834,20617.23046905922,18696.888768872337,10,29,38,67,60,96990.94488379013,101739.1826338489,7367.395157841669,4715.567166731439,1638.0883015804816,4748.237750058775,4835.965139456425,-1,0.0,0.0
no_tree,295,2025-10-23,10,2,no_season,42,73368.20287784643,73368.20287784643,323.0419463079254,180,8344.031832362289,0.0,0.0,46761.52053662967,45318.41125982428,1443.1092768053977,0,37942.99045867889,9,1.578831032253327,1550.2086671263332,1520.8844843823963,-1,0.0,7.958078640513122e-13,0.0004627919988706708,0.02367833291646093,0.00022441695909947157,0.024365541874431074,19955.35320856881,17987.637250110078,10,29,35,64,57,98346.56710164153,103088.66386511007,7357.126172211078,4579.383566904806,1580.9579357782868,4743.416490252569,4837.57969444055,-1,0.0,0.0
no_tree,296,2025-10-24,10,2,no_season,42,33230.44163856125,33230.44163856125,465.0378169014481,250,13403.075909801666,0.0,0.0,19490.326359784674,17430.154744277756,2060.1716155069244,0,29165.86496116591,5,1.2128193065238808,1520.8844843823963,1858.6599465886288,-1,0.0,6.252776074688882e-13,0.00045220903120934963,0.023828792036511004,0.00022045907098799944,0.024501460138708353,15519.108895080135,13646.756066085774,6,38,36,74,53,54923.182492354295,59850.74167181053,7494.4304314087985,2594.7745620334326,1215.2443733819132,4927.559179456233,2846.049894151541,-1,0.0,0.0
no_tree,297,2025-10-25,10,2,no_season,42,33384.954815250894,33384.954815250894,253.8481614424963,120,13023.306361012645,0.0,0.0,18539.972482393492,17591.968635437144,948.0038469563485,0,28275.067048665915,5,1.1770902434453345,1858.6599465886288,1587.1861420719079,-1,0.0,9.094947017729282e-13,0.00047387497033923864,0.023440249962732196,0.00022733304649591446,0.02414145797956735,14746.06546550667,13529.001583159248,6,39,35,74,57,53381.54120922669,58070.18738820832,7526.191177059331,2315.345848532198,1178.127793694413,4743.416490252569,2846.049894151541,-1,0.0,0.0
no_tree,298,2025-10-26,10,2,no_season,42,72865.66545422422,72865.66545422422,169.98310264309697,160,6334.998449127367,0.0,0.0,45709.58503199488,45014.865930764296,694.7191012305836,0,38134.901202163535,9,1.5864241923396518,1587.1861420719079,1736.6313011706143,-1,0.0,9.094947017729282e-13,0.00045012496411800385,0.02331208297982812,0.00021529104560613632,0.02397749898955226,20145.619646618405,17989.281555545123,10,29,39,68,66,102812.32356564385,107508.38072649454,7487.901155285017,4543.771814541931,1588.9542167568138,4743.416490252569,4838.28482005762,-1,0.0,0.0
no_tree,299,2025-10-27,10,2,no_season,42,72886.78797152145,72886.78797152145,295.86134809498105,220,7756.361940399341,0.0,0.0,46121.59120899797,44893.35459309183,1228.2366159061341,0,39280.476967740055,9,1.6348434329197832,1736.6313011706143,1542.674664807117,-1,0.0,7.958078640513122e-13,0.00044270907528698444,0.02377724996767938,0.0002186250640079379,0.024438584106974304,20577.091340145238,18703.38562759482,10,31,37,68,62,106262.13248226795,111090.10004782789,7569.554725143958,4721.334634700234,1636.6865403225024,4827.96756555994,4838.28482005762,-1,0.0,0.0
no_tree,300,2025-10-28,10,2,no_season,42,72029.72361953961,72029.72361953961,211.4180765822823,110,4258.637718638846,0.0,0.0,45650.390498198234,44555.1393326197,1095.2511655785352,0,40402.74418120358,9,1.6813699812912903,1542.674664807117,1426.135198287084,-1,0.0,9.094947017729282e-13,0.00043595803435891867,0.023595707956701517,0.0002479159738868475,0.024279581964947283,21206.413229343318,19196.330951860262,10,35,38,73,74,105999.8211863004,110789.56716422037,7819.657440956586,4667.041828745236,1683.4476742168158,4789.745977919967,4782.038799984706,-1,0.0,0.0
no_tree,301,2025-10-29,10,2,no_season,42,73810.81314543057,73810.81314543057,726.2103641846221,300,3116.3409229730964,0.0,0.0,48869.36846719466,45657.67952303466,3211.6889441600006,0,40795.21132542633,9,1.6975295105176458,1426.135198287084,1387.3908997030853,-1,0.0,9.094947017729282e-13,0.0004468749975785613,0.02246862498577684,0.00021487497724592686,0.02313037496060133,21451.818556034217,19343.392769392118,10,33,42,75,71,106441.19392097901,111335.5446698738,7740.981072433361,4711.793713650887,1699.8004718927639,4894.350748894774,4647.808114551429,-1,0.0,0.0
no_tree,302,2025-10-30,10,2,no_season,42,76292.08314386796,76292.08314386796,423.7085779481691,230,9637.902504403202,0.0,0.0,48911.02542760258,47087.9428915952,1823.0825360073718,0,38224.235908431714,9,1.5898579558032886,1387.3908997030853,1666.0467948410328,-1,0.0,9.094947017729282e-13,0.0004231669008731842,0.022251666989177465,0.00021712505258619785,0.022891958942636847,20257.15373792232,17967.0821705094,10,27,36,63,60,100231.43280378595,105054.59624640603,7492.134459010245,4731.436888537216,1592.676496184655,4823.163442620081,4822.783635038963,-1,0.0,0.0
no_tree,303,2025-10-31,10,2,no_season,42,34620.39187763214,34620.39187763214,155.23649788533072,160,9121.282765872133,0.0,0.0,19058.11336646435,18484.89759397946,573.2157724848914,0,29445.57329982253,5,1.2247585686650324,1666.0467948410328,1866.6113048620348,-1,0.0,5.115907697472721e-13,0.00043233297765254974,0.02261416707187891,0.00020229106303304434,0.023248791112564504,15597.813421400602,13847.75987842193,6,39,36,75,52,51596.1874789392,56554.3428935224,7469.77368510029,2533.7007428134702,1226.8988874926056,4958.155414583201,2846.049894151541,-1,0.0,0.0
no_tree,304,2025-11-01,11,2,no_season,42,31841.944827994354,31841.944827994354,817.9062043622959,360,8660.822765593064,0.0,0.0,19304.36291417008,16934.52548378914,2369.8374303809387,0,28898.605892210187,5,1.2025845963819142,1866.6113048620348,1800.5302923886502,-1,0.0,7.958078640513122e-13,0.0004117080243304372,0.021947833010926843,0.00022258399985730648,0.022582125035114586,15176.797862820224,13721.808029389966,6,43,36,79,56,46725.99037099553,51568.91927702948,7446.854749115231,2276.839915321233,1204.1085788420912,4842.92890603395,2791.1702,-1,0.0,0.0
no_tree,305,2025-11-02,11,2,no_season,42,72554.6821257285,72554.6821257285,1155.5145228558195,440,3234.6798650782416,0.0,0.0,49831.6990140373,44554.87030311748,5276.828710919815,0,41862.86513168931,9,1.7430195669684159,1800.5302923886502,1275.6269342883702,-1,0.0,9.094947017729282e-13,0.000464749988168478,0.02208587503992021,0.00020254193805158138,0.02275316696614027,21770.998990931024,20091.866140758284,10,32,42,74,65,111154.19106859335,115894.25369529796,7416.516962736294,4743.416490252569,1744.2860471537215,4743.416490252569,4821.618550009576,-1,0.0,0.0
no_tree,306,2025-11-03,11,2,no_season,42,73803.43382031939,73803.43382031939,607.7605025470568,280,2414.540846663207,0.0,0.0,47719.71765234407,45546.16768167504,2173.54997066903,0,40077.68915191904,9,1.6667495276814595,1275.6269342883702,1658.5287692599845,-1,0.0,6.821210263296962e-13,0.00041216693352907896,0.02211020898539573,0.00021062500309199095,0.0227330009220168,21284.70617239448,18792.982979524568,10,34,41,75,78,100397.17313697844,105294.73842965042,7595.030851668857,4741.356005548406,1669.9037146632936,4897.565292671975,4722.811643210939,-1,0.0,0.0
no_tree,307,2025-11-04,11,2,no_season,42,74236.17763952885,74236.17763952885,543.2801342826103,340,5424.61170751743,0.0,0.0,48056.45873866341,45705.63948158794,2350.819257075469,0,40321.36688056888,9,1.6784912974217832,1658.5287692599845,1310.6434281835855,-1,0.0,9.094947017729282e-13,0.0004285830073058605,0.025446667103096843,0.00022979197092354298,0.026105042081326246,21048.070456764784,19273.29642380409,10,30,40,70,59,105740.90147285051,110394.55966473445,7450.404099722446,4650.4122594669725,1680.0569533570365,4743.416490252569,4838.28482005762,-1,0.0,0.0
no_tree,308,2025-11-05,11,2,no_season,42,74147.63634492143,74147.63634492143,801.2373879537256,360,2770.8336035515003,0.0,0.0,49130.41586355594,45884.81443796244,3245.6014255935015,0,40830.78351902828,9,1.698153791128042,1310.6434281835855,1662.162090162769,-1,0.0,9.094947017729282e-13,0.0004633750068023801,0.024220958002842963,0.0002150830114260316,0.024899416021071374,21665.401790842632,19165.38172818565,10,32,41,73,76,104276.23414247496,109268.56344839925,7874.071373819264,4716.780966243854,1701.2826466261783,4992.32930592429,4796.303194460135,-1,0.0,0.0
no_tree,309,2025-11-06,11,2,no_season,42,73756.85339125384,73756.85339125384,1841.8735918690056,480,2351.468855872629,0.0,0.0,54497.930517565575,45465.48613882469,9032.44437874089,0,41097.97446523759,9,1.710668888094311,1662.162090162769,1376.3882967047348,-1,0.0,9.094947017729282e-13,0.00045966601464897394,0.024634749977849424,0.00023300002794712782,0.025327416020445526,21487.8240212439,19610.150443993683,10,35,39,74,69,109828.26117729083,114810.98562151488,7793.986210323245,4654.907735169955,1712.4156027182325,4982.724444224052,4838.28482005762,-1,0.0,0.0
no_tree,310,2025-11-07,11,2,no_season,42,34002.89182996671,34002.89182996671,503.58052018711885,300,9254.861170429716,0.0,0.0,19629.62060457838,18060.536938084282,1569.0836664940998,0,31804.089082578164,5,1.3227643698604326,1376.3882967047348,1635.9980873993131,-1,0.0,9.094947017729282e-13,0.000450582941994071,0.024114708066917956,0.00022074999287724495,0.024786041001789272,16868.619239484473,14935.469843093688,6,43,39,82,65,59840.563224444835,64733.31323839568,7406.6073167812165,2807.1053554326977,1325.1703784407566,4892.750013950852,2846.049894151541,-1,0.0,0.0
no_tree,311,2025-11-08,11,2,no_season,42,33335.08841502431,33335.08841502431,408.58139251663636,270,8376.305646103656,0.0,0.0,19039.301262410212,17496.053873876306,1543.2473885339052,0,30099.53464265771,5,1.2524266579115093,1635.9980873993131,1627.9579713952257,-1,0.0,7.958078640513122e-13,0.0004850829718634486,0.024585000006482005,0.00022983294911682606,0.02529991592746228,15837.845852047496,14261.688790610213,6,38,37,75,59,61260.245264430436,65695.70422092603,7480.400361736305,2525.018191147587,1254.1472767774046,4743.416490252569,2845.7353,-1,0.0,0.0
no_tree,312,2025-11-09,11,2,no_season,42,75861.26708981146,75861.26708981146,892.8031059591015,360,3262.750856994609,0.0,0.0,51163.27407254258,46956.33679208777,4206.93728045481,0,41463.765404636564,9,1.7253453684770903,1627.9579713952257,1590.104219110211,-1,0.0,7.958078640513122e-13,0.0004706250037997961,0.024262125021778047,0.00023374997545033693,0.02496650000102818,21804.133780039596,19659.63162459697,10,30,41,71,66,105611.81120165507,110494.63372119098,7808.528214208978,4740.917370757397,1727.6568918598568,4882.822519535909,4802.416639568683,-1,0.0,0.0
no_tree,313,2025-11-10,11,2,no_season,42,77674.0139196167,77674.0139196167,940.1690944595122,480,2624.857280507319,0.0,0.0,52652.040257240966,48047.69455464967,4604.345702591298,0,42906.47656937195,9,1.7855716748311252,1590.104219110211,1462.5744872947869,-1,0.0,7.922551503725117e-13,0.0004599160747602582,0.02463950007222593,0.0002300000051036477,0.025329416152089834,22518.679601470423,20387.796967901533,10,34,42,76,69,110837.47774242758,115643.48064635556,7948.788043400647,4740.601460799904,1787.769857057165,4806.002903927971,4838.28482005762,-1,0.0,0.0
no_tree,314,2025-11-11,11,2,no_season,42,78507.40738043576,78507.40738043576,252.46925574202652,170,4788.94184269017,0.0,0.0,49901.836956376326,48930.634801176326,971.2021552000018,0,42191.5981206169,9,1.7551265765035993,1462.5744872947869,1654.1447034275188,-1,0.0,9.094947017729282e-13,0.0004739580908790231,0.024562333011999726,0.00022508297115564346,0.025261374074034393,22301.75662371892,19889.841496897978,10,30,40,70,64,106803.72820522424,111783.84442097289,7179.953001570761,4741.465688872851,1757.9832550257042,4980.116215748656,4838.28482005762,-1,0.0,0.0
no_tree,315,2025-11-12,11,2,no_season,42,77387.22503421729,77387.22503421729,491.39157620118795,280,4927.007213585126,0.0,0.0,50598.00342735875,48106.328707290006,2491.6747200687473,0,42180.79103793675,9,1.7555898477850922,1654.1447034275188,1429.413238413576,-1,0.0,9.094947017729282e-13,0.0004611249314621091,0.024413333041593432,0.00022045907098799944,0.02509491704404354,22088.20634238506,20092.584695551704,10,30,41,71,62,106550.05526152375,111267.25834566259,7020.7746933886965,4736.938925248292,1757.5329599140316,4743.416490252569,4838.28482005762,-1,0.0,0.0
no_tree,316,2025-11-13,11,2,no_season,42,77174.13318017044,77174.13318017044,663.7622189187325,290,3360.861113237272,0.0,0.0,51251.557994004506,48048.772693687366,3202.7853003171454,0,40969.62302501073,9,1.704866620797288,1429.413238413576,1354.1759799193715,-1,0.0,7.958078640513122e-13,0.00047687499318271875,0.023629375034943223,0.00021683401428163052,0.024323084042407572,21525.392997097988,19444.230027912752,10,30,43,73,65,103684.0131748104,108550.63138409948,6978.9524569468385,4735.903815670219,1707.0676260421142,4866.618209289076,4831.71928764031,-1,0.0,0.0
no_tree,317,2025-11-14,11,2,no_season,42,35043.815811549524,35043.815811549524,361.8575048908908,250,5805.249282613233,0.0,0.0,19970.878633368047,18731.325243274594,1239.5533900934563,0,30895.604455068147,5,1.2847071767668161,1354.1759799193715,1730.5819682151662,-1,0.0,8.526512829121202e-13,0.00043820799328386784,0.02368808293249458,0.00022191600874066353,0.024348206934519112,16448.786594447665,14446.81786062048,6,38,37,75,60,60340.09800127469,65014.24868684736,7297.190625458537,2829.3739390219894,1287.3168522945061,4743.416490252569,2835.56,-1,0.0,0.0
no_tree,318,2025-11-15,11,2,no_season,42,34262.624402037036,34262.624402037036,570.5867189808711,320,5126.39270373183,0.0,0.0,20159.617901732017,18256.013122646225,1903.6047790857915,0,31347.461363758743,5,1.3046741459795952,1730.5819682151662,1575.4320431538106,-1,0.0,8.526512829121202e-13,0.0004585420247167349,0.023555000079795718,0.0002110829809680581,0.02422462508548051,16421.196432189077,14926.264931569665,6,41,38,79,72,58264.41281372556,63130.63972021337,7456.345398310179,2568.4471328134705,1306.1442234899475,4866.226906487808,2921.31,-1,0.0,0.0
no_tree,319,2025-11-16,11,2,no_season,42,80500.82753759499,80500.82753759499,544.0103823357387,270,4329.651655366186,0.0,0.0,52871.031031108214,50332.719954644956,2538.311076463257,0,43324.80134141856,9,1.8026971902631643,1575.4320431538106,1575.8217623567255,-1,0.0,9.094947017729282e-13,0.00044599990360438824,0.02359379199333489,0.0002158329589292407,0.02425562485586852,22802.72161132489,20522.079730093672,10,32,44,76,73,109017.08344684032,113729.84405276332,7027.504698063005,4725.954851571204,1805.2000558924399,4743.416490252569,4838.28482005762,-1,0.0,0.0
no_tree,320,2025-11-17,11,2,no_season,42,81695.5508812686,81695.5508812686,194.63717579129303,150,6928.830878785429,0.0,0.0,52144.149016110765,51281.40374190025,862.745274210519,0,40977.90484705278,9,1.704807140864652,1575.8217623567255,1684.8438781186278,-1,0.0,9.094947017729282e-13,0.0004355410346761346,0.02353620796930045,0.00021562492474913597,0.02418737392872572,21621.75384599696,19356.151001055812,10,30,43,73,67,104058.38660691815,108954.71969869387,6595.147172710007,4743.416490252569,1707.4127019605323,4896.3330917757075,4665.251848387022,-1,0.0,0.0
no_tree,321,2025-11-18,11,2,no_season,42,79872.08189677597,79872.08189677597,581.7690617248729,270,3427.8642385956646,0.0,0.0,52546.36859035914,50125.187143934236,2421.1814464249064,0,41413.20020597601,9,1.7232554729616532,1684.8438781186278,1640.5752922355903,-1,0.0,9.094947017729282e-13,0.00045775005128234625,0.023831084021367133,0.00021441606804728508,0.024503250140696764,21774.317546273927,19638.882659702085,10,31,44,75,78,112522.11745721976,117361.38967875284,7493.554775771316,4743.416490252569,1725.5500085823337,4839.272221533074,4823.731917280369,-1,0.0,0.0
no_tree,322,2025-11-19,11,2,no_season,42,80857.59861062498,80857.59861062498,722.3889955824848,320,4046.268820166317,0.0,0.0,53770.413454460526,50507.830402474196,3262.583051986341,0,44234.240774190155,9,1.8408961514654851,1640.5752922355903,1477.6387123589793,-1,0.0,9.094947017729282e-13,0.0004290420329198241,0.02353925001807511,0.00022091693244874477,0.024189208983443677,23199.82398011565,21034.416794074503,10,31,45,76,70,110431.9501619724,115234.97373785899,7104.815307528045,4743.416490252569,1843.0933655912563,4803.023575886586,4756.522654698683,-1,0.0,0.0
no_tree,323,2025-11-20,11,2,no_season,42,81296.57151971007,81296.57151971007,606.3935953475029,260,4726.221440812036,0.0,0.0,53596.8875451761,50965.192264679215,2631.6952804968864,0,41690.80351618938,9,1.734293205798932,1477.6387123589793,1667.3164303359852,-1,0.0,9.094947017729282e-13,0.0004438330652192235,0.023690959089435637,0.00022712501231580973,0.02436191716697067,22037.23557855079,19653.56793763859,10,30,43,73,69,107460.0571319342,112344.89882290637,6916.607443984414,4733.559919955062,1737.1168131745571,4884.841690972167,4618.300757810529,-1,0.0,0.0
no_tree,324,2025-11-21,11,2,no_season,42,35463.28136475089,35463.28136475089,542.7490928348178,280,5320.439877209848,0.0,0.0,20461.839125059872,19083.967846559513,1377.8712785003586,0,31418.150897335814,5,1.3069071227427664,1667.3164303359852,1835.1686982995586,-1,0.0,7.958078640513122e-13,0.0004398329183459282,0.023682624916546047,0.0002317089820280671,0.024354166816920042,16619.678705522503,14798.472191813311,6,39,38,77,67,58288.49120728925,63238.61674194796,7461.086481709355,2573.9651235723118,1309.0896207223257,4950.125534658711,2846.049894151541,-1,0.0,0.0
no_tree,325,2025-11-22,11,2,no_season,42,35826.34527827936,35826.34527827936,366.4571247147014,230,4398.563704695432,0.0,0.0,20327.77705547704,19111.27730799726,1216.4997474797726,0,31907.864878952132,5,1.3278821655755564,1835.1686982995586,1730.070938135063,-1,0.0,9.094947017729282e-13,0.0004692500224336982,0.023678000085055828,0.0002240410540252924,0.02437129116151482,16741.137046958713,15166.727831993416,6,39,41,80,78,62633.27950672271,67390.93934801589,7430.194581973756,2836.3686706354533,1329.494369956339,4757.6598412931835,3130.6548835666954,-1,0.0,0.0
no_tree,326,2025-11-23,11,2,no_season,42,83398.76028717672,83398.76028717672,370.45543049697284,170,6447.87038959942,0.0,0.0,54290.86660842945,52517.66832042864,1773.1982880008145,0,42294.35774872745,9,1.7601227534435568,1730.070938135063,1593.1113276944805,-1,0.0,7.958078640513122e-13,0.0004523330135270953,0.023407083936035633,0.00023158302064985037,0.02409099997021258,22191.803396734198,20102.554351993258,10,30,42,72,70,114809.91902911608,119679.37797361586,7094.613161689763,4693.3344410212485,1762.2649061969773,4869.458944499776,4688.990139304456,-1,0.0,0.0
no_tree,327,2025-11-24,11,2,no_season,42,82375.85645098759,82375.85645098759,502.69808175355723,250,6679.128565091301,0.0,0.0,54025.504773627574,51712.61367004755,2312.891103580032,0,39830.752601383756,9,1.6574437492944167,1593.1113276944805,1534.1564837367914,-1,0.0,9.094947017729282e-13,0.0004688750486820936,0.02482841699384153,0.00022529205307364464,0.025522584095597267,20934.1174345168,18896.635166866952,10,29,40,69,62,117183.11741379419,121836.55253739699,6785.121707877575,4723.145829340346,1659.6146917243232,4743.416490252569,4838.28482005762,-1,0.0,0.0
no_tree,328,2025-11-25,11,2,no_season,42,82243.36621192333,82243.36621192333,394.6126090663428,290,4153.713240031424,0.0,0.0,53045.200659062415,51593.90611250938,1451.2945465530352,0,44069.30715372527,9,1.833684540550319,1534.1564837367914,1530.3190607350925,-1,0.0,7.958078640513122e-13,0.00046200002543628216,0.02449020801577717,0.0002329580020159483,0.0251851660432294,23192.456134008422,20876.851019716843,10,31,46,77,75,111441.38371714743,116285.00340247531,7057.292676259135,4743.416490252569,1836.2211314052195,4843.619685327887,4790.415,-1,0.0,0.0
no_tree,329,2025-11-26,11,2,no_season,42,84228.46895316755,84228.46895316755,186.59379566152109,140,5337.105193006034,0.0,0.0,53811.7063950742,53023.90747105818,787.7989240160088,0,42979.247638908346,9,1.788192066089731,1530.3190607350925,1588.6248800042486,-1,0.0,9.094947017729282e-13,0.00047383399214595556,0.024500166065990925,0.00023012503515928984,0.02520412509329617,22649.769155699018,20329.47848320932,10,31,46,77,73,119903.27183374298,124771.16151313265,7043.075131043135,4743.416490252569,1790.8019849545142,4867.889679389665,4838.28482005762,-1,0.0,0.0
no_tree,330,2025-11-27,11,2,no_season,42,83458.95472480377,83458.95472480377,239.6579828467568,160,5723.551899424256,0.0,0.0,53546.0787847943,52426.59326452752,1119.4855202667825,0,42393.09009423629,9,1.7640119059540138,1588.6248800042486,1551.5262680271544,-1,0.0,9.094947017729282e-13,0.00048895797226578,0.0247264999197796,0.0002637499710544944,0.025479207863099873,22293.629084564618,20099.46100967168,10,30,44,74,70,111649.72518456043,116465.0842505016,6887.963166718957,4743.416490252569,1766.3787539265124,4815.3590659411675,4838.28482005762,-1,0.0,0.0
no_tree,331,2025-11-28,11,2,no_season,42,37434.300942689486,37434.300942689486,407.31889752538837,180,5143.222171358961,0.0,0.0,21860.59247175767,20121.697409816683,1738.8950619409916,0,32828.07887502629,5,1.3658323875152494,1551.5262680271544,1600.9602775202784,-1,0.0,9.094947017729282e-13,0.0005038329400122166,0.025024959002621472,0.00025870802346616983,0.02578749996609986,17302.6189969411,15525.459878085192,6,41,41,82,81,71902.826529734,76636.59005341517,7503.917093361767,3410.0866735666996,1367.8366197927623,4743.416490252569,3055.2175330070595,-1,0.0,0.0
no_tree,332,2025-11-29,11,2,no_season,42,37816.96444824107,37816.96444824107,543.4367622936961,220,2131.9455667640486,0.0,0.0,21696.699930803527,20105.43863527654,1591.2612955269874,0,32062.59532608361,5,1.3349430093025496,1600.9602775202784,1211.9215957173838,-1,0.0,8.526512829121202e-13,0.0004932080628350377,0.024261999991722405,0.00024983310140669346,0.025005041155964136,16680.80043492717,15381.794891156444,6,44,41,85,86,67335.55812615334,72072.90128810603,7415.950680370754,3971.2346429654576,1335.9414719201504,4743.416490252569,2986.0771423373135,-1,0.0,0.0
no_tree,333,2025-11-30,11,2,no_season,42,87656.00202648863,87656.00202648863,280.3930653719011,230,5059.841408019589,0.0,0.0,56269.1728750928,55104.677348123696,1164.495526969107,0,45865.10072870291,9,1.9079189152294966,1211.9215957173838,1429.9967455651156,-1,0.0,9.094947017729282e-13,0.0009338749805465341,0.024507833062671125,0.0002407910069450736,0.025682499050162733,24248.413147938598,21616.687580764323,10,33,45,78,68,119876.53842392284,124860.78388857096,7318.0308940189225,4743.416490252569,1911.0458636959547,4984.245464648124,4838.28482005762,-1,0.0,0.0
no_tree,334,2025-12-01,12,2,no_season,42,87563.36721468614,87563.36721468614,3456.233211224945,650,2121.5411292462722,0.0,0.0,68293.97505877374,55319.53953763864,12974.435521135092,0,47185.589231959944,9,1.963087210981598,1429.9967455651156,1545.8367986078415,-1,0.0,9.094947017729282e-13,0.0004721670411527157,0.025326875038444996,0.0002446250291541219,0.026043667108751833,24892.360397645716,22293.228834314228,10,33,44,77,71,113516.01771401423,118152.31424383522,7309.847962232943,4634.627763013233,1966.066217998331,4743.416490252569,4838.28482005762,-1,0.0,0.0
no_tree,335,2025-12-02,12,2,no_season,42,91499.15849692092,91499.15849692092,1557.5064056290148,430,1971.3784227424696,0.0,0.0,65078.81259882891,58360.845027446034,6717.967571382872,0,47179.70938564015,9,1.963174915771863,1545.8367986078415,1510.1212273159754,-1,0.0,9.094947017729282e-13,0.0005004589911550283,0.024146749987266958,0.00024037493858486414,0.02488758391700685,24813.592957723806,22366.11642791635,10,34,42,76,73,111519.47164964493,116289.2185374119,7589.46638440411,4743.416490252569,1965.8212244016731,4769.746887766978,4838.28482005762,-1,0.0,0.0
no_tree,336,2025-12-03,12,2,no_season,42,92819.28933754828,92819.28933754828,718.9251348796411,320,3665.878984130868,0.0,0.0,61720.12835190319,59352.797015482545,2367.3313364206488,0,45690.360932959484,9,1.9004569995921339,1510.1212273159754,1815.3753932699788,-1,0.0,9.094947017729282e-13,0.00046795804519206285,0.026449957978911698,0.00027825008146464825,0.02719616610556841,24199.97392729494,21490.38700566454,10,35,43,78,82,118611.54397536517,123607.175969565,7589.46638440411,4645.760900400526,1903.7650388733118,4995.631994199817,4838.28482005762,-1,0.0,0.0
no_tree,337,2025-12-04,12,2,no_season,42,92664.23351875742,92664.23351875742,1360.5255415221152,410,4875.842594436602,0.0,0.0,64945.35788479419,59195.55542447358,5749.80246032061,0,45994.56545351636,9,1.9138785955841073,1815.3753932699788,1772.2567437595585,-1,0.0,9.094947017729282e-13,0.0005518749821931124,0.028536165948025882,0.0003407909534871578,0.029428831883706152,24186.136584679647,21808.428868836712,10,32,41,73,63,110106.79402858458,115069.19575954607,7372.919461790983,4743.416490252569,1916.4402272298487,4962.401730961494,4838.28482005762,-1,0.0,0.0
no_tree,338,2025-12-05,12,2,no_season,42,45307.2907546852,45307.2907546852,739.6962723114821,320,2577.718097672609,0.0,0.0,26404.959999354385,24275.870024818138,2129.0899745362453,0,36793.828609356075,7,1.5304657513293976,1772.2567437595585,1993.6875981395988,-1,0.0,9.094947017729282e-13,0.0005519170081242919,0.028380125062540174,0.00024625007063150406,0.02917829214129597,19475.734927673406,17318.093681682665,8,44,45,89,85,69214.83056769488,74133.7108168064,6719.233586858527,2624.9627517013714,1533.076192056503,4918.880249111519,3699.864862397004,-1,0.0,0.0
no_tree,339,2025-12-06,12,2,no_season,42,47004.63344152509,47004.63344152509,956.0240200507583,370,2731.219587800628,0.0,0.0,28542.954952719992,25145.169003239644,3397.785949480349,0,35754.47555350691,5,1.4884011473505332,1993.6875981395988,1676.2401696446755,-1,0.0,7.958078640513122e-13,0.0005717499880120158,0.027082000044174492,0.0002465839497745037,0.027900333981961012,18659.641305307734,17094.83424819918,6,40,43,83,82,70796.9477587834,75509.71767772245,7234.259916298513,2984.3366550174824,1489.7698147294545,4743.416490252569,3699.864862397004,-1,0.0,0.0
no_tree,340,2025-12-07,12,2,no_season,42,92131.66707424674,92131.66707424674,1082.0010931109277,450,3415.548434759947,0.0,0.0,62617.339068003785,58515.05076740251,4102.288300601271,0,46200.97378304988,9,1.923000948601614,1676.2401696446755,1389.6512402903168,-1,0.0,7.958078640513122e-13,0.0005122910952195525,0.026978333946317434,0.0002543330192565918,0.02774495806079358,24173.2061328238,22027.767650226077,10,33,42,75,71,119720.75857007114,124614.44542180777,7549.903777872025,4743.416490252569,1925.0405742937446,4893.686851736636,4838.28482005762,-1,0.0,0.0
no_tree,341,2025-12-08,12,2,no_season,42,97873.22202102185,97873.22202102185,87.8362308031825,80,7584.827962102469,0.0,0.0,63241.62707282752,62691.03078436817,550.5962884593426,0,44405.85118415466,9,1.847258008051924,1389.6512402903168,1581.786651095933,-1,0.0,9.094947017729282e-13,0.0004991251043975353,0.027513957931660116,0.0002495410153642297,0.02826262405142188,23467.435178605276,20938.416005549378,10,32,38,70,67,112022.87029634835,116831.73808988169,7319.003245086316,4418.120587785344,1850.243799339777,4808.8677935333335,4458.65,-1,0.0,0.0
no_tree,342,2025-12-09,12,2,no_season,42,97678.01853983579,97678.01853983579,220.5697367271548,110,8211.622777788434,0.0,0.0,63726.63550162739,62648.49359776904,1078.14190385834,0,45200.19325818469,9,1.880907732928073,1581.786651095933,1501.2286897996469,-1,0.0,9.094947017729282e-13,0.0005113339284434915,0.02714241691865027,0.0002494580112397671,0.027903208858333528,23749.352245146267,21450.841013038425,10,32,38,70,68,117916.5891883575,122775.19701132242,8109.168470307625,4696.417014668136,1883.3413857576957,4858.607822964936,4831.790246222296,-1,0.0,0.0
no_tree,343,2025-12-10,12,2,no_season,42,96444.83603555671,96444.83603555671,385.62766922092226,240,6194.0296539001165,0.0,0.0,63277.88832581174,61572.9894832334,1704.898842578339,0,44217.06886753047,9,1.8399964952754586,1501.2286897996469,1422.7213117006772,-1,0.0,8.526512829121202e-13,0.0005101660499349236,0.026626582955941558,0.00023354100994765759,0.02737029001582414,23232.942225870655,20984.12664165982,10,32,38,70,63,115776.53166075326,120512.17723439643,7690.80736112492,4661.765276251041,1842.3778694804366,4743.416490252569,4838.28482005762,-1,0.0,0.0
no_tree,344,2025-12-11,12,2,no_season,42,96466.81746898212,96466.81746898212,205.31407196458133,130,8265.050341134342,0.0,0.0,62475.746179051086,61502.05897788894,973.687201162136,0,44738.591132713555,9,1.8613241082919114,1422.7213117006772,1514.0116489122997,-1,0.0,8.526512829121202e-13,0.0004711669171229005,0.025788500090129673,0.00024145795032382011,0.026501124957576394,23592.20881626296,21146.382316450596,10,33,40,73,68,119110.93603275322,123919.22196395531,7304.420068480961,4709.306036431793,1864.1079638630645,4915.942063467859,4719.673103008413,-1,0.0,0.0
no_tree,345,2025-12-12,12,2,no_season,42,50371.9820956651,50371.9820956651,146.01827578172845,130,4701.196285753325,0.0,0.0,27331.51922662399,26705.668055278602,625.8511713453903,0,34735.16012499682,5,1.444690176383707,1514.0116489122997,1788.6165318354642,-1,0.0,6.821210263296962e-13,0.00048029108438640833,0.025381917017512023,0.00023416697513312101,0.026096375077031553,18418.7753636785,16316.38476131832,6,29,43,72,76,70029.28748066079,75000.31428825522,4743.416490252569,3206.1457660168376,1447.2983385415341,4971.026807594431,3582.12288587306,-1,0.0,0.0
no_tree,346,2025-12-13,12,2,no_season,42,52083.18020070107,52083.18020070107,121.2719659322376,110,6472.206115854076,0.0,0.0,28000.333183567098,27465.932169598404,534.4010139686969,0,35275.493062942536,7,1.4676057175371804,1788.6165318354642,1865.8313210881115,-1,0.0,8.526512829121202e-13,0.0004885840462520719,0.02561412495560944,0.0002348329871892929,0.026337541989050806,18604.602865194218,16670.89019774832,8,27,46,73,70,76565.20494236602,81380.6168067625,4743.416490252569,4676.701167169738,1469.812210955939,4815.411864396468,3676.516002749672,-1,0.0,0.0
no_tree,347,2025-12-14,12,2,no_season,42,98252.59786060797,98252.59786060797,197.81023619635118,130,7669.793491938159,0.0,0.0,64068.22148482477,63026.457369733354,1041.7641150914073,0,44583.613011464164,9,1.8558326141557517,1865.8313210881115,1520.7398805377234,-1,0.0,9.094947017729282e-13,0.0004892910365015268,0.025525250006467104,0.00024091696832329035,0.02625545801129192,23292.752908165166,21290.860103298997,10,33,38,71,64,119917.14459018319,124876.66278043682,7502.253041072382,4545.692983752297,1857.6505421443403,4959.5181902536315,4559.125420113407,-1,0.0,0.0
no_tree,348,2025-12-15,12,2,no_season,42,98539.76263342267,98539.76263342267,68.3241281796424,60,6710.776862370054,0.0,0.0,63420.62780608545,63117.659898467,302.9679076184557,0,45714.96860422351,9,1.9021026593024162,1520.7398805377234,1542.4709532450163,-1,0.0,9.094947017729282e-13,0.000499082962051034,0.02537924994248897,0.00023187499027699232,0.026110207894816995,24071.36026839455,21643.60833582896,10,34,38,72,70,118747.80725508918,123676.28098956058,7671.736637009613,4523.069348180014,1904.790358509313,4928.4737344714,4646.865209808965,-1,0.0,0.0
no_tree,349,2025-12-16,12,2,no_season,42,98067.12712642888,98067.12712642888,82.62419254714416,100,6406.100956027298,0.0,0.0,63310.50966135305,63011.81077760646,298.6988837465873,0,45029.04027796628,9,1.8737070632639643,1542.4709532450163,1498.018883887044,-1,0.0,9.094947017729282e-13,0.00048774993047118187,0.024576707975938916,0.00022145803086459637,0.025285915937274694,23677.29965379084,21351.74062417545,10,33,37,70,65,115768.85457534948,120559.88893831335,6955.50521665703,4649.76718831966,1876.2100115819287,4791.0343629638655,4654.93868233172,-1,0.0,0.0
no_tree,350,2025-12-17,12,2,no_season,42,97828.63058630866,97828.63058630866,301.9451306843192,170,7546.375170800717,0.0,0.0,64064.74802490494,62483.97263965421,1580.775385250733,0,43894.69709418785,9,1.826230482244322,1498.018883887044,1580.2391053247047,-1,0.0,9.094947017729282e-13,0.00046591705176979303,0.02496716706082225,0.00023970799520611763,0.02567279210779816,23143.52528685672,20751.171807331128,10,32,38,70,66,119172.09165671073,123883.79256108955,7427.182226533889,4628.234135527074,1828.945712257827,4743.416490252569,4546.303010393159,-1,0.0,0.0
no_tree,351,2025-12-18,12,2,no_season,42,95824.02892478989,95824.02892478989,350.7520669141376,150,6423.150500442876,0.0,0.0,62685.5493030215,61114.69660380898,1570.8526992125137,0,46325.99391244896,9,1.9276904689368293,1580.2391053247047,1527.3190767325855,-1,0.0,9.094947017729282e-13,0.0004905839450657368,0.02431154204532504,0.0003843330778181553,0.025186459068208933,24355.678718521718,21970.31519392724,10,33,40,73,70,117412.06623390631,122280.46159571214,7413.4841902525695,4722.2922660023005,1930.2497463520397,4868.395361805822,4705.0825,-1,0.0,0.0
no_tree,352,2025-12-19,12,2,no_season,42,51641.42670667588,51641.42670667588,162.96556226681787,110,6844.593677651425,0.0,0.0,28090.312269134407,27534.70818508666,555.6040840477467,0,34961.11547062154,9,1.4542300101873624,1527.3190767325855,1738.9609951770508,-1,0.0,9.094947017729282e-13,0.0005467080045491457,0.024422792019322515,0.00022608402650803328,0.025195584050379694,18506.261380956406,16454.854089665132,10,28,42,70,67,76303.97767703881,81190.84092121245,5162.253729705959,4249.75219462283,1456.7131446092308,4886.863244173645,3756.5816999999997,-1,0.0,0.0
no_tree,353,2025-12-20,12,2,no_season,42,51820.30611543634,51820.30611543634,111.03841002509635,90,7036.993035290199,0.0,0.0,27872.016542908525,27543.025991265244,328.99055164328115,0,35618.68906593627,7,1.4816963820607998,1738.9609951770508,1902.5190816161255,-1,0.0,9.094947017729282e-13,0.0004922500811517239,0.024649166967719793,0.00024262501392513514,0.025384042062796652,18828.34415305375,16790.34491288252,8,29,44,73,67,71027.28811630787,75840.52140324465,4743.416490252569,3794.733192202055,1484.1120444140113,4813.2332869367765,3653.4130852793214,-1,0.0,0.0
no_tree,354,2025-12-21,12,2,no_season,42,98128.99546723298,98128.99546723298,181.4566003494905,120,7305.749618810381,0.0,0.0,63749.97864027847,63084.50258698101,665.4760532974531,0,44050.45464619122,9,1.8336636495098537,1902.5190816161255,1550.5067925880926,-1,0.0,9.094947017729282e-13,0.0004824580391868949,0.024373832973651588,0.00022504106163978577,0.02508133207447827,23008.68761414831,21041.767032042902,10,32,37,69,68,124515.4601168161,129242.94453603105,7689.612990252569,4743.416490252569,1835.435610257967,4743.416490252569,4756.033234425056,-1,0.0,0.0
no_tree,355,2025-12-22,12,2,no_season,42,99434.61260626581,99434.61260626581,114.07034055867871,130,8311.779071954521,0.0,0.0,64205.70218994094,63748.686960592735,457.0152293481988,0,44894.47884967848,9,1.868149832642784,1550.5067925880926,1487.0282949188922,-1,0.0,9.094947017729282e-13,0.00046512496192008257,0.02478458301629871,0.00023349991533905268,0.025483207893557847,23596.977820607564,21297.501029070914,10,32,37,69,66,117091.56180985938,121756.46800974345,7304.379674224037,4726.876476640611,1870.6032854032699,4743.416490252569,4827.732841626395,-1,0.0,0.0
no_tree,356,2025-12-23,12,2,no_season,42,98606.95593995684,98606.95593995684,46.9478305881031,70,8939.411687272594,0.0,0.0,63453.88354629698,63272.554616172434,181.32893012454466,0,43956.02062357143,9,1.8286485288106729,1487.0282949188922,1630.1514441748284,-1,0.0,9.094947017729282e-13,0.00046600005589425564,0.024442499969154596,0.0002275829901918769,0.02513608301524073,23206.210086755225,20749.8105368162,10,32,37,69,64,113208.98392780294,118034.44068444007,7640.4911246919255,4581.196219539383,1831.500859315476,4825.456756637128,4602.000468841354,-1,0.0,0.0
no_tree,357,2025-12-24,12,2,no_season,42,96488.6996210569,96488.6996210569,258.41939207111363,220,6846.9929556387515,0.0,0.0,62914.89770923599,61556.697539442175,1358.2001697938115,0,45221.49671320284,9,1.8823520815891368,1630.1514441748284,1295.1751327633165,-1,0.0,9.094947017729282e-13,0.00047962507233023643,0.02469045901671052,0.00023195799440145493,0.02540204208344221,23633.531727012723,21587.96498619012,10,33,38,71,61,121542.57998891777,126341.38419457802,7473.804420722909,4742.985133931079,1884.2290297167847,4798.804205660247,4739.102927037668,-1,0.0,0.0
no_tree,358,2025-12-25,12,2,no_season,42,96130.51139032413,96130.51139032413,324.261640299655,210,6168.793449755971,0.0,0.0,62890.798988387854,61414.32118543246,1476.4778029554018,0,44602.308440390945,9,1.8555769416065402,1295.1751327633165,1421.3911981080498,-1,0.0,7.958078640513122e-13,0.00046541704796254635,0.0246114160399884,0.00022420892491936684,0.025301042012870312,23537.919743962713,21064.388696428236,10,33,38,71,69,118843.4133028396,123617.34493284386,7273.13639025257,4743.416490252569,1858.429518349623,4773.931630004254,4838.28482005762,-1,0.0,0.0
no_tree,359,2025-12-26,12,2,no_season,42,51841.758858479305,51841.758858479305,107.71370548865947,100,6362.046951467757,0.0,0.0,28025.065748364155,27497.545901688165,527.5198466759863,0,35679.842385290576,7,1.4830581579251532,1421.3911981080498,2124.282144237573,-1,0.0,9.094947017729282e-13,0.0004718339769169688,0.024906291044317186,0.00022258306853473186,0.025600708089768887,19129.82278222873,16550.019603061846,8,29,45,74,67,71349.91552764521,76274.26996811197,4743.416490252569,3071.9415963898646,1486.6600993871075,4924.354440466763,3907.0467548250913,-1,0.0,0.0
no_tree,360,2025-12-27,12,2,no_season,42,50976.97178168756,50976.97178168756,103.90527036437413,90,6266.78533355211,0.0,0.0,27372.219678156398,27028.15837007643,344.0613080799669,0,34387.333599860445,7,1.431554435072223,2124.282144237573,1789.240764880859,-1,0.0,9.094947017729282e-13,0.00046616699546575546,0.0254134169081226,0.00022400007583200932,0.026103583979420364,17931.308125846805,16456.02547401364,8,30,45,75,73,73457.06000983776,78363.13050158024,4743.416490252569,3813.265808892532,1432.805566660852,4906.07049174248,3875.311721122052,-1,0.0,0.0
no_tree,361,2025-12-28,12,2,no_season,42,98021.88100581834,98021.88100581834,253.44319410734954,160,9252.132070242524,0.0,0.0,64181.11115092666,62826.52569871753,1354.5854522091317,0,42601.04683891696,9,1.772645382593472,1789.240764880859,1760.9786132208399,-1,0.0,9.094947017729282e-13,0.0004677079850807786,0.024857999989762902,0.00023020792286843061,0.02555591589771211,22407.49210930007,20193.554729616888,10,30,37,67,64,118646.80655205788,123403.9827689367,6969.555509564863,4743.416490252569,1775.0436182882067,4757.176216878808,4838.28482005762,-1,0.0,0.0
no_tree,362,2025-12-29,12,2,no_season,42,97287.13257088141,97287.13257088141,136.81420635888367,70,7862.952142949538,0.0,0.0,62890.82853906698,62347.28153166543,543.5470074015484,0,42698.13949943096,9,1.7770845826185202,1760.9786132208399,1550.6449579971047,-1,0.0,9.094947017729282e-13,0.00047983299009501934,0.025805999990552664,0.0002536670072004199,0.026539499987848103,22367.68393352752,20330.455565903438,10,30,38,68,66,117338.06467945271,122328.27408906634,7451.973983174381,4743.416490252569,1779.0891458096235,4990.209409613625,4515.635118023082,-1,0.0,0.0
no_tree,363,2025-12-30,12,2,no_season,42,96198.65794984497,96198.65794984497,143.54506944311584,130,7786.26183790805,0.0,0.0,61926.98933366145,61297.91375135316,629.0755823082761,0,44588.6922960161,9,1.8553206340019033,1550.6449579971047,1535.3891160111561,-1,0.0,7.958078640513122e-13,0.000465832999907434,0.024450000026263297,0.0002277499297633767,0.025143582955934107,23460.115438698074,21128.576857318032,10,32,39,71,63,115496.82627504224,120236.16369276283,7158.893526433815,4707.427963099563,1857.8621790006712,4743.416490252569,4838.28482005762,-1,0.0,0.0
no_tree,364,2025-12-31,12,2,no_season,42,94913.11804601156,94913.11804601156,554.0573142731198,290,4509.37763137116,0.0,0.0,62832.5287005316,60558.74249193044,2273.7862086011487,0,46337.05928030089,9,1.928314647027455,1535.3891160111561,1407.794471452099,-1,0.0,6.821210263296962e-13,0.0004736250266432762,0.02438233292195946,0.0002340830396860838,0.02509004098828882,24324.217037940543,22012.84224236035,10,33,41,74,70,119830.99532902165,124666.81916334068,7589.46638440411,4740.9177793028475,1930.71080334587,4835.823834319035,4748.284876788132,-1,0.0,0.0
