name,fold_month,date,day,channel,n,days,wape_pct,squared_error_sum_kw2,absolute_error_sum_kw,actual_absolute_sum_kw,rmse_kw,mae_kw,bias_kw,price_weighted_rmse_kw,high_price_rmse_kw,high_price_bias_kw,daily_energy_rmse_kwh,daily_energy_mae_kwh,cumulative_error_rmse_kwh,daily_level_mse_kw2,within_day_mse_kw2,high_price_underprediction_kwh
hgb_learning_rate_0.064,4,2025-04-01,90,load,144,1,2.18622914452033,2583938.779211634,15474.192800217217,707802.8778,133.95528843640625,107.45967222373068,-42.62769624424978,134.5857144104296,141.76857238550735,-57.17375012246993,1023.0647098619947,1023.0647098619947,768.7743399134321,1817.1204870920271,16126.898812988764,503.61436794338186
hgb_learning_rate_0.064,4,2025-04-01,90,pv,144,1,10.630660442867958,42843967.195168376,36840.52917604131,346549.7687,545.4608601599633,255.83700816695352,216.5620747463483,474.3850039485953,201.41385347258196,1.162229102836439,5197.489793912359,5197.489793912359,3536.6158238157905,46899.132218442945,250628.41774800408,326.27921701943785
hgb_learning_rate_0.064,4,2025-04-01,90,net,144,1,12.367846327459077,48205481.8854156,49235.759396839334,398094.8509,578.5847309348404,341.91499581138424,-259.1897709905981,512.9266643206249,271.80002543645725,-58.335979225306396,6220.554503774354,6220.554503774354,4234.404408921916,67179.33738615869,267580.95348478295,785.4596282093715
hgb_learning_rate_0.064,4,2025-04-02,91,load,144,1,2.024454907518435,1998868.2928553727,14331.5166606967,707919.7767,117.81778223806305,99.52442125483819,-18.41563879826978,116.59137338161936,122.47156830056547,-9.540455074026328,441.9753311584747,441.9753311584747,473.72558197549455,339.13575234833917,13541.894059147304,336.3047461827957
hgb_learning_rate_0.064,4,2025-04-02,91,pv,144,1,12.075467270599118,38113360.27785446,41697.52606088405,345307.7643,514.4668240427715,289.56615320058364,181.87684608802445,537.0201355017804,569.4374167984197,271.84607596366146,4365.044306112587,4365.044306112587,3521.5771286275517,33079.18714292694,231596.92589772906,164.3547352829357
hgb_learning_rate_0.064,4,2025-04-02,91,net,144,1,12.203339927342643,39557756.46224622,49811.82326567167,408181.8876,524.1246436668782,345.9154393449422,-200.29248488629423,545.9764052723816,574.8631670999804,-281.3865310376878,4807.019637271062,4807.019637271062,3954.4296137311844,40117.079501926404,234589.5625970057,1964.0661765131872
hgb_learning_rate_0.064,4,2025-04-03,92,load,144,1,1.999043839428121,2339717.988405807,14139.371743862384,707306.7366,127.46780607726579,98.19008155459989,-9.38005239201846,122.940448655124,130.04403815152384,23.822533261526107,225.12125740844303,225.12125740844303,214.54995208503104,87.98538287701122,16160.056203274426,249.43730094167162
hgb_learning_rate_0.064,4,2025-04-03,92,pv,144,1,7.482440724040818,20781482.955971148,27844.07407188291,372125.555,379.8892652614848,193.36162549918689,-117.97556517326198,360.2963279682969,239.9625539180069,18.94590787841,2831.4135641582875,2831.4135641582875,2004.2289420787483,13918.233977950586,130397.61988296018,333.9971999285956
hgb_learning_rate_0.064,4,2025-04-03,92,net,144,1,7.899359628842335,20819834.51083282,33969.76941209134,430031.93940000003,380.23964036250305,235.9011764728565,108.59551278124354,368.47189983209523,282.38231050999497,4.876625383116119,2606.292306749845,2606.292306749845,1817.9909393041162,11792.98539622123,132789.19870678443,482.8229872549352
hgb_learning_rate_0.064,4,2025-04-04,93,load,144,1,3.2969180750532927,2246047.5609755116,14190.413807514324,430414.5109,124.89016176934989,98.54454032996058,-7.618717028773034,121.80391285081907,101.82475845589117,2.7002933747101503,182.8492086905528,182.8492086905528,160.64278414623743,58.04484916451621,15539.50765760987,221.99497266166085
hgb_learning_rate_0.064,4,2025-04-04,93,pv,144,1,5.767927013004209,13418231.935229912,22600.45096130725,391829.6974,305.2575408026383,156.94757612018924,-138.62440882630943,326.64589058243666,350.9120240177097,-144.6288969971505,3326.9858118314264,3326.9858118314264,2172.840053792592,19216.72672244378,73965.43949443061,989.0950418121655
hgb_learning_rate_0.064,4,2025-04-04,93,net,144,1,7.591901098838317,14755605.57463787,29162.320075808853,384124.0777,320.1085490223706,202.5161116375615,131.00569179753643,344.3211774118998,369.5852488902636,147.32919037186062,3144.1366031408743,3144.1366031408743,2033.4588621614164,17162.491283351104,85306.99187385633,231.5155807241625
hgb_learning_rate_0.064,4,2025-04-05,94,load,144,1,3.5230733053002385,2567540.2727916874,15347.087053692518,435616.4554,133.52955022494314,106.57699342842027,-37.91845153077648,131.10126016090047,114.26942634067407,-24.254982313454622,910.0428367386354,910.0428367386354,487.4188183069441,1437.8089664918452,16392.331816783764,366.64312183443576
hgb_learning_rate_0.064,4,2025-04-05,94,pv,144,1,9.358059582290311,26210819.348918855,34002.67470879377,363351.7655,426.6375262584581,236.1296854777345,218.29224553512051,441.1158502714595,392.7218171670224,217.02959897238094,5239.013892842892,5239.013892842892,3302.1796429846518,47651.50446076534,134368.07435117115,20.259131229094766
hgb_learning_rate_0.064,4,2025-04-05,94,net,144,1,12.85039381004308,35630705.34809757,45664.46936437109,355354.6299,497.42884295769693,317.11437058591036,-256.210697065897,516.3182577845952,451.71910285500553,-241.28458128583557,6149.056729581528,6149.056729581528,3777.441902829972,65643.92129099285,181791.53251524028,1560.9759660738698
hgb_learning_rate_0.064,4,2025-04-06,95,load,144,1,1.9851565188899052,2138213.496164669,13960.267474308144,703232.5835,121.85526182515413,96.94630190491768,44.84637150541302,126.00099029897875,149.02731392880918,57.23943171541745,1076.3129161299123,1076.3129161299123,579.1814503088056,2011.1970372015207,12837.50779727535,185.75222934508415
hgb_learning_rate_0.064,4,2025-04-06,95,pv,144,1,3.346011056116397,3594969.6747101992,12606.83698897879,376772.1259,158.00337713317236,87.54747909013048,-0.5009861669868216,155.08845036064307,141.7523407212291,-66.05514431846254,12.02366800768372,12.02366800768372,159.1588276730975,0.2509871395121475,24964.816198347984,453.2922852386784
hgb_learning_rate_0.064,4,2025-04-06,95,net,144,1,5.358263129705478,6054956.335194574,22571.163178684008,421240.29059999995,205.05684061570747,156.74418874086118,45.34735767239983,212.53420557468638,240.62300729890987,123.29457603387998,1088.336584137596,1088.336584137596,629.0945228493474,2056.3828478685596,39991.92503542709,177.88278830688424
hgb_learning_rate_0.064,4,2025-04-07,96,load,144,1,1.915717328009753,2004247.4029827905,13450.076113966745,702090.8522000001,117.97620413852975,93.40330634699129,-3.946665604763306,118.1692433868548,120.80910114517445,14.589506247358372,94.71997451431935,94.71997451431935,186.4108808242935,15.576169395821712,13902.808573540224,233.16968290721343
hgb_learning_rate_0.064,4,2025-04-07,96,pv,144,1,6.2753453320639165,15645165.42055313,24011.638525117156,382634.53650000005,329.6164165923392,166.74748975775802,-49.88591314878095,348.71363365072534,288.4476834917279,-95.21573302306166,1197.2619155707428,1197.2619155707428,1048.1808354230125,2488.6043306877164,106158.37775648679,792.1831812636601
hgb_learning_rate_0.064,4,2025-04-07,96,net,144,1,7.738324561530935,17609075.234923013,32146.343980921294,415417.36490000004,349.69307211748617,223.23849986750898,45.93924754401765,362.26819449442263,290.16114139228165,109.80523927042005,1102.5419410564234,1102.5419410564234,922.3888327507807,2110.4144649105315,120174.83022205485,275.4380137334925
hgb_learning_rate_0.064,4,2025-04-08,97,load,144,1,1.798238915393826,1800165.8972425326,12700.597164994157,706279.7416,111.8085509439428,88.19859142357053,-18.66152451983247,112.0352271988898,101.55258702379244,-5.122278005670927,447.8765884759793,447.8765884759793,171.2268865537466,348.25249740430843,12152.899566779946,271.6227343166318
hgb_learning_rate_0.064,4,2025-04-08,97,pv,144,1,7.4363393272164435,19156051.294800267,28270.03070967779,380160.5799,364.7302208368105,196.31965770609577,-56.84446313209262,343.3132590918826,240.89250830401545,105.25486734623301,1364.267115170223,1364.267115170223,1027.6909400348075,3231.2929887758373,129796.8410028927,85.25804456781067
hgb_learning_rate_0.064,4,2025-04-08,97,net,144,1,8.366584827523523,21209227.45225091,36242.603349704936,433182.7633,383.7789751298818,251.68474548406206,38.182938612260145,362.2439323570922,251.6012603738612,-110.37714535190395,916.3905266942435,916.3905266942435,920.565412100301,1457.9368010676267,145828.36495067476,876.6515695539077
hgb_learning_rate_0.064,4,2025-04-09,98,load,144,1,1.848343479439223,1823943.6898702597,13050.508887062933,706065.1352,112.54454950862359,90.62853393793704,0.4226266109308862,111.31564368200969,94.04589540568627,17.65920872177172,10.143038662341269,10.143038662341269,143.88872551786122,0.17861325226692668,12666.09701084676,187.06696733424556
hgb_learning_rate_0.064,4,2025-04-09,98,pv,144,1,8.517681041789992,19725316.0056636,29919.144171660795,351259.26910000003,370.1099311697021,207.77183452542218,162.6122258924718,363.14407979383475,250.245326879012,52.46485743932499,3902.693421419323,3902.693421419323,2617.505457241073,26442.736009704277,110538.62514073738,256.73606510390726
hgb_learning_rate_0.064,4,2025-04-09,98,net,144,1,9.043980262913886,21988398.811284848,36511.10511402824,403706.1565,390.7649088227548,253.54934106964058,-162.18959928154092,381.4886937679576,273.49385517599904,-34.80564871755324,3892.5503827569823,3892.5503827569823,2533.589789961854,26305.466115106818,126391.74785214906,657.5899921590307
hgb_learning_rate_0.064,4,2025-04-10,99,load,144,1,1.8848437202952468,2041210.1024474835,13307.226693496912,706012.2041,119.05910362456666,92.41129648261744,-7.8363024821462695,117.34142651696938,126.51873309973503,-15.39129035279614,188.07125957151047,188.07125957151047,259.7281574260639,61.407636591691784,14113.66251929361,349.70802827578603
hgb_learning_rate_0.064,4,2025-04-10,99,pv,144,1,5.344201188374545,10917882.132801697,20267.796254492572,379248.3767,275.35182207901585,140.74858510064286,-29.509078011127663,273.1640156939789,267.0288387948222,-11.682141043342668,708.2178722670639,708.2178722670639,562.811372825062,870.7856850668181,74947.84023716718,494.4517674230751
hgb_learning_rate_0.064,4,2025-04-10,99,net,144,1,6.824595980644913,13126046.338279122,28989.857415737642,424784.96160000004,301.9157160059456,201.31845427595584,21.672775528981383,296.39955724282106,277.2614239157414,-3.7091493094534624,520.1466126955532,520.1466126955532,362.01819379511755,469.70919912961426,90683.39037225318,622.250672013903
hgb_learning_rate_0.064,4,2025-04-11,100,load,144,1,3.5369870354639596,2461117.0021917294,15299.307471927596,432551.9805,130.7328967513461,106.24519077727497,-14.820000285237658,134.95256970680458,154.33167206053233,-26.092951793743925,355.68000684570376,355.68000684570376,228.3464265019022,219.63240845444426,16871.457884543674,458.6588997647072
hgb_learning_rate_0.064,4,2025-04-11,100,pv,144,1,5.07328666426818,8418232.302413758,20326.22851938665,400652.0795,241.7849179426624,141.15436471796284,-93.35296027740098,247.63482710493906,156.7639155833268,-47.33741077150539,2240.4710466576234,2240.4710466576234,1428.3744882500155,8714.775192554005,49745.17135198597,402.4508879733891
hgb_learning_rate_0.064,4,2025-04-11,100,net,144,1,7.5301753322996365,11013278.75866254,29204.45412807556,387832.3258,276.55216956428325,202.80870922274693,78.5329599921633,282.87584809420184,211.3833296265893,21.244458977761433,1884.7910398119193,1884.7910398119193,1239.9269280440167,6167.4258051307215,70313.67668558138,407.2360880289871
hgb_learning_rate_0.064,4,2025-04-12,101,load,144,1,3.5246020605151305,2588135.613858104,15217.224598562563,431743.0546,134.0640294229803,105.67517082335114,1.9550007743993756,134.3474759270028,140.81304280610104,-25.204045606633954,46.92001858558501,46.92001858558501,203.7653276929724,3.8220280279021583,17969.341957097822,412.69368236133977
hgb_learning_rate_0.064,4,2025-04-12,101,pv,144,1,6.229144708150182,11418337.478826175,23520.757773607555,377592.09130000003,281.59192152763586,163.33859565005247,52.52626163501989,271.04952371228427,235.47099915565443,-52.13974661854102,1260.6302792404774,1260.6302792404774,850.2869960777873,2759.0081613505627,76535.00210827566,624.0837888328555
hgb_learning_rate_0.064,4,2025-04-12,101,net,144,1,8.89075804662561,15860926.388408333,31873.27764935365,358498.98829999997,331.8814880973697,221.34220589828925,-50.57126086062055,310.4136588124422,238.20290594691178,26.935701011907067,1213.710260654893,1213.710260654893,924.8695700897871,2557.452425032932,107587.86971669161,429.27420478053347
hgb_learning_rate_0.064,4,2025-04-13,102,load,144,1,2.106758464112861,2405358.4411161677,14825.225039215511,703698.3732,129.24348363962773,102.95295166121883,-3.2315797949191247,125.22691038686709,119.47651237729299,-6.88719399605303,77.557915078059,77.557915078059,144.05009698938122,10.443107970929532,16693.43495533579,324.900302583525
hgb_learning_rate_0.064,4,2025-04-13,102,pv,144,1,4.262734244870417,6337705.50414866,16114.850015366355,378040.2223,209.78999923449675,111.90868066226636,49.00138691558343,222.5842600455673,206.37512790968188,-21.762994948394986,1176.0332859740024,1176.0332859740024,900.9153442611498,2401.135919650711,41610.70785915943,354.22651698686155
hgb_learning_rate_0.064,4,2025-04-13,102,net,144,1,6.5437029209511826,9381957.620284937,26757.644180476404,408906.7689,255.24984519917138,185.81697347553057,-52.232966710502566,260.5297104207637,215.62217355892346,14.875800952341946,1253.5912010520617,1253.5912010520617,998.8869445247411,2728.2828113804694,62424.2006628205,434.93376469691526
hgb_learning_rate_0.064,4,2025-04-14,103,load,144,1,1.9852495489163917,2133471.8161067152,14043.818816172654,707408.2361,121.72007435399092,97.52651955675454,-31.552999525757603,121.55670367204057,120.31498225562724,-45.08437752307524,757.2719886181825,757.2719886181825,588.2253676373566,995.5917790724595,13820.18472166862,434.06352277715933
hgb_learning_rate_0.064,4,2025-04-14,103,pv,144,1,4.552148804374148,6821825.04262604,17855.350532400564,392240.0453,217.65519754473218,123.99548980833725,-28.54986981220239,227.45879034437644,127.51574890065838,-6.507778390865927,685.1968754928574,685.1968754928574,454.40568389381446,815.0950662937055,46558.68995194268,263.14738069111917
hgb_learning_rate_0.064,4,2025-04-14,103,net,144,1,6.771497068190273,9190855.798386252,27625.94654159798,407973.9866,252.63686882320525,191.8468509833193,-3.0031297135552233,261.72913424023267,201.01668035687902,-38.57659913220932,72.07511312532536,72.07511312532536,601.7826595336907,9.018788076438277,63816.368700716965,612.4222463902823
hgb_learning_rate_0.064,4,2025-04-15,104,load,144,1,2.046599140807213,2178022.1006610775,14374.113692379084,702341.431,122.98436273288178,99.82023397485474,33.00477264568125,121.0400921504392,104.07133451591639,19.796264739707503,792.11454349635,792.11454349635,534.1551733942546,1089.3150173931092,14035.838459419929,208.27802452572982
hgb_learning_rate_0.064,4,2025-04-15,104,pv,144,1,8.196081307213012,22502440.87180479,32907.66461409015,401504.858,395.3061478128621,228.52544870895937,-104.35290569904315,423.4266707508436,470.5892534081249,-186.25168249867,2504.4697367770355,2504.4697367770355,2076.2615300206453,10889.528927833391,145377.42157081098,1409.6255311492707
hgb_learning_rate_0.064,4,2025-04-15,104,net,144,1,10.253271509731155,27385223.459193606,42692.50698850338,416379.3668,436.09077370550585,296.47574297571794,137.3576783447244,465.53158780853687,509.15788497072816,206.04794723837753,3296.584280273386,3296.584280273386,2585.402281664665,18867.131800252773,171308.03111081396,430.28162938921804
hgb_learning_rate_0.064,4,2025-04-16,105,load,144,1,1.87089883193279,1884759.7605933845,13237.531783622113,707549.3104000001,114.40546074626495,91.92730405293133,-36.39381174258355,114.75370592299943,108.48645244092242,39.041447276263824,873.4514818220053,873.4514818220053,540.7051824028229,1324.5095331546124,11764.099915410558,138.55403589626454
hgb_learning_rate_0.064,4,2025-04-16,105,pv,144,1,4.93562082279699,9554988.84014702,18403.536164726545,372871.7587,257.5928748387417,127.80233447726768,75.8256794405209,257.04858371718564,263.69227386922114,111.34315668262124,1819.8163065725014,1819.8163065725014,1334.4729704101053,5749.533662616634,60604.55550507102,41.585927152028056
hgb_learning_rate_0.064,4,2025-04-16,105,net,144,1,6.511396822815708,11183268.661738928,26074.007383122076,400436.4669,278.67828750862986,181.06949571612552,-112.21949118310444,277.44134979689613,251.9163519810823,-72.30170940635743,2693.2677883945066,2693.2677883945066,1843.771680509721,12593.214201394854,65068.37372734769,674.4009631605477
hgb_learning_rate_0.064,4,2025-04-17,106,load,144,1,1.7061007420850882,1581977.6355666346,12026.683837326744,704922.2558,104.81391034851278,83.5186377592135,8.827546017152006,99.02572363969585,81.15757268188395,6.870998972611182,211.86110441164814,211.86110441164814,96.38136682895812,77.92556868493624,10908.030233861136,182.2875431804041
hgb_learning_rate_0.064,4,2025-04-17,106,pv,144,1,3.980667353141836,5771951.940578178,15433.533037219328,387712.2017,200.20739144034732,107.17731275846755,6.634546999487826,209.3702641155713,202.89094823101644,-3.8577199748309408,159.2291279877078,159.2291279877078,214.05356984800397,44.01721388841292,40038.98237346004,339.7780180871371
hgb_learning_rate_0.064,4,2025-04-17,106,net,144,1,5.34609192091088,7921018.419765087,21808.541002981947,407934.2691,234.5358658275526,151.44820140959686,2.1929990176642016,243.4996839115994,237.15373618162263,10.728718947442177,52.63197642394084,52.63197642394084,176.71153516510083,4.809244691476153,55002.2631147883,443.27433193217365
hgb_learning_rate_0.064,4,2025-04-18,107,load,144,1,3.2409283562611404,2108079.049970967,13901.671022419563,428941.0161,120.99354465020275,96.53938210013585,20.949960242943853,121.63263814725715,89.72800281942413,-3.24770906393519,502.79904583065246,502.79904583065246,179.14874135038423,438.90083418092803,14200.537012839677,224.89727738788415
hgb_learning_rate_0.064,4,2025-04-18,107,pv,144,1,4.814152142494849,6889531.966844252,18814.491905508876,390816.313,218.73264957928427,130.65619378825608,83.93641519065694,213.71021268383578,213.2176554485319,68.50143406085951,2014.4739645757666,2014.4739645757666,1338.7062823757954,7045.321795058346,40798.65019691563,226.10805804548477
hgb_learning_rate_0.064,4,2025-04-18,107,net,144,1,7.090932109848374,8855039.643987412,26065.666394036558,367591.5379,247.97848870622568,181.01157218080942,-62.98645494771309,246.77657367863586,244.38288843805668,-71.74914312479474,1511.6749187451142,1511.6749187451142,1231.2116960947537,3967.2935068802913,57526.037354143395,730.10541764619
hgb_learning_rate_0.064,4,2025-04-19,108,load,144,1,3.2474313065191653,2201254.0903936746,14010.473814951225,431432.49210000003,123.63853258125059,97.2949570482724,-9.399076394980487,119.58917434342239,89.63201242900736,-17.559756349362956,225.57783347953168,225.57783347953168,248.85339851030548,88.34263707867937,15198.144101766287,249.2511965540867
hgb_learning_rate_0.064,4,2025-04-19,108,pv,144,1,5.321257600381004,8424190.226748016,20791.452714871837,390724.4166,241.87046330439657,144.3850882977211,-5.616701462651823,253.45988280181373,266.3384475127968,113.20210392382688,134.80083510364375,134.80083510364375,453.47005124474975,31.547335320555124,58469.773683762905,174.74797070279445
hgb_learning_rate_0.064,4,2025-04-19,108,net,144,1,8.085664346446654,12037513.53012235,29461.73720864942,364370.02509999997,289.1260001438525,204.59539728228765,-3.782374932328663,306.2001960430779,309.69172875628107,-130.76186027318985,90.77699837588791,90.77699837588791,600.2863900101277,14.306360128708258,83579.53759905427,1034.960958308864
hgb_learning_rate_0.064,4,2025-04-20,109,load,144,1,1.9845067773796046,2494394.1530164503,13954.791650439916,703186.8981000001,131.61375922816654,96.9082753502772,-0.7243719014898917,131.89497297798422,95.54480033088772,26.785382960112265,17.3849256357574,17.3849256357574,310.0027657576154,0.5247146516680814,17321.656903518124,150.3060013544481
hgb_learning_rate_0.064,4,2025-04-20,109,pv,144,1,4.965245775856744,8240467.888908958,19435.979355987525,391440.4288,239.21845967808724,134.97207886102447,-11.878644690372482,255.7732982029934,303.5225836908155,117.6558888113242,285.0874725689396,285.0874725689396,351.8811829652938,141.10219968011435,57084.36925107655,158.25556941610722
hgb_learning_rate_0.064,4,2025-04-20,109,net,144,1,6.327338492059586,10013549.55118725,26001.94207948193,410945.96270000003,263.7016089255268,180.56904221862453,11.154272788882581,281.4226583434999,335.26616582891666,-90.87050585121196,267.70254693318196,267.70254693318196,209.05914044344445,124.4178014488064,69414.12074846265,944.140544852885
hgb_learning_rate_0.064,4,2025-04-21,110,load,144,1,2.1422067405749163,2581297.4945981493,15228.729798481982,710889.8273,133.88680684003364,105.75506804501376,-36.77063621770254,134.3375219385086,139.4949468791274,-5.2678978007964155,882.4952692248609,882.4952692248609,563.8637920293697,1352.0796878546175,16573.597357965864,353.91762559569787
hgb_learning_rate_0.064,4,2025-04-21,110,pv,144,1,6.177231261761135,15499471.220408114,25931.29811601594,419788.365,328.07806511315215,180.0784591389996,-170.6317118548269,317.92824636155115,284.20059006362095,-154.13943771512646,4095.1610845158452,4095.1610845158452,2671.4341991242572,29115.181090508675,78520.03571788101,974.7640062720557
hgb_learning_rate_0.064,4,2025-04-21,110,net,144,1,8.113725316421908,18331681.085604187,33891.85598294722,417710.17209999997,356.79593729785,235.36011099268904,133.86107563712437,339.67316388290226,338.0674556482894,148.87153991433,3212.6658152909845,3212.6658152909845,2142.0071828222667,17918.78757072793,109384.55330152337,292.91371428662586
hgb_learning_rate_0.064,4,2025-04-22,111,load,144,1,1.861329176416298,1915259.5253260317,13157.103209707911,706866.0061000001,115.32741812040909,91.36877228963827,6.985434558254604,116.67518728098514,113.56693209167092,17.78200007896707,167.6504293981105,167.6504293981105,148.84079497069277,48.79629596765769,13251.617074352007,224.36303225832594
hgb_learning_rate_0.064,4,2025-04-22,111,pv,144,1,5.1211054010991255,9961314.91185476,20174.51433651742,393948.4302,263.0129236349259,140.1007940035932,85.21940009594518,245.59682027975305,221.08744870178282,48.63128461879544,2045.265602302684,2045.265602302684,1422.1218493983629,7262.34615271278,61913.45184627861,186.22613482089392
hgb_learning_rate_0.064,4,2025-04-22,111,net,144,1,7.002290943183209,12439375.838599466,28179.333818355495,402430.20530000003,293.9124945195738,195.68981818302427,-78.23396553769055,279.2561898084363,245.07908559221272,-30.849284539828304,1877.6151729045732,1877.6151729045732,1288.3338764011428,6120.553363752553,80264.00107096595,608.7779745402709
hgb_learning_rate_0.064,4,2025-04-23,112,load,144,1,2.0631392324898155,2370015.9847156256,14610.80313876471,708183.0886,128.29046861829977,101.46391068586604,-15.698323524294999,129.36367761435568,130.0673972522682,9.594981174856976,376.75976458307997,376.75976458307997,350.9981491311851,246.43736147343375,16212.006976829518,302.4417508975882
hgb_learning_rate_0.064,4,2025-04-23,112,pv,144,1,4.822189666419715,8366578.537692156,19278.32288304454,399783.58830000006,241.0419877222315,133.87724224336486,-31.704224396209952,254.98244897769064,218.31136296936572,-61.414755117759796,760.9013855090388,760.9013855090388,603.3361949545566,1005.1578445652343,57096.08200051917,539.9077544566443
hgb_learning_rate_0.064,4,2025-04-23,112,net,144,1,7.1828071796019834,10592921.27228496,28674.723061167097,399213.32070000004,271.2230692248664,199.13002125810485,16.00590087191497,283.2343872908003,253.39708433656008,71.0097362926168,384.14162092595933,384.14162092595933,355.86207809229523,256.1888627215684,73305.7644170351,355.03855631515034
hgb_learning_rate_0.064,4,2025-04-24,113,load,144,1,1.7368945592160465,1582989.6459703206,12244.875253379949,704986.678,104.8474303575041,85.03385592624964,4.994127031069685,107.23251362811583,118.01878472921689,-8.10809006250967,119.85904874567245,119.85904874567245,110.93570396354768,24.94130480246091,10968.04234776921,311.72588427392446
hgb_learning_rate_0.064,4,2025-04-24,113,pv,144,1,5.819282566957394,16966458.257521287,24583.328632497647,422446.03780000005,343.25300696183604,170.71755994790033,-148.77368156326713,366.60281007297823,374.34204619907536,-161.61683251709923,3570.5683575184116,3570.5683575184116,2246.9512024146234,22133.60832588841,95689.01846245385,1080.563771532578
hgb_learning_rate_0.064,4,2025-04-24,113,net,144,1,7.946439414112179,20037433.175620582,32892.07307794796,413922.15260000003,373.0265962332514,228.4171741524164,153.76780859433683,396.0366804690449,402.8719369577731,153.50874245458954,3690.427406264084,3690.427406264084,2344.617278763334,23644.538959904607,115504.30253746052,325.02182797436905
hgb_learning_rate_0.064,4,2025-04-25,114,load,144,1,3.2218980862465876,1953196.1046268293,13872.846434218749,430579.9272,116.46399373920815,96.33921134874132,6.334930886315665,119.41699492613267,131.14121984327852,1.4835056029198137,152.03834127157597,152.03834127157597,353.16536387387526,40.13134933439618,13523.730488351917,313.85484013288755
hgb_learning_rate_0.064,4,2025-04-25,114,pv,144,1,4.534100462279375,8654886.738007532,18978.73711692205,418577.7813,245.15990725453523,131.7967855341809,-61.20261565181444,249.98453426761898,223.0873665145219,-15.341059485826369,1468.8627756435465,1468.8627756435465,875.7399285273605,3745.760162623722,56357.61996242859,391.800965515085
hgb_learning_rate_0.064,4,2025-04-25,114,net,144,1,6.6341106765452285,9417869.018655341,25466.630284214392,383874.06429999997,255.7378896157285,176.8515991959333,67.53754653813012,260.8726982972006,255.67551357231824,16.824565088746176,1620.9011169151227,1620.9011169151227,1070.438066210894,4561.3201923900915,60840.54799271644,461.1276634520511
hgb_learning_rate_0.064,4,2025-04-26,115,load,144,1,3.6130468175246087,2580536.226984037,15630.240919414051,432605.5462,133.86706265981533,108.54333971815313,-21.090104219374485,134.19563337916864,127.48285965653213,-25.277583260962654,506.16250126498767,506.16250126498767,270.3528636953021,444.79249598407745,17475.597969182843,385.40144983845363
hgb_learning_rate_0.064,4,2025-04-26,115,pv,144,1,10.221705783660088,42285590.86846775,44176.616216290546,432184.3844,541.8947652326802,306.78205705757324,-128.88798341621688,496.7942622093778,388.3670976595145,-26.116404912750816,3093.3116019892054,3093.3116019892054,2747.6415926467844,16612.112269098998,277037.82431748253,794.3785539786519
hgb_learning_rate_0.064,4,2025-04-26,115,net,144,1,12.402196669889557,39550613.02634834,49783.3640429997,401407.6326,524.0773176786006,345.7178058541646,107.79787919684236,482.0668175698114,390.66564504408234,0.8388216517881423,2587.1491007242166,2587.1491007242166,2533.76410755811,11620.382759337019,263036.6521458597,836.8745336716489
hgb_learning_rate_0.064,4,2025-04-27,116,load,144,1,2.1151793067192504,2631094.394523532,14852.68619253966,702195.1351999999,135.17207126791342,103.14365411485875,26.60677478300606,130.56258860373256,117.71285457643404,5.574188442175215,638.5625947921454,638.5625947921454,442.39188550577927,707.9204643536071,17563.568386504252,248.2762946450906
hgb_learning_rate_0.064,4,2025-04-27,116,pv,144,1,5.093879948525473,10579893.757210823,20923.33133801044,410754.3081,271.0562384913418,145.30091206951695,24.909849537886718,246.87864010052402,138.4928817108428,56.356598464608524,597.8363889092813,597.8363889092813,431.2068181677183,620.5006040001551,72850.983821075,94.89866118987611
hgb_learning_rate_0.064,4,2025-04-27,116,net,144,1,7.198459497244975,14902003.846127048,30494.661457097034,423627.60349999997,321.69261387281915,211.76848234095164,1.6969252451193502,292.3931384136836,188.4949277329921,-50.7824100224333,40.726205882864406,40.726205882864406,423.03090053603086,2.8795552875233668,103483.25826503921,570.7686424011487
hgb_learning_rate_0.064,4,2025-04-28,117,load,144,1,2.102611321073576,2265816.5138910124,14828.11555863062,705223.8048,125.43857820471706,102.97302471271263,2.0785436603085703,121.49000863270207,111.84953284758464,15.520351146887228,49.88504784740568,49.88504784740568,96.9338099771718,4.320343747808949,15730.51655827311,229.01194706194187
hgb_learning_rate_0.064,4,2025-04-28,117,pv,144,1,14.449294818825809,59491448.40520714,52811.01674926648,365492.0009,642.7558310661165,366.74317186990606,359.95875269380326,633.6023150503362,578.4498264151243,339.97678607248895,8639.010064651278,8639.010064651278,5832.069390633772,129570.30364087861,283564.7547286154,14.790465402297905
hgb_learning_rate_0.064,4,2025-04-28,117,net,144,1,15.818783511798728,63641343.59909231,60984.403494193575,385518.92089999997,664.7960401459206,423.50280204301094,-357.8802090334947,650.4038146788373,579.460452421286,-324.45643492560157,8589.125016803873,8589.125016803873,5844.0913874455,128078.24401785784,313875.5309758387,2115.7783590146723
hgb_learning_rate_0.096,4,2025-04-01,90,load,144,1,2.162303020388301,2534836.3555107336,15304.843005064715,707802.8778,132.67641179426852,106.28363197961608,-41.70535740791677,133.41348853592223,140.84288415210804,-56.996703118558976,1000.9285777900026,1000.9285777900026,755.0868378958629,1739.3368365220783,15863.693410080237,499.52228201225915
hgb_learning_rate_0.096,4,2025-04-01,90,pv,144,1,10.613082347109373,42708457.89702693,36779.612325848066,346549.7687,544.5975699301257,255.413974485056,215.30263413106059,473.41449268303523,202.67856537582153,-0.4823229461490068,5167.263219145454,5167.263219145454,3516.7592667983195,46355.224263773336,250231.28891002474,333.27294157111993
hgb_learning_rate_0.096,4,2025-04-01,90,net,144,1,12.307934141602168,47903428.84882398,48997.252069881346,398094.8509,576.7691915654436,340.2586949297316,-257.00799153897736,511.22441262210907,271.59258215573584,-56.51438017240999,6168.191796935457,6168.191796935457,4202.337816290082,66053.10771489906,266609.5926241563,778.5916335245566
hgb_learning_rate_0.096,4,2025-04-02,91,load,144,1,2.0332339657161933,2010869.5395212183,14393.66534988663,707919.7767,118.17094313844957,99.95600937421271,-19.07949613182054,116.68762918458002,121.466004539688,-8.838234886606415,457.907907163693,457.907907163693,482.79565608086097,364.027172644155,13600.344629586529,331.3178748286714
hgb_learning_rate_0.096,4,2025-04-02,91,pv,144,1,12.093919200494202,38294172.42884815,41761.24200747496,345307.7643,515.6857114348934,290.00862505190946,183.113167486359,538.11762420775,570.3904324021462,272.4943829042634,4394.716019672616,4394.716019672616,3540.1600973707286,33530.43210688736,232401.32087122474,163.78892209902153
hgb_learning_rate_0.096,4,2025-04-02,91,net,144,1,12.210437111105001,39565702.09557265,49840.792684319305,408181.8876,524.177279275002,346.1166158633285,-202.1926636181796,545.9922107363599,574.6947379421306,-281.33261779086985,4852.623926836311,4852.623926836311,3979.5934259957016,40881.873221014335,233879.9468871291,1964.453686274491
hgb_learning_rate_0.096,4,2025-04-03,92,load,144,1,1.9789740112642356,2295504.572013636,13997.41649723518,707306.7366,126.25768876514775,97.20428123079985,-9.879065523493004,121.90522210804286,129.03164194647792,22.460980305690782,237.09757256383213,237.09757256383213,210.51660603335412,97.5959356174681,15843.408036699453,248.1771397547791
hgb_learning_rate_0.096,4,2025-04-03,92,pv,144,1,7.480358647136699,20748168.44098212,27836.326131647933,372125.555,379.5846454512825,193.3078203586662,-117.63258203962151,360.0082566570653,239.9870798889821,19.300782155500094,2823.181968950916,2823.181968950916,1998.877617597807,13837.424357308286,130247.07870506754,333.3895765032166
hgb_learning_rate_0.096,4,2025-04-03,92,net,144,1,7.917353129215388,20975535.056426488,34047.147210711526,430031.93940000003,381.6587977393559,236.43852229660783,107.75351651612851,369.27987761960054,282.37984731910774,3.16019815019072,2586.0843963870843,2586.0843963870843,1819.362720508205,11610.82032159158,134052.61757025906,490.0812724985623
hgb_learning_rate_0.096,4,2025-04-04,93,load,144,1,3.316280494650539,2276698.629142752,14273.752471122218,430414.5109,125.73944149241584,99.12328104945985,-8.380229720534167,122.56250539985761,102.1262173135636,2.1027556796509543,201.12551329282005,201.12551329282005,169.40509750647604,70.22825016892416,15740.17889665574,225.5998953243499
hgb_learning_rate_0.096,4,2025-04-04,93,pv,144,1,5.738175801240718,13320880.643592812,22483.87687828153,391829.6974,304.1481803011579,156.1380338769551,-137.87799990233336,325.84279963942214,352.0430848877263,-145.43089209702424,3309.071997656001,3309.071997656001,2160.2693116555197,19010.342857067837,73495.77272343781,993.0718335983114
hgb_learning_rate_0.096,4,2025-04-04,93,net,144,1,7.591319183233772,14803787.081428792,29160.0847978599,384124.0777,320.63074861024575,202.5005888740271,129.4977701817992,344.9410570315791,371.1029148952452,147.53364777667517,3107.9464843631813,3107.9464843631813,2008.219715519747,16769.672482058086,86034.40447230852,231.35195475661126
hgb_learning_rate_0.096,4,2025-04-05,94,load,144,1,3.5302473658386955,2578846.254445997,15378.338441918395,435616.4554,133.82322124640353,106.79401695776663,-38.2606972188495,131.27257412986842,114.15852683128743,-23.41802389428473,918.256733252388,918.256733252388,486.373122057408,1463.880951672478,16444.77359309139,364.2651727885425
hgb_learning_rate_0.096,4,2025-04-05,94,pv,144,1,9.336906434316246,26072847.01190506,33925.814372171175,363351.7655,425.51314619254015,235.5959331400776,217.9221371544717,439.54538952338856,388.58096127058485,214.39466657491545,5230.131291707321,5230.131291707321,3295.856002920231,47490.057861972375,133571.37972070163,20.97812234852995
hgb_learning_rate_0.096,4,2025-04-05,94,net,144,1,12.844949758031266,35407250.50618767,45645.12367349295,355354.6299,495.8665990674787,316.9800255103677,-256.1828343733212,514.2515166127824,446.9559680835445,-237.8126904692002,6148.38802495971,6148.38802495971,3768.9610451384065,65629.64462754854,180254.03944319917,1541.4610245078784
hgb_learning_rate_0.096,4,2025-04-06,95,load,144,1,1.973711524738139,2128861.2927148063,13879.782546253256,703232.5835,121.58848209097009,96.3873787934254,43.72263314020941,125.86350279964188,148.76115281698713,55.04246325331472,1049.3431953650258,1049.3431953650258,567.5683244091966,1911.6686487133381,12872.09032847282,190.7640773250511
hgb_learning_rate_0.096,4,2025-04-06,95,pv,144,1,3.353878173047747,3623143.2056602286,12636.478092688078,376772.1259,158.62129966046115,87.75332008811165,-1.0867717117012208,155.94166651318673,143.05738463570506,-66.90251737726912,26.0825210808293,26.0825210808293,162.74225282414272,1.1810727533540013,25159.53563322045,457.11590883560024
hgb_learning_rate_0.096,4,2025-04-06,95,net,144,1,5.3731586240999905,6074614.502546264,22633.90900255776,421240.29059999995,205.3894421199616,157.17992362887333,44.80940485191062,212.64310559174527,239.77819188767634,121.94498063058387,1075.425716445855,1075.425716445855,627.8878966787759,2007.882763182431,40176.94017116663,182.08828982629475
hgb_learning_rate_0.096,4,2025-04-07,96,load,144,1,1.9091256692393688,2008428.910625157,13403.796680731639,702090.8522000001,118.09920825497721,93.08192139396971,-2.9500846678774275,118.73719886699075,122.74657041970671,13.37985224021505,70.80203202905825,70.80203202905825,166.9531901232924,8.702999547645472,13938.719990904834,242.5202293327308
hgb_learning_rate_0.096,4,2025-04-07,96,pv,144,1,6.291136926824176,15710368.252477042,24072.062620534034,382634.53650000005,330.30255756062587,167.16710153148634,-49.542795184303685,349.4135859405797,289.1338984464836,-95.94961637031224,1189.0270844232884,1189.0270844232884,1044.6380031520819,2454.488554673864,106645.29097641668,795.4934987203193
hgb_learning_rate_0.096,4,2025-04-07,96,net,144,1,7.734466458413934,17546546.89705577,32130.316750617523,415417.36490000004,349.07165470493715,223.12719965706614,46.59271051642628,361.872400238637,289.5386683714887,109.32946861052729,1118.2250523942307,1118.2250523942307,937.2828453437642,2170.8806732675002,119680.13944517536,275.1901012269202
hgb_learning_rate_0.096,4,2025-04-08,97,load,144,1,1.785534256542627,1763506.5823127823,12610.866733288747,706279.7416,110.6642376212081,87.5754634256163,-18.793177485297743,110.73272444023628,99.74018594780915,-4.598127453663058,451.03625964714587,451.03625964714587,173.02543659719007,353.183519993902,11893.389968289308,264.59969737448256
hgb_learning_rate_0.096,4,2025-04-08,97,pv,144,1,7.410312692406652,18929302.76237884,28171.087703856436,380160.5799,362.5651547038251,195.63255349900302,-55.519047724344915,341.57280531835323,240.45913703206924,105.27723443851485,1332.457145384278,1332.457145384278,1009.1681235883232,3082.3646602180884,128371.12674519054,85.88802639420355
hgb_learning_rate_0.096,4,2025-04-08,97,net,144,1,8.340059287326012,21041428.49244465,36127.6992816971,433182.7633,382.25780724209187,250.886800567341,36.72587023904717,360.9919555203608,251.761713325832,-109.87536189217792,881.4208857371322,881.4208857371322,902.535886940462,1348.7895448153306,144772.24165271697,871.5682473193045
hgb_learning_rate_0.096,4,2025-04-09,98,load,144,1,1.8488562114021578,1804433.625945351,13054.129108690246,706065.1352,111.94100709331205,90.65367436590448,0.777230506991477,110.4200482040635,93.17961572108113,17.132413094137014,18.653532167795447,18.653532167795447,153.99461443490458,0.6040872609982284,12530.18498180394,186.62985018572076
hgb_learning_rate_0.096,4,2025-04-09,98,pv,144,1,8.578155374915422,20064908.479088455,30131.56587219028,351259.26910000003,373.28225542596056,209.24698522354362,163.67886994168197,365.7279267833876,249.96208105129097,51.88771692710189,3928.292878600367,3928.292878600367,2637.0790344697098,26790.77246538604,112548.86975050597,258.6994910511408
hgb_learning_rate_0.096,4,2025-04-09,98,net,144,1,9.127515733553434,22494467.33804296,36848.34295186135,403706.1565,395.2361050516633,255.89127049903715,-162.9016394346905,385.1094210469296,272.5482129021873,-34.75530383296489,3909.639346432572,3909.639346432572,2547.530581104196,26536.944130509914,129674.63460589951,655.9437196458042
hgb_learning_rate_0.096,4,2025-04-10,99,load,144,1,1.8804160048643086,2031075.177139812,13275.966482191667,706012.2041,118.7631623448011,92.19421168188657,-8.985074712950933,117.30740163096107,127.26023493771669,-18.109217179342888,215.6417931108224,215.6417931108224,262.1397350987794,80.73156759731029,14023.957162540273,360.0154536999676
hgb_learning_rate_0.096,4,2025-04-10,99,pv,144,1,5.341252337451838,10821550.46359659,20256.612785236903,379248.3767,274.1343758035437,140.67092211970072,-27.262445483005415,272.7990921275242,267.8979953611563,-10.82330297286538,654.29869159213,654.29869159213,530.216395808667,743.2409337138423,74406.4150634847,492.43548162980915
hgb_learning_rate_0.096,4,2025-04-10,99,net,144,1,6.8327925888896,13041138.747206911,29024.675374922335,424784.96160000004,300.937640587332,201.5602456591829,18.277370770054485,296.34580491505216,278.42521519448445,-7.285914206477489,438.6568984813077,438.6568984813077,332.07868655742243,334.0622822660421,90229.40124000417,635.3198358431164
hgb_learning_rate_0.096,4,2025-04-11,100,load,144,1,3.54677365091332,2471373.9758034814,15341.639670877723,432551.9805,131.00503530938445,106.5391643810953,-13.186574205061557,134.9843660377534,152.32886630754234,-23.287238926377174,316.4777809214774,316.4777809214774,202.91119723745106,173.88573926559485,16988.43353714747,449.338443449228
hgb_learning_rate_0.096,4,2025-04-11,100,pv,144,1,5.082376583367569,8449988.94513584,20362.64746928322,400652.0795,242.24053910455524,141.4072740922446,-93.54643774149957,248.19619215590487,158.23229124898683,-48.15760686410695,2245.1145057959898,2245.1145057959898,1431.508264122451,8750.936014124256,49929.542771541295,406.6635905166498
hgb_learning_rate_0.096,4,2025-04-11,100,net,144,1,7.564647820202879,11170880.325510932,29338.149579671826,387832.3258,278.52389092508406,203.73714985883214,80.35986353643801,284.9987109777933,212.56421672651362,24.870367937729757,1928.6367248745125,1928.6367248745125,1267.269691181337,6457.70766759494,71117.85014845319,396.4646844570105
hgb_learning_rate_0.096,4,2025-04-12,101,load,144,1,3.540059036371102,2596218.4235205986,15283.95901827192,431743.0546,134.27320882358453,106.138604293555,-1.1410026813612748,134.32078529550853,140.4154385952569,-27.588536227613684,27.384064352670595,27.384064352670595,193.56298102390002,1.3018871188736187,18027.992720663064,420.528172555378
hgb_learning_rate_0.096,4,2025-04-12,101,pv,144,1,6.187766487418071,11297431.930739246,23364.516884602446,377592.09130000003,280.09710531869376,162.25358947640586,52.946269645369526,269.34601070804985,232.95566073417206,-50.58718714497692,1270.7104714888685,1270.7104714888685,853.2744187480179,2803.3074693601784,75651.08093855127,614.7531838382166
hgb_learning_rate_0.096,4,2025-04-12,101,net,144,1,8.864953250866817,15807057.207236186,31780.767717625495,358498.98829999997,331.31741669554117,220.69977581684373,-54.087272326730805,309.31823908554423,236.85008179374356,22.998650917363243,1298.0945358415393,1298.0945358415393,952.4608482376713,2925.43302774594,106845.79757806091,439.9586406578663
hgb_learning_rate_0.096,4,2025-04-13,102,load,144,1,2.104276582000667,2420658.289148697,14807.760075167256,703698.3732,129.65387386413514,102.8316671886615,-0.29035351567772083,125.45227522916333,120.37071172995539,-4.48146677685693,6.968484376265299,6.968484376265299,128.47291151383334,0.08430516406641247,16810.042702813,319.55756353069165
hgb_learning_rate_0.096,4,2025-04-13,102,pv,144,1,4.2889146555601805,6396679.288146405,16213.822498136986,378040.2223,210.76381080598526,112.59598957039573,48.90009270983185,223.47151459916154,207.8067452559357,-23.352702203556298,1173.6022250359645,1173.6022250359645,900.9704417750349,2391.21906703015,42030.16487843099,361.71437654283636
hgb_learning_rate_0.096,4,2025-04-13,102,net,144,1,6.552062111504883,9432858.007431697,26791.825476475733,408906.7689,255.9413182449101,186.05434358663703,-49.19044622550958,261.0307323637304,217.07038471532226,18.87123542669935,1180.57070941223,1180.57070941223,955.9015021181688,2419.6999998647498,63086.258385077614,424.18606369450714
hgb_learning_rate_0.096,4,2025-04-14,103,load,144,1,1.9920438684420338,2158433.2508627754,14091.882392083995,707408.2361,122.43006084151948,97.86029438947219,-32.25129910606618,122.47403130151304,121.95856296282412,-46.728506831793084,774.0311785455883,774.0311785455883,605.4502616500816,1040.146294028945,13948.973503629219,443.2439767415156
hgb_learning_rate_0.096,4,2025-04-14,103,pv,144,1,4.556318321318337,6817349.732412886,17871.705047551244,392240.0453,217.58379184831182,124.10906283021697,-29.66942682278539,227.37984415710005,127.88262628628844,-6.5299836603585755,712.0662437468494,712.0662437468494,463.91655135544573,880.2748879926171,46462.43158709687,263.6330698040961
hgb_learning_rate_0.096,4,2025-04-14,103,net,144,1,6.803844641264216,9245129.284801306,27757.91622503609,407973.9866,253.38170158874746,192.7633071183062,-2.581872283280796,262.5388179534833,202.36984779737904,-40.19852317143456,61.9649347987391,61.9649347987391,607.6431782942301,6.66606448717359,64195.62063552188,622.7453473591763
hgb_learning_rate_0.096,4,2025-04-15,104,load,144,1,2.054003044135276,2189583.8106813096,14426.11437296326,702341.431,123.31035288949309,100.18134981224486,31.224903053642265,121.37267549048632,104.39298603381688,19.706039490907603,749.3976732874144,749.3976732874144,503.22749811001455,974.9945707093581,14230.448559021957,209.57293549988313
hgb_learning_rate_0.096,4,2025-04-15,104,pv,144,1,8.179747803676658,22464013.864935137,32842.08480391009,401504.858,394.9684750512018,228.07003336048672,-104.37312297767996,423.46751211137814,471.5803769904219,-187.81146949768902,2504.954951464319,2504.954951464319,2076.2620164085884,10893.748800113903,145106.3474841579,1415.6555845657779
hgb_learning_rate_0.096,4,2025-04-15,104,net,144,1,10.244369411589428,27316097.9512418,42655.44048862895,416379.3668,435.5400379544932,296.21833672658994,135.5980260313222,465.40896024714147,508.9267365391615,207.5175089885966,3254.352624751733,3254.352624751733,2554.678412041774,18386.824663591135,171308.29999781027,426.37076637234594
hgb_learning_rate_0.096,4,2025-04-16,105,load,144,1,1.8664716065752993,1866164.551683858,13206.206981135332,707549.3104000001,113.8396945417552,91.7097707023287,-35.08893835758201,114.67988296793747,109.03477967874208,40.36799084383733,842.1345205819681,842.1345205819681,518.1226947679353,1231.23359506219,11728.242458297937,136.2292189321805
hgb_learning_rate_0.096,4,2025-04-16,105,pv,144,1,4.913505127606137,9452000.91268694,18321.07298311968,372871.7587,256.2008884196006,127.22967349388666,74.06284111515492,255.16330376322907,260.10876767631885,108.49587922848383,1777.5081867637182,1777.5081867637182,1307.6303953514534,5485.304434048683,60153.590792943956,43.17230605263742
hgb_learning_rate_0.096,4,2025-04-16,105,net,144,1,6.491123113089586,11154046.54968949,25992.82405618523,400436.4669,278.3139532884866,180.50572261239742,-109.15177947273693,276.84402270515284,250.71893288786333,-68.1278883846465,2619.6427073456866,2619.6427073456866,1795.9391229150506,11914.110962064995,65544.5456330009,663.5919543482336
hgb_learning_rate_0.096,4,2025-04-17,106,load,144,1,1.7004181276527792,1575249.8339217873,11986.625823482096,704922.2558,104.59079767259732,83.24045710751456,7.599001976888546,98.6739192921642,78.94716497353929,5.088293344873541,182.3760474453251,182.3760474453251,94.15645746886794,57.74483104475603,10881.490126745433,183.53589850162098
hgb_learning_rate_0.096,4,2025-04-17,106,pv,144,1,4.012219171255623,5904413.103373581,15555.863285904668,387712.2017,202.49165112030582,108.02682837433798,7.516266311410279,211.47585603626456,203.98932884456644,-4.372000560110119,180.39039147384668,180.39039147384668,218.15854762539178,56.49425926404108,40946.3745141636,343.2968954755345
hgb_learning_rate_0.096,4,2025-04-17,106,net,144,1,5.374536126913933,8048795.196265881,21924.5746668418,407934.2691,236.41998875979107,152.25399074195695,0.08273566547825971,245.27023179946679,237.07908494735753,9.460293904983637,1.9856559714782331,1.9856559714782331,184.79596532318018,0.006845190342130495,55894.404239989395,443.41170615461994
hgb_learning_rate_0.096,4,2025-04-18,107,load,144,1,3.25507574116661,2117626.1155931847,13962.354958984664,428941.0161,121.26721285591402,96.96079832628239,23.153141277352702,121.84681046165079,88.9765042017743,1.0771474990539218,555.6753906564649,555.6753906564649,202.7969357343512,536.0679510090536,14169.668962832508,213.3905004388374
hgb_learning_rate_0.096,4,2025-04-18,107,pv,144,1,4.834364146206221,6967777.089204493,18893.483713197085,390816.313,219.97122743043786,131.2047480083131,83.99143916360188,214.54839389604072,212.4899588612605,67.19740632607025,2015.7945399264452,2015.7945399264452,1341.4846818445026,7054.561852773036,41332.7790444804,229.05290188209176
hgb_learning_rate_0.096,4,2025-04-18,107,net,144,1,7.079149690645391,8906664.924886897,26022.355218086486,367591.5379,248.700301077741,180.7108001256006,-60.838297886249165,247.12728263202797,243.53055424032078,-66.12025882701633,1460.11914926998,1460.11914926998,1201.6811729241356,3701.2984896959897,58150.54126646302,707.3274521453092
hgb_learning_rate_0.096,4,2025-04-19,108,load,144,1,3.204174141943403,2160121.0430531832,13823.848351810217,431432.49210000003,122.47791873132977,95.99894688757095,-11.282339270644478,117.89089205702768,86.63171254241922,-17.961895850665428,270.77614249546747,270.77614249546747,262.24284956662524,127.29117941792657,14873.549397340294,242.97600779573182
hgb_learning_rate_0.096,4,2025-04-19,108,pv,144,1,5.307225636870497,8393643.216340516,20736.626407307882,390724.4166,241.4315410263636,144.00435005074917,-4.301825609020467,253.1233517108954,266.93850677016417,113.4613625403189,103.2438146164912,103.2438146164912,456.1064783968892,18.505703570424313,58270.68329879427,175.08111006814178
hgb_learning_rate_0.096,4,2025-04-19,108,net,144,1,7.984552402804542,11787297.308671927,29093.31559422156,364370.02509999997,286.10528011594215,202.03691384876083,-6.980513661624021,302.8413146868559,305.8554361470552,-131.42325839098436,167.5323278789765,167.5323278789765,613.9472854010005,48.727570980119594,81807.50373924158,1029.2182930931374
hgb_learning_rate_0.096,4,2025-04-20,109,load,144,1,1.985030322098456,2496614.492684232,13958.473148308572,703186.8981000001,131.6723229978134,96.93384130769842,2.3771757032168415,132.35377967694555,97.59009463308372,29.802895279661115,57.052216877204195,57.052216877204195,274.3725565652479,5.650964323964485,17331.949679316538,146.5417974559215
hgb_learning_rate_0.096,4,2025-04-20,109,pv,144,1,4.9973248927505685,8333992.863718929,19561.549988711966,391440.4288,240.57213147514108,135.8440971438331,-11.154228387729043,257.43199333408654,305.7497482241791,117.89353216986807,267.70148130549705,267.70148130549705,346.27267536721564,124.41681092562045,57750.53363156694,164.7327858589871
hgb_learning_rate_0.096,4,2025-04-20,109,net,144,1,6.3969560996283334,10238890.19228015,26288.032827114028,410945.96270000003,266.65221565375487,182.5557835216252,13.531404090945882,284.71061463321547,339.42185384906713,-88.090636890207,324.75369818270116,324.75369818270116,224.6659545834801,183.09889667246696,70920.30521638412,949.1602835899631
hgb_learning_rate_0.096,4,2025-04-21,110,load,144,1,2.1666409858322613,2645019.193790033,15402.43036239398,710889.8273,135.52929146780085,106.9613219610693,-40.50929292212953,136.013345087715,140.85714688540787,-8.779114332855354,972.2230301311088,972.2230301311088,624.4619671463843,1641.0028130508938,16727.186032713224,365.60208358044906
hgb_learning_rate_0.096,4,2025-04-21,110,pv,144,1,6.178017788564799,15436151.847559309,25934.599864025324,419788.365,327.40723715486814,180.1013879446203,-170.15128948506708,317.57130218302814,284.69487494574975,-154.14298257567813,4083.63094764161,4083.63094764161,2662.4439947330343,28951.4613134311,78244.037627953,976.3214610625646
hgb_learning_rate_0.096,4,2025-04-21,110,net,144,1,8.098556905739686,18081056.01928691,33828.49598858168,417710.17209999997,354.3485417252705,234.9201110318172,129.64199656293758,337.4310993199099,335.80303427374406,145.3638682428228,3111.4079175105016,3111.4079175105016,2075.4208206167023,16807.04727282472,108755.84175000107,306.21516463306574
hgb_learning_rate_0.096,4,2025-04-22,111,load,144,1,1.841243071024357,1883753.1410611693,13015.121358742861,706866.0061000001,114.37490561809005,90.3827872134921,7.512800570465544,116.0149961167197,114.19244304103513,19.10890869205438,180.30721369117305,180.30721369117305,146.4630701976468,56.4421724115874,13025.176862735421,221.02995100072076
hgb_learning_rate_0.096,4,2025-04-22,111,pv,144,1,5.149296220730848,10052978.665010005,20285.571627917107,393948.4302,264.220271440984,140.8720251938688,85.97731538065517,246.4834029872135,220.81358804120623,46.897931467133915,2063.455569135724,2063.455569135724,1434.0188350686497,7392.098760064644,62420.25308028262,194.28156197265116
hgb_learning_rate_0.096,4,2025-04-22,111,net,144,1,7.032109362030842,12565759.99038097,28299.33214254124,402430.20530000003,295.4017978202289,196.5231398787586,-78.46451481018963,280.4121001263394,245.89968761777232,-27.789022775079477,1883.148355444551,1883.148355444551,1303.975697791574,6156.680084398467,81105.54207102495,604.7610497173981
hgb_learning_rate_0.096,4,2025-04-23,112,load,144,1,2.0500275847632907,2330794.501301596,14517.948666928654,708183.0886,127.22449813501143,100.81908796478233,-16.730785641494055,128.2519895732373,130.06108080998035,9.805856598662546,401.53885539585735,401.53885539585735,375.01008542083645,279.91918818162367,15906.1537375239,302.7242869692397
hgb_learning_rate_0.096,4,2025-04-23,112,pv,144,1,4.909959834541298,8638570.837071521,19629.213610617946,399783.58830000006,244.92871464456982,136.31398340706906,-31.18895397671682,258.44078941002977,221.44503628195915,-64.00099807967868,748.5348954412037,748.5348954412037,595.4087228449606,972.75085016176,59017.324407279346,551.8393979220469
hgb_learning_rate_0.096,4,2025-04-23,112,net,144,1,7.225012191601101,10818286.30752553,28843.211091070603,399213.32070000004,274.0930284533065,200.30007702132363,14.458168335222744,285.45082891527835,254.72569379020723,73.80685467834115,346.99604004534586,346.99604004534586,339.3922327517071,209.03863160963763,74917.94961509544,345.09294655470467
hgb_learning_rate_0.096,4,2025-04-24,113,load,144,1,1.7436596734415872,1586724.0563539108,12292.568407421493,704986.678,104.97102961299974,85.36505838487147,3.6627728928441297,107.18853208956368,118.4637668556309,-8.506201345201614,87.90654942825911,87.90654942825911,86.50576672329349,13.415905264553754,11005.501152748715,313.782401193918
hgb_learning_rate_0.096,4,2025-04-24,113,pv,144,1,5.83207600902743,17021652.65458666,24637.37402162075,422446.03780000005,343.81088000877367,171.0928751501441,-147.33956744395766,367.477451022215,377.4567171380655,-162.86411964070578,3536.1496186549834,3536.1496186549834,2221.7294261163534,21708.948134572547,96496.97307783482,1090.3861950714652
hgb_learning_rate_0.096,4,2025-04-24,113,net,144,1,7.938309390348224,20064294.413137984,32858.421108577306,413922.15260000003,373.2765434219163,228.18347992067572,151.00234033680178,396.52768603288956,405.7514307827834,154.35791829550433,3624.056168083243,3624.056168083243,2292.8220441748517,22801.706787191313,116533.67108182247,322.4449984924791
hgb_learning_rate_0.096,4,2025-04-25,114,load,144,1,3.2291233563947963,1957877.3003905404,13903.95699716291,430579.9272,116.60347396883583,96.55525692474242,6.554899948162532,119.41314519213356,130.06976971445357,1.9902926111021897,157.31759875590078,157.31759875590078,363.7421385218031,42.96671333042117,13553.403428270554,311.0489199451161
hgb_learning_rate_0.096,4,2025-04-25,114,pv,144,1,4.544055779546653,8831279.268822044,19020.4078630608,418577.7813,247.64556982855285,132.0861657157,-64.81224345034873,252.53213929412058,226.27721538038531,-22.41296043071573,1555.4938428083697,1555.4938428083697,928.1656961710224,4200.626901067272,57127.701354641365,411.6002137766688
hgb_learning_rate_0.096,4,2025-04-25,114,net,144,1,6.594025944798278,9434768.342316758,25312.75539529362,383874.06429999997,255.96723344877938,175.78302357842793,71.36714339851125,261.05717121662275,257.13171538865606,24.403253041817884,1712.8114415642701,1712.8114415642701,1131.8563740897669,5093.269156863667,60425.955442558276,437.4089198977265
hgb_learning_rate_0.096,4,2025-04-26,115,load,144,1,3.5314696622979658,2469109.1861784523,15277.333621471409,432605.5462,130.94499444684283,106.09259459355145,-16.734442771938202,131.3298759409008,126.00983593061677,-21.24541660548563,401.6266265265169,401.6266265265169,202.5841548019635,280.04157488727475,16866.54999579642,374.0785678241752
hgb_learning_rate_0.096,4,2025-04-26,115,pv,144,1,10.261611230704903,42201325.554180354,44349.08132694324,432184.3844,541.3545610715025,307.97973143710584,-124.23924574238026,497.8195010177341,390.79199479030615,-28.478546493373912,2981.7418978171263,2981.7418978171263,2692.65460750191,15435.390182635552,277629.3706102835,808.5360041914255
hgb_learning_rate_0.096,4,2025-04-26,115,net,144,1,12.67605952252801,40762084.68831652,50882.670436346554,401407.6326,532.0432619230824,353.3518780301844,107.50480297044209,491.3720529212131,397.49280509944765,7.23312988788826,2580.11527129061,2580.11527129061,2570.4061731349498,11557.282661713574,271512.74989603995,838.8468262697517
hgb_learning_rate_0.096,4,2025-04-27,116,load,144,1,2.116511420807182,2655457.431914692,14862.040232860432,702195.1351999999,135.7964528642729,103.20861272819745,27.333638680020144,131.51723537877174,119.46197215548474,5.253028525974186,656.0073283204835,656.0073283204835,456.98458739315936,747.1278034898934,17693.548807028805,248.58575656477092
hgb_learning_rate_0.096,4,2025-04-27,116,pv,144,1,5.1382603234620605,10841200.38317209,21105.625640013408,410754.3081,274.3831513996958,146.56684472231532,23.66180858880076,249.3156361914021,138.7887413280072,56.813243341355054,567.8834061312183,567.8834061312183,425.2739751153841,559.8811856930454,74726.23258633536,93.02789541446396
hgb_learning_rate_0.096,4,2025-04-27,116,net,144,1,7.234286709494125,15121583.038835665,30646.435417748966,423627.60349999997,324.05399754554435,212.82246817881227,3.6718300912193818,294.6502493225167,193.0756366804558,-51.56021481538086,88.12392218926516,88.12392218926516,436.1463212655658,13.482336218784134,104997.51098902889,575.4437745304976
hgb_learning_rate_0.096,4,2025-04-28,117,load,144,1,2.1233720550352313,2307620.8144058716,14974.525196579409,705223.8048,126.59045992682553,103.98975830957923,-2.5517287317499893,122.57669199420832,112.00581056058326,14.011047688352745,61.24148956199974,61.24148956199974,138.15028514188774,6.511319520438409,16018.633224964782,236.79248501782772
hgb_learning_rate_0.096,4,2025-04-28,117,pv,144,1,14.459743873220946,59702058.88549441,52849.207207250394,365492.0009,643.8925618061345,367.0083833836833,360.57456153736814,634.1636849326045,576.4242391978007,338.61129812189665,8653.789476896834,8653.789476896834,5844.776918672109,130014.01442786529,284583.61672140146,13.491138143617567
hgb_learning_rate_0.096,4,2025-04-28,117,net,144,1,15.885789505515625,64270198.85596441,61242.72427810928,385518.92089999997,668.0724701622136,425.29669637575887,-363.12629026911816,653.0102929921457,579.1971186923372,-324.6002504335438,8715.030966458837,8715.030966458837,5937.883219782201,131860.70268461187,314460.1227040298,2116.761588417468
extra_trees_min_samples_leaf_8,4,2025-04-01,90,load,144,1,2.1521003958528624,2526690.147711966,15232.628534991753,707802.8778,132.46304903296948,105.7821426041094,-42.65980831824621,132.68543458156407,139.150055063628,-54.792386574974884,1023.8353996379092,1023.8353996379092,777.1999926279105,1819.8592457495088,15726.600113361368,488.49223175804804
extra_trees_min_samples_leaf_8,4,2025-04-01,90,pv,144,1,10.63063220484933,42795215.51566279,36840.43131725307,346549.7687,545.1504348677961,255.8363285920352,215.77918141443976,474.2126436149506,203.39256429331246,-0.20503780409364303,5178.700353946554,5178.700353946554,3524.8211087796803,46560.65513188571,250628.34150466148,334.6788438681389
extra_trees_min_samples_leaf_8,4,2025-04-01,90,net,144,1,12.333963024481527,48145247.50182636,49100.87171237087,398094.8509,578.2231373271575,340.9782757803533,-258.43898973268597,512.2454212382387,270.75882366061643,-54.58734877088125,6202.535753584463,6202.535753584463,4229.584401370366,66790.71141405136,267551.28512640944,770.7965099113107
extra_trees_min_samples_leaf_8,4,2025-04-02,91,load,144,1,2.0047049726336477,1969631.9439718372,14191.702965761917,707919.7767,116.952980342168,98.5534928177911,-17.227253559565455,115.77951622235354,121.61682153721115,-7.625829741396956,413.45408542957097,413.45408542957097,463.6042723306707,296.7782652055606,13381.221345709973,327.3476365616087
extra_trees_min_samples_leaf_8,4,2025-04-02,91,pv,144,1,12.060110226180589,38075341.20457424,41644.49699413986,345307.7643,514.2101629668867,289.1978957926379,182.19317576037648,536.5787224559703,568.5022390797017,271.6622920726098,4372.636218249036,4372.636218249036,3525.3558110641484,33194.35329365143,231217.7384047808,162.38118852736253
extra_trees_min_samples_leaf_8,4,2025-04-02,91,net,144,1,12.144892813986747,39312271.86881278,49573.25273512786,408181.8876,522.4958257994666,344.25869954949906,-199.42042931994195,544.1831999514773,572.6185677881377,-279.2881218140067,4786.090303678607,4786.090303678607,3946.288267065076,39768.50763014996,233233.3803477165,1952.4782248797376
extra_trees_min_samples_leaf_8,4,2025-04-03,92,load,144,1,1.9824388399114996,2296869.289291313,14021.923463668925,707306.7366,126.29521438136172,97.37446849770087,-7.3949177126799714,121.91497911759697,129.27292876230993,25.41268089312603,177.4780251043193,177.4780251043193,189.98710722685394,54.68480797730798,15895.796367656809,241.7926231118081
extra_trees_min_samples_leaf_8,4,2025-04-03,92,pv,144,1,7.4807013184522,20745437.951507248,27837.60129918257,372125.555,379.55966768073694,193.31667568876784,-117.51461379005524,360.0077828308495,240.13408287923176,19.15901005567668,2820.3507309613256,2820.3507309613256,1997.0888205622268,13809.68445422584,130255.85687568558,333.788228999794
extra_trees_min_samples_leaf_8,4,2025-04-03,92,net,144,1,7.894980947981354,20860488.74476353,33950.93968586472,430031.93940000003,380.61070028569736,235.7704144851717,110.1196960773753,368.7521977566324,282.971413844062,6.253670837449375,2642.872705857007,2642.872705857007,1836.074532197633,12126.347464173505,132738.15770779544,475.8776743812379
extra_trees_min_samples_leaf_8,4,2025-04-04,93,load,144,1,3.3380399430375425,2315543.673251572,14367.408294471677,430414.5109,126.8075880914875,99.77366871160888,-6.282078247267744,123.41388275695233,101.86632180694478,2.5030284945769257,150.76987793442586,150.76987793442586,153.4766621526135,39.46450710479458,16040.699890475566,222.46352770884013
extra_trees_min_samples_leaf_8,4,2025-04-04,93,pv,144,1,5.7371172172306295,13306314.233625932,22479.729031758077,391829.6974,303.98184149013844,156.10922938720887,-137.9284950254233,325.5182302655943,350.9309908231755,-144.70925644301224,3310.283880610159,3310.283880610159,2160.500924629572,19024.26973997822,73380.69021575742,988.6378065023364
extra_trees_min_samples_leaf_8,4,2025-04-04,93,net,144,1,7.6162030839160995,14747966.851505402,29255.66985185168,384124.0777,320.0256809519941,203.16437397119222,131.64641677815555,344.3266317473464,369.9465820694996,147.21228493758917,3159.514002675733,3159.514002675733,2035.8309023438421,17330.779050527835,85085.65741825967,229.35922802282184
extra_trees_min_samples_leaf_8,4,2025-04-05,94,load,144,1,3.5226028707358705,2592484.754957168,15345.037763318243,435616.4554,134.17662372361744,106.56276224526557,-40.92613041656195,131.23994368315556,113.7449239025702,-28.33510875069751,982.2271299974868,982.2271299974868,528.7467283689532,1674.9481508734375,16328.418202995788,375.58120983708517
extra_trees_min_samples_leaf_8,4,2025-04-05,94,pv,144,1,9.344426579723486,26141430.258875914,33953.138953276546,363351.7655,426.07242357501,235.78568717553156,218.16173555354533,440.4634498530017,392.2484828693184,216.89341194627227,5235.881653285088,5235.881653285088,3300.2243462415076,47594.54285973504,133943.16727134766,19.95587037336175
extra_trees_min_samples_leaf_8,4,2025-04-05,94,net,144,1,12.903315108610094,35762146.716930896,45852.527649032185,355354.6299,498.3455037318967,318.42033089605684,-259.08786597010726,516.7318896559458,451.18754462281817,-245.22852069696975,6218.108783282575,6218.108783282575,3818.263921595273,67126.52229294427,181221.7187968536,1574.884705494139
extra_trees_min_samples_leaf_8,4,2025-04-06,95,load,144,1,1.9965667782019074,2153871.6474310756,14040.508135651988,703232.5835,122.30062140499997,97.50352871980547,43.00160637959456,126.71515738601305,148.1117560078654,55.94340483478182,1032.0385531102695,1032.0385531102695,553.1525156334117,1849.1381512255878,13108.303844823547,188.44232052744474
extra_trees_min_samples_leaf_8,4,2025-04-06,95,pv,144,1,3.3477287225974095,3610893.9179095123,12613.308677495173,376772.1259,158.3529355828459,87.59242137149425,-1.2636105571597196,155.76207810440656,142.74557177399362,-66.89370035538886,30.32665337183327,30.32665337183327,163.19877105918908,1.596711640165497,25074.055496064786,458.04972573064543
extra_trees_min_samples_leaf_8,4,2025-04-06,95,net,144,1,5.4173794097362835,6117004.667088246,22820.184768477684,421240.29059999995,206.1048254578279,158.4735053366506,44.26521693675428,213.55161793321062,240.44089903547584,122.83710519017066,1062.3652064821026,1062.3652064821026,615.1509006671081,1959.4094304579178,40519.789646543795,182.6762245684623
extra_trees_min_samples_leaf_8,4,2025-04-07,96,load,144,1,1.9022706120520192,1957656.4260215394,13355.667951306179,702090.8522000001,116.596896578838,92.74769410629291,-2.9989233306638394,117.25956051917395,120.93839030518275,17.154709018380395,71.97415993593215,71.97415993593215,186.29223720747933,8.993541143199897,13585.842750673044,228.2447928499421
extra_trees_min_samples_leaf_8,4,2025-04-07,96,pv,144,1,6.2631063275610295,15633818.922606641,23964.80786696532,382634.53650000005,329.4968694275351,166.42227685392584,-51.02734227029301,348.6148178121883,288.5663855968415,-97.08022134272909,1224.6562144870322,1224.6562144870322,1063.41446065461,2603.789659169632,105964.3973033765,798.5086634704477
extra_trees_min_samples_leaf_8,4,2025-04-07,96,net,144,1,7.658732373986866,17367633.561282847,31815.704212759454,415417.36490000004,347.28744059899077,220.9423903663851,48.02841893962918,360.041617778309,289.1515219519643,114.23493036110952,1152.6820545511002,1152.6820545511002,942.5498374051434,2306.7290258405305,118301.83737195702,258.6668980838634
extra_trees_min_samples_leaf_8,4,2025-04-08,97,load,144,1,1.7888607591093018,1775244.588117116,12634.361147020974,706279.7416,111.03192071418009,87.73861907653455,-18.498691673165336,111.12996145051696,100.02791849755963,-3.483244050566883,443.96860015596803,443.96860015596803,170.64141405985777,342.2015936188365,11985.885823861136,261.95436065799066
extra_trees_min_samples_leaf_8,4,2025-04-08,97,pv,144,1,7.421353012106004,19017099.518530264,28213.0586472483,380160.5799,363.40499597680906,195.92401838366877,-56.02755307542239,342.23496072064717,239.8094536435915,104.90483868179288,1344.6612738101373,1344.6612738101373,1015.8910222613948,3139.086703619273,128924.10439728532,84.09241659656426
extra_trees_min_samples_leaf_8,4,2025-04-08,97,net,144,1,8.365485983521861,21183984.648238145,36237.84334689418,433182.7633,383.5505240534209,251.65168990898735,37.52886140225704,361.88200347413607,247.65075525001163,-108.38808273235979,900.6926736541691,900.6926736541691,913.1334529843036,1408.4154381498186,145702.58906350392,860.7588422022909
extra_trees_min_samples_leaf_8,4,2025-04-09,98,load,144,1,1.842167066431358,1808807.012532229,13006.899388208443,706065.1352,112.07658011043873,90.32569019589197,0.4770562947387178,110.84340429700899,93.79291218967606,21.738331596372618,11.449351073729227,11.449351073729227,133.93536840583587,0.22758270834983438,12560.93222654324,170.02154703705887
extra_trees_min_samples_leaf_8,4,2025-04-09,98,pv,144,1,8.466715110247353,19532697.302410755,29740.121613034116,351259.26910000003,368.29842691320493,206.52862231273693,161.00908313056016,361.2901479178264,247.6548532660014,50.14067852828913,3864.2179951334438,3864.2179951334438,2592.971690055063,25923.92485054363,109719.80641619774,258.7625476726403
extra_trees_min_samples_leaf_8,4,2025-04-09,98,net,144,1,9.003472139458255,21829701.591164634,36347.57132575524,403706.1565,389.352218355878,252.41368976218916,-160.53202683582145,379.86383169830845,270.2409936125444,-28.40234693191649,3852.768644059715,3852.768644059715,2512.373560163394,25770.5316400169,125824.6182986264,628.7876237161651
extra_trees_min_samples_leaf_8,4,2025-04-10,99,load,144,1,1.900477774708374,2057586.5164296029,13417.605025649224,706012.2041,119.53574884938544,93.17781267811961,-5.774658917314336,117.79775862858398,126.74118804212827,-14.389975514113353,138.59181401554406,138.59181401554406,225.4903422074752,33.34668561131798,14255.448567372034,346.1501174701054
extra_trees_min_samples_leaf_8,4,2025-04-10,99,pv,144,1,5.3341821498113395,10880138.384067755,20229.79921338067,379248.3767,274.8754564453256,140.48471675958797,-27.337646975955103,273.3373610189095,267.6480967381032,-10.300680954279256,656.1035274229224,656.1035274229224,530.1037849305111,747.3469421819472,74809.16961384415,490.7041786343149
extra_trees_min_samples_leaf_8,4,2025-04-10,99,net,144,1,6.833080685749624,13135859.041149043,29025.89916705856,424784.96160000004,302.02854722908694,201.56874421568443,21.56298805864076,296.9436208598737,278.5086108402966,-4.089294559834128,517.5117134073782,517.5117134073782,359.55852481652374,464.962454017084,90756.28088729572,623.8758521157378
extra_trees_min_samples_leaf_8,4,2025-04-11,100,load,144,1,3.5585411097007613,2472148.1872494034,15392.540046917322,432551.9805,131.025553785464,106.89263921470362,-14.314240097272481,135.1431584680124,153.3291676616281,-25.32358113549479,343.54176233453956,343.54176233453956,223.9778920720355,204.8974695623633,16962.79827522516,457.7716862374946
extra_trees_min_samples_leaf_8,4,2025-04-11,100,pv,144,1,5.064651784929592,8382512.004723645,20291.632695754277,400652.0795,241.2714009610173,140.91411594273802,-93.21827237891722,247.06734303262635,155.95357096945625,-47.3117989796068,2237.2385370940133,2237.2385370940133,1425.3038217842545,8689.646305310001,49522.242616381984,400.1919666010537
extra_trees_min_samples_leaf_8,4,2025-04-11,100,net,144,1,7.537617648525304,11027657.71165337,29233.317836186958,387832.3258,276.7326441367664,203.0091516401872,78.90403228164475,283.10297643969176,211.55232745694994,21.988217844112032,1893.6967747594738,1893.6967747594738,1239.191317536743,6225.846310302836,70355.11002062337,404.4143178545102
extra_trees_min_samples_leaf_8,4,2025-04-12,101,load,144,1,3.5144224168420006,2596837.3493640367,15173.274694020798,431743.0546,134.28921290973793,105.36996315292221,-0.891640755850896,134.05468310659302,140.0649994941157,-28.008440784767508,21.399378140421504,21.399378140421504,204.23239142220282,0.7950232374943571,18032.797680679432,418.9161056631515
extra_trees_min_samples_leaf_8,4,2025-04-12,101,pv,144,1,6.2070208867030425,11375281.891160822,23437.219973529824,377592.09130000003,281.06051507293097,162.75847203840155,52.646268770468694,270.1880827621396,234.89444557689959,-52.16674130741644,1263.5104504912485,1263.5104504912485,851.71541760538,2771.6296154524275,76223.38351760885,621.9746775892164
extra_trees_min_samples_leaf_8,4,2025-04-12,101,net,144,1,8.93482673484911,16025567.223428844,32031.263450791987,358498.98829999997,333.59955226860154,222.4393295193888,-53.537909526319595,311.2561168907772,238.31372749526992,24.158300522648954,1284.9098286316703,1284.9098286316703,958.4712264244338,2866.3077564483824,108422.35351736302,444.1510282798954
extra_trees_min_samples_leaf_8,4,2025-04-13,102,load,144,1,2.1081071906425906,2415513.6714522447,14834.716005864131,703698.3732,129.51602409044273,103.01886115183424,-2.2617356678143716,126.06212727330454,122.24033945944879,-5.085368251964913,54.28165602754492,54.28165602754492,132.27263546547974,5.115448231063722,16769.28504796508,325.4550191968962
extra_trees_min_samples_leaf_8,4,2025-04-13,102,pv,144,1,4.204330901786979,6183244.103705384,15894.06188734309,378040.2223,207.21774818924348,110.3754297732159,48.24964863689468,220.35214205868607,206.4509731195328,-21.83368455199862,1157.9915672854725,1157.9915672854725,885.3779993550567,2328.028593583793,40611.16657103693,352.5794412205616
extra_trees_min_samples_leaf_8,4,2025-04-13,102,net,144,1,6.49480184099687,9181618.375240922,26557.68435447802,408906.7689,252.50987845419206,184.42836357276403,-50.511384304709054,258.49798556307144,215.458980929201,16.74831630003372,1212.2732233130173,1212.2732233130173,967.3486948926085,2551.399944378008,61209.83877257284,432.1869429158699
extra_trees_min_samples_leaf_8,4,2025-04-14,103,load,144,1,2.011950834059698,2210383.7888947986,14232.705906420946,707408.2361,123.89466260852622,98.83823546125657,-33.18571861268535,123.96347476615516,121.71598412848354,-43.240090366694,796.4572467044483,796.4572467044483,630.5306704030287,1101.2919198403308,14248.595503040215,434.2567624368855
extra_trees_min_samples_leaf_8,4,2025-04-14,103,pv,144,1,4.578752114906471,6897609.644801006,17959.699369683847,392240.0453,218.8608392969943,124.72013451169339,-28.822139651416414,228.49658824295543,128.20329102070002,-8.083509255205033,691.731351633994,691.731351633994,457.7877685328937,830.7157340857503,47069.351243699006,267.900444955538
extra_trees_min_samples_leaf_8,4,2025-04-14,103,net,144,1,6.865627478592901,9438801.050093763,28009.97412952052,407973.9866,256.02193170613333,194.5137092327814,-4.3635789612689315,265.26664929840905,202.72199046052663,-35.156581111488975,104.72589507045434,104.72589507045434,641.0696964379122,19.040821351228846,65528.1886931888,608.0939166987205
extra_trees_min_samples_leaf_8,4,2025-04-15,104,load,144,1,2.0785888607539835,2212872.8622816536,14598.790749226127,702341.431,123.9644007557561,101.38049131407033,31.827796478297955,122.16846748153053,106.39904573672393,22.680227497542305,763.8671154791509,763.8671154791509,503.75137303438095,1013.0086286639557,14354.164026069751,208.46394299860262
extra_trees_min_samples_leaf_8,4,2025-04-15,104,pv,144,1,8.166418599320142,22422353.38883985,32788.56740088593,401504.858,394.602062111311,227.6983847283745,-105.3207023214624,422.53333552241816,470.62712140513696,-186.25274891753645,2527.6968557150976,2527.6968557150976,2087.3429424571277,11092.450337486096,144618.33708501287,1409.1347794718706
extra_trees_min_samples_leaf_8,4,2025-04-15,104,net,144,1,10.258481735835815,27226398.909140635,42714.20129496681,416379.3668,434.82434918804853,296.62639788171396,137.14849879976035,464.3160153843411,511.6595448132684,208.93297641507874,3291.563971194248,3291.563971194248,2566.583464242869,18809.710723027867,170262.50392378215,428.8140943142359
extra_trees_min_samples_leaf_8,4,2025-04-16,105,load,144,1,1.865074167402388,1870270.4014331163,13196.31940990414,707549.3104000001,113.96485817497026,91.64110701322319,-32.55638422655003,114.37146909580716,111.79458172830978,46.769361720778406,781.3532214372008,781.3532214372008,486.6088279087536,1059.9181539067556,11928.07074493433,119.69002841156514
extra_trees_min_samples_leaf_8,4,2025-04-16,105,pv,144,1,4.88150995162519,9352454.0859638,18201.772007740365,372871.7587,254.84818582676445,126.40119449819697,73.43743008788232,254.41249899147047,260.25261744466945,108.22671944480989,1762.498322109176,1762.498322109176,1296.101156577149,5393.056137912603,59554.54168128046,43.31827480533443
extra_trees_min_samples_leaf_8,4,2025-04-16,105,net,144,1,6.439786482361623,10848910.931554519,25787.253465872676,400436.4669,274.480708332856,179.07814906856026,-105.99381431443238,272.95987272338016,245.33520571625243,-61.45735772403152,2543.8515435463773,2543.8515435463773,1749.2901199370565,11234.688672922372,64104.97057398401,634.331987956007
extra_trees_min_samples_leaf_8,4,2025-04-17,106,load,144,1,1.705086693879115,1591704.5962137696,12019.535585838297,704922.2558,105.13564638301035,83.46899712387706,8.17785055506902,98.86683020123942,77.44087233840258,8.911312103093602,196.26841332165645,196.26841332165645,102.33441826327302,66.87723970104267,10986.626900672358,165.78770598795367
extra_trees_min_samples_leaf_8,4,2025-04-17,106,pv,144,1,3.965991314348297,5775533.367869229,15376.63224409055,387712.2017,200.26949495667827,106.78216836173993,7.547456314335475,209.1381871271944,200.98266355535478,-4.2077554072260615,181.13895154405142,181.13895154405142,213.81698032290623,56.96409681680244,40050.90651338618,337.1126111271877
extra_trees_min_samples_leaf_8,4,2025-04-17,106,net,144,1,5.321125094095869,7935306.341625459,21706.69276049667,407934.2691,234.74729825722315,150.74092194789353,0.6303942407335449,243.22417890224457,234.3335068794521,13.119067510319686,15.129461777605078,15.129461777605078,179.83283539425017,0.39739689875002254,55105.896642166925,423.37581707812706
extra_trees_min_samples_leaf_8,4,2025-04-18,107,load,144,1,3.2371606888699507,2077608.2288004402,13885.509951628526,428941.0161,120.11592285049173,96.42715244186476,21.76123819553807,120.58272834130915,89.9517079963802,-1.7144307514726935,522.2697166929137,522.2697166929137,180.41544799738978,473.55148780294496,13954.283434422334,224.99880349703471
extra_trees_min_samples_leaf_8,4,2025-04-18,107,pv,144,1,4.792475650276429,6868985.877386933,18729.776637833114,390816.313,218.40625177679104,130.0678933182855,84.00279700565005,213.14571307037406,212.2999288211891,68.03211835369976,2016.0671281356015,2016.0671281356015,1342.3051109139026,7056.46990477245,40644.82091041459,223.77247859675595
extra_trees_min_samples_leaf_8,4,2025-04-18,107,net,144,1,7.077438248956847,8857696.944372052,26016.064103263307,367591.5379,248.01569372908043,180.6671118282174,-62.24155881011198,246.33306454322457,244.35004782683748,-69.74654910517246,1493.7974114426877,1493.7974114426877,1228.795087789185,3874.0116431126285,57637.77269280439,722.4717029042737
extra_trees_min_samples_leaf_8,4,2025-04-19,108,load,144,1,3.244358946576418,2171522.869369979,13997.21865588395,431432.49210000003,122.80073259626919,97.20290733252743,-10.718447961347392,118.34965669861074,87.3467939890775,-19.37638590950418,257.2427510723374,257.2427510723374,263.88180859544235,114.88512670011207,14965.134799480296,250.62444351815307
extra_trees_min_samples_leaf_8,4,2025-04-19,108,pv,144,1,5.243119933651917,8279448.379451647,20486.14977239976,390724.4166,239.7835884745817,142.26492897499833,-3.1806537179333847,251.6348727861619,265.82214004211426,115.0304834955595,76.33568923040123,76.33568923040123,451.9166052827862,10.116558073403462,57486.05274367414,163.40779397327296
extra_trees_min_samples_leaf_8,4,2025-04-19,108,net,144,1,7.935929690492393,11667640.902260918,28916.14900516548,364370.02509999997,284.649405485904,200.80659031364917,-7.537794243414055,302.0783214430804,307.394477449557,-134.4068694050637,180.90706184193732,180.90706184193732,612.4123969604261,56.81834205604606,80968.46570142255,1039.5012530139782
extra_trees_min_samples_leaf_8,4,2025-04-20,109,load,144,1,1.9580374920584205,2433470.1310840882,13768.663104040643,703186.8981000001,129.99653123267709,95.61571600028225,1.0025153857598132,130.7461724725422,93.38405889030618,29.237457206053378,24.06036925823552,24.06036925823552,288.37923135228687,1.0050370986851471,16898.093095429707,137.18387899116973
extra_trees_min_samples_leaf_8,4,2025-04-20,109,pv,144,1,5.000785594594559,8350037.08844152,19575.09657484957,391440.4288,240.80358940375615,135.93817065867756,-10.237408736287753,257.68059115862405,305.93840851715646,120.15931036657659,245.69780967090605,245.69780967090605,337.1312003612138,104.8045376338208,57881.56413209895,157.29407453795358
extra_trees_min_samples_leaf_8,4,2025-04-20,109,net,144,1,6.332611191302077,10099321.397105254,26023.610024144262,410945.96270000003,264.8285792145298,180.7195140565574,11.239924122047565,282.6207379759418,336.1967042907273,-90.92185316052321,269.7581789291416,269.7581789291416,213.439185140056,126.33589426938673,70007.84047451711,944.2281306248943
extra_trees_min_samples_leaf_8,4,2025-04-21,110,load,144,1,2.165726249064723,2620058.145542494,15395.927591766975,710889.8273,134.88828056185602,106.9161638317151,-39.66702173328799,135.4197993342017,139.43007295002036,-7.1113307062379745,952.0085215989117,952.0085215989117,613.0219573695477,1573.4726131891416,16621.375619744842,359.60175918463574
extra_trees_min_samples_leaf_8,4,2025-04-21,110,pv,144,1,6.209110331689858,15566585.014269765,26065.122742446933,419788.365,328.787598338681,181.00779682254813,-171.6173522950218,319.25407572529554,287.7233677350249,-156.75738854151865,4118.816455080523,4118.816455080523,2684.0967249655587,29452.51560875362,78648.76921256416,990.1622286363523
extra_trees_min_samples_leaf_8,4,2025-04-21,110,net,144,1,8.132305388442324,18259871.16532428,33969.46683376,417710.17209999997,356.09642074908237,235.89907523444447,131.95033056173384,339.5095726897784,339.0707256334717,149.6460578352807,3166.807933481612,3166.807933481612,2108.779185401672,17410.88973535083,109393.77113495664,292.7568868243361
extra_trees_min_samples_leaf_8,4,2025-04-22,111,load,144,1,1.849543200753472,1885912.3617816519,13073.792154260176,706866.0061000001,114.44043701193951,90.79022329347345,6.493212493600298,116.07030932499016,115.45986438965502,19.52977010001655,155.83709984640714,155.83709984640714,128.94168008365858,42.161808487047004,13054.451814996644,226.6713615670807
extra_trees_min_samples_leaf_8,4,2025-04-22,111,pv,144,1,5.13077406443874,10033777.227831876,20212.603883965152,393948.4302,263.96781721757344,140.365304749758,85.19694908505451,246.53057549159283,223.66210924723882,46.59775104502342,2044.7267780413083,2044.7267780413083,1423.1882167999197,7258.520133401371,62420.48839320889,197.3083097182964
extra_trees_min_samples_leaf_8,4,2025-04-22,111,net,144,1,7.033031652050195,12577320.572404388,28303.043716159584,402430.20530000003,295.53765238126675,196.54891469555267,-78.70373659145422,280.9398410988263,249.05316676826197,-27.067980945006866,1888.8896781949013,1888.8896781949013,1309.1516679524843,6194.2781534570095,81148.22582157346,606.6564493961358
extra_trees_min_samples_leaf_8,4,2025-04-23,112,load,144,1,2.054902535894052,2368588.172625606,14552.47224641422,708183.0886,128.25181860919832,101.05883504454319,-17.662575547473907,128.9562397665473,131.15497474315399,10.288105848239322,423.9018131393737,423.9018131393737,388.6610716275867,311.9665749702232,16136.562401596482,305.40053536939894
extra_trees_min_samples_leaf_8,4,2025-04-23,112,pv,144,1,4.8428699701940925,8494011.929257734,19360.99934354509,399783.58830000006,242.87073506945768,134.45138433017422,-30.128101049543982,256.2978377501353,218.55299278711652,-62.35225107298,723.0744251890555,723.0744251890555,578.4280759153118,907.7024728515332,58078.49148032718,538.1201851119732
extra_trees_min_samples_leaf_8,4,2025-04-23,112,net,144,1,7.220161602432608,10700930.99501054,28823.846892977548,399213.32070000004,272.6023125336326,200.1656034234552,12.465525502070076,284.03215613738655,255.57331966999095,72.64035692121932,299.17261204968185,299.17261204968185,324.18027457549056,155.38932604275942,74156.63147264154,357.07539308049854
extra_trees_min_samples_leaf_8,4,2025-04-24,113,load,144,1,1.7345563742056922,1583283.791009225,12228.391360549957,704986.678,104.85717107786644,84.91938444826359,5.519189362727199,107.23089844644562,118.42018622189642,-5.486872417497428,132.46054470545278,132.46054470545278,109.11173819429669,30.461451221641067,10964.56487523131,306.04714795833814
extra_trees_min_samples_leaf_8,4,2025-04-24,113,pv,144,1,5.825480801572324,17152122.263751976,24609.512829041967,422446.03780000005,345.1260062135919,170.89939464612476,-149.6399044394069,368.5324814792078,376.073410194211,-164.33233444858632,3591.3577065457653,3591.3577065457653,2259.060990434312,22392.10100063483,96719.85916430941,1088.7905035855
extra_trees_min_samples_leaf_8,4,2025-04-24,113,net,144,1,7.945221094409258,20227650.393070508,32887.030182808085,413922.15260000003,374.79300206423676,228.38215404727836,155.15909380213412,398.0589374703954,404.5705130031429,158.8454620310889,3723.818251251219,3723.818251251219,2356.617281408207,24074.344389499456,116395.45000682355,307.5857049045956
extra_trees_min_samples_leaf_8,4,2025-04-25,114,load,144,1,3.252458801877776,1973555.6525435536,14004.43474133532,430579.9272,117.06941354217169,97.25301903705083,6.471627095790041,119.35438484058584,128.73385240230266,0.5095739891867197,155.31905029896097,155.31905029896097,359.8732209989178,41.88195726696384,13663.365629841046,311.71521021859786
extra_trees_min_samples_leaf_8,4,2025-04-25,114,pv,144,1,4.508019656331507,8613227.355369788,18869.568658040305,418577.7813,244.56916988192654,131.038671236391,-63.64332450502052,249.03355779305505,219.4407473822895,-19.81711122898968,1527.4397881204925,1527.4397881204925,909.5283082365463,4050.472754051346,55763.6061026833,397.20872665123767
extra_trees_min_samples_leaf_8,4,2025-04-25,114,net,144,1,6.612716128236119,9251159.438683685,25384.50216208159,383874.06429999997,253.4643224768265,176.28126501445547,70.11495160081056,258.24013171584437,249.72781604361364,20.32668521817637,1682.7588384194532,1682.7588384194532,1104.047893230381,4916.106437984007,59328.05633065271,443.1938329651871
extra_trees_min_samples_leaf_8,4,2025-04-26,115,load,144,1,3.61204322439762,2574348.070288994,15625.899319885415,432605.5462,133.70645891199376,108.5131897214265,-22.960451545971985,134.887746070333,131.56790139851486,-29.274576318351325,551.0508371033276,551.0508371033276,292.2953496642199,527.1823351949273,17350.23481958975,408.19499362698997
extra_trees_min_samples_leaf_8,4,2025-04-26,115,pv,144,1,10.220177595707044,42210587.732524015,44170.01162659321,432184.3844,541.4139649804586,306.73619185134174,-125.2123285112804,496.66813583110337,387.00731321135885,-22.775148705662147,3005.0958842707296,3005.0958842707296,2696.5412936158677,15678.127211216804,277450.95426464436,778.5576790861727
extra_trees_min_samples_leaf_8,4,2025-04-26,115,net,144,1,12.353391457165301,39317589.59384811,49587.45619401788,401407.6326,522.5311633041088,344.35733468067974,102.25187696530844,479.93788061322357,383.66203686776277,-6.499427612689178,2454.0450471674026,2454.0450471674026,2447.6349692689364,10455.446342928575,262583.3702810167,849.8624440144373
extra_trees_min_samples_leaf_8,4,2025-04-27,116,load,144,1,2.088076660118415,2537985.362369239,14662.372726598147,702195.1351999999,132.75879763611292,101.82203282359825,27.041749155740426,128.50832497375055,120.13722944912763,6.729387729757895,649.0019797377703,649.0019797377703,447.58250242853114,731.2561974019881,16893.642152384393,248.14655460624704
extra_trees_min_samples_leaf_8,4,2025-04-27,116,pv,144,1,5.142226989003074,10739177.82584532,21121.918889611043,410754.3081,273.0890400411421,146.67999228896556,27.066129954569433,249.37560685381652,141.11307003779143,58.34859266951339,649.5871189096664,649.5871189096664,454.07398545404544,732.5753907176407,73845.04839987487,92.47703972329488
extra_trees_min_samples_leaf_8,4,2025-04-27,116,net,144,1,7.183310066695925,14623870.384130334,30430.484287518197,423627.60349999997,318.6764118119657,211.3228075522097,-0.024380798829017496,290.8660335638847,192.72699579689996,-51.61920493975553,0.58513917189642,0.58513917189642,409.1408283038877,0.0005944233515410209,101554.65485092619,579.584510835973
extra_trees_min_samples_leaf_8,4,2025-04-28,117,load,144,1,2.1229131705531104,2315407.121881563,14971.289033974957,705223.8048,126.8038490116823,103.96728495815942,3.2195582720866076,122.36774969918139,112.49144460946512,19.778914779380884,77.26939853007859,77.26939853007859,99.77063345573616,10.365555467361302,16068.85056871016,220.86635380011208
extra_trees_min_samples_leaf_8,4,2025-04-28,117,pv,144,1,14.356757924224073,58894471.53860594,52472.80180161587,365492.0009,639.5227796449188,364.39445695566576,357.85751998350315,630.284129270903,573.7712232487206,336.9119772868995,8588.580479604076,8588.580479604076,5801.254803487909,128062.00460874336,280927.3810760201,14.87293952940523
extra_trees_min_samples_leaf_8,4,2025-04-28,117,net,144,1,15.70649031848964,62904768.36330233,60551.49198710423,385518.92089999997,660.9377195996606,420.49647213266826,-354.63796171141655,645.9529042257939,573.3858746361359,-317.1330625075186,8511.311081073998,8511.311081073998,5805.424833485793,125768.08388682816,311070.5853027713,2081.1729356123883
extra_trees_min_samples_leaf_12,4,2025-04-01,90,load,144,1,2.1602660978198074,2521655.7558118417,15290.42560850636,707802.8778,132.33101792191013,106.18351117018307,-42.31155039053125,132.81040227961378,139.63472739580396,-55.785139400070676,1015.47720937275,1015.47720937275,772.2625065372374,1790.2672964504654,15721.231007798433,494.73484801360763
extra_trees_min_samples_leaf_12,4,2025-04-01,90,pv,144,1,10.656358110554423,43025408.455322325,36929.58438397005,346549.7687,546.614634562153,256.4554471109031,216.31830057714043,475.3931968473014,204.02847261819312,0.19529400709881076,5191.63921385137,5191.63921385137,3534.2215075484173,46793.60716458208,251993.951552934,333.72711123935596
extra_trees_min_samples_leaf_12,4,2025-04-01,90,net,144,1,12.348726825007017,48432480.01455681,49159.645642059986,398094.8509,579.9453998160134,341.38642806986104,-258.6298509676717,513.6171477950414,271.2007886156145,-55.980433407169485,6207.116423224121,6207.116423224121,4235.527151030883,66889.39981156007,269447.2669561955,775.0908409561331
extra_trees_min_samples_leaf_12,4,2025-04-02,91,load,144,1,2.0123546347631605,1986454.193948028,14245.856436827467,707919.7767,117.45135499987111,98.92955858907963,-17.71403439727302,116.15817722316548,121.17231539114677,-8.394591576722393,425.13682553455254,425.13682553455254,468.32976561017796,313.7870146277718,13481.033776677978,328.747410465224
extra_trees_min_samples_leaf_12,4,2025-04-02,91,pv,144,1,12.073162673819251,38123026.61619104,41689.568109267355,345307.7643,514.5320596330374,289.51088964768996,182.31214549830676,536.6215683190791,567.9343803811561,271.2962056476411,4375.491491959362,4375.491491959362,3527.065365870443,33237.71839619578,231505.52199401974,163.09985653883032
extra_trees_min_samples_leaf_12,4,2025-04-02,91,net,144,1,12.16764693897185,39324527.364325054,49666.130951998915,408181.8876,522.5772627904803,344.90368716665915,-200.02617989557976,543.9640793230145,571.2736640687896,-279.69079722436356,4800.628317493914,4800.628317493914,3952.104484702248,40010.472643618836,233076.5229419718,1950.9212956972988
extra_trees_min_samples_leaf_12,4,2025-04-03,92,load,144,1,1.9932777809402757,2329351.2689385973,14098.588023741559,707306.7366,127.18510321079376,97.90686127598305,-8.219968593787708,122.4027953245532,129.12203396931133,23.631730430342472,197.279246250905,197.279246250905,199.9051339521283,67.56788368285628,16108.482595057401,247.60471317539623
extra_trees_min_samples_leaf_12,4,2025-04-03,92,pv,144,1,7.499602357234646,20860134.32075113,27907.936894652506,372125.555,380.607466944758,193.80511732397574,-118.19119187797943,361.06556211817366,240.35898450039926,18.849456019149173,2836.5886050715067,2836.5886050715067,2008.278875327334,13969.157837537352,130892.88605656772,334.54662495836334
extra_trees_min_samples_leaf_12,4,2025-04-03,92,net,144,1,7.938654645552256,21130345.04499353,34138.750534536564,430031.93940000003,383.06462543140094,237.07465648983725,109.97122328419175,370.8058722377655,283.11348834964195,4.782274411193346,2639.309358820602,2639.309358820602,1838.6340651537107,12093.669950621557,134644.83730627794,482.27244577877065
extra_trees_min_samples_leaf_12,4,2025-04-04,93,load,144,1,3.3407207435313366,2319226.100421988,14378.946848805246,430414.5109,126.90837958340666,99.85379756114754,-4.914865860352105,123.10953105445215,100.33352047345082,5.012258092310883,117.95678064845053,117.95678064845053,143.73459895378255,24.155906425254635,16081.580902060772,211.09923742515147
extra_trees_min_samples_leaf_12,4,2025-04-04,93,pv,144,1,5.774781998175077,13426140.274206258,22627.310828959075,391829.6974,305.34748277584254,157.13410297888245,-138.88459959517098,326.77043130314456,351.4213703111755,-145.1754490084386,3333.2303902841036,3333.2303902841036,2175.7708402656963,19288.93200471097,73948.15323283247,992.0055448080378
extra_trees_min_samples_leaf_12,4,2025-04-04,93,net,144,1,7.639767127437443,14836641.540099729,29346.185016696865,384124.0777,320.98634381755124,203.79295150483935,133.9697337348189,345.3707764687048,370.6303272407791,150.1877071007494,3215.2736096356534,3215.2736096356534,2068.211275934945,17947.889556978273,85084.34336038097,222.75776170191565
extra_trees_min_samples_leaf_12,4,2025-04-05,94,load,144,1,3.5629311154949854,2635489.4777816995,15520.714233662935,435616.4554,135.28492252417826,107.78273773377038,-39.58856312031295,132.77255217543689,115.4095286431503,-28.50776395610583,950.1255148875107,950.1255148875107,510.3531838994188,1567.2543299310025,16734.75593244191,380.01828076111764
extra_trees_min_samples_leaf_12,4,2025-04-05,94,pv,144,1,9.337807012943882,26083557.329930022,33929.086640514404,363351.7655,425.6005342938149,235.61865722579446,217.73633348019519,440.02295531570485,392.875266815142,217.01260726651955,5225.672003524684,5225.672003524684,3292.858297198455,47409.110917398764,133726.70387378195,20.841093074623814
extra_trees_min_samples_leaf_12,4,2025-04-05,94,net,144,1,12.906341292964372,35757673.46931184,45863.28133524442,355354.6299,498.3143354050946,318.4950092725307,-257.3248966005081,517.1538465894156,453.405641800254,-245.52037122262539,6175.797518412194,6175.797518412194,3791.4462642776307,66216.10241046219,182101.07445975894,1580.3782863315864
extra_trees_min_samples_leaf_12,4,2025-04-06,95,load,144,1,1.981808539442069,2136121.952265546,13936.723391942076,703232.5835,121.79564944638332,96.78280133293109,42.96506300036959,125.53853672929145,146.13899705223162,53.81688767337922,1031.1615120088702,1031.1615120088702,552.8765259568797,1845.9966386257279,12988.183585440565,189.45554517630998
extra_trees_min_samples_leaf_12,4,2025-04-06,95,pv,144,1,3.3490577293922095,3615903.9654003996,12618.316004649296,376772.1259,158.46275336548157,87.62719447673122,-1.7299615687174423,156.1750453927866,143.8693906803982,-67.37022910206706,41.519077649218616,41.519077649218616,165.47575736994494,2.992767029239314,25107.451437140204,461.45587374638745
extra_trees_min_samples_leaf_12,4,2025-04-06,95,net,144,1,5.388239237641028,6066712.704018307,22697.43462286229,421240.29059999995,205.25581437187222,157.621073769877,44.695024569087,212.64835146938242,239.42011247937927,121.18711677544619,1072.6805896580881,1072.6805896580881,622.8891275782925,1997.6452212312909,40132.304112229176,181.63699446650807
extra_trees_min_samples_leaf_12,4,2025-04-07,96,load,144,1,1.9153557931630187,1986100.877644673,13447.537810880309,702090.8522000001,117.44090942199735,93.38567924222437,-3.8981130163920263,117.93458479000496,121.29432993639503,13.620593768651272,93.55471239340864,93.55471239340864,186.80876044734535,15.195285088564942,13777.17192077722,241.70739551355413
extra_trees_min_samples_leaf_12,4,2025-04-07,96,pv,144,1,6.265821631487037,15708200.167234028,23975.197557557163,382634.53650000005,330.27976532565486,166.49442748303585,-51.286368718875025,349.5678016517641,289.08882124623165,-97.14942250440407,1230.8728492530006,1230.8728492530006,1067.1196491043027,2630.2916163684026,106454.43176720123,798.2935710368129
extra_trees_min_samples_leaf_12,4,2025-04-07,96,net,144,1,7.689928386408402,17584434.443187263,31945.297865514876,415417.36490000004,349.4483196091939,221.84234628829776,47.38825570248303,362.2153126934702,289.22904575345575,110.77001627305543,1137.3181368595926,1137.3181368595926,940.1233107840586,2245.646778523915,119868.48129916543,266.32131021405365
extra_trees_min_samples_leaf_12,4,2025-04-08,97,load,144,1,1.7922802557675956,1772391.2022993658,12658.512359183193,706279.7416,110.94265292568967,87.90633582766105,-17.94991775401935,111.21848040030054,101.31819826744989,-6.060797288056215,430.79802609646435,430.79802609646435,164.59823102339843,322.19954737605906,11986.07269081398,273.7640605899226
extra_trees_min_samples_leaf_12,4,2025-04-08,97,pv,144,1,7.433486143449507,19023507.509741493,28259.18402972379,380160.5799,363.4662171920129,196.24433353974854,-56.29970755532131,342.6953836692723,241.1804551075578,104.95536730283489,1351.1929813277115,1351.1929813277115,1020.1126068243262,3169.6570708147037,128938.03396905676,87.13962213489931
extra_trees_min_samples_leaf_12,4,2025-04-08,97,net,144,1,8.371142301982115,21213697.19623561,36262.34554350135,433182.7633,383.8194127979004,251.82184405209273,38.34978980130197,362.9693899182261,251.5957339234047,-111.0161645908911,920.3949552312471,920.3949552312471,919.8079500443649,1470.7063778040442,145846.63526272099,878.6364682970399
extra_trees_min_samples_leaf_12,4,2025-04-09,98,load,144,1,1.8418643088755844,1798070.8325581225,13004.76172266294,706065.1352,111.7434696251904,90.31084529627043,-0.22523389519067413,110.09671687059263,91.75608023768065,17.19173425029645,5.405613484576179,5.405613484576179,135.4812296082016,0.05073030754276358,12486.552273568308,182.34925708732575
extra_trees_min_samples_leaf_12,4,2025-04-09,98,pv,144,1,8.513539490366924,19762494.910208307,29904.596588402725,351259.26910000003,370.45856446781966,207.6708096416856,162.07075760430268,363.1111243041618,249.1333565714116,50.706548004811665,3889.698182503265,3889.698182503265,2609.625016269751,26266.930470432635,110972.61751712505,259.9668344575375
extra_trees_min_samples_leaf_12,4,2025-04-09,98,net,144,1,9.047549388292532,22101661.6902451,36525.51389291504,403706.1565,391.77003680451776,253.64940203413224,-162.2959914994934,381.8116011267744,271.68309771277745,-33.5148137545152,3895.1037959878413,3895.1037959878413,2534.6707941490845,26339.988856803633,127143.77288100956,643.4941307193043
extra_trees_min_samples_leaf_12,4,2025-04-10,99,load,144,1,1.8998611985391798,2051983.7091885095,13413.251922647141,706012.2041,119.3728900101051,93.1475827961607,-6.609092510345651,117.69987174546507,127.3917376529646,-16.324412422804926,158.61822024829561,158.61822024829561,236.3164044065866,43.680103810306974,14206.206765554341,355.0161689535171
extra_trees_min_samples_leaf_12,4,2025-04-10,99,pv,144,1,5.32635516699339,10825675.15930117,20200.115508099007,379248.3767,274.1866147669671,140.27857991735422,-28.30985828220593,272.5148125027125,266.59551376810924,-11.670366211970375,679.4365987729424,679.4365987729424,545.7515711446692,801.4480759585837,74376.85164141066,494.1698999106514
extra_trees_min_samples_leaf_12,4,2025-04-10,99,net,144,1,6.846089388301122,13061706.784938026,29081.1581791966,424784.96160000004,301.17486136400095,201.95248735553193,21.700765771860283,295.77226903374947,276.6702775390558,-4.654046210834559,520.8183785246468,520.8183785246468,365.45173645164544,470.92323508514284,90235.37388254005,626.086695004966
extra_trees_min_samples_leaf_12,4,2025-04-11,100,load,144,1,3.562726843283088,2501986.5677840644,15410.645520426127,432551.9805,131.81390943569903,107.01837166962588,-13.355883617380165,135.8710496032936,154.2478431773807,-24.774312810078186,320.54120681712396,320.54120681712396,214.9534500780784,178.3796272010039,17196.527093521665,454.77778622180614
extra_trees_min_samples_leaf_12,4,2025-04-11,100,pv,144,1,5.0640104922789195,8419951.7434246,20289.063343413676,400652.0795,241.80960921170043,140.89627321815053,-94.18891787689138,247.67472921852183,155.6706577705508,-47.48403444531176,2260.5340290453933,2260.5340290453933,1441.2111630658223,8871.552250819788,49600.33485629549,399.9277608202478
extra_trees_min_samples_leaf_12,4,2025-04-11,100,net,144,1,7.563691181346475,11100859.732492995,29334.439424945533,387832.3258,277.6496059746313,203.7113848954551,80.83303425951121,283.97018410874756,210.57493124301095,22.70972163523358,1939.992822228269,1939.992822228269,1264.521595653868,6533.979427599313,70555.32427026871,400.20021910985133
extra_trees_min_samples_leaf_12,4,2025-04-12,101,load,144,1,3.530127137214758,2625410.534215825,15241.078733474527,431743.0546,135.02598860486455,105.84082453801756,-0.7548153384193389,135.12594584325566,141.4039089616911,-28.361264693028424,18.115568122064133,18.115568122064133,203.57800953989437,0.5697461951131011,18231.447852525893,421.3478840049404
extra_trees_min_samples_leaf_12,4,2025-04-12,101,pv,144,1,6.185800803155175,11284713.397495393,23357.094616285824,377592.09130000003,279.9393956919688,162.20204594642934,51.996991236377355,269.3917353417828,235.1519040794206,-51.891370207653615,1247.9277896730566,1247.9277896730566,842.131764962428,2703.6870976359032,75662.37816274876,621.7528357333075
extra_trees_min_samples_leaf_12,4,2025-04-12,101,net,144,1,8.898832226592349,15863840.789303476,31902.22350284793,358498.98829999997,331.9119778447739,221.5432187697773,-52.751806574796696,310.04081509356934,237.54459263527957,23.53010551462519,1266.0433577951208,1266.0433577951208,944.8706743862583,2782.753096904764,107382.80793992494,441.200389217495
extra_trees_min_samples_leaf_12,4,2025-04-13,102,load,144,1,2.1032670010699808,2384078.2226064033,14800.655670581882,703698.3732,128.67050465471883,102.78233104570751,-2.063131824470007,125.49242730110284,122.2109332742266,-7.379503513689618,49.515163787280166,49.515163787280166,129.82160778295176,4.256512925140941,16551.84225517488,329.7625433479184
extra_trees_min_samples_leaf_12,4,2025-04-13,102,pv,144,1,4.2080510973962815,6195700.179636882,15908.125723094492,378040.2223,207.42636209489572,110.4730952992673,47.75413105116683,220.54860692425254,207.18511577567563,-22.16153364905135,1146.0991452280039,1146.0991452280039,878.4655063660455,2280.457032452016,40745.23865947077,355.1366118006638
extra_trees_min_samples_leaf_12,4,2025-04-13,102,net,144,1,6.466190853143062,9109401.761843644,26440.69208849464,408906.7689,251.51487919653488,183.61591728121277,-49.81726287563686,257.6737501931832,215.24998927878568,14.782030135361715,1195.6143090152846,1195.6143090152846,957.0775349725513,2481.7596804203063,60777.974776827214,438.4177662689919
extra_trees_min_samples_leaf_12,4,2025-04-14,103,load,144,1,2.0051314626400805,2204849.8481323654,14184.465111348323,707408.2361,123.73947340560724,98.50322993991891,-33.17394535650815,123.90675439430446,122.2333913176926,-46.47482565217347,796.1746885561956,796.1746885561956,622.0687954649487,1100.5106505165886,14210.946628180394,442.7594570954413
extra_trees_min_samples_leaf_12,4,2025-04-14,103,pv,144,1,4.5803308541043,6893566.642017162,17965.891817028583,392240.0453,218.79668774815497,124.76313761825405,-28.469310197586992,228.41565021617285,127.63141545053033,-8.366581567146614,683.2634447420878,683.2634447420878,455.2028431745806,810.5016231264307,47061.488946437195,268.3977119259977
extra_trees_min_samples_leaf_12,4,2025-04-14,103,net,144,1,6.837820673172793,9342783.559788411,27896.529596902,407973.9866,254.716394029555,193.72589997848613,-4.704635158921166,263.6998689133169,201.14553923402406,-38.108244085026854,112.91124381410798,112.91124381410798,632.834669141751,22.13359197855718,64858.30779544096,615.1576731831937
extra_trees_min_samples_leaf_12,4,2025-04-15,104,load,144,1,2.065829293357906,2215903.3892289577,14509.175020987106,702341.431,124.0492562684543,100.75815986796601,32.30970115453675,122.2355745953368,105.3199552399425,20.30409437361488,775.432827708882,775.432827708882,518.9737430625618,1043.916788695473,14344.301192061177,208.71731275506136
extra_trees_min_samples_leaf_12,4,2025-04-15,104,pv,144,1,8.168016562625509,22399793.858393192,32794.98330118603,401504.858,394.40350406229834,227.74293959156967,-105.08192784767442,422.47510851280913,469.9495672748048,-186.5268094848,2521.966268344186,2521.966268344186,2083.9627439567375,11042.211560183852,144511.91245643553,1408.123383088684
extra_trees_min_samples_leaf_12,4,2025-04-15,104,net,144,1,10.24590120792887,27283426.371661898,42661.81857252779,416379.3668,435.2794949134366,296.2626289758874,137.39162900221118,465.0850860747816,509.9985094893208,206.83090385841487,3297.399096053068,3297.399096053068,2577.383309364824,18876.459719881233,170591.77897221528,428.33169769230307
extra_trees_min_samples_leaf_12,4,2025-04-16,105,load,144,1,1.8666267444113254,1878821.0890386156,13207.304657824305,707549.3104000001,114.22507900579134,91.71739345711323,-32.30019819280866,114.94480692914094,112.34054503012776,45.22056517307973,775.2047566274077,775.2047566274077,480.1646288454896,1043.3028032947198,12004.065870584554,127.40434158766145
extra_trees_min_samples_leaf_12,4,2025-04-16,105,pv,144,1,4.901054765012391,9391680.769412767,18274.649097151854,372871.7587,255.38207717681405,126.90728539688787,73.96301466250404,254.59205910717552,260.4221349779221,108.91484561887059,1775.1123519000969,1775.1123519000969,1304.9041714081782,5470.527537965787,59749.477805178416,43.829799577503934
extra_trees_min_samples_leaf_12,4,2025-04-16,105,net,144,1,6.469325583161442,10893286.306007754,25905.538797469504,400436.4669,275.04149063277396,179.8995749824271,-106.26321285531272,273.3794351512831,245.59721272122616,-63.694280445790874,2550.3171085275053,2550.3171085275053,1752.2551918222528,11291.870406333497,64355.95116316478,643.80283832054
extra_trees_min_samples_leaf_12,4,2025-04-17,106,load,144,1,1.6965365188490638,1583066.2742513812,11959.263499141613,704922.2558,104.84996801817523,83.05044096626119,6.813111263051285,98.84107360547206,78.51673916350305,5.856484141565513,163.51467031323082,163.51467031323082,104.53784130422946,46.41848508271627,10947.097308329652,179.84840034617113
extra_trees_min_samples_leaf_12,4,2025-04-17,106,pv,144,1,3.967727157158988,5802553.896267888,15383.362318469932,387712.2017,200.73742343800023,106.82890498937452,8.240834683444568,209.5326611088146,200.51980745676147,-3.1491540905403053,197.78003240266966,197.78003240266966,216.17826278376552,67.91135627986293,40227.601812247136,333.63363010285747
extra_trees_min_samples_leaf_12,4,2025-04-17,106,net,144,1,5.33136794752123,7960738.455460041,21748.476869752398,407934.2691,235.1231718497663,151.03108937328054,-1.4277234203932778,243.67937949762018,234.17204801437424,9.005638232105841,34.26536208943867,34.26536208943867,190.65640995999632,2.03839416513948,55280.86754652959,439.7968741429624
extra_trees_min_samples_leaf_12,4,2025-04-18,107,load,144,1,3.2781409390717835,2130957.70268524,14061.291053244591,428941.0161,121.64833488280311,97.64785453642077,22.097718498823795,122.2650503387224,90.40299778453297,-0.8048023853494897,530.3452439717711,530.3452439717711,182.88714527532736,488.30916285325935,14310.008216905357,220.4646889241958
extra_trees_min_samples_leaf_12,4,2025-04-18,107,pv,144,1,4.776035114352293,6781064.334696648,18665.524341496966,390816.313,217.00397357307654,129.62169681595117,83.59804250083496,212.084485978442,211.36828096836257,68.66430696851552,2006.3530200200391,2006.3530200200391,1334.4571513593467,6988.632709971409,40102.09183653309,221.2346213379527
extra_trees_min_samples_leaf_12,4,2025-04-18,107,net,144,1,7.0892931747605505,8855603.602175593,26059.64180734204,367591.5379,247.98638518541802,180.96973477320861,-61.500324002011126,246.37643628983002,243.07243945612146,-69.46910935386498,1476.007776048267,1476.007776048267,1224.7836754184052,3782.289852352346,57714.95738497817,720.1555607191061
extra_trees_min_samples_leaf_12,4,2025-04-19,108,load,144,1,3.249653433409572,2203551.488386865,14020.06079237213,431432.49210000003,123.70303509443676,97.36153328036202,-10.761173683049655,119.6065736711901,88.25168906728767,-20.016890528248837,258.26816839319173,258.26816839319173,268.16360104064745,115.80285903676048,15186.63803253869,254.9660904237074
extra_trees_min_samples_leaf_12,4,2025-04-19,108,pv,144,1,5.2702063909325965,8331073.715871984,20591.9831745873,390724.4166,240.52999518239787,142.99988315685627,-3.6222584091393504,251.9910195766576,265.15223242912157,115.64688035432985,86.93420181934441,86.93420181934441,452.3792327838414,13.120755982580738,57841.55782646176,160.84096517616123
extra_trees_min_samples_leaf_12,4,2025-04-19,108,net,144,1,7.960123972519536,11803695.863949437,29004.30571666055,364370.02509999997,286.3042265952697,201.4187896990316,-7.138915273910332,303.68247214813084,308.69238775295054,-135.66377088257866,171.33396657384796,171.33396657384796,616.8109447426366,50.96411128807023,81919.14605502745,1040.678950516052
extra_trees_min_samples_leaf_12,4,2025-04-20,109,load,144,1,1.9630951660131144,2463395.2367955022,13804.228004638666,703186.8981000001,130.7933919073721,95.8626944766574,1.5213411990434969,131.2917456715968,93.46383908099577,29.509512780712207,36.512188777043924,36.512188777043924,289.0496703748857,2.3144790439071046,17104.596887591524,138.49719647868628
extra_trees_min_samples_leaf_12,4,2025-04-20,109,pv,144,1,5.006117445091789,8418196.58376765,19595.9675932989,391440.4288,241.7844049941734,136.08310828679794,-11.392380400602072,258.76685562981015,306.7002743182257,119.22697750136007,273.4171296144497,273.4171296144497,352.7560760279642,129.78633119202223,58329.912167194445,160.0395200023559
extra_trees_min_samples_leaf_12,4,2025-04-20,109,net,144,1,6.38818534619774,10226919.44528599,26251.989769992633,410945.96270000003,266.49629251754544,182.30548451383774,12.913721599645571,284.442207806583,338.1761620048044,-89.71746472064791,309.9293183914937,309.9293183914937,228.15272194628452,166.76420555315258,70853.50972004402,945.1440362601744
extra_trees_min_samples_leaf_12,4,2025-04-21,110,load,144,1,2.13195478882827,2541577.1284722313,15155.84971641537,710889.8273,132.85270478972586,105.24895636399563,-38.25165609091349,133.326963084045,138.70884062708055,-7.688311333426264,918.0397461819239,918.0397461819239,588.111686092483,1463.1891936975194,16186.651976248528,360.2819175434292
extra_trees_min_samples_leaf_12,4,2025-04-21,110,pv,144,1,6.1944024540453695,15438405.088374775,26003.38078335693,419788.365,327.4311323729725,180.57903321775646,-171.28379549220222,317.99704209584473,287.00626340034097,-157.0252962841991,4110.811091812853,4110.811091812853,2679.4835892112465,29338.13859821455,77873.0078488325,987.1117739889269
extra_trees_min_samples_leaf_12,4,2025-04-21,110,net,144,1,8.086288283844862,18044454.51616814,33777.24870695051,417710.17209999997,353.9897059489644,234.56422713160075,133.03213940128873,337.5347033363461,337.4225735582636,149.33698495077283,3192.7713456309298,3192.7713456309298,2125.884391017387,17697.55011368392,107611.16180415038,291.92547565706917
extra_trees_min_samples_leaf_12,4,2025-04-22,111,load,144,1,1.861729141090744,1904817.9716901556,13159.930424027978,706866.0061000001,115.01261922581207,91.38840572241651,8.0154064473365,116.66826087249024,115.06148255333102,18.641468343813408,192.36975473607603,192.36975473607603,155.0918337810544,64.24674051600354,13163.655840665633,226.8127748184876
extra_trees_min_samples_leaf_12,4,2025-04-22,111,pv,144,1,5.152245512499718,10121129.29070283,20297.190316542583,393948.4302,265.11435282595545,140.9527105315457,85.49495483278416,247.46762157796613,222.90828278853888,46.670927034714175,2051.8789159868197,2051.8789159868197,1428.4041517708356,7309.387301859803,62976.232772465395,195.44221329199695
extra_trees_min_samples_leaf_12,4,2025-04-22,111,net,144,1,7.06463836665337,12598028.420414733,28430.238682625728,402430.20530000003,295.78084534854906,197.43221307378977,-77.47954838544767,281.202799258399,248.13627960159909,-28.029458690900746,1859.509161250744,1859.509161250744,1289.363653359631,6003.080418012927,81483.22805708938,609.7047788072401
extra_trees_min_samples_leaf_12,4,2025-04-23,112,load,144,1,2.061473430145733,2348465.5130030946,14599.006208274415,708183.0886,127.70586628946891,101.38198755746122,-17.857867139486913,128.56418859167124,130.05091286003983,8.046436246508607,428.588811347686,428.588811347686,382.73757830827145,318.9034187715665,15989.884865972146,309.4738159503531
extra_trees_min_samples_leaf_12,4,2025-04-23,112,pv,144,1,4.874885431648196,8602914.813056953,19488.991904157105,399783.58830000006,244.42271576013997,135.34022155664655,-28.68736408189396,257.52406942882084,219.3093483908007,-61.828541997584644,688.496737965455,688.496737965455,559.8592845413707,822.9648579671397,58919.49912159503,537.3195891808015
extra_trees_min_samples_leaf_12,4,2025-04-23,112,net,144,1,7.243079861379531,10824354.859718103,28915.339635566183,399213.32070000004,274.16989435433027,200.80096969143182,10.829496942407044,285.2410884678647,255.02939980126794,69.87497824409326,259.9079266177691,259.9079266177691,317.88258417287386,117.27800402560351,75051.85296623899,360.3313411139123
extra_trees_min_samples_leaf_12,4,2025-04-24,113,load,144,1,1.7437172230023679,1578311.2589244577,12292.974124158243,704986.678,104.6923820229632,85.36787586221003,4.598128547727545,107.19220528229128,118.45031397157526,-9.248949950072099,110.35508514546109,110.35508514546109,105.60559855971488,21.142786141427024,10939.35206750064,316.66826454017973
extra_trees_min_samples_leaf_12,4,2025-04-24,113,pv,144,1,5.828775937332202,17119345.618303437,24623.4329994997,422446.03780000005,344.7960912939003,170.9960624965257,-149.0987148161532,368.3438232110363,375.82604311354345,-163.2912404725451,3578.369155587677,3578.369155587677,2250.37795522197,22230.426759828584,96653.91781172306,1085.409113525331
extra_trees_min_samples_leaf_12,4,2025-04-24,113,net,144,1,7.940563047070317,20129527.46207479,32867.74949299361,413922.15260000003,373.8828495040889,228.24826036801116,153.69684336388076,397.1409111763703,403.4087821853853,154.04229052247308,3688.7242407331382,3688.7242407331382,2341.3314080625387,23622.719660021296,116165.66549327584,319.9228497769596
extra_trees_min_samples_leaf_12,4,2025-04-25,114,load,144,1,3.251093586441969,1971495.0573001164,13998.556397705699,430579.9272,117.00828132195376,97.21219720628957,6.2193121826952655,119.37180163263834,129.02017989468172,0.9322113559936093,149.26349238468637,149.26349238468637,346.977970101055,38.67984402582175,13652.258053891655,312.94540431514116
extra_trees_min_samples_leaf_12,4,2025-04-25,114,pv,144,1,4.5398358307712074,8708136.080318633,19002.744095104543,418577.7813,245.91292610278737,131.9635006604482,-65.21613760422763,250.0293638482899,220.9769001626782,-19.135629656412906,1565.187302501463,1565.187302501463,934.2621829562939,4253.144604013552,56220.0226204214,399.8593977043275
extra_trees_min_samples_leaf_12,4,2025-04-25,114,net,144,1,6.681443280733957,9372506.654451126,25648.327875652696,383874.06429999997,255.12124914836417,178.11338802536594,71.43544978692289,259.69214411957773,252.03112836770066,20.0678410124065,1714.4507948861492,1714.4507948861492,1119.9793279696291,5103.023486259981,59983.828280761736,451.7738743901711
extra_trees_min_samples_leaf_12,4,2025-04-26,115,load,144,1,3.588002858556519,2558244.5956064146,15521.899363930042,432605.5462,133.28761183804363,107.79096780506974,-21.766273493697035,134.63504047361963,131.5504662553098,-28.61280103573238,522.3905638487289,522.3905638487289,273.49117733980916,473.77066180241815,17291.81680768657,403.91173044014135
extra_trees_min_samples_leaf_12,4,2025-04-26,115,pv,144,1,10.265073158545535,42677576.712090805,44364.04323846965,432184.3844,544.4006433690454,308.08363360048367,-125.89001568144353,499.19307567474726,387.8806966181285,-22.10418386785995,3021.360376354645,3021.360376354645,2710.509543854494,15848.296048274098,280523.7644523565,780.200124570999
extra_trees_min_samples_leaf_12,4,2025-04-26,115,net,144,1,12.41639085702127,39993133.52892498,49840.34059353193,401407.6326,527.0010379030272,346.11347634397174,104.12374218774647,483.47332883107356,385.831434285117,-6.50861716787245,2498.9698125059153,2498.9698125059153,2478.9226320857474,10841.753687180295,266888.3402636876,851.7275500589298
extra_trees_min_samples_leaf_12,4,2025-04-27,116,load,144,1,2.1025891199314923,2609712.5566943353,14764.278513403431,702195.1351999999,134.62170651842476,102.52971189863494,27.537981652277573,129.96595870525525,118.24405798907378,5.411234783940093,660.9115596546618,660.9115596546618,458.55038407789766,758.3404334811762,17364.663432451707,242.99662606172305
extra_trees_min_samples_leaf_12,4,2025-04-27,116,pv,144,1,5.084838255388676,10647688.663644226,20886.19219392587,410754.3081,271.9233023968675,145.04300134670743,25.684773243137464,248.01254013640028,136.99433312541242,55.62959258411887,616.4345578352992,616.4345578352992,439.25119214201845,659.7075765513902,73282.57480986686,90.76114251716378
extra_trees_min_samples_leaf_12,4,2025-04-27,116,net,144,1,7.157930451357438,14854407.08692304,30322.969231282244,423627.60349999997,321.1784624944501,210.57617521723782,1.8532084091401027,292.56303234492793,190.96769636238164,-50.21835780017879,44.477001819362464,44.477001819362464,421.44164729391815,3.43438140770759,103152.17038889119,563.0604386578794
extra_trees_min_samples_leaf_12,4,2025-04-28,117,load,144,1,2.130172132516818,2339673.4403371755,15022.480961724403,705223.8048,127.46659258238496,104.32278445641947,3.00454099681617,123.10904592473798,112.58226667736801,16.360634384893427,72.10898392358808,72.10898392358808,98.95508518307483,9.027266601549105,16238.704957962173,229.20732963433753
extra_trees_min_samples_leaf_12,4,2025-04-28,117,pv,144,1,14.47781186180673,59995889.77479899,52915.244260254956,365492.0009,645.4751144979209,367.4669740295483,361.04936128357133,634.0402604841977,571.1689509694423,336.32070623493803,8665.184670805711,8665.184670805711,5854.483606635017,130356.64128327482,286281.4821528293,13.381296716579925
extra_trees_min_samples_leaf_12,4,2025-04-28,117,net,144,1,15.8293374002102,64050629.348570116,61025.09073091047,385518.92089999997,666.9303090599857,423.7853522979894,-358.0448202867551,649.5916066056011,569.7714338297802,-319.9600718500446,8593.075686882123,8593.075686882123,5856.754153404831,128196.09333417476,316599.9438086733,2081.0173924916635
hgb_learning_rate_0.064,7,2025-07-01,181,load,144,1,10.644612354479895,61678719.83594711,90402.68157611793,849281.1063999999,654.465005409142,627.7963998341523,-627.7963998341523,647.2718740650022,622.5427967527237,-596.494804570728,15067.113596019655,15067.113596019655,8543.422514774938,394128.31964472285,34196.123660465484,3578.9688274243676
hgb_learning_rate_0.064,7,2025-07-01,181,pv,144,1,11.130905086554048,30139488.488627184,41861.31290304596,376081.84219999996,457.4953588761796,290.70356182670804,-285.99774954358077,470.9419961918381,409.2783392926362,-254.93053626889008,6863.945989045939,6863.945989045939,4423.917245786047,81794.71274399276,127507.29064925155,1562.8992543392112
hgb_learning_rate_0.064,7,2025-07-01,181,net,144,1,13.169204928021763,38370849.52172464,64572.99592210329,490333.29099999997,516.2017365233814,448.42358279238397,-341.79865029057146,491.0252401422685,493.79675220996717,-341.56426830183796,8203.167606973715,8203.167606973715,4357.677500369338,116826.31734045637,149637.9154492981,2246.1507978944533
hgb_learning_rate_0.064,7,2025-07-02,182,load,144,1,3.3619110254450373,8436778.95691849,28481.83955019943,847191.9493,242.0511159990352,197.79055243194048,-140.55308910087058,241.9053578962632,257.75308825638376,-103.99162542144853,3373.2741384208944,3373.2741384208944,1803.1571195373858,19755.170855797263,38833.57190058113,958.2451807565006
hgb_learning_rate_0.064,7,2025-07-02,182,pv,144,1,16.700405612926254,77110047.40215676,68432.14168681912,409763.3511,731.7693901037097,475.2232061584661,-469.12300411213414,750.6577764983562,768.9557090281374,-495.7566905884039,11258.95209869122,11258.95209869122,7508.646374601228,220076.39298719342,315410.04730556183,3010.6455269320236
hgb_learning_rate_0.064,7,2025-07-02,182,net,144,1,15.53655159073983,69537754.70140664,75178.59406246079,483882.1126,694.9108391119855,522.0735698781999,328.5699150112636,712.5703764773517,755.7058017753017,391.7650651669554,7885.677960270327,7885.677960270327,5799.057182102322,107958.189050509,374942.88526481495,600.8824580183377
hgb_learning_rate_0.064,7,2025-07-03,183,load,144,1,3.028107137113338,7765637.70580698,25720.53707429344,849393.2318,232.22411507778338,178.61484079370445,-90.0071602043767,240.73750450498267,279.15983809218886,-133.3281282312754,2160.171844905041,2160.171844905041,1130.6006784167894,8101.288888056333,45826.750735603244,1041.5751993367323
hgb_learning_rate_0.064,7,2025-07-03,183,pv,144,1,4.509361573510928,4491773.6450815,16722.097909285396,370830.7182,176.61504051265902,116.12567992559303,12.80407662113921,176.7110386628243,147.5998569387112,45.722034108975215,307.29783890734103,307.29783890734103,243.9334027340541,163.94437812000368,31028.92815716819,158.34768051844898
hgb_learning_rate_0.064,7,2025-07-03,183,net,144,1,7.532748784853557,15484409.220885469,37332.00939638309,495596.1026,327.91861732674226,259.2500652526603,-102.81123682551589,337.13550647969777,365.3582698372368,-179.05016234025055,2467.4696838123814,2467.4696838123814,1320.2789928558996,10570.150417592315,96960.46917189012,1360.4028798421155
hgb_learning_rate_0.064,7,2025-07-04,184,load,144,1,7.132318532504129,15508631.846169923,40994.45536627059,574770.3944999999,328.17500249877185,284.6837178213235,-254.1513789600343,339.8229105848631,364.92632766236994,-313.11480422006275,6099.633095040823,6099.633095040823,3548.6334904835694,64592.923427286965,43105.90883778194,1883.1577644417528
hgb_learning_rate_0.064,7,2025-07-04,184,pv,144,1,11.598373216122637,54496895.06441985,46565.75070886396,401485.1897,615.1834361957272,323.3732688115553,-320.2680307509868,538.0689636025672,314.7681614997048,-204.34878030078724,7686.432738023683,7686.432738023683,5211.899964864509,102571.61152111502,275879.0486484673,1240.6360189740715
hgb_learning_rate_0.064,7,2025-07-04,184,net,144,1,12.30941925832009,41873873.2667743,51504.71252714523,418417.07920000004,539.2502077652094,357.67161477184186,66.11665179095247,470.23500170605485,303.4680668112011,-108.76602391927553,1586.7996429828593,1586.7996429828593,1891.74224841112,4371.411644046059,286419.3749307755,1055.6349289354432
hgb_learning_rate_0.064,7,2025-07-05,185,load,144,1,6.272314435760484,12981528.264771022,36080.67398043309,575237.0093999999,300.24906634107566,250.56023597522977,-219.69659349034356,300.5240049594678,308.48821783376565,-237.20070345529362,5272.718243768245,5272.718243768245,2794.858748623753,48266.593191261265,41882.908647426375,1508.4746149734347
hgb_learning_rate_0.064,7,2025-07-05,185,pv,144,1,6.685402991117549,14526095.532707348,26908.515029022732,402496.5296,317.60929366373836,186.86468770154676,-99.72232542757814,333.65477731080944,317.5873097712417,-137.0090399373715,2393.3358102618754,2393.3358102618754,1855.4370938318623,9944.542188683798,90931.121232895,1056.592908022811
hgb_learning_rate_0.064,7,2025-07-05,185,net,144,1,10.527845544094678,20627118.85746546,44754.3724702273,425104.7594,378.4757336403765,310.7942532654674,-119.97426806276543,395.1012899158537,420.7684991892198,-100.19166351792211,2879.3824335063705,2879.3824335063705,1240.2379553484236,14393.824997196298,128850.05595742495,1441.8771394543353
hgb_learning_rate_0.064,7,2025-07-06,186,load,144,1,3.2392287163819167,7960947.356356714,27451.408934365758,847467.4479,235.1262568097533,190.63478426642888,-97.00811475773672,222.80939767484466,211.3503215579412,-95.89310163627962,2328.194754185681,2328.194754185681,1368.9009705428894,9410.574328850216,45873.782312515854,825.3608327876168
hgb_learning_rate_0.064,7,2025-07-06,186,pv,144,1,7.471445617398362,15880998.88801059,27547.4858702115,368703.5586,332.09142491198645,191.3019852098021,118.4294523918025,342.95648539474115,261.73402043598776,97.87562879229648,2842.30685740326,2842.30685740326,1697.9189730292453,14025.535193822214,96259.17930625132,162.51626822100656
hgb_learning_rate_0.064,7,2025-07-06,186,net,144,1,8.841923157413655,22805179.618284427,44761.40557750946,506240.6083,397.95640829713113,310.84309428826015,-215.43756714953923,406.7838939136706,366.68635960960114,-193.7687304285761,5170.501611588942,5170.501611588942,2879.279617596496,46413.345339312225,111955.95756544074,1402.598534793219
hgb_learning_rate_0.064,7,2025-07-07,187,load,144,1,2.6210721562164356,5534773.45118734,22252.178270366094,848972.3648999999,196.05082694127185,154.5290157664312,-3.326151964325002,194.8481279458648,228.32787936068246,17.64699024740134,79.82764714380005,79.82764714380005,436.93356013702515,11.063286889783068,38424.863457466745,496.07588058394794
hgb_learning_rate_0.064,7,2025-07-07,187,pv,144,1,9.760110218096981,27451187.850581974,39871.559964055035,408515.4683,436.61567649636083,276.8858330837155,-263.9379965206035,467.9469863414634,528.0972700140474,-337.3166790731627,6334.5119164944845,6334.5119164944845,4088.086925027745,69663.26600731011,120969.9829550647,2035.8127205529709
hgb_learning_rate_0.064,7,2025-07-07,187,net,144,1,11.042160929003256,37092933.191744074,53084.72180361907,480745.77199999994,507.5330667370906,368.6439014140213,260.6118445562785,544.1760658093756,626.3012716894145,354.963669320564,6254.684269350684,6254.684269350684,3908.6657538897935,67918.53352302588,189671.28030853017,255.70575307916943
hgb_learning_rate_0.064,7,2025-07-08,188,load,144,1,4.691615204143307,17165161.90587642,39771.35514684231,847711.362,345.2571697086867,276.18996629751604,190.66014023882846,314.75384174600975,279.33887608306105,142.05348524614624,4575.843365731883,4575.843365731883,2654.12494677985,36351.289075889734,82851.22415936318,267.07402498899063
hgb_learning_rate_0.064,7,2025-07-08,188,pv,144,1,7.035882225312321,17914657.40913187,27741.290321745182,394283.0399,352.7142513692512,192.64784945656376,-26.728002806911334,332.02849058421117,185.8930057860273,85.6573436743554,641.472067365872,641.472067365872,707.543174080986,714.3861340462602,123692.95698492508,94.43956358676883
hgb_learning_rate_0.064,7,2025-07-08,188,net,144,1,11.422984362801353,37096878.77412929,58817.73056913381,514906.8641,507.5600592139133,408.45646228565147,217.38814304573984,459.9789501751656,296.2665931913401,56.39614157179085,5217.315433097756,5217.315433097756,2999.764470178452,47257.604736875044,210359.60897235613,612.32621805505
hgb_learning_rate_0.064,7,2025-07-09,189,load,144,1,3.943250865713578,11400540.143229578,33263.065144265434,843544.2298,281.3723825490279,230.99350794628774,150.62038138007216,265.25414671362466,253.56312128028983,166.93831242523572,3614.889153121732,3614.889153121732,2098.3332338487603,22686.49928707839,56483.918374238114,161.27146844566155
hgb_learning_rate_0.064,7,2025-07-09,189,pv,144,1,5.465672798881278,11432174.476768695,21818.521984105777,399191.87970000005,281.762489577864,151.51751377851235,-50.93785300757189,287.92523483523473,248.77985109504883,-62.82611910050254,1222.5084721817254,1222.5084721817254,730.1083882715627,2594.6648690210004,76795.43566409493,553.9054958229907
hgb_learning_rate_0.064,7,2025-07-09,189,net,144,1,9.51459696933947,22360157.930199325,46496.58186955507,488686.8253,394.05440552704533,322.89292964968797,201.55823438764406,391.9203561693821,398.70151561930373,229.76443152573822,4837.397625303457,4837.397625303457,2686.746044686786,40625.72184946446,114653.15266580862,289.38713351502446
hgb_learning_rate_0.064,7,2025-07-10,190,load,144,1,3.977197718395492,12304764.302143257,33519.07678526692,842781.2534999999,292.31789561745455,232.77136656435363,58.660292286839386,276.59002886576724,249.86227995050433,91.11903193051717,1407.8470148841452,1407.8470148841452,985.3641826911195,3441.0298911774285,82008.72220703964,347.9610527776801
hgb_learning_rate_0.064,7,2025-07-10,190,pv,144,1,4.446385747597975,10411126.090589829,18037.186778700125,405659.5132,268.8856387764269,125.25824151875086,-71.71790926584869,238.13356218574032,109.20676938425215,8.556447624461502,1721.2298223803684,1721.2298223803684,1225.5219258995403,5143.458509464505,67156.02823074262,150.02862299231157
hgb_learning_rate_0.064,7,2025-07-10,190,net,144,1,9.027452175786815,22699920.93748235,45196.92516099155,500660.92050000007,397.0369502245697,313.8675358402191,130.37820155268807,366.8798866231156,256.5553548956415,82.56258430605564,3129.076837264514,3129.076837264514,2030.5688085407037,16998.475440113354,140639.86440351405,411.35795504950994
hgb_learning_rate_0.064,7,2025-07-11,191,load,144,1,7.2731079966772905,19785243.097906172,41343.73005935701,568446.5304,370.6717166351343,287.1092365233126,231.4557993384256,406.1792649499532,493.3525779317236,351.4139494052472,5554.939184122214,5554.939184122214,2909.9104770608947,53571.78704738954,83825.73446584778,121.57907449619158
hgb_learning_rate_0.064,7,2025-07-11,191,pv,144,1,11.223235495001534,43037115.59005051,41900.13913212199,373333.8675,546.6889959238613,290.9731884175138,228.5143335709569,514.6713783377983,339.3082471489098,121.0628817505563,5484.344005702966,5484.344005702966,3997.384222125504,52218.80064737856,246650.05761686107,182.73743372685644
hgb_learning_rate_0.064,7,2025-07-11,191,net,144,1,18.96913504756415,66893553.94294094,75590.54718858257,398492.3245,681.5706632831265,524.9343554762678,2.941465767468748,672.2083882875963,609.8377274211848,230.35106765469087,70.59517841924996,70.59517841924996,1850.1993307021264,8.65222086119051,464529.9168273398,825.5607306650985
hgb_learning_rate_0.064,7,2025-07-12,192,load,144,1,5.022296475440583,10288710.997317126,28723.027153216048,571910.2265999999,267.30017195245756,199.4654663417781,23.965509316620242,274.45785133621024,247.99063515225555,66.98546212134166,575.1722235988858,575.1722235988858,469.4018313591605,574.3456368050116,70875.03628900836,418.9901663291599
hgb_learning_rate_0.064,7,2025-07-12,192,pv,144,1,5.059233453576219,8326949.155732275,19498.52688350455,385404.76660000003,240.47044684055533,135.40643669100382,57.75043530599245,243.83232582965485,161.62652135603827,76.48384495492796,1386.0104473438187,1386.0104473438187,847.180054202032,3335.1127780316187,54490.923025664735,68.06646237107387
hgb_learning_rate_0.064,7,2025-07-12,192,net,144,1,9.454971631673715,19175379.2085894,38831.60914766196,410700.43,364.91417568409724,269.66395241431917,-33.7849259893722,368.5098943539977,296.77042913422326,-9.498382833586321,810.8382237449327,810.8382237449327,913.6997624153906,1141.421224107357,132020.93439109682,776.2038307117112
hgb_learning_rate_0.064,7,2025-07-13,193,load,144,1,3.6389368643907942,9680628.738120776,30543.78770279599,839360.1989,259.2809064685868,212.10963682497217,-47.664826551763525,263.0553102455891,235.9363222694658,-97.67764236718568,1143.9558372423246,1143.9558372423246,882.0002121722163,2271.935690209701,64954.65276896235,898.7586224555275
hgb_learning_rate_0.064,7,2025-07-13,193,pv,144,1,9.058724914505829,35326468.896384954,38386.69798668976,423753.8765,495.3006164637189,266.57429157423445,-249.65316489137342,471.1344078380608,340.63413194511736,-170.23650877285834,5991.675957392962,5991.675957392962,3995.865613182324,62326.70274027929,182995.99792906072,1089.3640513374528
hgb_learning_rate_0.064,7,2025-07-13,193,net,144,1,9.478726925212074,35403641.61866444,47761.30202635707,503878.869,495.8413277973473,331.67570851636856,201.98833833960987,460.3341532356859,291.0012228811198,72.55886640567263,4847.720120150637,4847.720120150637,3317.1889152334597,40799.28882519671,205059.33352663968,488.9207411032483
hgb_learning_rate_0.064,7,2025-07-14,194,load,144,1,3.0660112945365525,7051591.977155214,25949.939015009884,846374.5408000001,221.29028159918036,180.20790982645752,31.26681523782156,211.1401668063666,176.38351010364482,20.819172002301002,750.4035657077175,750.4035657077175,694.5035992623687,977.6137351160705,47991.77499512848,349.09959573018415
hgb_learning_rate_0.064,7,2025-07-14,194,pv,144,1,4.970434666600697,8938170.037134964,20653.57089880592,415528.46550000005,249.13977052626842,143.4275756861522,-96.4268562222646,256.616567669283,239.07740176015108,-93.48002618989216,2314.2445493343507,2314.2445493343507,1572.0064678581036,9298.13860090929,52772.4866569724,671.1191823867903
hgb_learning_rate_0.064,7,2025-07-14,194,net,144,1,7.245428753648633,12812010.753544997,34988.06119820323,482898.42309999996,298.2822436881184,242.97264720974465,127.69367146008614,298.44476183322763,305.1934399466772,114.29919819219315,3064.6481150420673,3064.6481150420673,2027.6644630638602,16305.673730956416,72666.62316866164,312.7083537561475
hgb_learning_rate_0.064,7,2025-07-15,195,load,144,1,3.2147702675755014,8538596.33596111,26916.338395487215,837270.976,243.50730561652318,186.9190166353279,86.05685816031418,226.80401419151087,221.797267032402,72.84939088470668,2065.3645958475404,2065.3645958475404,1090.6798290968104,7405.782836424433,51890.025052194396,307.50752561181935
hgb_learning_rate_0.064,7,2025-07-15,195,pv,144,1,8.460357613473287,30481647.86318156,33907.13972487865,400776.6725,460.08489451511343,235.46624808943508,69.4475131201262,415.9509023886332,310.62079842922924,-126.14015066963573,1666.740314883029,1666.740314883029,1143.128048410942,4822.957078570101,206855.153082413,924.5494521573522
hgb_learning_rate_0.064,7,2025-07-15,195,net,144,1,10.416820745327067,35830513.2263546,49277.453035448096,473056.55189999996,498.82161993677795,342.20453496838957,16.609345040187968,463.53351570332035,401.02365806050267,198.9895415543424,398.62428096451123,398.62428096451123,969.3518675768712,275.8703426640167,248547.1381736874,213.63267724694333
hgb_learning_rate_0.064,7,2025-07-16,196,load,144,1,3.6349000317889164,10575327.0740594,30612.82245623628,842191.5923,270.997733104236,212.58904483497417,7.799592294629134,274.4073507260226,251.03893543698368,71.05404397589149,187.19021507109923,187.19021507109923,456.00162192126095,60.83363996243816,73378.93770767229,397.39602238649786
hgb_learning_rate_0.064,7,2025-07-16,196,pv,144,1,4.079129601440382,6024495.465447223,16699.312575315445,409384.21199999994,204.54039714835238,115.9674484396906,-10.580604159139702,200.6870041398841,169.9672590691927,-64.92601764432345,253.93449981935282,253.93449981935282,400.56662193603665,111.94918437240435,41724.82488123331,471.80272934876575
hgb_learning_rate_0.064,7,2025-07-16,196,net,144,1,8.54332092015431,20868169.93342916,41842.51844562816,489768.7777,380.6807675204051,290.5730447613066,18.380196453768843,382.0567366506968,325.4003138770603,135.98006162021494,441.1247148904522,441.1247148904522,692.6647129416592,337.83162167913673,144580.01513824554,357.88223661676267
hgb_learning_rate_0.064,7,2025-07-17,197,load,144,1,3.312118150247227,8368649.681006629,27736.172740624475,837414.9557,241.0718208019516,192.61231069878107,47.79538457342372,229.89424564621277,208.1416002842404,29.676244370727392,1147.0892297621692,1147.0892297621692,727.3990851689265,2284.39878652147,55831.22399824679,419.8244906436278
hgb_learning_rate_0.064,7,2025-07-17,197,pv,144,1,5.860380841924435,11756622.690038629,23505.545643220765,401092.4593,285.7327652287505,163.23295585569974,53.57020461693473,303.4398415800967,365.7919762269156,228.78590937587535,1285.6849108064337,1285.6849108064337,813.3911893862952,2869.766822700255,78773.446302568,0.0
hgb_learning_rate_0.064,7,2025-07-17,197,net,144,1,9.20382145476756,26074031.226103693,46193.59229014929,501895.78880000004,425.522809367943,320.78883534825894,-5.774820043511028,435.87265563955464,473.64165328777773,-199.10966500514797,138.59568104426467,138.59568104426467,447.2002331125182,33.34854653493671,181036.3127458518,1617.4886523212272
hgb_learning_rate_0.064,7,2025-07-18,198,load,144,1,6.75097713049359,17195036.382518202,37953.21296067086,562188.4392,345.5574841883744,263.56397889354764,208.50203844781183,365.1509564044587,369.12865915367206,215.5731114082583,5004.048922747484,5004.048922747484,2866.9389858670556,43473.1000368928,75936.87484170582,207.26553299270554
hgb_learning_rate_0.064,7,2025-07-18,198,pv,144,1,7.662920086630942,18895217.256578222,28700.926994587608,374542.9506,362.23857677505225,199.31199301796948,149.49136253945704,357.1527910803718,368.5933006280864,222.19437031433745,3587.792700946969,3587.792700946969,2571.695939662085,22347.66747390338,108869.11903011205,14.01726398555157
hgb_learning_rate_0.064,7,2025-07-18,198,net,144,1,14.362247579900435,34522916.01930207,56108.1180456929,390663.9106,489.63503995962583,389.63970865064516,59.010675908354806,506.0143671869659,493.61971139094817,-6.621258906079144,1416.2562218005153,1416.2562218005153,1148.32051690435,3482.259871160886,236260.21248510352,1284.9905225046657
hgb_learning_rate_0.064,7,2025-07-19,199,load,144,1,4.387660640787977,6587912.34232147,24895.02197696358,567387.1344,213.89107336707937,172.88209706224708,3.101437584070194,210.50852181412324,211.2653720033286,55.98142273307248,74.43450201768466,74.43450201768466,368.9170627190082,9.618915087883163,45739.77235103344,331.61125703873176
hgb_learning_rate_0.064,7,2025-07-19,199,pv,144,1,4.795265998269761,8660622.820634937,19386.79145878528,404290.22010000004,245.24113446195574,134.63049624156443,-102.17012638973841,236.31078062349184,138.5030839927774,-59.43005806774286,2452.083033353722,2452.083033353722,1724.420160362259,10438.734726495122,49704.47930569193,401.37810237986537
hgb_learning_rate_0.064,7,2025-07-19,199,net,144,1,7.990970770465713,14151997.364026982,33813.59004434237,423147.4625,313.49283799220933,234.81659753015532,105.27156397380863,311.5166882476496,213.5826790990827,115.41148080081535,2526.517535371407,2526.517535371407,1568.7016517162335,11082.102181491682,87195.65729091791,164.36007111927051
hgb_learning_rate_0.064,7,2025-07-20,200,load,144,1,3.3624303763187995,8398827.002901576,27992.341576778348,832503.2326,241.50608174567745,194.39126094984965,-13.972692941094717,243.53979425136728,231.05622256932313,15.091574684880445,335.34463058627324,335.34463058627324,453.93300201475745,195.23614802611814,58129.95137212371,520.1756646098316
hgb_learning_rate_0.064,7,2025-07-20,200,pv,144,1,4.641932703672054,7454072.804216396,18566.030163729367,399963.36329999997,227.51789923811484,128.93076502589838,66.91223397385113,213.4087929176197,190.71852543846748,-8.961217687034756,1605.8936153724271,1605.8936153724271,1183.4554678025468,4477.247055371397,47287.147418353576,363.0276202631421
hgb_learning_rate_0.064,7,2025-07-20,200,net,144,1,8.002083119132699,16847102.933811415,38086.6455557946,475959.13450000004,342.04352116900327,264.4905941374625,-80.88492691494586,332.11201477972764,294.84924546326937,24.052792371915203,1941.2382459587006,1941.2382459587006,1548.5626144904252,6542.371402036134,110451.39897165427,704.2294484567682
hgb_learning_rate_0.064,7,2025-07-21,201,load,144,1,3.3248768519503304,8432900.241214255,27618.31961230506,830656.9188000001,241.99546944241447,191.7938861965629,115.51626319316574,248.85661642652866,268.34287809940486,120.80077097144869,2772.390316635978,2772.390316635978,1481.4335723681527,13344.007062112738,45217.80016854181,292.1456403343944
hgb_learning_rate_0.064,7,2025-07-21,201,pv,144,1,6.947052805664921,13392232.581767928,26865.533034203476,386718.4227,304.96166177269913,186.56620162641303,114.4593866950864,299.78812626947234,214.6777539774593,53.279539039999584,2747.0252806820736,2747.0252806820736,1634.2940611087804,13100.95120261532,79900.66394855083,280.13035051570387
hgb_learning_rate_0.064,7,2025-07-21,201,net,144,1,7.987633527603062,17037930.358845957,38873.87129603293,486675.6989,343.9752328661457,269.9574395557842,1.0568764980793428,341.13496306147704,291.7458754383891,67.52123193144911,25.365035953904226,25.365035953904226,498.61082984654144,1.1169879321924552,118317.84383738693,453.7088976732548
hgb_learning_rate_0.064,7,2025-07-22,202,load,144,1,2.9018057303091234,6427849.2216818705,24290.701006648298,837089.1529,211.27669492216884,168.68542365727984,-27.180526987112078,207.02029727626345,199.1472386311037,29.2677141426437,652.3326476906899,652.3326476906899,414.8802355428538,738.781047297128,43899.06076993809,419.71734261395403
hgb_learning_rate_0.064,7,2025-07-22,202,pv,144,1,6.621613891252532,16602390.04317801,26110.234348551978,394318.2852,339.5502544541048,181.3210718649443,6.110122984888095,334.40064029654485,237.78947518745494,2.620735671090107,146.64295163731427,146.64295163731427,256.3463064911161,37.333602890457804,115257.04169695683,418.7807987067303
hgb_learning_rate_0.064,7,2025-07-22,202,net,144,1,7.985386420268217,19082649.516919564,38553.96555757939,482806.5109,364.0307671379612,267.73587192763466,-33.290649972000175,362.4585390357741,301.5033246884073,26.64697847155364,798.9755993280041,798.9755993280041,573.9892859697943,1108.2673755582352,131410.1320474943,631.6020411277813
hgb_learning_rate_0.064,7,2025-07-23,203,load,144,1,2.9249550140458442,6467800.120076356,24473.104508005752,836700.2019,211.9322500509098,169.95211463892883,22.465148219767194,205.93865982072884,174.11352901118414,-12.77258387490133,539.1635572744127,539.1635572744127,447.03944112405077,504.6828845361091,44410.59572710525,452.7296992252844
hgb_learning_rate_0.064,7,2025-07-23,203,pv,144,1,6.038078325744289,11024747.51366857,23633.094068979117,391400.9192,276.6961268660955,164.11870881235498,32.83140943755801,272.2195048129439,204.83226581008267,82.08020348603088,787.9538265013922,787.9538265013922,519.0754483231302,1077.901445656573,75482.84517704183,154.422505812561
hgb_learning_rate_0.064,7,2025-07-23,203,net,144,1,7.88533873037846,18450376.853851464,39156.849940435,496577.90589999995,357.9491822041715,271.9225690307986,-10.366261217790825,354.37850811215816,297.00324856773875,-94.85278736093215,248.7902692269798,248.7902692269798,427.1398233885165,107.45937163547411,128020.1576689997,922.8492511891691
hgb_learning_rate_0.064,7,2025-07-24,204,load,144,1,2.63691619456068,5485656.405743207,21976.410409805307,833413.3051,195.17898491127187,152.61396117920353,26.92866884550939,195.469811173314,202.64831376863037,80.811288580205,646.2880522922253,646.2880522922253,181.5290537209641,725.153205791108,37369.682945203385,231.81593288119348
hgb_learning_rate_0.064,7,2025-07-24,204,pv,144,1,6.804699195343584,13647101.214552313,26654.991599080062,391714.4731,307.84985985406723,185.10410832694487,14.508234835316191,324.204793296582,294.15545427430897,-112.47738274052728,348.19763604758856,348.19763604758856,747.9656870960764,210.48887803668222,94561.04733413216,911.3814259075343
hgb_learning_rate_0.064,7,2025-07-24,204,net,144,1,8.218791488914398,19625066.35556814,39880.56416367054,485236.354,369.1682313319752,276.9483622477121,12.420434010193212,378.4789145695501,311.75840200001454,193.28867132073228,298.0904162446371,298.0904162446371,682.7468158471887,154.26718100156424,136130.9158437772,155.334207205931
hgb_learning_rate_0.064,7,2025-07-25,205,load,144,1,5.961404982731905,12522872.524326716,33033.876088057776,554129.0381,294.8972575831227,229.40191727817898,179.17263092058207,308.2573445473512,333.8529780128383,230.18376183741898,4300.14314209397,4300.14314209397,2559.8210594877096,32102.83167100312,54861.56085904352,153.69745911669006
hgb_learning_rate_0.064,7,2025-07-25,205,pv,144,1,5.531785028606218,9338779.535016181,21855.923371336838,395097.12069999997,254.66180644108096,151.7772456342836,-84.71277172577727,260.13164935688064,148.2893560865627,-7.930856191516199,2033.1065214186547,2033.1065214186547,1218.52800587484,7176.253693463649,57676.38196637093,285.03752972018907
hgb_learning_rate_0.064,7,2025-07-25,205,net,144,1,11.99576458121512,27366820.25826828,49621.69183439364,413660.1006,435.94421994636065,344.59508218328915,263.88540264635935,452.0555515033888,375.661904194979,238.11461802893518,6333.249663512625,6333.249663512625,3703.480767082548,69635.5057298312,120411.85717480966,173.74055247915985
hgb_learning_rate_0.064,7,2025-07-26,206,load,144,1,5.560248368387721,10404191.818428509,31088.80205433825,559126.1396,268.79607897515956,215.8944587106823,77.66422454369646,272.57168641008417,294.4535783531173,174.36813001951606,1863.941389048715,1863.941389048715,837.9387025041918,6031.731773973704,66219.60029844649,220.8458170136329
hgb_learning_rate_0.064,7,2025-07-26,206,pv,144,1,5.390274528633283,9967702.415835425,20931.060738281452,388311.5902,263.09723614193246,145.35458846028786,41.76755740312096,250.0251969460224,193.1972852696795,74.21712729451768,1002.421377674903,1002.421377674903,896.0924052375104,1744.5288514230047,67475.62681410079,114.24105647239934
hgb_learning_rate_0.064,7,2025-07-26,206,net,144,1,10.081855454851627,20488499.54131018,41061.17752533148,407277.9828,377.2018648080283,285.14706614813525,35.89666714057552,370.0524186583762,320.0238563393477,100.1510027249984,861.5200113738125,861.5200113738125,622.7310889157324,1288.5707118012745,140992.67610285277,454.25511063026875
hgb_learning_rate_0.064,7,2025-07-27,207,load,144,1,2.8135061423248824,6192090.618027307,23314.433133651208,828661.1777,207.36593088512947,161.9057856503556,-77.45634735459947,197.24754393195013,173.5469419925785,-73.20038076035306,1858.952336510387,1858.952336510387,1323.393058537467,5999.485745516368,37001.14354633993,651.856066731411
hgb_learning_rate_0.064,7,2025-07-27,207,pv,144,1,6.326599704193223,14158347.551976332,24455.473617606185,386550.0389,313.56316429044347,169.82967790004295,82.25668148115348,336.08950165219494,455.9677050391098,250.23617703089582,1974.1603555476834,1974.1603555476834,1570.1305733975755,6766.161648291938,91555.69635154371,11.74627583921935
hgb_learning_rate_0.064,7,2025-07-27,207,net,144,1,8.943486100722623,26552460.666433528,44678.63457314376,499566.2102,429.40899846340426,310.2682956468317,-159.71302883575294,448.43373255076324,571.1434396882358,-323.43655779124884,3833.1126920580705,3833.1126920580705,2866.3128480435253,25508.25157989005,158883.83638145388,2137.728598800499
hgb_learning_rate_0.064,7,2025-07-28,208,load,144,1,3.1252935671419486,7294202.636726845,25920.37197577027,829373.9906,225.06484616054493,180.00258316507131,87.55762284092589,230.15152377947285,258.6862495343756,162.9326195647659,2101.3829481822213,2101.3829481822213,1270.7862074339873,7666.337317553826,42987.84765971593,137.54691252936723
hgb_learning_rate_0.064,7,2025-07-28,208,pv,144,1,8.632899271137198,22570635.373549778,31220.425018554906,361644.72719999996,395.9046898275253,216.80850707329796,196.78916240750792,382.8739323822068,350.6997143823931,217.036512702996,4722.93989778019,4722.93989778019,3082.4307937574554,38725.97444104853,118014.54898638045,0.26831666666666665
hgb_learning_rate_0.064,7,2025-07-28,208,net,144,1,8.54677990856222,21788887.79690219,41190.42445688349,481940.85839999997,388.9880728400561,286.0446142839131,-109.23153956658204,381.46416996102823,341.15161611305984,-54.10389313823006,2621.556949597969,2621.556949597969,1879.7734892995425,11931.529236085778,139380.191575735,939.2220419914725
hgb_learning_rate_0.096,7,2025-07-01,181,load,144,1,10.603797011311599,61239821.48317574,90056.04457807727,849281.1063999999,652.132301053712,625.3891984588699,-625.3891984588699,644.182698581194,617.2429389004049,-591.4456826032058,15009.340763012879,15009.340763012879,8519.197383782097,391111.6495490278,34164.88852858141,3548.674095619235
hgb_learning_rate_0.096,7,2025-07-01,181,pv,144,1,11.107868645117664,29974333.958481673,41774.67702971469,376081.84219999996,456.2401746162875,290.1019238174631,-284.61845681140295,469.77055803986275,409.4638963729039,-254.14841060957048,6830.842963473671,6830.842963473671,4401.911977139653,81007.66595770445,127147.43097619609,1563.631436145768
hgb_learning_rate_0.096,7,2025-07-01,181,net,144,1,13.13715234645615,38100363.580117926,64415.831444062154,490333.29099999997,514.379099687442,447.3321628059872,-340.77074164746705,488.6987817312431,490.8850590199899,-337.29727199363515,8178.49779953921,8178.49779953921,4355.749865331122,116124.69836296473,148461.1598322986,2224.9386185830367
hgb_learning_rate_0.096,7,2025-07-02,182,load,144,1,3.428070285699806,8673996.52797805,29042.335476794266,847191.9493,245.43041172570193,201.68288525551574,-148.75191345484706,248.06721293402478,265.15012445770554,-116.74574974652585,3570.0459229163293,3570.0459229163293,1956.0408899349316,22127.13175647831,38108.955243369244,1011.2018530307417
hgb_learning_rate_0.096,7,2025-07-02,182,pv,144,1,16.618964071221257,76182380.9375628,68098.42409634122,409763.3511,727.3543236046709,472.90572289125845,-465.8152152904132,748.2656831271307,770.135587941345,-496.43564901972763,11179.565166969916,11179.565166969916,7457.456083976561,216983.814796054,312060.49727035436,3020.307484206554
hgb_learning_rate_0.096,7,2025-07-02,182,net,144,1,15.141008147440175,66360984.40343191,73264.63009277164,483882.1126,678.8520969020256,508.78215342202526,317.0633018355661,699.0522831736964,750.222251572557,379.6898992732018,7609.519244053587,7609.519244053587,5590.076478271747,100529.13737087129,360311.03209740575,629.059991605336
hgb_learning_rate_0.096,7,2025-07-03,183,load,144,1,3.004702926532865,7860022.275715282,25521.74329366668,849393.2318,233.6310938762231,177.23432842824084,-89.98976896056772,245.3545704923707,290.1407693239549,-151.82503555564176,2159.7544550536254,2159.7544550536254,1151.1588059496537,8098.158517576357,46485.329508224204,1135.1117440322453
hgb_learning_rate_0.096,7,2025-07-03,183,pv,144,1,4.469942943923532,4377733.033704936,16575.92152208186,370830.7182,174.35860702922918,115.11056612556847,9.603139440157971,174.87332146405964,147.96419174242624,40.2048197603285,230.4753465637913,230.4753465637913,198.2868509608825,92.22028710711756,30308.703558066038,174.04401970781035
hgb_learning_rate_0.096,7,2025-07-03,183,net,144,1,7.5187997319451085,15509462.282945734,37262.878433819205,495596.1026,328.1837887329646,258.7699891237445,-99.59290840072569,340.3631056817426,376.80878014563416,-192.02985531597028,2390.229801617417,2390.229801617417,1295.4154916536786,9918.747403715337,97785.8517834078,1455.8247763493303
hgb_learning_rate_0.096,7,2025-07-04,184,load,144,1,7.1401286391569805,15432811.406348957,41039.34554709005,574770.3944999999,327.37180916043894,284.99545518812533,-255.11274304844432,339.6914142579886,364.7071259686852,-310.68846104679375,6122.705833162664,6122.705833162664,3553.0104330526447,65082.511665701575,42089.78976727728,1880.9165478015427
hgb_learning_rate_0.096,7,2025-07-04,184,pv,144,1,11.548385412841276,53445776.36507267,46365.05708203292,401485.1897,609.2218190096684,321.9795630696731,-318.4362216563384,533.9362204593889,317.4581507174435,-206.3866622057105,7642.469319752122,7642.469319752122,5183.851008099315,101401.62726276467,269749.5974946844,1255.1559616005013
hgb_learning_rate_0.096,7,2025-07-04,184,net,144,1,12.233405787162956,40908683.81854369,51186.659181331015,418417.07920000004,532.9991389047641,355.46291098146537,63.32347860789408,465.837723238204,306.3562371733164,-104.30179884108328,1519.763486589458,1519.763486589458,1861.856091236526,4009.8629430044193,280078.2191302156,1053.7886823327353
hgb_learning_rate_0.096,7,2025-07-05,185,load,144,1,5.9888718085115125,11958526.478820395,34450.20708808131,575237.0093999999,288.1758538975569,239.2375492227869,-205.5230874733672,286.22034206150454,285.82482559376456,-215.59186358127565,4932.554099360813,4932.554099360813,2647.3860435638226,42239.73948458535,40805.58328500073,1382.232190621875
hgb_learning_rate_0.096,7,2025-07-05,185,pv,144,1,6.740671599744317,14620333.381457828,27130.969260703678,402496.5296,318.6378711433882,188.40950875488664,-99.28520826936011,334.8044763878366,321.2818514667568,-137.63522151167092,2382.8449984646427,2382.8449984646427,1856.0972305408106,9857.552581090213,91672.54034570028,1067.5736869618065
hgb_learning_rate_0.096,7,2025-07-05,185,net,144,1,10.212415746181168,19623043.047365203,43413.46538673117,425104.7594,369.149200559028,301.4823985189665,-106.23787920400713,384.88711828575146,408.53787152795724,-77.95664206960474,2549.709100896171,2549.709100896171,1107.6107158543978,11286.486977765211,124984.64529560429,1333.4517920362016
hgb_learning_rate_0.096,7,2025-07-06,186,load,144,1,3.2943318224746916,8343706.9477388,27918.389821283825,847467.4479,240.712295820752,193.87770709224878,-108.02316835369112,231.93551825829593,231.04392136461644,-129.4738925041782,2592.556040488587,2592.556040488587,1421.1333540075545,11669.004901169894,46273.404458127334,971.6417651889336
hgb_learning_rate_0.096,7,2025-07-06,186,pv,144,1,7.462471206026635,15751461.820000123,27514.39689612054,368703.5586,330.73426119435925,191.07220066750375,116.1282812252574,341.1654837913684,257.4262224454764,98.86101208956538,2787.0787494061774,2787.0787494061774,1660.9425206177236,13485.77770033247,95899.37382744615,148.86093696494257
hgb_learning_rate_0.096,7,2025-07-06,186,net,144,1,8.87491723013969,22853529.384071823,44928.434971980685,506240.6083,398.3780430284348,312.0030206387548,-224.1514495789485,408.9533684075531,375.6751306373974,-228.33490459374357,5379.634789894764,5379.634789894764,2898.6671348787595,50243.872348343895,108461.19281882154,1553.2290482239762
hgb_learning_rate_0.096,7,2025-07-07,187,load,144,1,2.517809629050596,5111346.510014865,21375.507951430758,848972.3648999999,188.40239349621658,148.44102744049138,-1.65661789786508,188.0515800946227,221.39541294110052,6.204981502245876,39.75882954876192,39.75882954876192,384.82937060056264,2.744382859526917,35492.717492243704,515.6264813880889
hgb_learning_rate_0.096,7,2025-07-07,187,pv,144,1,9.726262746038723,27251889.80501049,39733.28780506853,408515.4683,435.0278551506987,275.9256097574204,-263.2876832853842,466.7457246682833,526.8890390819917,-337.1275492425181,6318.904398849222,6318.904398849222,4077.370314056142,69320.40416978479,119928.83058723249,2034.3971815730263
hgb_learning_rate_0.096,7,2025-07-07,187,net,144,1,10.650530872737251,34890921.49396751,51201.97686623903,480745.77199999994,492.23781440512056,355.5692837933266,261.63106538751913,528.7256339495427,611.7271953071254,343.3325307447641,6279.14556930046,6279.14556930046,3865.474094344661,68450.81437580832,173847.25155452162,261.1484527003715
hgb_learning_rate_0.096,7,2025-07-08,188,load,144,1,4.651468406994938,16716038.095496051,39431.026185936484,847711.362,340.7104311367488,273.82657073567003,181.54362029244587,314.20693538044264,292.95240870719084,143.8965836379042,4357.0468870187005,4357.0468870187005,2473.314749041759,32958.086068887766,83125.51181650149,299.82036801917064
hgb_learning_rate_0.096,7,2025-07-08,188,pv,144,1,7.060676677151834,18182331.750547156,27839.050640184556,394283.0399,355.3395456632051,193.3267405568372,-29.690927873973312,333.93180846318273,183.93208479317272,83.08406343241415,712.5822689753595,712.5822689753595,741.2255366203651,881.5511980174854,125384.6415141155,99.78989435370472
hgb_learning_rate_0.096,7,2025-07-08,188,net,144,1,11.472776102026886,37089020.12615441,59074.11165216086,514906.8641,507.506295295892,410.23688647333927,211.2345481664192,462.1174027933,310.81748737700946,60.812520205490095,5069.629155994061,5069.629155994061,2862.214933707487,44620.034339071266,212942.6054258898,638.1600622666842
hgb_learning_rate_0.096,7,2025-07-09,189,load,144,1,3.9523103851836967,11362385.566876948,33339.48619800323,843544.2298,280.9011486725079,231.52420970835576,150.1358221040235,268.9491681201287,269.69964821228,179.66667579118857,3603.259730496564,3603.259730496564,2036.3189218275413,22540.765078850993,56364.690246683356,156.94218886938293
hgb_learning_rate_0.096,7,2025-07-09,189,pv,144,1,5.415620833307466,11553864.028652687,21618.71860190488,399191.87970000005,283.25812762504034,150.1299902910061,-57.09031998789354,290.4494008727017,251.8735089488961,-69.72530093958858,1370.1676797094449,1370.1676797094449,818.9503060670067,3259.3046363200765,76975.86222932358,573.4488415180355
hgb_learning_rate_0.096,7,2025-07-09,189,net,144,1,9.577268366067248,22547047.89966554,46802.848728595214,488686.8253,395.6977653783947,325.0197828374668,207.22614209191704,397.24768761134516,410.63777014176577,249.39197673077717,4973.427410206009,4973.427410206009,2719.934370563116,42942.67396629939,113634.04755915569,269.0158684338241
hgb_learning_rate_0.096,7,2025-07-10,190,load,144,1,3.9261237285044746,11848599.633299647,33088.634773050944,842781.2534999999,286.84829073556324,229.7821859239649,44.2583037220167,273.41267583359314,251.06679469208285,87.2885921339948,1062.1992893284007,1062.1992893284007,769.6728232750584,1958.7974483502771,80323.14444956394,368.369682203065
hgb_learning_rate_0.096,7,2025-07-10,190,pv,144,1,4.449460285603269,10469969.473114926,18049.65893460555,405659.5132,269.644435027085,125.34485371253855,-73.9123387122327,238.7014862310249,109.54073759685605,6.407322140549033,1773.8961290935847,1773.8961290935847,1258.5109974875534,5463.033813911812,67245.08752716408,154.81243022742242
hgb_learning_rate_0.096,7,2025-07-10,190,net,144,1,8.88585591949696,21901807.65046505,44488.00804085722,500660.92050000007,389.99472619711514,308.9445002837307,118.1706424342494,361.54731795218396,258.3058999534892,80.88126999344578,2836.095418421986,2836.095418421986,1818.248057782761,13964.300733323225,138131.58572823962,429.770414460744
hgb_learning_rate_0.096,7,2025-07-11,191,load,144,1,7.1108363314782155,18889497.82760388,40421.30240871056,568446.5304,362.1837492865316,280.7034889493789,223.79106642233424,397.02937895641384,484.0623715609898,346.0175681380428,5370.985594136022,5370.985594136022,2830.437110063117,50082.441410445615,81094.62683680354,122.5256292858018
hgb_learning_rate_0.096,7,2025-07-11,191,pv,144,1,11.081073552329979,41731206.81014493,41369.40045343315,373333.8675,538.3307972730829,287.2875031488413,225.08754286493314,508.11873367161655,339.00037205179325,120.65738225156247,5402.101028758395,5402.101028758395,3939.754536106521,50664.401952973116,239135.64533970007,183.97127738908148
hgb_learning_rate_0.096,7,2025-07-11,191,net,144,1,18.66156532080917,65084326.127452865,74364.90543497834,398492.3245,672.2904781388775,516.4229544095718,-1.2964764425988353,663.885191236583,604.9899421953205,225.36018588648037,31.11543462237205,31.11543462237205,1843.2918337636668,1.680851166213731,451972.8061450343,835.1916690524716
hgb_learning_rate_0.096,7,2025-07-12,192,load,144,1,4.967575912454032,10077579.645676494,28410.07465744287,571910.2265999999,264.543365034666,197.29218512113104,28.16531425787509,272.6304631642199,253.16458651442576,78.51511140507256,675.9675421890021,675.9675421890021,510.673074212384,793.2849272448618,69189.90705661969,395.22754590503354
hgb_learning_rate_0.096,7,2025-07-12,192,pv,144,1,4.957082115374256,8127893.439898595,19104.830756928495,385404.76660000003,237.5788383752649,132.67243581200344,46.54416887415334,240.5173511181189,149.45691070969383,69.32647928661419,1117.0600529796802,1117.0600529796802,679.3317836974744,2166.359656185705,54277.34478755454,71.18438164467257
hgb_learning_rate_0.096,7,2025-07-12,192,net,144,1,9.169654081155869,18493057.15461965,37659.8087408197,410700.43,358.36295570021184,261.52644958902573,-18.378854616278247,360.9958893480994,280.27666126750546,9.188632118458335,441.092510790678,441.092510790678,718.2565050376754,337.7822970062922,128086.22572118572,675.6798708096454
hgb_learning_rate_0.096,7,2025-07-13,193,load,144,1,3.514823696485071,9025376.223628737,29502.031169801423,839360.1989,250.3521994614778,204.87521645695432,-37.7279298798161,252.48757163752998,228.03567214503542,-91.68583539224963,905.4703171155865,905.4703171155865,764.4608005203552,1423.3966930163206,61252.82708218325,862.3135875164777
hgb_learning_rate_0.096,7,2025-07-13,193,pv,144,1,8.915756852969048,34444230.00475471,37780.86528377075,423753.8765,489.0767237353312,262.3671200261858,-245.3829676862545,464.5697226637261,329.41119855945124,-164.141614987269,5889.191224470108,5889.191224470108,3926.4798560432114,60212.80083051341,178983.24086917206,1050.0071736296688
hgb_learning_rate_0.096,7,2025-07-13,193,net,144,1,9.449049106394305,35529520.14189705,47611.761768554235,503878.869,496.7220337001107,330.63723450384884,207.65503780643837,460.2997087571916,288.31312693103666,72.45577959501945,4983.720907354521,4983.720907354521,3407.701298380572,43120.61472639335,203612.1640367806,489.7129820825483
hgb_learning_rate_0.096,7,2025-07-14,194,load,144,1,3.033243023658789,6947872.025242586,25672.59671284011,846374.5408000001,219.65680341479714,178.2819216169452,17.12242928915369,213.5039388311533,184.21646068593574,21.13157748458131,410.9383029396886,410.9383029396886,513.0140193651287,293.17758476206814,47955.93370164478,369.98425244649525
hgb_learning_rate_0.096,7,2025-07-14,194,pv,144,1,5.105108053617471,9373622.740856972,21213.177157313596,415528.46550000005,255.1364387285013,147.3137302591222,-106.95525746585271,262.5911118680682,245.44949539023722,-104.90414673071889,2566.926179180465,2566.926179180465,1733.844285236123,11439.427099586843,53655.17526747546,714.6074427234248
hgb_learning_rate_0.096,7,2025-07-14,194,net,144,1,7.137315809368647,12620443.211309638,34465.985495108194,482898.42309999996,296.04385949586225,239.3471214938069,124.07768675500643,298.0722002976006,310.29403714475256,126.03572421530026,2977.864482120154,2977.864482120154,1909.9895390178472,15395.272350473497,72246.69439473232,292.97909039359456
hgb_learning_rate_0.096,7,2025-07-15,195,load,144,1,3.2139400166364136,8446858.599053293,26909.38694534626,837270.976,242.19566526096915,186.8707426760157,83.88130348516171,229.2400855636002,232.77987494772577,83.45224895653047,2013.1512836438808,2013.1512836438808,994.7596645236188,7036.073074369802,51622.66719683363,311.19712619606133
hgb_learning_rate_0.096,7,2025-07-15,195,pv,144,1,8.323863197002531,29304417.755403023,33360.10194439886,400776.6725,451.11295822575045,231.66737461388098,63.48999131488555,408.98265878559704,313.159166276263,-131.03692437013433,1523.7597915572533,1523.7597915572533,1064.2047650555164,4030.9789971642426,199471.9220820234,940.2702606802295
hgb_learning_rate_0.096,7,2025-07-15,195,net,144,1,10.380547878723043,34703830.77446632,49105.86186341582,473056.55189999996,490.91631142454696,341.0129296070543,20.39131217027615,459.6541501252415,409.1175867393906,214.48917332666477,489.3914920866276,489.3914920866276,925.0111948688111,415.8056120256523,240583.0192106571,206.8886466438686
hgb_learning_rate_0.096,7,2025-07-16,196,load,144,1,3.673276307703295,10802819.73301232,30936.024225425026,842191.5923,273.89702714569984,214.83350156545157,7.222859175273082,278.8962143744861,258.08474184457975,84.35671514970707,173.34862020655396,173.34862020655396,419.73927791611663,52.16969466582655,74967.4117845864,375.58643115386866
hgb_learning_rate_0.096,7,2025-07-16,196,pv,144,1,4.102756151519986,6201893.090195868,16796.03594118162,409384.21199999994,207.5300026869587,116.63913848042792,-15.31857602510021,204.71199486881235,176.85891292608335,-71.98109783619708,367.64582460240507,367.64582460240507,465.2052871404219,234.65877143677494,42834.04324381231,496.48678309119094
hgb_learning_rate_0.096,7,2025-07-16,196,net,144,1,8.638980405977362,21213882.0914168,42311.02874009783,489768.7777,383.8210854484663,293.82658847290156,22.54143520037327,386.954575773066,335.9615868431816,156.33781298590412,540.9944448089585,540.9944448089585,668.7030951077119,508.1163008926272,146810.50933394622,328.9007345110137
hgb_learning_rate_0.096,7,2025-07-17,197,load,144,1,3.2832514220033846,8310250.750025678,27494.438441089267,837414.9557,240.22921273849295,190.93360028534212,42.72946074206623,230.60282292910736,211.42659237786478,36.89457641297842,1025.5070578095895,1025.5070578095895,610.5986661585358,1825.806815307779,55884.267837648316,398.6147810532695
hgb_learning_rate_0.096,7,2025-07-17,197,pv,144,1,5.869897538235927,11777294.916852243,23543.716394500636,401092.4593,285.9838636285592,163.49803051736552,51.97806261475499,303.6599789137201,365.84916822077076,226.00394073235012,1247.4735027541199,1247.4735027541199,788.9013152206154,2701.7189931833905,79085.05126273498,0.0
hgb_learning_rate_0.096,7,2025-07-17,197,net,144,1,9.192473071170458,26058815.925296422,46136.63523077856,501895.78880000004,425.39863596540266,320.39330021373996,-9.248601872688763,436.6542433371683,476.06176945546974,-189.10936431937176,221.9664449445303,221.9664449445303,451.01008986062675,85.53663659950209,180878.46284462567,1595.3612414112322
hgb_learning_rate_0.096,7,2025-07-18,198,load,144,1,6.885845645606589,17353374.6566654,38711.42816075685,562188.4392,347.1448490570515,268.8293622274781,214.62147440654658,365.2032725054952,370.46589828029147,223.2290684033857,5150.915385757118,5150.915385757118,2977.909895243329,46062.37727643993,74447.16895040315,197.75333542312023
hgb_learning_rate_0.096,7,2025-07-18,198,pv,144,1,7.6580778268609615,18659384.017307747,28682.7906519694,374542.9506,359.97090948540307,199.18604619423195,150.74836042814403,356.0113687939791,372.5053956400397,224.9282192951326,3617.9606502754564,3617.9606502754564,2585.832647424409,22725.06817177362,106853.98750397464,16.196711520729036
hgb_learning_rate_0.096,7,2025-07-18,198,net,144,1,14.396506660874882,34280221.84206742,56241.9559111633,390663.9106,487.910951020233,390.56913827196735,63.87311397840257,503.2483285585246,492.9425261410251,-1.6991508917468663,1532.9547354816616,1532.9547354816616,1187.4679796257033,4079.774689298006,233977.32143617017,1264.486189143073
hgb_learning_rate_0.096,7,2025-07-19,199,load,144,1,4.455954865378193,6715184.1693620235,25282.51462082671,567387.1344,215.94726994881734,175.5730182001855,-2.7690615922670485,210.8214499074666,205.39044568260132,51.63878048131807,66.45747821440916,66.45747821440916,414.2870067772756,7.667702101768522,46625.55569624562,341.24819334555764
hgb_learning_rate_0.096,7,2025-07-19,199,pv,144,1,4.839759574463841,8847224.17266751,19566.674635910687,404290.22010000004,247.8690314553948,135.879684971602,-100.89869405372328,237.332646356382,132.7019951988634,-54.448342757408284,2421.5686572893587,2421.5686572893587,1710.1291762311864,10180.546461746853,51258.51029288864,378.89147004982055
hgb_learning_rate_0.096,7,2025-07-19,199,net,144,1,8.10710926417187,14441843.948487543,34305.02713344569,423147.4625,316.68688475465467,238.22935509337287,98.12963246145623,313.4899658742918,213.2282136436524,106.08712323872635,2355.1111790749496,2355.1111790749496,1525.5375661543533,9629.424767020484,90661.15820858744,194.9653977327881
hgb_learning_rate_0.096,7,2025-07-20,200,load,144,1,3.2763363819651676,8062630.147656951,27275.606290709904,832503.2326,236.62309087767957,189.41393257437434,-12.135519578765809,236.74476131465016,221.60623834854144,7.534904083225052,291.2524698903794,291.2524698903794,399.92711288728805,147.2708354466083,55843.21630106,522.7645567724145
hgb_learning_rate_0.096,7,2025-07-20,200,pv,144,1,4.750477703420612,7947300.024914578,19000.170395417677,399963.36329999997,234.92463367291057,131.9456277459561,78.94199817388242,220.2296045205295,192.2849174146582,5.155911440806856,1894.6079561731783,1894.6079561731783,1374.7076989691213,6231.839075685256,48957.744430665975,311.02976861144407
hgb_learning_rate_0.096,7,2025-07-20,200,net,144,1,8.12535583015125,17331933.96800902,38673.37328423318,475959.13450000004,346.93032810006423,268.5650922516193,-91.07751775264825,336.6682208201938,300.7302261183808,2.3789926424182237,2185.860426063558,2185.860426063558,1670.2878932616259,8295.114239983957,112065.53831563424,782.1809196496348
hgb_learning_rate_0.096,7,2025-07-21,201,load,144,1,3.286942353150389,8207826.651622264,27303.21407341124,830656.9188000001,238.74420661415277,189.60565328757806,113.82080418623426,247.60715570133465,269.9111493939758,127.55215110047321,2731.699300469622,2731.699300469622,1439.887140127601,12955.175465601082,44043.620726220186,276.3790928921403
hgb_learning_rate_0.096,7,2025-07-21,201,pv,144,1,6.90709869211702,13378498.9468286,26711.023116487268,386718.4227,304.80525370523014,185.49321608671713,114.0807114292956,299.4191993850738,213.89038312004857,50.82946790115622,2737.9370743030945,2737.9370743030945,1635.0174961282585,13014.408720214216,79891.8339660955,279.0077100217284
hgb_learning_rate_0.096,7,2025-07-21,201,net,144,1,7.912441500536769,16708429.295995347,38507.92997279097,486675.6989,340.63288009228893,267.41618036660395,-0.25990724306135843,339.5533493695789,293.82560468761784,76.72268319931696,6.237773833472602,6.237773833472602,483.0481282584842,0.06755177499575604,116030.69144819271,439.7845863511487
hgb_learning_rate_0.096,7,2025-07-22,202,load,144,1,2.94078787414624,6563074.664318366,24617.01630427668,837089.1529,213.48748766871506,170.9515021130325,-26.381471220438833,209.26826654328173,200.6129317100839,28.05206860478908,633.155309290532,633.155309290532,439.63263542345226,695.9820237548424,44880.92536734492,429.0931206993103
hgb_learning_rate_0.096,7,2025-07-22,202,pv,144,1,6.5228771232334095,16180637.88856772,25720.897218037073,394318.2852,335.2096968955871,178.6173417919241,6.3562238457759115,330.8959512682403,235.8543294321301,-2.7334492948850038,152.54937229862188,152.54937229862188,260.65709040295087,40.401581577610315,112325.1393112538,426.7508108862988
hgb_learning_rate_0.096,7,2025-07-22,202,net,144,1,8.026250463735883,19137053.482333753,38751.25982005829,482806.5109,364.54931729250137,269.105970972627,-32.73769506621474,364.2760467317505,304.4598556948657,30.785517899674105,785.7046815891539,785.7046815891539,605.4930134166817,1071.756678248461,131824.4480601804,626.1284232855627
hgb_learning_rate_0.096,7,2025-07-23,203,load,144,1,2.954537304180754,6542231.7740469305,24720.61958929119,836700.2019,213.1482233037567,171.6709693700777,22.131035373905654,208.1327630655044,179.87267773783435,-12.044782646502123,531.1448489737357,531.1448489737357,433.0056425910339,489.78272672106334,44942.382370827065,467.8157957908449
hgb_learning_rate_0.096,7,2025-07-23,203,pv,144,1,5.956949732542776,10772085.148794904,23315.556009454365,391400.9192,273.5071239778432,161.91358339898864,30.65403223207525,269.32073495884396,198.7032647029915,75.94649642662097,735.6967735698059,735.6967735698059,489.93813737687555,939.6696920851083,73866.47717454618,156.3198007517656
hgb_learning_rate_0.096,7,2025-07-23,203,net,144,1,7.8973138165351076,18193429.373440873,39216.3155725014,496577.90589999995,355.4479702260007,272.3355248090375,-8.5229968581696,351.718392213093,293.3170635075398,-87.99127907312307,204.55192459607042,204.55192459607042,423.9746259066892,72.64147544436888,126270.61806233946,905.780996557612
hgb_learning_rate_0.096,7,2025-07-24,204,load,144,1,2.6544598581435697,5508862.9722490925,22122.621636307096,833413.3051,195.5913926092887,153.62931691879928,22.958313295559424,197.1913865315643,205.37384618390723,82.27694762592995,550.9995190934262,550.9995190934262,206.60748408272696,527.0841493770606,37728.90871346386,235.64422725954032
hgb_learning_rate_0.096,7,2025-07-24,204,pv,144,1,6.837425815810156,13778280.083172934,26783.186508004128,391714.4731,309.3258808725675,185.99435075002867,11.579363124634028,326.24496832051443,301.012352822977,-117.60978275646617,277.9047149912167,277.9047149912167,761.6416725009616,134.08165037213433,95548.41892721767,937.2428746384253
hgb_learning_rate_0.096,7,2025-07-24,204,net,144,1,8.254713807732937,19828206.702250443,40054.87231377787,485236.354,371.0739547270048,278.15883551234634,11.378950170925387,382.1547225540914,323.13415168708764,199.8867303823961,273.0948041022093,273.0948041022093,663.8806087905454,129.4805069924029,137566.3993697468,169.48566605934306
hgb_learning_rate_0.096,7,2025-07-25,205,load,144,1,6.13724463813272,12922222.870787526,34008.254679128666,554129.0381,299.56244561846097,236.16843527172685,191.37379607987506,314.4512785335355,345.01760482717464,247.2168996594122,4592.971105917001,4592.971105917001,2702.8449522219503,36623.9298260216,53113.72899889176,138.1571211133912
hgb_learning_rate_0.096,7,2025-07-25,205,pv,144,1,5.448571207439009,9039573.384363066,21527.14795988075,395097.12069999997,250.54902747603703,149.4940830547274,-78.49031804080073,256.42065470361894,150.07065279324,-1.03694567276531,1883.7676329792175,1883.7676329792175,1127.7318996759655,6160.730026146049,56614.085143041906,264.70430013296664
hgb_learning_rate_0.096,7,2025-07-25,205,net,144,1,12.224814861822907,27296535.769508284,50569.18145558039,413660.1006,435.3840559519157,351.1748712193082,269.86411412067577,452.66164591336525,380.69649243107125,248.25384533217755,6476.738738896219,6476.738738896219,3750.8466098416575,72826.64009013711,116732.6360870037,177.5275045042647
hgb_learning_rate_0.096,7,2025-07-26,206,load,144,1,5.316078623166419,9322536.134413611,29723.58518381123,559126.1396,254.44023712212106,206.4137859986891,54.71961041244476,253.6672985429808,261.8812236609286,131.25719067508638,1313.2706498986743,1313.2706498986743,629.1201585232576,2994.2357636897327,61745.59850307145,268.5962073769651
hgb_learning_rate_0.096,7,2025-07-26,206,pv,144,1,5.253953922913321,9517953.13571688,20401.712026439996,388311.5902,257.0931675012225,141.67855573916665,28.661971476011736,246.92990989055335,182.54357966237404,60.2613685030481,687.8873154242816,687.8873154242816,697.0860606769035,821.5086088917104,65275.38816691997,136.17751710046508
hgb_learning_rate_0.096,7,2025-07-26,206,net,144,1,9.775663041097093,19377150.350691006,39814.12323910538,407277.9828,366.82903933851924,276.4869669382318,26.057638936433037,359.2812719178995,289.98210889309576,70.99582217203833,625.3833344743929,625.3833344743929,574.8777883968899,679.0005469415111,133884.54355507935,473.2805140680057
hgb_learning_rate_0.096,7,2025-07-27,207,load,144,1,2.710460109731488,5663580.0288033765,22460.53066638966,828661.1777,198.3189775757482,155.97590740548375,-60.06816452357388,189.89726639927818,171.82355078300682,-66.74425766116168,1441.635948565773,1441.635948565773,1045.83021920361,3608.1843892311394,35722.23247745898,627.3134314033849
hgb_learning_rate_0.096,7,2025-07-27,207,pv,144,1,6.386347590486047,14184491.666125964,24686.429095313026,386550.0389,313.85253599118323,171.43353538411824,92.0906878373231,339.76202500257835,466.65736832589806,259.35633161369225,2210.1765080957543,2210.1765080957543,1720.2118503112872,8480.694786351289,90022.7195617457,13.754676651942631
hgb_learning_rate_0.096,7,2025-07-27,207,net,144,1,8.813674458867258,25707333.88000298,44030.139473528514,499566.2102,422.52000182768285,305.76485745505914,-152.15885236089696,444.02406957612294,571.8610907156371,-326.10058927485386,3651.8124566615265,3651.8124566615265,2745.2237443064764,23152.316351785237,155370.83559267988,2170.753514944713
hgb_learning_rate_0.096,7,2025-07-28,208,load,144,1,3.0691073493276586,7100041.472059227,25454.378098916688,829373.9906,222.0491917480603,176.76651457581033,79.79461558491717,227.16307825117505,254.8428521768018,154.4686391182895,1915.0707740380121,1915.0707740380121,1136.7199515994555,6367.180676344706,42938.66287962214,149.58723318880493
hgb_learning_rate_0.096,7,2025-07-28,208,pv,144,1,8.325051585884115,21150093.689366255,30107.11009702988,361644.72719999996,383.24359175412053,209.0771534515964,188.84943392550304,370.1666310419145,345.7112724677507,213.6977668229556,4532.386414212073,4532.386414212073,2960.7634614106396,35664.10869398294,111211.54192661603,0.26831666666666665
hgb_learning_rate_0.096,7,2025-07-28,208,net,144,1,8.416450741238275,21037094.502303325,40562.314949136904,481940.85839999997,382.2184376031239,281.6827427023396,-109.05481834058588,375.7143864153983,343.60973126679374,-59.2291277046661,2617.315640174061,2617.315640174061,1886.528497491266,11892.953403298186,134197.9806404749,956.0068090946526
extra_trees_min_samples_leaf_8,7,2025-07-01,181,load,144,1,10.668057555515452,61827203.01641348,90601.79723887041,849281.1063999999,655.2522998836947,629.1791474921556,-629.1791474921556,647.9382869615297,623.3414511427571,-598.0464562967906,15100.299539811735,15100.299539811735,8563.302505731137,395866.3996389557,33489.1768639156,3588.2787377807435
extra_trees_min_samples_leaf_8,7,2025-07-01,181,pv,144,1,11.460986650819303,31700310.02678395,43102.68973069731,376081.84219999996,469.1919030126866,299.32423424095356,-293.51184625235817,483.13755649264743,420.62264575977264,-260.1612135800669,7044.284310056596,7044.284310056596,4546.927983747462,86149.20389046794,133991.83796219842,1600.5580745836103
extra_trees_min_samples_leaf_8,7,2025-07-01,181,net,144,1,13.194764715063052,38242048.37454024,64698.32406707543,490333.29099999997,515.3346295163481,449.29391713246827,-335.6673012397975,491.25903865723774,497.40076465232244,-337.8852427167237,8056.015229755139,8056.015229755139,4271.281337598553,112672.53712160896,152897.24325714272,2262.6390353228003
extra_trees_min_samples_leaf_8,7,2025-07-02,182,load,144,1,3.350806619293989,8417966.165438477,28387.763915270174,847191.9493,241.78109597547225,197.13724941159842,-140.27723182718353,241.56980296015325,258.3814982588661,-104.38926472861837,3366.653563852404,3366.653563852404,1826.8779339943642,19677.70176909739,38780.39660200314,959.9139346575998
extra_trees_min_samples_leaf_8,7,2025-07-02,182,pv,144,1,16.739711648435787,77675070.09310953,68593.20341510753,409763.3511,734.4455112395523,476.34169038269124,-468.61576272753217,755.3115886569468,775.2431918979775,-496.99548212406546,11246.778305460772,11246.778305460772,7506.01634977565,219600.73307670673,319809.4759032206,3028.3659807065123
extra_trees_min_samples_leaf_8,7,2025-07-02,182,net,144,1,15.663132139100698,70732687.6785141,75791.09469401003,483882.1126,700.8560622479349,526.3270464861807,328.3385309003486,721.7519108379466,768.3724776880962,392.60621739544695,7880.124741608367,7880.124741608367,5778.823858630747,107806.19087379916,383393.029115882,626.1460500337404
extra_trees_min_samples_leaf_8,7,2025-07-03,183,load,144,1,2.975209376401293,7632209.258512614,25271.227075031566,849393.2318,230.22044475700974,175.49463246549698,-86.05650832020957,240.80120223792795,282.11935904529435,-140.84861725123366,2065.35619968503,2065.35619968503,1100.7504371589177,7405.722624266299,45595.73055984908,1082.6643191839896
extra_trees_min_samples_leaf_8,7,2025-07-03,183,pv,144,1,4.437489209741524,4410403.398714654,16455.573106531996,370830.7182,175.00800375972202,114.27481323980552,16.417759352281987,173.95870850313372,143.25294157147695,43.32891797180146,394.0262244547677,394.0262244547677,284.1461875755846,269.54282214944266,30358.258557813442,156.14656951965853
extra_trees_min_samples_leaf_8,7,2025-07-03,183,net,144,1,7.456991217353222,15395739.144499213,36956.55784442686,495596.1026,326.9783711044714,256.6427628085199,-102.47426767249159,337.0808050542008,365.3124960237297,-184.17753522303522,2459.3824241397983,2459.3824241397983,1340.8592504184694,10500.975535013455,96413.87963511997,1392.8725018852865
extra_trees_min_samples_leaf_8,7,2025-07-04,184,load,144,1,6.827158158403053,14297701.0568889,39240.48388019216,574770.3944999999,315.1025081982681,272.5033602791122,-239.04414910580212,326.1110589331776,348.5513538394599,-294.79084947329216,5737.059578539251,5737.059578539251,3405.141199444226,57142.105221716956,42147.48545112262,1775.2807499857365
extra_trees_min_samples_leaf_8,7,2025-07-04,184,pv,144,1,11.385114461867618,51993871.468269035,45709.54839479134,401485.1897,600.8898000989694,317.4274194082732,-313.36647545452803,527.8475160226068,320.7457400850241,-206.7319769046403,7520.795410908672,7520.795410908672,5102.10632526912,98198.54793879332,262870.0039241861,1260.8234121404737
extra_trees_min_samples_leaf_8,7,2025-07-04,184,net,144,1,11.748169082897203,38818649.389018305,49156.34593613591,418417.07920000004,519.2051175502846,341.36351344538826,74.32232634872591,453.5032373646035,289.1742247261422,-88.05887256865176,1783.7358323694218,1783.7358323694218,1893.3180662250875,5523.808193886517,264050.14589651837,939.1104019623936
extra_trees_min_samples_leaf_8,7,2025-07-05,185,load,144,1,6.469117660881515,13580338.272256535,37212.75896702205,575237.0093999999,307.09592095703283,258.42193727098646,-228.3643271884815,306.12247340035253,309.25774256267016,-240.91120557981347,5480.743852523556,5480.743852523556,2907.474149440784,52150.26593224783,42157.638736200315,1523.8620852278382
extra_trees_min_samples_leaf_8,7,2025-07-05,185,pv,144,1,6.621484012017777,14133444.652623696,26651.2433563904,402496.5296,313.2872822167789,185.07807886382224,-95.70796237289034,330.3807011312642,318.8531274630405,-135.6696214119373,2296.991096949368,2296.991096949368,1797.8779211828592,9160.014061570593,88988.90713720507,1053.380754887664
extra_trees_min_samples_leaf_8,7,2025-07-05,185,net,144,1,10.621807450483576,20912818.6662999,45153.80900630948,425104.7594,381.08779487784756,313.56811809937136,-132.65636481559116,396.38993074024273,421.0773482727913,-105.24158416787617,3183.7527555741876,3183.7527555741876,1382.31594876809,17597.71112608721,127630.19627877319,1460.9435926632386
extra_trees_min_samples_leaf_8,7,2025-07-06,186,load,144,1,3.237581981945718,7865602.370742541,27437.45339606562,847467.4479,233.71401046088803,190.53787080601126,-74.30080593627277,221.5118679706426,202.8507478589365,-73.19054831273553,1783.2193424705465,1783.2193424705465,1100.373126699529,5520.609762779666,49101.628922932425,734.2074700297599
extra_trees_min_samples_leaf_8,7,2025-07-06,186,pv,144,1,7.538614030382153,16160011.52944238,27795.13819913788,368703.5586,334.9959735396745,193.0217930495686,121.57734538595984,346.12350891555735,265.5442104991802,101.19561840735174,2917.856289263036,2917.856289263036,1744.4010618762204,14781.050911096972,97441.25137669733,158.2771636179642
extra_trees_min_samples_leaf_8,7,2025-07-06,186,net,144,1,8.473456419277245,21013623.842011288,42896.07732098453,506240.6083,382.00516141447696,297.88942584017036,-195.8781513222326,389.78820042076165,351.884188699078,-174.3861667200873,4701.075631733583,4701.075631733583,2626.757694462814,38368.250165415455,107559.69318188516,1300.6265220985576
extra_trees_min_samples_leaf_8,7,2025-07-07,187,load,144,1,2.7034678506528595,5851703.699630368,22951.69494599878,848972.3648999999,201.58579128359497,159.38677045832486,-9.38855854965161,197.71566912297078,229.0987371065822,29.983122935215405,225.32540519163862,225.32540519163862,605.0187324257122,88.14503164023633,40548.68621579287,453.9086052150501
extra_trees_min_samples_leaf_8,7,2025-07-07,187,pv,144,1,9.826919159433524,27844711.83143693,40144.48482362229,408515.4683,439.7340723493901,278.78114460848815,-267.12142385680943,470.7508716697365,529.1313353443535,-337.94585181070454,6410.914172563426,6410.914172563426,4139.326230251697,71353.85508328924,122012.1993016894,2038.765699269163
extra_trees_min_samples_leaf_8,7,2025-07-07,187,net,144,1,11.171692748369717,37471769.70003824,53707.440548618004,480745.77199999994,510.118244054192,372.9683371431806,257.73286530715785,544.9675759833893,622.9471253243471,367.92897474591996,6185.588767371788,6185.588767371788,3822.08608919259,66426.22985943758,193794.3930574947,199.02448106210295
extra_trees_min_samples_leaf_8,7,2025-07-08,188,load,144,1,4.785437893654202,17804274.91102411,40566.700745960145,847711.362,351.6259347562733,281.71319962472325,196.2089004776812,324.91795425476624,302.97338914063096,160.82001491789262,4709.013611464349,4709.013611464349,2632.6682268626982,38497.93262666061,85142.86536656236,275.969297809602
extra_trees_min_samples_leaf_8,7,2025-07-08,188,pv,144,1,7.041975654824242,17760834.552988756,27765.31568085895,394283.0399,351.1967096090163,192.81469222818714,-25.207868930550703,331.0914051538217,187.0883161629138,85.81896873454212,604.9888543332169,604.9888543332169,692.9152670797579,635.4366560198234,122703.69218417989,95.38463026488512
extra_trees_min_samples_leaf_8,7,2025-07-08,188,net,144,1,11.66077995635579,37423895.44386877,60042.15640287295,514906.8641,509.7922741712003,416.95941946439547,221.41676940823194,466.2381516585735,320.8691765130727,75.00104618335051,5314.002465797566,5314.002465797566,2955.4542529530895,49025.385775178154,210862.77702946615,633.0370608932494
extra_trees_min_samples_leaf_8,7,2025-07-09,189,load,144,1,4.035252854209297,11909626.26192932,34039.14260952233,843544.2298,287.5860530868365,236.3829347883495,152.36697157164042,274.3634987600675,272.7968264564104,180.45594156931372,3656.8073177193705,3656.8073177193705,2067.4007951770254,23215.69402591308,59490.04390415164,149.15141062509096
extra_trees_min_samples_leaf_8,7,2025-07-09,189,pv,144,1,5.529406593574938,11543300.544197304,22072.94211714754,399191.87970000005,283.12860917735514,153.28432025796903,-48.43163662997219,288.6391534248279,247.8933929596079,-62.87293683102757,1162.3592791193325,1162.3592791193325,694.4288962250102,2345.623426657664,77816.18590804584,553.5460168323222
extra_trees_min_samples_leaf_8,7,2025-07-09,189,net,144,1,9.767953286754993,23133036.690065682,47734.700813829986,488686.8253,400.8067965060674,331.49097787381936,200.79860820161264,399.36337224430673,407.1191117638722,243.3288784003413,4819.166596838703,4819.166596838703,2618.0190200912925,40320.08105570474,120326.00706975142,277.22802671565404
extra_trees_min_samples_leaf_8,7,2025-07-10,190,load,144,1,3.9752670769368965,12235324.418743737,33502.80570098158,842781.2534999999,291.49190500890484,232.6583729234832,52.12662713314009,277.7548455152387,253.46870025024623,94.32924949208524,1251.0390511953622,1251.0390511953622,897.2162330753083,2717.1852562774166,82250.34542944298,350.6679373922555
extra_trees_min_samples_leaf_8,7,2025-07-10,190,pv,144,1,4.4052788194203565,10321098.317844262,17870.432613963323,405659.5132,267.72055183328473,124.10022648585641,-70.77606699937195,237.17299893495698,107.80012480928157,6.901775113328335,1698.625607984927,1698.625607984927,1213.2524931874843,5009.251659899587,66665.0422140189,148.94484854842872
extra_trees_min_samples_leaf_8,7,2025-07-10,190,net,144,1,8.891744732533896,22081906.345188037,44517.49102641447,500660.92050000007,391.5949078340825,309.14924323898936,122.90269413251205,363.6933655476115,260.8718811906724,87.4274743787569,2949.664659180289,2949.664659180289,1906.8584493805724,15105.072225029813,138241.49961655377,403.3798163144097
extra_trees_min_samples_leaf_8,7,2025-07-11,191,load,144,1,7.275746173284603,19798089.65463032,41358.7266827471,568446.5304,370.79203566515633,287.2133797412993,232.47628957377978,412.09537190695283,513.8601949039828,363.14397583035037,5579.4309497707145,5579.4309497707145,2865.1676597304963,54045.22521399191,83441.50849871866,126.5962640190625
extra_trees_min_samples_leaf_8,7,2025-07-11,191,pv,144,1,11.298013021217516,43760675.9067526,42179.308962764946,373333.8675,551.2654375940704,292.9118677969788,231.03576829672207,518.2589581546545,338.8207581522607,120.50871743218305,5544.85843912133,5544.85843912133,4037.2972332761615,53377.52623245664,250516.05645332526,185.18269512755433
extra_trees_min_samples_leaf_8,7,2025-07-11,191,net,144,1,18.94940139678367,67436500.93287534,75511.91010487871,398492.3245,684.3310852621549,524.3882646172133,1.4405212770576554,677.8368192412676,628.38258351488,242.63525839816737,34.57251064938373,34.57251064938373,1921.3493452172706,2.0751015496558183,468306.959154529,834.628854607131
extra_trees_min_samples_leaf_8,7,2025-07-12,192,load,144,1,5.007301174305643,10447311.214213073,28637.267492515857,571910.2265999999,269.3525056889654,198.86991314247123,0.6590274423701695,275.29141285312386,244.78324912540916,46.68508796278258,15.81665861688407,15.81665861688407,577.7379228348237,0.4343171697969671,72550.33800375432,479.89669664262175
extra_trees_min_samples_leaf_8,7,2025-07-12,192,pv,144,1,5.006317757459929,8134986.357131991,19294.587268392792,385404.76660000003,237.68247897860837,133.99018936383882,54.85382068948178,240.4373815076928,159.71217361929138,70.71926856120666,1316.4916965475627,1316.4916965475627,803.0169374085237,3008.9416442338193,53484.01916918278,82.92803154350814
extra_trees_min_samples_leaf_8,7,2025-07-12,192,net,144,1,9.497015800323048,19724932.326285824,39004.284729094696,410700.43,370.1063316268964,270.8630883964909,-54.1947932471116,371.5835000030573,290.27998717782174,-24.034180598424086,1300.6750379306784,1300.6750379306784,1148.0524129388334,2937.075615097173,134041.62109522105,802.1269234778401
extra_trees_min_samples_leaf_8,7,2025-07-13,193,load,144,1,3.422621079029262,8544321.011946857,28728.119096533337,839360.1989,243.58892130588427,199.50082705925928,-25.32106225475775,245.15140069653074,220.4456865619654,-70.71046431651861,607.705494114186,607.705494114186,647.3633401066204,641.1561937093176,58694.40638925496,787.1703828982762
extra_trees_min_samples_leaf_8,7,2025-07-13,193,pv,144,1,8.941023840752774,34270577.36973273,37887.93512397906,423753.8765,487.84231122683894,263.11066058318795,-244.03911021869206,464.3744760571499,337.2741886991874,-166.08110454759674,5856.93864524861,5856.93864524861,3906.878643445975,59555.08731633093,178435.03330681307,1076.4880238376347
extra_trees_min_samples_leaf_8,7,2025-07-13,193,net,144,1,9.56706833204145,36560024.32765073,48206.43570794762,503878.869,503.8740495708306,334.7669146385251,218.71804796393428,468.7008652366112,302.31122433600495,95.37064023107814,5249.233151134423,5249.233151134423,3513.039499570473,47837.584505153856,206051.47332575405,462.09245236890894
extra_trees_min_samples_leaf_8,7,2025-07-14,194,load,144,1,3.1667902672508323,7422214.901072452,26802.906582543328,846374.5408000001,227.03118516015672,186.13129571210644,34.682461448849935,217.51411795846406,186.95846915544465,33.91768097204057,832.3790747723984,832.3790747723984,684.8343944544522,1202.873132150962,50340.28590307439,346.63609216712877
extra_trees_min_samples_leaf_8,7,2025-07-14,194,pv,144,1,5.005386922081574,9096807.807172189,20798.80746966325,415528.46550000005,251.34095654846178,144.43616298377256,-95.68186505047066,259.803908900876,246.67372705902397,-96.48726262096199,2296.364761211296,2296.364761211296,1560.9395435392228,9155.01929953648,54017.25713915928,697.1420521054675
extra_trees_min_samples_leaf_8,7,2025-07-14,194,net,144,1,7.277737983112139,12764834.812482271,35144.08195779826,482898.42309999996,297.7325749692055,244.05612470693237,130.36432649932055,298.80430406174224,310.4582236118756,130.4049435930025,3128.7438359836938,3128.7438359836938,1990.3373684778348,16994.85762362145,71649.82857417209,288.4264105502277
extra_trees_min_samples_leaf_8,7,2025-07-15,195,load,144,1,3.2613605961445593,8765111.64767683,27306.42569421897,837270.976,246.71609369201,189.62795620985398,86.82404747137511,233.75069511333646,240.3684740148414,88.26182583585653,2083.777139313003,2083.777139313003,1023.7561566615832,7538.415219311599,53330.41566733306,314.8529347273796
extra_trees_min_samples_leaf_8,7,2025-07-15,195,pv,144,1,8.535360049855363,30981405.04220053,34207.73199370466,400776.6725,463.8411863196202,237.55369440072684,69.73403383286005,419.08030346149985,313.4003163835808,-127.34899348474852,1673.6168119886413,1673.6168119886413,1145.4317506144198,4862.83547460247,210285.81065179015,933.9235981172343
extra_trees_min_samples_leaf_8,7,2025-07-15,195,net,144,1,10.527965007238977,36463240.38799597,49803.22824848328,473056.55189999996,503.20666444201726,345.85575172557833,17.09001363851506,468.4905004886554,410.4711259570907,215.610819320605,410.1603273243615,410.1603273243615,933.9239066441704,292.0685661646308,252924.8785726963,198.23972022747753
extra_trees_min_samples_leaf_8,7,2025-07-16,196,load,144,1,3.652326834315197,10791161.627557486,30759.58952191934,842191.5923,273.74919618803204,213.6082605688843,9.337601089708418,278.68994236898607,255.7908872435694,80.01801981616833,224.10242615300203,224.10242615300203,463.2745744237939,87.19079411052384,74851.43161948312,385.2826101173814
extra_trees_min_samples_leaf_8,7,2025-07-16,196,pv,144,1,4.178112226930757,6222276.4934008345,17104.53181669613,409384.21199999994,207.87076135521005,118.78147094927868,-11.304658101011846,205.05423898071888,177.82129676147198,-70.14276562385696,271.3117944242843,271.3117944242843,412.6351490156682,127.79529478077275,43082.45813161392,503.3445612898534
extra_trees_min_samples_leaf_8,7,2025-07-16,196,net,144,1,8.599649321988029,21106618.372335274,42118.397370787105,489768.7777,382.8494987547623,292.488870630466,20.642259190720253,385.74578709034165,330.6624253393542,150.16078544002528,495.41422057728613,495.41422057728613,684.0585315670373,426.10286449687476,146147.63583227585,339.5744244521305
extra_trees_min_samples_leaf_8,7,2025-07-17,197,load,144,1,3.345112059868929,8482418.829347795,28012.468674266747,837414.9557,242.7049367337122,194.53103246018574,49.07712880263493,231.79221592338348,212.3035892533955,34.512057374860305,1177.8510912632385,1177.8510912632385,740.1011856731282,2408.5645715104192,56497.12174340483,411.4883085818827
extra_trees_min_samples_leaf_8,7,2025-07-17,197,pv,144,1,5.768446817759603,11397484.144419812,23136.805204764583,401092.4593,281.33466805098834,160.67225836642072,58.8749035302289,299.97658204624736,363.7017388191663,229.63360975706414,1412.9976847254936,1412.9976847254936,886.386073066061,3466.2542656937594,75682.94118166604,0.0
extra_trees_min_samples_leaf_8,7,2025-07-17,197,net,144,1,9.195619828889534,25809886.90513814,46152.42867525434,501895.78880000004,423.36193231102624,320.5029769114885,-9.797774727593962,434.93888012412685,476.7696256805342,-195.12155238220373,235.14659346225508,235.14659346225508,476.3384694474151,95.99638961267894,179139.3293405133,1606.8428295547521
extra_trees_min_samples_leaf_8,7,2025-07-18,198,load,144,1,6.95422254329666,18405219.51372403,39095.835174654036,562188.4392,357.51087312256857,271.4988553795419,216.22803493747764,383.11062102537096,396.0652652821174,229.34497449061988,5189.472838499463,5189.472838499463,2913.2265315803024,46754.563092923054,81059.46130793827,216.14905125602021
extra_trees_min_samples_leaf_8,7,2025-07-18,198,pv,144,1,7.724653355614605,19423218.89530818,28932.14460174085,374542.9506,367.2648425193341,200.91767084542255,153.7835368062841,359.8617213926789,364.665025874219,220.60690025548547,3690.8048833508183,3690.8048833508183,2639.3454327249665,23649.37619264974,111234.08835810154,13.6080486573681
extra_trees_min_samples_leaf_8,7,2025-07-18,198,net,144,1,14.760422552525316,36681906.010132365,57663.64396477974,390663.9106,504.713243737171,400.4419719776371,62.444498131193505,523.694073010736,512.6128527466432,8.738074235134414,1498.667955148644,1498.667955148644,1168.8586010446763,3899.3153468566293,250836.14305684032,1284.4929637553998
extra_trees_min_samples_leaf_8,7,2025-07-19,199,load,144,1,4.387956317152744,6567536.293812,24896.69960661673,567387.1344,213.56004057231775,172.89374726817175,-32.498461538427904,204.16253645960154,195.25918612693494,21.75010488899933,779.9630769222698,779.9630769222698,709.7635519576351,1056.1500023646777,44551.74092688532,401.29912040749485
extra_trees_min_samples_leaf_8,7,2025-07-19,199,pv,144,1,4.674512300684646,8265182.827105967,18898.59606903953,404290.22010000004,239.5769249448153,131.2402504794412,-99.46616272126136,230.972307918913,134.4283592447016,-56.869710166916576,2387.1879053102725,2387.1879053102725,1677.219830354834,9893.517526492442,47503.58543952122,388.65472584140184
extra_trees_min_samples_leaf_8,7,2025-07-19,199,net,144,1,7.841558639830968,13240551.40533043,33181.35640489426,423147.4625,303.22973740734597,230.42608614509902,66.96770118283345,298.26501724893683,194.64803262136445,78.61981505591596,1607.2248283880028,1607.2248283880028,1131.5428677219388,4484.673001713273,87463.60064641472,229.94019693290193
extra_trees_min_samples_leaf_8,7,2025-07-20,200,load,144,1,3.2587183314409818,8049027.691368729,27128.935450574958,832503.2326,236.42340331385356,188.3953850734372,10.883839644544045,236.50387115568412,225.5992852824408,33.02473112318575,261.21215146905706,261.21215146905706,336.41810489912876,118.45796540814864,55777.567669096905,446.64967034356204
extra_trees_min_samples_leaf_8,7,2025-07-20,200,pv,144,1,4.717316448965557,7721861.652076408,18867.537526786764,399963.36329999997,231.56864910978476,131.0245661582414,73.79946778300865,217.06413346336913,190.73779697226203,-3.19696468604716,1771.1872267922074,1771.1872267922074,1283.7006499457061,5446.361445055332,48177.677805475294,342.52797722475503
extra_trees_min_samples_leaf_8,7,2025-07-20,200,net,144,1,7.899239553810177,16464972.77561699,37597.152212396584,475959.13450000004,338.14211320029693,261.0913348083096,-62.915628138464626,328.0436008418251,294.6221040385031,36.22169580923292,1509.975075323151,1509.975075323151,1304.2529530207378,3958.376264057562,110381.71245550488,655.9763379853347
extra_trees_min_samples_leaf_8,7,2025-07-21,201,load,144,1,3.2881918013009583,8259711.905141821,27313.592700920763,830656.9188000001,239.49762097435072,189.6777270897275,110.03225427846384,248.13348712459887,272.117991405146,120.70749009513023,2640.7741026831322,2640.7741026831322,1368.1652801608482,12107.096981600524,45252.01347077324,301.15911902390536
extra_trees_min_samples_leaf_8,7,2025-07-21,201,pv,144,1,6.898483358782174,13229146.27821365,26677.706035304403,386718.4227,303.09911147425635,185.2618474673917,111.51642867828332,297.2296870088533,209.5961336278345,45.871289742105134,2676.3942882787996,2676.3942882787996,1585.5169601940254,12435.91386515865,79433.15751132503,293.98065916059676
extra_trees_min_samples_leaf_8,7,2025-07-21,201,net,144,1,7.899901891709181,16740332.294183496,38446.90274388998,486675.6989,340.9579264344745,266.99238016590266,-1.4841743998194943,339.3522151791249,292.3851429385025,74.83620035302503,35.62018559566786,35.62018559566786,486.2864774689476,2.202773649079556,116250.10482484743,431.4075105411118
extra_trees_min_samples_leaf_8,7,2025-07-22,202,load,144,1,2.91810066663223,6385195.053755004,24427.10415108099,837089.1529,210.57452912862723,169.6326677158402,-29.919324635143525,206.8766005906734,199.5186514571887,27.394194994610693,718.0637912434446,718.0637912434446,480.15925826351287,895.1659866231062,43446.466331119984,428.34380036708717
extra_trees_min_samples_leaf_8,7,2025-07-22,202,pv,144,1,6.4675746000715035,16045874.878584038,25502.829257032707,394318.2852,333.8108546120596,177.10298095161602,3.432334572382454,326.9119255242102,230.60869432284767,-2.5066372438496125,82.3760297371789,82.3760297371789,229.09338216934069,11.780920616771843,111417.90573621684,415.81222581934645
extra_trees_min_samples_leaf_8,7,2025-07-22,202,net,144,1,7.861087774154335,18530295.043027885,37953.84360118101,482806.5109,358.72357667913525,263.5683583415348,-33.351659207525955,355.97780920479266,293.58720057071775,29.900832238460353,800.439820980623,800.439820980623,589.9106823209498,1112.3331718949507,127570.27129357647,593.481876758086
extra_trees_min_samples_leaf_8,7,2025-07-23,203,load,144,1,2.985714521042547,6598961.194690886,24981.47942572061,836700.2019,214.07036088065905,173.48249601194868,24.445864513037133,208.64787572224873,180.96328032485042,-13.111852783270908,586.7007483128912,586.7007483128912,484.04479780603606,597.6002917897682,45228.51911578583,472.66792087484356
extra_trees_min_samples_leaf_8,7,2025-07-23,203,pv,144,1,6.209470274709299,11591168.187354337,24303.923732662963,391400.9192,283.71503929699253,168.77724814349278,29.62405718258593,279.93849958245784,205.29291699157028,76.09408947898001,710.9773723820623,710.9773723820623,479.1067655860328,877.584763957121,79616.6387593369,172.89022716780119
extra_trees_min_samples_leaf_8,7,2025-07-23,203,net,144,1,8.069156780939075,19136214.342032105,40069.6497665751,496577.90589999995,364.5413246467716,278.2614567123271,-5.178192669548796,361.3112961711573,300.8588596213494,-89.20594226225083,124.27662406917109,124.27662406917109,423.1483439975037,26.813679322968888,132863.5636959,921.9965263559048
extra_trees_min_samples_leaf_8,7,2025-07-24,204,load,144,1,2.670270196571028,5518453.077910429,22254.387100342872,833413.3051,195.7615662453241,154.54435486349217,27.067877685655922,199.0874679616337,210.0670256955501,80.67479002937226,649.6290644557422,649.6290644557422,182.85334408011784,732.6700024056298,37589.92081641679,247.53139178750112
extra_trees_min_samples_leaf_8,7,2025-07-24,204,pv,144,1,6.80896755052422,13706474.276652128,26671.711364085924,391714.4731,308.5187986872397,185.22021780615225,14.445678458965453,325.5043055935482,297.4321164432861,-117.20926698993529,346.6962830151709,346.6962830151709,752.703471559862,208.6776261398185,94975.17151727773,929.1353899876191
extra_trees_min_samples_leaf_8,7,2025-07-24,204,net,144,1,8.203943161032043,19553001.237804934,39808.514678824235,485236.354,368.4897974409737,276.4480186029461,12.622199226690453,379.8302862683665,315.50984949668253,197.88405701930756,302.93278144057086,302.93278144057086,693.5223351823317,159.31991331826507,135625.41090477156,159.79223265266333
extra_trees_min_samples_leaf_8,7,2025-07-25,205,load,144,1,6.032987919963832,12778606.409978423,33430.53792958478,554129.0381,297.89313904740544,232.15651339989432,189.5302949054471,314.1872686008029,343.7648348903004,244.58079636494878,4548.72707773073,4548.72707773073,2681.0412598879116,35921.73268694575,52818.589604571076,123.6894883456085
extra_trees_min_samples_leaf_8,7,2025-07-25,205,pv,144,1,5.518136727753676,9207996.021581044,21801.99932764397,395097.12069999997,252.87233303889738,151.40277310863868,-84.6078081785144,259.1470505369753,151.2264629420068,-9.565382922901923,2030.5873962843455,2030.5873962843455,1216.408598016257,7158.481204772289,56785.93561176275,299.5458737580386
extra_trees_min_samples_leaf_8,7,2025-07-25,205,net,144,1,12.186849794910314,27950960.46601002,50412.135121596904,413660.1006,440.5722325851569,350.0842716777563,274.1381030839615,459.38159775851443,389.0989847909544,254.1461792878507,6579.314474015076,6579.314474015076,3823.5295873842347,75151.6995624727,118952.19256259687,150.66407481599376
extra_trees_min_samples_leaf_8,7,2025-07-26,206,load,144,1,5.178848949380179,8894585.596660092,28956.298206384556,559126.1396,248.5315986597313,201.08540421100386,42.74617658641252,246.39512491298635,254.16301774413157,137.04363296932945,1025.9082380739003,1025.9082380739003,468.678207045172,1827.2356127567616,59940.719919605,230.54537070756388
extra_trees_min_samples_leaf_8,7,2025-07-26,206,pv,144,1,5.270052778159823,9638429.319171071,20464.225747251687,388311.5902,258.71516565266904,142.11267880035894,31.274879493430806,246.42677809690184,180.882641642019,61.74503234073687,750.5971078423394,750.5971078423394,747.3774664189359,978.1180873286187,65955.41885135938,129.46803360869717
extra_trees_min_samples_leaf_8,7,2025-07-26,206,net,144,1,9.687010074731276,19025277.310726736,39453.05922599831,407277.9828,363.4831238510135,273.9795779583216,11.471297092981729,351.60656588924417,284.1604918244609,75.29860062859261,275.3111302315615,275.3111302315615,687.1177897124201,131.59065699545107,131988.39066749578,444.63532588764036
extra_trees_min_samples_leaf_8,7,2025-07-27,207,load,144,1,2.7074071485107174,5659647.178381009,22435.2319619829,828661.1777,198.25010821037066,155.8002219582146,-57.2176194688317,189.17428454376252,170.1968697619253,-57.165347822309386,1373.2228672519607,1373.2228672519607,1034.480454272187,3273.8559776800284,36029.24942774364,595.9349722630458
extra_trees_min_samples_leaf_8,7,2025-07-27,207,pv,144,1,6.3452979337915085,14164455.841546105,24527.75163139197,386550.0389,313.6307967617394,170.33160855133312,97.52912983743532,340.5116068506797,470.27258145095726,265.1701458433377,2340.6991160984476,2340.6991160984476,1795.470842631728,9511.931166847316,88852.34551055619,8.032715880965506
extra_trees_min_samples_leaf_8,7,2025-07-27,207,net,144,1,8.779352854539274,25817039.505503036,43858.680335507364,499566.2102,423.42059062590863,304.5741689965789,-154.746749306267,445.6606671576484,576.8133235717967,-322.33549366564716,3713.921983350408,3713.921983350408,2811.294340141182,23946.556420856643,155338.44014513667,2162.032234698398
extra_trees_min_samples_leaf_8,7,2025-07-28,208,load,144,1,3.0678282064314,7045895.716455679,25443.76922043251,829373.9906,221.20088463719026,176.6928418085591,74.06119987578202,226.24235067408972,250.26641257451814,150.1081175981062,1777.4687970187686,1777.4687970187686,1057.8303605606138,5485.061327040535,43444.77003723502,156.10222840308325
extra_trees_min_samples_leaf_8,7,2025-07-28,208,pv,144,1,8.60480935249449,22316509.66712777,31118.839308908784,361644.72719999996,393.6696096694234,216.103050756311,197.260725203718,379.4874648953336,343.5749975159503,213.33480782210987,4734.257404889232,4734.257404889232,3083.3136974678096,38911.79370789675,116063.96786937941,0.16478170863591643
extra_trees_min_samples_leaf_8,7,2025-07-28,208,net,144,1,8.631987812282937,22154783.007070974,41601.07615949976,481940.85839999997,392.2405636485424,288.8963622187483,-123.19952532793599,385.370064212806,341.9964216834515,-63.22669022400372,2956.7886078704637,2956.7886078704637,2075.616182248774,15178.12304102874,138674.53673029746,968.382649120248
extra_trees_min_samples_leaf_12,7,2025-07-01,181,load,144,1,10.695712757705731,62195904.22254547,90836.66764600918,849281.1063999999,657.2031661103396,630.8101919861749,-630.8101919861749,650.3012812299735,626.3674887815715,-600.6023697888044,15139.444607668198,15139.444607668198,8576.880489942674,397921.49831363483,33994.5032318198,3603.614218732826
extra_trees_min_samples_leaf_12,7,2025-07-01,181,pv,144,1,11.377886305821654,31126150.850037016,42790.1644223556,376081.84219999996,464.9234618165438,297.1539195996917,-291.3053160859483,479.00825812161463,418.6178085456072,-258.5074954973495,6991.327586062758,6991.327586062758,4513.479681176766,84858.78717993424,131295.03816754508,1590.7911934348629
extra_trees_min_samples_leaf_12,7,2025-07-01,181,net,144,1,13.206074732767863,38395582.46583173,64753.78084910012,490333.29099999997,516.3680754520497,449.67903367430637,-339.5048759002267,492.6224847202068,500.4510436037797,-342.0948742914547,8148.117021605441,8148.117021605441,4312.84346000202,115263.56076002833,151372.42858602537,2279.2955809440978
extra_trees_min_samples_leaf_12,7,2025-07-02,182,load,144,1,3.3178419364656273,8221228.455264106,28108.489776236012,847191.9493,238.9390388209248,195.19784566830563,-137.40368108597443,238.74112185759014,255.57656953783186,-101.76498702155234,3297.688346063386,3297.688346063386,1779.0324823417827,18879.771575976167,38212.09269669125,946.216730551053
extra_trees_min_samples_leaf_12,7,2025-07-02,182,pv,144,1,16.7631796354789,78031411.88264304,68689.3666252511,409763.3511,736.128252915602,477.0094904531327,-469.2913974498354,757.1406010103717,776.0507639475251,-497.19671365193426,11262.99353879605,11262.99353879605,7518.990132145732,220234.41572041938,321650.38902015734,3029.323480020208
extra_trees_min_samples_leaf_12,7,2025-07-02,182,net,144,1,15.652254454001607,70996917.73615253,75738.45952155057,483882.1126,702.1639060401095,525.9615244552123,331.88771636386105,722.7053848503983,767.6238891010582,395.43172663038195,7965.305192732664,7965.305192732664,5835.842058917202,110149.45627321868,382884.69467228494,612.6805132998694
extra_trees_min_samples_leaf_12,7,2025-07-03,183,load,144,1,3.0203183612712707,7834793.630247073,25654.379739450844,849393.2318,233.25584472621048,178.15541485729753,-90.30001696178054,243.78547817530563,285.0152966766277,-144.44904296055591,2167.200407082733,2167.200407082733,1145.7018958099613,8154.093063297853,46254.19603564016,1099.5741586590416
extra_trees_min_samples_leaf_12,7,2025-07-03,183,pv,144,1,4.419980826278987,4378298.01459785,16390.64664239266,370830.7182,174.3698578413029,113.8239350166157,16.32607352346671,173.29088807791607,142.56657991708556,44.77738975909245,391.82576456320106,391.82576456320106,279.79934145944554,266.54067669364076,30138.30664690254,151.45767306739268
extra_trees_min_samples_leaf_12,7,2025-07-03,183,net,144,1,7.569133354133854,15689275.916318197,37512.32990368403,495596.1026,330.0807552318552,260.5022909978058,-106.62609048524726,340.10740782425097,368.6979549956761,-189.2264327196484,2559.026171645934,2559.026171645934,1382.6918409802408,11369.123172168136,97584.18180226377,1412.910783326771
extra_trees_min_samples_leaf_12,7,2025-07-04,184,load,144,1,6.7617874595881595,14072697.60888116,38864.75245672639,574770.3944999999,312.6132862313139,269.89411428282216,-238.81603757741544,324.03939792186486,350.55220203265463,-296.567328765378,5731.584901857971,5731.584901857971,3356.5810026238587,57033.0998041775,40693.9669241639,1787.3679120603329
extra_trees_min_samples_leaf_12,7,2025-07-04,184,pv,144,1,11.454827080630242,53028544.21443486,45989.434234475295,401485.1897,606.839170840931,319.3710710727451,-315.2829336785982,531.8557425622774,316.67366816646563,-204.83955216665885,7566.790408286357,7566.790408286357,5134.331086602613,99403.32826898337,268850.4509979254,1248.1322981639526
extra_trees_min_samples_leaf_12,7,2025-07-04,184,net,144,1,11.818281917273827,39916290.29161015,49449.71000987891,418417.07920000004,526.4945017361566,343.4007639574924,76.4668961011828,458.6399974190925,290.046244988295,-91.72777659871912,1835.205506428387,1835.205506428387,1970.7076144649368,5847.186199349085,271349.27415905474,956.2413573777472
extra_trees_min_samples_leaf_12,7,2025-07-05,185,load,144,1,6.729664966871221,14668517.806054411,38711.5234980695,575237.0093999999,319.16250874200273,268.83002429214935,-243.67248288465584,319.0668669091292,324.40640849181796,-257.57421392750115,5848.1395892317405,5848.1395892317405,3137.9633431128536,59376.278915172894,42488.42807131608,1612.5919987691075
extra_trees_min_samples_leaf_12,7,2025-07-05,185,pv,144,1,6.641221941467763,14202353.153109226,26730.68783744149,402496.5296,314.0500795289621,185.62977664889922,-95.67280181606972,330.4530063721098,317.58120274889654,-134.76825496670958,2296.1472435856736,2296.1472435856736,1797.8296103725315,9153.285007336954,89474.16744481045,1048.2728439822708
extra_trees_min_samples_leaf_12,7,2025-07-05,185,net,144,1,10.786122867401273,21552318.579836167,45852.32166405456,425104.7594,386.870623111448,318.4189004448233,-147.9996810685861,401.73632539765566,425.76809071615435,-122.80595896079154,3551.992345646067,3551.992345646067,1586.697221021678,21903.90559640321,127764.97343023686,1529.9460949513461
extra_trees_min_samples_leaf_12,7,2025-07-06,186,load,144,1,3.2060985212780726,7818974.744260782,27170.64131543492,847467.4479,233.02024745509394,188.68500913496473,-80.71217072719782,221.32025155523422,210.22154200535658,-96.82296995301564,1937.0920974527478,1937.0920974527478,1100.0183419925977,6514.454503496328,47783.98122053689,828.1925338133242
extra_trees_min_samples_leaf_12,7,2025-07-06,186,pv,144,1,7.54121919591878,16153266.85479088,27804.743537178845,368703.5586,334.9260579133566,193.0884967859642,121.25703933659565,345.79548993755753,264.83788781911005,100.70566553635534,2910.1689440782957,2910.1689440782957,1739.6931774002337,14703.269588676705,97472.1946807044,159.36233340851336
extra_trees_min_samples_leaf_12,7,2025-07-06,186,net,144,1,8.471188794096253,21278370.37764571,42884.59768147431,506240.6083,384.40403348023415,297.8097061213494,-201.96921006379347,392.2208236550448,355.479590425107,-197.52863548937097,4847.261041531044,4847.261041531044,2640.703979690641,40791.56181379273,106974.89914208026,1390.8220653917087
extra_trees_min_samples_leaf_12,7,2025-07-07,187,load,144,1,2.7174593328831858,5940978.134699877,23070.478763574145,848972.3648999999,203.1176816579061,160.211658080376,-1.2643092736396586,199.85667111002428,232.39930566203913,19.779314306705473,30.34342256735181,30.34342256735181,470.816286694177,1.5984779394112412,41255.194124143076,493.380163468141
extra_trees_min_samples_leaf_12,7,2025-07-07,187,pv,144,1,9.824462276405352,27844861.462327573,40134.44807641416,408515.4683,439.73525386121355,278.71144497509835,-266.9328190574523,470.85296857812386,530.1819672015392,-338.2170748930884,6406.387657378856,6406.387657378856,4137.4248999889705,71253.12988995858,122113.9635984273,2040.5831991639054
extra_trees_min_samples_leaf_12,7,2025-07-07,187,net,144,1,11.296912390385868,38779939.874930575,54309.428683324186,480745.77199999994,518.9461802733991,377.1488103008624,265.66850978381274,554.9949569935901,633.6830286497831,357.99638919979395,6376.044234811506,6376.044234811506,3972.518276783409,70579.75709075181,198725.38092959946,244.23968111773578
extra_trees_min_samples_leaf_12,7,2025-07-08,188,load,144,1,4.667261110005324,17267672.401759773,39564.90272372245,847711.362,346.28657449991806,274.7562689147392,195.24238022402506,312.5493836941746,273.40948980532556,139.62134616641387,4685.817125376601,4685.817125376601,2670.3539938128997,38119.58703554277,81794.80464334454,267.44740897068976
extra_trees_min_samples_leaf_12,7,2025-07-08,188,pv,144,1,7.050886056802362,17803461.753073826,27800.447884645593,394283.0399,351.61790492381454,193.0586658655944,-24.56237654453187,331.6827892020479,186.51795962854453,86.93875510491357,589.4970370687648,589.4970370687648,688.4824141344106,603.3103415153693,123031.84072149728,90.91169468762057
extra_trees_min_samples_leaf_12,7,2025-07-08,188,net,144,1,11.456859666308294,36796180.4716261,58992.15683212575,514906.8641,505.49879431405077,409.66775577865104,219.80475676855696,458.07018801847244,296.0020945751919,52.68259106150031,5275.3141624453665,5275.3141624453665,2983.963465137009,48314.13109808449,207214.89995487453,631.9260286833802
extra_trees_min_samples_leaf_12,7,2025-07-09,189,load,144,1,3.9940920424147452,11586476.988059245,33691.93295669055,843544.2298,283.6576206457556,233.9717566436844,154.26459474194746,267.190302243285,260.9099762386797,171.16561997057855,3702.3502738067386,3702.3502738067386,2100.0640121581864,23797.565190897283,56664.08055951414,169.88102968154212
extra_trees_min_samples_leaf_12,7,2025-07-09,189,pv,144,1,5.511304628481006,11465204.658615425,22000.68054242643,399191.87970000005,282.169234318592,152.78250376685023,-47.4906051894881,287.5533950542372,247.1324857526198,-61.30292268063389,1139.7745245477145,1139.7745245477145,681.172915124859,2255.357581263834,77364.11921467663,547.7640580497894
extra_trees_min_samples_leaf_12,7,2025-07-09,189,net,144,1,9.723175850455897,23168253.969485004,47515.8793819292,488686.8253,401.11177066482117,329.97138459673056,201.7551999314355,397.7358388091615,399.75028313955954,232.46854265121237,4842.124798354452,4842.124798354452,2640.6359162068065,40705.16069937351,120185.49186649459,297.1228467213232
extra_trees_min_samples_leaf_12,7,2025-07-10,190,load,144,1,3.927358941160097,11919187.373234635,33099.04491375339,842781.2534999999,287.70146773409346,229.85447856773186,53.08896815940118,270.20292277600254,239.4029400367547,79.50776844433855,1274.1352358256283,1274.1352358256283,915.6710452403751,2818.4385402299126,79953.6959961217,371.36470188356515
extra_trees_min_samples_leaf_12,7,2025-07-10,190,pv,144,1,4.425775247270376,10371942.979604911,17953.578323403104,405659.5132,268.3791754268797,124.6776272458549,-70.29352771551447,237.93575007877618,108.68281470500665,7.7143094099268374,1687.0446651723475,1687.0446651723475,1206.411724521064,4941.180038691801,67086.20176412007,148.12600969020568
extra_trees_min_samples_leaf_12,7,2025-07-10,190,net,144,1,8.909409234228933,21998810.626380578,44605.930283202586,500660.92050000007,390.8574142046611,309.7634047444624,123.38249587491568,360.223123335998,247.5481744350856,71.7934590344117,2961.1799009979763,2961.1799009979763,1926.7954357430492,15223.240288323585,137546.27795043043,431.03590019660413
extra_trees_min_samples_leaf_12,7,2025-07-11,191,load,144,1,7.395556319056401,19967572.568279497,42039.783299454066,568446.5304,372.375748929532,291.9429395795421,232.71521264385677,411.9264430992969,510.906000828972,372.86751482437893,5585.165103452563,5585.165103452563,2880.3978190002777,54156.370195875475,84507.32819495437,124.25395974340866
extra_trees_min_samples_leaf_12,7,2025-07-11,191,pv,144,1,11.284626770148899,43638316.175287515,42129.33355393722,373333.8675,550.4941982695054,292.56481634678624,231.30522021942528,517.8105496299072,340.3053772709267,121.10505394836699,5551.325285266207,5551.325285266207,4041.140462353151,53502.10490075682,249541.75742762868,185.32897835188
extra_trees_min_samples_leaf_12,7,2025-07-11,191,net,144,1,19.182469930925823,67963225.67432484,76440.67032425985,398492.3245,686.9984315561347,530.8379883629156,1.409992424431506,679.3705847443393,627.4831214153371,251.76246087601197,33.83981818635615,33.83981818635615,1932.7901102223548,1.9880786369542365,471964.8568819523,839.8376465217743
extra_trees_min_samples_leaf_12,7,2025-07-12,192,load,144,1,5.1758994121292625,10827626.99932358,29601.49805649653,571910.2265999999,274.21133120636955,205.56595872567036,13.599266837238007,284.1220727809884,275.718265636176,84.91128333386987,326.3824040937122,326.3824040937122,599.3895876094992,184.94005851040143,75006.91410345893,444.9906078779689
extra_trees_min_samples_leaf_12,7,2025-07-12,192,pv,144,1,4.999532567598129,8164242.484749199,19268.43682324256,385404.76660000003,238.10948819044125,133.80858905029555,54.50191622470205,241.07500159120065,159.89619504007808,72.14876810205013,1308.0459893928492,1308.0459893928492,797.0569135078907,2970.4588721644404,53725.66949414946,79.49789822521684
extra_trees_min_samples_leaf_12,7,2025-07-12,192,net,144,1,9.724108984914603,19939140.473191455,39936.95741471291,410700.43,372.1105390687716,277.3399820466174,-40.90264938746404,376.77884482511536,312.7115626058303,12.762515231819748,981.663585299137,981.663585299137,1080.1869652025796,1673.0267269138124,136793.22655913795,766.7954859651567
extra_trees_min_samples_leaf_12,7,2025-07-13,193,load,144,1,3.403042607530075,8520748.14776107,28563.78519921618,839360.1989,243.25267138765332,198.35961943900125,-36.46976028497378,246.36581204142624,225.47472688100513,-93.88998408665174,875.2742468393708,875.2742468393708,715.2953017851321,1330.043415243451,57841.818721986194,865.4721115920742
extra_trees_min_samples_leaf_12,7,2025-07-13,193,pv,144,1,8.954772686343084,34383349.439445846,37946.19639014201,423753.8765,488.64430826128705,263.5152527093195,-245.06426534072165,465.24851304305616,337.4605284908201,-166.37497454425682,5881.54236817732,5881.54236817732,3922.290561061781,60056.49414698763,178716.76584916408,1075.7897651120609
extra_trees_min_samples_leaf_12,7,2025-07-13,193,net,144,1,9.54313189327624,36194027.54150934,48085.825051018604,503878.869,501.34560283571227,333.92934063207366,208.59450505574787,467.14133576158514,306.37279000502133,72.48499045760508,5006.268121337949,5006.268121337949,3435.0627080076465,43511.66753945243,207835.74594325133,537.333959917751
extra_trees_min_samples_leaf_12,7,2025-07-14,194,load,144,1,3.1516489047273493,7371360.230695041,26674.753945014334,846374.5408000001,226.25207535412554,185.24134684037733,35.53527800595741,214.85524578088945,183.26654464147543,22.005869342676988,852.8466721429778,852.8466721429778,725.6706524769554,1262.7559829606803,49927.245619088215,368.1043099985909
extra_trees_min_samples_leaf_12,7,2025-07-14,194,pv,144,1,4.964770273993975,8989115.931311062,20630.033735127312,415528.46550000005,249.84878664836486,143.26412316060635,-95.38074978715548,257.97345557914946,244.1554658070283,-94.73915016931389,2289.1379948917315,2289.1379948917315,1555.382683528617,9097.48742995996,53326.92875970018,685.3520319754161
extra_trees_min_samples_leaf_12,7,2025-07-14,194,net,144,1,7.332631487563566,13018313.040772282,35409.161825178526,482898.42309999996,300.6741619627961,245.8969571192953,130.9160277931129,300.6371390035226,311.8786695119542,116.74501951199088,3141.984667034709,3141.984667034709,2038.2440436464838,17139.00633312711,73265.94533890263,324.95109536736544
extra_trees_min_samples_leaf_12,7,2025-07-15,195,load,144,1,3.229350531110316,8712804.088148464,27038.414710288525,837270.976,245.9788282464071,187.7667688214481,86.74670423445046,230.07384040169498,229.71990721345242,75.83447094626123,2081.920901626811,2081.920901626811,1038.9101537891727,7524.990695539225,52980.59324993622,315.6015318493278
extra_trees_min_samples_leaf_12,7,2025-07-15,195,pv,144,1,8.501656851246382,30797046.938398033,34072.657435793524,400776.6725,462.45905928703894,236.61567663745504,69.83335827147143,417.571804408731,311.3515033813135,-127.13461954707711,1676.000598515314,1676.000598515314,1146.3117601817326,4876.697927471687,208991.68358918128,927.947640434338
extra_trees_min_samples_leaf_12,7,2025-07-15,195,net,144,1,10.436186426811823,36387926.298710644,49369.063660531814,473056.55189999996,502.68671419675997,342.84071986480427,16.91334596297909,466.3582014882219,405.6612526706823,202.96909049333843,405.9203031114982,405.9203031114982,937.7495944519131,286.06127166342105,252407.87135827157,196.23638714533536
extra_trees_min_samples_leaf_12,7,2025-07-16,196,load,144,1,3.596827420776255,10415662.426017083,30292.178127318562,842191.5923,268.9442118164343,210.3623481063789,8.43905980860445,272.4423569592843,249.76128918270524,65.60963041693819,202.5374354065068,202.5374354065068,455.8278820455872,71.21773045320296,72259.77133910988,413.0596817878516
extra_trees_min_samples_leaf_12,7,2025-07-16,196,pv,144,1,4.190350516006073,6304603.976554475,17154.633439989393,409384.21199999994,209.2414205156476,119.12939888881523,-11.900925246868686,206.1539770669411,175.51770706226876,-69.9845933041185,285.62220592484846,285.62220592484846,419.0996590086053,141.6320217315565,43640.34003767451,495.68609292388436
extra_trees_min_samples_leaf_12,7,2025-07-16,196,net,144,1,8.564212057424651,21036199.064241163,41944.83671328474,489768.7777,382.2103030059459,291.28358828669957,20.339985055473125,383.8178164491767,327.8252433163006,135.59422372105666,488.15964133135503,488.15964133135503,687.4278882374219,413.7149920568701,145671.0007318401,369.9121777274742
extra_trees_min_samples_leaf_12,7,2025-07-17,197,load,144,1,3.3156438287100904,8371600.697591741,27765.69729936239,837414.9557,241.11432134051722,192.81734235668327,48.702820273617334,229.14989218877463,206.5449450646852,24.606162470454844,1168.867686566816,1168.867686566816,739.7776514836087,2371.9647026042717,55764.151252893935,428.0989754420684
extra_trees_min_samples_leaf_12,7,2025-07-17,197,pv,144,1,5.8220511681610745,11649545.860535588,23351.808212081633,401092.4593,284.4285921483583,162.16533480612244,59.20634398651603,303.36719430886995,367.9812401734906,230.73499397898993,1420.9522556763848,1420.9522556763848,894.3555754397125,3505.391168249663,77394.23286324747,0.0
extra_trees_min_samples_leaf_12,7,2025-07-17,197,net,144,1,9.160038985695309,25693261.80940137,45973.84992164299,501895.78880000004,422.4043432920097,319.26284667807636,-10.503523712898682,433.97135837512275,476.7229586335152,-206.1288315085351,252.08456910956838,252.08456910956838,475.91206846767216,110.3240103874249,178315.1052215665,1634.8956907260083
extra_trees_min_samples_leaf_12,7,2025-07-18,198,load,144,1,6.9798791653329415,18094793.53110531,39240.07373763125,562188.4392,354.4831285272312,272.5005120668837,213.3837046503162,380.08138258636353,402.24681632094456,239.19092980266765,5121.208911607589,5121.208911607589,2880.9141934894055,45532.60541029337,80125.68300016015,227.1875036877005
extra_trees_min_samples_leaf_12,7,2025-07-18,198,pv,144,1,7.772891031872304,19489664.884096842,29112.815417697315,374542.9506,367.89250471904194,202.1723292895647,154.35366450280242,361.3122580072967,368.3578135276721,223.0584320789159,3704.4879480672575,3704.4879480672575,2647.2187670927433,23825.053745443685,111519.84128300664,13.44036814936817
extra_trees_min_samples_leaf_12,7,2025-07-18,198,net,144,1,14.880717457796207,36699653.55291689,58133.59274596357,390663.9106,504.8353248620678,403.70550518030257,59.0300401475138,523.9987324102995,523.4726627582752,16.13249772375174,1416.7209635403312,1416.7209635403312,1169.2839964189634,3484.5456398170913,251374.15958877245,1314.7873317188787
extra_trees_min_samples_leaf_12,7,2025-07-19,199,load,144,1,4.586337006827862,7067127.4743128065,26022.286116967334,567387.1344,221.5339119123126,180.7103202567176,-14.938849785431078,219.18928466421622,229.27629525956118,66.50194119503111,358.53239485034584,358.53239485034584,636.7155627609156,223.16923291167416,48854.10489426059,356.9938023205995
extra_trees_min_samples_leaf_12,7,2025-07-19,199,pv,144,1,4.735730472086528,8434517.660975104,19146.095148941396,404290.22010000004,242.01867554452716,132.9589940898708,-101.90394440330348,233.47530897569814,138.78534352307344,-59.39766918360738,2445.694665679284,2445.694665679284,1718.114659264758,10384.413884951568,48188.62542737555,401.4494402798303
extra_trees_min_samples_leaf_12,7,2025-07-19,199,net,144,1,8.141364832598423,13901815.907260336,34449.978702007604,423147.4625,310.70949171993993,239.23596320838612,86.9650946178724,309.9126322106664,224.91283424851673,125.8996103786385,2087.1622708289374,2087.1622708289374,1306.8528544434187,7562.927681895499,88977.46056296796,170.528779023868
extra_trees_min_samples_leaf_12,7,2025-07-20,200,load,144,1,3.177128973468053,7648357.838285977,26449.70140799274,832503.2326,230.46387157037907,183.67848199994958,-11.638330633982475,229.64864472895815,209.2367164306066,-4.980578122129145,279.3199352155794,279.3199352155794,375.3885053597399,135.45073994589492,52978.14535926228,530.222689647684
extra_trees_min_samples_leaf_12,7,2025-07-20,200,pv,144,1,4.7245728496209916,7741456.967122467,18896.56047090277,399963.36329999997,231.86228202801627,131.2261143812692,71.42343674419229,217.2643544841641,191.71750165159025,-6.611956836963833,1714.162481860615,1714.162481860615,1250.8927213119807,5101.3073163516365,48658.81051088773,351.6227570065118
extra_trees_min_samples_leaf_12,7,2025-07-20,200,net,144,1,7.785202900665246,16156824.910681738,37054.3843450752,475959.13450000004,334.9629427128401,257.32211350746667,-83.06176737817479,324.08111519824627,284.64771249089205,1.6313787148346566,1993.482417076195,1993.482417076195,1488.578966542406,6899.257199986022,105300.91579085938,735.6474738576526
extra_trees_min_samples_leaf_12,7,2025-07-21,201,load,144,1,3.3023719180755,8451323.083281895,27431.380822002415,830656.9188000001,242.25966159041428,190.49570015279454,117.5108225270017,248.09497933623268,264.6349902636437,115.00019821168308,2820.2597406480404,2820.2597406480404,1500.2635064828007,13808.793410972488,44880.95022292956,294.8025246624945
extra_trees_min_samples_leaf_12,7,2025-07-21,201,pv,144,1,6.978154393210085,13584967.814792726,26985.808602992794,386718.4227,307.1482610554615,187.4014486318944,113.64771287126459,300.8515625998788,210.05194070798296,47.11858578993489,2727.5451089103503,2727.5451089103503,1619.0020545502261,12915.802640869399,81424.25162852452,288.2102053130473
extra_trees_min_samples_leaf_12,7,2025-07-21,201,net,144,1,7.905485844711668,16973326.413063716,38474.07848619108,486675.6989,343.32247568859,267.18110059854916,3.8631096557370674,338.66271817881113,286.736103297595,67.88161242174812,92.71463173768961,92.71463173768961,478.37148957771217,14.923616212248964,117855.39869673022,433.63080371554906
extra_trees_min_samples_leaf_12,7,2025-07-22,202,load,144,1,2.877865386064092,6246824.990934487,24090.29898180622,837089.1529,208.2804097934122,167.29374292920986,-29.96503570583569,204.08004693973817,195.26274754605663,14.290818929910579,719.1608569400565,719.1608569400565,468.72884197201336,897.9033648520077,42482.82573885971,455.52404970714633
extra_trees_min_samples_leaf_12,7,2025-07-22,202,pv,144,1,6.461377541200199,16036016.308256859,25478.39312075855,394318.2852,333.70829231964683,176.93328556082326,5.965994424565354,326.54697999272514,229.58268430315795,2.0829186023651487,143.18386618956848,143.18386618956848,246.68172105581453,35.593089473944886,111325.6312734209,403.03602368160233
extra_trees_min_samples_leaf_12,7,2025-07-22,202,net,144,1,7.796077228642353,18403933.366140366,37639.96845467756,482806.5109,357.4983815633565,261.3886698241497,-35.93103013040104,354.77667362575426,291.8357223289756,12.20790032754543,862.344723129625,862.344723129625,616.8895812615851,1291.0389262317874,126514.0538941874,640.0205062634781
extra_trees_min_samples_leaf_12,7,2025-07-23,203,load,144,1,2.943469899555062,6545124.13652281,24628.01859244293,836700.2019,213.1953351930456,171.0279068919648,22.811810135762713,206.74209842793758,177.3447113007758,-26.34679566566062,547.4834432583051,547.4834432583051,471.8649476939993,520.3786816700864,44931.872266404986,506.6074112710621
extra_trees_min_samples_leaf_12,7,2025-07-23,203,pv,144,1,6.252122776829807,11655609.441218792,24470.866018024426,391400.9192,284.5026049629178,169.93656956961408,31.563013240907082,281.298752533774,207.254357064285,81.16311490688065,757.51231778177,757.51231778177,505.49139507667354,996.2238048456758,79945.50842584038,161.83209555284648
extra_trees_min_samples_leaf_12,7,2025-07-23,203,net,144,1,8.068026370182432,19120767.90463498,40064.0363965117,496577.90589999995,364.39416906538725,278.2224749757757,-8.751203105144365,361.65893940563376,304.0319458957863,-107.5099105725412,210.02887452346476,210.02887452346476,435.1113483119738,76.58355578748836,132706.52689306653,985.8108787554384
extra_trees_min_samples_leaf_12,7,2025-07-24,204,load,144,1,2.6326931717595876,5353631.311910483,21941.2151759036,833413.3051,192.8159620508649,152.3695498326639,25.731832700163736,191.92805046706667,195.34495665311366,66.7580132681351,617.5639848039297,617.5639848039297,168.18446952266547,662.1272141092157,36515.86800749136,257.86175957035084
extra_trees_min_samples_leaf_12,7,2025-07-24,204,pv,144,1,6.743808330401381,13474179.248177636,26416.47326830568,391714.4731,305.8932644296958,183.44773102990055,17.179795344318123,322.41352605815473,291.4383191239549,-115.58808807244029,412.3150882636349,412.3150882636349,745.1791418492539,295.14536807265466,93275.54385538315,909.0567499728087
extra_trees_min_samples_leaf_12,7,2025-07-24,204,net,144,1,8.111126444536128,19127160.421928667,39358.13422779694,485236.354,364.455076696786,273.3203765819232,8.552037355845616,373.43883334358276,303.31524215238545,182.34610134057536,205.2488965402948,205.2488965402948,683.0789721301084,73.13734293577889,132754.3655871244,172.5933456350264
extra_trees_min_samples_leaf_12,7,2025-07-25,205,load,144,1,6.082632717670087,12907072.500899687,33705.63416958114,554129.0381,299.3867864868363,234.0669039554246,191.99194847558462,316.7484951670264,349.05843977277993,258.2064171830139,4607.806763414031,4607.806763414031,2683.4682872415183,36860.90827945154,52771.53964346295,106.59781490635169
extra_trees_min_samples_leaf_12,7,2025-07-25,205,pv,144,1,5.498320094390951,9101472.482516125,21723.704379808165,395097.12069999997,251.405389794,150.85905819311225,-80.60589863174617,258.3437987358568,151.80943839097392,-6.446171270979783,1934.5415671619082,1934.5415671619082,1157.5481708123084,6497.310894231339,56707.359123241746,294.43383700043825
extra_trees_min_samples_leaf_12,7,2025-07-25,205,net,144,1,12.202996883195592,27623289.020722583,50478.92918324175,413660.1006,437.98218682640527,350.54811932806774,272.5978471073308,458.10727088879867,390.7578927863037,264.6525884539937,6542.348330575939,6542.348330575939,3764.2077132049462,74309.58624755169,117518.80972968847,144.2711574169924
extra_trees_min_samples_leaf_12,7,2025-07-26,206,load,144,1,5.466111639183354,9985379.249314584,30562.458994392164,559126.1396,263.33042257508623,212.2392985721678,57.0465770685418,267.4655187889662,292.09182060656445,175.03648957193536,1369.1178496450032,1369.1178496450032,598.0029552233566,3254.311955237079,66088.59949833644,203.95826468200804
extra_trees_min_samples_leaf_12,7,2025-07-26,206,pv,144,1,5.220591986665699,9522929.568698144,20272.163761275347,388311.5902,257.16036891049436,140.7789150088566,29.85249671009933,244.83784854373022,178.2521343832302,60.12471617120275,716.4599210423839,716.4599210423839,725.720244731389,891.1715598264914,65240.28377835507,123.1126892371035
extra_trees_min_samples_leaf_12,7,2025-07-26,206,net,144,1,9.992706973147309,19835522.629377093,40698.0953873493,407277.9828,371.14240518462697,282.6256624121479,27.19408035844247,364.8234488348694,318.50099270173655,114.91177340073263,652.6579286026193,652.6579286026193,695.964021088128,739.5180065414265,137007.16691968837,403.8992731659873
extra_trees_min_samples_leaf_12,7,2025-07-27,207,load,144,1,2.7768007232341483,5784150.928075624,23010.269575534214,828661.1777,200.41884836088383,159.7935387189876,-74.0856544295716,191.94107595181524,172.71396687427944,-89.6113057790069,1778.0557063097185,1778.0557063097185,1196.9015568738478,5488.684192257902,34679.03058604504,711.9893309529311
extra_trees_min_samples_leaf_12,7,2025-07-27,207,pv,144,1,6.272356546498785,14017728.477840677,24245.796670437747,386550.0389,312.0021420626329,168.37358798915102,95.63438563233171,339.2000047105425,470.3976054739479,262.10947533048534,2295.225255175961,2295.225255175961,1770.3100062338333,9145.935715273534,88199.40093639784,11.35358738013503
extra_trees_min_samples_leaf_12,7,2025-07-27,207,net,144,1,8.791911104117487,25998294.728352,43921.4171069927,499566.2102,424.90435793403356,305.0098410207827,-169.72004006190332,448.25065064749697,583.5437925385195,-351.7207811094922,4073.2809614856797,4073.2809614856797,2944.158377369314,28804.891998614068,151738.82139271928,2273.7815477858217
extra_trees_min_samples_leaf_12,7,2025-07-28,208,load,144,1,3.112830710393553,7115685.100446746,25817.00828341334,829373.9906,222.2936793168297,179.28477974592596,79.26043797434843,225.0306138761109,243.28230088216176,142.21573553368364,1902.2505113843624,1902.2505113843624,1146.8448126986716,6282.217027885536,43132.26283632798,163.97290258380357
extra_trees_min_samples_leaf_12,7,2025-07-28,208,pv,144,1,8.662819964002027,22642471.80469949,31328.631626642265,361644.72719999996,396.53421987595897,217.5599418516824,198.63913049131725,381.20611295150076,348.1384376750861,214.5109837814656,4767.339131791614,4767.339131791614,3107.5060709020963,39457.50416234656,117781.88337028875,0.26831666666666665
extra_trees_min_samples_leaf_12,7,2025-07-28,208,net,144,1,8.631147509189882,22027392.038647108,41597.02639555994,481940.85839999997,391.11123771681974,288.8682388580551,-119.37869251696884,381.0187454375895,335.09026738576364,-72.29524824778198,2865.088620407252,2865.088620407252,2015.3551831004863,14251.272227060992,138716.7280413217,979.7932933010528
hgb_learning_rate_0.064,10,2025-10-01,273,load,144,1,3.2520771550499856,6846417.16484067,22872.207524059973,703310.7283,218.0471592218685,158.8347744726387,88.12136152360725,252.70212393854598,325.3832616730007,229.9625326971218,2114.9126765665737,2114.9126765665737,749.0532629035258,7765.374356774288,39779.18928795259,71.1303614447482
hgb_learning_rate_0.064,10,2025-10-01,273,pv,144,1,14.670231376882757,78762564.67978719,59464.55045472653,405341.59910000005,739.5689654932421,412.94826704671203,-412.2651830675314,733.8125964736585,692.6936939752738,-404.5714779896352,9894.364393620754,9894.364393620754,6893.543025588339,169962.58116970517,376999.67355103913,2434.664694367067
hgb_learning_rate_0.064,10,2025-10-01,273,net,144,1,16.444451862626853,80900341.74913323,75305.12724166694,457936.378,749.5384772067578,522.952272511576,500.38654459113866,760.7518296788635,762.2728307151016,634.534010686757,12009.277070187329,12009.277070187329,7389.231425250505,250386.6940078596,311421.2348055656,0.0
hgb_learning_rate_0.064,10,2025-10-02,274,load,144,1,3.074864744286088,5010511.593956711,21628.299079509008,703390.2587,186.5347672753719,150.19652138547923,-5.309967889268048,204.10622926372605,249.40434620896175,111.5016518093357,127.43922934243317,127.43922934243317,972.7688765948024,28.19575898505777,34767.023643492095,277.27162635375726
hgb_learning_rate_0.064,10,2025-10-02,274,pv,144,1,12.745422521446987,49828841.3342262,50090.21915477885,393005.56,588.2462242773606,347.8487441304087,-346.5432889559797,574.2252059525583,475.6792817766077,-259.0136115948115,8317.038934943512,8317.038934943512,5430.970765833269,120092.25112042762,225941.36925614317,1569.033029414517
hgb_learning_rate_0.064,10,2025-10-02,274,net,144,1,13.52406304545496,49132608.9853614,60299.18613096051,445865.9053,584.1221392050246,418.7443481316702,341.2333210667116,578.2537823835346,512.33891665715,370.5152634041472,8189.599705601078,8189.599705601078,4747.476964654345,116440.17940621747,224758.49410323665,16.53504091667431
hgb_learning_rate_0.064,10,2025-10-03,275,load,144,1,4.347495919501198,4112293.52512318,18657.067745867425,429145.1468,168.98992255299288,129.5629704574127,38.3873077283885,182.87661425019223,203.49423716015605,108.0188226035395,921.295385481324,921.295385481324,374.24696067271077,1473.5853946339955,27084.00852983253,155.66867496995056
hgb_learning_rate_0.064,10,2025-10-03,275,pv,144,1,6.6763157931358945,16160545.853612721,25519.698009003776,382242.2246,335.0015117463062,177.22012506252622,-173.91020030351203,311.756439586661,189.56060728404705,-103.5044477039462,4173.844807284288,4173.844807284288,2793.4162435852395,30244.757769607673,81981.25510270287,640.6150185967507
hgb_learning_rate_0.064,10,2025-10-03,275,net,144,1,9.296957028931528,17036257.131286122,36379.10516144998,391301.208,343.9583422298214,252.63267473229155,212.29750803190055,336.1036967814403,261.0441726857945,211.5232703074857,5095.140192765613,5095.140192765613,2816.5509417173266,45070.231916554876,73237.1092729321,54.355666992212264
hgb_learning_rate_0.064,10,2025-10-04,276,load,144,1,4.188064845326216,3801548.4733744133,18192.30407735892,434384.48899999994,162.47966696239627,126.33544498165917,6.9851394520097,177.80012678420832,200.50884669630403,100.05981774829867,167.6433468482328,167.6433468482328,562.8109178541446,48.79217316402237,26350.85000304718,200.64752856491623
hgb_learning_rate_0.064,10,2025-10-04,276,pv,144,1,6.470272116570085,12044289.472504947,23021.784271823148,355808.5944,289.2073635207404,159.87350188766075,149.77730795741738,286.5673487717624,190.43440965795784,96.31882557909142,3594.6553909780173,3594.6553909780173,2472.9137782041566,22433.241978971044,61207.65713564664,43.547028444296195
hgb_learning_rate_0.064,10,2025-10-04,276,net,144,1,9.98484971673612,18041853.0887127,37686.56655051491,377437.49399999995,353.9641880888429,261.7122677119091,-142.7921685054077,360.4430586096332,304.7690505137245,3.740992169207263,3427.0120441297845,3427.0120441297845,2879.000162749615,20389.60338647674,104901.043062917,770.9385348561276
hgb_learning_rate_0.064,10,2025-10-05,277,load,144,1,2.4297929874388373,3295235.323392887,17145.263831677526,705626.5253999999,151.27319205554178,119.06433216442727,47.2465839918433,160.9571315839809,195.57456275645785,85.29928788819845,1133.9180158042393,1133.9180158042393,399.9044392307656,2232.2396988983037,20651.338935774525,214.50452712795368
hgb_learning_rate_0.064,10,2025-10-05,277,pv,144,1,3.513866879361562,4020015.2001783545,13254.683925889361,377210.759,167.0831296793928,92.04641615200946,-71.43694183368099,179.2928972336181,179.23653614487407,-69.91027043952161,1714.4866040083436,1714.4866040083436,1188.4996309996864,5103.236658548721,22813.535564912072,533.1691400115357
hgb_learning_rate_0.064,10,2025-10-05,277,net,144,1,5.86516145039717,7935563.448676886,26074.748600210063,444570.0058,234.75110117888818,181.07464305701433,118.68352582552428,249.67025155022708,248.91846967469223,155.20955832772006,2848.404619812583,2848.404619812583,1442.0682347534294,14085.77930237789,41022.30020232271,191.92963363812433
hgb_learning_rate_0.064,10,2025-10-06,278,load,144,1,1.8323284213643922,1786475.787132102,12961.466460369127,707376.8167999999,111.38259224440793,90.01018375256338,0.31489835172874336,114.44538489396514,128.2732572787757,34.18890554273303,7.557560441489841,7.557560441489841,150.6210066079443,0.09916097192147937,12405.982694112121,207.71445424521895
hgb_learning_rate_0.064,10,2025-10-06,278,pv,144,1,3.2789079411497597,2802044.188933173,11836.141596682088,360978.1613,139.49422999151187,82.19542775473673,52.5019307298658,140.46635761727413,123.1487077694274,53.65914583320687,1260.0463375167792,1260.0463375167792,759.8284381620191,2756.4527303636264,16702.187470561188,74.16576636592293
hgb_learning_rate_0.064,10,2025-10-06,278,net,144,1,4.239654459491133,3788395.6978933644,18615.20779153546,439073.7021,162.19834603840079,129.27227633010736,-52.18703237813707,163.5971104950355,150.10582106066997,-19.47024029047384,1252.4887770752896,1252.4887770752896,870.7530670313557,2723.4863484367265,23584.817109156083,435.0233703332574
hgb_learning_rate_0.064,10,2025-10-07,279,load,144,1,1.8848184466186881,2068966.372588534,13271.818507873873,704143.0717999999,119.86585014867586,92.16540630467968,17.144799725781084,129.97054141469135,162.58913297403285,63.850141236034105,411.4751934187461,411.4751934187461,179.4228486395893,293.9441576371431,14073.877874227672,186.9626878935998
hgb_learning_rate_0.064,10,2025-10-07,279,pv,144,1,3.6976460464051804,4190585.1819682824,13219.590964152821,357513.6938,170.5909903420777,91.80271502883903,70.32486878048246,179.420657817239,213.27195752081798,110.0817113308163,1687.796850731579,1687.796850731579,1253.7016206870949,4945.587168992077,24155.698816898777,28.924860645920337
hgb_learning_rate_0.064,10,2025-10-07,279,net,144,1,5.262911220291709,6968419.506608121,23243.162837656455,441640.7928,219.9813676864999,161.41085303928094,-53.18006905470137,235.82253458452158,297.24245077499984,-46.2315700947822,1276.321657312833,1276.321657312833,1262.828196806006,2828.119744662806,45563.682384560256,821.1601191362388
hgb_learning_rate_0.064,10,2025-10-08,280,load,144,1,2.09019532729915,2273745.491859583,14722.21499943919,704346.3741,125.65786584621308,102.23760416277214,-45.52146992355972,137.16048350308805,170.23633542966732,-67.99852131540324,1092.5152781654333,1092.5152781654333,496.4287079454782,2072.204224001552,13717.695025023331,638.2090594933894
hgb_learning_rate_0.064,10,2025-10-08,280,pv,144,1,4.826997645784323,8297871.852695845,17641.488958747836,365475.4001,240.0502240952205,122.51033999130442,54.62012621587283,218.04582375145793,165.87466921521917,-13.841643230272133,1310.883029180948,1310.883029180948,1061.4741916308913,2983.358187837878,54640.75190032773,298.9718618751646
hgb_learning_rate_0.064,10,2025-10-08,280,net,144,1,6.454178662894507,10820081.894583764,28426.34533471963,440433.1956,274.1157740832806,197.405175935553,-100.14159613943256,264.4159421128409,249.3829680648136,-54.156878085131126,2403.3983073463814,2403.3983073463814,1495.1884502343848,10028.339277353216,65111.118323922936,771.4324633822004
hgb_learning_rate_0.064,10,2025-10-09,281,load,144,1,1.9718000711915948,2091634.6993999262,13893.262650985711,704597.9384000001,120.52070763173872,96.48099063184522,-28.777177870851297,131.69150859348085,166.63905148628814,-106.66323001176987,690.6522689004311,690.6522689004311,260.14556552528387,828.1259662106136,13697.11500184443,723.2265678142891
hgb_learning_rate_0.064,10,2025-10-09,281,pv,144,1,4.635037995524134,6304827.151416764,17151.404136600948,370038.0483,209.24512392129628,119.10697317083992,-3.4342697796761223,209.91981314879814,172.8666875434553,-27.703108133809508,82.42247471222693,82.42247471222693,240.91281072380156,11.794208919596683,43771.72767591904,371.02758588721707
hgb_learning_rate_0.064,10,2025-10-09,281,net,144,1,5.786111662309596,8578896.450245885,26177.327496604907,452416.5627,244.08127702340096,181.78699650420074,-25.342908091175183,248.936514103835,208.5919152799547,-78.96012187796032,608.2297941882044,608.2297941882044,363.18106592089595,642.2629905177525,58933.406802856465,776.1341697034935
hgb_learning_rate_0.064,10,2025-10-10,282,load,144,1,2.9230590735326163,1913797.4445090727,12692.77546637769,434229.1807,115.28339009290542,88.14427407206729,-2.088509604257259,115.52226358738068,100.91966346111255,4.140272088363493,50.124230502174214,50.124230502174214,121.8062340564798,4.361872367074813,13285.89815894593,236.4317475814412
hgb_learning_rate_0.064,10,2025-10-10,282,pv,144,1,5.907399372004895,16359259.591492368,22339.86541805132,378167.5152,337.0548462570501,155.13795429202304,-122.9847753161881,307.9651768410809,192.0756443474014,-42.89701694541957,2951.6346075885144,2951.6346075885144,2031.4876105101453,15125.25495957327,98480.71442579041,393.1713089154461
hgb_learning_rate_0.064,10,2025-10-10,282,net,144,1,7.832976706526,18524800.846704066,31641.03068520163,403946.44169999997,358.6703923163073,219.72937975834463,120.89626571193084,332.6069786543822,245.64721863456194,47.03728903378307,2901.51037708634,2901.51037708634,2086.8018019299097,14615.907063089784,114028.54326124399,344.1023311603645
hgb_learning_rate_0.064,10,2025-10-11,283,load,144,1,3.7517772497693147,2787982.962277727,16160.62249728245,430745.7885,139.1437846028177,112.22654512001701,-5.945192276543158,147.47785451101205,172.80848175432894,-84.56985689382059,142.6846146370358,142.6846146370358,212.18553674284493,35.34531120506841,19325.647482390257,691.3839828639884
hgb_learning_rate_0.064,10,2025-10-11,283,pv,144,1,6.600098137582771,13012319.148337541,22843.461523933707,346107.907,300.60493578617553,158.63514947176185,154.97512043858694,281.7074649467198,289.1104437008427,173.0217131918252,3719.402890526087,3719.402890526087,2578.665363524997,24017.28795495453,66346.03946405617,1.5804919715579746
hgb_learning_rate_0.064,10,2025-10-11,283,net,144,1,8.692027836286586,15910375.242374783,32653.287473146484,375669.3845,332.39843104463654,226.75894078573947,-160.92031271513014,316.85320786890526,353.3867375874179,-257.5915700856458,3862.0875051631233,3862.0875051631233,2486.304600616989,25895.347044335274,84593.36991660071,1586.9594070560297
hgb_learning_rate_0.064,10,2025-10-12,284,load,144,1,2.1771523145749097,2529007.3940590653,15376.275493315887,706256.3051,132.5237765370139,106.77969092580477,-17.707038571437877,134.17988023349645,147.16287366993578,-90.07895162528553,424.9689257145091,424.9689257145091,352.37046104971967,313.53921497038874,17249.01213266201,620.962045091127
hgb_learning_rate_0.064,10,2025-10-12,284,pv,144,1,4.749620362022824,7605602.348751557,16869.063689821087,355166.5692,229.81880466454734,117.14627562375755,67.037590544083,229.95032660645603,172.058857823453,40.790098671878354,1608.9021730579923,1608.9021730579923,1042.773097720595,4494.038545956127,48322.64443148525,155.72543370668706
hgb_learning_rate_0.064,10,2025-10-12,284,net,144,1,6.73029515021645,10726917.625059275,29415.437789576048,437060.1457,272.93311178264184,204.27387353872257,-84.74462911552088,272.99598750709026,232.02198196696597,-130.8690502971639,2033.871098772501,2033.871098772501,1007.1981075228359,7181.65216392719,67310.83134342887,946.1565647225065
hgb_learning_rate_0.064,10,2025-10-13,285,load,144,1,1.8351414277045792,1792615.7423573888,12957.319270726282,706066.523,111.57383399810827,89.98138382448808,-3.8052901743535616,115.9627756396592,130.76126799281909,-49.11544913258985,91.32696418448548,91.32696418448548,169.06164807775528,14.48023331103176,12434.240199726388,447.67528039342716
hgb_learning_rate_0.064,10,2025-10-13,285,pv,144,1,3.7978487647127914,5826571.242126697,13820.453354112473,363902.15119999996,201.1524304912732,95.97537051466995,-13.61332683241719,174.29819311522013,91.37231321136953,41.201231290121186,326.71984397801253,326.71984397801253,405.46655503908505,185.32266744620983,40276.97762510029,23.823393788055654
hgb_learning_rate_0.064,10,2025-10-13,285,net,144,1,4.942787435135679,7298057.967595944,22218.90195752468,449521.69700000004,225.12431700797043,154.29793026058803,9.808036658063624,206.81209314953955,154.26543517240822,-90.31668042271103,235.392879793527,235.392879793527,519.1209292465917,96.19758308591987,50584.760525219244,636.8382194687141
hgb_learning_rate_0.064,10,2025-10-14,286,load,144,1,1.9581534690456772,2087105.7045274167,13867.513142072317,708193.3751000001,120.3901558050895,96.30217459772443,-38.774719643707925,126.82133614664909,152.24614459307065,-78.87716317825185,930.5932714489903,930.5932714489903,371.2426785281783,1503.4788834481492,12990.31073132558,625.8117794900081
hgb_learning_rate_0.064,10,2025-10-14,286,pv,144,1,5.25502395120006,6200948.104665741,18053.655772913466,343550.3994,207.5141913598545,125.3726095341213,111.8888673332437,221.81837950090343,205.38274938657068,102.91954820660688,2685.3328159978487,2685.3328159978487,1769.810797582188,12519.118633116208,30543.0209826181,41.03501618450164
hgb_learning_rate_0.064,10,2025-10-14,286,net,144,1,6.548532582223433,9698948.562250543,29560.733188658538,451410.0345,259.52612481226856,205.2828693656843,-150.66358697695165,274.00234196952505,263.79064509549613,-181.79671138485875,3615.9260874468396,3615.9260874468396,2108.1541790278234,22699.516440761476,44654.293019311765,1218.0708209320417
hgb_learning_rate_0.064,10,2025-10-15,287,load,144,1,1.8976271547374568,1930212.1428593504,13360.336674425063,704054.8846,115.77672906106314,92.7801157946185,4.09650125136569,117.1399693190068,111.75564453749593,-6.057674792058783,98.31603003277655,98.31603003277655,183.05771829870633,16.781322502440663,13387.46966957638,279.8230180205698
hgb_learning_rate_0.064,10,2025-10-15,287,pv,144,1,7.329485536176718,14825671.773958325,24373.085868958966,332534.7427,320.867658055189,169.2575407566595,167.80608552722722,328.95324770542004,320.2473906641355,160.00920063154456,4027.346052653453,4027.346052653453,2647.334366972229,28158.8823399711,74797.17164585063,0.18031666666666668
hgb_learning_rate_0.064,10,2025-10-15,287,net,144,1,6.717626408801329,15251806.903972197,29232.008287261997,435153.82529999997,325.4463484539796,203.00005755043054,-163.7095842758615,332.50184780134816,311.64963240620864,-166.06687542360334,3929.030022620676,3929.030022620676,2501.533230016979,26800.827983775394,79114.49773825373,1045.105632586213
hgb_learning_rate_0.064,10,2025-10-16,288,load,144,1,1.7225528033338084,1667572.4150440802,12168.107111619436,706399.658,107.61209966059425,84.50074383069052,-38.46286132481849,104.38291263078277,97.68541043203057,-50.55432061370769,923.1086717956438,923.1086717956438,533.7522830215734,1479.391701292218,10100.972292069451,381.2123075628172
hgb_learning_rate_0.064,10,2025-10-16,288,pv,144,1,7.5424652283552,15165090.2102355,24784.602611217455,328600.8203,324.51983985569933,172.11529591123232,152.9062178017097,340.75794117864285,368.6627379886237,187.11690134150558,3669.7492272410327,3669.7492272410327,2279.2860475030493,23380.31144242388,81932.81501754485,43.705503806514976
hgb_learning_rate_0.064,10,2025-10-16,288,net,144,1,7.272371083699865,17472686.135984592,33071.51429774644,454755.59369999997,348.3361855543573,229.6632937343503,-191.36907912652816,362.92129230963275,381.6614775387511,-237.67122195521324,4592.857899036676,4592.857899036676,2772.6190989828037,36622.1244457354,84715.97372082423,1513.0855399708316
hgb_learning_rate_0.064,10,2025-10-17,289,load,144,1,3.1876723568950154,1862773.8549647676,13759.875741110123,431659.0352,113.73622795031687,95.55469264659808,30.088515287089862,116.22094007838669,122.5203591567821,22.972503249675746,722.1243668901567,722.1243668901567,548.5602039710523,905.3187521814403,12030.610796185,243.54678164907992
hgb_learning_rate_0.064,10,2025-10-17,289,pv,144,1,3.9635077012525772,4785925.572385332,13302.873068665198,335633.8393,182.30631983745357,92.38106297684165,25.490310441755284,179.0432365264983,190.79419451057493,-47.759076525871905,611.7674506021268,611.7674506021268,475.76195522889697,649.7559264170585,32585.83832625885,457.85304307891755
hgb_learning_rate_0.064,10,2025-10-17,289,net,144,1,6.650483939366652,7879065.519862139,24373.40517602484,366490.70050000004,233.91394310049242,169.25975816683916,4.598204845334591,234.08937249487724,249.16663825323113,70.73157977554769,110.35691628803018,110.35691628803018,404.2869257295754,21.14348779965851,54694.58928902075,365.58442443840244
hgb_learning_rate_0.064,10,2025-10-18,290,load,144,1,3.0955338595236985,1968791.7711682073,13308.944736015354,429940.2087,116.92803375391632,92.42322733343995,-8.075187120786316,116.05995046341222,100.63383488775314,-6.0079257255122736,193.80449089887156,193.80449089887156,94.67354431043078,65.20864703571318,13606.95643052128,240.6557878688703
hgb_learning_rate_0.064,10,2025-10-18,290,pv,144,1,3.1764525165565902,2683152.959426543,10592.854470566204,333480.64910000004,136.5027716300454,73.56148937893198,-1.2591851984219855,144.19993410801942,192.6565578667085,-70.05635095828661,30.220444762127652,30.220444762127652,298.3835297742009,1.585547363925015,18631.421115320405,541.5595162278008
hgb_learning_rate_0.064,10,2025-10-18,290,net,144,1,5.658557141300388,5522066.052293096,20891.13891909962,369195.5104,195.8256390739018,145.07735360485847,-6.816001922364346,204.73951836218774,250.09048264222955,64.04842523277433,163.5840461367443,163.5840461367443,324.94646374992243,46.45788220567446,38301.22303649638,338.817996769503
hgb_learning_rate_0.064,10,2025-10-19,291,load,144,1,2.1144432534920488,2241821.763796443,14969.147820048032,707947.4843,124.77261996540288,103.95241541700022,-37.94158278363295,130.76328335346042,142.0540322260095,-75.28547123691312,910.5979868071909,910.5979868071909,402.6015961108059,1439.5637041272726,14128.642988903584,594.8183234928371
hgb_learning_rate_0.064,10,2025-10-19,291,pv,144,1,6.111381259173642,8222171.353193978,19839.569435162626,324633.1491,238.95274046337735,137.7747877441849,89.20842597373263,245.75862411154574,233.6057415689277,142.8472449691941,2141.002223369583,2141.002223369583,1344.4759404698739,7958.143264710935,49140.26891024724,0.5722833333333334
hgb_learning_rate_0.064,10,2025-10-19,291,net,144,1,6.672603788556564,11610964.800077388,30409.31371378804,455733.84359999996,283.9572150880083,211.1757896790836,-127.15000875736558,293.05012170881554,279.16692619055436,-218.1327162061072,3051.600210176774,3051.600210176774,1715.8605841980075,16167.124726998145,64464.575273539274,1347.0384705764588
hgb_learning_rate_0.064,10,2025-10-20,292,load,144,1,1.8126614571870578,1741979.3429139822,12823.128083477939,707419.9119,109.98672088136817,89.04950057970791,11.59336137417932,110.65983690005994,118.96507783724243,5.948066240240994,278.2406729803037,278.2406729803037,440.73135609354165,134.40602795231302,11962.672742283676,275.38672750795195
hgb_learning_rate_0.064,10,2025-10-20,292,pv,144,1,6.838927846567925,12926078.453212772,21937.585688174186,320775.21770000004,299.60713226301283,152.34434505676518,83.38070041145069,333.8403235275329,421.7015739742839,172.7126551311355,2001.1368098748164,2001.1368098748164,1711.1245226587332,6952.341201104093,82812.09250176238,242.15887151694866
hgb_learning_rate_0.064,10,2025-10-20,292,net,144,1,6.558985377762033,13784488.546169376,29344.098258779988,447387.7676,309.3955638078122,203.7784601304166,-71.78733903727138,337.26090911122884,409.02739824594136,-166.76458889089454,1722.8961368945131,1722.8961368945131,1309.6626062783828,5153.422046052147,90572.19285790186,1366.2753691009505
hgb_learning_rate_0.064,10,2025-10-21,293,load,144,1,1.6216029889272292,1447940.8983965064,11461.57252857231,706805.0939,100.2753465601267,79.59425367064104,-9.37750186304348,95.50608757262813,87.99758339901697,-20.078701472499105,225.06004471304354,225.06004471304354,89.35533627244702,87.93754119138396,9967.207586562132,269.69930800002186
hgb_learning_rate_0.064,10,2025-10-21,293,pv,144,1,6.660008917106726,9919949.576988878,20514.799213608698,308029.6058,262.46626207779434,142.46388342783817,124.55761340033574,245.59010434286054,217.72098229417767,114.58521636066816,2989.3827216080576,2989.3827216080576,2107.7549942941487,15514.599055987497,53373.93967310193,2.2800306104126498
hgb_learning_rate_0.064,10,2025-10-21,293,net,144,1,6.250645013852061,11178565.030422157,27392.745406565577,438238.6993,278.6196759426299,190.2273986567054,-133.93511526337923,264.2679552721775,252.54183789292696,-134.6639178331673,3214.4427663211013,3214.4427663211013,2135.850261102523,17938.61510061468,59690.308721761416,906.0011836605431
hgb_learning_rate_0.064,10,2025-10-22,294,load,144,1,1.900461530115158,1926068.1157998913,13417.865014729734,706031.9192,115.65238011553474,93.17961815784537,-24.04412313738583,120.83333655990248,138.21783597407992,-65.50324713777567,577.05895529726,577.05895529726,224.7955762514475,578.1198574457727,12797.353168942362,525.9115920874013
hgb_learning_rate_0.064,10,2025-10-22,294,pv,144,1,5.381644179901623,7894137.00651345,16828.537990498102,312702.539,234.1375575993002,116.86484715623682,14.962148687526382,258.15409957248545,312.2483763308278,75.19347010468799,359.0915685006332,359.0915685006332,586.7629120841253,223.86589334764741,54596.52998521799,326.44505471510143
hgb_learning_rate_0.064,10,2025-10-22,294,net,144,1,6.168801470813136,10947209.577135513,27753.520158350326,449901.33479999995,275.72139693920695,192.73277887743282,-39.006271824912204,301.66919086873514,363.481531927251,-140.69671724246368,936.1505237978928,936.1505237978928,675.920781116228,1521.4892416789396,74500.79948842878,1256.791830987964
hgb_learning_rate_0.064,10,2025-10-23,295,load,144,1,2.047811893016646,2474467.3563209074,14401.689562768897,703272.0930999999,131.08699815604083,100.011733074784,-8.146229775910639,128.51630922960243,112.4737284867377,9.529254598587992,195.50951462185535,195.50951462185535,180.6278106641502,66.36105956193309,17117.440025999924,263.5161246674276
hgb_learning_rate_0.064,10,2025-10-23,295,pv,144,1,4.491831368210122,8260532.152587276,14508.395709191274,322995.1109,239.50951257766238,100.75274798049496,-59.397409105382366,251.46895908676026,202.0728565882737,-30.08558941792867,1425.5378185291768,1425.5378185291768,1067.8768473663722,3528.05220843216,53836.75440675727,340.7962363213925
hgb_learning_rate_0.064,10,2025-10-23,295,net,144,1,5.650771322971016,12162751.502706613,25407.875270685545,449635.5244,290.6261380229405,176.44357826864962,51.25117932947172,300.33583792986894,237.13126766899325,39.61484401651665,1230.0283039073213,1230.0283039073213,1182.5970953499243,2626.683382661669,81836.86871946759,331.18990740552016
hgb_learning_rate_0.064,10,2025-10-24,296,load,144,1,3.2110362293316106,1964716.3617326189,13897.78580592931,432813.1112,116.80695023474924,96.51240143006466,10.313411233206601,117.44878853436406,112.09405046419431,6.242853056825235,247.52186959695845,247.52186959695845,225.3567043405194,106.3664512652321,13537.497171877954,281.40411824792864
hgb_learning_rate_0.064,10,2025-10-24,296,pv,144,1,3.7369253835216907,3427293.331640818,12043.841710310646,322292.80689999997,154.2745868132356,83.63778965493503,-21.603897044127585,149.67665948713025,120.24402218382184,-35.81401071879188,518.4935290590621,518.4935290590621,501.60083175186486,466.7283674932646,23333.919768901305,304.7832122824143
hgb_learning_rate_0.064,10,2025-10-24,296,net,144,1,6.033973584147483,6100756.626036677,22306.919171349302,369688.7111,205.83091472999877,154.90916091214794,31.917308277334175,204.53614799746634,171.82169075391613,42.05686377561712,766.0153986560202,766.0153986560202,699.7369542527067,1018.7145676703847,41347.65089091765,244.34132981481866
hgb_learning_rate_0.064,10,2025-10-25,297,load,144,1,3.3525814104593836,2209774.1651043636,14491.758507233097,432256.722,123.87757635801509,100.6372118557854,-14.864802434587428,123.89473095903459,116.74749285717738,-48.39545278598754,356.7552584300983,356.7552584300983,149.35146369888466,220.96235141931635,15124.691572916541,442.29714038656925
hgb_learning_rate_0.064,10,2025-10-25,297,pv,144,1,3.9084761484143407,4305160.131943126,12345.552179996484,315866.1256,172.90733171475452,85.73300124997559,32.24365248167721,186.7091768489917,221.04161470925146,35.09031097700624,773.847659560253,773.847659560253,493.89237681421764,1039.6531253591688,28857.292235356977,244.0832954052169
hgb_learning_rate_0.064,10,2025-10-25,297,net,144,1,6.0238840879142534,6311869.910052946,21611.32952819026,358760.7134,209.36195913040945,150.07867727909903,-47.10845491626461,215.64301975834,225.91098411530675,-83.48576376299378,1130.6029179903508,1130.6029179903508,620.2317845249778,2219.2065245977356,41613.223406325495,705.7355687480098
hgb_learning_rate_0.064,10,2025-10-26,298,load,144,1,1.778831784791513,1770095.720446982,12532.475902470847,704534.0661,110.87078691879539,87.03108265604754,1.954989733519625,113.6876100199285,133.2349232767901,-15.092544420173908,46.919753604471,46.919753604471,117.77019120875347,3.821984858167134,12288.509407134763,372.4602556663005
hgb_learning_rate_0.064,10,2025-10-26,298,pv,144,1,2.742104966208078,2648296.656812533,8699.82690387268,317268.194,135.6132331509082,60.41546461022694,-6.142493546397443,137.9769247101786,130.88268834400301,-32.7007473610984,147.41984511353863,147.41984511353863,120.29794316877727,37.730226967534236,18353.21877867506,261.02211488080894
hgb_learning_rate_0.064,10,2025-10-26,298,net,144,1,4.07906691493867,4099643.959527524,18062.916187104398,442819.80569999997,168.7298127745691,125.43691796600277,8.097483279917064,169.97659402112495,166.14816310231197,17.608202940924482,194.33959871800957,194.33959871800957,182.57600687850152,65.56923546853642,28404.180483472606,327.80730871016226
hgb_learning_rate_0.064,10,2025-10-27,299,load,144,1,1.7434101130739466,1677425.5483958996,12321.43566326183,706743.3859,107.92955355474737,85.56552543931826,-0.2635763252162033,110.39188958967223,125.57380804662918,-21.7916831712529,6.325831805188879,6.325831805188879,126.05837000319545,0.06947247921447776,11648.719058047867,365.21860384562524
hgb_learning_rate_0.064,10,2025-10-27,299,pv,144,1,7.73270928576612,16442307.37051193,25164.393124732604,325427.8959,337.9092926703844,174.75273003286532,-60.438578180581594,307.5813886670346,188.54932044853498,-20.703043490923868,1450.5258763339582,1450.5258763339582,1324.9922919489336,3652.8217324902735,110529.86834050925,354.9435821719629
hgb_learning_rate_0.064,10,2025-10-27,299,net,144,1,6.88249186374991,18085737.172122806,32007.862983332358,465062.12600000005,354.3944088563342,222.27682627314138,60.17500185536538,323.0453453769396,186.46053030327994,-1.0886396803290255,1444.2000445287692,1444.2000445287692,1426.2041626370117,3621.030848293227,121974.3661803374,403.6868965139225
hgb_learning_rate_0.064,10,2025-10-28,300,load,144,1,1.8769505730975466,1924670.4955827622,13234.094485765683,705084.8687999999,115.61041185998711,91.90343392892835,-0.4547583875512815,111.4001600217672,110.51317310568717,-4.994228710651492,10.914201301230756,10.914201301230756,104.99389708984023,0.20680519104824155,13365.560525244797,265.35266788291483
hgb_learning_rate_0.064,10,2025-10-28,300,pv,144,1,4.46161986876288,5800120.733767478,13797.574551194084,309250.3386,200.69533180101274,95.81648993884781,66.45588883388147,206.78415110736847,222.4331636156364,72.46326588066296,1594.9413320131553,1594.9413320131553,1187.5721422041545,4416.385160701212,35862.2310460174,172.03983908588972
hgb_learning_rate_0.064,10,2025-10-28,300,net,144,1,4.6785920703906445,7339186.65712655,21079.92474876106,450561.2892,225.75777729199777,146.3883663108407,-66.91064722143275,225.20765896873687,219.27484844586763,-77.45749459131444,1605.855533314386,1605.855533314386,1160.195285470155,4477.034711591026,46489.53929623223,701.6065348500941
hgb_learning_rate_0.096,10,2025-10-01,273,load,144,1,3.3985438008323023,7690206.863465406,23902.323157228166,703310.7283,231.09351857986167,165.98835525852894,105.76235696984021,269.70545169649307,349.46804693646635,257.7380367243598,2538.296567276165,2538.296567276165,921.6273030756166,11185.67615181591,42218.53817780497,39.99805811497723
hgb_learning_rate_0.096,10,2025-10-01,273,pv,144,1,14.717368130263617,78920911.58553514,59655.61532464432,405341.59910000005,740.3120193612019,414.2751064211411,-413.5910858506344,734.8890882241337,694.3780305318126,-406.51653936011894,9926.186060415226,9926.186060415226,6912.849550678655,171057.58629510683,377004.2997155538,2446.350866796884
hgb_learning_rate_0.096,10,2025-10-01,273,net,144,1,17.022535047046926,84012062.86292364,77952.3804382273,457936.378,763.8174541176363,541.3359752654674,519.3534428204746,776.9752047783508,781.2713934547137,664.2545760844786,12464.48262769139,12464.48262769139,7592.403155189484,269727.99856947997,313689.1046452674,0.0
hgb_learning_rate_0.096,10,2025-10-02,274,load,144,1,3.037521270953139,4938444.591742191,21365.628725824812,703390.2587,185.18842865935434,148.37242170711676,-14.628932601148101,200.1926680548339,240.30334872919113,98.61575929441472,351.0943824275544,351.0943824275544,1049.6506089890413,214.00566904893375,34080.74844027184,284.73437094145135
hgb_learning_rate_0.096,10,2025-10-02,274,pv,144,1,12.425318226902482,47794897.90792876,48832.191479420166,393005.56,576.1154513198767,339.1124408293067,-337.80359661179176,561.9730336152311,460.0721698065908,-246.25945871015244,8107.286318683003,8107.286318683003,5289.965822909427,114111.26988386213,217797.7433656431,1492.547571166261
hgb_learning_rate_0.096,10,2025-10-02,274,net,144,1,13.180546315631277,47084944.828844056,58767.562153675186,445865.9053,571.8205868396478,408.10807051163323,323.1746640106437,565.2272942411915,495.7603354877287,344.8752180045673,7756.191936255448,7756.191936255448,4518.8971503371,104441.86345839246,222536.92007524686,31.69432629762643
hgb_learning_rate_0.096,10,2025-10-03,275,load,144,1,4.310266284473177,4067969.2080175206,18497.29857397332,429145.1468,168.07672702307224,128.45346231925916,36.61984095685297,181.92878791388205,204.09089968842477,105.7270538932168,878.8761829644712,878.8761829644712,370.8111923533522,1341.012751705206,26908.77341508313,168.39166946962777
hgb_learning_rate_0.096,10,2025-10-03,275,pv,144,1,6.704856108130896,16530656.924783058,25628.791143948518,382242.2246,338.81592147407537,177.97771627742026,-174.95066378154374,314.5418150633543,187.22942824539942,-101.87080658337817,4198.8159307570495,4198.8159307570495,2810.9862288311438,30607.73475760276,84188.49388672404,632.0545669974829
hgb_learning_rate_0.096,10,2025-10-03,275,net,144,1,9.344990276029694,17522868.92999994,36567.05983758673,391301.208,348.8360500172914,253.93791553879672,211.57050473839666,339.3986250701105,258.56950998052247,207.59786047659497,5077.69211372152,5077.69211372152,2809.4713532230912,44762.07847525993,76924.51131640632,58.23358832760179
hgb_learning_rate_0.096,10,2025-10-04,276,load,144,1,4.364396899910508,4084494.7131685866,18958.263171608098,434384.48899999994,168.41777405970635,131.65460535838957,0.8872576029686141,185.06182859498557,210.59214622566407,103.70316297846017,21.29418247124674,21.29418247124674,698.2103976525387,0.7872260540256109,28363.759393172273,221.68745049606682
hgb_learning_rate_0.096,10,2025-10-04,276,pv,144,1,6.357702385307901,11674730.406961951,22621.251493299314,355808.5944,284.73587184444034,157.09202425902302,146.47489755641905,285.18751457763483,203.61749910684216,100.63268699695453,3515.3975413540575,3515.3975413540575,2428.6116589025605,21454.895614163455,59619.62110085009,49.34170272639265
hgb_learning_rate_0.096,10,2025-10-04,276,net,144,1,10.166660649903163,18092431.942096256,38372.789180478605,377437.49399999995,354.4599956085024,266.47770264221253,-145.5876399534505,364.5141702044953,325.3724489886157,3.0704759815056253,3494.103358882812,3494.103358882812,2979.395343453824,21195.760907215536,104446.12757956402,837.0335943478091
hgb_learning_rate_0.096,10,2025-10-05,277,load,144,1,2.578599898510952,3756437.2882587397,18195.284867830756,705626.5253999999,161.5127550918266,126.35614491549137,62.40546543548501,172.49075767234518,208.48979732816474,104.9353165639557,1497.7311704516403,1497.7311704516403,537.547773964845,3894.4421162195144,22191.927941132846,189.5212097568698
hgb_learning_rate_0.096,10,2025-10-05,277,pv,144,1,3.3217162349613467,3666032.1131577548,12529.87102172392,377210.759,159.5573763301882,87.01299320641611,-65.41894337997256,172.19449115513927,175.93635790731415,-66.17210602070605,1570.0546411193416,1570.0546411193416,1090.7295744979579,4279.638152952056,21178.918188421245,517.4339819934911
hgb_learning_rate_0.096,10,2025-10-05,277,net,144,1,6.022589157380409,8225245.112382134,26774.624966276257,444570.0058,238.99740108393632,185.93489559914067,127.82440881545755,255.4107789732896,261.7121516670888,171.10742258466178,3067.785811570981,3067.785811570981,1508.6801077070647,16339.07948902122,40780.678235854706,190.59063622315588
hgb_learning_rate_0.096,10,2025-10-06,278,load,144,1,1.8481771416023256,1797419.1889318824,13073.576633091758,707376.8167999999,111.72321916645551,90.78872661869276,-2.0529276466960513,115.22775873015219,129.20151981762086,37.83650643334781,49.270263520705235,49.270263520705235,160.65132288939998,4.214511922568987,12477.86318899328,200.62734069741722
hgb_learning_rate_0.096,10,2025-10-06,278,pv,144,1,3.3317575533447115,2931671.4364724024,12026.917155037605,360978.1613,142.68436992168148,83.52025802109448,57.83989943430058,143.67788776743444,129.23660136714093,59.9365615117319,1388.1575864232138,1388.1575864232138,844.766229784294,3345.453966570004,17013.375453377237,67.90758403460778
hgb_learning_rate_0.096,10,2025-10-06,278,net,144,1,4.450082238986308,4208066.235204393,19539.140833211753,439073.7021,170.94643075805763,135.68847800841496,-59.89282708099662,171.93722191003556,156.3789079265054,-22.100055078384077,1437.4278499439188,1437.4278499439188,976.1014899202389,3587.150735754162,25635.531453165233,456.42253488976075
hgb_learning_rate_0.096,10,2025-10-07,279,load,144,1,1.8056284501802216,1858221.5297902487,12714.207634393742,704143.0717999999,113.59716624590135,88.29310857217877,7.352094073479078,120.38295923952731,145.25617097960208,45.750461280131475,176.4502577634979,176.4502577634979,147.85802274989575,54.05328726528618,12850.262891833663,199.24938125600102
hgb_learning_rate_0.096,10,2025-10-07,279,pv,144,1,3.8102930868085965,4439381.173498303,13622.319559255455,357513.6938,175.5819920352641,94.59944138371844,73.2670772059762,185.000558534539,220.92319344401898,115.6897359687349,1758.4098529434286,1758.4098529434286,1304.212860108034,5368.064602306476,25460.971324765072,24.18453894778804
hgb_learning_rate_0.096,10,2025-10-07,279,net,144,1,5.250533086497231,7074137.788021443,23188.495949432676,441640.7928,221.64376116024567,161.03122187106024,-65.9149831324971,235.75958341606727,293.48957278255983,-69.93927468860342,1581.9595951799304,1581.9595951799304,1379.556582068239,4344.785001357377,44781.17185990265,865.706022182536
hgb_learning_rate_0.096,10,2025-10-08,280,load,144,1,2.092123234955938,2299869.439097563,14735.794147115774,704346.3741,126.3776702953834,102.3319037994151,-46.120824815061304,138.7468183653869,173.15300408187971,-70.14344725086784,1106.8997955614714,1106.8997955614714,500.3530439064619,2127.1304816215747,13844.185067667057,647.8720962343299
hgb_learning_rate_0.096,10,2025-10-08,280,pv,144,1,4.674381254382248,7940361.33999846,17083.713591652922,365475.4001,234.8220564479277,118.63689994203418,49.93241253480588,213.26622809411015,161.23147245213397,-17.23826521845165,1198.377900835341,1198.377900835341,983.8590449562761,2493.245821546039,52648.15237288773,298.75508717861885
hgb_learning_rate_0.096,10,2025-10-08,280,net,144,1,6.390473049705439,10552847.206893526,28145.76466677444,440433.1956,270.7095512887989,195.4566990748225,-96.05323734986717,261.9242836602453,250.0468962680341,-52.90518203241621,2305.277696396812,2305.277696396812,1420.2379198449742,9226.224405389918,64057.43675359289,774.6674741877965
hgb_learning_rate_0.096,10,2025-10-09,281,load,144,1,1.9910118591872195,2113281.8820725014,14028.628513132662,704597.9384000001,121.14276134174705,97.42103134119904,-30.00421808517879,132.43764436728458,166.7527655547348,-107.85628626004082,720.1012340442909,720.1012340442909,265.19328657345875,900.2531029029699,13775.315522600513,730.2445021506715
hgb_learning_rate_0.096,10,2025-10-09,281,pv,144,1,4.56828248550655,6136418.931646529,16904.38335019917,370038.0483,206.43163604122418,117.39155104304979,1.1354759408075477,207.2713902492241,169.17526139534212,-25.051790952256624,27.251422579381142,27.251422579381142,225.06264686799346,1.2893056121527855,42612.73105304429,354.43249565042333
hgb_learning_rate_0.096,10,2025-10-09,281,net,144,1,5.744979363204084,8337589.888098682,25991.23816283227,452416.5627,240.6240423949009,180.494709464113,-31.139694025986348,246.25596574188296,207.75757504568801,-82.8044953077842,747.3526566236724,747.3526566236724,389.68251114153003,969.6805440320499,56930.24923443102,790.8814627034977
hgb_learning_rate_0.096,10,2025-10-10,282,load,144,1,2.9966703473807637,1997903.7961745285,13012.417097711335,434229.1807,117.78935400908976,90.36400762299539,-4.780159249726179,116.88650970990204,100.18556967426646,4.59612138540356,114.7238219934283,114.7238219934283,133.89544617727992,22.849922452742742,13851.481995425927,236.86619759663873
hgb_learning_rate_0.096,10,2025-10-10,282,pv,144,1,5.8515437804252555,16144005.643536463,22128.637715274333,378167.5152,334.8300319600029,153.67109524496064,-120.36291348034723,306.139355832404,192.56501290245706,-40.99468018751643,2888.7099235283335,2888.7099235283335,1988.995560987833,14487.230941477554,97623.91936085898,386.4351147589675
hgb_learning_rate_0.096,10,2025-10-10,282,net,144,1,7.929180501841322,18793693.77867495,32029.642493158222,403946.44169999997,361.2641171662491,222.42807286915433,115.5827542306211,334.6868059776756,245.78116511167596,45.59080157292,2773.9861015349065,2773.9861015349065,2067.736963238884,13359.373075536161,117152.38927637323,351.3593221216864
hgb_learning_rate_0.096,10,2025-10-11,283,load,144,1,3.652964346813122,2648387.4812590764,15734.99007930406,430745.7885,135.61555858737526,109.27076443961153,-9.257357737690395,143.85251784884056,169.9744756767032,-80.69857891496495,222.17658570456948,222.17658570456948,189.34261497686398,85.69867228357623,18305.881058682233,674.6604076963564
hgb_learning_rate_0.096,10,2025-10-11,283,pv,144,1,6.42294980696086,12432917.66136248,22230.337144532772,346107.907,293.83618902661374,154.37734128147758,150.17476027440705,275.81107347614,289.2429096414396,171.2569133997601,3604.1942465857696,3604.1942465857696,2508.0914884808544,22552.458623475624,63787.24735820826,1.345811335674463
hgb_learning_rate_0.096,10,2025-10-11,283,net,144,1,8.414072283718408,15184787.56784622,31609.093559630037,375669.3845,324.73052469024026,219.50759416409747,-159.43211801209748,310.36744456899265,353.03296561306416,-251.9554923147251,3826.370832290339,3826.370832290339,2441.7697848668818,25418.600253823377,80031.31341177538,1559.9800720836747
hgb_learning_rate_0.096,10,2025-10-12,284,load,144,1,2.2141901412237983,2618962.2836115994,15637.85747929567,706256.3051,134.86006851783856,108.59623249510882,-26.923812229434883,137.26492547777124,151.84088121092665,-97.63639000396267,646.1714935064372,646.1714935064372,312.3037098574812,724.8916649658673,17462.34641567024,658.2913871321879
hgb_learning_rate_0.096,10,2025-10-12,284,pv,144,1,4.759040094603665,7644188.320308438,16902.51943085627,355166.5692,230.40104408021472,117.37860715872411,66.29046226429305,230.913889989368,175.2142024870635,39.80435316192152,1590.9710943430334,1590.9710943430334,1030.7016612398893,4394.425387213661,48690.21572603938,165.60108953534387
hgb_learning_rate_0.096,10,2025-10-12,284,net,144,1,6.833984277238628,11064300.954629067,29868.621639214238,437060.1457,277.19203324777425,207.42098360565444,-93.21427449372794,277.49405446732914,236.96307583729077,-137.44074316588421,2237.1425878494706,2237.1425878494706,1101.1949346392269,8688.90096939206,68146.52232664314,981.5741454337444
hgb_learning_rate_0.096,10,2025-10-13,285,load,144,1,1.84615541327062,1811743.9342581355,13035.08533565615,706066.523,112.16753139395924,90.5214259420566,-0.7847785883834761,116.12193179128604,131.09171990829623,-45.28697972521698,18.83468612120343,18.83468612120343,199.18578628824167,0.6158774327851615,12580.939221582043,433.08993383852356
hgb_learning_rate_0.096,10,2025-10-13,285,pv,144,1,3.839421875555976,6134025.424040117,13971.738798791583,363902.15119999996,206.39137282855688,97.0259638804971,-19.835518274792726,178.29649653895677,88.56158862956049,37.09614972431167,476.0524385950254,476.0524385950254,495.83142669105376,393.4477852296362,42203.950992826736,30.401722140421924
hgb_learning_rate_0.096,10,2025-10-13,285,net,144,1,4.9957812444200265,7651495.550860012,22457.12062832462,449521.69700000004,230.5111402294067,155.95222658558765,19.050739686409244,210.79132976100013,152.98061759591772,-82.38312944952864,457.2177524738219,457.2177524738219,649.0029899761245,362.9306825993282,52772.455087261864,605.4035053231345
hgb_learning_rate_0.096,10,2025-10-14,286,load,144,1,1.8104050007432415,1721764.3393183155,12821.168277742745,708193.3751000001,109.34668170923906,89.03589081765796,-29.196546377595876,111.8123988347014,128.1343029125571,-47.680027079299435,700.717113062301,700.717113062301,271.6547338717114,852.4383203791068,11104.258480442526,473.8220173437723
hgb_learning_rate_0.096,10,2025-10-14,286,pv,144,1,5.283549641997189,6270616.368656993,18151.65589757861,343550.3994,208.67665658756,126.05316595540701,112.66572580387196,222.84771975298517,204.79719113374915,102.34252043792678,2703.977419292927,2703.977419292927,1782.8776244522403,12693.565770913261,30852.381233649186,40.88701876302252
hgb_learning_rate_0.096,10,2025-10-14,286,net,144,1,6.338578201419824,9463457.161482845,28612.97804583871,451410.0345,256.3561048820518,198.70123642943548,-141.86227218146783,268.9169989375544,248.24562190867755,-150.0225475172262,3404.694532355228,3404.694532355228,2033.476663266402,20124.904268488863,45593.54824180866,1057.9403828432175
hgb_learning_rate_0.096,10,2025-10-15,287,load,144,1,1.9134608207246335,1946441.1936664248,13471.814373219033,704054.8846,116.26243044850996,93.55426648068773,-2.0426264373166227,118.04657478920294,113.39497370362993,-15.413757405779556,49.02303449559895,49.02303449559895,134.77698799206024,4.172322762424799,13512.780411032192,314.56678289811026
hgb_learning_rate_0.096,10,2025-10-15,287,pv,144,1,7.393489673801582,15161270.100750927,24585.92186332716,332534.7427,324.47896375864093,170.7355684953275,169.16322670184658,332.2303594084384,323.37881628730383,160.32153202368755,4059.9174408443178,4059.9174408443178,2669.341356210988,28616.19726818034,76670.4006537011,0.18031666666666668
hgb_learning_rate_0.096,10,2025-10-15,287,net,144,1,6.900887639900677,15945208.742538482,30029.476544682686,435153.82529999997,332.76210160958584,208.53803156029642,-171.2058531391632,339.55443925944064,317.22449782368034,-175.7352894294671,4108.940475339917,4108.940475339917,2606.3792268469724,29311.444149108716,81419.17211851964,1093.978092193672
hgb_learning_rate_0.096,10,2025-10-16,288,load,144,1,1.7445323815814395,1704220.1222480005,12323.370777190545,706399.658,108.78815174482725,85.57896373048989,-40.18941192341085,106.73695850405568,103.80055894369916,-54.29379290045123,964.5458861618604,964.5458861618604,548.6666946334632,1615.1888307495983,10219.673129305962,404.2454894823618
hgb_learning_rate_0.096,10,2025-10-16,288,pv,144,1,7.540268870682844,15111927.655399784,24777.385361889374,328600.8203,323.9505240795072,172.06517612423175,151.45772882056403,340.02796997846735,367.38299999399027,185.21015976702105,3634.9854916935365,3634.9854916935365,2256.534922630588,22939.44361948351,82004.49843190388,47.93158881002132
hgb_learning_rate_0.096,10,2025-10-16,288,net,144,1,7.314240636023509,17469991.651461475,33261.91842899536,454755.59369999997,348.30932584196256,230.98554464580113,-191.6471407439749,362.88430362417154,380.768404550741,-239.50395266747222,4599.531377855397,4599.531377855397,2764.638618152429,36728.62655534092,84590.75991314155,1526.6081899810142
hgb_learning_rate_0.096,10,2025-10-17,289,load,144,1,3.1596662343046584,1824969.1812923113,13638.98478253966,431659.0352,112.57618350391755,94.71517210096985,29.051982971007654,114.91692313953705,121.45548867747394,22.145687149651003,697.2475913041836,697.2475913041836,562.872691647948,844.0177145477187,11829.37937776,241.90818077113568
hgb_learning_rate_0.096,10,2025-10-17,289,pv,144,1,3.935326524323821,4717235.043358737,13208.28750257929,335633.8393,180.99330564965996,91.72421876791174,24.814542941626687,178.42807941416092,192.6976111145154,-46.99829706295988,595.5490305990405,595.5490305990405,464.99562036959344,615.7615414018348,32142.815148589394,457.1259942904613
hgb_learning_rate_0.096,10,2025-10-17,289,net,144,1,6.546276750852803,7647294.250823252,23991.49552086908,366490.70050000004,230.4478467574854,166.60760778381305,4.237440029380975,231.37342515964815,249.47281126888456,69.14398421261089,101.69856070514341,101.69856070514341,411.429037702545,17.95589800260024,53088.254177158866,366.76776808696974
hgb_learning_rate_0.096,10,2025-10-18,290,load,144,1,3.0880246154633753,1978710.1639334662,13276.65947643061,429940.2087,117.222194166009,92.19902414187924,-9.427371091165945,116.09405628908779,100.96852959628573,-4.90052813709441,226.2569061879827,226.2569061879827,102.61493250903655,88.87532569055138,13652.167479402964,243.73028372852195
hgb_learning_rate_0.096,10,2025-10-18,290,pv,144,1,3.232435110840588,2785268.294462285,10779.545589367499,333480.64910000004,139.07602573328685,74.85795548171875,-0.3566162279270265,145.79066176380968,193.2372979637132,-71.14153354258944,8.558789470248636,8.558789470248636,293.6236747432672,0.12717513402090092,19342.01375863185,545.7102015257187
hgb_learning_rate_0.096,10,2025-10-18,290,net,144,1,5.676519110072831,5571883.643903799,20957.453701386927,369195.5104,196.7069811064127,145.5378729262981,-9.070754863238935,204.63080825066373,248.0018575728565,66.24100540549502,217.69811671773445,217.69811671773445,309.1629533167367,82.2785937889728,38611.357822209626,335.44686682522365
hgb_learning_rate_0.096,10,2025-10-19,291,load,144,1,2.1368997155640534,2322414.5598125095,15128.127778349572,707947.4843,126.99558609489887,105.05644290520536,-42.22117798118932,134.8908486378319,148.70767787736293,-81.33904422437116,1013.3082715485438,1013.3082715485438,445.39933208930444,1782.627870119266,14345.2510174676,623.7186898670507
hgb_learning_rate_0.096,10,2025-10-19,291,pv,144,1,6.077813910182719,8137416.734177248,19730.598693064007,324633.1491,237.71798087605077,137.01804647961114,86.47086539806884,243.7159076672607,230.7183548594282,140.80579490797743,2075.300769553652,2075.300769553652,1300.0426322090957,7477.210562690939,49032.6278690955,0.5722833333333334
hgb_learning_rate_0.096,10,2025-10-19,291,net,144,1,6.675186818698118,11608275.568316614,30421.085456333494,455733.84359999996,283.92432932029,211.25753789120483,-128.69204337925814,293.62356980044046,281.4131186272166,-222.14483913234855,3088.6090411021955,3088.6090411021955,1715.670525629632,16561.64202912886,64051.382750847624,1366.7926434027147
hgb_learning_rate_0.096,10,2025-10-20,292,load,144,1,1.8113834773492943,1760096.785117804,12814.087399635535,707419.9119,110.55719940870365,88.98671805302455,14.547662612450003,111.95361070332618,121.4354789158252,5.293856625075339,349.14390269880005,349.14390269880005,476.5619265745381,211.63448748567563,12011.259853610187,282.1874924618134
hgb_learning_rate_0.096,10,2025-10-20,292,pv,144,1,6.864959419008845,13058705.404104255,22021.08852134228,320775.21770000004,301.1402566831084,152.92422584265472,84.7416531405429,335.6889099957432,423.68124844673525,174.77117899628777,2033.7996753730295,2033.7996753730295,1731.202029981465,7181.147776992083,83504.30641817635,237.92565887052444
hgb_learning_rate_0.096,10,2025-10-20,292,net,144,1,6.528478673457021,13795310.34118765,29207.61499542146,447387.7676,309.5169886423806,202.8306596904268,-70.19399052809287,337.62994917195965,409.16573494207086,-169.47732237121247,1684.6557726742287,1684.6557726742287,1296.0552500018064,4927.196306257992,90873.56995198956,1378.2904480215977
hgb_learning_rate_0.096,10,2025-10-21,293,load,144,1,1.6011213414645624,1418859.3845162236,11316.80720099154,706805.0939,99.26323675083114,78.58893889577458,-12.26206406851434,94.50651865857536,87.0010572506868,-22.6348829974931,294.28953764434414,294.28953764434414,106.72744283612508,150.35821522035044,9702.831955031203,273.17058239060606
hgb_learning_rate_0.096,10,2025-10-21,293,pv,144,1,6.640657868307439,9841922.406150836,20455.19225427409,308029.6058,261.43198613797716,142.04994621023673,123.71643638036367,244.43372288343974,216.01114074724643,113.72735746300174,2969.194473128728,2969.194473128728,2095.225627702294,15305.756630656573,53040.9267453909,2.5613654029361164
hgb_learning_rate_0.096,10,2025-10-21,293,net,144,1,6.250186298023324,11266629.97590219,27390.73513628423,438238.6993,279.71500843495187,190.21343844641828,-135.97850044887804,264.79179372567626,251.25128170095428,-136.36224046049486,3263.484010773073,3263.484010773073,2164.0629962966404,18490.152584325526,59750.333359439675,904.2438490227091
hgb_learning_rate_0.096,10,2025-10-22,294,load,144,1,1.8992234226221891,1917912.1597460997,13409.123580635369,706031.9192,115.40725472292132,93.11891375441229,-25.621033340784486,120.977240020173,139.66562825247664,-70.6989749184593,614.9048001788277,614.9048001788277,252.44882355290298,656.4373494495902,12662.397093231659,546.9738795208315
hgb_learning_rate_0.096,10,2025-10-22,294,pv,144,1,5.3947911199039895,7935491.0547513515,16869.64880568631,312702.539,234.75003039213138,117.15033892837715,15.797948344307896,258.76871693958793,313.0978838247569,76.4250629468985,379.1507602633895,379.1507602633895,595.3164302252211,249.57517188942057,54858.00159721719,324.3412803521392
hgb_learning_rate_0.096,10,2025-10-22,294,net,144,1,6.188163209576512,11010562.763592139,27840.628879487245,449901.33479999995,276.5180670658507,193.33770055199477,-41.418981685092376,302.86025478176754,366.7459275088179,-147.1240378653578,994.055560442217,994.055560442217,725.0608020633481,1715.5320438300178,74746.70937000428,1287.0563411386877
hgb_learning_rate_0.096,10,2025-10-23,295,load,144,1,2.0427990971371988,2405715.7455085563,14366.43596826468,703272.0930999999,129.2530825311699,99.7669164462825,-10.744348589194946,127.43087227354862,112.94706965824463,4.786880249367818,257.86436614067867,257.86436614067867,162.9971278988133,115.44102660613542,16590.91831720328,275.2281556429995
hgb_learning_rate_0.096,10,2025-10-23,295,pv,144,1,4.4918114452156255,8269855.28533412,14508.331358893105,322995.1109,239.64463397413692,100.75230110342434,-59.92225692916083,251.50807106712395,200.955091032306,-30.533217783171146,1438.13416629986,1438.13416629986,1074.9572180247594,3590.6768754843633,53838.87371711367,341.2743348908067
hgb_learning_rate_0.096,10,2025-10-23,295,net,144,1,5.650997456421658,12081524.157544997,25408.892047012185,449635.5244,289.6540580007204,176.4506392153624,49.17790833996586,299.5722923118447,236.89181267143312,35.320098032538944,1180.2698001591807,1180.2698001591807,1146.9035904369343,2418.4666686940836,81481.00664759062,344.7864355426568
hgb_learning_rate_0.096,10,2025-10-24,296,load,144,1,3.2232057111283856,1993787.7101149776,13950.45691871085,432813.1112,117.6679565001006,96.87817304660312,10.404800122246504,118.77856870218275,113.33002991520254,4.196923241258673,249.7152029339161,249.7152029339161,239.12215402540505,108.25986558390088,13737.488121325667,288.59649271890385
hgb_learning_rate_0.096,10,2025-10-24,296,pv,144,1,3.736754314354957,3446875.2639349247,12043.290366691439,322292.80689999997,154.71468507328535,83.63396087980166,-22.659484064642193,150.1027321921237,120.44498265182557,-36.624345050378,543.8276175514126,543.8276175514126,516.7489044852606,513.4522180757734,23423.18155925009,306.6017366730832
hgb_learning_rate_0.096,10,2025-10-24,296,net,144,1,6.091275637941584,6276945.903440593,22518.758395454548,369688.7111,208.78194871019463,156.38026663510104,33.064284186888685,207.8800910005667,173.2844846967711,40.82126829163667,793.5428204853284,793.5428204853284,730.2141760977524,1093.2468887913371,42496.655218435,252.2709206448545
hgb_learning_rate_0.096,10,2025-10-25,297,load,144,1,3.285258931965193,2144723.125507947,14200.752568524953,432256.722,122.04061042868143,98.61633728142328,-12.483797809607402,122.04685203331852,115.8542877326824,-44.35785998050034,299.61114743057766,299.61114743057766,116.4006496993418,155.84520775115857,14738.065386054028,421.4650059222961
hgb_learning_rate_0.096,10,2025-10-25,297,pv,144,1,3.956970539138396,4418403.6710594185,12498.729533109883,315866.1256,175.1666601462776,86.79673286881864,34.52859857035786,189.62010555119656,224.60300754054288,37.216639935505526,828.6863656885886,828.6863656885886,529.2741775288895,1192.2241192329186,29491.134707568588,241.6936846566023
hgb_learning_rate_0.096,10,2025-10-25,297,net,144,1,5.959990367096367,6189965.487467084,21382.103959566208,358760.7134,207.33034375301565,148.48683305254312,-47.01239637996525,213.62274109371907,224.01171307164498,-81.57449991600588,1128.297513119166,1128.297513119166,612.6728293906269,2210.16541338697,40775.706027356675,694.0020719587424
hgb_learning_rate_0.096,10,2025-10-26,298,load,144,1,1.7685449792448071,1760958.4825031837,12460.001853080841,704534.0661,110.58425905487884,86.52779064639473,-1.0048509947113504,113.95639677368777,134.41562570258915,-22.06353063230472,24.11642387307241,24.11642387307241,89.86460593207188,1.0097255215723904,12227.868625194982,391.0075305112273
hgb_learning_rate_0.096,10,2025-10-26,298,pv,144,1,2.7130681938912242,2613224.023694164,8607.702460747107,317268.194,134.7122453729864,59.77571153296602,-7.138206801333242,137.23856650535407,129.48046363990267,-32.9110546552758,171.3169632319978,171.3169632319978,127.8598770940804,50.95399633860015,18096.435057093095,258.9427461942089
hgb_learning_rate_0.096,10,2025-10-26,298,net,144,1,4.062555947449445,4036387.9484920586,17989.802352949424,442819.80569999997,167.42303265837762,124.92918300659322,6.1333558066218865,169.2147864959772,164.92313128433616,10.847524022971065,147.20053935892528,147.20053935892528,161.79294031449973,37.61805345062241,27992.853811077566,342.7923441845435
hgb_learning_rate_0.096,10,2025-10-27,299,load,144,1,1.7343113868184687,1682327.7098059903,12257.131017250093,706743.3859,108.08714686815058,85.1189653975701,-3.0463572565778887,111.2535085386567,124.61834451468437,-26.26378374930832,73.11257415786933,73.11257415786933,109.44664402821397,9.28029253470476,11673.55102556245,373.80432559639047
hgb_learning_rate_0.096,10,2025-10-27,299,pv,144,1,7.784457198236545,16751318.19955163,25332.79526745728,325427.8959,341.0697855395541,175.92218935734223,-62.61809631598386,310.07509105289796,188.414791104134,-22.25226670536297,1502.8343115836126,1502.8343115836126,1358.538891256263,3921.0259862378316,112407.57262175961,358.53762657698763
hgb_learning_rate_0.096,10,2025-10-27,299,net,144,1,6.90949684158559,18345253.838860743,32133.4529073808,465062.12600000005,356.9279984859686,223.14897852347778,59.571739059405964,325.4709089615174,183.8603315415919,-4.011517043945345,1429.7217374257432,1429.7217374257432,1432.9891091648133,3548.792094561954,123848.80400863763,408.0585627315174
hgb_learning_rate_0.096,10,2025-10-28,300,load,144,1,1.8319459313152668,1869962.011089059,12916.773566301184,705084.8687999999,113.95546191047438,89.69981643264711,3.6092203848030047,109.79176195759587,107.9811451085628,-4.262683361788681,86.62128923527212,86.62128923527212,127.06317017228281,13.026471786077549,12972.820827443498,258.0543283857531
hgb_learning_rate_0.096,10,2025-10-28,300,pv,144,1,4.478384139664882,5870941.897385693,13849.418115722343,309250.3386,201.91688845402754,96.17651469251626,67.0465725544315,207.8126653694549,222.7778023228883,72.69581747844535,1609.117741306356,1609.117741306356,1197.5676915600884,4495.242891296648,36275.18695165956,171.14976677389697
hgb_learning_rate_0.096,10,2025-10-28,300,net,144,1,4.629216872388884,7363969.394111296,20857.459220099277,450561.2892,226.1386219733266,144.84346680624498,-63.437352169628475,225.49369705749316,218.30726891218077,-76.95850084023402,1522.4964520710835,1522.4964520710835,1113.0206615533725,4024.2976502934666,47114.37869770164,701.4531619816726
extra_trees_min_samples_leaf_8,10,2025-10-01,273,load,144,1,3.3477466944689933,7357939.813251175,23545.06165850905,703310.7283,226.04602243500926,163.50737262853508,98.21309915192757,263.0249539706108,340.3983669752746,245.51781532771687,2357.1143796462616,2357.1143796462616,844.7594400806095,9645.812845026356,41450.991413662356,62.10254140936058
extra_trees_min_samples_leaf_8,10,2025-10-01,273,pv,144,1,14.667978456782842,78620667.90392342,59455.41843236708,405341.59910000005,738.9024701839294,412.88485022477136,-411.98370963634846,734.3202566568532,695.8840892347057,-406.2093761328004,9887.609031272363,9887.609031272363,6889.276776013216,169730.57700572707,376246.28343818546,2446.456534997226
extra_trees_min_samples_leaf_8,10,2025-10-01,273,net,144,1,16.702790842085612,82125807.81565417,76488.15540716256,457936.378,755.1940875238178,531.1677458830733,510.19680878827603,768.5194058616837,774.9466804873946,651.7271914605174,12244.723410918625,12244.723410918625,7487.435614707638,260300.7836977407,310017.32613319095,0.0
extra_trees_min_samples_leaf_8,10,2025-10-02,274,load,144,1,3.042666513178562,4754804.042732304,21401.819858424955,703390.2587,181.71260968621394,148.62374901683995,-16.639387216485254,196.55595195929115,235.42496761743183,91.89716211495777,399.3452931956461,399.3452931956461,1061.4849812626155,276.86920694013287,32742.6033120342,309.3258943992552
extra_trees_min_samples_leaf_8,10,2025-10-02,274,pv,144,1,12.645071444303968,49985924.82327698,49695.8338420869,393005.56,589.1727063768514,345.10995723671454,-343.53424741980933,573.7263645033863,472.7763216590349,-249.63028074022566,8244.821938075424,8244.821938075424,5379.7107875497895,118015.77915029478,229108.69878912868,1515.1595996455264
extra_trees_min_samples_leaf_8,10,2025-10-02,274,net,144,1,13.21153415613835,48245188.11403163,58905.72636928497,445865.9053,578.8229682464787,409.0675442311456,326.8948602033241,570.8851107099892,500.76163568038584,341.5274428551833,7845.476644879778,7845.476644879778,4578.41675355472,106860.24962735079,228175.7789423133,42.90286916363311
extra_trees_min_samples_leaf_8,10,2025-10-03,275,load,144,1,4.072939081742421,3598468.652895869,17478.82040141808,429145.1468,158.08025064855573,121.38069723207,22.690019591887154,168.590765620713,181.23307237237773,87.73626455058633,544.5604702052917,544.5604702052917,367.9585318467504,514.8369890802229,24474.528656029983,166.1211024282201
extra_trees_min_samples_leaf_8,10,2025-10-03,275,pv,144,1,6.794298888182426,16862063.151860517,25970.67921616157,382242.2246,342.19535469788184,180.35193900112202,-177.18653430301083,317.587717673176,188.35939216575002,-104.31905515353962,4252.47682327226,4252.47682327226,2849.122349857937,31395.067938312033,85702.59283849709,643.4065592763858
extra_trees_min_samples_leaf_8,10,2025-10-03,275,net,144,1,9.032142520554467,17008357.1429244,35342.882791211276,391301.208,343.6765794614296,245.4366860500783,199.87655389489797,332.4571647239476,242.75611759137928,192.05531970412596,4797.037293477551,4797.037293477551,2703.833764297235,39950.63679690005,78162.95447340826,58.15796675458015
extra_trees_min_samples_leaf_8,10,2025-10-04,276,load,144,1,4.594940443590014,4568541.782732638,19959.708565742814,434384.48899999994,178.1178952332134,138.6090872621029,31.59686863307372,198.63128777755938,234.19172878501107,132.40101440439992,758.3248471937692,758.3248471937692,534.6043704361252,998.3621074157178,30727.62249489426,195.30376730955467
extra_trees_min_samples_leaf_8,10,2025-10-04,276,pv,144,1,6.133429452037328,10648302.511970606,21823.269121809637,355808.5944,271.93114058896987,151.55048001256694,141.58889731823453,272.0528638966484,188.88592545360157,94.4929227864971,3398.133535637629,3398.133535637629,2334.5641171724083,20047.415843793562,53899.12937822453,43.146375432909565
extra_trees_min_samples_leaf_8,10,2025-10-04,276,net,144,1,9.923884143849762,16604499.76292074,37456.45962000989,377437.49399999995,339.5718276468088,260.11430291673537,-109.99202868516082,353.1705043231414,329.61886309997806,37.90809161790284,2639.8086884438594,2639.8086884438594,2537.1226220162425,12098.24637427724,103210.77975711679,761.8914814089312
extra_trees_min_samples_leaf_8,10,2025-10-05,277,load,144,1,2.4116407295250486,3332516.2604639595,17017.17668487881,705626.5253999999,152.12650666796932,118.17483808943618,48.26963451953526,164.32677324355018,205.43175021769886,82.74594347362871,1158.4712284688462,1158.4712284688462,390.26486107880675,2329.95761664951,20812.516414350208,239.9312006781447
extra_trees_min_samples_leaf_8,10,2025-10-05,277,pv,144,1,3.437373930959461,3795078.1548368307,12966.144294640319,377210.759,162.34133610571615,90.04266871277999,-69.25027028152016,174.14232163874829,176.9627600910817,-68.14166710234787,1662.006486756484,1662.006486756484,1154.661084992345,4795.599934063594,21559.109474525507,526.0792916725185
extra_trees_min_samples_leaf_8,10,2025-10-05,277,net,144,1,5.695054581740436,7579949.636703944,25318.50448435662,444570.0058,229.43090276546747,175.8229478080321,117.51990480105542,245.18142606348772,251.74745995475232,150.88761057597657,2820.47771522533,2820.47771522533,1419.4470024988968,13810.928024449127,38827.61111932826,200.1557534266999
extra_trees_min_samples_leaf_8,10,2025-10-06,278,load,144,1,1.8996235947924365,1853782.2706948058,13437.496916024465,707376.8167999999,113.461394275481,93.31595080572545,-14.425101909346909,116.67514215344347,130.78864789289545,34.20141028082045,346.2024458243258,346.2024458243258,340.2379602211262,208.08356509504384,12665.404425841109,219.06791843508782
extra_trees_min_samples_leaf_8,10,2025-10-06,278,pv,144,1,3.248115221994003,2777423.099025338,11724.986605259364,360978.1613,138.88002163701654,81.42351809207892,57.0603385654294,140.55573216215765,127.4094845637977,58.31099360169623,1369.4481255703056,1369.4481255703056,832.3915595923662,3255.8822372014292,16031.778172696757,70.22586066407312
extra_trees_min_samples_leaf_8,10,2025-10-06,278,net,144,1,4.516164022700065,4239323.848183053,19829.288567377458,439073.7021,171.58015312301026,137.7033928290101,-71.48544047477631,172.692321617077,156.18292858542995,-24.109583320875785,1715.6505713946315,1715.6505713946315,1141.9409054420903,5110.168199872787,24329.580745842857,466.05188171306594
extra_trees_min_samples_leaf_8,10,2025-10-07,279,load,144,1,1.9072725445577752,2154456.2750856485,13429.92748284714,704143.0717999999,122.31721837221856,93.26338529754959,21.168096531559176,133.60633849041312,168.58352750387257,72.73000195433582,508.0343167574202,508.0343167574202,207.907578572925,448.0883107694076,14513.413599547594,176.4632347740976
extra_trees_min_samples_leaf_8,10,2025-10-07,279,pv,144,1,3.662258811150517,4246015.561773506,13093.07675226018,357513.6938,171.71551816589752,90.92414411291792,70.33550952407263,181.34748775881906,215.4791404928784,112.66111084327243,1688.0522285777433,1688.0522285777433,1255.329095808981,4947.083900010913,24539.135278971768,17.75723886875418
extra_trees_min_samples_leaf_8,10,2025-10-07,279,net,144,1,5.211244679688924,6911027.951919554,23014.98231812598,441640.7928,219.07361700147285,159.8262660980971,-49.167412992513455,236.10804451011626,298.6565304587764,-39.93110888893659,1180.017911820323,1180.017911820323,1210.041179096476,2417.434500376381,45575.815165731634,812.790103039024
extra_trees_min_samples_leaf_8,10,2025-10-08,280,load,144,1,2.1011943971132707,2310120.2390410607,14799.686548859678,704346.3741,126.65899754856488,102.77560103374776,-48.89634818486464,138.73017957718633,172.5971668156426,-70.40537253113905,1173.5123564367514,1173.5123564367514,535.5291275370123,2390.852865815516,13651.648794191851,645.9513020637943
extra_trees_min_samples_leaf_8,10,2025-10-08,280,pv,144,1,4.707041168218459,7797174.187521283,17203.07754241813,365475.4001,232.69517177822533,119.46581626679257,51.24324404001382,212.9217552405096,163.87394874754918,-13.994931622457523,1229.8378569603317,1229.8378569603317,1007.4473078818904,2625.8700597444117,51521.172909153385,295.3097790390445
extra_trees_min_samples_leaf_8,10,2025-10-08,280,net,144,1,6.375087338256322,10442341.764003843,28078.0008861733,440433.1956,269.288436903679,194.98611726509236,-100.13959222487844,261.43245626737564,249.68848007299428,-56.41044090868156,2403.350213397083,2403.350213397083,1481.2953009961316,10027.937930964936,62488.32431906176,779.230998276544
extra_trees_min_samples_leaf_8,10,2025-10-09,281,load,144,1,1.9903233080402107,2083789.9861943224,14023.77699594601,704597.9384000001,120.29448779148663,97.38734024962507,-27.10266433168689,131.87258937150904,167.31688135738088,-106.46767693848305,650.4639439604854,650.4639439604854,235.89275052706955,734.5544138760927,13736.209379140033,729.4636012765201
extra_trees_min_samples_leaf_8,10,2025-10-09,281,pv,144,1,4.588788518917876,6210388.07391662,16980.263476018183,370038.0483,207.67208516734814,117.91849636123737,-2.6078031776732065,207.61442978413544,168.17480091978817,-25.092150520020166,62.58727626415695,62.58727626415695,236.29439983267645,6.800637413482473,43120.89432034081,355.79156174355603
extra_trees_min_samples_leaf_8,10,2025-10-09,281,net,144,1,5.732911764609471,8407711.156366073,25936.642348070083,452416.5627,241.63377874444615,180.1155718615978,-24.49486115401368,246.24304920651647,205.29568685131053,-81.37552641846284,587.8766676963284,587.8766676963284,348.52188051640604,599.9982229544084,57786.884807365546,780.4484245767048
extra_trees_min_samples_leaf_8,10,2025-10-10,282,load,144,1,2.9507356406006693,1976491.664468001,12812.955196803185,434229.1807,117.15646187387857,88.97885553335544,-19.516587884770004,117.44369125618962,103.52389658567498,-15.807088664317993,468.39810923448016,468.39810923448016,160.37637654215231,380.8972026639513,13344.739356141612,304.8664762759484
extra_trees_min_samples_leaf_8,10,2025-10-10,282,pv,144,1,5.829308428432484,15920419.759825189,22044.550837147297,378167.5152,332.5033391626941,153.08715859130066,-115.98479109110629,304.3980270313038,191.2672694616405,-32.75520642283378,2783.634986186551,2783.634986186551,1920.0824734559392,13452.47176444757,97105.998789894,355.88714438759706
extra_trees_min_samples_leaf_8,10,2025-10-10,282,net,144,1,7.747593175146393,17720346.463903904,31296.126948395897,403946.44169999997,350.7961823550653,217.33421491941596,96.46820320633628,325.7977634738567,241.94088332650918,16.948117758515803,2315.236876952071,2315.236876952071,1797.37227117586,9306.11422985899,113751.84732502924,436.7090776713753
extra_trees_min_samples_leaf_8,10,2025-10-11,283,load,144,1,3.7230464167988893,2735819.4951378936,16036.865644261374,430745.7885,137.83594050179056,111.36712252959288,-0.09504648368749713,145.03857682160316,168.7045361035121,-79.57014389188464,2.281115608499931,2.281115608499931,285.679495845812,0.009033834061357658,18998.737460179087,665.7638631512337
extra_trees_min_samples_leaf_8,10,2025-10-11,283,pv,144,1,6.491387878954668,12584811.794045702,22467.20672310169,346107.907,295.62565238412515,156.0222689104284,151.6711445968263,276.3431116748641,280.0410364426857,167.0384268126669,3640.1074703238314,3640.1074703238314,2525.426613603977,23004.136103311394,64390.39024422822,2.428949848551344
extra_trees_min_samples_leaf_8,10,2025-10-11,283,net,144,1,8.532733826240571,15313766.128664525,32054.86864606125,375669.3845,326.1067281055787,222.60325448653646,-151.76619108051378,309.767898336325,343.32474693731047,-246.6085707045515,3642.388585932331,3642.388585932331,2342.6838337853187,23032.97675508702,83312.62136063883,1527.8041878953547
extra_trees_min_samples_leaf_8,10,2025-10-12,284,load,144,1,2.2086961114780235,2644168.2085673544,15599.055547812066,706256.3051,135.50748771253262,108.3267746375838,-15.922039963618557,137.0717878977904,151.05738679221733,-101.61273443318466,382.12895912684536,382.12895912684536,421.38583959029825,253.51135660306642,18108.767869559117,668.2603793639166
extra_trees_min_samples_leaf_8,10,2025-10-12,284,pv,144,1,4.686440366503536,7403289.197785316,16644.669467314518,355166.5692,226.74155009652688,115.58798241190637,64.23961007654769,228.17212005881888,175.62698012910636,40.18992052384536,1541.7506418371447,1541.7506418371447,997.6832174123678,4126.727502786887,47285.00303738893,167.4368973823047
extra_trees_min_samples_leaf_8,10,2025-10-12,284,net,144,1,6.7571923759151185,10657029.174042324,29532.994843403907,437060.1457,272.0425463819227,205.0902419680827,-80.16165004016628,273.4534216067207,242.33490194121518,-141.8026549570301,1923.8796009639907,1923.8796009639907,962.2781487685537,6425.8901371620905,67581.2569047985,1002.9572592040591
extra_trees_min_samples_leaf_8,10,2025-10-13,285,load,144,1,1.8287612081689388,1779018.5390016749,12912.270676491218,706066.523,111.14987813638777,89.66854636452234,-7.2239010727113975,116.16063925847284,131.89584393535205,-49.716651762328766,173.37362574507355,173.37362574507355,144.81922334241955,52.18474670832088,12302.110663025533,450.86195722897673
extra_trees_min_samples_leaf_8,10,2025-10-13,285,pv,144,1,3.764866342633767,5748433.319025736,13700.42961064904,363902.15119999996,199.79908865299564,95.14187229617389,-11.666763013303049,173.58997084223657,92.27866807265656,41.80035174264919,280.0023123192732,280.0023123192732,382.9616393899464,136.11335920857604,39783.56246735904,17.19729865385531
extra_trees_min_samples_leaf_8,10,2025-10-13,285,net,144,1,4.954136733138831,7242571.613231668,22269.919514506037,449521.69700000004,224.2668861044753,154.65221885073638,4.4428619405916585,206.48379057577046,154.66581882011198,-91.51700350497795,106.62868657419979,106.62868657419979,460.3932925836343,19.73902222315788,50275.89718077454,639.867335454431
extra_trees_min_samples_leaf_8,10,2025-10-14,286,load,144,1,1.972058807478302,2123149.3424282656,13965.9898276374,708193.3751000001,121.42525542798683,96.98604046970416,-48.72219292432101,128.67119838524863,154.14956214917163,-83.36734017365589,1169.3326301837042,1169.3326301837042,492.209187360771,2373.852083354756,12370.24057239709,643.44198642903
extra_trees_min_samples_leaf_8,10,2025-10-14,286,pv,144,1,5.306256622023591,6473536.275237994,18229.665818150996,343550.3994,212.0262083387006,126.59490151493748,115.37727111526164,227.64016732787542,211.8324004795972,108.33063817250759,2769.0545067662792,2769.0545067662792,1830.4677632844632,13311.914690004587,31643.19833248148,28.556360596408833
extra_trees_min_samples_leaf_8,10,2025-10-14,286,net,144,1,6.663295920300397,10247927.825092152,30078.78641266512,451410.0345,266.76987358401027,208.88046119906332,-164.09946403958264,283.25278604074134,272.1659977705272,-191.6979783461635,3938.3871369499834,3938.3871369499834,2294.8259714669925,26928.634098078277,44237.531353950544,1260.4580950459515
extra_trees_min_samples_leaf_8,10,2025-10-15,287,load,144,1,1.8895573488341963,1920502.6918347976,13303.52081178542,704054.8846,115.48516895624633,92.3855611929543,10.507213299657183,116.1337513608323,107.39657814611286,0.2716657328263763,252.17311919177237,252.17311919177237,246.89137170025631,110.40153132449278,13226.422717528269,246.39535095705347
extra_trees_min_samples_leaf_8,10,2025-10-15,287,pv,144,1,7.3591328421308875,15161864.674226075,24471.673461531143,332534.7427,324.4853261772368,169.9421768161885,168.53940165900318,332.2959339977403,320.06214227633984,158.32418192462097,4044.9456398160764,4044.9456398160764,2659.147565496058,28405.529911574802,76885.19699277295,0.18031666666666668
extra_trees_min_samples_leaf_8,10,2025-10-15,287,net,144,1,6.685139143126436,15414578.955391007,29090.63870794233,435153.82529999997,327.17837213088416,202.0183243607106,-158.03218835934598,333.36618321771425,308.64614315527285,-158.0525161917946,3792.7725206243035,3792.7725206243035,2437.7455599783707,24974.172557643808,82071.5146325715,1007.3976851763435
extra_trees_min_samples_leaf_8,10,2025-10-16,288,load,144,1,1.707630088832902,1654040.9176175697,12062.693107420717,706399.658,107.1746017544881,83.76870213486609,-38.26469237949381,104.2846298646647,98.69673142089714,-51.270357282170025,918.3526171078514,918.3526171078514,528.2846322649327,1464.1866828972916,10022.208578335832,386.5587950459306
extra_trees_min_samples_leaf_8,10,2025-10-16,288,pv,144,1,7.615453941826949,15361275.814293299,25024.444122412042,328600.8203,326.61219586559827,173.78086196119474,154.38388927901659,341.9916679356822,366.7781692371464,185.8893650189714,3705.213342696398,3705.213342696398,2303.730947180349,23834.385268915652,82841.14121923225,45.47058509839457
extra_trees_min_samples_leaf_8,10,2025-10-16,288,net,144,1,7.3237377502970915,17794348.324518934,33305.10708739456,454755.59369999997,351.52789841592204,231.2854658846844,-192.6485816585104,365.31018333022394,380.6016726713415,-237.15972230114144,4623.56595980425,4623.56595980425,2795.2139998049897,37113.476015035754,86458.38734967906,1510.189727733696
extra_trees_min_samples_leaf_8,10,2025-10-17,289,load,144,1,3.188893001642563,1872527.5954589986,13765.144764450608,431659.0352,114.03360845537668,95.59128308646255,34.092717044275936,116.55979158882171,123.64555032576327,27.790761527567206,818.2252090626225,818.2252090626225,627.1979372373166,1162.3133554610629,11841.350501893094,230.92675636600475
extra_trees_min_samples_leaf_8,10,2025-10-17,289,pv,144,1,4.055340390622948,5007118.832409658,13611.094649731418,335633.8393,186.47160255223957,94.52149062313485,28.510267304393835,182.45967596038403,190.31383921380566,-45.03965755080028,684.246415305452,684.246415305452,521.1969957468059,812.8353417679881,33958.82321663241,448.05681754281585
extra_trees_min_samples_leaf_8,10,2025-10-17,289,net,144,1,6.669656056381682,7960061.407019265,24443.669201973906,366490.70050000004,235.1131732068868,169.74770279148547,5.582449739882127,235.2733050748297,249.87299675246115,72.8304190783675,133.97879375717105,133.97879375717105,425.74034179043,31.163745098310024,55247.04047031325,358.8937728283533
extra_trees_min_samples_leaf_8,10,2025-10-18,290,load,144,1,3.1031661543917974,1967487.206503188,13341.75904049986,429940.2087,116.88928779283661,92.65110444791569,-15.105541906186094,115.70471046138903,98.93797098105462,-10.137231846363067,362.5330057484662,362.5330057484662,170.1937096793286,228.1773962795442,13434.928204437041,254.02353142937204
extra_trees_min_samples_leaf_8,10,2025-10-18,290,pv,144,1,3.2814170917533274,2852828.247524912,10942.891017257341,333480.64910000004,140.75264571040418,75.99229873095376,-0.37931213534950026,147.42822396249417,195.39285486826702,-71.48974471509025,9.103491248388005,9.103491248388005,294.9758184799704,0.1438776960233976,19811.16339678253,550.3351478674566
extra_trees_min_samples_leaf_8,10,2025-10-18,290,net,144,1,5.734370958607779,5640654.099222848,21171.040128861365,369195.5104,197.9171771786898,147.0211120059817,-14.726229770836621,205.26542343571032,246.89141879914143,61.35251286872718,353.42951450007894,353.42951450007894,312.0650401475122,216.8618432634748,38954.347179117416,350.2792334369721
extra_trees_min_samples_leaf_8,10,2025-10-19,291,load,144,1,2.13743583995353,2305144.3526602965,15131.923257477589,707947.4843,126.52251536178959,105.08280039914992,-40.35682063087719,134.28439533477655,148.38100606382199,-86.52289042502593,968.5636951410524,968.5636951410524,421.23424679670114,1628.6729714327946,14379.273922041486,641.1894756047086
extra_trees_min_samples_leaf_8,10,2025-10-19,291,pv,144,1,6.12633494970755,8256897.3826516485,19888.11407164952,324633.1491,239.4568127185007,138.1119032753439,85.1776040582689,244.9293489958466,232.1333114563259,141.58239410135872,2044.2624973984537,2044.2624973984537,1279.0858126735693,7255.224233107227,50084.34092419588,0.5722833333333334
extra_trees_min_samples_leaf_8,10,2025-10-19,291,net,144,1,6.765956950544497,11979116.484028772,30834.75566703779,455733.84359999996,288.4238355560554,214.13024768776242,-125.53442468914608,297.56895799323934,287.2983276241304,-228.10528452638462,3012.826192539506,3012.826192539506,1666.2418187882179,15758.891782034889,67429.41713483156,1399.827570303357
extra_trees_min_samples_leaf_8,10,2025-10-20,292,load,144,1,1.788814674499087,1732674.7214991902,12654.431194395711,707419.9119,109.69258563706289,87.87799440552577,15.048804418720843,111.15210335812883,121.91600304461393,9.296113436648929,361.17130604930026,361.17130604930026,479.2416267640576,226.466514432912,11805.996829311463,269.8614409281542
extra_trees_min_samples_leaf_8,10,2025-10-20,292,pv,144,1,6.839750731050385,12883147.63988768,21940.225297664216,320775.21770000004,299.10918249825687,152.36267567822372,83.14492150642782,333.28976030397337,421.0831164030355,172.64684290918456,1995.4781161542678,1995.4781161542678,1706.5054262187698,6913.077972310043,82553.2250824655,240.98859268753446
extra_trees_min_samples_leaf_8,10,2025-10-20,292,net,144,1,6.443726779109263,13480881.193244344,28828.44538730032,447387.7676,305.9693293594005,200.19753741180776,-68.096117087707,333.73653740464607,404.94426360799446,-163.35072947253562,1634.3068101049678,1634.3068101049678,1262.7393397044843,4637.081162422702,88980.14934621858,1340.6920737729959
extra_trees_min_samples_leaf_8,10,2025-10-21,293,load,144,1,1.5998344414676566,1408724.1059294792,11307.71132626001,706805.0939,98.90806989915909,78.52577309902784,-3.753544657968206,93.95668448781863,85.23467202573539,-12.068640153169907,90.08507179123694,90.08507179123694,95.92106129314826,14.089097499361657,9768.717193677578,241.05275320499217
extra_trees_min_samples_leaf_8,10,2025-10-21,293,pv,144,1,6.618547181092527,9787936.463469325,20387.084791606325,308029.6058,260.71398312387225,141.57697771948835,123.51792111993736,244.11974188967721,215.95996826971754,113.84308133004515,2964.4301068784966,2964.4301068784966,2092.1431794897717,15256.676837791067,52715.10415852369,1.2275166666666666
extra_trees_min_samples_leaf_8,10,2025-10-21,293,net,144,1,6.125129457811126,10769756.415329555,26842.68766635262,438238.6993,273.4775586889265,186.40755323855987,-127.27146577790558,259.01236092650316,247.1324453164897,-125.91172148321506,3054.515178669734,3054.515178669734,2041.922998017835,16198.02600125659,58591.94910519865,865.3833037171511
extra_trees_min_samples_leaf_8,10,2025-10-22,294,load,144,1,1.9162524894058734,1926931.9085670765,13529.354227670065,706031.9192,115.67831079018816,93.95384880326434,-31.0238392089458,120.95660905121989,137.3629841577167,-70.15486658743089,744.5721410146992,744.5721410146992,324.89870123314233,962.4785992625228,12418.99298800884,542.1511536737183
extra_trees_min_samples_leaf_8,10,2025-10-22,294,pv,144,1,5.408777269417531,7951288.891655956,16913.383850323487,312702.539,234.98358234105,117.45405451613533,15.763145003123567,259.14500690217244,314.5819245804487,76.20008408297109,378.3154800749656,378.3154800749656,596.8027203736597,248.47674038949947,54968.80722944353,327.9244825666309
extra_trees_min_samples_leaf_8,10,2025-10-22,294,net,144,1,6.237479895336981,11148843.16270861,28062.50530700272,449901.33479999995,278.2490286833976,194.8785090764078,-46.786984212069356,304.640247249218,368.3859985484504,-146.35495067040196,1122.8876210896644,1122.8876210896644,804.0490824918516,2189.021891660427,75233.50007159382,1284.1287219269032
extra_trees_min_samples_leaf_8,10,2025-10-23,295,load,144,1,2.0354663479424855,2403908.929636092,14314.866789521246,703272.0930999999,129.2045355680742,99.4087971494531,-3.604698836477291,126.76707672628936,113.16518754103201,13.497437868906799,86.51277207545498,86.51277207545498,211.8022598643881,12.993853701700735,16680.81815766005,253.6114551683157
extra_trees_min_samples_leaf_8,10,2025-10-23,295,pv,144,1,4.49737498341794,8326650.291861834,14526.301315279634,322995.1109,240.46613142010588,100.87709246721968,-59.44526318800396,252.77622789758496,204.42242905258462,-30.572161695036876,1426.6863165120951,1426.6863165120951,1068.4314956993069,3533.739315491059,54290.22104466057,342.5917008271717
extra_trees_min_samples_leaf_8,10,2025-10-23,295,net,144,1,5.6526939644953496,12183770.25156725,25416.520149985812,449635.5244,290.8771487000718,176.50361215267924,55.84056435152667,301.03408225276803,240.17856969216993,44.06959956394366,1340.1735444366402,1340.1735444366402,1233.2304037071065,3118.1686270969917,81491.34700878669,321.5625561550158
extra_trees_min_samples_leaf_8,10,2025-10-24,296,load,144,1,3.1976966462580805,1968583.9599022497,13840.050341407656,432813.1112,116.92186255686156,96.11146070421984,9.908621172074435,117.75781226527403,111.50650459079144,2.813610674972728,237.80690812978642,237.80690812978642,233.00593282712143,98.18077353168175,13572.54117023394,287.8917962555083
extra_trees_min_samples_leaf_8,10,2025-10-24,296,pv,144,1,3.7120667162074414,3363236.424763337,11963.724013665618,322292.80689999997,152.82607272746674,83.0814167615668,-21.14836975887673,149.04838921278457,122.14244251773451,-37.65784546567991,507.5608742130415,507.5608742130415,496.04761161957435,447.25354345817175,22908.554961842783,312.7602668831773
extra_trees_min_samples_leaf_8,10,2025-10-24,296,net,144,1,6.031180898725212,6100516.051104218,22296.59492860663,369688.7111,205.82685636071608,154.8374647819905,31.05699093095115,205.033500973279,171.42944688597262,40.471456140652634,745.3677823428276,745.3677823428276,702.1249774293019,964.5366856851821,41400.15811364967,249.3743198525987
extra_trees_min_samples_leaf_8,10,2025-10-25,297,load,144,1,3.2827989610398225,2151220.0567568745,14190.119178840796,432256.722,122.22531722978975,98.54249429750553,-11.357476822146516,122.12519940386174,113.00677996516848,-39.040771436416286,272.5794437315164,272.5794437315164,114.64641300914761,128.99227976559533,14810.03589215715,401.8537077078684
extra_trees_min_samples_leaf_8,10,2025-10-25,297,pv,144,1,3.962144572799753,4453988.734873781,12515.072552773252,315866.1256,175.87062667060798,86.91022606092537,35.38962904786254,190.43207556512272,225.20697479310022,34.64194408813027,849.3510971487011,849.3510971487011,543.1109526193254,1252.4258441453162,29678.05148136705,256.2955005491131
extra_trees_min_samples_leaf_8,10,2025-10-25,297,net,144,1,5.941568833935558,6225960.237530874,21316.014735779267,358760.7134,207.9322846093249,148.02788010957823,-46.747105870009065,214.3984438114485,223.61946625657518,-73.68271552454657,1121.9305408802177,1121.9305408802177,629.9951895783872,2185.291907221836,41050.54307563146,664.0677683345617
extra_trees_min_samples_leaf_8,10,2025-10-26,298,load,144,1,1.7918526823503014,1795470.7918301164,12624.212561484495,704534.0661,111.66264892741404,87.66814278808677,-5.39551799039717,115.35695828841995,136.53384488128157,-27.814447236591075,129.4924317695321,129.4924317695321,88.70573717091699,29.11161438469952,12439.435551102222,411.7879148463864
extra_trees_min_samples_leaf_8,10,2025-10-26,298,pv,144,1,2.678044991683108,2531599.521380626,8496.584979620447,317268.194,132.59167482089478,59.00406235847533,-8.767953760464913,135.80640364579165,127.7966127413741,-32.0013683228944,210.43089025115788,210.43089025115788,142.72995041708535,76.8770131456508,17503.67521866426,253.52486979243358
extra_trees_min_samples_leaf_8,10,2025-10-26,298,net,144,1,4.040388171117023,3932568.9765858273,17891.639048866182,442819.80569999997,165.25588274505094,124.24749339490404,3.372435770067742,166.869960942365,161.44836325531534,4.186921086303313,80.9384584816258,80.9384584816258,149.4759166229015,11.373323023232404,27298.133458822787,354.2258893879835
extra_trees_min_samples_leaf_8,10,2025-10-27,299,load,144,1,1.7557971601840787,1675356.4561954984,12408.980299421004,706743.3859,107.8629678559373,86.17347430153475,3.908445323160325,110.17215058098502,123.25573446550501,-15.687174679052797,93.8026877558478,93.8026877558478,174.8745738851874,15.275944844133818,11619.143889846826,343.2144964423757
extra_trees_min_samples_leaf_8,10,2025-10-27,299,pv,144,1,7.723618479209105,16312219.9396408,25134.80910423377,325427.8959,336.569911216666,174.54728544606783,-59.73067536891986,306.55024299150904,185.4712708633837,-19.816750325864465,1433.5362088540767,1433.5362088540767,1312.9172451131337,3567.75358002729,109711.55155636714,349.31041433742894
extra_trees_min_samples_leaf_8,10,2025-10-27,299,net,144,1,6.899399183300095,18127465.63222581,32086.492523082063,465062.12600000005,354.80301295446765,222.82286474362544,63.63912069208019,323.6927756008725,183.9435720088557,4.12957564681167,1527.3388966099246,1527.3388966099246,1466.2543543455383,4049.937682461149,121835.24031910699,385.36000298917946
extra_trees_min_samples_leaf_8,10,2025-10-28,300,load,144,1,1.8867508999098528,1912686.7795052426,13303.195107212205,705084.8687999999,115.24993310148825,92.3832993556403,0.98458512349535,111.26742753282754,109.67272961934945,-4.408845052893664,23.6300429638884,23.6300429638884,111.90959150001716,0.9694078654083536,13281.577672032108,264.22117047550563
extra_trees_min_samples_leaf_8,10,2025-10-28,300,pv,144,1,4.570464215589579,5996450.447879204,14134.17606230261,309250.3386,204.06375719162168,98.15400043265701,68.64773135829405,209.26279509281795,222.19552173423804,72.77158729966,1647.5455525990574,1647.5455525990574,1223.6479138082404,4712.511020640509,36929.50597852063,171.7601916803054
extra_trees_min_samples_leaf_8,10,2025-10-28,300,net,144,1,4.725318500360432,7474075.81557798,21290.45595403007,450561.2892,227.82296696085555,147.85038856965326,-67.6631462347987,226.68843990137336,216.78886378112003,-77.18043235255365,1623.9155096351687,1623.9155096351687,1174.9986227594513,4578.301358391754,47325.00291645534,699.6604137668727
extra_trees_min_samples_leaf_12,10,2025-10-01,273,load,144,1,3.3023150307570233,7164405.050041248,23225.535893577588,703310.7283,223.05338564457765,161.2884437053999,97.05586412347887,259.7631723490225,337.541039753519,246.76570317323564,2329.3407389634926,2329.3407389634926,841.8409985644703,9419.840760755193,40332.972086753485,49.141013460453905
extra_trees_min_samples_leaf_12,10,2025-10-01,273,pv,144,1,14.798646052450371,79968166.33028066,59985.06855415137,405341.59910000005,745.2076813913869,416.5629760704956,-415.6621612350876,739.3853880511653,694.7656069807189,-405.838140765255,9975.891869642102,9975.891869642102,6947.823687972101,172775.03228262396,382559.45612210286,2444.2297073097957
extra_trees_min_samples_leaf_12,10,2025-10-01,273,net,144,1,16.83624841157146,83648630.49814367,77099.30616703289,457936.378,762.1635437018882,535.4118483821728,512.7180253585664,774.3138453408903,775.9729163679034,652.6038439384906,12305.232608605593,12305.232608605593,7548.040165961755,262879.77352758753,318013.4938206323,0.0
extra_trees_min_samples_leaf_12,10,2025-10-02,274,load,144,1,3.019518512893827,4762189.212415488,21238.999079338282,703390.2587,181.85367309887366,147.4930491620714,-14.05058113966414,197.2928081313015,236.07197593441043,93.55559421530921,337.21394735193934,337.21394735193934,1016.1953730220444,197.41883036228563,32873.339589189716,302.3944047028035
extra_trees_min_samples_leaf_12,10,2025-10-02,274,pv,144,1,12.471453365737776,48211790.79829089,49013.505140156594,393005.56,578.6225909571014,340.37156347330966,-338.82029940169684,565.7101362612947,468.8955295586267,-249.26479047830597,8131.687185640724,8131.687185640724,5304.880720413991,114799.1952866555,220004.90747925348,1512.6772137647185
extra_trees_min_samples_leaf_12,10,2025-10-02,274,net,144,1,13.03927200594278,46620973.35271969,58137.66817382624,445865.9053,568.9962736203873,403.7338067626822,324.76971826203265,563.763711048514,498.51636414862605,342.8203846936152,7794.473238288784,7794.473238288784,4541.1230801033635,105475.36990000006,218281.3894938866,36.37399565514958
extra_trees_min_samples_leaf_12,10,2025-10-03,275,load,144,1,4.096709446927267,3684043.769747809,17580.82976998549,429145.1468,159.94885835764924,122.08909562489923,23.7610031401372,171.64377658430354,186.72114463768312,94.09541275509835,570.2640753632928,570.2640753632928,376.89479994163054,564.5852702256097,25019.05201968973,157.6038786685955
extra_trees_min_samples_leaf_12,10,2025-10-03,275,pv,144,1,6.7658980777696005,16434993.74723483,25862.119326635162,382242.2246,337.83413241184513,179.59805087941083,-176.4408602103191,314.8286654231627,192.44923130951875,-107.19263069015625,4234.580645047658,4234.580645047658,2835.4240399110536,31131.377151757366,83000.52387070672,662.0051666287883
extra_trees_min_samples_leaf_12,10,2025-10-03,275,net,144,1,9.044501124046255,16781538.50169283,35391.242155966575,391301.208,341.37730126256395,245.7725149719901,200.2018633504563,332.25391460106664,250.39115627581418,201.28804344525457,4804.844720410952,4804.844720410952,2696.893156506372,40080.78608899478,76457.67572831655,53.528183337581744
extra_trees_min_samples_leaf_12,10,2025-10-04,276,load,144,1,4.641407055052305,4661327.4132352825,20161.5523184989,434384.48899999994,179.91756239616618,140.0107799895757,33.03811664969447,201.46571908216094,239.07457648549172,137.17238221598504,792.9147995926674,792.9147995926674,540.1565691307234,1091.5171517588192,31278.812106819525,194.20409052573874
extra_trees_min_samples_leaf_12,10,2025-10-04,276,pv,144,1,6.1342969294483565,10724288.533622142,21826.355680992558,355808.5944,272.8996627479256,151.5719144513372,141.16490426540895,271.9202877546527,186.3357062416937,92.49991760116755,3387.957702369815,3387.957702369815,2328.65378934036,19927.530196262072,54546.69573166946,47.22488892754311
extra_trees_min_samples_leaf_12,10,2025-10-04,276,net,144,1,9.962362318961178,16695961.72626673,37601.69067988735,377437.49399999995,340.5057689006606,261.12285194366217,-108.12678761571448,353.80721424395756,331.23077355510856,44.6724646148175,2595.0429027771474,2595.0429027771474,2519.192348889619,11691.402200093826,104252.77645453624,752.5846499205281
extra_trees_min_samples_leaf_12,10,2025-10-05,277,load,144,1,2.388899155540041,3232536.3162667803,16856.70610654713,705626.5253999999,149.82712992967512,117.06045907324398,45.78466245011076,159.1820706129879,195.2038092971007,75.40189662528857,1098.8318988026583,1098.8318988026583,363.3742528190644,2096.235315670582,20351.933547293167,240.02963763820966
extra_trees_min_samples_leaf_12,10,2025-10-05,277,pv,144,1,3.4518353500191745,3872048.8107490228,13020.694323237636,377210.759,163.97935190878079,90.42148835581692,-70.94303141404043,175.72239661484213,177.35934229762813,-70.73796062394338,1702.6327539369704,1702.6327539369704,1183.269348342535,5032.913706213528,21856.31414621024,531.5973890475681
extra_trees_min_samples_leaf_12,10,2025-10-05,277,net,144,1,5.708461465874918,7570669.647563162,25378.10746993089,444570.0058,229.29041579347398,176.23685743007562,116.72769386415115,243.08752402310736,243.60464768592473,146.13985724923197,2801.4646527396276,2801.4646527396276,1424.3377038388173,13625.35451484299,38948.740259901184,195.45781293455684
extra_trees_min_samples_leaf_12,10,2025-10-06,278,load,144,1,1.9015262659583543,1874836.2344726915,13450.955970752108,707376.8167999999,114.10388281179141,93.4094164635563,-12.051549179435078,117.54757426797217,133.11952539333214,41.02130386440169,289.23718030644187,289.23718030644187,321.7019676580251,145.2398376243423,12874.456235102683,202.20240813225655
extra_trees_min_samples_leaf_12,10,2025-10-06,278,pv,144,1,3.343437666204721,2983548.2889661454,12069.079811677431,360978.1613,143.94125655989902,83.81305424775994,59.630172306746495,144.09397834661115,128.50539501809104,59.22402050913067,1431.124135361916,1431.124135361916,873.8626292321702,3555.757449332277,17163.3278907104,69.39042210109083
extra_trees_min_samples_leaf_12,10,2025-10-06,278,net,144,1,4.587721861747969,4463491.314221417,20143.480220427853,439073.7021,176.0581365909311,139.88527930852675,-71.68172148618156,175.38679398996797,156.4257532491074,-18.202716644728955,1720.3613156683575,1720.3613156683575,1163.0244277429713,5138.269195222503,25858.19826464845,450.2822980644822
extra_trees_min_samples_leaf_12,10,2025-10-07,279,load,144,1,1.9239720956084652,2210472.9046760583,13547.516214592279,704143.0717999999,123.89716010656832,94.07997371244637,22.282659944204983,136.0219329048373,173.00718962618916,76.24143135248138,534.7838386609196,534.7838386609196,217.47843918509622,496.51693418907723,14853.989348283549,176.60231850542127
extra_trees_min_samples_leaf_12,10,2025-10-07,279,pv,144,1,3.7159764356212164,4267160.2602679515,13285.12461572699,357513.6938,172.14254954244137,92.25780983143744,71.58135272872244,181.12245614882835,213.3099045709889,112.03312085701573,1717.9524654893385,1717.9524654893385,1273.6247918760212,5123.890058473779,24509.167304498107,23.897923807309173
extra_trees_min_samples_leaf_12,10,2025-10-07,279,net,144,1,5.266121162258215,7010920.7687136335,23257.339250805755,441640.7928,220.65119483640592,161.50930035281775,-49.29869278451744,237.65010411978875,300.27991259008826,-35.79168950453435,1183.1686268284186,1183.1686268284186,1229.8389568535783,2430.361110262232,46256.588672471335,807.0799777970692
extra_trees_min_samples_leaf_12,10,2025-10-08,280,load,144,1,2.115358852371585,2338383.196620081,14899.453375882633,704346.3741,127.4314411703429,103.46842622140717,-49.403565921766564,139.7363635270302,174.5068296442468,-72.60238267065198,1185.6855821223976,1185.6855821223976,544.6192474911658,2440.7123257863345,13798.05987296423,659.5915505168273
extra_trees_min_samples_leaf_12,10,2025-10-08,280,pv,144,1,4.764053407553317,7983729.736081395,17411.44325223317,365475.4001,235.46245478138624,120.91280036273035,52.37468511232133,214.68225742084502,165.5272898880933,-12.146822891770151,1256.992442695712,1256.992442695712,1028.3385014624032,2743.1076406148136,52699.45997106153,296.9458906210105
extra_trees_min_samples_leaf_12,10,2025-10-08,280,net,144,1,6.440270192895797,10600387.10200679,28365.08781584524,440433.1956,271.31863061627666,196.97977649892528,-101.7782510340879,262.8777372526699,251.00574911529574,-60.455559778881835,2442.67802481811,2442.67802481811,1510.8493502972428,10358.812383557815,63254.98693593377,800.1179449173143
extra_trees_min_samples_leaf_12,10,2025-10-09,281,load,144,1,2.017270969230583,2147947.9599024137,14213.649661140387,704597.9384000001,122.1323269126569,98.70590042458602,-28.908492028584444,134.2530244545164,171.01892886727126,-110.03572071133544,693.8038086860266,693.8038086860266,254.274944096425,835.7009113667303,14080.604365733361,751.0311412494406
extra_trees_min_samples_leaf_12,10,2025-10-09,281,pv,144,1,4.603571211241796,6234039.898805257,17034.965062179814,370038.0483,208.06716161303103,118.29836848735982,-0.6829161893497352,208.14691288150092,170.52164489281725,-25.458970118212125,16.389988544393645,16.389988544393645,230.33516581262265,0.4663745216759634,43291.4773671815,360.23198527937274
extra_trees_min_samples_leaf_12,10,2025-10-09,281,net,144,1,5.782247411223196,8451218.186438058,26159.844984665717,452416.5627,242.2581581363105,181.6655901712897,-28.225575839234708,247.2544682209206,208.69966417744615,-84.57675059312326,677.413820141633,677.413820141633,368.3710859797596,796.68313145639,57892.332052141224,802.225257167409
extra_trees_min_samples_leaf_12,10,2025-10-10,282,load,144,1,2.9638870229160466,1991158.5607476705,12870.062336481971,434229.1807,117.59034826545994,89.3754328922359,-19.939378255002396,118.04071214426514,104.76353639423876,-18.523934307284296,478.5450781200575,478.5450781200575,164.16959114234695,397.5788051960624,13429.911199996095,318.0925852018966
extra_trees_min_samples_leaf_12,10,2025-10-10,282,pv,144,1,5.864114879732158,16181135.595318243,22176.177529156572,378167.5152,335.2148522809066,154.0012328413651,-118.26251162413239,306.4791297772221,190.4200654930988,-34.398994863944026,2838.300278979177,2838.300278979177,1957.0734618647414,13986.021655648048,98382.97553406196,362.70510004777833
extra_trees_min_samples_leaf_12,10,2025-10-10,282,net,144,1,7.800395702551025,18031085.029668573,31509.420878974583,403946.44169999997,353.858542728005,218.81542277065682,98.32313336913,328.4264846561119,243.76205035062736,15.875060556659744,2359.75520085912,2359.75520085912,1831.5354204153305,9667.438555523726,115548.42970606356,448.49247990710023
extra_trees_min_samples_leaf_12,10,2025-10-11,283,load,144,1,3.7458176452453804,2795814.463686948,16134.951751784347,430745.7885,139.33907642886203,112.04827605405796,0.0718369318619807,146.36204167227564,169.03849107721496,-78.37773551653207,1.7240863646875368,1.7240863646875368,281.767095363322,0.005160544779342858,19415.37305950347,660.9281219480129
extra_trees_min_samples_leaf_12,10,2025-10-11,283,pv,144,1,6.4452173522572584,12482078.851674434,22307.406879498412,346107.907,294.4165469817008,154.91254777429452,150.94208577953725,274.31992095895316,276.9663279540779,166.16710962283574,3622.6100587088936,3622.6100587088936,2511.903059479198,22783.513259477182,63897.58987715085,1.925603549623516
extra_trees_min_samples_leaf_12,10,2025-10-11,283,net,144,1,8.502753229404345,15337747.947037974,31942.240722457176,375669.3845,326.3619746862325,221.82111612817482,-150.87024884767527,309.450544605214,341.2284027373533,-244.5448451393678,3620.885972344207,3620.885972344207,2329.8596545993673,22761.831987359463,83750.30653373759,1516.2689608432847
extra_trees_min_samples_leaf_12,10,2025-10-12,284,load,144,1,2.231167159806746,2705881.596803081,15757.758743455739,706256.3051,137.07970098538885,109.42888016288708,-16.472147977794364,138.2405718011812,151.24040442126204,-101.50610881850153,395.3315514670648,395.3315514670648,431.74522282543313,271.33165900235497,18519.512763241266,669.4405840200542
extra_trees_min_samples_leaf_12,10,2025-10-12,284,pv,144,1,4.682908636903541,7392243.630944008,16632.125944460793,355166.5692,226.57233991572966,115.50087461431106,62.85312351834644,228.35792421662703,175.12462219060373,38.39840583624027,1508.4749644403146,1508.4749644403146,976.7443926542336,3950.5151360125146,47384.510078876425,169.21978270937862
extra_trees_min_samples_leaf_12,10,2025-10-12,284,net,144,1,6.783060983616635,10724077.30016134,29646.056217914716,437060.1457,272.89697511863005,205.87539040218553,-79.32527149614083,274.481261554686,241.05941433933654,-139.9045146547418,1903.8065159073797,1903.8065159073797,952.0863519348193,6292.498697936453,68180.26033096174,993.7789588648205
extra_trees_min_samples_leaf_12,10,2025-10-13,285,load,144,1,1.838311475178838,1808677.1580387522,12979.70191470523,706066.523,112.07255704201532,90.13681885211966,-7.16971771776576,117.07961434726458,132.52057365089027,-49.63432693670481,172.07322522637824,172.07322522637824,147.6558885807124,51.404852152444256,12508.853189783335,451.4507142941796
extra_trees_min_samples_leaf_12,10,2025-10-13,285,pv,144,1,3.7718250630260988,5741956.003225923,13725.752543852726,363902.15119999996,199.6864904465164,95.31772599897727,-12.668390248195541,173.49557222619103,93.54263919254342,42.209327927594956,304.04136595669297,304.04136595669297,393.5411718997069,160.4881114805759,39714.20635536611,18.583331066297855
extra_trees_min_samples_leaf_12,10,2025-10-13,285,net,144,1,4.974095290091147,7305435.060623143,22359.637558414797,449521.69700000004,225.23806943097796,155.27526082232498,5.498672530429783,207.4523500918986,155.67627558284423,-91.84365486429975,131.9681407303148,131.9681407303148,473.57699271125546,30.235399596903072,50701.952521397136,642.8247830718913
extra_trees_min_samples_leaf_12,10,2025-10-14,286,load,144,1,1.9647043535786892,2104344.000559919,13913.906072345557,708193.3751000001,120.88631024184801,96.62434772462193,-48.26784256351515,127.62074472091963,151.6415746174523,-81.10828354405659,1158.4282215243636,1158.4282215243636,488.8142148342069,2329.784625736285,12283.715378152045,630.3846498331703
extra_trees_min_samples_leaf_12,10,2025-10-14,286,pv,144,1,5.321984767005693,6422746.736287129,18283.699923055217,343550.3994,211.19282158937798,126.97013835455012,115.56823821613008,226.1532632766216,209.8928349338886,107.77312712058279,2773.6377171871222,2773.6377171871222,1832.26056179313,13356.01768438019,31246.39020650265,26.70681225138824
extra_trees_min_samples_leaf_12,10,2025-10-14,286,net,144,1,6.655796546418886,10171981.13702569,30044.933486439302,451410.0345,265.7795287376583,208.64537143360627,-163.83608077964521,281.26152637598574,267.4014461356363,-188.8814106646394,3932.065938711485,3932.065938711485,2294.0095702551625,26842.261365234433,43796.49653077731,1241.559903893099
extra_trees_min_samples_leaf_12,10,2025-10-15,287,load,144,1,1.9149868458148613,1955288.830484007,13482.558427407,704054.8846,116.52636893055124,93.62887796810418,10.328259096734103,117.24055933676055,109.55799182946271,0.13246844109913683,247.87821832161845,247.87821832161845,243.9132071203386,106.67293596927074,13471.721720169668,257.64335361608727
extra_trees_min_samples_leaf_12,10,2025-10-15,287,pv,144,1,7.312243338755167,14870102.629504973,24315.749572127384,332534.7427,321.34810034257947,168.8593720286624,167.5139450288895,329.2606018609078,322.1415133697716,160.13074142952016,4020.334680693348,4020.334680693348,2642.400732179559,28060.921779141816,75203.6798146427,0.18031666666666668
extra_trees_min_samples_leaf_12,10,2025-10-15,287,net,144,1,6.68533965421438,15149474.24262198,29091.511239611664,435153.82529999997,324.35271270706284,202.02438360841433,-157.18568593215542,330.65671122728855,311.12026107113974,-159.99827298842104,3772.45646237173,3772.45646237173,2423.9925243046973,24707.339861962202,80497.34237846822,1024.6300195069914
extra_trees_min_samples_leaf_12,10,2025-10-16,288,load,144,1,1.7246366162903415,1689360.0578986695,12182.827159217746,706399.658,108.31282042648857,84.60296638345658,-39.567185564295556,105.59810316967119,101.10944763458139,-53.72734770985315,949.6124535430932,949.6124535430932,551.1505625128874,1565.5621734793986,10166.10489526136,398.1024236432698
extra_trees_min_samples_leaf_12,10,2025-10-16,288,pv,144,1,7.538199583453368,15176686.140809247,24770.58566707895,328600.8203,324.6438875993506,172.0179560213816,152.7696259922306,340.7441494857292,368.3191957952718,186.4159128605951,3666.4710238135344,3666.4710238135344,2277.998687496893,23338.55862580602,82055.09512981377,43.89905024837006
extra_trees_min_samples_leaf_12,10,2025-10-16,288,net,144,1,7.287517824748567,17676022.513909742,33140.39494992867,454755.59369999997,350.3571839517429,230.14163159672685,-192.33681155652616,364.91516323051496,383.3611671273257,-240.14326057044823,4616.083477356628,4616.083477356628,2790.4290857096153,36993.44907973066,85756.70726686476,1525.3414880544885
extra_trees_min_samples_leaf_12,10,2025-10-17,289,load,144,1,3.215817509296846,1889313.1796713,13881.366834423436,431659.0352,114.54357430420978,96.39838079460719,36.34380587784824,116.90239550118676,124.30767224711745,29.975327965626647,872.2513410683578,872.2513410683578,645.7105271908937,1320.8722256867163,11799.358188697312,227.37964849167898
extra_trees_min_samples_leaf_12,10,2025-10-17,289,pv,144,1,4.014052974907181,4921530.864696526,13472.520111216838,335633.8393,184.87102983297208,93.55916743900582,27.98760800942362,181.2216593288052,190.46410229800708,-44.72516833267201,671.7025922261669,671.7025922261669,511.7379415557808,783.3062020891532,33393.991469414505,447.01452563375824
extra_trees_min_samples_leaf_12,10,2025-10-17,289,net,144,1,6.655203847285229,7870396.9531311635,24390.70319961859,366490.70050000004,233.7852313486551,169.37988333068466,8.356197868424614,234.09157955071856,249.8542626489464,74.70049629829867,200.54874884219075,200.54874884219075,435.5030837253972,69.82604281626406,54585.708353927934,354.58597152439796
extra_trees_min_samples_leaf_12,10,2025-10-18,290,load,144,1,3.0906114427066083,2003010.4270199845,13287.781286878873,429940.2087,117.93979240308686,92.27625893665885,-15.934831305932935,116.68489354885723,99.80566226940185,-11.220998978859674,382.4359513423904,382.4359513423904,185.08914702046005,253.9188487485403,13655.875783334684,252.97875681054902
extra_trees_min_samples_leaf_12,10,2025-10-18,290,pv,144,1,3.226589558322045,2766761.4952022103,10760.05180288518,333480.64910000004,138.61320822511755,74.72258196448041,-0.5508270121374734,145.49941445935994,193.10540036214965,-70.11840554386032,13.219848291299362,13.219848291299362,293.39340898182775,0.3034103973002963,19213.318084062495,543.6767393627748
extra_trees_min_samples_leaf_12,10,2025-10-18,290,net,144,1,5.678612379240573,5519816.240925964,20965.18195717482,369195.5104,195.78574317005956,145.59154136926958,-15.38400429379549,203.00439036858359,242.79221702086522,58.89740656500063,369.21610305109175,369.21610305109175,304.3023178710142,236.66758811151809,38095.38964054101,349.36698471412797
extra_trees_min_samples_leaf_12,10,2025-10-19,291,load,144,1,2.1547375005826974,2330363.0295059094,15254.409928643903,707947.4843,127.21272182368806,105.93340228224933,-40.108411279104494,134.77409286853822,147.9042236014326,-84.3966651480587,962.6018706985078,962.6018706985078,418.7725513239738,1608.6846553337966,14574.39193845724,638.1407305758879
extra_trees_min_samples_leaf_12,10,2025-10-19,291,pv,144,1,6.114821257223866,8235020.074265871,19850.73680916205,324633.1491,239.13937234304206,137.85233895251423,85.18309980427944,244.57981855361484,231.55005363496588,141.4204778883399,2044.3943953027065,2044.3943953027065,1279.7988484005125,7256.160492265832,49931.47891235827,0.5722833333333334
extra_trees_min_samples_leaf_12,10,2025-10-19,291,net,144,1,6.739125530259936,11894155.845155872,30712.475804082485,455733.84359999996,287.3992075149984,213.28108197279505,-125.29151108338394,296.3936786872429,284.92030444639,-225.81714303639862,3006.9962660012147,3006.9962660012147,1663.7804446714756,15697.96274955772,66900.34173069139,1387.8920866418296
extra_trees_min_samples_leaf_12,10,2025-10-20,292,load,144,1,1.7864184573070603,1732899.5522562023,12637.479876846945,707419.9119,109.69970222587594,87.76027692254823,16.4809247592747,111.10404771728577,122.31608229307786,12.041039571943973,395.5421942225928,395.5421942225928,497.828687899869,271.62088092087384,11762.403787524976,264.499052079788
extra_trees_min_samples_leaf_12,10,2025-10-20,292,pv,144,1,6.788514230448095,12794048.450217932,21775.87130131536,320775.21770000004,298.07307607710726,151.22132848135666,82.43454382914416,332.34913769245037,420.39254053303296,172.4720513570271,1978.4290518994596,1978.4290518994596,1693.4105119618682,6795.4540163190895,82052.10466574988,240.0028060595159
extra_trees_min_samples_leaf_12,10,2025-10-20,292,net,144,1,6.416598803937119,13421610.197531573,28707.078144782583,447387.7676,305.29596520712005,199.35470933876795,-65.95361906986946,333.09949677074087,403.69317728581655,-160.43101178508314,1582.886857676867,1582.886857676867,1233.6417733648052,4349.879868413449,88855.74650333359,1330.7473564271666
extra_trees_min_samples_leaf_12,10,2025-10-21,293,load,144,1,1.6030641257954645,1418892.8400941873,11330.538899605846,706805.0939,99.26440701809526,78.68429791392948,-4.646257071123781,94.63412559211159,86.68632154714282,-12.738203961960709,111.51016970697076,111.51016970697076,86.63863203878363,21.587704770967736,9831.83479588311,247.00249569409107
extra_trees_min_samples_leaf_12,10,2025-10-21,293,pv,144,1,6.648934899264522,9865303.591637306,20480.687960103136,308029.6058,261.74234032671046,142.22699972293844,124.41354780506471,245.2943350430358,217.43685489883424,115.17550984903983,2985.925147321553,2985.925147321553,2107.3518555592923,15478.730877443122,53030.3218422604,1.2275166666666666
extra_trees_min_samples_leaf_12,10,2025-10-21,293,net,144,1,6.166569206083081,10892355.313084118,27024.29268017283,438238.6993,275.02973719374774,187.6686991678669,-129.05980487618848,260.81889318537253,248.57223358527708,-127.91371381100059,3097.4353170285235,3097.4353170285235,2071.700298691523,16656.433234679844,58984.92310618208,877.3919660199161
extra_trees_min_samples_leaf_12,10,2025-10-22,294,load,144,1,1.8954122312368182,1911879.4682061658,13382.215352952851,706031.9192,115.2256080540767,92.93205106217258,-30.313389697945897,120.68359697060856,136.81070065329607,-68.91485011694552,727.5213527507016,727.5213527507016,313.4033233678585,918.9015949795324,12358.039156452174,536.4690575001331
extra_trees_min_samples_leaf_12,10,2025-10-22,294,pv,144,1,5.393953097008225,7916000.3613802865,16867.028286813853,312702.539,234.46156344229973,117.13214088065176,15.631117796253433,258.7788354773735,314.0986807676855,77.46334331106769,375.14682711008237,375.14682711008237,596.1898201274817,244.33184356035076,54727.89288824719,324.03439169060346
extra_trees_min_samples_leaf_12,10,2025-10-22,294,net,144,1,6.195245678891719,11037999.561688248,27872.493003473162,449901.33479999995,276.8623750782077,193.55897919078586,-45.94450749419932,303.4860721270393,367.1354813595773,-146.3781934280132,1102.6681798607838,1102.6681798607838,788.5734917038857,2110.8977688845375,74541.87696506165,1283.2748308055886
extra_trees_min_samples_leaf_12,10,2025-10-23,295,load,144,1,2.032159760925762,2424112.867249816,14291.61248579856,703272.0930999999,129.74635691871768,99.24730892915666,-3.546301793410199,127.18625919964168,112.74898720185455,12.053885943831297,85.11124304184477,85.11124304184477,218.18790280101618,12.576256409944394,16821.540877269334,254.8300743233749
extra_trees_min_samples_leaf_12,10,2025-10-23,295,pv,144,1,4.501482417360181,8318553.492513348,14539.568126096521,322995.1109,240.34918886257606,100.96922309789251,-58.935404433870886,252.49267355315925,203.5071468066984,-30.08387092200216,1414.4497064129012,1414.4497064129012,1059.5395229239355,3473.381895783928,54294.350691114334,341.6274755668128
extra_trees_min_samples_leaf_12,10,2025-10-23,295,net,144,1,5.657743232468702,12191450.124179438,25439.223452516162,449635.5244,290.96880947032696,176.6612739758067,55.38910264046066,300.9426857518414,238.85485034101438,42.13775686583344,1329.338463371056,1329.338463371056,1230.3071909012544,3067.9526913154864,81594.89539326394,327.48118651448385
extra_trees_min_samples_leaf_12,10,2025-10-24,296,load,144,1,3.198727741734762,1966455.4744235566,13844.513057819724,432813.1112,116.85863594363933,96.14245179041475,13.09222939505453,117.64595383615813,112.44182660058311,9.2266754569793,314.2135054813087,314.2135054813087,260.9998885708605,171.40647053272988,13484.534324075303,270.43722615124085
extra_trees_min_samples_leaf_12,10,2025-10-24,296,pv,144,1,3.6793376035554854,3282406.111715256,11858.240437826167,322292.80689999997,150.97843186002262,82.34889192934838,-20.48914874142168,147.72833762120396,120.56406073697228,-36.96227772622448,491.7395697941203,491.7395697941203,484.721047588587,419.8052161481016,22374.681670763395,308.6801367535465
extra_trees_min_samples_leaf_12,10,2025-10-24,296,net,144,1,6.018566200299965,6032314.863567471,22249.959812589186,369688.7111,204.67309408283438,154.51360980964714,33.58137813647619,204.34236636815695,171.6006996409065,46.18895318320378,805.9530752754285,805.9530752754285,719.2597351417712,1127.708957545001,40763.36648389577,233.653033203027
extra_trees_min_samples_leaf_12,10,2025-10-25,297,load,144,1,3.3162170560841573,2165312.6620649826,14334.571141034281,432256.722,122.62501166793983,99.54563292384917,-12.240304873878422,122.47560448425486,114.13831438887586,-39.93977031798366,293.76731697308213,293.76731697308213,121.92862775239433,149.82506340549185,14887.068423156885,408.8560752680966
extra_trees_min_samples_leaf_12,10,2025-10-25,297,pv,144,1,3.9668659771197072,4494691.082891909,12529.985869672604,315866.1256,176.67238754282658,87.01379076161531,37.143544214855325,191.29365719514206,226.04168514988746,36.56596603865587,891.4450611565277,891.4450611565277,570.7047436653125,1379.6428768409125,29833.489643241795,249.7088261395268
extra_trees_min_samples_leaf_12,10,2025-10-25,297,net,144,1,6.007750288442599,6363502.053432869,21553.447794107225,358760.7134,210.21652285720242,149.6767207924113,-49.38384908873374,216.72117738964963,226.19692487391612,-76.50573635663953,1185.2123781296098,1185.2123781296098,668.7060948380937,2438.7645508188284,41752.221931353866,676.8543696497242
extra_trees_min_samples_leaf_12,10,2025-10-26,298,load,144,1,1.7838148676292533,1810396.5658158653,12567.583418604714,704534.0661,112.12581493002085,87.27488485142163,-5.491600255036445,115.83919309526173,137.23787599882556,-29.732492155910855,131.7984061208747,131.7984061208747,90.13156136468355,30.157673361116352,12542.04070036017,414.0196319691839
extra_trees_min_samples_leaf_12,10,2025-10-26,298,pv,144,1,2.6897753140895895,2547587.3390716547,8533.801561669869,317268.194,133.0096941713391,59.26251084492964,-9.46522487982214,136.21818223359415,129.4539472771521,-31.569823985121236,227.16539711573137,227.16539711573137,150.46826024589038,89.59048202560403,17601.988261527553,254.9030900658829
extra_trees_min_samples_leaf_12,10,2025-10-26,298,net,144,1,4.072995098685148,4028183.8518275996,18036.028982168093,442819.80569999997,167.2527995909934,125.2502012650562,3.9736246247856917,169.23651026108848,165.83657400687267,1.8373318292103704,95.36699099485661,95.36699099485661,157.79906495301395,15.78969265870323,27957.709278366296,367.2533166487248
extra_trees_min_samples_leaf_12,10,2025-10-27,299,load,144,1,1.7588211696930167,1672601.754183288,12430.35228661441,706743.3859,107.77425462329195,86.32189087926673,4.0443665035064855,109.93896791792714,123.24114728410503,-16.8735045620749,97.06479608415566,97.06479608415566,172.3051746869783,16.356900414685274,11598.93305919148,346.85926015608237
extra_trees_min_samples_leaf_12,10,2025-10-27,299,pv,144,1,7.757405178291911,16550724.51489484,25244.76044815301,325427.8959,339.0215139323638,175.31083644550702,-61.057691864330586,308.5329680030204,187.25260156463136,-20.654325240413712,1465.384604743934,1465.384604743934,1333.988771787569,3728.0417357995416,111207.5451731924,353.2734338417281
extra_trees_min_samples_leaf_12,10,2025-10-27,299,net,144,1,6.9196134041091035,18330902.885079075,32180.501208130772,465062.12600000005,356.78836402262056,223.47570283424147,65.10205836783707,325.1272240840004,183.86335218008668,3.780820678338816,1562.44940082809,1562.44940082809,1484.677366387715,4238.278003729265,123059.65869820873,382.9085748704629
extra_trees_min_samples_leaf_12,10,2025-10-28,300,load,144,1,1.8958116815890846,1932865.7733843904,13367.08130782747,705084.8687999999,115.856285896951,92.82695352657964,0.2928663547252231,111.72051164644574,109.83058804819974,-7.443128725512679,7.028792513405354,7.028792513405354,111.06006364889117,0.0857707017300402,13422.593211134314,274.827798476939
extra_trees_min_samples_leaf_12,10,2025-10-28,300,pv,144,1,4.5362475041571955,5973967.239761732,14028.360766340178,309250.3386,203.68083760986568,97.41917198847347,68.08102075235189,209.15123858025228,222.89718071111218,72.83603218260212,1633.9444980564451,1633.9444980564451,1212.8833209045165,4635.025386682169,36850.85822277431,171.90958015470417
extra_trees_min_samples_leaf_12,10,2025-10-28,300,net,144,1,4.74444849819408,7507900.459721038,21376.648318893283,450561.2892,228.33790232230754,148.44894665898113,-67.78815439762667,227.39533433616407,218.08391020787397,-80.27916090811479,1626.9157055430398,1626.9157055430398,1170.804892025054,4595.233876636472,47542.96376031518,711.711730609993
