date,period,start_slot,end_slot_exclusive,emergency_kwh
2025-02-01,无,,,0.0
2025-02-02,02:50-03:00,17.0,18.0,13.343349941686029
2025-02-03,01:50-02:30,11.0,15.0,72.9241056141866
2025-02-03,07:10-07:40,43.0,46.0,65.89452440056152
2025-02-03,09:00-09:40,54.0,58.0,388.4944654965618
2025-02-03,11:30-11:40,69.0,70.0,48.033557978108824
2025-02-03,12:20-14:10,74.0,85.0,582.7798258255187
2025-02-03,14:30-14:50,87.0,89.0,32.06513391717408
2025-02-03,16:10-17:20,97.0,104.0,122.97748585679119
2025-02-03,18:10-18:40,109.0,112.0,42.85240186092153
2025-02-03,20:20-20:40,122.0,124.0,25.641398760140078
2025-02-03,22:30-23:10,135.0,139.0,58.233659563111814
2025-02-03,23:40-24:00,142.0,144.0,60.319316765878966
2025-02-04,07:20-09:00,44.0,54.0,710.1828689664231
2025-02-04,11:00-11:10,66.0,67.0,0.7373439745810799
2025-02-04,14:00-15:20,84.0,92.0,342.1438785350323
2025-02-04,16:00-16:20,96.0,98.0,4.947252362984273
2025-02-04,17:50-18:00,107.0,108.0,1.8589055140434994
2025-02-04,18:20-18:40,110.0,112.0,18.001725735614855
2025-02-04,20:40-20:50,124.0,125.0,2.7004346802265218
2025-02-04,22:00-22:30,132.0,135.0,165.73104281815188
2025-02-05,01:00-01:10,6.0,7.0,2.1523887150691507
2025-02-05,01:40-01:50,10.0,11.0,1.3466415667137426
2025-02-05,02:20-02:30,14.0,15.0,12.29612191739659
2025-02-05,07:10-07:30,43.0,45.0,90.51976017741583
2025-02-05,07:40-08:00,46.0,48.0,20.799521927548767
2025-02-05,08:10-08:30,49.0,51.0,20.420237517917258
2025-02-05,11:30-12:20,69.0,74.0,107.4234034704111
2025-02-05,16:30-16:50,99.0,101.0,6.155089577086301
2025-02-05,17:20-17:40,104.0,106.0,51.9452784806133
2025-02-05,18:00-18:20,108.0,110.0,50.6641351039151
2025-02-05,18:30-19:10,111.0,115.0,71.48237191363307
2025-02-05,19:40-20:30,118.0,123.0,77.412816110211
2025-02-05,21:00-21:20,126.0,128.0,6.297949228658354
2025-02-05,22:20-22:40,134.0,136.0,16.876495408823075
2025-02-05,22:50-23:00,137.0,138.0,1.721910517424817
2025-02-05,23:10-23:40,139.0,142.0,34.9874367875766
2025-02-06,00:50-01:00,5.0,6.0,9.532025951001572
2025-02-06,02:40-02:50,16.0,17.0,7.5311516835504335
2025-02-06,07:20-07:30,44.0,45.0,38.896334140858244
2025-02-06,07:50-08:10,47.0,49.0,170.95375505904713
2025-02-06,13:30-13:50,81.0,83.0,110.86108033441215
2025-02-06,14:00-14:20,84.0,86.0,50.52306593283899
2025-02-06,15:00-15:20,90.0,92.0,29.281079620698847
2025-02-06,15:50-16:10,95.0,97.0,45.7613299726346
2025-02-06,16:20-16:40,98.0,100.0,20.731612531380165
2025-02-06,18:50-19:10,113.0,115.0,9.87325801478869
2025-02-06,21:00-21:20,126.0,128.0,42.98920022192897
2025-02-06,22:00-23:10,132.0,139.0,139.89514395381832
2025-02-06,23:30-23:50,141.0,143.0,44.53183119779317
2025-02-07,01:20-01:30,8.0,9.0,14.719761759841447
2025-02-07,02:00-02:30,12.0,15.0,59.06853063647384
2025-02-07,03:20-03:40,20.0,22.0,56.25203275798731
2025-02-07,04:40-05:00,28.0,30.0,25.974599106022936
2025-02-07,08:30-09:30,51.0,57.0,314.8621446302579
2025-02-07,15:40-15:50,94.0,95.0,10.118908876475047
2025-02-07,18:30-18:50,111.0,113.0,75.0138599173145
2025-02-07,19:10-19:20,115.0,116.0,6.618666106858598
2025-02-07,20:50-21:10,125.0,127.0,39.89470396189893
2025-02-07,21:40-21:50,130.0,131.0,11.06548625183541
2025-02-07,22:10-24:00,133.0,144.0,237.41677072638214
2025-02-08,00:20-01:10,2.0,7.0,79.89538322899188
2025-02-08,01:50-02:10,11.0,13.0,59.61503176583204
2025-02-08,02:50-03:10,17.0,19.0,19.30736691699707
2025-02-08,03:50-04:40,23.0,28.0,34.441445936216326
2025-02-08,04:50-05:30,29.0,33.0,79.45575163491446
2025-02-08,05:40-06:00,34.0,36.0,14.74004895229558
2025-02-08,06:20-06:30,38.0,39.0,26.674214214480855
2025-02-08,07:00-07:40,42.0,46.0,168.9180618373498
2025-02-08,16:00-16:20,96.0,98.0,16.26783956967455
2025-02-08,17:20-17:30,104.0,105.0,2.8697122730733895
2025-02-08,18:40-19:10,112.0,115.0,37.7053517190235
2025-02-08,20:30-20:50,123.0,125.0,33.7773142983076
2025-02-08,22:00-22:30,132.0,135.0,41.347436354178456
2025-02-08,23:10-23:40,139.0,142.0,56.9755983785617
2025-02-09,00:30-01:00,3.0,6.0,45.253173272852905
2025-02-09,01:20-01:40,8.0,10.0,52.18059468526849
2025-02-09,02:00-02:20,12.0,14.0,35.62821113708128
2025-02-09,07:10-08:00,43.0,48.0,284.6907336500077
2025-02-09,09:50-12:00,59.0,72.0,1040.1993162288657
2025-02-09,12:50-13:10,77.0,79.0,98.80284216854385
2025-02-09,15:10-15:20,91.0,92.0,20.99379848711027
2025-02-09,17:00-17:20,102.0,104.0,9.466876497566659
2025-02-09,17:50-18:20,107.0,110.0,27.744642561224964
2025-02-09,19:00-19:10,114.0,115.0,7.115236623237365
2025-02-09,19:20-19:40,116.0,118.0,9.366737815858187
2025-02-09,20:50-21:00,125.0,126.0,14.049638090549138
2025-02-09,21:20-21:30,128.0,129.0,5.894583064755693
2025-02-09,22:00-22:20,132.0,134.0,26.796845508781075
2025-02-09,22:50-24:00,137.0,144.0,198.82106101489876
2025-02-10,01:00-01:20,6.0,8.0,32.682444775825275
2025-02-10,02:40-03:00,16.0,18.0,9.665203731156566
2025-02-10,07:20-08:20,44.0,50.0,215.46560227188024
2025-02-10,15:20-15:40,92.0,94.0,43.32283314286582
2025-02-10,18:40-19:00,112.0,114.0,58.85770477219728
2025-02-10,20:40-21:00,124.0,126.0,20.507446340485785
2025-02-10,21:10-22:00,127.0,132.0,73.30348508249801
2025-02-10,22:50-24:00,137.0,144.0,233.13542897416528
2025-02-11,07:10-08:20,43.0,50.0,409.4315099363322
2025-02-11,10:10-10:20,61.0,62.0,8.357010605769432
2025-02-11,17:10-17:30,103.0,105.0,14.080860735442002
2025-02-11,18:30-18:40,111.0,112.0,1.7125972743564262
2025-02-11,19:30-19:50,117.0,119.0,35.684776837375125
2025-02-11,20:10-20:30,121.0,123.0,52.553785091933946
2025-02-11,20:50-21:00,125.0,126.0,26.381200390700087
2025-02-11,21:20-21:40,128.0,130.0,43.97232362625232
2025-02-11,22:50-23:50,137.0,143.0,114.47327689009614
2025-02-12,07:10-07:50,43.0,47.0,107.66660717553123
2025-02-12,13:10-13:40,79.0,82.0,82.02653736734231
2025-02-12,14:00-14:20,84.0,86.0,32.35210370407816
2025-02-12,14:30-14:50,87.0,89.0,84.56379097935769
2025-02-12,15:30-15:50,93.0,95.0,147.42397554765893
2025-02-12,16:00-16:20,96.0,98.0,31.82867840334268
2025-02-12,17:10-17:20,103.0,104.0,0.9805406200566722
2025-02-12,18:10-18:30,109.0,111.0,17.12044554945828
2025-02-12,19:10-19:20,115.0,116.0,10.083293233424001
2025-02-12,19:50-20:00,119.0,120.0,5.378300752421978
2025-02-12,21:20-21:50,128.0,131.0,66.77054381850985
2025-02-12,22:40-23:40,136.0,142.0,96.63619349358873
2025-02-13,01:10-01:20,7.0,8.0,15.92660284849228
2025-02-13,01:40-02:20,10.0,14.0,29.698250318233136
2025-02-13,07:10-08:00,43.0,48.0,209.1261882511377
2025-02-13,18:30-18:40,111.0,112.0,11.295489491586977
2025-02-13,19:10-19:50,115.0,119.0,111.89797109101755
2025-02-13,20:20-20:30,122.0,123.0,1.2340321885416188
2025-02-13,20:50-21:00,125.0,126.0,17.4940296860417
2025-02-13,21:20-21:50,128.0,131.0,70.81623649378264
2025-02-13,22:30-22:50,135.0,137.0,54.54488859410219
2025-02-13,23:10-23:40,139.0,142.0,75.7451171891953
2025-02-13,23:50-24:00,143.0,144.0,8.411820269531518
2025-02-14,01:00-01:10,6.0,7.0,4.116535452162964
2025-02-14,02:30-03:20,15.0,20.0,87.00653626289807
2025-02-14,05:30-06:20,33.0,38.0,143.0700906532951
2025-02-14,06:50-07:00,41.0,42.0,19.760068659279455
2025-02-14,07:20-07:50,44.0,47.0,90.9753551194953
2025-02-14,08:20-08:30,50.0,51.0,8.260093294772737
2025-02-14,15:50-16:20,95.0,98.0,120.68543997720462
2025-02-14,17:00-17:50,102.0,107.0,123.6687184766489
2025-02-14,18:10-18:20,109.0,110.0,8.813357890034013
2025-02-14,21:10-21:40,127.0,130.0,29.803834700067284
2025-02-14,22:00-22:10,132.0,133.0,20.107234983201806
2025-02-14,22:30-22:50,135.0,137.0,35.982414478285364
2025-02-14,23:00-24:00,138.0,144.0,100.34355134994775
2025-02-15,00:40-01:00,4.0,6.0,11.250247041283956
2025-02-15,01:20-01:30,8.0,9.0,6.023191848122622
2025-02-15,02:00-02:50,12.0,17.0,101.14605934350965
2025-02-15,03:30-03:50,21.0,23.0,13.1359210493452
2025-02-15,05:20-05:30,32.0,33.0,6.054554689969336
2025-02-15,05:50-06:20,35.0,38.0,82.94511511178797
2025-02-15,06:30-07:00,39.0,42.0,59.81291435950607
2025-02-15,19:30-19:50,117.0,119.0,47.39687490440838
2025-02-15,20:50-21:50,125.0,131.0,198.78490478978193
2025-02-15,22:20-24:00,134.0,144.0,315.1614723525793
2025-02-16,04:10-07:20,25.0,44.0,1007.8461071041534
2025-02-16,07:30-09:00,45.0,54.0,405.7712012263399
2025-02-16,09:20-11:50,56.0,71.0,1010.8736014235282
2025-02-16,13:00-13:20,78.0,80.0,13.881400000000061
2025-02-16,13:30-14:00,81.0,84.0,143.12690024736204
2025-02-16,14:50-15:00,89.0,90.0,31.934335529715042
2025-02-16,16:10-17:20,97.0,104.0,482.81353031502556
2025-02-16,17:30-17:50,105.0,107.0,76.88128851067188
2025-02-16,18:20-18:30,110.0,111.0,0.8099053205372968
2025-02-16,18:50-19:10,113.0,115.0,16.000856143212843
2025-02-16,19:50-20:00,119.0,120.0,5.1060147881565
2025-02-16,21:10-21:20,127.0,128.0,0.29975159680284946
2025-02-16,21:40-21:50,130.0,131.0,35.67063829776137
2025-02-16,22:20-23:00,134.0,138.0,105.0557941315185
2025-02-16,23:20-23:50,140.0,143.0,58.68468569064157
2025-02-17,04:30-04:40,27.0,28.0,4.123302644224509
2025-02-17,05:00-07:20,30.0,44.0,489.7016918957113
2025-02-17,14:20-17:40,86.0,106.0,880.0096304865814
2025-02-17,18:40-18:50,112.0,113.0,6.392306851776908
2025-02-17,19:00-19:20,114.0,116.0,48.92954831973526
2025-02-17,21:30-21:40,129.0,130.0,7.43332863159813
2025-02-17,22:10-22:20,133.0,134.0,4.588176811298837
2025-02-17,22:40-23:30,136.0,141.0,218.6369405166019
2025-02-18,04:30-06:40,27.0,40.0,521.7173562699226
2025-02-18,06:50-07:00,41.0,42.0,4.843068514941137
2025-02-18,07:30-08:00,45.0,48.0,62.98155363128154
2025-02-18,08:10-09:20,49.0,56.0,399.9189851491713
2025-02-18,10:20-11:00,62.0,66.0,62.6934142487989
2025-02-18,12:50-13:00,77.0,78.0,27.367083333333238
2025-02-18,13:20-15:40,80.0,94.0,514.4447104495013
2025-02-18,15:50-17:00,95.0,102.0,271.3786570300292
2025-02-18,17:20-17:50,104.0,107.0,38.73482092924951
2025-02-18,18:30-18:50,111.0,113.0,23.566509252442472
2025-02-18,19:10-19:20,115.0,116.0,8.706867174293308
2025-02-18,19:50-20:10,119.0,121.0,36.610600917981685
2025-02-18,20:30-20:40,123.0,124.0,11.022634605291074
2025-02-18,21:50-22:20,131.0,134.0,39.08268495791913
2025-02-18,22:40-22:50,136.0,137.0,12.112362215778148
2025-02-18,23:10-23:30,139.0,141.0,18.281076549436307
2025-02-18,23:50-24:00,143.0,144.0,10.466399041871341
2025-02-19,04:20-05:30,26.0,33.0,276.7647817591478
2025-02-19,05:40-10:20,34.0,62.0,1687.538037933834
2025-02-19,13:20-16:20,80.0,98.0,858.5507822627884
2025-02-19,16:30-17:00,99.0,102.0,108.62585948116123
2025-02-19,17:20-17:30,104.0,105.0,2.12281222591173
2025-02-19,19:10-19:20,115.0,116.0,1.3262361610531173
2025-02-19,19:50-20:10,119.0,121.0,39.668264289870365
2025-02-19,20:50-21:00,125.0,126.0,4.191612770042667
2025-02-19,21:10-21:20,127.0,128.0,13.573297354518928
2025-02-19,21:40-23:00,130.0,138.0,193.26763275597946
2025-02-19,23:30-24:00,141.0,144.0,146.3951747310665
2025-02-20,04:30-06:20,27.0,38.0,538.1566815421385
2025-02-20,06:40-06:50,40.0,41.0,16.34146505251465
2025-02-20,07:00-08:40,42.0,52.0,448.5024012184445
2025-02-20,16:30-17:50,99.0,107.0,153.69279785967183
2025-02-20,18:20-18:40,110.0,112.0,30.292917618717297
2025-02-20,20:00-20:20,120.0,122.0,19.95966453731046
2025-02-20,20:50-22:30,125.0,135.0,192.7218200398537
2025-02-20,22:50-23:20,137.0,140.0,114.04273191538789
2025-02-20,23:40-24:00,142.0,144.0,3.542810536824504
2025-02-21,01:50-02:00,11.0,12.0,27.827718236966405
2025-02-21,03:50-04:00,23.0,24.0,21.73844905232704
2025-02-21,04:20-04:30,26.0,27.0,6.7792035397054065
2025-02-21,05:10-05:30,31.0,33.0,19.116694451340038
2025-02-21,18:20-18:30,110.0,111.0,1.9906203541005993
2025-02-21,18:50-19:00,113.0,114.0,0.06964011261948144
2025-02-21,19:20-19:30,116.0,117.0,40.5882519554055
2025-02-21,20:50-21:20,125.0,128.0,90.31063752434324
2025-02-21,21:40-22:10,130.0,133.0,95.93859058735427
2025-02-21,22:20-23:20,134.0,140.0,122.5799708515591
2025-02-21,23:30-24:00,141.0,144.0,63.020040612480614
2025-02-22,01:50-02:10,11.0,13.0,25.31095771443222
2025-02-22,03:00-03:40,18.0,22.0,59.74626694065739
2025-02-22,04:00-04:10,24.0,25.0,2.7927361011220455
2025-02-22,07:00-07:10,42.0,43.0,0.8967964744954884
2025-02-22,15:50-16:00,95.0,96.0,22.159435498220688
2025-02-22,17:40-17:50,106.0,107.0,7.350945485017348
2025-02-22,19:10-19:20,115.0,116.0,9.550320150123412
2025-02-22,20:40-20:50,124.0,125.0,0.1594795402586442
2025-02-22,21:20-22:10,128.0,133.0,135.83645413091716
2025-02-22,22:50-23:00,137.0,138.0,23.627101795437397
2025-02-22,23:30-24:00,141.0,144.0,76.10738963822155
2025-02-23,03:50-04:50,23.0,29.0,269.80991277505586
2025-02-23,05:00-08:20,30.0,50.0,894.1948770810016
2025-02-23,08:30-08:40,51.0,52.0,6.9644316063008205
2025-02-23,09:30-10:30,57.0,63.0,335.0106645228171
2025-02-23,13:50-14:00,83.0,84.0,9.617074848419534
2025-02-23,15:10-15:40,91.0,94.0,109.6795942360007
2025-02-23,17:20-17:30,104.0,105.0,1.4709533934207002
2025-02-23,18:00-18:10,108.0,109.0,1.2146979498578787
2025-02-23,19:20-19:40,116.0,118.0,28.545916863521427
2025-02-23,20:10-20:20,121.0,122.0,3.280147136985562
2025-02-23,21:00-21:20,126.0,128.0,9.946771724724783
2025-02-23,21:50-22:30,131.0,135.0,100.3065227049326
2025-02-23,23:00-23:30,138.0,141.0,96.20032928086778
2025-02-23,23:40-24:00,142.0,144.0,26.639904712147654
2025-02-24,04:30-06:50,27.0,41.0,531.4322719220087
2025-02-24,08:00-08:50,48.0,53.0,101.81426835046756
2025-02-24,14:10-15:20,85.0,92.0,341.2066470224018
2025-02-24,15:30-17:50,93.0,107.0,720.3225457315724
2025-02-24,20:10-21:00,121.0,126.0,59.460951430211054
2025-02-24,21:30-21:40,129.0,130.0,2.886195142463663
2025-02-24,21:50-22:20,131.0,134.0,47.988653004031704
2025-02-24,22:40-22:50,136.0,137.0,3.2172795712717743
2025-02-24,23:20-23:30,140.0,141.0,7.425495380549478
2025-02-25,04:10-04:20,25.0,26.0,29.505435972566033
2025-02-25,04:30-05:20,27.0,32.0,101.52375170131245
2025-02-25,05:30-08:00,33.0,48.0,738.4578791697653
2025-02-25,08:50-09:00,53.0,54.0,3.888011421238275
2025-02-25,14:10-14:20,85.0,86.0,19.468468248493522
2025-02-25,15:30-15:40,93.0,94.0,4.3589791584300315
2025-02-25,16:50-17:00,101.0,102.0,2.955213844454306
2025-02-25,18:50-19:00,113.0,114.0,41.538541083351475
2025-02-25,21:50-22:50,131.0,137.0,107.49962548344195
2025-02-25,23:10-23:50,139.0,143.0,95.72353082403083
2025-02-26,04:10-04:40,25.0,28.0,133.551608217266
2025-02-26,05:00-07:00,30.0,42.0,418.3874678103564
2025-02-26,07:20-08:00,44.0,48.0,69.7778895627635
2025-02-26,08:30-09:10,51.0,55.0,291.8871391943145
2025-02-26,09:20-09:40,56.0,58.0,38.192772955636556
2025-02-26,14:10-14:20,85.0,86.0,22.584129175989304
2025-02-26,14:30-16:40,87.0,100.0,959.6128387005392
2025-02-26,16:50-17:20,101.0,104.0,165.5217792939502
2025-02-26,17:30-17:50,105.0,107.0,32.93912229950547
2025-02-26,18:20-18:30,110.0,111.0,6.059952502549919
2025-02-26,23:10-23:30,139.0,141.0,55.54066295212158
2025-02-27,03:50-04:40,23.0,28.0,124.47404670124251
2025-02-27,04:50-07:10,29.0,43.0,446.5708261601102
2025-02-27,07:20-09:50,44.0,59.0,1395.585301595138
2025-02-27,17:30-17:50,105.0,107.0,17.800622588179635
2025-02-27,18:10-18:40,109.0,112.0,15.039293198992027
2025-02-27,19:20-19:30,116.0,117.0,2.052044040813257
2025-02-27,20:30-20:40,123.0,124.0,1.6646883902948275
2025-02-27,21:10-21:40,127.0,130.0,89.10669287035341
2025-02-27,21:50-22:10,131.0,133.0,3.093909649379839
2025-02-27,22:30-22:40,135.0,136.0,2.4122503071665733
2025-02-27,23:30-23:50,141.0,143.0,6.590337985683675
2025-02-28,03:10-03:20,19.0,20.0,13.467233899078678
2025-02-28,04:00-04:10,24.0,25.0,5.031913528020709
2025-02-28,04:30-04:50,27.0,29.0,45.110968886590456
2025-02-28,18:30-18:50,111.0,113.0,28.284753996535642
2025-02-28,19:50-20:00,119.0,120.0,15.56720935073588
2025-02-28,20:20-20:40,122.0,124.0,37.56415912395704
2025-02-28,20:50-21:50,125.0,131.0,118.75253074512108
2025-02-28,22:10-22:20,133.0,134.0,0.9003628490917777
2025-02-28,23:00-23:30,138.0,141.0,51.108716084991784
2025-03-01,00:00-00:10,0.0,1.0,16.67201666666665
2025-03-01,01:30-01:40,9.0,10.0,9.478772390269228
2025-03-01,07:40-07:50,46.0,47.0,0.11089018107264792
2025-03-01,08:50-09:00,53.0,54.0,16.44333333333331
2025-03-01,15:40-15:50,94.0,95.0,9.158304383413359
2025-03-01,16:00-16:20,96.0,98.0,27.163960857965435
2025-03-01,16:50-17:00,101.0,102.0,5.3750178750339614
2025-03-01,18:10-18:30,109.0,111.0,79.52197881170355
2025-03-01,19:00-19:10,114.0,115.0,3.677320732071962
2025-03-01,20:20-20:30,122.0,123.0,16.20234104946718
2025-03-01,20:50-21:20,125.0,128.0,66.48146661389569
2025-03-01,22:30-22:40,135.0,136.0,0.03281346675885288
2025-03-02,04:50-05:00,29.0,30.0,26.70967634709598
2025-03-02,05:30-05:50,33.0,35.0,44.0928499356977
2025-03-02,06:10-06:30,37.0,39.0,13.194445842340542
2025-03-02,07:00-07:20,42.0,44.0,33.9320946273441
2025-03-02,11:00-11:10,66.0,67.0,45.284322609588436
2025-03-02,11:40-12:00,70.0,72.0,62.023949999999935
2025-03-02,12:20-16:10,74.0,97.0,2633.9149499152754
2025-03-02,16:20-21:50,98.0,131.0,1513.557128212435
2025-03-02,22:00-24:00,132.0,144.0,448.57706893339304
2025-03-03,00:30-00:50,3.0,5.0,43.97263284852045
2025-03-03,01:00-02:50,6.0,17.0,421.79842574731185
2025-03-03,03:10-04:00,19.0,24.0,118.9853951447941
2025-03-03,05:20-05:30,32.0,33.0,19.434894210764128
2025-03-03,05:50-06:40,35.0,40.0,89.97333995081317
2025-03-03,07:00-10:30,42.0,63.0,1268.5579022603922
2025-03-03,11:20-11:30,68.0,69.0,31.696249999999964
2025-03-03,14:20-14:40,86.0,88.0,19.7480345513236
2025-03-03,14:50-17:20,89.0,104.0,1086.0623273203246
2025-03-03,17:30-18:00,105.0,108.0,65.9193774822503
2025-03-03,18:10-19:50,109.0,119.0,443.54777455382873
2025-03-03,20:00-23:00,120.0,138.0,737.8974530173841
2025-03-03,23:20-24:00,140.0,144.0,151.38748385907422
2025-03-04,00:10-02:10,1.0,13.0,531.9636536201473
2025-03-04,02:30-02:40,15.0,16.0,5.08235146758102
2025-03-04,03:10-03:30,19.0,21.0,34.374189565106235
2025-03-04,03:50-05:00,23.0,30.0,172.38680412652366
2025-03-04,05:20-05:40,32.0,34.0,3.590614049641431
2025-03-04,06:00-06:20,36.0,38.0,37.83467238054925
2025-03-04,07:50-08:20,47.0,50.0,41.652788970498136
2025-03-04,11:10-11:30,67.0,69.0,23.9972938648635
2025-03-04,13:40-14:00,82.0,84.0,30.906081961656056
2025-03-04,15:30-16:20,93.0,98.0,42.321720145315794
2025-03-04,16:30-17:40,99.0,106.0,198.43888702034974
2025-03-04,17:50-18:00,107.0,108.0,11.518804492142522
2025-03-04,18:10-22:00,109.0,132.0,775.0638062009476
2025-03-04,22:10-22:40,133.0,136.0,93.02255254752254
2025-03-04,22:50-23:50,137.0,143.0,308.8942241196953
2025-03-05,00:30-01:30,3.0,9.0,151.6858099353226
2025-03-05,01:50-02:10,11.0,13.0,66.71913332057636
2025-03-05,02:30-03:30,15.0,21.0,76.07478600438958
2025-03-05,03:50-04:20,23.0,26.0,35.12809786749699
2025-03-05,05:30-06:10,33.0,37.0,96.19649929534421
2025-03-05,06:50-07:20,41.0,44.0,15.11521251409988
2025-03-05,13:20-13:50,80.0,83.0,180.1566166666668
2025-03-05,14:00-14:30,84.0,87.0,155.67335676590375
2025-03-05,14:50-15:10,89.0,91.0,106.84119061397263
2025-03-05,15:30-15:40,93.0,94.0,5.870775880603787
2025-03-05,16:30-16:40,99.0,100.0,25.247139125165745
2025-03-05,17:00-17:50,102.0,107.0,141.66288946459542
2025-03-05,18:00-18:50,108.0,113.0,191.60082869960002
2025-03-05,19:00-21:40,114.0,130.0,633.8155511196134
2025-03-05,21:50-24:00,131.0,144.0,446.86417447411395
2025-03-06,00:10-02:20,1.0,14.0,475.54886929726183
2025-03-06,02:30-02:50,15.0,17.0,124.57115511068298
2025-03-06,03:00-03:20,18.0,20.0,23.942440503474018
2025-03-06,03:30-04:20,21.0,26.0,78.95790475085062
2025-03-06,04:30-05:50,27.0,35.0,113.11014360971353
2025-03-06,06:50-07:00,41.0,42.0,32.63079897615387
2025-03-06,08:30-08:40,51.0,52.0,1.9779564074502787
2025-03-06,08:50-09:00,53.0,54.0,8.76128096309867
2025-03-06,09:10-09:40,55.0,58.0,49.58227863722368
2025-03-06,13:30-13:50,81.0,83.0,49.328366666666625
2025-03-06,14:20-18:20,86.0,110.0,1613.1390904102675
2025-03-06,18:30-21:40,111.0,130.0,596.8047999035371
2025-03-06,22:20-23:30,134.0,141.0,48.363359101287074
2025-03-06,23:50-24:00,143.0,144.0,17.706666666666592
2025-03-07,00:00-00:10,0.0,1.0,12.002549999999985
2025-03-07,17:00-17:10,102.0,103.0,13.263757783720337
2025-03-07,20:40-20:50,124.0,125.0,0.06609358567556001
2025-03-07,21:20-21:30,128.0,129.0,7.586044194548549
2025-03-07,22:20-22:40,134.0,136.0,38.95586425483771
2025-03-08,01:50-02:10,11.0,13.0,32.43136012131504
2025-03-08,02:30-03:20,15.0,20.0,55.619075573384066
2025-03-08,04:10-05:20,25.0,32.0,103.91369077872037
2025-03-08,06:50-07:40,41.0,46.0,50.08746729602244
2025-03-08,16:30-16:40,99.0,100.0,6.61914715943675
2025-03-08,17:50-18:00,107.0,108.0,23.294202522906573
2025-03-08,21:30-21:40,129.0,130.0,22.915191704966105
2025-03-08,22:10-22:20,133.0,134.0,2.6219812116418098
2025-03-08,22:30-22:50,135.0,137.0,16.336006798831306
2025-03-09,04:30-10:10,27.0,61.0,1332.1264126912383
2025-03-09,14:00-14:10,84.0,85.0,22.069825773636936
2025-03-09,14:30-15:50,87.0,95.0,414.8738771215036
2025-03-09,16:10-16:30,97.0,99.0,86.35626821644064
2025-03-09,16:50-17:30,101.0,105.0,76.5814123006229
2025-03-09,17:50-18:00,107.0,108.0,0.9187037079550464
2025-03-09,18:10-23:00,109.0,138.0,1104.597615325457
2025-03-09,23:10-24:00,139.0,144.0,100.08185648343954
2025-03-10,00:50-10:00,5.0,60.0,3065.9430956145807
2025-03-10,10:50-11:20,65.0,68.0,75.45214999999992
2025-03-10,14:00-14:10,84.0,85.0,23.283450000000055
2025-03-10,14:40-16:00,88.0,96.0,300.48652912332307
2025-03-10,16:10-20:10,97.0,121.0,1115.2720546283522
2025-03-10,20:30-20:50,123.0,125.0,22.588188489008644
2025-03-10,21:00-21:30,126.0,129.0,106.91981883134713
2025-03-10,21:40-23:30,130.0,141.0,438.92106400005446
2025-03-10,23:50-24:00,143.0,144.0,33.043915814149955
2025-03-11,00:10-03:10,1.0,19.0,490.6421178860435
2025-03-11,03:30-03:50,21.0,23.0,23.176320680814342
2025-03-11,04:00-04:30,24.0,27.0,66.8162104675207
2025-03-11,04:50-06:00,29.0,36.0,220.48361527984207
2025-03-11,06:20-07:30,38.0,45.0,314.3583201496701
2025-03-11,14:00-20:20,84.0,122.0,1683.8489111858548
2025-03-11,20:40-21:40,124.0,130.0,196.93268503937054
2025-03-11,21:50-22:50,131.0,137.0,265.75578547042187
2025-03-12,00:10-00:50,1.0,5.0,137.13218592335988
2025-03-12,01:10-04:00,7.0,24.0,704.4841509629592
2025-03-12,04:20-06:00,26.0,36.0,262.438036578965
2025-03-12,06:10-06:50,37.0,41.0,147.4686512347754
2025-03-12,07:00-07:30,42.0,45.0,65.34820244957405
2025-03-12,08:00-08:20,48.0,50.0,27.440196802683033
2025-03-12,08:30-09:20,51.0,56.0,253.36133138506128
2025-03-12,14:00-14:20,84.0,86.0,51.84249895353466
2025-03-12,16:00-21:20,96.0,128.0,1173.3186696279708
2025-03-12,21:30-23:40,129.0,142.0,581.8854805624577
2025-03-12,23:50-24:00,143.0,144.0,19.00678091577811
2025-03-13,00:00-01:00,0.0,6.0,216.8962141883817
2025-03-13,01:30-03:50,9.0,23.0,434.14678273968605
2025-03-13,04:10-05:30,25.0,33.0,157.6597565977189
2025-03-13,05:40-06:40,34.0,40.0,329.0692048147239
2025-03-13,07:10-08:10,43.0,49.0,282.6588799979324
2025-03-13,08:20-11:30,50.0,69.0,1753.8481965131657
2025-03-13,13:00-13:40,78.0,82.0,140.2864833333333
2025-03-13,14:00-14:10,84.0,85.0,9.023383333333337
2025-03-13,14:50-15:10,89.0,91.0,17.454408895957386
2025-03-13,15:20-15:40,92.0,94.0,16.918404337672882
2025-03-13,16:10-17:20,97.0,104.0,260.3338191498609
2025-03-13,17:40-20:20,106.0,122.0,754.5616090865122
2025-03-13,20:30-21:00,123.0,126.0,81.95810644822132
2025-03-13,21:10-22:40,127.0,136.0,331.68585373266774
2025-03-13,23:00-23:10,138.0,139.0,17.349999529799447
2025-03-14,00:50-01:00,5.0,6.0,10.905021718723333
2025-03-14,01:40-02:00,10.0,12.0,20.3460587421485
2025-03-14,02:50-03:10,17.0,19.0,39.90984847655409
2025-03-14,04:00-04:10,24.0,25.0,6.090967690454818
2025-03-14,04:40-04:50,28.0,29.0,16.81807893787368
2025-03-14,05:30-06:10,33.0,37.0,70.87346618518171
2025-03-14,07:00-07:10,42.0,43.0,2.301927679020565
2025-03-14,07:40-07:50,46.0,47.0,4.562572268607589
2025-03-14,15:40-15:50,94.0,95.0,6.667312186419746
2025-03-14,17:20-17:30,104.0,105.0,34.207310873543065
2025-03-14,18:20-18:30,110.0,111.0,12.250486190731863
2025-03-14,19:40-20:10,118.0,121.0,41.089680357719715
2025-03-14,20:20-20:40,122.0,124.0,11.977442753358162
2025-03-14,22:40-23:00,136.0,138.0,29.150274274792196
2025-03-15,00:10-00:40,1.0,4.0,18.593403700074475
2025-03-15,01:10-01:20,7.0,8.0,2.94469816531182
2025-03-15,07:00-07:20,42.0,44.0,7.080046833260184
2025-03-15,18:10-18:30,109.0,111.0,23.12105854657625
2025-03-15,20:30-21:00,123.0,126.0,93.58185308000174
2025-03-15,23:20-24:00,140.0,144.0,68.10793041472192
2025-03-16,02:50-03:20,17.0,20.0,82.50606479829446
2025-03-16,03:30-03:50,21.0,23.0,17.0679802141957
2025-03-16,04:00-04:40,24.0,28.0,70.95663070298338
2025-03-16,05:50-06:20,35.0,38.0,77.30958019436912
2025-03-16,07:30-07:40,45.0,46.0,13.994229973929237
2025-03-16,08:30-08:40,51.0,52.0,7.279596831823312
2025-03-16,13:10-13:20,79.0,80.0,5.399612306065251
2025-03-16,13:40-14:00,82.0,84.0,68.87815
2025-03-16,14:20-14:30,86.0,87.0,18.364985236640734
2025-03-16,14:50-16:10,89.0,97.0,287.7096181818823
2025-03-16,16:30-17:00,99.0,102.0,89.56546229333435
2025-03-16,21:30-21:50,129.0,131.0,35.19107546276996
2025-03-16,22:40-23:30,136.0,141.0,135.2829170921981
2025-03-16,23:40-24:00,142.0,144.0,43.15639210803511
2025-03-17,03:00-03:10,18.0,19.0,0.7470907662279842
2025-03-17,03:20-03:30,20.0,21.0,3.0389639285531302
2025-03-17,03:40-04:10,22.0,25.0,120.0833366689426
2025-03-17,04:30-04:50,27.0,29.0,42.39543854121939
2025-03-17,06:30-06:40,39.0,40.0,2.789343618521343
2025-03-17,09:10-09:20,55.0,56.0,4.359133333333223
2025-03-17,16:10-16:40,97.0,100.0,77.35489586287133
2025-03-17,21:30-21:50,129.0,131.0,36.02279107099332
2025-03-17,23:30-23:50,141.0,143.0,34.668507154077474
2025-03-18,03:10-04:10,19.0,25.0,124.0552451390082
2025-03-18,04:20-04:50,26.0,29.0,126.51259132600705
2025-03-18,05:10-05:20,31.0,32.0,3.2839843290562385
2025-03-18,07:40-10:00,46.0,60.0,1607.0252109031035
2025-03-18,14:10-14:50,85.0,89.0,186.41986306885843
2025-03-18,23:30-24:00,141.0,144.0,45.403454218363095
2025-03-19,02:40-03:40,16.0,22.0,78.81222650143695
2025-03-19,04:00-04:30,24.0,27.0,43.98049895087718
2025-03-19,14:30-14:50,87.0,89.0,56.30559782415065
2025-03-19,15:10-15:40,91.0,94.0,53.898475335047436
2025-03-19,17:30-17:40,105.0,106.0,16.62021051827071
2025-03-19,21:30-21:50,129.0,131.0,50.90905836647039
2025-03-20,03:00-04:00,18.0,24.0,133.96682767466575
2025-03-20,04:40-05:20,28.0,32.0,70.17843061302801
2025-03-20,08:10-08:20,49.0,50.0,21.54931591734737
2025-03-20,09:40-10:00,58.0,60.0,76.78748462666243
2025-03-20,23:30-23:50,141.0,143.0,3.6148638318909434
2025-03-21,00:20-00:40,2.0,4.0,16.04916676085979
2025-03-21,01:10-01:30,7.0,9.0,39.48736141437587
2025-03-21,02:20-02:40,14.0,16.0,14.124325634515287
2025-03-21,03:20-03:50,20.0,23.0,55.20099691615229
2025-03-21,04:20-04:30,26.0,27.0,9.462182337539275
2025-03-21,05:00-05:20,30.0,32.0,11.791566877039827
2025-03-21,06:30-07:00,39.0,42.0,30.93292470937058
2025-03-21,18:50-19:00,113.0,114.0,17.729399029321144
2025-03-21,19:30-20:00,117.0,120.0,14.676158559052851
2025-03-21,20:20-20:40,122.0,124.0,37.9866378489109
2025-03-21,21:20-21:40,128.0,130.0,35.37769424384959
2025-03-21,22:10-22:30,133.0,135.0,37.08477545051943
2025-03-22,01:30-01:50,9.0,11.0,15.969659007594487
2025-03-22,04:40-04:50,28.0,29.0,7.573769752729106
2025-03-22,07:30-07:40,45.0,46.0,10.79625192006064
2025-03-22,15:50-16:30,95.0,99.0,108.16861496986743
2025-03-22,18:50-19:00,113.0,114.0,1.128271977282111
2025-03-22,22:20-22:30,134.0,135.0,5.972367999411119
2025-03-22,23:20-23:30,140.0,141.0,3.702484111141075
2025-03-22,23:50-24:00,143.0,144.0,13.43634536392733
2025-03-23,03:10-03:40,19.0,22.0,85.01935064686313
2025-03-23,04:00-04:20,24.0,26.0,71.11121654637725
2025-03-23,04:40-05:10,28.0,31.0,114.43627362153177
2025-03-23,06:10-06:30,37.0,39.0,13.871979470933638
2025-03-23,07:50-08:10,47.0,49.0,55.972236042657585
2025-03-23,09:10-09:30,55.0,57.0,26.657720962140274
2025-03-23,17:10-17:40,103.0,106.0,38.235275390488255
2025-03-23,21:30-21:50,129.0,131.0,33.17219784540043
2025-03-23,22:20-22:30,134.0,135.0,0.4595970074814204
2025-03-24,03:30-03:50,21.0,23.0,38.06289468215732
2025-03-24,04:10-04:30,25.0,27.0,48.64181091020373
2025-03-24,04:50-05:20,29.0,32.0,109.50716745166733
2025-03-24,08:20-09:00,50.0,54.0,140.73359726551712
2025-03-24,15:10-15:20,91.0,92.0,8.519316666666214
2025-03-24,15:50-16:00,95.0,96.0,12.446827974586256
2025-03-24,16:20-16:50,98.0,101.0,92.59758239660346
2025-03-24,21:30-21:40,129.0,130.0,2.5608709907055527
2025-03-24,22:50-23:10,137.0,139.0,107.01120979080758
2025-03-24,23:30-24:00,141.0,144.0,116.39562230737204
2025-03-25,03:10-03:20,19.0,20.0,28.824614482304582
2025-03-25,03:30-04:20,21.0,26.0,129.05157622885872
2025-03-25,04:40-04:50,28.0,29.0,12.166592765936457
2025-03-25,05:10-05:40,31.0,34.0,49.44903620696914
2025-03-25,06:20-06:30,38.0,39.0,20.823905217630568
2025-03-25,08:50-10:40,53.0,64.0,563.4577158917347
2025-03-25,16:10-16:20,97.0,98.0,4.971606556089796
2025-03-25,16:30-17:00,99.0,102.0,105.12249160043291
2025-03-25,21:30-21:40,129.0,130.0,0.735559574614399
2025-03-25,22:40-22:50,136.0,137.0,32.406327771787005
2025-03-25,23:10-23:30,139.0,141.0,95.75590998288351
2025-03-26,03:00-03:20,18.0,20.0,4.068228657240866
2025-03-26,03:40-04:00,22.0,24.0,35.58587544673014
2025-03-26,04:20-04:40,26.0,28.0,27.328994667918437
2025-03-26,05:00-05:10,30.0,31.0,8.701332350789471
2025-03-26,07:40-08:20,46.0,50.0,105.81485446104034
2025-03-26,21:30-21:40,129.0,130.0,2.414734119384775
2025-03-26,22:40-22:50,136.0,137.0,7.955041265866043
2025-03-26,23:20-24:00,140.0,144.0,76.7299379400813
2025-03-27,03:50-05:20,23.0,32.0,199.4128989126225
2025-03-27,05:30-05:40,33.0,34.0,11.516937322199169
2025-03-27,09:00-09:40,54.0,58.0,147.9256220013823
2025-03-27,21:30-21:50,129.0,131.0,26.630135370621815
2025-03-27,22:30-23:20,135.0,140.0,54.87083403939994
2025-03-28,01:00-01:10,6.0,7.0,12.274320428089936
2025-03-28,01:40-02:00,10.0,12.0,9.633221940143699
2025-03-28,03:00-03:20,18.0,20.0,24.03106685763572
2025-03-28,07:00-07:20,42.0,44.0,15.411379276819758
2025-03-28,07:30-07:50,45.0,47.0,122.18401505176621
2025-03-28,21:00-21:20,126.0,128.0,46.25467485103343
2025-03-28,23:50-24:00,143.0,144.0,3.7247500842814816
2025-03-29,05:20-05:40,32.0,34.0,455.58730071192883
2025-03-29,16:30-16:50,99.0,101.0,103.9633173212898
2025-03-29,17:10-17:40,103.0,106.0,92.86252164070476
2025-03-29,18:00-23:10,108.0,139.0,921.2785294660846
2025-03-29,23:30-24:00,141.0,144.0,58.541136848603855
2025-03-30,00:00-01:20,0.0,8.0,187.1726819690075
2025-03-30,01:30-02:30,9.0,15.0,356.072762432124
2025-03-30,02:40-04:30,16.0,27.0,488.0737657163968
2025-03-30,05:10-05:20,31.0,32.0,6.849946423994197
2025-03-30,08:00-09:20,48.0,56.0,281.93461770606405
2025-03-30,19:50-20:20,119.0,122.0,82.79916909707822
2025-03-30,20:30-20:50,123.0,125.0,55.95823017609894
2025-03-30,21:00-21:50,126.0,131.0,162.0781577104542
2025-03-30,22:00-24:00,132.0,144.0,330.0948195743407
2025-03-31,00:00-03:30,0.0,21.0,795.1951541931492
2025-03-31,03:40-04:10,22.0,25.0,60.14444320556004
2025-03-31,21:00-22:10,126.0,133.0,224.73806554064913
2025-03-31,22:30-22:50,135.0,137.0,33.31798460375819
2025-03-31,23:10-23:40,139.0,142.0,83.13840935501923
2025-03-31,23:50-24:00,143.0,144.0,17.415386090569427
2025-04-01,01:10-01:30,7.0,9.0,117.83598098874018
2025-04-01,01:40-03:00,10.0,18.0,193.7275001345506
2025-04-01,03:10-03:40,19.0,22.0,83.97762707075913
2025-04-01,21:00-22:00,126.0,132.0,222.09506132434979
2025-04-01,22:10-22:30,133.0,135.0,20.86415958246255
2025-04-01,22:50-23:10,137.0,139.0,61.04605001398545
2025-04-01,23:30-24:00,141.0,144.0,65.2030748742518
2025-04-02,00:50-01:30,5.0,9.0,54.660367844459074
2025-04-02,02:00-02:20,12.0,14.0,49.208716118693246
2025-04-02,02:30-02:50,15.0,17.0,80.56059975824019
2025-04-02,03:00-04:00,18.0,24.0,92.4872869007678
2025-04-02,07:10-07:40,43.0,46.0,20.84607981250838
2025-04-02,07:50-08:50,47.0,53.0,318.1783560937231
2025-04-02,09:00-09:20,54.0,56.0,40.870690160595615
2025-04-02,09:40-10:10,58.0,61.0,192.7220073550235
2025-04-02,21:00-22:10,126.0,133.0,233.39293014656994
2025-04-02,22:20-22:30,134.0,135.0,3.79019970400077
2025-04-02,22:50-23:20,137.0,140.0,150.6879978314521
2025-04-02,23:30-23:50,141.0,143.0,52.32466123479014
2025-04-03,00:30-01:00,3.0,6.0,94.07051633233243
2025-04-03,01:20-02:20,8.0,14.0,72.55923323624916
2025-04-03,02:30-02:50,15.0,17.0,14.361532476757475
2025-04-03,03:00-03:20,18.0,20.0,68.80608004872556
2025-04-03,03:30-04:10,21.0,25.0,27.09150639283814
2025-04-03,05:20-05:30,32.0,33.0,2.8630064049133352
2025-04-03,06:50-07:00,41.0,42.0,11.6606780212378
2025-04-03,19:20-21:40,116.0,130.0,401.3472331617411
2025-04-03,22:00-22:20,132.0,134.0,62.21494241394896
2025-04-03,22:30-23:50,135.0,143.0,281.9558457649772
2025-04-04,01:20-01:50,8.0,11.0,89.4572365043386
2025-04-04,02:00-02:50,12.0,17.0,138.5805262604278
2025-04-04,03:20-04:00,20.0,24.0,31.45738496363049
2025-04-04,04:30-04:50,27.0,29.0,21.51762498729039
2025-04-04,17:00-17:50,102.0,107.0,128.5872552552279
2025-04-04,18:10-19:20,109.0,116.0,199.13640315040038
2025-04-04,19:40-21:00,118.0,126.0,312.9720002594021
2025-04-04,21:20-23:40,128.0,142.0,329.4526550422649
2025-04-04,23:50-24:00,143.0,144.0,4.635583180247579
2025-04-05,00:10-00:50,1.0,5.0,133.12383963430364
2025-04-05,01:00-02:40,6.0,16.0,395.6407480192977
2025-04-05,02:50-03:30,17.0,21.0,104.34152465459431
2025-04-05,03:40-04:00,22.0,24.0,48.546681525552
2025-04-05,16:30-19:50,99.0,119.0,784.0800717809216
2025-04-05,20:10-22:20,121.0,134.0,368.6777411338537
2025-04-05,22:30-24:00,135.0,144.0,334.5074596729977
2025-04-06,00:40-02:00,4.0,12.0,260.6288744817963
2025-04-06,02:30-02:50,15.0,17.0,67.02441524485334
2025-04-06,03:00-03:20,18.0,20.0,32.382711024506534
2025-04-06,04:20-04:30,26.0,27.0,14.319461444695662
2025-04-06,07:20-07:30,44.0,45.0,21.922838938957796
2025-04-06,07:50-08:00,47.0,48.0,9.34227399871611
2025-04-06,21:10-22:00,127.0,132.0,220.04615033495827
2025-04-06,22:20-23:50,134.0,143.0,210.08960055196644
2025-04-07,00:10-00:40,1.0,4.0,32.08827133393811
2025-04-07,01:00-04:20,6.0,26.0,758.8573999148551
2025-04-07,20:50-21:20,125.0,128.0,95.40957584847217
2025-04-07,21:30-24:00,129.0,144.0,584.6800691380593
2025-04-08,00:00-00:30,0.0,3.0,64.42571119729075
2025-04-08,00:40-02:00,4.0,12.0,177.38356264928677
2025-04-08,02:20-02:50,14.0,17.0,38.76578288886981
2025-04-08,03:00-04:20,18.0,26.0,219.20908909700745
2025-04-08,06:10-06:30,37.0,39.0,65.60048236656928
2025-04-08,07:00-07:10,42.0,43.0,5.442934905784682
2025-04-08,07:30-07:40,45.0,46.0,40.940305807536106
2025-04-08,08:00-09:20,48.0,56.0,374.7666720070049
2025-04-08,20:50-21:30,125.0,129.0,201.0544687573871
2025-04-08,21:50-24:00,131.0,144.0,502.555347665212
2025-04-09,00:40-02:00,4.0,12.0,221.34465326751229
2025-04-09,02:20-04:00,14.0,24.0,316.3953890729623
2025-04-09,07:50-08:00,47.0,48.0,5.118384845479227
2025-04-09,09:00-09:20,54.0,56.0,30.294194326541003
2025-04-09,20:50-23:00,125.0,138.0,466.1184634753072
2025-04-09,23:10-24:00,139.0,144.0,173.9490938917893
2025-04-10,00:40-01:50,4.0,11.0,226.80096501233675
2025-04-10,02:40-03:50,16.0,23.0,112.5465581125718
2025-04-10,09:30-09:50,57.0,59.0,21.643355604503924
2025-04-10,19:50-22:40,119.0,136.0,655.1413806522592
2025-04-10,23:10-23:30,139.0,141.0,68.329101025505
2025-04-10,23:50-24:00,143.0,144.0,35.92920650262323
2025-04-11,00:00-00:50,0.0,5.0,112.08628721347822
2025-04-11,01:00-01:40,6.0,10.0,205.20008901715374
2025-04-11,01:50-02:10,11.0,13.0,24.053893511978117
2025-04-11,02:40-03:30,16.0,21.0,214.85395750417985
2025-04-11,05:00-05:10,30.0,31.0,6.809086478602126
2025-04-11,05:40-05:50,34.0,35.0,7.304578629347418
2025-04-11,16:30-16:50,99.0,101.0,20.052320330693107
2025-04-11,17:20-17:30,104.0,105.0,7.5504624773302
2025-04-11,17:40-18:10,106.0,109.0,96.43570526242627
2025-04-11,18:30-19:50,111.0,119.0,386.83538193965796
2025-04-11,20:10-20:50,121.0,125.0,36.90648621363994
2025-04-11,21:00-21:30,126.0,129.0,86.72958787295681
2025-04-11,21:50-22:40,131.0,136.0,255.19702164573806
2025-04-11,23:00-24:00,138.0,144.0,261.8680833710962
2025-04-12,00:00-00:20,0.0,2.0,65.52757567803906
2025-04-12,00:40-00:50,4.0,5.0,9.089532768557092
2025-04-12,02:40-02:50,16.0,17.0,1.8344325429555397
2025-04-12,03:30-03:40,21.0,22.0,6.852325380759055
2025-04-12,05:10-05:20,31.0,32.0,2.1694148488395513
2025-04-12,07:10-07:20,43.0,44.0,24.700343430300663
2025-04-12,19:00-20:40,114.0,124.0,226.5269587588121
2025-04-12,21:00-23:20,126.0,140.0,348.51305363825776
2025-04-12,23:40-24:00,142.0,144.0,75.01285052757237
2025-04-13,00:00-02:00,0.0,12.0,402.7242154265173
2025-04-13,02:10-03:50,13.0,23.0,306.3396824505354
2025-04-13,04:10-04:20,25.0,26.0,3.876658176230194
2025-04-13,04:30-04:50,27.0,29.0,41.49846902665877
2025-04-13,05:00-05:20,30.0,32.0,118.9387391540215
2025-04-13,05:40-07:00,34.0,42.0,578.4091662244203
2025-04-13,16:40-16:50,100.0,101.0,10.006067235999694
2025-04-14,00:00-03:20,0.0,20.0,643.378681381044
2025-04-14,03:30-04:20,21.0,26.0,107.3599306144589
2025-04-14,04:30-06:10,27.0,37.0,411.51315751495474
2025-04-14,06:40-07:30,40.0,45.0,116.05485632911416
2025-04-15,00:10-00:50,1.0,5.0,58.580637102775654
2025-04-15,01:00-02:40,6.0,16.0,257.2826122215953
2025-04-15,02:50-03:30,17.0,21.0,117.72397200312116
2025-04-15,03:40-04:10,22.0,25.0,91.53855264883691
2025-04-15,04:30-06:20,27.0,38.0,192.20352539207954
2025-04-15,06:40-07:00,40.0,42.0,66.71879158199704
2025-04-15,15:10-15:20,91.0,92.0,3.7893018864313603
2025-04-15,16:00-16:10,96.0,97.0,1.2214890105423706
2025-04-16,00:30-04:10,3.0,25.0,731.9472551251708
2025-04-16,04:20-04:30,26.0,27.0,1.353920207371175
2025-04-16,04:40-05:30,28.0,33.0,199.85774389377184
2025-04-16,05:40-06:10,34.0,37.0,69.70887826870944
2025-04-16,07:00-07:30,42.0,45.0,73.50386689320715
2025-04-16,09:20-09:30,56.0,57.0,0.4354166666665454
2025-04-17,00:00-03:10,0.0,19.0,522.9770648726029
2025-04-17,03:20-04:10,20.0,25.0,162.90188685618864
2025-04-17,04:20-05:00,26.0,30.0,36.650445084648936
2025-04-17,05:20-06:50,32.0,41.0,190.617086235025
2025-04-17,22:30-23:10,135.0,139.0,179.40842538347783
2025-04-17,23:30-24:00,141.0,144.0,89.21548805973407
2025-04-18,00:00-00:10,0.0,1.0,39.53334753898912
2025-04-18,01:40-03:00,10.0,18.0,154.00581238420534
2025-04-18,20:20-21:10,122.0,127.0,173.7476843759233
2025-04-18,21:30-22:10,129.0,133.0,141.52336782431746
2025-04-18,22:40-23:20,136.0,140.0,95.74318068363664
2025-04-18,23:50-24:00,143.0,144.0,7.449164605125986
2025-04-19,00:00-00:20,0.0,2.0,66.35900732051834
2025-04-19,01:50-02:20,11.0,14.0,85.1465719652083
2025-04-19,04:00-04:10,24.0,25.0,22.015114501425103
2025-04-19,06:10-06:30,37.0,39.0,22.375110098010367
2025-04-19,06:50-07:30,41.0,45.0,167.57678195459354
2025-04-19,19:40-22:30,118.0,135.0,418.00808002686443
2025-04-19,22:50-23:10,137.0,139.0,31.45233157890334
2025-04-19,23:30-24:00,141.0,144.0,115.97444924786186
2025-04-20,00:00-00:50,0.0,5.0,119.7131315699155
2025-04-20,01:00-02:30,6.0,15.0,298.3709255230234
2025-04-20,02:40-06:40,16.0,40.0,1082.401569349001
2025-04-20,07:10-07:20,43.0,44.0,2.5381862513334568
2025-04-20,16:20-16:30,98.0,99.0,13.03093085664807
2025-04-21,00:00-02:00,0.0,12.0,285.07320830787444
2025-04-21,02:20-02:50,14.0,17.0,69.4247510958835
2025-04-21,03:00-03:50,18.0,23.0,226.43152704792863
2025-04-21,04:00-05:40,24.0,34.0,429.8583708724095
2025-04-21,06:00-06:40,36.0,40.0,177.978724598081
2025-04-22,00:00-00:30,0.0,3.0,72.8578267865488
2025-04-22,01:00-01:20,6.0,8.0,54.886968465876976
2025-04-22,01:30-02:20,9.0,14.0,202.5346438190204
2025-04-22,02:30-03:00,15.0,18.0,131.9238886491827
2025-04-22,03:10-07:40,19.0,46.0,1166.7687329269327
2025-04-22,14:20-14:50,86.0,89.0,81.45717864843004
2025-04-22,15:10-15:30,91.0,93.0,21.7422536665712
2025-04-23,00:00-01:20,0.0,8.0,352.2796063663534
2025-04-23,01:30-02:30,9.0,15.0,134.0007828242351
2025-04-23,02:50-03:50,17.0,23.0,207.73658346647335
2025-04-23,04:00-05:50,24.0,35.0,389.9484037845567
2025-04-23,06:00-06:10,36.0,37.0,2.509399513513017
2025-04-23,07:10-07:20,43.0,44.0,23.121456607853133
2025-04-24,00:00-00:50,0.0,5.0,163.6022763811692
2025-04-24,01:00-03:50,6.0,23.0,543.8798689290063
2025-04-24,04:00-04:30,24.0,27.0,87.10714558490804
2025-04-24,04:40-06:40,28.0,40.0,355.8250972572016
2025-04-24,21:40-24:00,130.0,144.0,398.0702050352492
2025-04-25,00:00-00:10,0.0,1.0,24.131448925948632
2025-04-25,00:30-00:50,3.0,5.0,12.79849706972061
2025-04-25,01:20-01:30,8.0,9.0,5.927941659850887
2025-04-25,04:10-04:20,25.0,26.0,3.069772424007226
2025-04-25,19:10-24:00,115.0,144.0,1070.6221126561747
2025-04-26,00:20-02:00,2.0,12.0,217.43937740109413
2025-04-26,02:30-03:00,15.0,18.0,63.856269638063736
2025-04-26,03:10-03:30,19.0,21.0,27.918033089536493
2025-04-26,04:20-04:30,26.0,27.0,65.50424425514612
2025-04-26,04:50-05:20,29.0,32.0,61.88205524029465
2025-04-26,05:40-06:10,34.0,37.0,73.36397266871762
2025-04-26,21:00-21:10,126.0,127.0,26.069250401263048
2025-04-26,21:20-22:00,128.0,132.0,126.1180737812985
2025-04-26,22:20-24:00,134.0,144.0,438.61286103905866
2025-04-27,02:20-05:20,14.0,32.0,571.8647363207576
2025-04-27,05:40-05:50,34.0,35.0,31.135689517454693
2025-04-27,17:00-18:20,102.0,110.0,329.4257498359548
2025-04-27,18:30-24:00,111.0,144.0,1021.5541538631185
2025-04-28,00:00-01:20,0.0,8.0,277.83984172091664
2025-04-28,01:30-02:10,9.0,13.0,231.07317464963523
2025-04-28,02:20-03:10,14.0,19.0,94.46860503955861
2025-04-28,03:20-04:40,20.0,28.0,180.53361357480856
2025-04-28,05:00-05:10,30.0,31.0,4.1456312089493395
2025-04-28,05:40-06:00,34.0,36.0,62.19557778479884
2025-04-28,17:20-18:00,104.0,108.0,101.90726096230901
2025-04-28,18:10-21:10,109.0,127.0,523.4151164011331
2025-04-28,21:20-22:30,128.0,135.0,208.8793622867346
2025-04-28,22:50-23:00,137.0,138.0,0.35064906471370705
2025-04-28,23:10-23:30,139.0,141.0,68.60691544152371
2025-04-28,23:50-24:00,143.0,144.0,50.36228951921794
2025-04-29,00:00-05:50,0.0,35.0,768.3685347697718
2025-04-29,19:40-21:20,118.0,128.0,367.46266954131806
2025-04-29,21:40-22:00,130.0,132.0,13.25767698918537
2025-04-29,22:10-23:00,133.0,138.0,96.11261633881657
2025-04-29,23:20-23:50,140.0,143.0,62.294676810089186
2025-04-30,00:00-00:20,0.0,2.0,16.428339313591778
2025-04-30,00:30-00:40,3.0,4.0,13.763939867578415
2025-04-30,01:10-01:50,7.0,11.0,136.36041947398223
2025-04-30,02:00-02:50,12.0,17.0,260.09963410796604
2025-04-30,03:10-03:20,19.0,20.0,2.349063829350939
2025-04-30,03:40-04:00,22.0,24.0,72.86173232420242
2025-04-30,04:20-05:00,26.0,30.0,97.4914187914975
2025-04-30,05:50-06:10,35.0,37.0,10.465698108849665
2025-04-30,17:50-18:10,107.0,109.0,7.916831243510387
2025-04-30,18:20-18:40,110.0,112.0,45.22512449097883
2025-04-30,18:50-21:30,113.0,129.0,661.7279748471398
2025-04-30,22:00-24:00,132.0,144.0,397.6918170777209
2025-05-01,00:00-00:20,0.0,2.0,73.54317995757856
2025-05-01,03:00-04:50,18.0,29.0,562.4754447555305
2025-05-01,05:00-05:20,30.0,32.0,87.44946380831732
2025-05-01,08:30-08:40,51.0,52.0,60.67432142716555
2025-05-01,16:50-24:00,101.0,144.0,4314.9645313763285
2025-05-02,00:00-00:30,0.0,3.0,71.57115389255199
2025-05-02,01:00-02:20,6.0,14.0,109.27440770819265
2025-05-02,02:40-03:10,16.0,19.0,51.75950832610289
2025-05-02,03:20-04:00,20.0,24.0,65.0927171799211
2025-05-02,04:20-05:30,26.0,33.0,172.2382552503754
2025-05-02,05:50-06:20,35.0,38.0,95.5909385275319
2025-05-02,07:20-07:30,44.0,45.0,4.028333333333346
2025-05-02,21:00-24:00,126.0,144.0,1295.9065227535252
2025-05-03,00:00-00:10,0.0,1.0,16.981073111805244
2025-05-03,00:30-00:40,3.0,4.0,10.967762649440033
2025-05-03,01:10-02:10,7.0,13.0,173.27420409511552
2025-05-03,03:30-04:20,21.0,26.0,121.38605312436809
2025-05-03,04:30-05:00,27.0,30.0,22.414169426386906
2025-05-03,05:20-05:40,32.0,34.0,39.88087857626168
2025-05-03,07:00-07:10,42.0,43.0,5.389540067103795
2025-05-03,21:10-24:00,127.0,144.0,1218.0857161447725
2025-05-04,00:40-02:10,4.0,13.0,488.5692844807958
2025-05-04,02:20-03:30,14.0,21.0,240.58220754778665
2025-05-04,04:00-04:50,24.0,29.0,168.613078240454
2025-05-04,05:00-05:50,30.0,35.0,281.98364129833783
2025-05-04,19:30-24:00,117.0,144.0,2349.640953873416
2025-05-05,00:00-00:30,0.0,3.0,204.70425170614328
2025-05-05,00:40-00:50,4.0,5.0,5.766750692212327
2025-05-05,02:00-02:50,12.0,17.0,205.97423410207807
2025-05-05,03:00-06:10,18.0,37.0,725.2813594598197
2025-05-05,09:20-09:30,56.0,57.0,20.183023022170612
2025-05-05,19:10-24:00,115.0,144.0,1996.491943037437
2025-05-06,00:00-02:50,0.0,17.0,607.8105015753191
2025-05-06,03:00-05:40,18.0,34.0,713.8804581722504
2025-05-06,05:50-06:00,35.0,36.0,20.15073344269547
2025-05-06,17:00-24:00,102.0,144.0,3123.7712920717086
2025-05-07,00:00-01:10,0.0,7.0,345.2072172619469
2025-05-07,01:20-02:10,8.0,13.0,101.9908813913271
2025-05-07,02:20-06:00,14.0,36.0,725.8103372383068
2025-05-07,19:20-24:00,116.0,144.0,1945.783634954677
2025-05-08,00:00-04:00,0.0,24.0,639.9777468092016
2025-05-08,04:40-06:10,28.0,37.0,384.12835191221154
2025-05-08,18:30-20:30,111.0,123.0,718.5613824303799
2025-05-08,21:00-22:00,126.0,132.0,215.3708701801662
2025-05-08,22:20-22:40,134.0,136.0,20.806690812298825
2025-05-08,23:00-23:20,138.0,140.0,18.002545575597992
2025-05-08,23:30-24:00,141.0,144.0,142.00064062490628
2025-05-09,00:00-00:10,0.0,1.0,13.196088774713076
2025-05-09,00:30-01:20,3.0,8.0,222.4101079908486
2025-05-09,01:40-02:00,10.0,12.0,20.058349238905578
2025-05-09,02:20-03:20,14.0,20.0,129.77550547705695
2025-05-09,03:50-04:10,23.0,25.0,22.111010570578628
2025-05-09,05:30-05:40,33.0,34.0,14.011626595231917
2025-05-09,07:20-07:30,44.0,45.0,27.65555165897445
2025-05-09,21:10-21:40,127.0,130.0,123.50460141245742
2025-05-09,23:10-23:30,139.0,141.0,47.14805036255251
2025-05-10,00:10-01:10,1.0,7.0,116.3655193127808
2025-05-10,01:50-03:30,11.0,21.0,364.87340070853463
2025-05-10,03:50-04:20,23.0,26.0,90.3619688269755
2025-05-10,04:40-04:50,28.0,29.0,4.894708245327678
2025-05-10,05:20-05:50,32.0,35.0,42.073361018888306
2025-05-10,16:10-16:50,97.0,101.0,91.55786339881357
2025-05-10,17:50-18:10,107.0,109.0,25.1127203560049
2025-05-10,18:30-18:50,111.0,113.0,74.12215916394223
2025-05-10,19:20-19:40,116.0,118.0,58.471999926796
2025-05-10,20:10-20:20,121.0,122.0,6.477749339935485
2025-05-10,20:30-21:10,123.0,127.0,155.77154637370927
2025-05-10,21:20-21:30,128.0,129.0,13.858701429660528
2025-05-10,21:50-23:30,131.0,141.0,351.6852347554101
2025-05-10,23:50-24:00,143.0,144.0,19.96917459599706
2025-05-11,00:00-00:10,0.0,1.0,3.514524656509252
2025-05-11,00:30-02:50,3.0,17.0,537.2628776737054
2025-05-11,03:00-05:30,18.0,33.0,677.4677946651715
2025-05-11,20:30-20:40,123.0,124.0,38.81009268417836
2025-05-11,21:00-21:40,126.0,130.0,58.43150031778873
2025-05-11,22:20-22:30,134.0,135.0,48.56656062106936
2025-05-11,22:50-24:00,137.0,144.0,298.22089134108853
2025-05-12,00:00-00:10,0.0,1.0,24.614515269962453
2025-05-12,00:20-02:00,2.0,12.0,373.07328911567583
2025-05-12,02:10-03:20,13.0,20.0,278.0247956641157
2025-05-12,03:40-05:20,22.0,32.0,312.81637960221406
2025-05-12,05:40-06:00,34.0,36.0,38.76619474285485
2025-05-12,20:20-21:00,122.0,126.0,127.1549357501168
2025-05-12,21:30-22:00,129.0,132.0,42.56344869343798
2025-05-12,22:50-23:00,137.0,138.0,26.71146973219595
2025-05-12,23:20-23:40,140.0,142.0,21.575756056407386
2025-05-13,00:10-00:20,1.0,2.0,7.869413059315548
2025-05-13,00:40-01:10,4.0,7.0,67.00623201383564
2025-05-13,01:30-02:10,9.0,13.0,80.22873433580696
2025-05-13,02:20-03:40,14.0,22.0,170.59082316769616
2025-05-13,03:50-06:00,23.0,36.0,319.7222321706609
2025-05-13,08:20-08:30,50.0,51.0,34.403913059180184
2025-05-13,20:20-20:40,122.0,124.0,50.51638603219692
2025-05-13,20:50-21:20,125.0,128.0,150.49766882504275
2025-05-13,21:30-21:40,129.0,130.0,13.862478163869127
2025-05-13,23:00-23:40,138.0,142.0,93.46248433989138
2025-05-14,00:10-00:30,1.0,3.0,5.6422100505251365
2025-05-14,01:10-05:10,7.0,31.0,838.2069475709524
2025-05-14,05:30-06:00,33.0,36.0,127.29074339718483
2025-05-14,20:20-20:50,122.0,125.0,35.942880265375265
2025-05-14,21:00-21:40,126.0,130.0,102.46945905815312
2025-05-14,22:30-22:50,135.0,137.0,47.48684112243632
2025-05-14,23:10-24:00,139.0,144.0,148.86066443282834
2025-05-15,00:40-00:50,4.0,5.0,12.73957098444771
2025-05-15,01:10-05:00,7.0,30.0,682.1970778308142
2025-05-15,05:10-05:30,31.0,33.0,3.5190329915959637
2025-05-15,05:50-06:00,35.0,36.0,61.90512821537334
2025-05-15,14:30-14:40,87.0,88.0,3.6162021741627193
2025-05-15,16:20-16:30,98.0,99.0,9.021616167713546
2025-05-15,18:40-19:10,112.0,115.0,113.66407218579798
2025-05-15,19:30-19:50,117.0,119.0,18.452695915571326
2025-05-15,20:40-21:40,124.0,130.0,280.49437928400437
2025-05-15,22:00-22:20,132.0,134.0,73.68719552239145
2025-05-15,23:10-23:40,139.0,142.0,91.84002288898353
2025-05-16,00:00-00:40,0.0,4.0,140.53921074603699
2025-05-16,01:10-02:30,7.0,15.0,205.69991109088204
2025-05-16,03:00-04:00,18.0,24.0,82.7276073793962
2025-05-16,04:30-05:20,27.0,32.0,101.3589016297237
2025-05-16,05:50-06:10,35.0,37.0,28.22333956556048
2025-05-16,17:30-17:40,105.0,106.0,11.434842094354934
2025-05-16,18:10-19:00,109.0,114.0,124.54326383271996
2025-05-16,19:30-19:40,117.0,118.0,17.1972973583201
2025-05-16,20:10-20:30,121.0,123.0,75.89668043340305
2025-05-16,21:00-22:00,126.0,132.0,270.8016113981373
2025-05-16,22:10-24:00,133.0,144.0,546.6667814250766
2025-05-17,00:00-00:40,0.0,4.0,154.27396162138996
2025-05-17,00:50-01:50,5.0,11.0,200.31389026165266
2025-05-17,02:00-03:00,12.0,18.0,185.5640875031898
2025-05-17,03:20-04:40,20.0,28.0,350.01398249276633
2025-05-17,04:50-05:20,29.0,32.0,43.00896506046806
2025-05-17,06:50-07:00,41.0,42.0,0.19999999999996967
2025-05-17,16:40-17:40,100.0,106.0,217.77519169658606
2025-05-17,18:00-18:50,108.0,113.0,116.69380476296413
2025-05-17,19:10-19:50,115.0,119.0,144.54757488906733
2025-05-17,20:00-20:40,120.0,124.0,145.9778781977169
2025-05-17,21:10-21:20,127.0,128.0,1.42430448014386
2025-05-17,21:50-22:10,131.0,133.0,30.569273253019446
2025-05-17,22:30-23:00,135.0,138.0,90.94246546410596
2025-05-17,23:30-24:00,141.0,144.0,134.04804818582807
2025-05-18,00:00-01:00,0.0,6.0,200.87834045508464
2025-05-18,01:20-05:50,8.0,35.0,1273.8290962159517
2025-05-18,08:20-08:40,50.0,52.0,80.62095775698347
2025-05-18,20:40-20:50,124.0,125.0,1.200821267216611
2025-05-18,21:00-21:50,126.0,131.0,163.14961524654666
2025-05-18,22:00-22:20,132.0,134.0,98.15301926350651
2025-05-18,23:00-23:20,138.0,140.0,17.954982324711068
2025-05-19,00:00-01:00,0.0,6.0,116.48031073406912
2025-05-19,01:30-05:50,9.0,35.0,709.4808259790688
2025-05-19,20:10-20:40,121.0,124.0,284.56638708648006
2025-05-19,21:10-21:40,127.0,130.0,192.99534724540342
2025-05-19,22:30-22:40,135.0,136.0,11.677074305948395
2025-05-19,23:10-24:00,139.0,144.0,152.2741586418332
2025-05-20,00:00-01:40,0.0,10.0,258.6919430761484
2025-05-20,01:50-04:30,11.0,27.0,443.6265420818826
2025-05-20,04:50-05:50,29.0,35.0,119.26837200632298
2025-05-20,14:00-14:10,84.0,85.0,14.661533333333258
2025-05-20,18:00-18:20,108.0,110.0,74.63070725156672
2025-05-20,18:30-20:30,111.0,123.0,350.61824536105235
2025-05-20,20:40-21:00,124.0,126.0,57.21883212343016
2025-05-20,21:20-22:20,128.0,134.0,228.3321548897644
2025-05-20,22:30-23:00,135.0,138.0,61.20893880821927
2025-05-20,23:20-24:00,140.0,144.0,119.64631910526009
2025-05-21,00:00-00:20,0.0,2.0,58.89218740541946
2025-05-21,00:30-01:30,3.0,9.0,150.00768480517377
2025-05-21,01:40-02:10,10.0,13.0,69.48440433316807
2025-05-21,02:20-05:10,14.0,31.0,522.4858907560905
2025-05-21,05:20-05:40,32.0,34.0,12.218699528685022
2025-05-21,20:20-21:40,122.0,130.0,358.87604146278295
2025-05-21,22:10-22:30,133.0,135.0,43.15545334959472
2025-05-21,22:50-23:00,137.0,138.0,37.81125775912915
2025-05-21,23:20-24:00,140.0,144.0,182.8405224287318
2025-05-22,00:00-00:10,0.0,1.0,7.882541458166543
2025-05-22,00:40-01:50,4.0,11.0,149.39524884404136
2025-05-22,02:00-04:50,12.0,29.0,507.42336873104773
2025-05-22,05:20-05:50,32.0,35.0,126.99175294474475
2025-05-22,18:00-18:30,108.0,111.0,139.99034718638347
2025-05-22,19:00-19:30,114.0,117.0,47.71153144207722
2025-05-22,19:50-20:00,119.0,120.0,17.481768139898577
2025-05-22,20:10-20:40,121.0,124.0,98.62779022924951
2025-05-22,20:50-21:10,125.0,127.0,62.181833717461586
2025-05-22,21:40-23:10,130.0,139.0,281.96902541302734
2025-05-22,23:20-23:40,140.0,142.0,30.797144148051416
2025-05-23,00:40-01:20,4.0,8.0,126.31392644170006
2025-05-23,01:50-03:40,11.0,22.0,339.38244211333205
2025-05-23,04:00-04:40,24.0,28.0,126.23208421948664
2025-05-23,05:30-05:50,33.0,35.0,39.431869497024536
2025-05-23,06:00-06:10,36.0,37.0,0.6231173017772278
2025-05-23,17:50-18:00,107.0,108.0,28.133220138870513
2025-05-23,19:00-19:20,114.0,116.0,34.26865730086001
2025-05-23,19:40-20:00,118.0,120.0,56.9947294152949
2025-05-23,20:30-21:00,123.0,126.0,61.76333208614437
2025-05-23,22:00-22:20,132.0,134.0,104.36557824150981
2025-05-23,22:30-23:00,135.0,138.0,35.356255842300925
2025-05-23,23:50-24:00,143.0,144.0,4.400700510120828
2025-05-24,00:00-01:20,0.0,8.0,244.99594760365204
2025-05-24,01:40-03:20,10.0,20.0,324.25393323425754
2025-05-24,03:40-04:00,22.0,24.0,15.83306936131936
2025-05-24,17:50-18:00,107.0,108.0,18.750866322014474
2025-05-24,19:00-19:20,114.0,116.0,77.49772287364237
2025-05-24,20:50-21:50,125.0,131.0,106.49838856894723
2025-05-24,22:10-22:30,133.0,135.0,15.580453326746465
2025-05-24,23:00-23:50,138.0,143.0,111.45712871262504
2025-05-25,00:10-00:40,1.0,4.0,95.68402237912949
2025-05-25,00:50-02:00,5.0,12.0,163.38781922717533
2025-05-25,02:10-03:20,13.0,20.0,148.23262640044106
2025-05-25,03:30-05:10,21.0,31.0,374.4933654943592
2025-05-25,05:50-06:00,35.0,36.0,2.335854579339184
2025-05-25,06:40-06:50,40.0,41.0,2.005470190522942
2025-05-25,21:00-21:10,126.0,127.0,48.66534697224995
2025-05-25,21:30-21:50,129.0,131.0,131.7991925657784
2025-05-25,22:30-23:00,135.0,138.0,93.96859103169663
2025-05-26,00:20-00:30,2.0,3.0,9.505408876359638
2025-05-26,00:50-01:00,5.0,6.0,3.9387441667796566
2025-05-26,01:10-02:10,7.0,13.0,198.1427037724212
2025-05-26,02:40-03:30,16.0,21.0,129.03009329122222
2025-05-26,03:40-05:20,22.0,32.0,325.87984171088283
2025-05-26,08:50-09:00,53.0,54.0,20.214705114412652
2025-05-26,21:30-21:50,129.0,131.0,78.03827044542413
2025-05-26,22:40-23:10,136.0,139.0,148.26408599241074
2025-05-26,23:20-23:30,140.0,141.0,20.49606792507609
2025-05-27,01:10-01:50,7.0,11.0,89.94853464458913
2025-05-27,02:00-05:30,12.0,33.0,831.6931876625667
2025-05-27,21:00-21:40,126.0,130.0,94.59795231087708
2025-05-27,22:20-22:30,134.0,135.0,59.24936638805855
2025-05-27,22:50-23:00,137.0,138.0,6.020108219178837
2025-05-27,23:40-23:50,142.0,143.0,11.587404004871843
2025-05-28,00:20-01:30,2.0,9.0,298.4213543389019
2025-05-28,01:50-05:20,11.0,32.0,628.077649834929
2025-05-28,05:50-06:00,35.0,36.0,13.736761319619632
2025-05-28,06:30-06:50,39.0,41.0,8.625551590755265
2025-05-28,09:00-09:20,54.0,56.0,55.93088051179738
2025-05-28,09:30-09:50,57.0,59.0,9.004733333333357
2025-05-28,21:10-21:20,127.0,128.0,6.77564200164943
2025-05-28,21:30-21:40,129.0,130.0,39.9927790245016
2025-05-28,21:50-22:10,131.0,133.0,51.24467093813928
2025-05-28,23:10-23:30,139.0,141.0,82.1807470689555
2025-05-28,23:50-24:00,143.0,144.0,0.4520576478836631
2025-05-29,00:30-01:00,3.0,6.0,116.06961689791592
2025-05-29,01:10-01:40,7.0,10.0,40.41593895430549
2025-05-29,01:50-02:10,11.0,13.0,24.113609140443373
2025-05-29,02:20-05:20,14.0,32.0,723.1220497590191
2025-05-29,07:50-08:10,47.0,49.0,60.688533333333226
2025-05-29,09:10-09:20,55.0,56.0,6.569151370416158
2025-05-29,19:10-19:30,115.0,117.0,48.143621763672286
2025-05-29,19:50-20:10,119.0,121.0,15.443787168578751
2025-05-29,20:20-20:30,122.0,123.0,50.61866093835772
2025-05-29,20:50-21:00,125.0,126.0,39.11596217517672
2025-05-29,21:10-21:40,127.0,130.0,76.36678788070037
2025-05-29,22:10-22:20,133.0,134.0,2.1916670315500824
2025-05-29,22:50-23:00,137.0,138.0,19.641705379396626
2025-05-29,23:20-23:40,140.0,142.0,82.06069684965803
2025-05-30,00:20-00:40,2.0,4.0,18.28279565449128
2025-05-30,01:30-02:20,9.0,14.0,95.65489682845237
2025-05-30,02:30-03:00,15.0,18.0,59.05092536650875
2025-05-30,03:20-04:00,20.0,24.0,189.47660380763858
2025-05-30,16:40-17:00,100.0,102.0,147.5669117647993
2025-05-30,17:20-17:40,104.0,106.0,130.1316840643441
2025-05-30,18:50-19:00,113.0,114.0,9.716869105665978
2025-05-30,21:20-21:30,128.0,129.0,26.34886797664501
2025-05-30,21:50-22:10,131.0,133.0,98.31576488495625
2025-05-30,22:20-22:50,134.0,137.0,130.95775565298578
2025-05-30,23:00-23:20,138.0,140.0,20.44838739033446
2025-05-30,23:30-23:40,141.0,142.0,27.409188404324652
2025-05-31,00:30-01:00,3.0,6.0,104.39502148441522
2025-05-31,01:20-01:50,8.0,11.0,95.940395666163
2025-05-31,02:30-04:00,15.0,24.0,337.13452558011016
2025-05-31,05:00-05:10,30.0,31.0,13.170083485765417
2025-05-31,07:10-07:20,43.0,44.0,1.3773833333333794
2025-05-31,18:20-18:30,110.0,111.0,5.2315016499908324
2025-05-31,18:50-19:00,113.0,114.0,46.640779412979214
2025-05-31,19:50-20:10,119.0,121.0,56.73604928556972
2025-05-31,20:40-20:50,124.0,125.0,18.696062215815346
2025-05-31,21:50-22:20,131.0,134.0,36.80159364590844
2025-05-31,22:50-23:20,137.0,140.0,102.51659251627188
2025-05-31,23:40-24:00,142.0,144.0,116.40504316767527
2025-06-01,00:20-05:30,2.0,33.0,2118.9847061000096
2025-06-01,05:50-06:00,35.0,36.0,9.081936260554016
2025-06-01,09:10-11:40,55.0,70.0,1983.7945725304673
2025-06-01,11:50-12:00,71.0,72.0,21.992083333333387
2025-06-01,12:40-13:10,76.0,79.0,86.55149999999988
2025-06-01,13:20-13:40,80.0,82.0,41.96526666666674
2025-06-01,14:00-14:20,84.0,86.0,95.93936303144321
2025-06-01,15:20-16:00,92.0,96.0,59.71162280548759
2025-06-01,16:30-16:50,99.0,101.0,44.00176660076943
2025-06-01,21:00-24:00,126.0,144.0,2126.2702171916562
2025-06-02,02:00-03:50,12.0,23.0,727.3235820820494
2025-06-02,04:00-05:30,24.0,33.0,406.48097999862523
2025-06-02,05:40-06:10,34.0,37.0,84.86162907497703
2025-06-02,06:20-06:50,38.0,41.0,35.448527600789305
2025-06-02,07:50-08:20,47.0,50.0,217.24502490499611
2025-06-02,13:10-13:20,79.0,80.0,57.21240479840753
2025-06-02,15:00-15:50,90.0,95.0,203.04044201312843
2025-06-02,16:10-16:30,97.0,99.0,27.77293891722593
2025-06-02,20:50-24:00,125.0,144.0,2088.666707378246
2025-06-03,02:20-04:20,14.0,26.0,652.4809172007858
2025-06-03,04:30-06:00,27.0,36.0,333.6083453426358
2025-06-03,06:40-07:00,40.0,42.0,6.263401046941965
2025-06-03,08:10-08:20,49.0,50.0,12.586574700725976
2025-06-03,09:30-10:20,57.0,62.0,509.36131921470405
2025-06-03,21:10-24:00,127.0,144.0,1558.8913992004575
2025-06-04,01:20-02:40,8.0,16.0,727.2982282498454
2025-06-04,03:00-05:40,18.0,34.0,867.6706305454264
2025-06-04,12:50-14:00,77.0,84.0,529.1316990501696
2025-06-04,14:20-14:30,86.0,87.0,6.652380897962587
2025-06-04,21:20-24:00,128.0,144.0,1267.3464401943786
2025-06-05,01:20-06:00,8.0,36.0,1586.1601916909658
2025-06-05,06:20-07:10,38.0,43.0,234.3856607352464
2025-06-05,07:50-08:10,47.0,49.0,116.70890824898089
2025-06-05,14:50-15:50,89.0,95.0,339.3294513884632
2025-06-05,19:50-24:00,119.0,144.0,2200.457141304222
2025-06-06,03:00-03:20,18.0,20.0,74.41375489568304
2025-06-06,04:00-04:20,24.0,26.0,65.58207307561645
2025-06-06,05:20-05:30,32.0,33.0,4.403750000000002
2025-06-06,07:30-07:40,45.0,46.0,0.5240061705478141
2025-06-06,15:30-24:00,93.0,144.0,5146.481554583095
2025-06-07,01:40-02:30,10.0,15.0,290.3310202874229
2025-06-07,03:00-03:20,18.0,20.0,7.930828481097819
2025-06-07,03:30-03:50,21.0,23.0,55.51398736807039
2025-06-07,07:20-07:30,44.0,45.0,94.83541666666663
2025-06-07,16:00-16:20,96.0,98.0,42.89312151402774
2025-06-07,16:50-23:00,101.0,138.0,3261.874346391768
2025-06-07,23:10-23:50,139.0,143.0,299.2450931175382
2025-06-08,00:10-00:40,1.0,4.0,93.98419944389718
2025-06-08,00:50-01:10,5.0,7.0,47.448792672480636
2025-06-08,01:30-01:50,9.0,11.0,63.733759816787824
2025-06-08,02:20-04:40,14.0,28.0,307.5266277379028
2025-06-08,04:50-05:50,29.0,35.0,98.6826756098614
2025-06-08,06:20-06:40,38.0,40.0,40.348212797929534
2025-06-08,06:50-07:10,41.0,43.0,0.6808225535137353
2025-06-08,21:40-22:00,130.0,132.0,23.722418600417882
2025-06-08,22:20-23:10,134.0,139.0,253.25007704410632
2025-06-08,23:30-24:00,141.0,144.0,74.11252289854735
2025-06-09,00:20-01:20,2.0,8.0,148.06168341646423
2025-06-09,02:40-03:00,16.0,18.0,50.12797948854245
2025-06-09,03:20-04:50,20.0,29.0,520.9886413465738
2025-06-09,05:00-05:50,30.0,35.0,128.64292602279767
2025-06-09,07:50-08:20,47.0,50.0,174.77265771356093
2025-06-09,11:00-11:10,66.0,67.0,11.943816666666711
2025-06-09,22:50-23:00,137.0,138.0,31.26686794498505
2025-06-09,23:20-24:00,140.0,144.0,196.75626479283505
2025-06-10,00:00-00:20,0.0,2.0,37.215907341247544
2025-06-10,00:30-01:20,3.0,8.0,100.34102715817846
2025-06-10,01:40-02:00,10.0,12.0,49.24698886103522
2025-06-10,02:10-02:40,13.0,16.0,92.48461596594211
2025-06-10,03:10-03:20,19.0,20.0,16.262442786215843
2025-06-10,03:40-05:10,22.0,31.0,383.41724864868434
2025-06-10,05:30-05:40,33.0,34.0,24.756527705839062
2025-06-10,11:20-11:40,68.0,70.0,60.658950000000004
2025-06-10,20:50-21:10,125.0,127.0,22.611808937951082
2025-06-10,21:40-22:00,130.0,132.0,30.85866430445617
2025-06-10,22:30-22:50,135.0,137.0,121.32831618976115
2025-06-10,23:10-24:00,139.0,144.0,64.65794257970856
2025-06-11,02:30-02:50,15.0,17.0,81.01388182817504
2025-06-11,03:50-05:10,23.0,31.0,198.4673095232497
2025-06-11,05:40-07:00,34.0,42.0,164.16900363806855
2025-06-11,08:00-08:10,48.0,49.0,8.185119295716163
2025-06-11,09:30-10:50,57.0,65.0,828.6597860865995
2025-06-11,20:30-22:00,123.0,132.0,130.00254556573054
2025-06-12,03:10-04:10,19.0,25.0,300.91807185935795
2025-06-12,04:20-04:50,26.0,29.0,36.861480008809394
2025-06-12,05:50-06:00,35.0,36.0,36.39781700956553
2025-06-12,11:30-11:40,69.0,70.0,9.28823333333336
2025-06-12,14:30-14:50,87.0,89.0,177.76442600987986
2025-06-12,21:00-21:40,126.0,130.0,93.17883826456443
2025-06-12,22:20-22:30,134.0,135.0,18.051971061679183
2025-06-13,01:30-01:40,9.0,10.0,3.6221413009218963
2025-06-13,02:30-02:40,15.0,16.0,4.6820880838316725
2025-06-13,06:50-07:10,41.0,43.0,14.192756021945371
2025-06-13,08:00-08:10,48.0,49.0,13.859816666666726
2025-06-13,17:10-17:30,103.0,105.0,15.99424557795004
2025-06-13,19:40-20:00,118.0,120.0,21.864152709519885
2025-06-13,20:30-21:00,123.0,126.0,113.59682226968414
2025-06-13,22:30-22:40,135.0,136.0,18.35568491593841
2025-06-14,02:10-02:20,13.0,14.0,5.921173051293124
2025-06-14,16:30-16:50,99.0,101.0,51.656129251286586
2025-06-14,19:00-19:20,114.0,116.0,22.116077179223453
2025-06-14,20:40-21:00,124.0,126.0,70.97349966154263
2025-06-14,22:30-23:00,135.0,138.0,65.47394544118197
2025-06-15,01:20-01:40,8.0,10.0,3.0605446892857344
2025-06-15,02:00-02:20,12.0,14.0,11.547405002874484
2025-06-15,03:20-05:20,20.0,32.0,273.68963099016867
2025-06-15,05:40-05:50,34.0,35.0,23.67627359545213
2025-06-15,10:20-10:40,62.0,64.0,83.4140777449806
2025-06-15,10:50-11:00,65.0,66.0,16.88597829590109
2025-06-15,12:40-12:50,76.0,77.0,15.7717725783696
2025-06-15,21:20-21:40,128.0,130.0,127.04708688503752
2025-06-15,22:30-22:50,135.0,137.0,31.13505895047342
2025-06-16,00:00-00:40,0.0,4.0,162.33820285365027
2025-06-16,01:00-02:50,6.0,17.0,214.0181806013453
2025-06-16,03:00-03:20,18.0,20.0,25.40317442796436
2025-06-16,03:30-03:50,21.0,23.0,80.43619719828143
2025-06-16,04:00-04:30,24.0,27.0,82.97297336542101
2025-06-16,04:40-06:50,28.0,41.0,440.23609461980607
2025-06-16,12:30-12:40,75.0,76.0,37.314619579208205
2025-06-16,15:10-15:30,91.0,93.0,46.742673758801914
2025-06-16,20:30-20:40,123.0,124.0,19.82105216039497
2025-06-16,20:50-21:20,125.0,128.0,125.79320457668916
2025-06-16,21:30-21:40,129.0,130.0,23.36182380774312
2025-06-16,21:50-22:00,131.0,132.0,10.209284474118817
2025-06-16,22:30-23:10,135.0,139.0,127.56231145553284
2025-06-17,00:20-01:00,2.0,6.0,203.32857125034536
2025-06-17,01:20-01:30,8.0,9.0,32.99941152544841
2025-06-17,01:50-02:00,11.0,12.0,14.325593920550318
2025-06-17,02:10-02:30,13.0,15.0,1.4068771294795397
2025-06-17,02:50-03:00,17.0,18.0,47.79537450462669
2025-06-17,03:20-04:20,20.0,26.0,247.81802144473534
2025-06-17,04:30-04:40,27.0,28.0,0.3048186266501034
2025-06-17,04:50-05:20,29.0,32.0,110.09501741290012
2025-06-17,11:30-11:40,69.0,70.0,80.2214666666667
2025-06-17,12:30-12:40,75.0,76.0,67.56048333333335
2025-06-17,13:00-13:40,78.0,82.0,308.2305029926593
2025-06-17,21:00-21:40,126.0,130.0,91.77305828051885
2025-06-17,22:10-22:40,133.0,136.0,98.73497238456014
2025-06-17,22:50-23:40,137.0,142.0,127.91008344776117
2025-06-18,01:00-01:10,6.0,7.0,6.262142006414251
2025-06-18,01:40-02:00,10.0,12.0,38.53386859480702
2025-06-18,02:20-02:50,14.0,17.0,120.90969957795039
2025-06-18,03:40-04:00,22.0,24.0,37.473271713224335
2025-06-18,04:10-05:00,25.0,30.0,185.52301873892543
2025-06-18,05:20-05:40,32.0,34.0,32.671352776624076
2025-06-18,12:00-12:10,72.0,73.0,0.6581333333333532
2025-06-18,21:10-21:50,127.0,131.0,146.9110560358465
2025-06-18,22:40-23:10,136.0,139.0,112.88921534777103
2025-06-18,23:20-24:00,140.0,144.0,63.818288296292394
2025-06-19,00:00-00:20,0.0,2.0,65.51694959492443
2025-06-19,00:40-01:10,4.0,7.0,53.25317620609485
2025-06-19,01:20-01:40,8.0,10.0,39.812972197521844
2025-06-19,01:50-02:20,11.0,14.0,87.54764440866165
2025-06-19,02:40-02:50,16.0,17.0,4.915351482509891
2025-06-19,03:40-04:00,22.0,24.0,30.001860130285422
2025-06-19,04:10-05:50,25.0,35.0,392.3380293151475
2025-06-19,06:00-06:20,36.0,38.0,42.070981678034514
2025-06-19,20:40-21:50,124.0,131.0,260.69962626207007
2025-06-19,22:00-22:10,132.0,133.0,8.595004884094237
2025-06-19,22:40-23:10,136.0,139.0,115.08304905923535
2025-06-20,01:00-01:20,6.0,8.0,42.81211077624715
2025-06-20,03:20-03:30,20.0,21.0,33.63778539775126
2025-06-20,16:40-17:10,100.0,103.0,102.70391621078215
2025-06-20,17:50-18:10,107.0,109.0,27.130794093740406
2025-06-20,21:40-21:50,130.0,131.0,1.4287241952257546
2025-06-20,22:50-23:00,137.0,138.0,20.454909861522424
2025-06-21,01:20-01:30,8.0,9.0,14.140299380454849
2025-06-21,01:50-02:00,11.0,12.0,15.861624125109984
2025-06-21,02:50-03:30,17.0,21.0,194.27406308380404
2025-06-21,04:00-04:20,24.0,26.0,52.324134176215125
2025-06-21,04:40-05:10,28.0,31.0,22.360580589475546
2025-06-21,21:20-21:30,128.0,129.0,20.21101683027939
2025-06-22,00:50-01:30,5.0,9.0,219.0186648621077
2025-06-22,02:00-02:10,12.0,13.0,18.818048003185595
2025-06-22,02:30-02:50,15.0,17.0,62.097981341938294
2025-06-22,03:40-03:50,22.0,23.0,9.387800753940155
2025-06-22,04:10-04:20,25.0,26.0,23.468997748525794
2025-06-22,14:00-14:20,84.0,86.0,65.87631832019483
2025-06-22,14:30-14:40,87.0,88.0,21.209752774665247
2025-06-22,20:20-20:30,122.0,123.0,1.8391007315623256
2025-06-22,20:40-21:10,124.0,127.0,31.70506472650675
2025-06-22,21:30-21:50,129.0,131.0,36.76950437233859
2025-06-22,22:20-22:50,134.0,137.0,56.26943348677753
2025-06-23,02:20-02:30,14.0,15.0,27.325668441590892
2025-06-23,03:00-03:10,18.0,19.0,6.643992673525872
2025-06-23,03:20-03:30,20.0,21.0,7.4768430154604175
2025-06-23,03:50-04:00,23.0,24.0,55.82202564775082
2025-06-23,04:10-04:30,25.0,27.0,29.852758354829348
2025-06-23,04:50-05:00,29.0,30.0,22.103814502666637
2025-06-23,05:20-05:30,32.0,33.0,9.863001227414088
2025-06-23,05:50-06:20,35.0,38.0,50.36824900679733
2025-06-23,06:40-06:50,40.0,41.0,8.654433333333373
2025-06-23,20:10-20:20,121.0,122.0,4.660041766392624
2025-06-23,20:30-21:10,123.0,127.0,130.32713997539508
2025-06-23,21:20-22:30,128.0,135.0,376.6582512260552
2025-06-24,01:00-02:10,6.0,13.0,218.44144183592084
2025-06-24,02:40-02:50,16.0,17.0,4.239988792288955
2025-06-24,03:20-03:30,20.0,21.0,20.499332633781364
2025-06-24,04:20-05:10,26.0,31.0,45.20405632767927
2025-06-24,05:20-05:30,32.0,33.0,14.973897623226094
2025-06-24,05:40-06:10,34.0,37.0,36.760916993967044
2025-06-24,06:20-07:00,38.0,42.0,72.88515100442424
2025-06-24,07:50-08:20,47.0,50.0,259.0963145534122
2025-06-24,08:30-08:40,51.0,52.0,3.69046666666668
2025-06-24,09:10-12:20,55.0,74.0,2283.331991042377
2025-06-24,20:10-20:20,121.0,122.0,30.098801915054082
2025-06-24,20:30-21:20,123.0,128.0,263.2727367323962
2025-06-24,21:30-21:50,129.0,131.0,31.974733486719742
2025-06-24,22:00-22:20,132.0,134.0,45.78536715833059
2025-06-24,22:30-22:50,135.0,137.0,59.042470733203345
2025-06-25,01:30-01:40,9.0,10.0,27.0773555244034
2025-06-25,02:40-02:50,16.0,17.0,2.0282424226253397
2025-06-25,03:50-04:30,23.0,27.0,37.51197421746451
2025-06-25,06:30-06:40,39.0,40.0,10.754659928684305
2025-06-25,10:30-11:40,63.0,70.0,715.3499182829134
2025-06-25,20:00-20:20,120.0,122.0,77.12460087138584
2025-06-25,21:00-21:20,126.0,128.0,39.33705476432783
2025-06-25,21:30-22:20,129.0,134.0,249.4098303487417
2025-06-25,22:30-22:50,135.0,137.0,69.23997523236574
2025-06-26,04:00-04:20,24.0,26.0,34.73922824239037
2025-06-26,06:50-07:00,41.0,42.0,13.8000608895818
2025-06-26,09:00-09:20,54.0,56.0,112.35260028761337
2025-06-26,10:20-10:30,62.0,63.0,40.12999999999996
2025-06-26,10:50-11:00,65.0,66.0,23.622083333333347
2025-06-26,19:50-20:10,119.0,121.0,27.443408089209697
2025-06-26,20:20-20:40,122.0,124.0,56.35715562029509
2025-06-26,21:00-22:00,126.0,132.0,286.14061912557463
2025-06-26,23:30-23:40,141.0,142.0,12.379114624649219
2025-06-27,03:50-04:00,23.0,24.0,21.130101553688917
2025-06-27,04:30-05:10,27.0,31.0,67.09743861342906
2025-06-27,17:40-17:50,106.0,107.0,9.044278182833978
2025-06-27,18:20-18:30,110.0,111.0,8.828897371911125
2025-06-27,18:50-19:10,113.0,115.0,48.999354383508376
2025-06-27,19:40-19:50,118.0,119.0,17.353070775165065
2025-06-28,04:30-05:00,27.0,30.0,113.7509848819958
2025-06-28,16:20-17:00,98.0,102.0,89.85969641179494
2025-06-28,19:20-19:30,116.0,117.0,3.0110943257925555
2025-06-28,19:50-20:10,119.0,121.0,98.2965942572506
2025-06-28,20:40-21:20,124.0,128.0,124.00474265089144
2025-06-29,01:20-01:30,8.0,9.0,7.223763172357621
2025-06-29,01:40-02:10,10.0,13.0,57.551595542211544
2025-06-29,02:30-02:40,15.0,16.0,13.911621044874664
2025-06-29,03:50-04:50,23.0,29.0,157.75052590233872
2025-06-29,06:00-06:10,36.0,37.0,0.9367867940381984
2025-06-29,06:50-07:00,41.0,42.0,3.5520833333333144
2025-06-29,08:10-08:30,49.0,51.0,14.420599999999865
2025-06-29,09:10-09:30,55.0,57.0,36.170829850877055
2025-06-29,11:30-11:50,69.0,71.0,57.80002735922811
2025-06-29,20:50-22:10,125.0,133.0,385.13061935361486
2025-06-29,22:20-22:40,134.0,136.0,22.548399374846326
2025-06-30,00:50-01:00,5.0,6.0,47.7779432362629
2025-06-30,01:20-01:50,8.0,11.0,24.050910255775307
2025-06-30,02:00-02:10,12.0,13.0,7.052289502431336
2025-06-30,02:50-03:00,17.0,18.0,14.142085080630295
2025-06-30,04:30-04:50,27.0,29.0,58.878257914455276
2025-06-30,05:10-05:20,31.0,32.0,9.15380591513565
2025-06-30,05:50-07:20,35.0,44.0,273.0545172494573
2025-06-30,09:00-09:10,54.0,55.0,72.80257804253313
2025-06-30,09:50-10:40,59.0,64.0,237.23882145072582
2025-06-30,20:10-20:50,121.0,125.0,62.79085145653562
2025-06-30,21:00-21:40,126.0,130.0,129.13972087526338
2025-06-30,21:50-22:40,131.0,136.0,147.57567991655628
2025-06-30,22:50-23:00,137.0,138.0,4.724696856325295
2025-06-30,23:40-24:00,142.0,144.0,104.44998255093856
2025-07-01,01:00-05:50,6.0,35.0,2498.295931519641
2025-07-01,06:00-06:10,36.0,37.0,44.84356963664504
2025-07-01,09:00-09:10,54.0,55.0,42.26789832175686
2025-07-01,19:50-23:00,119.0,138.0,2154.537551398692
2025-07-02,01:50-06:10,11.0,37.0,2402.790122070004
2025-07-02,20:00-22:50,120.0,137.0,1720.1350913945291
2025-07-02,23:50-24:00,143.0,144.0,34.43552798423559
2025-07-03,02:40-06:10,16.0,37.0,1461.615705562997
2025-07-03,06:20-06:40,38.0,40.0,21.696553878878035
2025-07-03,07:40-10:10,46.0,61.0,1690.2149377721423
2025-07-03,11:30-11:40,69.0,70.0,40.40125000000004
2025-07-03,14:20-14:40,86.0,88.0,61.154665933345996
2025-07-03,14:50-15:20,89.0,92.0,73.18849014236133
2025-07-03,18:40-18:50,112.0,113.0,1.1058429313072793
2025-07-03,19:50-24:00,119.0,144.0,3173.4610942371382
2025-07-04,04:20-07:10,26.0,43.0,2644.7481790571314
2025-07-04,16:10-16:20,97.0,98.0,21.084191550832827
2025-07-04,16:30-21:20,99.0,128.0,2474.0086932528206
2025-07-04,21:30-22:00,129.0,132.0,72.76099948361059
2025-07-04,22:10-23:00,133.0,138.0,230.65579599583032
2025-07-04,23:20-24:00,140.0,144.0,147.09901409420956
2025-07-05,07:10-07:30,43.0,45.0,81.33565773358256
2025-07-05,15:40-20:50,94.0,125.0,2540.1890251079694
2025-07-05,21:20-21:50,128.0,131.0,72.81437613332025
2025-07-05,22:00-24:00,132.0,144.0,2950.400401534741
2025-07-06,02:40-06:50,16.0,41.0,1810.1490081683896
2025-07-06,07:50-08:10,47.0,49.0,85.64560060171488
2025-07-06,08:20-08:50,50.0,53.0,665.0386748745859
2025-07-06,09:00-09:30,54.0,57.0,58.15335360024136
2025-07-06,09:50-10:10,59.0,61.0,118.94545412037921
2025-07-06,14:30-14:50,87.0,89.0,53.39380644840634
2025-07-06,15:20-15:30,92.0,93.0,40.163951448309376
2025-07-06,15:50-16:00,95.0,96.0,68.16169205456606
2025-07-06,20:20-24:00,122.0,144.0,6346.805649813427
2025-07-07,02:50-05:50,17.0,35.0,1214.9484864266915
2025-07-07,08:30-08:40,51.0,52.0,16.922091040283306
2025-07-07,20:30-22:20,123.0,134.0,834.2437118855005
2025-07-07,22:30-22:40,135.0,136.0,3.5869333333332634
2025-07-07,23:50-24:00,143.0,144.0,161.06771365997236
2025-07-08,02:50-03:00,17.0,18.0,83.23893817971657
2025-07-08,03:20-04:00,20.0,24.0,89.70025116458453
2025-07-08,04:20-05:00,26.0,30.0,133.3930765228265
2025-07-08,06:10-06:50,37.0,41.0,94.11398825219169
2025-07-08,07:50-08:10,47.0,49.0,10.469027723781778
2025-07-08,08:20-08:40,50.0,52.0,51.8901600414863
2025-07-08,20:30-20:40,123.0,124.0,18.547496185016257
2025-07-08,21:20-21:30,128.0,129.0,8.183472837339991
2025-07-09,02:20-03:10,14.0,19.0,155.45968224748674
2025-07-09,04:30-04:50,27.0,29.0,15.926205171397555
2025-07-09,06:20-06:30,38.0,39.0,6.874445891741345
2025-07-09,21:20-21:30,128.0,129.0,24.25424702534815
2025-07-10,02:40-03:40,16.0,22.0,215.4536848878538
2025-07-10,04:10-04:50,25.0,29.0,217.0473346649386
2025-07-10,05:00-05:10,30.0,31.0,8.118964234534701
2025-07-10,08:50-09:00,53.0,54.0,15.427999344068041
2025-07-10,09:30-09:40,57.0,58.0,1.6432036916673738
2025-07-10,20:50-21:00,125.0,126.0,16.762100699748146
2025-07-11,05:00-05:10,30.0,31.0,17.016536492194007
2025-07-11,06:10-06:20,37.0,38.0,0.0994368635418823
2025-07-11,06:30-07:40,39.0,46.0,188.2335846881568
2025-07-11,16:30-16:40,99.0,100.0,21.735620065388048
2025-07-12,06:50-07:00,41.0,42.0,7.044416795751403
2025-07-12,17:30-17:50,105.0,107.0,28.246548814077585
2025-07-13,02:20-02:40,14.0,16.0,26.474941323287
2025-07-13,03:00-03:40,18.0,22.0,108.66483378074224
2025-07-13,04:50-05:00,29.0,30.0,0.13270793594085717
2025-07-13,19:50-20:10,119.0,121.0,52.201863126114404
2025-07-13,20:30-21:40,123.0,130.0,276.96529877695036
2025-07-13,23:30-23:40,141.0,142.0,0.1922500000000582
2025-07-14,02:50-04:10,17.0,25.0,239.18441495035893
2025-07-14,04:30-04:40,27.0,28.0,10.7791074296523
2025-07-14,05:00-05:10,30.0,31.0,1.8241244670178958
2025-07-14,20:40-21:30,124.0,129.0,201.01687570605804
2025-07-14,21:50-22:10,131.0,133.0,20.321861771579393
2025-07-15,02:20-02:40,14.0,16.0,109.86755152608168
2025-07-15,03:00-03:40,18.0,22.0,185.57858113862983
2025-07-15,04:30-04:50,27.0,29.0,51.4390507680057
2025-07-15,06:00-06:10,36.0,37.0,13.262512737646034
2025-07-15,21:00-21:40,126.0,130.0,100.45188286730081
2025-07-15,22:00-22:10,132.0,133.0,8.322234737257645
2025-07-16,02:10-02:50,13.0,17.0,110.84921452802018
2025-07-16,03:30-03:50,21.0,23.0,24.292717892445012
2025-07-16,04:00-04:20,24.0,26.0,59.13533712256037
2025-07-16,05:50-06:10,35.0,37.0,99.15098038433518
2025-07-16,20:20-20:30,122.0,123.0,46.2972989169499
2025-07-16,21:20-21:50,128.0,131.0,38.557274178511534
2025-07-16,22:20-22:30,134.0,135.0,27.710000000000036
2025-07-17,03:20-04:20,20.0,26.0,158.03007553076884
2025-07-17,04:40-05:00,28.0,30.0,66.19900024835749
2025-07-17,06:50-07:00,41.0,42.0,20.172350412973174
2025-07-17,07:50-08:00,47.0,48.0,1.573545230168179
2025-07-17,08:50-09:30,53.0,57.0,239.56247210774967
2025-07-17,23:30-23:40,141.0,142.0,48.371307177943095
2025-07-18,17:40-17:50,106.0,107.0,19.918975559116348
2025-07-19,05:00-05:20,30.0,32.0,17.573300724313867
2025-07-19,16:10-16:20,97.0,98.0,7.307611322518369
2025-07-19,16:30-17:00,99.0,102.0,110.35466917035077
2025-07-19,17:20-17:30,104.0,105.0,27.584683589607494
2025-07-19,23:50-24:00,143.0,144.0,5.0184346375122
2025-07-20,06:20-07:00,38.0,42.0,291.3599227376964
2025-07-20,19:20-19:30,116.0,117.0,17.212362013946517
2025-07-20,22:20-22:40,134.0,136.0,14.261885751791397
2025-07-21,05:50-06:00,35.0,36.0,8.14544780616211
2025-07-21,06:20-06:30,38.0,39.0,43.102292004061326
2025-07-21,07:50-08:00,47.0,48.0,11.744729581025524
2025-07-22,13:30-13:50,81.0,83.0,99.93927084119383
2025-07-22,19:20-19:40,116.0,118.0,80.15738872815234
2025-07-22,22:20-22:30,134.0,135.0,18.588067545796548
2025-07-22,23:00-23:10,138.0,139.0,11.59000318540484
2025-07-23,06:20-06:30,38.0,39.0,0.4543035006439027
2025-07-23,06:50-07:10,41.0,43.0,58.967062653556695
2025-07-23,07:50-08:10,47.0,49.0,112.19245921743146
2025-07-23,08:40-09:00,52.0,54.0,41.41950225489671
2025-07-23,19:40-19:50,118.0,119.0,35.42386358061583
2025-07-23,21:00-21:10,126.0,127.0,7.411562328231184
2025-07-24,04:40-04:50,28.0,29.0,6.873863247788904
2025-07-24,05:50-06:00,35.0,36.0,60.188378781235144
2025-07-24,13:00-13:10,78.0,79.0,53.33531672953932
2025-07-24,13:40-13:50,82.0,83.0,1.7609617511635633
2025-07-24,19:20-19:50,116.0,119.0,77.8839702293659
2025-07-24,20:00-20:10,120.0,121.0,11.715164932343441
2025-07-25,07:30-07:50,45.0,47.0,92.85376666666662
2025-07-25,17:20-17:30,104.0,105.0,13.463838738149832
2025-07-25,17:50-18:00,107.0,108.0,9.548130126066894
2025-07-25,18:20-18:40,110.0,112.0,57.73841753332238
2025-07-25,19:30-19:40,117.0,118.0,34.75658259291731
2025-07-25,19:50-20:20,119.0,122.0,68.63875218529881
2025-07-26,05:40-06:00,34.0,36.0,48.829361850644716
2025-07-26,06:20-06:30,38.0,39.0,13.163429180811079
2025-07-26,15:50-16:00,95.0,96.0,24.013880462690274
2025-07-27,05:20-05:40,32.0,34.0,44.08261344930412
2025-07-27,05:50-06:30,35.0,39.0,134.6816617919925
2025-07-27,06:50-07:00,41.0,42.0,6.761695548999057
2025-07-27,08:50-09:20,53.0,56.0,165.9637092373691
2025-07-27,22:20-22:30,134.0,135.0,2.9187054712374447
2025-07-27,23:00-23:10,138.0,139.0,2.9836896044233754
2025-07-28,09:20-09:40,56.0,58.0,104.04173876313314
2025-07-28,09:50-10:30,59.0,63.0,88.8954959115603
2025-07-28,21:10-21:40,127.0,130.0,66.28202896512892
2025-07-28,21:50-22:10,131.0,133.0,121.72491763726407
2025-07-28,23:10-23:30,139.0,141.0,81.32197127546169
2025-07-29,05:30-05:40,33.0,34.0,18.057545963144662
2025-07-29,09:50-10:00,59.0,60.0,26.27972516710983
2025-07-29,10:10-11:10,61.0,67.0,279.67224999999974
2025-07-29,19:30-19:40,117.0,118.0,22.763766055359383
2025-07-30,06:10-06:20,37.0,38.0,18.901624651202724
2025-07-30,06:30-06:50,39.0,41.0,142.0428420102586
2025-07-30,08:20-09:00,50.0,54.0,122.5940778212836
2025-07-30,22:40-23:00,136.0,138.0,3.7763312673022256
2025-07-31,08:00-08:20,48.0,50.0,26.825847090351772
2025-07-31,09:30-10:00,57.0,60.0,204.0416731973638
2025-07-31,19:20-20:30,116.0,123.0,210.2914873719409
2025-08-01,05:00-05:10,30.0,31.0,1.189942698132711
2025-08-01,16:00-16:10,96.0,97.0,9.171310590756075
2025-08-01,17:30-17:50,105.0,107.0,45.13313861050716
2025-08-01,18:30-19:00,111.0,114.0,54.6603635446661
2025-08-02,15:40-16:50,94.0,101.0,208.29185428104375
2025-08-02,17:10-17:40,103.0,106.0,39.283595286961884
2025-08-02,18:00-18:30,108.0,111.0,138.0025233601981
2025-08-02,18:40-19:00,112.0,114.0,72.93034178858318
2025-08-02,23:50-24:00,143.0,144.0,37.100759299078504
2025-08-03,02:40-03:00,16.0,18.0,23.327779468779454
2025-08-03,03:20-03:30,20.0,21.0,22.687279638272003
2025-08-03,03:50-04:10,23.0,25.0,11.37880500619076
2025-08-03,04:30-04:50,27.0,29.0,23.010084684672393
2025-08-03,05:30-05:50,33.0,35.0,19.584183383058416
2025-08-03,06:30-06:50,39.0,41.0,97.04850962739789
2025-08-03,16:20-16:30,98.0,99.0,10.465110854480827
2025-08-03,17:10-17:40,103.0,106.0,41.861991614706426
2025-08-03,17:50-18:00,107.0,108.0,11.99934966369915
2025-08-03,18:30-19:30,111.0,117.0,238.73763893377156
2025-08-03,19:40-20:10,118.0,121.0,30.530091010206547
2025-08-03,21:30-22:20,129.0,134.0,152.9541259752125
2025-08-03,22:30-22:50,135.0,137.0,105.36031203704238
2025-08-03,23:30-23:40,141.0,142.0,6.139688833105765
2025-08-04,03:20-04:40,20.0,28.0,409.6956422272053
2025-08-04,05:50-06:00,35.0,36.0,35.00070741334514
2025-08-04,14:50-16:10,89.0,97.0,648.5736737487106
2025-08-04,16:20-17:50,98.0,107.0,389.4276290509134
2025-08-04,18:00-18:20,108.0,110.0,19.533758094077825
2025-08-04,18:30-19:00,111.0,114.0,237.36205645143662
2025-08-04,19:20-19:30,116.0,117.0,20.475519634724265
2025-08-04,22:10-22:40,133.0,136.0,52.62424947061368
2025-08-04,23:00-23:10,138.0,139.0,0.41300210219537803
2025-08-04,23:40-24:00,142.0,144.0,23.318234669952176
2025-08-05,03:40-04:00,22.0,24.0,44.37995065999394
2025-08-05,04:20-05:10,26.0,31.0,171.18533839088343
2025-08-05,05:50-06:00,35.0,36.0,2.1780529944171576
2025-08-05,14:50-15:10,89.0,91.0,71.23455315690455
2025-08-05,15:30-15:40,93.0,94.0,18.392091649653366
2025-08-05,17:00-17:20,102.0,104.0,141.07519020000996
2025-08-05,17:40-18:00,106.0,108.0,58.3478583053502
2025-08-05,18:20-19:10,110.0,115.0,89.42338362841713
2025-08-05,20:10-20:20,121.0,122.0,2.7784515439198003
2025-08-05,21:00-21:20,126.0,128.0,109.54099784756875
2025-08-05,21:40-21:50,130.0,131.0,6.4916953067984196
2025-08-05,22:00-22:30,132.0,135.0,50.85632830958832
2025-08-05,22:50-23:00,137.0,138.0,4.4846601256895156
2025-08-05,23:20-23:30,140.0,141.0,24.03841362144317
2025-08-06,03:10-03:50,19.0,23.0,191.88280370596533
2025-08-06,04:10-04:20,25.0,26.0,6.215592702871163
2025-08-06,04:50-05:10,29.0,31.0,34.5739049096519
2025-08-06,05:40-06:00,34.0,36.0,73.45225068947025
2025-08-06,14:10-16:30,85.0,99.0,2081.1525431992955
2025-08-06,17:00-18:00,102.0,108.0,234.34021488471944
2025-08-06,18:10-18:40,109.0,112.0,119.67919610138631
2025-08-06,19:00-19:20,114.0,116.0,58.34170194145747
2025-08-06,21:00-21:20,126.0,128.0,76.87457538962656
2025-08-06,21:40-21:50,130.0,131.0,6.912192787566596
2025-08-06,22:20-22:40,134.0,136.0,43.063880076409646
2025-08-06,23:10-23:20,139.0,140.0,37.52152295897167
2025-08-06,23:40-24:00,142.0,144.0,63.89961605688654
2025-08-07,02:40-02:50,16.0,17.0,47.67648835433886
2025-08-07,03:00-03:20,18.0,20.0,83.89897896229502
2025-08-07,04:00-04:20,24.0,26.0,107.86221411134886
2025-08-07,04:50-05:20,29.0,32.0,115.30649430652761
2025-08-07,06:20-07:00,38.0,42.0,102.57670622105763
2025-08-07,07:50-08:00,47.0,48.0,36.458749999999895
2025-08-07,17:40-19:00,106.0,114.0,209.00332293019562
2025-08-07,19:20-19:50,116.0,119.0,104.54210096348118
2025-08-07,20:00-20:20,120.0,122.0,36.19169252949507
2025-08-07,21:40-22:30,130.0,135.0,136.77548019012852
2025-08-07,22:50-23:00,137.0,138.0,15.045817714367217
2025-08-08,16:20-16:30,98.0,99.0,72.45831781924612
2025-08-08,16:50-17:20,101.0,104.0,92.52912228479036
2025-08-08,17:50-18:20,107.0,110.0,103.30469725831665
2025-08-08,18:30-19:00,111.0,114.0,63.44391838736044
2025-08-08,19:20-20:00,116.0,120.0,85.00499024479802
2025-08-08,21:50-22:00,131.0,132.0,32.980037617130165
2025-08-09,16:00-16:10,96.0,97.0,1.4184666666666697
2025-08-09,16:30-17:30,99.0,105.0,194.59925773152008
2025-08-09,17:50-18:00,107.0,108.0,15.153236650956728
2025-08-09,18:30-19:20,111.0,116.0,184.29576999642666
2025-08-09,21:20-22:00,128.0,132.0,96.27190237390664
2025-08-09,22:20-23:00,134.0,138.0,74.70423917772337
2025-08-10,02:40-03:20,16.0,20.0,136.76478243596478
2025-08-10,03:40-04:50,22.0,29.0,100.97833735328447
2025-08-10,05:00-05:20,30.0,32.0,46.720801859023936
2025-08-10,15:10-16:10,91.0,97.0,452.37888750786243
2025-08-10,16:30-16:50,99.0,101.0,122.15424438862931
2025-08-10,17:10-17:40,103.0,106.0,63.37664936178851
2025-08-10,18:10-18:40,109.0,112.0,32.580844182335795
2025-08-10,19:00-19:10,114.0,115.0,2.745834080627219
2025-08-10,20:10-20:40,121.0,124.0,36.999757929749876
2025-08-10,22:50-23:00,137.0,138.0,31.79561136069765
2025-08-11,02:50-03:40,17.0,22.0,214.4150321043213
2025-08-11,04:10-05:00,25.0,30.0,85.56981335526166
2025-08-11,05:10-05:30,31.0,33.0,18.93032724393356
2025-08-11,06:40-06:50,40.0,41.0,23.272203582455802
2025-08-11,14:40-15:20,88.0,92.0,150.78849096265037
2025-08-11,15:30-15:40,93.0,94.0,5.834303449852598
2025-08-11,17:40-18:00,106.0,108.0,41.23096982381185
2025-08-11,18:10-18:30,109.0,111.0,79.5055523055994
2025-08-11,18:50-19:40,113.0,118.0,379.2695887853174
2025-08-11,20:00-20:20,120.0,122.0,31.65046363158274
2025-08-11,22:00-22:20,132.0,134.0,19.946093359290444
2025-08-12,02:50-03:50,17.0,23.0,369.6457328639269
2025-08-12,04:00-04:20,24.0,26.0,73.9987303465731
2025-08-12,04:40-05:30,28.0,33.0,207.33397551295673
2025-08-12,14:10-16:40,85.0,100.0,1240.6445264877989
2025-08-12,17:20-19:30,104.0,117.0,714.9672932259459
2025-08-12,20:30-21:00,123.0,126.0,73.8671674768616
2025-08-13,02:40-03:10,16.0,19.0,205.32270976030043
2025-08-13,03:40-04:00,22.0,24.0,53.808764811489254
2025-08-13,04:20-05:30,26.0,33.0,345.0840392414972
2025-08-13,05:50-06:10,35.0,37.0,39.99473262346726
2025-08-13,06:30-06:50,39.0,41.0,39.354311202592896
2025-08-13,14:00-14:20,84.0,86.0,68.37796666666675
2025-08-13,17:00-17:50,102.0,107.0,123.80900684403571
2025-08-13,18:00-18:10,108.0,109.0,9.444194436452563
2025-08-13,18:30-19:40,111.0,118.0,473.74510604564057
2025-08-13,20:30-20:50,123.0,125.0,12.373707699362285
2025-08-13,21:10-21:20,127.0,128.0,0.6039411599409732
2025-08-14,03:20-04:00,20.0,24.0,291.81188346874353
2025-08-14,04:10-04:40,25.0,28.0,65.494538225047
2025-08-14,05:20-06:00,32.0,36.0,123.14462032015729
2025-08-14,06:20-07:00,38.0,42.0,99.62148803430023
2025-08-14,08:00-08:10,48.0,49.0,75.17885000000001
2025-08-14,15:10-18:30,91.0,111.0,1280.655691167203
2025-08-14,18:40-19:50,112.0,119.0,264.3698389233389
2025-08-14,20:30-21:20,123.0,128.0,163.21453720041495
2025-08-14,21:30-21:40,129.0,130.0,26.978799421111148
2025-08-14,22:30-22:50,135.0,137.0,31.741992559239407
2025-08-15,05:00-05:20,30.0,32.0,29.84191070997298
2025-08-15,16:20-16:50,98.0,101.0,177.36555860220886
2025-08-15,17:40-17:50,106.0,107.0,1.7700707564560503
2025-08-15,18:20-19:20,110.0,116.0,202.4384085461876
2025-08-15,19:40-20:00,118.0,120.0,105.3257160553278
2025-08-15,23:00-23:20,138.0,140.0,12.597248927214991
2025-08-15,23:50-24:00,143.0,144.0,0.042073913999388424
2025-08-16,16:00-16:20,96.0,98.0,31.917918109828396
2025-08-16,16:30-16:50,99.0,101.0,78.06253445195458
2025-08-16,17:10-17:20,103.0,104.0,10.05635551004599
2025-08-16,17:50-18:50,107.0,113.0,234.6272814860281
2025-08-16,20:10-20:30,121.0,123.0,58.92430957179067
2025-08-17,04:50-05:30,29.0,33.0,110.0754908342717
2025-08-17,06:00-06:20,36.0,38.0,61.3165599775316
2025-08-17,06:30-07:10,39.0,43.0,50.571810033059194
2025-08-17,16:00-16:40,96.0,100.0,244.10154681093047
2025-08-17,17:30-17:50,105.0,107.0,91.27860760782505
2025-08-17,18:10-18:30,109.0,111.0,74.50538119046507
2025-08-17,19:10-19:40,115.0,118.0,10.926420724187096
2025-08-17,20:50-21:00,125.0,126.0,246.94545236609886
2025-08-17,21:50-22:00,131.0,132.0,2.4274103050265694
2025-08-18,04:40-05:20,28.0,32.0,111.85416643729104
2025-08-18,05:40-06:10,34.0,37.0,85.12111482409341
2025-08-18,14:20-14:30,86.0,87.0,8.03125
2025-08-18,14:40-15:00,88.0,90.0,86.64670136639003
2025-08-18,15:40-15:50,94.0,95.0,14.470236571524197
2025-08-18,16:00-16:30,96.0,99.0,130.6793532399372
2025-08-18,16:40-17:00,100.0,102.0,80.994469045669
2025-08-18,17:10-17:40,103.0,106.0,244.80629563895286
2025-08-18,20:20-20:30,122.0,123.0,21.835724466672104
2025-08-19,04:20-04:40,26.0,28.0,33.34723387745191
2025-08-19,05:20-05:30,32.0,33.0,7.747440293479826
2025-08-19,14:40-16:10,88.0,97.0,577.3557886637493
2025-08-19,18:10-18:30,109.0,111.0,55.16269391232288
2025-08-19,19:20-19:30,116.0,117.0,0.9298018425525925
2025-08-19,20:00-20:10,120.0,121.0,0.9361895263593851
2025-08-19,21:20-21:40,128.0,130.0,35.533519243993965
2025-08-20,04:40-04:50,28.0,29.0,6.009903235629167
2025-08-20,05:40-05:50,34.0,35.0,18.425725799659745
2025-08-20,06:00-07:10,36.0,43.0,279.70334481291013
2025-08-20,07:50-08:00,47.0,48.0,15.923780275881995
2025-08-20,08:50-09:30,53.0,57.0,251.0592059639324
2025-08-20,14:20-15:00,86.0,90.0,219.89130550196796
2025-08-20,15:20-15:30,92.0,93.0,15.458848828318423
2025-08-20,16:20-17:30,98.0,105.0,285.7440649040228
2025-08-20,17:50-18:10,107.0,109.0,141.56737703900876
2025-08-20,19:40-20:00,118.0,120.0,32.67262841953834
2025-08-20,20:20-21:00,122.0,126.0,1467.2099931751345
2025-08-20,23:00-23:30,138.0,141.0,31.1605279235049
2025-08-21,04:30-05:10,27.0,31.0,154.9531550389039
2025-08-21,15:20-15:30,92.0,93.0,88.17812772459911
2025-08-21,15:50-16:20,95.0,98.0,145.66488422099957
2025-08-21,17:30-17:50,105.0,107.0,25.70928239933403
2025-08-21,18:00-18:20,108.0,110.0,221.4780716294971
2025-08-21,18:30-18:50,111.0,113.0,70.85740948911837
2025-08-21,21:50-22:20,131.0,134.0,21.48758599434916
2025-08-22,15:50-17:50,95.0,107.0,853.6780988976345
2025-08-22,18:00-19:00,108.0,114.0,281.1096220070798
2025-08-22,19:20-19:30,116.0,117.0,9.73769128981769
2025-08-22,22:10-22:30,133.0,135.0,39.25782286805406
2025-08-23,16:10-16:40,97.0,100.0,66.12365643631401
2025-08-23,16:50-18:00,101.0,108.0,102.20810728241386
2025-08-23,18:10-18:20,109.0,110.0,17.866531070937526
2025-08-23,21:20-21:50,128.0,131.0,34.08002422558843
2025-08-24,05:20-05:30,32.0,33.0,27.488779660961995
2025-08-24,05:40-07:00,34.0,42.0,278.8604400419657
2025-08-24,14:10-15:30,85.0,93.0,494.3253868540271
2025-08-24,15:50-16:00,95.0,96.0,22.920297401066136
2025-08-24,16:10-16:40,97.0,100.0,104.4841351113854
2025-08-24,16:50-18:20,101.0,110.0,362.99083003983344
2025-08-24,22:20-22:30,134.0,135.0,32.69731719936169
2025-08-24,23:00-23:20,138.0,140.0,17.87995165227926
2025-08-25,04:00-04:20,24.0,26.0,39.053304653775854
2025-08-25,04:50-05:10,29.0,31.0,66.48923179713336
2025-08-25,06:10-07:00,37.0,42.0,210.69851429001568
2025-08-25,14:00-17:10,84.0,103.0,1174.7401355513118
2025-08-25,17:40-18:30,106.0,111.0,123.7474078803856
2025-08-25,23:10-23:20,139.0,140.0,9.904184092827677
2025-08-26,16:10-16:20,97.0,98.0,43.843832853679714
2025-08-26,16:30-17:20,99.0,104.0,289.07181430418166
2025-08-26,17:30-17:50,105.0,107.0,36.07634716936616
2025-08-26,18:00-18:10,108.0,109.0,14.171501050927986
2025-08-27,04:10-04:20,25.0,26.0,4.9976180914011366
2025-08-27,04:50-05:30,29.0,33.0,125.27152751700828
2025-08-27,06:00-06:10,36.0,37.0,12.204778304225329
2025-08-27,06:40-07:00,40.0,42.0,23.330303458110052
2025-08-27,14:10-15:00,85.0,90.0,441.36227704279963
2025-08-27,15:20-16:40,92.0,100.0,290.63751616798754
2025-08-27,17:10-17:50,103.0,107.0,135.13568437412948
2025-08-27,18:20-18:30,110.0,111.0,72.25483594881428
2025-08-27,21:40-21:50,130.0,131.0,1.7525806523084384
2025-08-28,05:50-06:20,35.0,38.0,98.14380722489216
2025-08-28,06:50-07:00,41.0,42.0,20.57749999999993
2025-08-28,09:50-11:10,59.0,67.0,273.75421667288305
2025-08-28,14:50-15:10,89.0,91.0,185.32756698369855
2025-08-28,17:00-17:30,102.0,105.0,262.59646509937977
2025-08-28,18:20-19:00,110.0,114.0,224.48908532861492
2025-08-28,19:50-20:00,119.0,120.0,2.0466410732518625
2025-08-28,21:10-21:40,127.0,130.0,789.560934113171
2025-08-28,22:50-23:00,137.0,138.0,42.197306347304334
2025-08-29,15:40-17:00,94.0,102.0,320.34421921458505
2025-08-29,17:30-17:50,105.0,107.0,36.00699862749224
2025-08-29,18:30-18:40,111.0,112.0,41.680120827617884
2025-08-29,20:00-20:20,120.0,122.0,91.77589514385102
2025-08-30,05:20-05:30,32.0,33.0,18.686457772574386
2025-08-30,16:00-16:40,96.0,100.0,145.42110261518354
2025-08-30,17:30-18:30,105.0,111.0,196.41069364270157
2025-08-30,23:20-23:30,140.0,141.0,13.547116924300553
2025-08-31,04:10-04:30,25.0,27.0,60.29016010085229
2025-08-31,04:50-05:10,29.0,31.0,22.18245492828862
2025-08-31,05:40-06:00,34.0,36.0,82.64768546028392
2025-08-31,06:20-06:30,38.0,39.0,26.967219967607093
2025-08-31,07:00-07:20,42.0,44.0,47.644499999999994
2025-08-31,15:20-17:00,92.0,102.0,417.78018838134466
2025-08-31,18:10-18:20,109.0,110.0,2.060571087587391
2025-08-31,21:30-21:40,129.0,130.0,5.430472741119274
2025-08-31,22:50-23:00,137.0,138.0,17.20186296991426
2025-09-01,无,,,0.0
2025-09-02,05:40-06:00,34.0,36.0,32.50101414278595
2025-09-02,06:40-07:00,40.0,42.0,34.97627758011322
2025-09-03,04:50-05:00,29.0,30.0,6.638772823338172
2025-09-03,15:00-15:20,90.0,92.0,127.31163684008368
2025-09-03,15:30-16:20,93.0,98.0,270.59217504165287
2025-09-03,16:40-16:50,100.0,101.0,26.10473121010557
2025-09-03,17:20-17:30,104.0,105.0,7.536139101155186
2025-09-04,05:30-05:40,33.0,34.0,0.65477173382817
2025-09-04,06:30-06:40,39.0,40.0,4.534327020089393
2025-09-05,无,,,0.0
2025-09-06,无,,,0.0
2025-09-07,05:10-05:30,31.0,33.0,57.49756438556699
2025-09-07,06:40-06:50,40.0,41.0,17.75621013883898
2025-09-08,03:40-04:10,22.0,25.0,17.47067562369068
2025-09-08,04:30-04:50,27.0,29.0,71.53847263868226
2025-09-08,05:00-05:20,30.0,32.0,37.18614166332429
2025-09-08,05:30-06:10,33.0,37.0,111.54007202398452
2025-09-08,14:20-18:40,86.0,112.0,3044.5353022623913
2025-09-08,21:00-21:10,126.0,127.0,149.90339598432735
2025-09-08,21:30-21:40,129.0,130.0,12.330052012366195
2025-09-08,22:50-23:00,137.0,138.0,16.054572072835185
2025-09-08,23:50-24:00,143.0,144.0,40.543317328023136
2025-09-09,04:10-04:20,25.0,26.0,14.999647012951755
2025-09-09,05:20-05:30,32.0,33.0,24.28276601867674
2025-09-09,16:00-16:50,96.0,101.0,351.84286556996574
2025-09-09,17:20-18:40,104.0,112.0,471.71712424681743
2025-09-09,20:10-20:30,121.0,123.0,17.540844427212846
2025-09-09,21:20-21:30,128.0,129.0,13.492481365430422
2025-09-10,05:50-07:10,35.0,43.0,174.808931896942
2025-09-10,08:20-09:40,50.0,58.0,195.31773541385627
2025-09-10,13:50-15:00,83.0,90.0,341.9451087372385
2025-09-10,15:20-15:30,92.0,93.0,62.72608662961301
2025-09-10,15:50-16:10,95.0,97.0,61.670402154864234
2025-09-10,16:20-16:50,98.0,101.0,122.25804048057347
2025-09-10,17:00-18:10,102.0,109.0,222.30777450874632
2025-09-10,18:30-18:40,111.0,112.0,22.23866424599362
2025-09-10,19:30-19:40,117.0,118.0,45.44327595604693
2025-09-10,20:10-21:40,121.0,130.0,2553.6355265007287
2025-09-11,04:10-04:20,25.0,26.0,3.459771527343378
2025-09-11,05:30-05:40,33.0,34.0,17.658393287593015
2025-09-11,15:40-16:00,94.0,96.0,71.51224438218958
2025-09-11,16:10-17:40,97.0,106.0,799.5531396515432
2025-09-11,18:00-18:40,108.0,112.0,227.60481105562246
2025-09-11,20:20-20:30,122.0,123.0,26.429723055557815
2025-09-11,21:10-21:30,127.0,129.0,31.57959388755512
2025-09-12,07:20-07:40,44.0,46.0,158.2639166666666
2025-09-12,16:10-16:50,97.0,101.0,241.78347150632013
2025-09-12,17:00-18:40,102.0,112.0,292.3399665176612
2025-09-12,19:10-19:20,115.0,116.0,2.8924266932955334
2025-09-12,21:00-21:20,126.0,128.0,68.4163634429492
2025-09-13,15:50-16:20,95.0,98.0,206.49847386874626
2025-09-13,16:30-17:20,99.0,104.0,329.30910905262
2025-09-13,17:40-18:00,106.0,108.0,86.57641862070909
2025-09-13,18:20-18:50,110.0,113.0,38.529752834976875
2025-09-13,19:00-19:20,114.0,116.0,60.201533077202726
2025-09-13,21:40-21:50,130.0,131.0,7.234942046673154
2025-09-13,22:40-22:50,136.0,137.0,5.979020524699138
2025-09-14,03:20-04:20,20.0,26.0,147.43056393052996
2025-09-14,04:30-04:50,27.0,29.0,64.45903498480993
2025-09-14,05:20-05:40,32.0,34.0,9.603736957156912
2025-09-14,06:20-06:30,38.0,39.0,0.5016070635583105
2025-09-14,14:40-18:40,88.0,112.0,1243.0477800554195
2025-09-14,20:20-21:00,122.0,126.0,898.3666241956101
2025-09-14,21:30-22:30,129.0,135.0,120.44097632207706
2025-09-14,22:50-23:30,137.0,141.0,109.85973918387117
2025-09-15,03:40-04:00,22.0,24.0,21.450574632101393
2025-09-15,04:10-04:20,25.0,26.0,1.4442253284749995
2025-09-15,05:30-06:00,33.0,36.0,59.895662129626885
2025-09-15,06:20-06:50,38.0,41.0,88.32149126922695
2025-09-15,14:30-16:30,87.0,99.0,744.0203828906177
2025-09-15,17:20-18:10,104.0,109.0,201.34355910658792
2025-09-15,18:30-18:50,111.0,113.0,63.85850563620147
2025-09-15,19:40-19:50,118.0,119.0,1.1717666666665991
2025-09-15,22:30-22:50,135.0,137.0,24.213788911878737
2025-09-16,03:40-04:20,22.0,26.0,159.50992371381767
2025-09-16,04:30-04:40,27.0,28.0,7.499951602314923
2025-09-16,05:40-05:50,34.0,35.0,10.472276762901913
2025-09-16,15:00-15:40,90.0,94.0,155.5752742921315
2025-09-16,16:40-17:50,100.0,107.0,280.58921692193553
2025-09-16,18:30-18:50,111.0,113.0,109.22375834640513
2025-09-16,19:10-19:20,115.0,116.0,8.238266666666732
2025-09-16,20:30-20:50,123.0,125.0,55.50535537177166
2025-09-16,21:30-21:50,129.0,131.0,39.79087546583605
2025-09-16,23:20-23:30,140.0,141.0,53.77669010616114
2025-09-17,03:40-04:00,22.0,24.0,37.93975037435746
2025-09-17,04:20-04:30,26.0,27.0,1.9092033468650698
2025-09-17,04:50-05:00,29.0,30.0,15.466529409874965
2025-09-17,05:10-05:40,31.0,34.0,75.69298928775345
2025-09-17,09:50-10:00,59.0,60.0,6.2941666666667215
2025-09-17,15:20-17:50,92.0,107.0,944.1384971873741
2025-09-17,18:00-18:40,108.0,112.0,147.13373294436872
2025-09-17,20:10-20:40,121.0,124.0,1557.5549209660671
2025-09-17,21:10-21:20,127.0,128.0,13.351373464449125
2025-09-17,22:30-22:50,135.0,137.0,83.91342727298093
2025-09-17,23:20-23:40,140.0,142.0,27.329618071709206
2025-09-18,03:50-04:00,23.0,24.0,56.16474344365099
2025-09-18,04:50-05:00,29.0,30.0,4.901358528860442
2025-09-18,05:10-05:30,31.0,33.0,53.716943611012084
2025-09-18,05:50-06:00,35.0,36.0,22.577612230610384
2025-09-18,14:30-18:30,87.0,111.0,982.0222211820217
2025-09-18,18:40-19:10,112.0,115.0,56.27435606081383
2025-09-18,19:30-19:40,117.0,118.0,40.193362135437155
2025-09-18,20:10-20:20,121.0,122.0,9.26064001322493
2025-09-18,21:30-21:50,129.0,131.0,87.8171344687986
2025-09-18,22:10-22:20,133.0,134.0,13.709374176904362
2025-09-18,23:00-23:10,138.0,139.0,5.436183863851625
2025-09-18,23:30-23:40,141.0,142.0,31.200110101865334
2025-09-19,15:50-17:50,95.0,107.0,768.8003487813997
2025-09-19,18:00-18:20,108.0,110.0,89.43182199968714
2025-09-19,18:30-19:20,111.0,116.0,146.60008641101888
2025-09-19,19:30-19:50,117.0,119.0,59.05539081535528
2025-09-19,21:20-21:30,128.0,129.0,7.983679921548173
2025-09-19,22:30-22:40,135.0,136.0,12.369801277952035
2025-09-20,07:00-07:50,42.0,47.0,310.01969129396264
2025-09-20,15:40-16:00,94.0,96.0,23.958267559957164
2025-09-20,16:10-16:50,97.0,101.0,197.33831571330688
2025-09-20,17:20-17:40,104.0,106.0,65.08147064205872
2025-09-20,17:50-18:20,107.0,110.0,124.00696522779958
2025-09-20,18:40-19:20,112.0,116.0,226.7068522196281
2025-09-20,22:20-22:30,134.0,135.0,13.497613471278044
2025-09-20,23:40-24:00,142.0,144.0,26.255254193224573
2025-09-21,03:00-04:00,18.0,24.0,222.69738426145068
2025-09-21,04:20-04:40,26.0,28.0,27.748690479615902
2025-09-21,05:00-05:10,30.0,31.0,4.761179281169689
2025-09-21,05:20-06:20,32.0,38.0,113.09056110229318
2025-09-21,16:00-16:20,96.0,98.0,39.083389079054086
2025-09-21,16:30-18:20,99.0,110.0,387.05073959365495
2025-09-21,18:30-18:50,111.0,113.0,111.99435282059596
2025-09-21,20:30-20:40,123.0,124.0,13.0338420087013
2025-09-21,21:00-21:20,126.0,128.0,26.466081387575173
2025-09-21,22:40-22:50,136.0,137.0,14.859528439832388
2025-09-22,03:40-04:20,22.0,26.0,111.28336925065037
2025-09-22,05:00-05:30,30.0,33.0,99.37479779674277
2025-09-22,06:10-06:20,37.0,38.0,1.0130126127393169
2025-09-22,06:50-07:00,41.0,42.0,23.452732063888448
2025-09-22,14:30-17:50,87.0,107.0,1911.6262625861518
2025-09-22,18:10-18:30,109.0,111.0,81.20398727754184
2025-09-22,19:50-20:00,119.0,120.0,10.906666666666524
2025-09-22,20:30-20:40,123.0,124.0,268.9512362591102
2025-09-22,21:00-21:20,126.0,128.0,54.25908575028609
2025-09-22,21:40-22:00,130.0,132.0,74.94305033112198
2025-09-22,22:50-23:10,137.0,139.0,38.38154441167944
2025-09-22,23:20-23:30,140.0,141.0,5.105149514645063
2025-09-23,03:30-04:00,21.0,24.0,42.514771955260926
2025-09-23,04:50-05:20,29.0,32.0,58.10133544043197
2025-09-23,06:10-06:30,37.0,39.0,17.28419849525619
2025-09-23,06:40-07:10,40.0,43.0,40.734439480935976
2025-09-23,14:20-15:20,86.0,92.0,704.6899076134106
2025-09-23,15:50-16:50,95.0,101.0,349.8503669723011
2025-09-23,17:00-17:50,102.0,107.0,202.16827120612822
2025-09-23,18:00-18:40,108.0,112.0,149.60340518749558
2025-09-23,20:10-20:30,121.0,123.0,902.4387886056852
2025-09-23,20:50-21:00,125.0,126.0,37.99735262696572
2025-09-23,21:20-21:30,128.0,129.0,16.421722715863098
2025-09-23,22:20-22:30,134.0,135.0,5.8906427761094164
2025-09-24,03:30-03:50,21.0,23.0,116.56053650295246
2025-09-24,04:00-05:30,24.0,33.0,173.28934182529707
2025-09-24,06:10-07:10,37.0,43.0,123.42990562445732
2025-09-24,15:10-15:50,91.0,95.0,34.5296686640302
2025-09-24,16:00-16:20,96.0,98.0,18.24125066441519
2025-09-24,16:40-18:40,100.0,112.0,457.98614930444353
2025-09-24,20:30-20:40,123.0,124.0,350.97643869130275
2025-09-25,03:40-04:10,22.0,25.0,20.71074309997573
2025-09-25,04:20-04:50,26.0,29.0,58.05989588701118
2025-09-25,05:00-05:10,30.0,31.0,28.758281552319886
2025-09-25,05:40-05:50,34.0,35.0,0.790531747156308
2025-09-25,06:20-06:40,38.0,40.0,29.266230002539373
2025-09-25,07:00-07:10,42.0,43.0,6.706542068519184
2025-09-25,14:30-16:50,87.0,101.0,1271.8785914140653
2025-09-25,17:00-18:00,102.0,108.0,311.76885099862716
2025-09-25,18:30-19:00,111.0,114.0,218.83727003119702
2025-09-25,20:50-21:20,125.0,128.0,56.420655875315674
2025-09-25,21:50-22:00,131.0,132.0,16.217674862643094
2025-09-25,22:30-23:10,135.0,139.0,103.862853081195
2025-09-25,23:20-23:40,140.0,142.0,17.402825692241436
2025-09-26,16:30-16:50,99.0,101.0,121.09043682840573
2025-09-26,17:10-17:30,103.0,105.0,43.184282704440534
2025-09-26,18:40-19:00,112.0,114.0,23.156190617498623
2025-09-26,19:10-19:40,115.0,118.0,120.2300576057329
2025-09-26,19:50-20:00,119.0,120.0,17.607074847168974
2025-09-26,23:30-23:40,141.0,142.0,13.700329081639723
2025-09-27,06:40-07:10,40.0,43.0,191.13792707866205
2025-09-27,15:40-17:10,94.0,103.0,545.8190437160637
2025-09-27,17:30-17:50,105.0,107.0,101.78783639484163
2025-09-27,18:10-19:00,109.0,114.0,264.5830937057108
2025-09-27,21:00-21:50,126.0,131.0,234.6238339711225
2025-09-27,23:10-23:40,139.0,142.0,80.39107835956804
2025-09-28,03:20-04:20,20.0,26.0,152.94113256672483
2025-09-28,04:50-05:10,29.0,31.0,46.88783312301564
2025-09-28,05:40-06:00,34.0,36.0,8.469300831415637
2025-09-28,06:20-07:20,38.0,44.0,133.6697918774252
2025-09-28,15:20-15:30,92.0,93.0,5.4753070989260095
2025-09-28,17:10-17:50,103.0,107.0,330.3467273533505
2025-09-28,19:20-19:30,116.0,117.0,9.210487471650936
2025-09-28,20:10-20:50,121.0,125.0,2649.116671408172
2025-09-28,22:10-22:30,133.0,135.0,23.473582072407225
2025-09-28,23:00-24:00,138.0,144.0,125.59023888787397
2025-09-29,03:30-05:00,21.0,30.0,196.94559306841427
2025-09-29,05:20-05:30,32.0,33.0,35.0675441487316
2025-09-29,05:40-06:10,34.0,37.0,82.2363800834164
2025-09-29,06:20-06:40,38.0,40.0,23.272601704308272
2025-09-29,07:10-07:20,43.0,44.0,75.59621614016373
2025-09-29,15:10-16:20,91.0,98.0,365.2070420757457
2025-09-29,16:30-17:50,99.0,107.0,238.6817891267914
2025-09-29,18:00-18:50,108.0,113.0,171.65031521190826
2025-09-29,19:10-19:30,115.0,117.0,30.49484098520486
2025-09-29,20:30-21:00,123.0,126.0,509.2066469233677
2025-09-29,22:10-22:40,133.0,136.0,19.646881258740336
2025-09-29,23:40-24:00,142.0,144.0,85.47096097582971
2025-09-30,03:40-05:30,22.0,33.0,332.8592057491451
2025-09-30,05:40-05:50,34.0,35.0,5.843502737526592
2025-09-30,06:30-07:20,39.0,44.0,177.3040534580773
2025-09-30,13:50-14:10,83.0,85.0,19.755321075337683
2025-09-30,14:40-18:00,88.0,108.0,1148.5012190121865
2025-09-30,18:20-18:30,110.0,111.0,10.690668887244897
2025-09-30,20:00-20:50,120.0,125.0,2356.4759262605303
2025-09-30,22:40-22:50,136.0,137.0,5.417007707893504
2025-09-30,23:00-23:20,138.0,140.0,18.725525283085062
2025-09-30,23:30-24:00,141.0,144.0,45.14223535830797
2025-10-01,03:20-04:00,20.0,24.0,143.2260161681147
2025-10-01,04:10-04:40,25.0,28.0,76.8919926697846
2025-10-01,04:50-05:20,29.0,32.0,56.52640846697341
2025-10-01,05:40-06:00,34.0,36.0,69.7736656811851
2025-10-01,17:50-18:00,107.0,108.0,14.249697993817676
2025-10-02,04:30-04:40,27.0,28.0,7.350521040439617
2025-10-02,05:20-06:00,32.0,36.0,127.37374636424863
2025-10-02,06:50-07:00,41.0,42.0,26.706001480700934
2025-10-02,17:10-17:40,103.0,106.0,50.21568175061611
2025-10-02,18:00-18:10,108.0,109.0,26.721194415627906
2025-10-03,16:20-16:40,98.0,100.0,8.390083427614144
2025-10-03,17:10-17:30,103.0,105.0,12.35229266954633
2025-10-03,17:40-18:00,106.0,108.0,6.6295929959952105
2025-10-04,05:20-05:30,32.0,33.0,22.3855284704548
2025-10-04,05:50-06:40,35.0,40.0,215.2793094185982
2025-10-04,07:00-07:40,42.0,46.0,286.9954674092685
2025-10-04,16:30-16:50,99.0,101.0,45.284134135535965
2025-10-04,17:10-17:30,103.0,105.0,22.52791167322283
2025-10-05,02:50-03:50,17.0,23.0,158.2846828441733
2025-10-05,04:00-05:00,24.0,30.0,76.02229150626329
2025-10-05,06:00-06:20,36.0,38.0,52.90402333653242
2025-10-06,03:30-03:50,21.0,23.0,31.4423687109487
2025-10-06,04:20-04:30,26.0,27.0,1.5372162073421123
2025-10-06,04:50-05:20,29.0,32.0,36.29598618008913
2025-10-06,06:20-06:50,38.0,41.0,93.39683335358814
2025-10-06,07:00-07:20,42.0,44.0,61.97634441729747
2025-10-06,15:30-16:30,93.0,99.0,106.07474165043647
2025-10-06,17:20-17:30,104.0,105.0,7.7350484398706385
2025-10-06,17:50-18:00,107.0,108.0,1.8543936105947978
2025-10-07,05:10-06:30,31.0,39.0,118.48716281187637
2025-10-07,15:20-16:00,92.0,96.0,111.1568109313597
2025-10-08,03:30-03:40,21.0,22.0,0.3025675667449832
2025-10-08,04:40-05:00,28.0,30.0,28.608901927005604
2025-10-08,06:00-06:20,36.0,38.0,71.08767342714987
2025-10-08,06:30-07:00,39.0,42.0,239.75100035812125
2025-10-08,16:00-16:10,96.0,97.0,10.490824005490708
2025-10-08,16:40-18:40,100.0,112.0,446.69145427937303
2025-10-09,04:10-04:20,25.0,26.0,9.488513250954611
2025-10-09,04:40-05:00,28.0,30.0,32.978079547085486
2025-10-09,05:20-05:40,32.0,34.0,30.03305657728322
2025-10-09,06:00-06:30,36.0,39.0,185.11934224335994
2025-10-09,15:10-19:10,91.0,115.0,1242.9958397046385
2025-10-09,21:30-21:40,129.0,130.0,0.35853159160819814
2025-10-10,15:50-16:10,95.0,97.0,79.11373806375431
2025-10-10,16:30-18:40,99.0,112.0,571.4457895125157
2025-10-10,19:10-19:40,115.0,118.0,47.82185413504794
2025-10-10,22:20-22:30,134.0,135.0,11.614138005435905
2025-10-11,15:50-16:10,95.0,97.0,19.063429127955338
2025-10-11,16:20-16:30,98.0,99.0,9.858887836565486
2025-10-11,16:50-17:00,101.0,102.0,5.880707471912984
2025-10-11,17:10-18:30,103.0,111.0,292.5126316384132
2025-10-12,06:00-06:20,36.0,38.0,44.706759205329604
2025-10-12,16:00-16:20,96.0,98.0,35.328264293508425
2025-10-12,16:40-18:20,100.0,110.0,459.70104397697503
2025-10-12,19:00-19:20,114.0,116.0,4.93174874189242
2025-10-12,19:50-20:00,119.0,120.0,17.865858111468242
2025-10-12,22:00-22:10,132.0,133.0,17.902988128604875
2025-10-12,23:30-23:50,141.0,143.0,7.958248113433456
2025-10-13,04:40-05:00,28.0,30.0,9.520411539214365
2025-10-13,05:50-06:00,35.0,36.0,11.004878402799136
2025-10-13,15:50-16:10,95.0,97.0,144.14977606542828
2025-10-13,16:30-18:20,99.0,110.0,422.8063243688862
2025-10-13,19:30-19:40,117.0,118.0,2.4111561853219428
2025-10-13,21:40-21:50,130.0,131.0,3.1385465916681596
2025-10-13,22:20-22:30,134.0,135.0,1.0960215406872749
2025-10-14,03:10-03:20,19.0,20.0,6.088010433489444
2025-10-14,04:40-04:50,28.0,29.0,9.350253130401597
2025-10-14,06:10-06:20,37.0,38.0,19.482770667934574
2025-10-14,06:50-07:30,41.0,45.0,181.92327947772128
2025-10-14,15:40-18:20,94.0,110.0,736.0561692028316
2025-10-14,19:00-19:20,114.0,116.0,32.75149615976977
2025-10-14,19:50-20:00,119.0,120.0,4.795994401117696
2025-10-14,20:20-20:50,122.0,125.0,1121.7897458441425
2025-10-14,23:20-23:40,140.0,142.0,55.95150209535109
2025-10-15,04:00-04:20,24.0,26.0,9.966950274622377
2025-10-15,05:20-05:30,32.0,33.0,51.17676831039108
2025-10-15,16:20-18:20,98.0,110.0,381.8938384990254
2025-10-15,18:40-18:50,112.0,113.0,11.87524054447033
2025-10-15,20:20-21:20,122.0,128.0,1018.0716490608045
2025-10-16,05:00-05:20,30.0,32.0,240.09688296701154
2025-10-16,05:50-06:00,35.0,36.0,10.252466744845833
2025-10-16,06:50-07:00,41.0,42.0,11.330826899492195
2025-10-16,15:10-15:20,91.0,92.0,3.5460616264268197
2025-10-16,15:50-17:50,95.0,107.0,713.3764643655612
2025-10-16,18:00-18:20,108.0,110.0,68.06073626107013
2025-10-16,19:40-19:50,118.0,119.0,6.655249324502051
2025-10-16,20:20-20:50,122.0,125.0,1390.292878446107
2025-10-16,21:40-21:50,130.0,131.0,1.0824738196254202
2025-10-17,02:10-02:20,13.0,14.0,0.970167268282637
2025-10-17,03:20-03:30,20.0,21.0,4.77897148949404
2025-10-17,16:40-17:10,100.0,103.0,31.687438400920144
2025-10-17,17:40-17:50,106.0,107.0,8.895180180510067
2025-10-17,18:00-18:20,108.0,110.0,38.23980564412403
2025-10-17,21:40-21:50,130.0,131.0,4.242835569698343
2025-10-18,01:50-02:00,11.0,12.0,3.736566684766103
2025-10-18,02:50-03:00,17.0,18.0,9.877789761699773
2025-10-18,15:40-17:00,94.0,102.0,348.46858726022805
2025-10-18,17:30-17:50,105.0,107.0,36.36650303797484
2025-10-18,18:00-18:20,108.0,110.0,8.453821751189082
2025-10-18,21:30-22:10,129.0,133.0,53.197715868326895
2025-10-18,23:20-23:30,140.0,141.0,2.8415325524519517
2025-10-19,03:10-03:20,19.0,20.0,1.419674775079443
2025-10-19,03:50-04:00,23.0,24.0,8.582890848166016
2025-10-19,04:20-04:30,26.0,27.0,40.07677139595262
2025-10-19,04:50-05:00,29.0,30.0,13.971386939495574
2025-10-19,05:40-06:10,34.0,37.0,273.6220038017137
2025-10-19,06:20-06:40,38.0,40.0,25.568688660550038
2025-10-19,07:20-07:50,44.0,47.0,70.75180251066587
2025-10-19,16:00-18:20,96.0,110.0,559.7430426480702
2025-10-19,18:30-18:40,111.0,112.0,5.235511621642445
2025-10-19,20:10-20:50,121.0,125.0,1902.1169549837346
2025-10-19,21:20-21:30,128.0,129.0,18.142179426365942
2025-10-20,03:50-04:00,23.0,24.0,4.045843334301253
2025-10-20,05:30-05:40,33.0,34.0,12.752182194956504
2025-10-20,06:10-06:20,37.0,38.0,12.581321404196729
2025-10-20,07:10-07:30,43.0,45.0,25.952234136081643
2025-10-20,09:40-09:50,58.0,59.0,4.906139720045559
2025-10-20,16:10-16:20,97.0,98.0,1.908406260372999
2025-10-20,16:50-17:00,101.0,102.0,12.196225384904892
2025-10-20,17:10-18:20,103.0,110.0,158.0878178177395
2025-10-20,19:00-19:10,114.0,115.0,19.675146559672385
2025-10-20,20:20-20:50,122.0,125.0,1180.3497202820345
2025-10-20,21:10-21:30,127.0,129.0,18.283233062393947
2025-10-20,22:40-22:50,136.0,137.0,8.36626597383247
2025-10-20,23:40-24:00,142.0,144.0,29.47218102633792
2025-10-21,02:50-03:00,17.0,18.0,21.76303608573926
2025-10-21,05:20-05:30,32.0,33.0,4.248436827822843
2025-10-21,05:40-06:00,34.0,36.0,57.59723272264148
2025-10-21,06:20-06:30,38.0,39.0,11.923445261686084
2025-10-21,06:50-07:10,41.0,43.0,35.03751076646347
2025-10-21,07:20-07:30,44.0,45.0,7.076458724809186
2025-10-21,16:00-18:20,96.0,110.0,397.84477137901933
2025-10-21,19:20-19:30,116.0,117.0,9.001731403654276
2025-10-21,20:30-20:50,123.0,125.0,590.9208814863157
2025-10-21,22:40-22:50,136.0,137.0,4.648630937012058
2025-10-21,23:10-23:20,139.0,140.0,19.22040058845721
2025-10-22,05:50-06:00,35.0,36.0,11.480357707792336
2025-10-22,07:10-07:30,43.0,45.0,47.72928783109012
2025-10-22,16:00-18:40,96.0,112.0,701.0107907567533
2025-10-22,20:20-20:50,122.0,125.0,1049.6982617669928
2025-10-22,23:00-23:10,138.0,139.0,3.5902770157300665
2025-10-23,03:20-03:40,20.0,22.0,9.508931805274301
2025-10-23,06:30-06:50,39.0,41.0,23.10872497981461
2025-10-23,16:10-18:20,97.0,110.0,483.69553294318723
2025-10-23,19:00-19:10,114.0,115.0,4.211094172240905
2025-10-23,20:10-20:50,121.0,125.0,514.8130713204532
2025-10-23,22:00-22:20,132.0,134.0,108.76364837428406
2025-10-23,23:00-23:20,138.0,140.0,42.2429260017193
2025-10-24,15:30-18:30,93.0,111.0,846.5766374284585
2025-10-24,21:00-21:20,126.0,128.0,46.95459345290021
2025-10-24,22:50-23:00,137.0,138.0,8.746857978913738
2025-10-25,01:40-01:50,10.0,11.0,2.5005801341227993
2025-10-25,02:50-03:00,17.0,18.0,14.007774841076184
2025-10-25,04:10-04:20,25.0,26.0,2.6414230695519336
2025-10-25,15:40-15:50,94.0,95.0,11.057187434917388
2025-10-25,16:10-16:20,97.0,98.0,7.047506475729733
2025-10-25,17:00-18:10,102.0,109.0,302.9620451546991
2025-10-25,20:30-20:40,123.0,124.0,3.8154032937937927
2025-10-25,21:00-21:20,126.0,128.0,63.78934705279249
2025-10-25,22:50-23:10,137.0,139.0,15.290123516025858
2025-10-26,03:10-03:40,19.0,22.0,113.61258948634486
2025-10-26,04:00-04:20,24.0,26.0,28.793015219899758
2025-10-26,04:30-04:50,27.0,29.0,5.781919786749995
2025-10-26,05:20-05:40,32.0,34.0,60.39174910889881
2025-10-26,06:00-06:30,36.0,39.0,33.68888407071165
2025-10-26,06:50-07:30,41.0,45.0,418.58591655271715
2025-10-26,07:50-08:00,47.0,48.0,31.393937472469702
2025-10-26,16:30-18:10,99.0,109.0,406.72684790667154
2025-10-26,19:20-19:30,116.0,117.0,0.43993462833054764
2025-10-26,20:40-20:50,124.0,125.0,200.1626812558581
2025-10-26,22:40-22:50,136.0,137.0,13.68677721020515
2025-10-26,23:40-23:50,142.0,143.0,5.330815914336654
2025-10-27,03:50-04:30,23.0,27.0,52.42027233591455
2025-10-27,04:40-05:30,28.0,33.0,20.334079161270893
2025-10-27,05:40-06:20,34.0,38.0,113.6897422129174
2025-10-27,06:50-07:20,41.0,44.0,580.6413122223671
2025-10-27,07:30-07:50,45.0,47.0,50.98797044228138
2025-10-27,08:00-08:20,48.0,50.0,46.06152072611724
2025-10-27,16:30-18:20,99.0,110.0,478.03835722448855
2025-10-27,19:40-20:00,118.0,120.0,4.36055776496562
2025-10-27,20:20-20:50,122.0,125.0,1071.411643997664
2025-10-27,22:10-22:20,133.0,134.0,2.8733867167222797
2025-10-27,23:00-23:20,138.0,140.0,13.569406799225362
2025-10-28,03:50-04:00,23.0,24.0,22.488249176923546
2025-10-28,04:20-04:30,26.0,27.0,15.980505449595285
2025-10-28,04:50-05:10,29.0,31.0,12.244284929543369
2025-10-28,06:00-06:10,36.0,37.0,4.6485118652550454
2025-10-28,06:40-07:20,40.0,44.0,331.87913817768083
2025-10-28,07:40-08:20,46.0,50.0,133.2013491800525
2025-10-28,16:30-18:20,99.0,110.0,267.9663775548794
2025-10-28,18:40-18:50,112.0,113.0,1.3160569735397303
2025-10-28,20:20-20:50,122.0,125.0,981.2086634049881
2025-10-28,21:30-21:40,129.0,130.0,12.766203115724807
2025-10-28,22:10-22:30,133.0,135.0,24.83429116113507
2025-10-29,03:50-04:40,23.0,28.0,140.28452183553793
2025-10-29,05:10-05:40,31.0,34.0,67.25491331178512
2025-10-29,06:10-06:30,37.0,39.0,54.60246337972603
2025-10-29,06:50-07:00,41.0,42.0,16.39030695716326
2025-10-29,07:10-07:20,43.0,44.0,239.02584919537665
2025-10-29,09:40-09:50,58.0,59.0,1.2477556664091196
2025-10-29,16:30-18:10,99.0,109.0,374.8637674888686
2025-10-29,18:50-19:00,113.0,114.0,8.676311713346763
2025-10-29,19:50-20:50,119.0,125.0,3085.96400106744
2025-10-29,21:10-21:20,127.0,128.0,2.2370264084541986
2025-10-29,22:00-22:20,132.0,134.0,30.639283200026057
2025-10-30,03:50-04:10,23.0,25.0,81.2863389648619
2025-10-30,04:40-04:50,28.0,29.0,18.38964180846108
2025-10-30,06:00-06:10,36.0,37.0,10.577358574851928
2025-10-30,06:40-07:50,40.0,47.0,522.4098324282777
2025-10-30,08:10-08:20,49.0,50.0,17.26667753784818
2025-10-30,16:30-18:00,99.0,108.0,491.45041660595507
2025-10-30,18:10-18:40,109.0,112.0,78.74724471225079
2025-10-30,19:20-19:30,116.0,117.0,6.25947591318311
2025-10-30,20:40-21:00,124.0,126.0,35.59789714365968
2025-10-30,21:20-21:30,128.0,129.0,48.31109082385444
2025-10-30,21:50-22:00,131.0,132.0,3.976019330548638
2025-10-30,23:10-23:40,139.0,142.0,21.676119151135026
2025-10-31,02:50-03:00,17.0,18.0,34.5569562610403
2025-10-31,04:20-04:40,26.0,28.0,37.45085358402872
2025-10-31,15:20-16:40,92.0,100.0,242.77702495215374
2025-10-31,16:50-17:00,101.0,102.0,10.075665087806044
2025-10-31,17:20-18:20,104.0,110.0,218.31668231328354
2025-10-31,21:20-21:30,128.0,129.0,1.2538173166893785
2025-11-01,01:50-02:10,11.0,13.0,34.94672425625936
2025-11-01,02:40-03:40,16.0,22.0,435.65660167139265
2025-11-01,04:20-04:40,26.0,28.0,54.645180396761475
2025-11-01,15:20-16:20,92.0,98.0,147.56858785751902
2025-11-01,16:30-17:40,99.0,106.0,282.78570627356146
2025-11-01,17:50-18:10,107.0,109.0,50.10519598230093
2025-11-01,20:40-20:50,124.0,125.0,12.421617237988244
2025-11-01,21:20-21:40,128.0,130.0,10.680698821715225
2025-11-01,21:50-22:10,131.0,133.0,19.7517296909636
2025-11-01,22:40-22:50,136.0,137.0,0.14230214072586023
2025-11-01,23:40-24:00,142.0,144.0,35.854209123263956
2025-11-02,03:30-03:50,21.0,23.0,26.474200702800204
2025-11-02,04:00-05:20,24.0,32.0,235.3652510247682
2025-11-02,05:40-08:20,34.0,50.0,1724.4971221109192
2025-11-02,16:30-17:40,99.0,106.0,339.7855844508797
2025-11-02,18:00-18:20,108.0,110.0,50.3847068253325
2025-11-02,18:30-18:50,111.0,113.0,9.549589360348023
2025-11-02,19:00-19:50,114.0,119.0,116.02907140188256
2025-11-02,20:10-21:00,121.0,126.0,2079.0667859949463
2025-11-02,21:40-22:10,130.0,133.0,15.011287872865978
2025-11-03,03:50-04:10,23.0,25.0,63.04710134138759
2025-11-03,04:20-05:30,26.0,33.0,222.2147512438047
2025-11-03,05:50-06:00,35.0,36.0,21.496352453928353
2025-11-03,06:20-07:20,38.0,44.0,1152.0406314645775
2025-11-03,08:00-08:20,48.0,50.0,24.638141978734666
2025-11-03,16:30-18:20,99.0,110.0,595.4962160325169
2025-11-03,19:40-19:50,118.0,119.0,7.252139891647857
2025-11-03,20:10-20:50,121.0,125.0,1944.4569922628575
2025-11-03,21:50-22:00,131.0,132.0,1.075623655365007
2025-11-03,23:30-23:50,141.0,143.0,44.53022555424536
2025-11-04,03:40-08:10,22.0,49.0,1522.6069312099098
2025-11-04,16:30-18:30,99.0,111.0,551.6744808924133
2025-11-04,18:50-19:20,113.0,116.0,22.13934082868684
2025-11-04,19:30-20:50,117.0,125.0,1273.2097508685285
2025-11-04,21:00-21:20,126.0,128.0,30.742861556292382
2025-11-05,03:50-04:10,23.0,25.0,34.38274851121207
2025-11-05,04:40-05:30,28.0,33.0,152.6294720034316
2025-11-05,05:40-08:20,34.0,50.0,1335.47411443564
2025-11-05,16:30-18:20,99.0,110.0,467.5505138405732
2025-11-05,20:10-21:00,121.0,126.0,1885.7872883259188
2025-11-05,21:40-22:00,130.0,132.0,20.30931669482061
2025-11-06,04:10-04:30,25.0,27.0,38.874325957986116
2025-11-06,04:50-08:20,29.0,50.0,1747.8792874509659
2025-11-06,10:10-10:30,61.0,63.0,44.146476606623395
2025-11-06,16:30-18:20,99.0,110.0,458.72869386121033
2025-11-06,18:40-19:00,112.0,114.0,5.809755472269899
2025-11-06,19:50-21:20,119.0,128.0,3448.8998664584974
2025-11-06,21:30-21:40,129.0,130.0,18.9080058095401
2025-11-06,23:00-23:10,138.0,139.0,0.7028218673194715
2025-11-07,02:20-03:10,14.0,19.0,363.2865184458702
2025-11-07,03:40-03:50,22.0,23.0,5.337658287287638
2025-11-07,15:30-16:10,93.0,97.0,109.03559498563818
2025-11-07,17:00-18:20,102.0,110.0,374.2704048654124
2025-11-07,21:00-21:10,126.0,127.0,4.918769581154038
2025-11-07,22:40-23:30,136.0,141.0,77.90143999204668
2025-11-07,23:50-24:00,143.0,144.0,2.0591641150072064
2025-11-08,02:00-02:40,12.0,16.0,49.424462978452254
2025-11-08,02:50-03:10,17.0,19.0,47.318167514920106
2025-11-08,03:20-04:00,20.0,24.0,334.19853694514524
2025-11-08,04:10-04:50,25.0,29.0,77.10619249624375
2025-11-08,05:30-05:50,33.0,35.0,24.422524034730998
2025-11-08,15:30-18:00,93.0,108.0,593.1768869216417
2025-11-08,20:40-20:50,124.0,125.0,9.743199580619773
2025-11-08,21:20-21:40,128.0,130.0,27.213329667550056
2025-11-08,22:20-22:30,134.0,135.0,7.758379364198049
2025-11-09,03:10-04:40,19.0,28.0,369.25610128465144
2025-11-09,05:10-05:20,31.0,32.0,20.582264264896367
2025-11-09,05:40-06:10,34.0,37.0,51.36844988692451
2025-11-09,06:20-08:50,38.0,53.0,954.975841134225
2025-11-09,17:00-18:10,102.0,109.0,398.341090190056
2025-11-09,20:00-20:40,120.0,124.0,2010.4134096963137
2025-11-09,20:50-21:20,125.0,128.0,69.97310593550185
2025-11-09,23:50-24:00,143.0,144.0,13.705882284030281
2025-11-10,03:30-05:00,21.0,30.0,292.08810324983483
2025-11-10,05:20-08:50,32.0,53.0,1473.0823306165557
2025-11-10,17:00-17:50,102.0,107.0,256.34640026922057
2025-11-10,18:00-18:20,108.0,110.0,73.42273158318324
2025-11-10,18:30-18:50,111.0,113.0,29.393744093365854
2025-11-10,19:20-19:30,116.0,117.0,11.631481713882863
2025-11-10,19:40-20:40,118.0,124.0,3386.6560551850175
2025-11-10,20:50-21:00,125.0,126.0,30.82609546075264
2025-11-10,21:20-21:50,128.0,131.0,84.95328390357952
2025-11-11,03:40-03:50,22.0,23.0,31.129012865981394
2025-11-11,04:00-04:10,24.0,25.0,9.220987366859163
2025-11-11,04:30-05:40,27.0,34.0,148.22853667282357
2025-11-11,06:10-07:50,37.0,47.0,1038.981771363568
2025-11-11,08:10-08:30,49.0,51.0,16.19812205767812
2025-11-11,17:00-18:10,102.0,109.0,213.42450466788353
2025-11-11,20:10-20:40,121.0,124.0,1013.3291708432505
2025-11-11,21:20-21:50,128.0,131.0,70.48219880833165
2025-11-11,23:10-23:30,139.0,141.0,26.720465697071063
2025-11-11,23:50-24:00,143.0,144.0,4.652618987945857
2025-11-12,04:00-04:50,24.0,29.0,119.77353635888164
2025-11-12,05:10-05:30,31.0,33.0,27.131494154649545
2025-11-12,06:00-06:30,36.0,39.0,121.26418055804072
2025-11-12,06:50-07:00,41.0,42.0,36.16028649691896
2025-11-12,07:20-07:40,44.0,46.0,450.0492218770862
2025-11-12,08:00-08:20,48.0,50.0,73.20984373645842
2025-11-12,08:30-08:50,51.0,53.0,64.98525162388563
2025-11-12,17:00-18:00,102.0,108.0,253.08597017475893
2025-11-12,18:20-18:30,110.0,111.0,14.302009301941439
2025-11-12,19:40-20:40,118.0,124.0,1387.240551971824
2025-11-12,21:10-21:20,127.0,128.0,13.37201803182495
2025-11-12,21:30-21:50,129.0,131.0,10.123134308193926
2025-11-12,23:50-24:00,143.0,144.0,5.400445159509445
2025-11-13,04:00-04:20,24.0,26.0,46.37270473615877
2025-11-13,04:30-05:10,27.0,31.0,130.97311449159542
2025-11-13,05:50-06:30,35.0,39.0,115.13468139482029
2025-11-13,06:40-07:50,40.0,47.0,672.3208486035904
2025-11-13,17:00-17:50,102.0,107.0,329.6664374556326
2025-11-13,18:00-18:10,108.0,109.0,1.79494494258347
2025-11-13,18:50-19:10,113.0,115.0,16.38131923506387
2025-11-13,19:30-20:40,117.0,124.0,2899.7875540866007
2025-11-14,02:20-02:30,14.0,15.0,13.767204086474123
2025-11-14,02:40-03:30,16.0,21.0,40.39915227868198
2025-11-14,03:40-04:10,22.0,25.0,477.75792027293517
2025-11-14,04:20-05:50,26.0,35.0,214.79760410864753
2025-11-14,15:30-17:10,93.0,103.0,424.5304045165446
2025-11-14,17:50-18:00,107.0,108.0,34.28900496118189
2025-11-14,21:10-21:40,127.0,130.0,61.87325775251634
2025-11-14,21:50-22:00,131.0,132.0,7.053132401878884
2025-11-14,23:30-23:50,141.0,143.0,14.694481786698816
2025-11-15,02:40-05:50,16.0,35.0,753.7422620295919
2025-11-15,15:40-16:00,94.0,96.0,106.17688811538684
2025-11-15,16:30-16:50,99.0,101.0,84.71283662390846
2025-11-15,17:10-17:40,103.0,106.0,121.12321733935784
2025-11-15,17:50-18:00,107.0,108.0,14.170394914889869
2025-11-15,20:20-20:40,122.0,124.0,6.425037124997857
2025-11-15,21:40-21:50,130.0,131.0,0.4239354694647659
2025-11-15,22:50-23:20,137.0,140.0,33.3756912707554
2025-11-16,02:50-03:30,17.0,21.0,92.89155043271421
2025-11-16,03:50-04:10,23.0,25.0,53.30204804998141
2025-11-16,04:20-05:00,26.0,30.0,45.937702548132165
2025-11-16,05:10-06:50,31.0,41.0,370.57651801552413
2025-11-16,07:10-08:00,43.0,48.0,509.7036237667294
2025-11-16,08:10-08:40,49.0,52.0,85.66290515860544
2025-11-16,10:50-11:00,65.0,66.0,29.152095817598962
2025-11-16,16:50-18:10,101.0,109.0,400.62374388745525
2025-11-16,20:00-20:50,120.0,125.0,2129.3433367448497
2025-11-16,21:20-21:30,128.0,129.0,29.46080241895163
2025-11-16,23:10-23:20,139.0,140.0,8.691309365147958
2025-11-16,23:50-24:00,143.0,144.0,5.235615069231017
2025-11-17,03:10-03:50,19.0,23.0,179.58935967817922
2025-11-17,04:30-04:50,27.0,29.0,31.69113041922037
2025-11-17,05:00-05:30,30.0,33.0,98.01024791955729
2025-11-17,06:10-08:20,37.0,50.0,751.6942746891203
2025-11-17,17:00-17:50,102.0,107.0,138.36114335659613
2025-11-17,20:30-20:40,123.0,124.0,342.34283109931584
2025-11-18,03:30-03:40,21.0,22.0,10.679436174739521
2025-11-18,03:50-05:10,23.0,31.0,251.6773383044175
2025-11-18,05:40-06:20,34.0,38.0,90.65295749105371
2025-11-18,06:30-06:50,39.0,41.0,39.133321879172286
2025-11-18,07:00-07:20,42.0,44.0,14.63291106566885
2025-11-18,07:30-07:50,45.0,47.0,489.43457563051174
2025-11-18,17:00-18:00,102.0,108.0,177.47548464915678
2025-11-18,18:50-19:00,113.0,114.0,4.568289329001573
2025-11-18,19:40-21:10,118.0,127.0,2825.283450365765
2025-11-18,22:50-23:00,137.0,138.0,20.06330531165156
2025-11-19,03:20-04:10,20.0,25.0,196.77744479874696
2025-11-19,04:20-04:30,26.0,27.0,6.400057577396751
2025-11-19,04:50-05:10,29.0,31.0,57.55217704466247
2025-11-19,05:30-06:00,33.0,36.0,151.39378374021203
2025-11-19,06:30-08:40,39.0,52.0,965.9747626284868
2025-11-19,17:00-18:20,102.0,110.0,261.7187557807126
2025-11-19,20:00-21:10,120.0,127.0,1983.9789465874032
2025-11-19,22:50-23:00,137.0,138.0,4.395793898605348
2025-11-20,03:20-04:50,20.0,29.0,249.5499880912521
2025-11-20,05:20-05:50,32.0,35.0,89.0792887295521
2025-11-20,06:30-06:50,39.0,41.0,29.09021550655632
2025-11-20,07:00-07:20,42.0,44.0,60.037432969018255
2025-11-20,07:40-08:20,46.0,50.0,193.72682574606694
2025-11-20,17:00-18:20,102.0,110.0,267.2121090789775
2025-11-20,20:00-21:00,120.0,126.0,2008.9785524339463
2025-11-20,21:10-21:30,127.0,129.0,19.722989646583756
2025-11-20,23:20-23:40,140.0,142.0,46.36396220766278
2025-11-21,02:30-03:00,15.0,18.0,84.1562940531154
2025-11-21,03:10-04:10,19.0,25.0,217.67286138256657
2025-11-21,04:20-04:50,26.0,29.0,401.73775190212405
2025-11-21,05:10-05:20,31.0,32.0,21.37281263732774
2025-11-21,05:30-06:00,33.0,36.0,85.66632501744726
2025-11-21,15:50-16:10,95.0,97.0,87.32592044750072
2025-11-21,16:30-18:10,99.0,109.0,289.62560764237196
2025-11-21,21:00-21:20,126.0,128.0,42.0840367860406
2025-11-21,21:30-21:40,129.0,130.0,15.728812971464777
2025-11-21,22:20-22:50,134.0,137.0,55.5953450327371
2025-11-22,02:10-02:30,13.0,15.0,75.2836547905103
2025-11-22,02:50-03:10,17.0,19.0,60.07987640556473
2025-11-22,03:30-06:20,21.0,38.0,498.2520995643601
2025-11-22,15:10-15:20,91.0,92.0,14.412285934145775
2025-11-22,15:30-15:40,93.0,94.0,17.087620165735984
2025-11-22,16:00-18:00,96.0,108.0,492.90864350789536
2025-11-23,03:30-03:50,21.0,23.0,58.60540118894585
2025-11-23,04:40-05:00,28.0,30.0,50.879901702454845
2025-11-23,05:30-05:50,33.0,35.0,27.083478499442094
2025-11-23,06:10-06:20,37.0,38.0,0.527516014713683
2025-11-23,06:50-09:00,41.0,54.0,835.2633252019427
2025-11-23,17:10-17:50,103.0,107.0,174.35311282279906
2025-11-23,18:00-18:30,108.0,111.0,140.56085010320862
2025-11-23,20:40-21:20,124.0,128.0,553.1203950252658
2025-11-23,21:40-21:50,130.0,131.0,7.079401445171698
2025-11-23,22:10-22:30,133.0,135.0,2.269434420923403
2025-11-23,23:30-23:40,141.0,142.0,11.622527359127162
2025-11-24,04:40-05:00,28.0,30.0,31.0206388769534
2025-11-24,05:20-05:30,32.0,33.0,38.47852845777902
2025-11-24,05:50-06:20,35.0,38.0,149.00898309941192
2025-11-24,06:40-07:20,40.0,44.0,65.93191321838731
2025-11-24,07:30-07:40,45.0,46.0,149.94197609199475
2025-11-24,17:20-17:50,104.0,107.0,118.86404686668232
2025-11-24,18:00-18:20,108.0,110.0,29.227147745812886
2025-11-24,20:00-20:10,120.0,121.0,5.512419245821775
2025-11-24,20:50-21:00,125.0,126.0,1.8907906587986645
2025-11-24,21:40-22:00,130.0,132.0,616.9008307350695
2025-11-24,22:50-23:20,137.0,140.0,22.18560782181089
2025-11-24,23:50-24:00,143.0,144.0,36.911302595593156
2025-11-25,03:30-04:00,21.0,24.0,153.51085687689832
2025-11-25,04:30-05:10,27.0,31.0,75.99155839026264
2025-11-25,05:20-05:40,32.0,34.0,46.63409737469499
2025-11-25,06:10-07:00,37.0,42.0,30.722198255643434
2025-11-25,07:30-09:00,45.0,54.0,685.4978852839033
2025-11-25,17:10-18:20,103.0,110.0,274.67732250061374
2025-11-25,21:10-21:40,127.0,130.0,1113.321701994098
2025-11-25,23:10-24:00,139.0,144.0,55.634199718031596
2025-11-26,03:40-03:50,22.0,23.0,36.12758936065313
2025-11-26,04:00-04:10,24.0,25.0,27.969735524878388
2025-11-26,05:10-05:40,31.0,34.0,70.92400005630691
2025-11-26,05:50-06:30,35.0,39.0,201.1706293287442
2025-11-26,07:10-07:20,43.0,44.0,5.513801233763161
2025-11-26,07:50-08:30,47.0,51.0,77.92844822160055
2025-11-26,17:30-17:50,105.0,107.0,7.393562289804777
2025-11-26,18:00-18:30,108.0,111.0,89.12289624640971
2025-11-26,18:40-18:50,112.0,113.0,5.1277998181868725
2025-11-26,20:30-21:00,123.0,126.0,1398.4789433912283
2025-11-26,23:10-23:30,139.0,141.0,46.78084290902859
2025-11-27,03:50-04:00,23.0,24.0,30.857648198188485
2025-11-27,04:50-05:10,29.0,31.0,28.904412601127547
2025-11-27,05:20-05:30,32.0,33.0,16.236766112200485
2025-11-27,05:40-06:40,34.0,40.0,118.2375086303274
2025-11-27,06:50-07:00,41.0,42.0,6.6187049498173565
2025-11-27,07:20-08:00,44.0,48.0,247.29802962345863
2025-11-27,17:10-18:00,103.0,108.0,173.72898991273746
2025-11-27,18:20-18:40,110.0,112.0,42.56860027648929
2025-11-27,20:20-20:30,122.0,123.0,2.2592417596963514
2025-11-27,21:10-21:40,127.0,130.0,737.8331508850385
2025-11-28,02:30-02:40,15.0,16.0,18.16568578960272
2025-11-28,03:00-03:20,18.0,20.0,13.80451938954343
2025-11-28,03:40-04:40,22.0,28.0,418.0277891087485
2025-11-28,04:50-05:00,29.0,30.0,43.61331622366055
2025-11-28,05:50-06:30,35.0,39.0,63.73214902640149
2025-11-28,15:00-15:10,90.0,91.0,16.806841568852224
2025-11-28,16:10-16:40,97.0,100.0,74.40801974651049
2025-11-28,16:50-18:00,101.0,108.0,125.94211928835284
2025-11-28,18:50-19:10,113.0,115.0,59.90116480376486
2025-11-28,19:20-20:10,116.0,121.0,198.02191022831653
2025-11-28,21:30-21:40,129.0,130.0,255.24188797404418
2025-11-28,23:50-24:00,143.0,144.0,13.80758938714672
2025-11-29,02:30-02:40,15.0,16.0,10.144509166049431
2025-11-29,03:30-03:50,21.0,23.0,47.603709024182194
2025-11-29,04:00-04:10,24.0,25.0,136.63221394252113
2025-11-29,04:20-04:40,26.0,28.0,63.16523469062713
2025-11-29,05:30-05:40,33.0,34.0,6.133277810825973
2025-11-29,06:10-06:40,37.0,40.0,42.56330680288016
2025-11-29,14:50-16:00,89.0,96.0,471.8619679537204
2025-11-29,16:20-16:40,98.0,100.0,16.70398033820237
2025-11-29,17:00-17:50,102.0,107.0,94.41799103192955
2025-11-29,23:30-24:00,141.0,144.0,34.90364080874326
2025-11-30,03:40-04:40,22.0,28.0,276.788309976915
2025-11-30,05:00-05:30,30.0,33.0,77.57443513940086
2025-11-30,06:00-07:00,36.0,42.0,261.3575691944985
2025-11-30,07:50-08:50,47.0,53.0,469.7496708410869
2025-11-30,17:00-18:00,102.0,108.0,163.84466184368648
2025-11-30,18:20-18:30,110.0,111.0,18.56766806435769
2025-11-30,18:50-19:00,113.0,114.0,11.755508788104294
2025-11-30,20:20-21:00,122.0,126.0,966.258025120948
2025-11-30,21:20-21:40,128.0,130.0,48.59037725220378
2025-11-30,22:40-23:40,136.0,142.0,104.82752370336618
2025-11-30,23:50-24:00,143.0,144.0,5.811494270277876
2025-12-01,03:30-09:00,21.0,54.0,4823.367366728644
2025-12-01,17:10-18:30,103.0,111.0,301.7074142233498
2025-12-01,20:10-21:00,121.0,126.0,2393.7927448894143
2025-12-01,21:30-21:40,129.0,130.0,5.235048419249438
2025-12-01,22:40-23:00,136.0,138.0,24.235626650468134
2025-12-01,23:30-24:00,141.0,144.0,102.09130757391745
2025-12-02,03:40-08:50,22.0,53.0,3017.5314718591376
2025-12-02,17:00-17:30,102.0,105.0,155.95019917950845
2025-12-02,17:50-18:20,107.0,110.0,51.22114403335945
2025-12-02,18:40-18:50,112.0,113.0,15.405218392790061
2025-12-02,19:50-20:50,119.0,125.0,2983.5444883390546
2025-12-02,21:10-21:20,127.0,128.0,2.02779207546439
2025-12-02,23:10-23:20,139.0,140.0,8.474121069426701
2025-12-03,04:40-06:00,28.0,36.0,464.1157041664944
2025-12-03,06:20-07:00,38.0,42.0,131.49794552715684
2025-12-03,07:10-07:50,43.0,47.0,131.2932813875343
2025-12-03,08:20-08:50,50.0,53.0,1005.0915983800332
2025-12-03,16:40-16:50,100.0,101.0,3.046261293455359
2025-12-03,17:10-18:30,103.0,111.0,201.37129908058273
2025-12-03,20:20-21:00,122.0,126.0,1566.4169643906935
2025-12-03,21:30-21:50,129.0,131.0,9.816899125246323
2025-12-03,22:40-22:50,136.0,137.0,18.635568564241225
2025-12-03,23:30-24:00,141.0,144.0,41.86204700216615
2025-12-04,03:20-04:50,20.0,29.0,486.50591789026885
2025-12-04,05:30-05:40,33.0,34.0,31.652929100900224
2025-12-04,05:50-06:00,35.0,36.0,6.457660259229499
2025-12-04,06:30-07:20,39.0,44.0,370.9376809037989
2025-12-04,08:00-08:50,48.0,53.0,1101.1756472833747
2025-12-04,17:00-18:10,102.0,109.0,204.19920794482186
2025-12-04,21:40-21:50,130.0,131.0,175.52587697917195
2025-12-05,03:20-05:50,20.0,35.0,1210.9383557475796
2025-12-05,06:00-07:10,36.0,43.0,304.383400767461
2025-12-05,15:30-16:00,93.0,96.0,61.52862823522574
2025-12-05,17:10-17:20,103.0,104.0,3.0130367665910853
2025-12-05,18:00-18:10,108.0,109.0,6.451531978000958
2025-12-05,18:30-18:50,111.0,113.0,11.791444581780695
2025-12-05,21:10-21:30,127.0,129.0,380.4787775690421
2025-12-05,22:20-22:30,134.0,135.0,2.767408534324602
2025-12-05,23:20-23:30,140.0,141.0,12.980055127479318
2025-12-05,23:50-24:00,143.0,144.0,35.70001849414325
2025-12-06,02:10-02:20,13.0,14.0,18.388098804956826
2025-12-06,02:40-02:50,16.0,17.0,28.959537620171318
2025-12-06,03:00-04:20,18.0,26.0,754.1551654998724
2025-12-06,04:30-05:10,27.0,31.0,168.7193385712303
2025-12-06,05:20-06:10,32.0,37.0,103.40215919434104
2025-12-06,06:20-06:30,38.0,39.0,27.235043039935817
2025-12-06,06:40-07:20,40.0,44.0,163.99044997565204
2025-12-06,07:30-07:40,45.0,46.0,14.839698969595815
2025-12-06,15:50-16:50,95.0,101.0,304.8172865189818
2025-12-06,17:50-18:00,107.0,108.0,29.519253882447174
2025-12-06,18:20-18:30,110.0,111.0,3.4487564920141836
2025-12-06,23:50-24:00,143.0,144.0,19.88955550215485
2025-12-07,05:50-06:00,35.0,36.0,62.37787367457372
2025-12-07,06:20-06:40,38.0,40.0,5.777710422400446
2025-12-07,07:00-08:10,42.0,49.0,361.99148258055624
2025-12-07,08:30-08:40,51.0,52.0,8.71211257258858
2025-12-07,15:00-18:30,90.0,111.0,1039.2126885021164
2025-12-07,20:20-21:00,122.0,126.0,1965.8437488523819
2025-12-07,21:20-21:40,128.0,130.0,58.817412934364256
2025-12-07,22:10-22:30,133.0,135.0,20.590381696948384
2025-12-07,23:10-23:50,139.0,143.0,67.78694251391494
2025-12-08,12:30-14:30,75.0,87.0,533.6775643908663
2025-12-08,15:50-16:20,95.0,98.0,117.19553121275385
2025-12-08,16:40-17:40,100.0,106.0,206.3584686549616
2025-12-08,17:50-18:00,107.0,108.0,2.9974491933838863
2025-12-08,18:10-18:30,109.0,111.0,22.398563512608916
2025-12-08,20:40-20:50,124.0,125.0,39.09985385363632
2025-12-08,21:30-21:40,129.0,130.0,15.05334496313344
2025-12-08,22:20-22:30,134.0,135.0,9.883713781834217
2025-12-09,07:50-08:10,47.0,49.0,56.893381308760354
2025-12-09,13:50-14:10,83.0,85.0,70.70675897189756
2025-12-09,14:30-15:00,87.0,90.0,161.57513662195902
2025-12-09,15:30-15:50,93.0,95.0,30.145829564830933
2025-12-09,16:10-16:40,97.0,100.0,83.01538249232613
2025-12-09,16:50-18:30,101.0,111.0,437.84015777257855
2025-12-09,22:30-22:50,135.0,137.0,33.51050054361417
2025-12-10,14:20-14:30,86.0,87.0,39.06778026213408
2025-12-10,15:10-17:50,91.0,107.0,729.5167766865549
2025-12-10,18:00-18:20,108.0,110.0,54.38374543994655
2025-12-10,21:00-21:40,126.0,130.0,54.59691173097826
2025-12-10,21:50-23:10,131.0,139.0,148.19416556684394
2025-12-10,23:50-24:00,143.0,144.0,26.716364650758692
2025-12-11,07:40-08:00,46.0,48.0,32.777967224067766
2025-12-11,15:50-16:00,95.0,96.0,6.568936213155439
2025-12-11,16:10-16:30,97.0,99.0,39.94308197959208
2025-12-11,16:50-18:20,101.0,110.0,351.90216903869
2025-12-11,18:30-18:40,111.0,112.0,3.431032606815961
2025-12-11,19:10-19:30,115.0,117.0,43.89530791061816
2025-12-11,20:00-20:10,120.0,121.0,0.9235179028169114
2025-12-12,16:10-17:00,97.0,102.0,113.44340045359132
2025-12-12,18:00-18:10,108.0,109.0,32.13262690557451
2025-12-12,20:10-20:20,121.0,122.0,23.352539188551702
2025-12-12,22:00-22:20,132.0,134.0,37.49797596065821
2025-12-12,22:50-23:10,137.0,139.0,6.412050608446918
2025-12-13,16:20-17:10,98.0,103.0,70.69151728009638
2025-12-13,17:30-17:40,105.0,106.0,1.5104767444964295
2025-12-13,18:00-18:20,108.0,110.0,110.31006353055767
2025-12-14,11:50-12:40,71.0,76.0,155.87976146292
2025-12-14,14:20-14:40,86.0,88.0,46.893178803236594
2025-12-14,15:00-18:20,90.0,110.0,870.5775863529412
2025-12-14,20:50-22:00,125.0,132.0,165.09266594877823
2025-12-14,23:50-24:00,143.0,144.0,8.336240340691575
2025-12-15,07:20-07:30,44.0,45.0,4.360484743224106
2025-12-15,07:50-08:00,47.0,48.0,20.28534061576073
2025-12-15,11:50-12:50,71.0,77.0,299.8518434733777
2025-12-15,14:30-15:30,87.0,93.0,123.11546761125555
2025-12-15,15:40-16:00,94.0,96.0,16.768564131463336
2025-12-15,16:30-17:50,99.0,107.0,282.0739911771949
2025-12-15,18:10-18:30,109.0,111.0,30.256798066294664
2025-12-15,20:40-21:00,124.0,126.0,336.05341197046255
2025-12-15,21:30-21:40,129.0,130.0,7.0283137774767965
2025-12-15,22:30-23:30,135.0,141.0,94.17951090875283
2025-12-16,12:20-13:00,74.0,78.0,181.8977952877911
2025-12-16,13:30-13:50,81.0,83.0,3.9907047390034904
2025-12-16,15:10-16:10,91.0,97.0,97.90838653035348
2025-12-16,16:40-18:30,100.0,111.0,393.49341185801484
2025-12-16,20:40-21:00,124.0,126.0,353.1920918025544
2025-12-16,22:50-23:30,137.0,141.0,63.97586494932136
2025-12-16,23:40-24:00,142.0,144.0,29.76827892978133
2025-12-17,12:30-12:40,75.0,76.0,8.022681003867191
2025-12-17,13:20-13:30,80.0,81.0,3.716885337164541
2025-12-17,14:00-14:20,84.0,86.0,81.08829532105858
2025-12-17,14:30-16:10,87.0,97.0,274.713469015339
2025-12-17,16:30-18:00,99.0,108.0,294.06209864564005
2025-12-17,18:10-18:40,109.0,112.0,185.4881537106985
2025-12-17,21:10-21:50,127.0,131.0,124.08144955296405
2025-12-17,22:30-22:40,135.0,136.0,1.8075175269356123
2025-12-17,23:30-23:50,141.0,143.0,46.73613807243055
2025-12-18,07:20-07:30,44.0,45.0,60.16104913429183
2025-12-18,07:50-08:20,47.0,50.0,63.90795446954803
2025-12-18,14:20-15:40,86.0,94.0,195.98558640888808
2025-12-18,16:10-18:20,97.0,110.0,427.4356955736815
2025-12-18,21:10-21:40,127.0,130.0,888.3719354525662
2025-12-19,07:40-07:50,46.0,47.0,9.609899301594055
2025-12-19,16:00-16:50,96.0,101.0,86.31512774458412
2025-12-19,17:20-17:30,104.0,105.0,8.786964301108299
2025-12-19,17:40-18:00,106.0,108.0,44.73047236342171
2025-12-19,18:30-18:50,111.0,113.0,10.621636819916205
2025-12-19,20:20-20:30,122.0,123.0,10.429154441760886
2025-12-19,22:30-22:40,135.0,136.0,1.4344195608140922
2025-12-19,23:30-23:50,141.0,143.0,52.54697390131719
2025-12-20,15:40-16:40,94.0,100.0,146.76215100683902
2025-12-20,17:00-17:50,102.0,107.0,111.33274180700028
2025-12-21,06:20-06:40,38.0,40.0,53.55894868006396
2025-12-21,06:50-07:00,41.0,42.0,3.741806558390863
2025-12-21,07:50-08:10,47.0,49.0,92.46925899478299
2025-12-21,08:20-08:30,50.0,51.0,9.72798010161057
2025-12-21,10:20-11:50,62.0,71.0,1002.7940261159224
2025-12-21,12:00-12:10,72.0,73.0,30.154662119868732
2025-12-21,12:30-13:10,75.0,79.0,137.6372930301357
2025-12-21,14:40-15:30,88.0,93.0,133.0370124318237
2025-12-21,15:50-16:30,95.0,99.0,130.25547043349275
2025-12-21,16:40-18:10,100.0,109.0,259.9202535921846
2025-12-21,20:30-20:50,123.0,125.0,71.00249581627611
2025-12-21,21:10-21:40,127.0,130.0,13.270014132960796
2025-12-21,22:50-23:10,137.0,139.0,19.734394020750756
2025-12-21,23:30-23:50,141.0,143.0,35.8877020736968
2025-12-22,07:10-07:50,43.0,47.0,107.72813837155775
2025-12-22,08:00-09:00,48.0,54.0,284.64078949557313
2025-12-22,09:30-10:00,57.0,60.0,39.230226950374174
2025-12-22,12:00-12:40,72.0,76.0,70.14095075992057
2025-12-22,13:00-13:20,78.0,80.0,45.54748948316379
2025-12-22,13:40-14:30,82.0,87.0,149.51423174954982
2025-12-22,16:30-17:30,99.0,105.0,158.3400373179892
2025-12-22,17:40-18:10,106.0,109.0,91.52250896636428
2025-12-22,20:30-20:40,123.0,124.0,112.94454759003645
2025-12-22,21:50-22:00,131.0,132.0,7.917994404872161
2025-12-22,23:40-24:00,142.0,144.0,38.53942297588196
2025-12-23,07:20-07:30,44.0,45.0,10.362348985566769
2025-12-23,08:30-08:40,51.0,52.0,1.91647454723568
2025-12-23,10:40-11:10,64.0,67.0,45.627491922105776
2025-12-23,12:00-12:30,72.0,75.0,44.120504824318445
2025-12-23,14:30-15:20,87.0,92.0,103.8817930380527
2025-12-23,16:00-18:00,96.0,108.0,387.923015269365
2025-12-23,21:20-21:50,128.0,131.0,45.89994827627868
2025-12-23,22:20-23:00,134.0,138.0,74.15217076747149
2025-12-23,23:20-23:40,140.0,142.0,18.793605357117144
2025-12-24,06:50-07:00,41.0,42.0,29.1387047193125
2025-12-24,07:20-07:30,44.0,45.0,2.2304022408262654
2025-12-24,07:50-08:00,47.0,48.0,24.57191287468271
2025-12-24,12:50-14:30,77.0,87.0,618.5258889910667
2025-12-24,14:50-16:20,89.0,98.0,266.3912710410209
2025-12-24,16:40-18:10,100.0,109.0,377.76831193287774
2025-12-24,18:50-19:00,113.0,114.0,1.4742999079396668
2025-12-24,20:30-20:40,123.0,124.0,37.45155514901421
2025-12-24,22:20-23:00,134.0,138.0,109.40971484339525
2025-12-24,23:40-24:00,142.0,144.0,33.86005888826173
2025-12-25,06:40-07:00,40.0,42.0,104.08160726473147
2025-12-25,07:50-08:00,47.0,48.0,6.252677878612985
2025-12-25,11:10-12:30,67.0,75.0,748.173710499844
2025-12-25,12:40-13:10,76.0,79.0,120.85532518326653
2025-12-25,14:20-14:30,86.0,87.0,6.609396842117235
2025-12-25,15:00-15:20,90.0,92.0,37.470639365993634
2025-12-25,15:40-16:30,94.0,99.0,195.97349496189622
2025-12-25,16:50-17:50,101.0,107.0,183.2752419034993
2025-12-25,19:40-19:50,118.0,119.0,3.3652405144052864
2025-12-25,21:20-21:30,128.0,129.0,9.062860127941462
2025-12-25,23:20-23:40,140.0,142.0,47.86658167513997
2025-12-26,03:20-03:40,20.0,22.0,141.61783992593976
2025-12-26,15:20-16:40,92.0,100.0,166.84311807783192
2025-12-27,03:20-03:40,20.0,22.0,32.66718177729261
2025-12-27,15:20-15:30,92.0,93.0,7.213442130688776
2025-12-27,16:00-16:20,96.0,98.0,10.566207628689767
2025-12-27,16:30-17:30,99.0,105.0,180.11493933232208
2025-12-27,22:30-22:40,135.0,136.0,6.673465995047479
2025-12-28,06:40-07:00,40.0,42.0,33.042647295461165
2025-12-28,07:10-07:40,43.0,46.0,56.779744930934385
2025-12-28,07:50-08:20,47.0,50.0,157.28827300104035
2025-12-28,09:50-10:00,59.0,60.0,4.459379204793379
2025-12-28,11:20-12:00,68.0,72.0,112.74453738722487
2025-12-28,12:20-12:30,74.0,75.0,15.700887161411671
2025-12-28,15:30-18:00,93.0,108.0,613.3690456239657
2025-12-28,20:20-20:30,122.0,123.0,18.13378713531506
2025-12-28,20:50-21:40,125.0,130.0,172.29020528774754
2025-12-28,22:30-22:50,135.0,137.0,26.63517733013191
2025-12-28,23:20-23:30,140.0,141.0,6.542022250008699
2025-12-29,11:20-13:00,68.0,78.0,577.8825997024059
2025-12-29,13:20-13:40,80.0,82.0,95.49002793676152
2025-12-29,14:10-15:10,85.0,91.0,316.7007761136695
2025-12-29,16:00-17:10,96.0,103.0,227.17957232646006
2025-12-29,17:20-18:10,104.0,109.0,51.38670555562078
2025-12-29,21:20-21:40,128.0,130.0,39.553980709672715
2025-12-29,22:20-23:00,134.0,138.0,92.40405087887473
2025-12-29,23:20-23:30,140.0,141.0,4.185445121950806
2025-12-29,23:50-24:00,143.0,144.0,26.83607324717832
2025-12-30,06:00-08:10,36.0,49.0,317.79037940169934
2025-12-30,09:00-09:40,54.0,58.0,270.718909977822
2025-12-30,10:00-10:20,60.0,62.0,83.23199575967067
2025-12-30,11:00-11:20,66.0,68.0,15.492413618635368
2025-12-30,15:00-15:30,90.0,93.0,18.241672754839556
2025-12-30,15:40-16:00,94.0,96.0,75.64602971730517
2025-12-30,16:20-18:10,98.0,109.0,241.20065833950946
2025-12-30,21:00-21:40,126.0,130.0,81.13460546439796
2025-12-30,22:00-22:50,132.0,137.0,74.95753421582003
2025-12-30,23:00-23:10,138.0,139.0,11.699215339409989
2025-12-30,23:30-23:50,141.0,143.0,14.675079396309798
2025-12-31,06:40-06:50,40.0,41.0,45.624544015893775
2025-12-31,11:20-11:50,68.0,71.0,230.9899316656937
2025-12-31,12:30-13:00,75.0,78.0,174.12086708164455
2025-12-31,13:20-15:20,80.0,92.0,673.0773620561149
2025-12-31,15:40-16:40,94.0,100.0,179.1540837937073
2025-12-31,17:00-18:20,102.0,110.0,306.5663959597234
2025-12-31,20:40-20:50,124.0,125.0,179.36487864856417
2025-12-31,21:10-21:40,127.0,130.0,54.49080153392413
2025-12-31,21:50-22:20,131.0,134.0,121.50876789393044
2025-12-31,23:00-24:00,138.0,144.0,153.34868003021586
