day,month,method,rmse_yuan_per_kwh,mae_yuan_per_kwh,bias_yuan_per_kwh,high_realized_price_ge1_rmse,high_realized_price_ge1_mae,high_realized_price_slots,realized_price_weighted_mae,fixed_purchase_absolute_price_exposure_proxy_yuan,fixed_purchase_signed_price_exposure_proxy_yuan
31,2,baseline,0.1046465574507221,0.07305293698582298,0.06464237003996638,0.17448116103933817,0.14800388652677632,19,0.08831353429528327,1750.0051243216571,1081.2582699930438
31,2,linked_hgb,0.09382973944535024,0.06397068257149591,0.05293608753966371,0.15768899113825374,0.1322590569195805,19,0.07754760386582103,1543.5040158815705,725.5259791689462
32,2,baseline,0.08771747667640299,0.0607079099865805,0.030977942115766172,0.12390759772649176,0.09559932401767232,60,0.07175700705215714,2787.50673344834,86.29476314974073
32,2,linked_hgb,0.07560497558499331,0.05326405102071868,0.019903918702628132,0.10739967638557396,0.08454962023698871,60,0.06287872159192409,2536.383354471026,-507.4718802223924
33,2,baseline,0.07802441746638984,0.054105598655596124,0.028178610009887473,0.1089542360453932,0.0808112728233715,62,0.0625628376078139,2733.5708360000417,-46.05510944320534
33,2,linked_hgb,0.07667065814008606,0.053697504098802806,0.039215289259115264,0.10688032217997487,0.08260597111281502,62,0.06289704361361664,2593.0264002923386,960.5981257568453
34,2,baseline,0.07701691780909653,0.05273545437603998,0.028062475764887282,0.10368640866795358,0.07700807906220722,67,0.06133798907056919,2534.10738081402,105.49125984534601
34,2,linked_hgb,0.07106976244120763,0.049412905018115384,0.03396643149434023,0.0944556867742428,0.07038690161589882,67,0.057260815836539636,2401.7880325808624,874.2385885993042
35,2,baseline,0.0654305827486986,0.04754245744926976,0.01529189959920056,0.08746956996151006,0.06918095865243931,64,0.05457118918936807,2784.699965691887,-780.4561855737678
35,2,linked_hgb,0.06047453071946786,0.04458423569045835,0.020953102137099593,0.07997269946438224,0.06412577770217193,64,0.05099761687468378,2630.569098058514,-69.94072707140572
36,2,baseline,0.07673041399782937,0.05428156742888333,0.025305784026604317,0.10167312848526881,0.07584146213166147,64,0.06106671343263266,2846.691675550258,-259.43358918511956
36,2,linked_hgb,0.07055420989531254,0.05164550728810771,0.030895646522522278,0.0938998298552879,0.07396670198593441,64,0.05865831435506978,2780.112382283355,540.7192560611335
37,2,baseline,0.11212780984001545,0.09155186542072175,0.08996484285384485,0.13614097391379515,0.11953343617073196,21,0.09920836734775137,1940.4663958748224,1842.0954208374917
37,2,linked_hgb,0.08419935499269039,0.0668163051646597,0.06277219522715821,0.10350286354378309,0.0857742080496129,21,0.07178874224764949,1446.9114573997458,1196.081966972567
38,2,baseline,0.04667772262349964,0.034742603221492446,-0.01655274388221291,0.041243366474768096,0.035500178557592486,19,0.03586187606949336,1201.8796061160572,-398.5433418836369
38,2,linked_hgb,0.06027899114259825,0.047339031348578225,-0.042461849347507824,0.057945666513586465,0.05367685004226448,19,0.05145567086467973,1415.3387375316115,-1169.0382695441212
39,2,baseline,0.09586008135956846,0.08154083816134632,-0.07673778782584638,0.11419787406281567,0.10831097880679313,57,0.09080267551898598,5893.007270483191,-5443.923830050218
39,2,linked_hgb,0.0723037927986429,0.06011107393735657,-0.05518348795628623,0.0776746363583523,0.07153982155551819,57,0.06410136186724218,4430.3624771386985,-3951.2515824128404
40,2,baseline,0.04366464186762945,0.03497208996940424,0.005716669881720867,0.035757681079083864,0.03081325611557214,49,0.033514856054563974,3072.1454290556394,354.5460008194965
40,2,linked_hgb,0.05131692833607957,0.04054997402474746,0.02812728097446274,0.04908201134066275,0.038666598251387456,49,0.03998821052209352,3380.761604665834,1913.1129615170162
41,2,baseline,0.039844085103546346,0.030922770756777004,-0.006816407472146129,0.04156648902445457,0.03153172778471991,55,0.031924373185012934,2469.493837259125,-444.5676052222042
41,2,linked_hgb,0.04037875850710066,0.031907113935720655,0.009053675342113206,0.03595294052339647,0.028977023793463008,55,0.03262324034381818,2848.9832358071735,683.7877544809938
42,2,baseline,0.04755548647973876,0.038812406123480886,-0.0032575231694063327,0.04293695487050723,0.036213909913584794,60,0.03830251154952146,3223.639170922838,-117.04968531182652
42,2,linked_hgb,0.04498077515475017,0.03658584667631062,0.012677813763161192,0.04092839749439793,0.03435482554098213,60,0.03625684256479791,2978.293924220964,1001.248081762521
43,2,baseline,0.05109452650763007,0.04110796784462088,0.004514318493873636,0.04599699896203587,0.03668378784615859,49,0.04028656546842136,3422.6150562193034,58.62714784670007
43,2,linked_hgb,0.05550971882969535,0.044728539105505755,0.019206035609109124,0.04602530773873432,0.0373506981254407,49,0.04457701398566921,3418.7334541574846,1055.851111994807
44,2,baseline,0.06809936150833569,0.05164895498178955,0.044073715382643486,0.05590055426280822,0.0402876331763657,20,0.055347600297776633,1112.8954313625595,906.1191184805364
44,2,linked_hgb,0.05368383061503625,0.041502845986962474,0.021867866418581166,0.05071989535968986,0.04188102032391892,20,0.045045975441047624,929.1289827298351,482.63730257213183
45,2,baseline,0.037712382346251704,0.031470414199900286,-0.008142907142867742,0.028406361181044875,0.0241894295863934,18,0.03055768432632562,1284.3182783837244,-722.9208870464307
45,2,linked_hgb,0.04462257634383463,0.03715636962217442,-0.030417846397686812,0.04190990724939383,0.03458110352891037,18,0.037179899345566016,1404.1725573673712,-1156.2489410011203
46,2,baseline,0.0686619311554835,0.05694522758325882,-0.05317471229471629,0.09256200948465372,0.08609019884435762,58,0.06640334672400426,3857.556497676082,-3490.7978402090075
46,2,linked_hgb,0.052962198867316485,0.04342712006083359,-0.03848338190300236,0.06982309462308908,0.06268054195829544,58,0.049520739208893765,2953.912367201665,-2476.11577949433
47,2,baseline,0.04277891932678063,0.03473613722971322,-0.01720248073657336,0.04570618914137589,0.03804692515464762,51,0.03557269721428942,2864.575712925688,-1655.6538866552387
47,2,linked_hgb,0.040462237971085106,0.031276954770577375,0.004911366038469515,0.042402518943095935,0.03450559577880993,51,0.0324817729288197,2435.836435635453,-237.55896174899897
48,2,baseline,0.0420676384308784,0.03352803333279336,-0.008267799378414924,0.04298145222827643,0.03723627515471115,48,0.035514386526391314,2234.207957573684,-427.91480449398136
48,2,linked_hgb,0.03784402852979247,0.02967257994022734,0.007349321879869459,0.03398671361573239,0.027273521253227143,48,0.029776596749273552,2147.104459531448,681.8615655125759
49,2,baseline,0.04462125503182028,0.03470362985709368,-0.011762345981903267,0.04930442425700307,0.03711015243107459,50,0.034830541495719694,2797.2660934934934,-840.768334265556
49,2,linked_hgb,0.04127340393380733,0.03281054830448089,0.0038110121158545875,0.039804088740190736,0.03220383643914231,50,0.0319647891869914,2627.1747185495715,285.9420682084011
50,2,baseline,0.04610846458973911,0.03761170530461207,-0.019899484413947302,0.049872934780522966,0.04259896876900072,49,0.037942905509532644,2846.513225996979,-1699.2227995860426
50,2,linked_hgb,0.037246662356950455,0.030235240979745146,-0.0017975328017809597,0.036406339046704546,0.029915546393640306,49,0.029917295876365813,2172.657785722281,-463.85289436536243
51,2,baseline,0.06558002533728999,0.052285328971891004,0.04677312929604119,0.053270109464519294,0.045249595045544586,18,0.05190141010408387,1178.4877270292654,564.9242941479667
51,2,linked_hgb,0.047010074288629224,0.03670246844927839,0.023959862456241435,0.034771486272612624,0.027411004638906816,18,0.035124324855041314,1136.972505814575,91.2131687107518
52,2,baseline,0.041491353429359557,0.03247895333906162,-0.003397800391399016,0.04285707995772138,0.03384522833642828,19,0.0334357006125971,1018.5452983931066,-104.33707502231486
52,2,linked_hgb,0.048721152644242115,0.03879298674969736,-0.026530220501008804,0.06295307901064073,0.05489799820698036,19,0.04385301538091309,1062.0099590774357,-608.3802990275133
53,2,baseline,0.05722145179344202,0.045878378553342425,-0.03885350755615149,0.07229228850456945,0.06388485584395795,49,0.05151028900197402,3147.937799397521,-2737.336077165981
53,2,linked_hgb,0.04571114417468834,0.03569278185452678,-0.02408025353120742,0.05688495516174602,0.046134227492580525,49,0.03915519274042667,2459.323446130261,-1668.0098273419915
54,2,baseline,0.04305115373462245,0.0332054261851232,-0.01017920384661696,0.046598450174334845,0.037462136373375726,48,0.03456304506995019,2496.331219254193,-691.6672037575698
54,2,linked_hgb,0.038684097948530234,0.030765930364458974,0.00738273275321052,0.035766278525740325,0.030692421290889352,48,0.031073199952636788,2265.6383651370434,419.34073559446574
55,2,baseline,0.04530818262157001,0.036393778288223086,0.0012896185158979892,0.047551341640870305,0.03903966257170356,39,0.03673851339314581,2515.2101723195437,-465.7687340740926
55,2,linked_hgb,0.05101519865820402,0.03980241993568025,0.016528377863147887,0.05429744682883148,0.04290689758018059,39,0.04104283674574106,2474.7456305280452,645.9101548891442
56,2,baseline,0.043736594321530695,0.03571306112124471,-0.011851805124213318,0.04556412340517286,0.03809120917667009,45,0.036212291522570765,2714.5129309033796,-1395.9263431458346
56,2,linked_hgb,0.03875298242892709,0.03188189729176287,0.0012573994069390775,0.03773412647347507,0.03145470280920876,45,0.032093813565286046,2223.858362125675,-367.36808362317413
57,2,baseline,0.047342201103337485,0.038385684606188915,-0.0014412704894007926,0.05095405448775686,0.03993092025731396,45,0.03835674360449251,2495.4465196786628,485.9903138237077
57,2,linked_hgb,0.04694550486712048,0.037783738055573744,0.009072541320661225,0.048132367570059675,0.03883066913302269,45,0.037809830941913924,2657.5787988795128,1223.0709949103166
58,2,baseline,0.059599701442223124,0.04843724718849813,0.0392000785188289,0.033683931744334046,0.02884679808306576,18,0.04783727270255797,1356.3787190219914,969.6414842870738
58,2,linked_hgb,0.04746003067852497,0.036983162199093575,0.016981557428282237,0.03304022187956603,0.028515501048732572,18,0.036935044504018716,1056.7669191888242,540.900223814525
59,3,baseline,0.04486451778897613,0.035730511397499325,0.017855391234546554,0.03439308265544567,0.029280835772259324,18,0.036028997937992295,910.4869079389172,349.69887647039695
59,3,linked_hgb,0.03855621301521948,0.028529885390130523,-0.009142427504402091,0.04399342952322091,0.03138949040598113,18,0.029681851208651324,743.1037111041344,-135.18842803075194
60,3,baseline,0.08190111880995289,0.06202743345455502,-0.05096976952075316,0.10258846367183055,0.08027598918749214,54,0.06852430992600837,3569.7516224466717,-2821.0079509251477
60,3,linked_hgb,0.0723933460002005,0.052372480121788266,-0.03990258009257862,0.09149395471958581,0.06751562170782176,54,0.05734665044215842,2836.9174135158764,-2024.3214255394162
61,3,baseline,0.054029796719520955,0.043010121088452785,-0.02032573428744739,0.06100895441465922,0.045512268884072705,47,0.0439083947615155,2848.1029023308674,-837.3877528779094
61,3,linked_hgb,0.04509636271764215,0.036240260765482035,-0.011976953911923091,0.047149794103659846,0.03547820857454802,47,0.03675347301401459,2629.291082015233,-305.0569931460054
62,3,baseline,0.05316393262035802,0.03913667316103496,-0.017733249240620884,0.055575141321294055,0.043132158010221015,43,0.03923004181736968,2750.1593179357815,-1177.6389362440693
62,3,linked_hgb,0.04155303262556064,0.03232029387016429,-0.003294922157747653,0.03974578580858472,0.03235033510893975,43,0.03200451593540446,2454.0618052892933,-254.2715996397943
63,3,baseline,0.03806522655437346,0.03093098649081669,-0.0023607716136456883,0.03462389051583833,0.027239772619969276,46,0.030103008644047323,2169.4653435234204,400.014626683522
63,3,linked_hgb,0.037685933910970734,0.030945259468896775,0.006971344855808529,0.03295741017101623,0.02637104249788358,46,0.030190298638648423,2306.5417565898906,1040.913364068656
64,3,baseline,0.04122385118686324,0.03334898742957663,-0.005904498378880483,0.04111081519022394,0.03274273178730609,38,0.03407392492513448,2133.5439459186714,-784.4527594528417
64,3,linked_hgb,0.03955829525317133,0.03179927824396353,0.0025958853697023044,0.044204394648033885,0.036741306692768545,38,0.034145436131774606,1832.8008465055514,-78.65426335562893
65,3,baseline,0.06582270328476506,0.049795253838695874,0.03860391344477351,0.050561237981218365,0.03958224390462431,17,0.04689584432109653,1427.934697175298,803.0091639032539
65,3,linked_hgb,0.05344833571858364,0.03948102868060835,0.018006243532530403,0.04045449486032901,0.029626682395178044,17,0.03687272736496366,1255.6836318056573,360.40310113229543
66,3,baseline,0.04557295662778046,0.036040693320400025,0.015655225788332266,0.0341594804532575,0.026798876811036272,18,0.03583001039975488,920.2820329751921,17.518988047030177
66,3,linked_hgb,0.04001787688631388,0.032898936418180494,-0.005372641397444891,0.03519948702041136,0.02827077696969376,18,0.03283938376318394,874.3701257223307,-245.77183671034544
67,3,baseline,0.054742901585238805,0.04264442594774915,-0.018943843319156696,0.05978077914953787,0.04897915254808538,42,0.04375653008076083,2861.0047088833226,-1453.6341923255195
67,3,linked_hgb,0.04778591888096139,0.03722539583066436,-0.012410070820428562,0.051989437594364786,0.04163966737290904,42,0.03835670794088574,2520.8027514160444,-753.7978409192158
68,3,baseline,0.04654551682121086,0.03747536615184051,-0.006857763348932927,0.04412875285336438,0.03612502673878237,43,0.037997185923505844,2343.934202672447,-1114.5935259322744
68,3,linked_hgb,0.04533018537649136,0.03614144282518176,-0.0021957224266424473,0.04120193833108666,0.03383813451147595,43,0.0373185642743231,2198.55643294372,-585.0731008865517
69,3,baseline,0.04639268396915517,0.03592548386270887,0.0012633182623274443,0.035299681012573865,0.029003110627344248,36,0.03592663678947559,2422.0555638729884,-247.7609940861994
69,3,linked_hgb,0.04591577646493934,0.03540150100254866,0.00843447459477872,0.0378380496829225,0.029914320277405735,36,0.03576017576754546,2355.7891229164134,333.1264491741831
70,3,baseline,0.0419905977203479,0.03469767984776872,0.003362080876177922,0.03595338933908845,0.03017653401984561,36,0.034025268656442634,2402.723978371176,-481.1453056632865
70,3,linked_hgb,0.04308383709442265,0.03526532838567345,0.011208893929183296,0.03676277238181423,0.030398592264098204,36,0.03499869029672771,2369.612403158154,256.65090374320357
71,3,baseline,0.06192934590327253,0.0472535067767127,-0.019894657522967655,0.0769817814847809,0.05819455054630751,47,0.04934958614265261,2875.532146631508,-1303.5065258009863
71,3,linked_hgb,0.0567163383431146,0.044078066276209,-0.012359474770010391,0.06678920605869093,0.05038096210932587,47,0.04581585092955244,2673.392395839557,-672.945137699508
72,3,baseline,0.07770821475981486,0.06412973597316844,0.052810474342352115,0.05370497448307348,0.04843333190787637,18,0.06272213372151447,1352.4645589747756,906.9554746888467
72,3,linked_hgb,0.061142494508160596,0.04903119495775748,0.033278168733535916,0.04385822222086488,0.036284586743100505,18,0.04635325836325598,1184.7468653368562,636.3096743150306
73,3,baseline,0.05287164491632107,0.039519147682988386,-0.012397361647407144,0.04362463394674633,0.03553952446556933,18,0.039914563664652965,958.2635554059159,-431.1091562817153
73,3,linked_hgb,0.05666163839962688,0.04312900774339637,-0.02644805912598405,0.05180512772585169,0.044485828334550934,18,0.044172854253749096,966.8522185859086,-586.5879539954492
74,3,baseline,0.06477236992171863,0.05212701102075824,-0.039284778452468166,0.06467108434375576,0.05513049607208745,36,0.05540561079098061,3509.0032512524904,-2537.3448116841873
74,3,linked_hgb,0.05545331129390417,0.04348662406924562,-0.02733256089670793,0.05097755728659156,0.041882245311084906,36,0.045415317593106026,2795.522588437491,-1604.5442678634822
75,3,baseline,0.05996541103178407,0.04434468268277446,0.029424358147351077,0.04361846078527797,0.03480380396419936,32,0.042656220434820244,2676.0677959961154,1465.3723567667053
75,3,linked_hgb,0.06321398569042076,0.04806462078488919,0.037357008720379364,0.049107045312546296,0.038419480817840135,32,0.04715781489123228,2949.859534433422,2122.3996292026513
76,3,baseline,0.04038724760404531,0.03109496487575623,-0.002699989967135919,0.04726055173853067,0.03508576074327025,36,0.03167342617156868,2187.6423893239626,-260.40580808779623
76,3,linked_hgb,0.04038930767208426,0.031972978468997444,0.0058548622854793725,0.041627199468965016,0.03113655035220625,36,0.03250100943424627,2229.129977284358,400.1746457780484
77,3,baseline,0.04663992601328671,0.03639257835438807,-0.0034562868608793104,0.040684363180035286,0.03268430604335905,37,0.03564912028988344,2366.586999893484,-216.39267791847095
77,3,linked_hgb,0.04441454576034743,0.034403969031222746,0.006573211978709171,0.03389674677764237,0.02759859134302505,37,0.03328783228293205,2353.863811295106,505.5971165535703
78,3,baseline,0.045278475567417244,0.03546289238716824,0.00414225564596739,0.03262671320266542,0.02694576171022045,39,0.03484941733833082,2447.8812398534255,-287.91443234103843
78,3,linked_hgb,0.04258570073666557,0.03312051966145143,0.00914072253946522,0.033845523887701005,0.02685064393817369,39,0.03286149915286893,2278.2807964373123,159.5898752290376
79,3,baseline,0.075919627879048,0.06384283148051004,0.055173448241660566,0.04806107252326852,0.04182843027222134,17,0.06233834508078675,1257.2020305620813,372.4398557097512
79,3,linked_hgb,0.06151147392066647,0.05090623968857992,0.039666566567179595,0.034642966175887864,0.03064917149261308,17,0.0487490214665293,1072.1915550248068,217.63285695679514
80,3,baseline,0.05406335752240231,0.04150010251984439,0.010718487176789221,0.042519271566123236,0.037009324072343946,18,0.037608376573650806,1297.6476527738057,21.213661376366495
80,3,linked_hgb,0.0483579024575357,0.03853031037063692,-0.00830964903155506,0.04108915985019658,0.037360212443692725,18,0.03762374939211357,1200.5235115250096,-246.35937884422876
81,3,baseline,0.05532528831354272,0.04096898061607912,-0.026851723673880296,0.06984899137502693,0.05080141196345313,34,0.0427950467454088,2329.8380378281463,-1707.963202488353
81,3,linked_hgb,0.0484911783441799,0.037268331201793146,-0.01653428563257519,0.06170648062253893,0.04649102095487907,34,0.03969611620395699,2054.908817520299,-1023.1610101216206
82,3,baseline,0.04874216952196674,0.04027854092165004,-0.01838915977763199,0.05310691699081612,0.04514638003859632,37,0.04205537303472926,2095.948183225344,-983.3088479949625
82,3,linked_hgb,0.04033272546077387,0.031991263769042586,-0.002448110788449221,0.043176340585017896,0.03472623430124516,37,0.03314706709106499,1809.4772604829177,12.758362888463438
83,3,baseline,0.04156274453682104,0.031894837422061596,-0.008539114924440198,0.04929502731343339,0.034198111936481264,38,0.031983252556617124,2008.0790461271731,-550.6897566601733
83,3,linked_hgb,0.03686652184173463,0.02849766317425764,0.0019300420589463407,0.043433551786479785,0.033492753064494694,38,0.029054247132676375,1676.4884629428566,176.93456585475468
84,3,baseline,0.0482245916489736,0.03822535016119755,0.0041366477795894,0.0399787148996357,0.029858149090276582,33,0.03735216095986782,2350.7241018339155,-304.9579260925349
84,3,linked_hgb,0.05067095209208712,0.03958501562768097,0.0157430509298571,0.036121597545016204,0.030301564214813833,33,0.038811829225105565,2255.3702524678283,524.8266566057794
85,3,baseline,0.039846890176920786,0.03101667293322515,-0.003140743628414861,0.03744002184176832,0.028534190093160692,36,0.030007957259353076,2041.4188576770478,18.49617885401517
85,3,linked_hgb,0.04144379153221726,0.03262681514274763,0.005568830996624626,0.04360935457887315,0.032694940239549566,36,0.03243448629521981,2179.3810548827587,650.3401855966904
86,3,baseline,0.05322057987972865,0.04327221995616321,0.029998120821447243,0.04548328602769211,0.034505023924965975,17,0.04212029172166224,1114.766731961798,185.74149360079358
86,3,linked_hgb,0.04501142860306931,0.036332534341666264,0.016244998072228307,0.03709467430591154,0.028486988821087113,17,0.035163416383826855,1023.0208186090646,5.465879202241041
87,3,baseline,0.052565455019121035,0.03968426276765447,0.020718115173180153,0.03744106263734642,0.03183961951709994,18,0.03792307660674924,979.6929147955125,-340.1707140901626
87,3,linked_hgb,0.04194182058228829,0.031293739998744914,0.0020300185195139403,0.042709691709361064,0.03270763038078233,18,0.030680426701474355,892.9560721547389,-507.3957429878682
88,3,baseline,0.06082766493146916,0.04766909885783557,-0.03189797653050218,0.07580464012365605,0.06298289748033194,34,0.05329100979350623,2523.3277087617153,-1788.2465443171238
88,3,linked_hgb,0.04807623070863719,0.03701206938916169,-0.019645459911038745,0.05778590662737712,0.04608584662879993,34,0.04042690667587875,1925.425552622091,-932.1610171652569
89,3,baseline,0.048532826180997794,0.03565707346041809,-0.0070475369951093535,0.03386335354682586,0.028550857295534634,32,0.03702991679895779,1727.813876746787,-513.1178973658521
89,3,linked_hgb,0.04773905336427861,0.03462679688901546,0.005533814762524347,0.0399724674941857,0.031887671041163655,32,0.036595746670400525,1620.4941979069172,289.63882835715845
90,4,baseline,0.058428870271080444,0.044919903159704413,-0.015140598199953198,0.03576881990587364,0.02739009822995333,35,0.04284361685508614,2421.5555164814928,-1271.3244891209229
90,4,linked_hgb,0.05540894803467356,0.043180862842319784,-0.005580121749301562,0.039986252021037866,0.0311408869960091,35,0.04209494513903021,2275.8793080626488,-641.9974070855195
91,4,baseline,0.06426639880898297,0.04619693796383,-0.023161994797219355,0.062482308607030766,0.04713608597323602,36,0.04759094103359604,2431.3520413547894,-788.0499076605851
91,4,linked_hgb,0.05484611813885458,0.04124414008569821,-0.009534730126774174,0.04913286908219193,0.036824299573663635,36,0.04215912834424339,2387.4918417676417,-34.84186722331026
92,4,baseline,0.04932987068398382,0.038875528716324145,-0.005921352103733257,0.045264901835766216,0.03766927845876883,34,0.039058982356721304,2367.4166640624308,-1083.7179091226214
92,4,linked_hgb,0.04741843540331689,0.03610001310690636,0.005581518818037324,0.035297879310822664,0.03000665246365644,34,0.03587395697432975,2146.423792452233,-264.4744428020947
93,4,baseline,0.06964843820221878,0.05583318966828396,0.05107710763528839,0.0697322765283734,0.05748932141618099,18,0.06059406316985016,794.1192483269646,714.7508118580811
93,4,linked_hgb,0.05342361225561317,0.04214725152654869,0.03286923734419082,0.04870111533196375,0.04004973945770537,18,0.045211534502645485,598.5351065849954,468.8771188513074
94,4,baseline,0.05617600991972848,0.0422577990239929,-0.015319412786918698,0.023885842755711893,0.01994586636393192,18,0.04143063762981379,842.8928635624637,-195.04951519902852
94,4,linked_hgb,0.0623984996758867,0.04820785556568249,-0.03152658420081224,0.0443407658693084,0.037546676824338814,18,0.04987150042799727,835.2891521052256,-432.2235189012389
95,4,baseline,0.05992821832934432,0.04928528423692412,-0.040369040330246735,0.05860576875125094,0.04737093363568777,30,0.04893346605716173,3130.546505865928,-2693.693556391307
95,4,linked_hgb,0.04854127285777469,0.039463862731872155,-0.023653257157951024,0.04863062994301871,0.04069102454340566,30,0.03958936143628973,2540.611004902904,-1727.3331699722276
96,4,baseline,0.041484500866263124,0.031233673727430952,-0.0007261780191905968,0.03468366207964238,0.024996440010648862,30,0.030313128151776836,1775.218925431716,-425.5191542452168
96,4,linked_hgb,0.04504669195632376,0.03272970465685124,0.011798202485383748,0.03328654602620191,0.024960751161701933,30,0.03290251669936895,1792.4334187429517,300.28430130884254
97,4,baseline,0.06054365845370647,0.04836837529001456,0.008128116524102441,0.06377051243960155,0.051234515462577485,30,0.04785064486523219,2528.1601350651135,320.84767212837266
97,4,linked_hgb,0.056138644143754475,0.04490146640025808,0.017199932956955946,0.05005961863470513,0.03925783580393733,30,0.04369411130163328,2403.843084711848,882.1109817772799
98,4,baseline,0.04630145730480538,0.03538745338734023,-0.00785201585552405,0.042639661887524556,0.034012831305994154,33,0.037083565475409176,1877.3434066496065,-528.5099931700934
98,4,linked_hgb,0.04249972228278836,0.0336910350915095,0.0011554384064654533,0.0463366015886183,0.037818721686747166,33,0.03565730687600424,1789.1573690656967,112.13685160347123
99,4,baseline,0.042574200132801165,0.03428985361335476,-0.0030501840597089193,0.03756596691234827,0.03162095908726173,34,0.03375267153725555,1914.7546564436811,-96.88452010583401
99,4,linked_hgb,0.04031025088082965,0.033043862242904655,0.0070004995549659355,0.04080146411582815,0.03404064504832372,34,0.0324992962708218,1933.8270938916266,440.97304077668036
100,4,baseline,0.06855453210822347,0.05613636554278409,0.04696023567094641,0.056108936397633945,0.043236607640695306,17,0.056471288711132994,1065.6435203622962,381.0000882067379
100,4,linked_hgb,0.05827462881985914,0.04722288632365157,0.032078390359547654,0.047592210203286744,0.035547309519841516,17,0.04692854246805503,1046.7707156561066,138.32491147412244
101,4,baseline,0.05128965252684035,0.03916073726520615,0.01037467919437886,0.0391072473144258,0.032458325648401065,17,0.03891872718876736,901.3045151579465,293.8328927854016
101,4,linked_hgb,0.05096606104353095,0.03864910571829763,-0.009329837135970418,0.04448190386723603,0.03706097202773681,17,0.03828871501398354,825.0073496388349,66.8670886974713
102,4,baseline,0.06383752404584718,0.05055335233369307,-0.04010561853000954,0.07246188776969131,0.054472501578531396,32,0.05401067358082849,2812.3492570070894,-2109.1996355496317
102,4,linked_hgb,0.05073287888553166,0.04094480458078012,-0.028076501720542466,0.05479269558668639,0.043955341558607766,32,0.043134192564214975,2346.506786714856,-1538.0349662899553
103,4,baseline,0.046156939471283534,0.036591179216358904,-0.003672773881982701,0.03678562369260259,0.030527131377524407,29,0.03647909781496779,1986.3980748923532,-396.18701865344667
103,4,linked_hgb,0.04405442463518475,0.0355526135689849,0.009936055097496102,0.039467094428533966,0.03339981848101339,29,0.035843012291336955,2001.1468364957939,266.52117878924247
104,4,baseline,0.049388151631963764,0.03827436818946249,0.004142529415423059,0.04651599981633777,0.03714253065978295,28,0.039912646319003604,1912.9710387067535,-188.912526879675
104,4,linked_hgb,0.05411678139682795,0.0423222630334232,0.017038552589138004,0.05492705363089034,0.04658194193900086,28,0.04481697191804242,2034.861957079354,575.2677030212292
105,4,baseline,0.044851476158651794,0.0363832509660085,-0.00983146161809357,0.051216094845034345,0.04171664243108656,29,0.03831647774663646,1883.1568358593922,-905.7525987672168
105,4,linked_hgb,0.04133503645759395,0.033470728756742285,-0.00280903039018227,0.041338991569898044,0.03420779179131668,29,0.03485364197177672,1852.0214798254524,-435.5911736641615
106,4,baseline,0.04553516145046446,0.03595667336178208,0.0021733191840104583,0.03405399307454364,0.02604075568393481,26,0.03649470075398748,1949.823962968016,-221.4924849891092
106,4,linked_hgb,0.04755628753988577,0.036949698033221026,0.01151422450532309,0.03916092612269022,0.03104730160986559,26,0.03885924642061387,1938.3515519087991,342.4194063015595
107,4,baseline,0.052757402323607976,0.0436140398401352,0.027744344338726794,0.04459865493094561,0.0382986351176052,18,0.04486037677269902,866.6659384206864,459.99701987231833
107,4,linked_hgb,0.04476944299712976,0.03541436654189981,0.012517949747721059,0.0337760300479056,0.029909409321741725,18,0.03598002572593672,728.1245754861673,233.05773388459696
108,4,baseline,0.05321343894117006,0.04333175077974173,0.009297780414190986,0.02139615797387697,0.01639808363084568,18,0.03840294947378444,1325.7359512911542,-361.1340210353529
108,4,linked_hgb,0.04601392316153133,0.0388153987047353,-0.007950938517920298,0.03503908046085531,0.029994335800704645,18,0.03854648922863806,1220.1182207714648,-549.9377520660615
109,4,baseline,0.05190550495159101,0.04061727729765888,-0.029476186863915836,0.05408681026600554,0.04568828393381049,30,0.043855034893493655,2024.2196743711752,-1379.2275909516434
109,4,linked_hgb,0.044403461114540986,0.03399052752647191,-0.020388121762829628,0.047868684357488304,0.04102680167006676,30,0.03701957111235868,1619.873379266997,-909.5996782747834
110,4,baseline,0.04311844244844631,0.03367792991096864,0.004713942699797217,0.040690063340417124,0.033270801586138876,25,0.03308079479681224,1832.5543053894542,-192.1508779950316
110,4,linked_hgb,0.04598245078034964,0.035291363903770655,0.016616619071297082,0.04406577007729487,0.035526951111478626,25,0.03533264673930865,1864.5616122787665,417.42391808439703
111,4,baseline,0.05350093520370681,0.041190207354302996,-0.020959816274457383,0.05387943885978465,0.0399050263151217,26,0.041813232069361064,2014.579197729714,-903.8625451249591
111,4,linked_hgb,0.04771725363932792,0.03801767901323153,-0.00876163568876056,0.04783049417901466,0.038571602500233164,26,0.039550155037577014,1973.8124535959282,-312.556770295471
112,4,baseline,0.04684459643676982,0.037954410439150786,0.0043187231443576595,0.05245548583591996,0.04354586544946221,27,0.03962511420986855,1907.3927347122708,-613.454909972066
112,4,linked_hgb,0.049807880955781356,0.03957415662965952,0.010806734465460419,0.05665513084418656,0.046396627294111266,27,0.041681782591384615,1833.1451002098495,-158.30922498327539
113,4,baseline,0.04268426422511034,0.03182042255995085,0.004072389847998903,0.03597575954334787,0.02407496736918112,27,0.03136688746892733,1693.4894405035193,-421.3022347135875
113,4,linked_hgb,0.042198312944360425,0.032378125993723694,0.01232798059906372,0.03405147808524471,0.026448293670726722,27,0.03240646761377777,1580.3964749302634,41.98492832189993
114,4,baseline,0.07613504037515088,0.06134220734375817,0.053993114827009955,0.035780117500725385,0.029919326273666128,16,0.05594058783808444,962.5394053628856,680.0380911226948
114,4,linked_hgb,0.06216881020635106,0.0492520746397913,0.035852655307156575,0.0314996163383971,0.022712065259741218,16,0.045123505792270605,813.4668911256097,486.7515290721172
115,4,baseline,0.06278549802577675,0.04929007396912988,0.019530199781379876,0.036567914251334974,0.02922428069669088,18,0.042622892787872714,984.7749010745387,-265.48136238564473
115,4,linked_hgb,0.056052433454539086,0.046036765541856935,-0.0005588674510904242,0.051714571087047835,0.04369905099964379,18,0.04361250217705064,962.4951359912309,-484.65098249230726
116,4,baseline,0.056090701591462615,0.043410166826719866,-0.03093536969014616,0.06808377612333606,0.05681574439938672,29,0.04814281297701869,2233.737960858379,-1451.4665539158914
116,4,linked_hgb,0.046726521476607594,0.0356578919169436,-0.02133252160161543,0.059037524116938515,0.04933206879415219,29,0.039292298075027154,1810.6284325472416,-913.4026023079167
117,4,baseline,0.0766593674061711,0.05635193369034219,-0.040489527275197085,0.06716525146399806,0.05532419542592652,35,0.0567799932842941,2104.59680035371,-1061.5140805099065
117,4,linked_hgb,0.06680396703285789,0.04826714148840789,-0.027960795615937332,0.053777751908138306,0.045439719475764494,35,0.04844217786739375,1794.178664797565,-423.9087755211741
118,4,baseline,0.047060920314770965,0.03754272884663176,0.01655304800030519,0.04634601005076781,0.036318260029666836,26,0.03619779846095247,2070.50272895724,204.1059915229921
118,4,linked_hgb,0.04870045288932564,0.0385681257336031,0.02499920748828289,0.04547761977861057,0.03412654886280399,26,0.036960931456866616,2046.5289478248335,727.7946053631862
119,4,baseline,0.04994752106902749,0.04042651635147074,0.007967586188915883,0.04245326575265094,0.03520483583427923,24,0.04096930275495484,1983.088673040305,-25.344733865579457
119,4,linked_hgb,0.05413946196894167,0.04297474080767232,0.016349506811816652,0.03896247501375601,0.03159689914674707,24,0.044254497582491684,2079.7843592466147,526.5008546291324
120,5,baseline,0.05662912744698623,0.046471597317119334,-0.020545302725098444,0.056707567989853144,0.04817242311074109,29,0.04746255466840406,2055.397658000311,-956.4907423464015
120,5,linked_hgb,0.05318907746583326,0.04255315527859372,-0.01068451123347059,0.06123754156902791,0.04975859543885713,29,0.04381320439842886,1891.5939367012638,-575.9586803646819
121,5,baseline,0.053035637971410206,0.04221021833784139,-0.009647365926684904,0.0344265947219296,0.031609625109963124,18,0.04134632424256569,1334.0681640464395,-461.74291778572103
121,5,linked_hgb,0.05711925235364903,0.04342462597390283,-0.0249943067887698,0.04084170799256638,0.030915113024277074,18,0.04183812792422184,1300.562226032373,-583.057108228859
122,5,baseline,0.0464249038065305,0.035097557342542746,-0.015142091669921186,0.04970500991086883,0.03931981491685198,18,0.03466600442563193,572.109364559156,-158.8519844869871
122,5,linked_hgb,0.049180679847737226,0.037615111452108246,-0.02510558377404648,0.05967740637611787,0.04784779768983432,18,0.0387206429423896,557.0020304096691,-210.88411216651372
123,5,baseline,0.06866897508425411,0.05499103147844674,-0.045200107459759185,0.0667411433613311,0.0605703559767638,28,0.05493062196498398,3560.85748735165,-3326.270284577707
123,5,linked_hgb,0.06154376196914674,0.049066999177077325,-0.034600703199250384,0.06406592066492832,0.056052421153105714,28,0.049532129923980685,3037.2736610540865,-2651.5796544342306
124,5,baseline,0.053263688086597656,0.04058243951405539,-0.0046050960600270115,0.04914553582899147,0.0410706954490717,32,0.03986757257770638,2075.8358907762013,-700.5813958146525
124,5,linked_hgb,0.048485830521421566,0.03641416723344709,0.003248445777665176,0.042246156660901805,0.03334460097414048,32,0.03504762680396183,1775.941427103403,-73.6847266216497
125,5,baseline,0.05239652002707181,0.04285459777888205,-0.021622752907276187,0.06301978145364663,0.05330792644971597,33,0.044748768967535706,2365.2095665368915,-1606.5173153440078
125,5,linked_hgb,0.046114316147110965,0.03700272768449334,-0.008111598047463133,0.05060968148014188,0.04260989398518211,33,0.037766738133958144,2035.607195062351,-913.1208103702651
126,5,baseline,0.05559788817444307,0.04352485359105476,-0.026690162833657067,0.06890568733617908,0.05369982100783058,32,0.04647478336452171,2408.5154663468993,-1345.0518898863331
126,5,linked_hgb,0.04160420553403572,0.0332510999927902,-0.011722023610970793,0.05011485078241215,0.04131261551671514,32,0.034715951233082534,1936.941404026305,-506.8067676547963
127,5,baseline,0.05501281257805622,0.04276391335226707,-0.01335681142093826,0.06525718037980761,0.04978869167861976,28,0.04517861210836756,2442.5475700470533,-713.0619752187124
127,5,linked_hgb,0.052069914932535884,0.04176958050723938,-0.0007090539806565066,0.06065151737182068,0.04908360130965826,28,0.04509278475848507,2531.4434810745506,129.99049260684671
128,5,baseline,0.08381383448710772,0.0697639805907308,0.06649347111083705,0.053840633047786614,0.047514995528908366,18,0.06591191398079033,1367.2903835452726,1157.2247331975948
128,5,linked_hgb,0.06033638794963006,0.04978256689893115,0.04362306396540543,0.03391206137267276,0.026219472735196512,18,0.04642188990165352,1157.470332579559,897.9056821278907
129,5,baseline,0.045752494963376814,0.03519958475434112,0.005651390218528784,0.03884226989498087,0.029152705386224696,18,0.033738139669473734,696.3811353467644,65.35466992683665
129,5,linked_hgb,0.050388533584888685,0.03824651249056096,-0.016688933284183166,0.0445098498086264,0.037827885549668414,18,0.04067036495048905,682.6971339730161,-155.7385766042022
130,5,baseline,0.06940982412946828,0.055877434208809716,-0.046487374145813116,0.07664230256932264,0.06253026316646244,30,0.060974857366766666,2682.9325409509433,-1907.6121615412044
130,5,linked_hgb,0.05718787920179453,0.04623348440493233,-0.03587643841944168,0.0649935289792421,0.051312433767504516,30,0.04981294833241024,2336.514594878913,-1433.109221013518
131,5,baseline,0.05513771924839678,0.04283128393259003,0.006250757592126615,0.0387065026454138,0.03043267985547396,25,0.04202534540424974,2324.729048194573,-713.0321935577279
131,5,linked_hgb,0.05877693474793399,0.04707949512335481,0.01583175556550666,0.048082611818681335,0.039956874616721434,25,0.048178391561412334,2341.9143966531246,-47.15491437839768
132,5,baseline,0.04983759451894454,0.039396781842269205,-0.005820041402629668,0.04594230403339612,0.03527564174570056,30,0.03809908301800089,2567.7086763101497,-282.13872089274435
132,5,linked_hgb,0.04645921208465172,0.036749408074648354,0.004571285897538894,0.045715309304414475,0.03352474890239847,30,0.03578406537863048,2471.4144056072337,405.6784557857071
133,5,baseline,0.04202546021800004,0.034606085154650155,0.008594932551192412,0.04489273247518236,0.037654020910634016,27,0.03605124622109058,1815.4247738409185,192.2099989002178
133,5,linked_hgb,0.044336706196449555,0.036943436381680024,0.014850855002079603,0.04685618615389852,0.04099622471741701,27,0.03942930408757991,2030.5135828334876,544.0711247964978
134,5,baseline,0.04592733255392073,0.036916819349376497,0.003336696478276519,0.046803832705171446,0.03598825642771201,30,0.03626228511706962,2087.462748763793,-415.62489997547823
134,5,linked_hgb,0.04383178220868331,0.03567150051280904,0.009823205020868635,0.04316888271324539,0.031506101206691416,30,0.034813502083393864,1957.8866214410486,36.33516793301544
135,5,baseline,0.08690475004085865,0.07289448207945469,0.06850241391199348,0.05559117371027667,0.046952571151508,18,0.06958964644230438,1287.0633107274243,955.9814740771387
135,5,linked_hgb,0.06819467145878835,0.05600041983374138,0.04779064086141356,0.04084095214516841,0.03179003610271927,18,0.053110660991458426,1079.333081821524,657.8097999578691
136,5,baseline,0.05250379708430266,0.04118414878165895,0.006448230096415559,0.036234488467984834,0.030260800338317757,18,0.04049662810455937,569.6293544880317,141.9844330865627
136,5,linked_hgb,0.055704079310160956,0.0429889837320209,-0.01791852414185344,0.047980353498593975,0.042491534309480335,18,0.0436170324743657,539.2368842244562,-27.2087229400353
137,5,baseline,0.054612525724149534,0.04116025142251714,-0.023572360002464692,0.05908433415132198,0.04695431835850716,30,0.04184586302484184,1964.50490288855,-1171.4838276496498
137,5,linked_hgb,0.051044404919562206,0.037862628916353745,-0.01674371978216533,0.04893865720115024,0.038861578512353126,30,0.03816535318006544,1840.0809873360395,-724.6762107230991
138,5,baseline,0.06354239862404952,0.043539159836515226,0.015703568673646317,0.03892585859185242,0.0315740602203019,29,0.03889582979439743,1789.9482970208562,8.657505619809228
138,5,linked_hgb,0.062166774859659456,0.043886384588053745,0.025813971721687895,0.03287838946739488,0.026123230214723965,29,0.038813560647308634,1809.336765313944,529.6300276784341
139,5,baseline,0.05580965087298401,0.04243853203140426,-0.009910479677209741,0.040124169188243027,0.03286996795742632,29,0.04293032496352155,2152.3095567401106,-436.43950110307685
139,5,linked_hgb,0.05482730775093562,0.041806538939080005,-0.003688234782768762,0.039047984079647886,0.030482641431512497,29,0.04285323706516401,2111.151296050231,27.942988024755067
140,5,baseline,0.04823900639591634,0.03861505265342271,-0.0021268849639154482,0.043955573397535176,0.03469245090763501,32,0.03916002061724586,2079.7204881856132,-843.8727860026511
140,5,linked_hgb,0.04577671871861036,0.03696152229391916,0.008456208478478305,0.03857090246048637,0.033715378532141654,32,0.03763429941843841,1945.5753662278141,-217.43738964021014
141,5,baseline,0.04517472577971156,0.034906207934940287,6.289790124611364e-05,0.03341722048273484,0.024114868421068948,26,0.03459450516787768,1866.162942665778,-110.28683737652881
141,5,linked_hgb,0.044617503176589905,0.03438744136065616,0.006074881401159372,0.03960593497098241,0.030755464600142078,26,0.03529500134662507,1907.1816645341523,295.0985118519006
142,5,baseline,0.05775355434999839,0.04630793502387726,0.034045352458834284,0.05342087157294847,0.04541279669040214,18,0.05026665683842543,1098.4587871809254,776.3655272036673
142,5,linked_hgb,0.05119154740171237,0.040897499266616344,0.016876215481312153,0.03577930735617528,0.03055044011669615,18,0.043025924022549566,1012.8923029940727,495.207926339069
143,5,baseline,0.06406272700493093,0.047583384028329304,0.02813276881686306,0.04417242228718731,0.03729522278681077,18,0.044240647423361576,797.9127474942842,93.47778327430098
143,5,linked_hgb,0.048100108681834224,0.03732496258779082,0.00829869427129961,0.030232754965774142,0.025165711938096358,18,0.03563941554453813,765.4248723909727,-179.99443360266136
144,5,baseline,0.05668992024360215,0.04664338513106972,-0.02584886051986737,0.06662060666873354,0.051521440324632836,32,0.048578510463503255,2480.077063383034,-1751.195829960965
144,5,linked_hgb,0.04923227928294934,0.04046196732309851,-0.018950200312601116,0.06100544179762345,0.0504901557760629,32,0.04240371901060203,2150.650603693769,-1291.5273365521423
145,5,baseline,0.06789514384366736,0.05078145936033393,-0.023772905261410397,0.06928080816971516,0.05419929173986858,28,0.050732814162444406,2656.940893875054,-803.6421139844458
145,5,linked_hgb,0.05985336045861911,0.046953116670284685,-0.01145769234162624,0.06069384381122999,0.04964314768131336,28,0.04748005403550784,2513.3278066451385,-202.0177314454001
146,5,baseline,0.05552792153260691,0.04383379348734051,0.007909116560197195,0.03562271671544535,0.028292831117661815,27,0.03996487367492715,1932.3385340050781,-406.0971646118078
146,5,linked_hgb,0.05192213393834526,0.040833968221731194,0.01405888849983007,0.03154726665747383,0.024958068892043658,27,0.036913993470095816,1921.7847931965887,83.17616559214889
147,5,baseline,0.055502518220615187,0.044025725619827795,-0.0106028740553109,0.050926389797069004,0.0409968658498882,28,0.04340173425256551,2238.0893352471385,-616.7644015992605
147,5,linked_hgb,0.0504168613911877,0.039234746502813854,-0.0016400807387427466,0.04356677683310198,0.03447382511110584,28,0.03797663499445009,2034.9625153379247,-179.81122169654316
148,5,baseline,0.049641411403387826,0.04005008023503297,-0.01616378727971574,0.0550212926341748,0.04671613958476648,28,0.041245505949292736,2135.6114178424255,-648.6380717493316
148,5,linked_hgb,0.04233643463363213,0.033767966399304246,-0.007839823603418512,0.04751021534398468,0.04134871180963274,28,0.03458810737135484,1800.5883633767985,-250.02712747721807
149,5,baseline,0.06895560975640372,0.0521370539272192,0.04522761154934599,0.07270324432085865,0.061134339075476815,18,0.050816194117821845,939.3742970666115,524.0361875093936
149,5,linked_hgb,0.05159925763831688,0.03719248870963116,0.02400204970493167,0.0483835512660834,0.035913708701507376,18,0.03508675794637258,827.8475914506778,212.08621287257415
150,5,baseline,0.04847959994309646,0.03693059789068921,-0.0034422181517263636,0.027729800149687053,0.022980582925682835,18,0.03546243904707304,712.7383519147008,322.9317817192933
150,5,linked_hgb,0.057603503299982386,0.04517599702203712,-0.024550734784585082,0.048768439761428924,0.04324126096877426,18,0.04675530488929572,623.1713615778324,103.14995062080249
151,6,baseline,0.1364619783723595,0.11395043129532503,-0.11336112866693251,0.1302005793456343,0.1164681328254345,47,0.11907733461811197,5363.231964277417,-5338.445658960297
151,6,linked_hgb,0.12353617853546686,0.10289781680044359,-0.10194218795170783,0.11687869572786322,0.10427891386081915,47,0.10710702135886847,4772.946932646549,-4723.546885291045
152,6,baseline,0.09340746854314763,0.07513211227990266,-0.05249142226824383,0.1080841934115829,0.09449765181982628,46,0.08176390172797104,4851.328729316091,-3647.678787697345
152,6,linked_hgb,0.07415990001976508,0.058900474601748125,-0.028493786178436023,0.08061068384536664,0.06559690180487872,46,0.06199713035788435,3666.5909232578997,-1970.5976077156954
153,6,baseline,0.06819049183507349,0.05689109867001336,-0.05057279155589546,0.0740787211070987,0.06368875668746671,41,0.057888904093139286,4131.42854948321,-3752.467672408123
153,6,linked_hgb,0.04233710948726502,0.033937820013731676,-0.021328494771915577,0.04508055561713279,0.036817358607314325,41,0.03432043142387272,2467.9111139576135,-1609.0429324556253
154,6,baseline,0.07518427956844018,0.055155031656834774,-0.04614375446634686,0.09192621932009075,0.06524108164536428,45,0.05617966560463978,3755.7387846521833,-3171.728431835046
154,6,linked_hgb,0.058647960528931606,0.04424258521125865,-0.02074170833072548,0.0742245155243466,0.05245891324404945,45,0.045352545961588636,2953.0397829178482,-1401.1868463996384
155,6,baseline,0.06866434903774637,0.0538804759712692,-0.0422143885493558,0.0658049950173211,0.05486284496310516,46,0.05529533683245556,4480.684546473162,-3810.324293326058
155,6,linked_hgb,0.047177303659247154,0.0362150704224362,-0.01789471940851245,0.044785180885984446,0.03598709645042685,46,0.03662452894544749,2932.058706901117,-1776.3682854775157
156,6,baseline,0.06161275045358097,0.04751696682546659,-0.019370140228480857,0.05067901342022152,0.03971721743700121,18,0.0481585683928136,1671.158835806391,-788.2681559323013
156,6,linked_hgb,0.06941541230408001,0.05178485178354426,-0.034203413102109226,0.07348765298813642,0.06135441361054864,18,0.056227112286479496,1524.00836660322,-739.9330029033592
157,6,baseline,0.06531756324348441,0.053565028371007704,-0.04411159310237113,0.0517292720746774,0.04352106093188192,18,0.05358170905433163,1488.309558284955,-1283.1062301385057
157,6,linked_hgb,0.0681150972014016,0.056864337828239346,-0.05202372605900918,0.0713700327265898,0.06119223241984026,18,0.060596830226733525,1331.6338564793334,-1215.352870812848
158,6,baseline,0.052939104061736804,0.040968943775039915,-0.0018033385158851324,0.03816437098245523,0.031863605592666024,38,0.04142000676226881,2950.8096085802636,-1209.4457848562467
158,6,linked_hgb,0.06883220608351412,0.04974697174125145,0.03663676788632549,0.042134772511959774,0.031338350539853094,38,0.048859553011092904,2972.378459128309,1644.6912770862482
159,6,baseline,0.047563355627762094,0.037495509989507875,-0.00024778707501184945,0.03675418915330449,0.031058483689820962,42,0.036310419740748515,2967.564466022177,-340.4975522470163
159,6,linked_hgb,0.0471688719902751,0.03739882134006176,0.01563577992688769,0.03781788105711522,0.03083094180357144,42,0.036319816682087225,2872.994014376013,1010.6110508106864
160,6,baseline,0.03951715561509044,0.031936000421379104,0.00488599287490719,0.040944883470079345,0.03426622998789314,46,0.03229003378457571,2601.299726780789,113.49490890330216
160,6,linked_hgb,0.04218983249101314,0.03306354393749463,0.017954931724167424,0.0440441751457192,0.03623927087812272,46,0.033442707385720936,2684.172695743572,1308.1570083086253
161,6,baseline,0.04975085942699926,0.038897988332545735,-0.005559148826376053,0.054413495097977736,0.040791833289571096,54,0.03797450680657746,2496.4678438372275,541.3641212657094
161,6,linked_hgb,0.049374172446518136,0.03984006050778917,0.0024007281934589706,0.053980490242498486,0.04308555898627362,54,0.03955599732320753,2724.9050853204362,1419.5594667162654
162,6,baseline,0.04259117328327209,0.03347434124225163,0.01482068738788832,0.03910340432064712,0.030792177302534404,49,0.03240693387993858,2606.282080283285,754.2569820445319
162,6,linked_hgb,0.04642491040999945,0.03786459289968717,0.024469986518397484,0.04099271791514563,0.0342260372965626,49,0.037057101965003184,2967.014645991151,1598.115358171183
163,6,baseline,0.09937893450657469,0.07599581384661053,0.073430017610004,0.07541394747880342,0.06074037090122117,18,0.07612386922696579,2005.87626343615,1926.274510263163
163,6,linked_hgb,0.07707792942994529,0.058245497068363385,0.04964370912710248,0.05118207248368788,0.04369826517780841,18,0.05808169937606644,1676.8860680054108,1451.559106553502
164,6,baseline,0.0633906212978086,0.04743497476078736,0.03423945064934488,0.03645904742554548,0.030977020228448098,18,0.04767826654853913,1250.8632880209884,357.9025986680728
164,6,linked_hgb,0.04592563396987606,0.03364684184121548,0.008596453036161147,0.03405687282380163,0.028146547788545886,18,0.034967335781885836,1099.1483180796158,-146.04014293969385
165,6,baseline,0.0787118397874489,0.05852487157463347,-0.0477382788476493,0.11032015115249981,0.09167577509787458,52,0.06712899385297026,3368.1503784726765,-2462.641031674353
165,6,linked_hgb,0.062496435772515166,0.04717347901040351,-0.031386130184037735,0.08693280856633732,0.07236107005203826,52,0.05377390931898681,2726.1340424902446,-1291.8098068122808
166,6,baseline,0.04607810980664426,0.03614585739241907,0.003870213724119156,0.04451327075038054,0.035979824451419215,49,0.035906894681039254,2463.5059175664833,93.64596317804384
166,6,linked_hgb,0.04688238854415838,0.036192561785115936,0.012357673634553102,0.042404856489248466,0.03242828666537997,49,0.03599981402886403,2620.1406878780526,779.3373936274676
167,6,baseline,0.053111011026472976,0.039224786170222924,-0.0022243964785857054,0.0628563664522742,0.04953290814412448,48,0.04153379651873968,2716.73724451399,80.93139273492955
167,6,linked_hgb,0.054940407043348384,0.04154845689068133,0.005929488240565807,0.06597610790310866,0.051162678296550905,48,0.04403741347865314,3040.4260253857638,912.487251001981
168,6,baseline,0.04868651031233142,0.038106188196626714,0.018515274164996823,0.05610249728563453,0.04594565257948088,53,0.040233925236111745,2386.588308536678,0.8845166302473899
168,6,linked_hgb,0.04795284488795253,0.038358149629615514,0.020568018588051126,0.05412747204625657,0.04416650836067178,53,0.04049979075283235,2444.2407214568216,479.7842837406108
169,6,baseline,0.0509456656878277,0.03925917288410684,0.02000153938226869,0.042049495282950135,0.031758733249601816,44,0.03891909801150067,2754.2869486348545,1033.5735169790767
169,6,linked_hgb,0.04972436299842745,0.038864599136039096,0.02590199542767526,0.04014956637841263,0.03030873834502382,44,0.038558514760679244,2874.388240923243,1629.591269511972
170,6,baseline,0.09578647765931277,0.08130020894395597,0.07702240782773084,0.07441155518413506,0.06932385538481461,18,0.08463918098419541,1934.7369144882405,1620.2236730312443
170,6,linked_hgb,0.07190965774092685,0.05948797987763009,0.0517570939064845,0.051001427227007755,0.045776418432690966,18,0.061015202293072134,1639.9320890110348,1166.5052016117743
171,6,baseline,0.07738287763483051,0.060554918141486676,0.04798649538766219,0.05107923295171401,0.04578284242124754,18,0.05632995548412783,1394.4695862788487,903.7567202154166
171,6,linked_hgb,0.05644167693672347,0.043962456504826324,0.0158226707768562,0.03883308074357776,0.028367577032074622,18,0.04136825306566565,1211.6101333749014,261.0791455126031
172,6,baseline,0.05947377571089688,0.04746094114297951,-0.027394213013717035,0.06355950023043178,0.05204436236793358,48,0.04968752106462934,3300.9338799573006,-2451.531664731249
172,6,linked_hgb,0.056421995308969644,0.044964466542891594,-0.022658831904565708,0.0654922887341974,0.05352230728368246,48,0.04769193617522732,2943.0439552746393,-1853.6726906037136
173,6,baseline,0.05134878489409257,0.03881580686750563,0.016799165231920474,0.03513640518721756,0.02707818145309098,46,0.036821268376699814,2638.5258315929013,914.1805443323643
173,6,linked_hgb,0.053246301478016615,0.041096313606629624,0.022212017641359872,0.037551008939024536,0.030480189644934347,46,0.039867259176725844,2916.9226678034865,1453.9101930629922
174,6,baseline,0.05223342358528596,0.03931643841927622,-0.017281359100343223,0.057862071461907714,0.043960547787528816,54,0.040381599961469096,2622.349042322577,-1068.9464170418519
174,6,linked_hgb,0.0479648473876164,0.035337456411595,-0.014415883468120607,0.05141823041034631,0.03771046212205818,54,0.03587803221387163,2450.174258363456,-515.2281488721427
175,6,baseline,0.043492286477477785,0.035256180156645334,0.008566955515856326,0.03526315033111002,0.02938170754664449,52,0.03482107414180393,2602.0081529634763,901.8691915671093
175,6,linked_hgb,0.04356020576852542,0.035014137979503604,0.012051370964665492,0.03648319931914296,0.029991532750120935,52,0.035058433151804645,2843.0852664928098,1184.9006271327448
176,6,baseline,0.04484545698177822,0.034809175370935384,0.005377907296015351,0.04043124481796893,0.03440214461356743,47,0.03517609794845013,2634.135176127421,545.6022155584315
176,6,linked_hgb,0.04778515926344156,0.035732557778051385,0.012686724007353045,0.036791390896271224,0.030303019137117717,47,0.03621648358238689,2760.5086859417365,1008.5207052500399
177,6,baseline,0.09000397464428407,0.07530397774525638,0.0717314129834892,0.06123404640809761,0.05855313899473095,18,0.07391184031626973,2015.499257676704,1778.217980442787
177,6,linked_hgb,0.07074372013400622,0.054906015243571436,0.04949985479790377,0.02812799282948951,0.020942296250522487,18,0.050049027621691965,1640.9811373888056,1296.4352932646427
178,6,baseline,0.039599692804661815,0.031111185908240566,0.004517507495031831,0.045173459341416415,0.0342976804974375,18,0.030991218611561046,832.8643645756733,233.81778562085725
178,6,linked_hgb,0.04571137004813408,0.03718037291525584,-0.023112009215058668,0.05608681544205213,0.05024781849394181,18,0.04083812108303614,1010.1033418887732,-471.5229035841419
179,6,baseline,0.06914976525992378,0.05473333571649485,-0.03496726545082328,0.0829214542354189,0.06754117384890472,44,0.057388620079321835,3802.2446391884796,-2795.133481256717
179,6,linked_hgb,0.0610113559133752,0.047881735137789073,-0.025815386227011468,0.0704092147529602,0.05841417171635215,44,0.049875265830120856,3388.0264528941752,-2097.776786660809
180,6,baseline,0.051281286773554265,0.04020307112509872,-0.004179803377100046,0.046050234798956285,0.034888634202580406,45,0.041539928264284244,2645.677929124714,-293.98373294425096
180,6,linked_hgb,0.04751514002805176,0.038336431660110505,0.00456913729818168,0.043314712673185866,0.03643334077265505,45,0.04006022708168974,2689.775334339306,360.7033188427129
181,7,baseline,0.11329357217150181,0.07917304394673198,-0.05898074017801655,0.16533692631099411,0.12868466864609737,56,0.10125924118226041,4987.323801330998,-3712.3666539303067
181,7,linked_hgb,0.11365417302773159,0.07746231756719471,-0.05837126943801866,0.16863246864143736,0.12978251538325833,56,0.10106643750380263,4676.900009526557,-3516.9140572537735
182,7,baseline,0.09641784733325104,0.0724292758886939,-0.044182588363490066,0.12950044885547546,0.09748979899895766,53,0.08417110738730979,6176.826131131453,-4319.55957426709
182,7,linked_hgb,0.08832131252464451,0.06464352302299993,-0.01783508391377398,0.12035717791614514,0.09124620548213021,53,0.07661317958673376,5000.5385442106035,-1820.634663732991
183,7,baseline,0.1104210687377596,0.08247858038235886,-0.07440653356868139,0.1599619500876025,0.13278229304135933,54,0.10220990747437758,5616.030470220356,-5471.464234878127
183,7,linked_hgb,0.09532955493044398,0.06514250222872546,-0.04858076750077653,0.14504480765322703,0.11723392000491498,54,0.0851087781964391,3854.222034334855,-3120.0662053531205
184,7,baseline,0.08716982634039003,0.0679207981558333,0.005291590699366522,0.12724281417330854,0.11133064065847997,24,0.07509704089638145,1710.8897683650061,-655.4762219831625
184,7,linked_hgb,0.08593764956471765,0.06640718951797485,0.00014506746442035276,0.13921127991971377,0.12275508064658573,24,0.07599859300838618,1704.8656607409728,-346.18545952856505
185,7,baseline,0.07000455119147822,0.055817247778146784,-0.03332293214699053,0.12489083633811175,0.11102888986776178,20,0.06732923388768323,1460.1697582734753,-946.9170110251348
185,7,linked_hgb,0.07871571900367877,0.060048189064603,-0.04876487041818424,0.1495197140817106,0.140563930780547,20,0.07511575001145412,1511.8785427109037,-1105.6657554652224
186,7,baseline,0.14239931860480085,0.11093731036022844,-0.10965682581581308,0.20014429394451597,0.17005755995192468,58,0.135762371421598,7227.9181939953,-7198.462980652381
186,7,linked_hgb,0.11739560610272978,0.08493339843923363,-0.08204631932345673,0.16853423585662675,0.13608862275835337,58,0.10743665070419076,5372.795168319109,-5271.099376065963
187,7,baseline,0.07723512287918188,0.06001399985509776,-0.024673307690316063,0.10161580512160293,0.08060895057516353,54,0.06990550161782576,4825.61489431179,-2907.582340454407
187,7,linked_hgb,0.07754809196952593,0.06437998051659062,0.012011352492633949,0.09429141991822455,0.08079064756936391,54,0.07287041043657741,5105.147902130018,176.27178036442308
188,7,baseline,0.05852321162706997,0.045732843024989506,0.027304795855112425,0.06103717465559837,0.05131741687371226,53,0.04688781608302933,3659.597515153867,1593.9341385728972
188,7,linked_hgb,0.0696553245066977,0.0557182445425188,0.04859808403680251,0.06315620378523686,0.0519538510058794,53,0.05225540308102356,4401.083249494936,3700.658050203382
189,7,baseline,0.04424455825106282,0.03493548770412157,0.018003605447106778,0.046069807692109846,0.03941910723358572,51,0.036679275039372815,2631.644603543792,1534.7853140591603
189,7,linked_hgb,0.05622711476861777,0.044496930960199355,0.034786928697615904,0.05570600998616136,0.04774141858496677,51,0.045141588442810875,3365.8178788569785,2957.904906459674
190,7,baseline,0.06898305510748882,0.05626619075683364,0.0346586257155666,0.0809466558056093,0.0684553858585517,52,0.059371476835409,3998.635217521726,1590.6435125846554
190,7,linked_hgb,0.07021998576378119,0.0562636677190313,0.038913351402049594,0.0747139140289827,0.05947792883274556,52,0.056304209426004594,4121.929320788406,2160.1119090358093
191,7,baseline,0.09300345972759928,0.07666129621897941,0.054194537061062455,0.09464753325766927,0.08581457225141888,24,0.0802433466271178,2913.8863197782316,2558.6461840055103
191,7,linked_hgb,0.08715673090796089,0.06931512731285874,0.03976639754026314,0.06723091785585875,0.053114373172280405,24,0.0669401990104096,2811.891559785513,2406.020751109346
192,7,baseline,0.050982641444947234,0.04089048828216228,0.015484045113755531,0.04722833182340364,0.037251525647505286,21,0.03840879872446728,1883.1180426736269,704.4722086324539
192,7,linked_hgb,0.050794076121545566,0.04063953037779597,-0.007644987885912582,0.05427901786265212,0.04665315045795987,21,0.04188255907312369,1592.1841903227182,75.77072101628103
193,7,baseline,0.05136458110482942,0.040741192287945024,0.0002060040092861062,0.052716320640277974,0.0428993838639974,50,0.04183068449405149,2812.195791514023,-375.2879341856791
193,7,linked_hgb,0.04871715794313338,0.03778471844767975,0.0020229923184853257,0.04699157418693361,0.03444256494498472,50,0.03774302415357403,2803.5650659418006,-24.892614905935204
194,7,baseline,0.043704814459081295,0.03465470661189377,0.007437115108053453,0.04511050635977525,0.03429639338568195,52,0.03405327600470649,2684.818472809058,801.0338550436339
194,7,linked_hgb,0.04687024033628633,0.03840315103482899,0.01947350154061461,0.050050842116639814,0.04054376826541402,52,0.03798710856796934,3006.896239683601,1818.7131359569787
195,7,baseline,0.06489204379361213,0.05038720046247036,0.015793156277161245,0.06582902543025937,0.05639474921800411,49,0.05110145156240826,3446.4741113454797,1035.2594543980122
195,7,linked_hgb,0.06535772413826663,0.05113490048917566,0.022698570287530497,0.06740500942159285,0.05740714470323025,49,0.05137907032160193,3606.9058415175546,1667.1631994365662
196,7,baseline,0.04558301673919942,0.03718794365382953,0.00688106184933453,0.0470411511746209,0.03731908531235588,51,0.03764973975762271,2678.011634548201,-103.52096342045834
196,7,linked_hgb,0.04546106116177269,0.03605216973172362,0.01307659357988775,0.04619982296279788,0.03669808796877896,51,0.03554359490978112,2677.7297206455905,388.0677577956063
197,7,baseline,0.04972921148758227,0.03950053604380077,0.007129073766061154,0.04833170135975095,0.03902204399423366,55,0.03903593093631478,3238.7817557131284,556.7666403043916
197,7,linked_hgb,0.049984098724941424,0.039817031375626116,0.013386167316331264,0.04434172015241452,0.036351669484954295,55,0.03822136497479201,3371.893601512107,1079.6588920649006
198,7,baseline,0.08868670581558147,0.07776596256437959,0.07604782408608984,0.07980990316608354,0.07566604242915287,22,0.082005698309486,3100.6410163327296,3005.8468373130827
198,7,linked_hgb,0.07390526534083175,0.06194506995824009,0.057571611410356334,0.0510334674029902,0.04518450300350429,22,0.06213185271473308,2888.266681335385,2766.0476412555763
199,7,baseline,0.052605376526263896,0.04234690163848149,0.03001278115770919,0.03174483463533861,0.02767572551502858,20,0.03899339784024688,1604.2896294781858,488.6371201520306
199,7,linked_hgb,0.0414996793751401,0.03353255503577886,0.003518237565106928,0.033177844243072845,0.027362114513024116,20,0.03080738743002764,1561.9455615077638,-236.27058360658896
200,7,baseline,0.07808818963639859,0.06014000688710878,-0.055251293278914905,0.0728898019321616,0.0594772119933096,50,0.05999201868498709,3578.0800235283573,-3184.9957384966892
200,7,linked_hgb,0.07147816208436218,0.05534634972902198,-0.04953003352979476,0.06967265833491712,0.05548255932682145,50,0.05594444668850241,3201.1640579627533,-2709.0089137948016
201,7,baseline,0.04641086250040874,0.03664496748734668,-0.004884918708888107,0.04365944959635088,0.035908097868788874,51,0.03510240308286581,2950.631433029117,-943.8910496045842
201,7,linked_hgb,0.04556625955828685,0.03522412617479062,0.006835069885486603,0.04281522736453296,0.03363391004860763,51,0.033234212200667204,2858.316456686819,-60.03553046540355
202,7,baseline,0.051666224785906524,0.04024913766110817,0.0022854094642746504,0.04465588332793943,0.036755913750688665,53,0.03891933173436126,3169.1214529139997,123.3414654784026
202,7,linked_hgb,0.05515298472142827,0.04317812629954587,0.008475057090661074,0.047072806655425355,0.03903266514024935,53,0.041600959638762126,3437.715267223565,561.252198915093
203,7,baseline,0.04868853882467372,0.03976524664283128,0.0028656667409598787,0.044564570303798054,0.038103966311470665,52,0.03879179038963708,2862.3369816336644,702.4837162670598
203,7,linked_hgb,0.04764446553895065,0.037385495372680086,0.010023537859575458,0.040576571666331135,0.032105502244273276,52,0.03591983888083329,2786.5267781193847,1227.0761135173748
204,7,baseline,0.053716112173995474,0.04330553714197029,0.00043627003479168976,0.056184710273394514,0.04546022758304842,56,0.04228033145846536,3108.4683770926695,-6.194718878873303
204,7,linked_hgb,0.055975517705687025,0.04469210123979009,0.006473436509250662,0.06276498270170837,0.05136153049021869,56,0.044327983868756846,3077.9375089401015,488.00208534517503
205,7,baseline,0.0989532498153743,0.0842461537593618,0.08067062046615116,0.08247269516070796,0.0748412209101762,21,0.08286961423764024,2358.80570482564,1888.5334100748041
205,7,linked_hgb,0.08198297366782673,0.06813567165708018,0.06167711153864971,0.05377478496255978,0.04529339601289158,21,0.06392627115356087,2109.1638334512295,1502.169476351783
206,7,baseline,0.05623177859436235,0.04546382726445305,0.008463946084436411,0.04542498514611261,0.03885087478986271,20,0.043248181338435734,1692.836715436287,492.2185181844437
206,7,linked_hgb,0.05876819732998404,0.046245014944951084,-0.017764322744724313,0.048468743516513264,0.03448061266275331,20,0.04251146908808168,1609.6146920572296,-253.76035464439659
207,7,baseline,0.06917056040626546,0.0558473342426823,-0.04799606161583816,0.08357818939608272,0.06882037263751961,51,0.059515365757919235,3206.2710730055105,-2788.038633957974
207,7,linked_hgb,0.06771786970756304,0.055551813802980035,-0.04716552266378917,0.08250634124188784,0.06958918673045722,51,0.06005294258659798,3195.5324120469704,-2744.143538763078
208,7,baseline,0.04861686598186727,0.038951127639458044,-0.006244633139677895,0.05223396291629485,0.041690212384327345,55,0.03891136680160222,2967.0105566549473,416.6578538861972
208,7,linked_hgb,0.04503944345633363,0.03585387396691066,0.0029926044567188757,0.04593178184302627,0.036321214653037746,55,0.034993557473441864,2860.912390229271,1004.0189611215245
209,7,baseline,0.05062012845320947,0.04086112100811328,-0.005160648817106557,0.05616308402802671,0.04387856053273268,56,0.04158602903865804,3304.034861154406,-125.32110254429642
209,7,linked_hgb,0.05140930395807456,0.04173606602035201,0.002041183063530851,0.06082782780143401,0.04856266307040545,56,0.04326885621953963,3286.634694552601,385.43295398141083
210,7,baseline,0.04322038887134421,0.033981364877704784,-1.453563647984677e-05,0.044659144527244725,0.03519577957565964,53,0.03452736257800739,2406.518460860745,-862.6710357024438
210,7,linked_hgb,0.043171983195257745,0.033513797097197574,0.005578174617531275,0.0440187996519056,0.0366653301850936,53,0.03425113986422766,2376.001732818191,-473.0398214990987
211,7,baseline,0.04360310705799119,0.035242537927038936,-0.0021880684847628332,0.0453176499224786,0.03494237562484429,54,0.03542450456291563,2540.020003917896,291.44363896915957
211,7,linked_hgb,0.04276309888098209,0.03555345361779604,0.0035660686240704923,0.04290444787018043,0.03522118326956018,54,0.03581316651359036,2719.077989333967,698.8254034284971
212,8,baseline,0.09216285999175239,0.07593704482699751,0.06855887166122959,0.06691394388644907,0.05487618748761371,20,0.07629504366933398,2214.537447175026,1505.842948802698
212,8,linked_hgb,0.07578500789701155,0.06148562242126597,0.04952315767893059,0.04484669120501896,0.03463597556871284,20,0.059430973305366085,1942.2484154221734,1037.0891571798697
213,8,baseline,0.06558689183345152,0.05130720961714605,0.03210417564375048,0.0487865504932438,0.043196320009545486,19,0.04603845804425014,1551.079040469041,618.7116343010417
213,8,linked_hgb,0.05440231667999233,0.04279703883230582,0.0018498040237827193,0.05431193402532083,0.037263110847820795,19,0.04010053095861702,1436.7376551931043,-152.78302784940246
214,8,baseline,0.052729872128024734,0.0418939554072494,0.001962875128084907,0.04914712253242991,0.04080220976227641,44,0.04197306128252314,2647.8303514096733,-1210.3884053869856
214,8,linked_hgb,0.05245221782025415,0.041429339877530266,0.0021284814902165264,0.04740573824469491,0.040255882145826254,44,0.04254897849131713,2545.8611075820854,-1123.5542569213753
215,8,baseline,0.05888495492691646,0.04712361109127843,0.0261992234628157,0.05400532393116105,0.04311297884335593,48,0.04529316672100094,2979.3219149298416,259.5712764500718
215,8,linked_hgb,0.06155373617199078,0.0487097855851263,0.03239321852058336,0.058479027252088686,0.04481825561860545,48,0.04701141256688908,3044.852994265836,844.4823801597425
216,8,baseline,0.05632821382839982,0.043047269130834565,0.02424010756415386,0.042276229699850565,0.03237321507770694,45,0.039341799350956094,2316.95853021726,99.64402474194344
216,8,linked_hgb,0.05409486076953035,0.04159240507584852,0.023234429874376832,0.03745858789757468,0.028560228622871383,45,0.037744692290299295,2405.0394908571825,252.64532795988657
217,8,baseline,0.05447354566752293,0.04420952573152158,0.004972376041348766,0.04878000382234327,0.037636491323059074,47,0.042949156068238334,2559.8990718739215,13.592960712501139
217,8,linked_hgb,0.05430531980083553,0.04377446122673856,0.0039648903182321815,0.052693189599651045,0.041326738845313085,47,0.04334757673763473,2542.9096940686486,189.7282801767188
218,8,baseline,0.058681552260257536,0.045961304494354004,0.024733889800337572,0.050642545591679175,0.042180162522719396,45,0.04607599381327757,2320.5892792880873,364.7285917375894
218,8,linked_hgb,0.05761938214070109,0.045402925474768305,0.023739402302744857,0.04894923996973846,0.03994647560308549,45,0.04547708585886138,2471.074736429082,658.8428421700412
219,8,baseline,0.08734648429444787,0.07194781756616499,0.06351502829164393,0.07801271773159738,0.06496513174593756,18,0.07085185450898157,2281.090826858688,1684.0043340940194
219,8,linked_hgb,0.06792529964053953,0.05590328310916343,0.040856961201949184,0.062119805666283265,0.052622007789453584,18,0.05521297945824305,2066.4369754290638,1313.8586592000615
220,8,baseline,0.05050079740131445,0.039459907065505916,-0.0022367064854220678,0.03389559251362128,0.028754566222072273,18,0.03771035914811214,1137.564995274085,-257.46519366579565
220,8,linked_hgb,0.06661066377786126,0.05270571981116772,-0.04066298891413822,0.04684834860925267,0.03608764084944408,18,0.04972135708016917,1457.9479353201623,-1004.2270267797966
221,8,baseline,0.08319341977255185,0.06512096727203752,-0.062146088789112715,0.08838277982190296,0.07320307032181815,49,0.06755667293852019,3655.0566500408013,-3450.861717275967
221,8,linked_hgb,0.07833753581415101,0.06080929828871218,-0.0573473874087822,0.0863662189162485,0.07027141507416551,49,0.06371790013239062,3174.8865692936824,-3002.7814787309335
222,8,baseline,0.05412996013194207,0.04318095279128193,-0.005946088621585967,0.0624869070311829,0.04814736439123337,49,0.0456600216887498,2706.6941917904287,110.97910688943841
222,8,linked_hgb,0.05381587404386459,0.043117449726705365,0.0011045628530616466,0.06428227841509199,0.05196751220269091,49,0.04673263113099596,2689.7476978715067,675.077878894694
223,8,baseline,0.056892354584953675,0.0468135574314221,-0.02496834771176537,0.0601116117676484,0.05031263469804208,51,0.04833569108239452,2738.5152903073604,-1244.3092713610054
223,8,linked_hgb,0.05369066471808281,0.04292112650703869,-0.016985926252197664,0.06078051317604732,0.048328920479151743,51,0.04456196284724218,2496.2200969219866,-664.8041015554553
224,8,baseline,0.05323685420407168,0.043390145108410445,-0.006026164813182193,0.055566592947930905,0.047053941157580145,50,0.04406635459856577,2544.171503419285,-32.256910759185644
224,8,linked_hgb,0.052970487376301084,0.0427583869787967,0.00017182280780094698,0.05535775803600317,0.04650493418200728,50,0.043614163802525203,2625.7949211581436,415.51225220061735
225,8,baseline,0.048501216885418245,0.03875179069830674,-0.01624117373647296,0.05353289955073611,0.0419539601584965,49,0.03959286355182631,2477.28029009445,-507.6320077070889
225,8,linked_hgb,0.04329614786102553,0.03525771669257139,-0.008310264810777325,0.04583297856339625,0.03794742530645788,49,0.035597954429027856,2352.885181785958,-53.44501820592407
226,8,baseline,0.05803955709176805,0.04386600882440307,0.027247073130649755,0.055618971963590565,0.04603313471113417,20,0.04468346333901013,1274.3320300723876,855.9782157444732
226,8,linked_hgb,0.052442100709914834,0.039251148281925365,0.005666295422077369,0.0636833525103021,0.05159912230926076,20,0.04228770689638282,1079.3859543222206,416.4764416061935
227,8,baseline,0.04998894082269562,0.038721842466552275,0.006289641881417976,0.04068576578281212,0.03401170313034537,19,0.03695391380967078,1338.647431683355,-121.75358527683187
227,8,linked_hgb,0.05488873489496321,0.04480322933042509,-0.021516619173614922,0.06321871329936161,0.053254387363678685,19,0.04633259868085369,1570.9613412124233,-740.6712098125242
228,8,baseline,0.060978649566218956,0.050304714642790384,-0.035425737469904545,0.06244467494958439,0.05360013260310086,49,0.05297161068925024,2912.791412431896,-1530.3683491553395
228,8,linked_hgb,0.05690218739174327,0.04609920975028456,-0.031615837324159686,0.057456105388652166,0.04936503701982193,49,0.04924389960607644,2632.269144572299,-1270.746577050652
229,8,baseline,0.051589097262048016,0.04030143509958928,-0.01590572103209452,0.062164427581593476,0.04611520310067072,50,0.041220452028973585,2866.2227460752647,-1341.438069759348
229,8,linked_hgb,0.04990987356965157,0.039364094293056366,-0.005108460618695668,0.05900006284593892,0.04290006613846486,50,0.03952741016965461,2780.377969046344,-546.8608265995872
230,8,baseline,0.04650132138166041,0.038339186078723254,0.004702458147115462,0.048984108722437567,0.03941982284566141,45,0.039839417953176866,2360.6116899331987,-10.322198511784734
230,8,linked_hgb,0.048682313261861815,0.03964766430893115,0.01116713635977818,0.049573663974577464,0.04018102323593905,45,0.04163681419688149,2487.241654000779,464.2630931194978
231,8,baseline,0.052884382093539,0.04242324348304197,-0.023490634007218833,0.0561924639702688,0.045817270213743454,51,0.043978412229348285,2593.966288647886,-834.1355548080832
231,8,linked_hgb,0.04933393694669984,0.04015906309188907,-0.01728411164247664,0.05286847787759796,0.04451172976336501,51,0.04181525806593184,2526.893381767588,-334.17124201489884
232,8,baseline,0.05136573657572999,0.039615482544623166,-0.00118695751137695,0.050510730069381934,0.03875954485907654,46,0.039815655962880864,2265.504483441063,-152.18871323044172
232,8,linked_hgb,0.054007300327000636,0.041249500611726636,0.004659618744017281,0.056794699523190696,0.044093736161637025,46,0.042432308945160306,2391.0141064017034,249.3320343953236
233,8,baseline,0.055894721679966966,0.046305474143672656,0.030328127787930394,0.06613405405686038,0.05282439564924758,20,0.04730626679716841,1635.8301326873716,688.268685172722
233,8,linked_hgb,0.04903044392442204,0.03939621122573955,0.015125388654256314,0.0568589845625734,0.04140243746176799,20,0.03966218864979571,1461.6687490191423,467.9378925227885
234,8,baseline,0.056899966596930675,0.043677242891403525,-0.006818644327072123,0.03717276695645472,0.032578245622162286,18,0.044168112666682816,1190.0898846456669,389.5615204445636
234,8,linked_hgb,0.06398653643042213,0.04665277221590983,-0.028588014050036303,0.04253078705317641,0.0343153963646092,18,0.04916617268576425,1015.9169598385763,-97.88426263942151
235,8,baseline,0.06123084065442819,0.04826477323318781,-0.040250928266847806,0.06990106621098095,0.05968222875899085,47,0.051392428874520925,3114.77191384052,-2838.508407918065
235,8,linked_hgb,0.0559257983382091,0.04375270389394806,-0.03627484698032926,0.06491568862202526,0.054895835507946446,47,0.04718241293656747,2825.743935897557,-2545.1265733584614
236,8,baseline,0.05813975629916729,0.045332794266731063,-0.020306048372559164,0.055329297404237386,0.04292208866870604,48,0.04429756151914702,2923.270211178128,-631.2688765953602
236,8,linked_hgb,0.05456247715691781,0.043029142111765534,-0.010848254714009365,0.05624155854061087,0.04509061375949264,48,0.04282272038268858,2671.315719025173,81.61113463355778
237,8,baseline,0.04764105872272363,0.03691814709367548,-0.003816986308803361,0.04893819452867336,0.0386116047758877,47,0.036285083582213495,2623.232082458113,-2.3207678118664035
237,8,linked_hgb,0.044528807306655295,0.03586395602576184,0.003577523945124992,0.04286102316936844,0.03644784896526476,47,0.03485037223488483,2624.1627048522614,485.3651088943923
238,8,baseline,0.051451747447698586,0.041142093503223114,0.0022743627570395338,0.04789717173763843,0.03828348346457616,50,0.04036633131867572,2835.5652340958154,255.80437711029055
238,8,linked_hgb,0.04925072257271258,0.03970265266456757,0.005512905502551196,0.04599201304452296,0.036351763325004505,50,0.03892328040304767,2695.319097825326,633.0401925606416
239,8,baseline,0.0677274021904062,0.04920140222294551,-0.021015002243704513,0.08152344648753625,0.06322350806946543,53,0.052776594629119565,2669.0327510219586,-619.7019088352537
239,8,linked_hgb,0.06394692312606047,0.046342137160870295,-0.013765139538822425,0.07476196953798699,0.05494863663560107,53,0.04894781735316869,2647.036863382939,-36.75154033171802
240,8,baseline,0.06609640074603323,0.05290021232844687,0.041779806772519835,0.060281478435515526,0.04986161606624148,18,0.05521342283452279,1801.8563585928246,1352.6120367229692
240,8,linked_hgb,0.05335601895801444,0.0420057206487867,0.02250986035948426,0.05122447003092621,0.03902568624390062,18,0.04357538885255733,1641.8203183052683,905.464986696415
241,8,baseline,0.0611255809063294,0.04601971061288853,0.01157549374007565,0.03947646345606959,0.03006031272045737,19,0.044524598914450084,1339.6752177788767,-216.35395021649154
241,8,linked_hgb,0.05829728721398079,0.04430401529705426,-0.009605121261060945,0.05697057197466744,0.04877951860186505,19,0.04686170239121143,1295.8947891678963,-704.6923472106205
242,8,baseline,0.07291492050862929,0.0598809279539021,-0.044818699514013564,0.07058119956133793,0.060005267569772355,47,0.06001290297103373,3456.3604092862724,-2013.1208369434357
242,8,linked_hgb,0.06976621174605808,0.05749263555568926,-0.042051972063285245,0.07018114967463014,0.059999425057339247,47,0.05849731329885084,3393.291315263039,-1877.5700876110027
243,9,baseline,0.14517069277192063,0.10484087616779653,0.10162260441408193,0.22436589728662915,0.18105548962571819,27,0.12502059445127842,5793.695251090302,5466.135387020592
243,9,linked_hgb,0.14516591395868472,0.10924307158827612,0.10705511510662134,0.2201597417262898,0.18644263261690952,27,0.1301734650472945,6182.750132056342,5875.449749501317
244,9,baseline,0.10569790475736035,0.07741758414030507,0.06611788541636901,0.1602794074434857,0.1301137753134514,29,0.09277267528853742,3769.1061074608515,3430.990661409822
244,9,linked_hgb,0.09641739677683946,0.07163072488464563,0.06079985535931019,0.14023898672817633,0.11400845122875601,29,0.0849576228243467,3602.227459047247,3181.1048185732343
245,9,baseline,0.10529869956259533,0.07369751907604122,0.05860989528227583,0.157724115252245,0.12165800083561519,31,0.08667250365775976,2681.4737081909375,1747.574912606997
245,9,linked_hgb,0.09473883355083658,0.06808468394937607,0.0522670956106351,0.13963849261671246,0.11074647907546986,31,0.07998808317153544,2579.1225339080347,1446.6335682081494
246,9,baseline,0.10646364402793818,0.07413186338128588,0.06372698844404814,0.11873128854675943,0.08671617592813971,31,0.08034136842568955,3011.428565338085,2500.957764822972
246,9,linked_hgb,0.0940127891065816,0.066356150486861,0.05526753257222872,0.09640197089084343,0.07308139638689767,31,0.0715142606666294,2832.2582457417666,2098.4365801993763
247,9,baseline,0.14918191800386682,0.128383880737569,0.128383880737569,0.20491404278389963,0.19630994072407595,18,0.14489237518284243,2250.32971717205,2250.32971717205
247,9,linked_hgb,0.10577280340080814,0.08541048239769612,0.08322053203081266,0.14426102252739578,0.13289949331373194,18,0.09878298349687159,1399.0793219452185,1255.0602271421153
248,9,baseline,0.10080272555615741,0.0771712709973788,0.05365577838473286,0.1641609710463041,0.13702364825441782,18,0.08673694719700702,1445.123019004458,1238.1705218698648
248,9,linked_hgb,0.07183373830465563,0.05583305086559657,-0.002750186995011379,0.10607635413841995,0.09567503181649083,18,0.06625186290362922,1015.4509073633001,-23.242460875693112
249,9,baseline,0.08117723009236906,0.06539691838156994,-0.021700033839266452,0.1089777524678075,0.09859995605027509,34,0.07463351857140545,2540.1249733691893,-1044.7605041673564
249,9,linked_hgb,0.0708106963348002,0.05535782143988452,-0.034787695348915314,0.07548471745684221,0.06554816286624758,34,0.05894803036543727,2386.8635264741397,-1641.8077790572886
250,9,baseline,0.07134421902049039,0.05613850436758997,-0.04362572147348628,0.08346635377261453,0.06827171791905078,36,0.06087087142764283,2663.191209361081,-2016.500554796254
250,9,linked_hgb,0.06802424774851862,0.05189961309077317,-0.04202470193011059,0.07704634219616333,0.06052934540397719,36,0.054729551741923524,2615.7535227819817,-2412.893337929797
251,9,baseline,0.053018375349653105,0.04145096225974477,-0.013514783380379945,0.06727155477551375,0.05168484473964625,32,0.04457662878045146,2677.213963142309,-1687.019912430447
251,9,linked_hgb,0.055263772826178045,0.04214963498558974,0.005769436602140775,0.06298382784701946,0.05033362980647805,32,0.04476799523621687,2181.2722693852393,-836.7078913394039
252,9,baseline,0.07256912672582988,0.05523314262735538,-0.044677955983509904,0.09325119352129034,0.07494400463678796,39,0.06036594162107668,2745.317328319594,-1855.935765170921
252,9,linked_hgb,0.05826243769814985,0.04299304721719962,-0.032804865087474204,0.06435937766218451,0.050218024665999506,39,0.04540525353669234,2359.552800860517,-1574.1310505057672
253,9,baseline,0.048951841570084025,0.03918276622313133,-0.007142785184908379,0.03908973616075674,0.030884162792658973,30,0.03666433429258402,2699.4431156343007,-1191.9684097749891
253,9,linked_hgb,0.04977320952900593,0.04063101167143621,0.0038188588745362525,0.0420897337811963,0.03547796402935689,30,0.03851941794374822,2898.1544529274925,-957.4723303139616
254,9,baseline,0.0608650265464601,0.04932737106847972,0.039521569785491706,0.05817683367645191,0.04685411743383862,18,0.04759310827940299,1022.6321230127874,529.442698463096
254,9,linked_hgb,0.04501184132150808,0.03614545830873671,-0.005505890910013266,0.06564946061671241,0.05416656937757983,18,0.039479370562825154,865.671851613744,-343.2011401390147
255,9,baseline,0.054415464559402105,0.042993821529725744,-0.003877226850569406,0.048725958178330815,0.038100550415924764,18,0.04088586102370546,1396.8570140979893,-687.2794085824888
255,9,linked_hgb,0.06031590922754919,0.04916344734103564,-0.0327227029116521,0.06808337859271935,0.0593948565452052,18,0.05262912778109205,1572.4198340534713,-1394.4915923743788
256,9,baseline,0.10775517366578641,0.09212552291242573,-0.0908664038347187,0.12394357099657861,0.11309196512183052,38,0.10043209493874297,4572.820057316694,-4468.6500177923635
256,9,linked_hgb,0.08609736554573338,0.07282384773046863,-0.07152369254060904,0.09592759602613016,0.08595597892313031,38,0.07801488431142314,3619.1458275740715,-3510.9332254484357
257,9,baseline,0.051716465352169276,0.04144878700287843,-0.006602618037059974,0.05429030439019235,0.04402889907632046,32,0.041539317657945274,2600.9846829610974,-1438.676124833245
257,9,linked_hgb,0.05294770505674025,0.040901165489063196,0.007744677010187816,0.04390680954708198,0.034878916592124935,32,0.040263416990046715,2382.9406496206366,-578.8892577087884
258,9,baseline,0.06021975295184178,0.047593247796259605,-0.040267644495262905,0.05633323277182732,0.04460743654842025,34,0.048018229529074974,2461.4068335971497,-1828.9031058342675
258,9,linked_hgb,0.04666159847762415,0.035340070615267234,-0.02109385773832916,0.04436243482547366,0.036486073756965484,34,0.034945375833775306,1981.2094400770757,-946.5199611234066
259,9,baseline,0.04826265170555266,0.038224402265663315,-0.01510563578856521,0.04973341873351969,0.037473262358689724,39,0.037120585420369424,2345.9115158250243,-1066.908615174457
259,9,linked_hgb,0.042354040413474785,0.033541912216433135,-0.00336395209858087,0.042069348853774065,0.032023881853158694,39,0.032514355502241334,2205.4942815320774,-308.16123082002724
260,9,baseline,0.053377590158064016,0.03947630930097083,-0.024950096438008995,0.05474771572399681,0.04302330187997185,33,0.04134159821061945,2345.8252961418993,-1084.4246969162239
260,9,linked_hgb,0.04508775494465561,0.03250434170678593,-0.009145658108273603,0.04762578438040757,0.03615152252647616,33,0.033886313252188036,2225.2306247169795,-307.96490229100897
261,9,baseline,0.059533176642445756,0.050136182269813596,0.03995746830986245,0.06004077884766619,0.05369350123033288,18,0.05327986233036104,1394.3556020753942,513.4428215002066
261,9,linked_hgb,0.04216368544474607,0.033720564110269184,0.0036980315501014363,0.05588934231158766,0.04374979478976632,18,0.03524095081469004,1273.6813961650782,-191.51499965407857
262,9,baseline,0.04432795490529526,0.03639010433801504,-0.004745048712320817,0.04233599838230163,0.03428678991002185,18,0.03637251510007661,922.9293569973968,40.497389930085504
262,9,linked_hgb,0.05420025645179793,0.04331888221748179,-0.031661570396938794,0.06030880100603925,0.05105593466215614,18,0.047962068045498255,908.4752646919945,-395.183861851816
263,9,baseline,0.07378089737336033,0.06067587639729141,-0.05721865593453771,0.08852243409006612,0.07775454335798475,36,0.06646429317289514,4130.511059730099,-3833.388026786769
263,9,linked_hgb,0.0576787134985284,0.045877969368694815,-0.038349685058626654,0.06777910052398867,0.05744930615099126,36,0.049775731611599476,3045.4496363663784,-2605.471546059619
264,9,baseline,0.05431354020829904,0.04228344411323375,-0.03202977026448136,0.06266962408881539,0.0504501674739849,37,0.045342385913934316,2518.9085972232806,-1890.3222561033576
264,9,linked_hgb,0.03630832556269994,0.028650738162308342,-0.010551016110333393,0.0405953335307911,0.033552406671031806,37,0.030352969662786642,1702.0827710412273,-748.0794508111854
265,9,baseline,0.050645977903512523,0.041879115074570095,-0.017898990184454663,0.05507528058699185,0.046795397804717205,38,0.04459073721853888,2514.7183696083484,-1003.5189730131102
265,9,linked_hgb,0.04255972472327025,0.03473423726547778,0.0005205249620073722,0.04635762063698018,0.035924865655049584,38,0.03524051242559019,2118.6753252679373,228.23195355876186
266,9,baseline,0.041745890164059385,0.03368243347358651,-0.01137644831657571,0.045841872573088936,0.03886185478311727,33,0.034833449787935594,2155.563492724667,-1186.1045959704259
266,9,linked_hgb,0.041033982886550725,0.03270632265361994,0.00048612840577788043,0.03983357320503861,0.03089302603726373,33,0.03367996446873017,2083.2307234389373,-357.576802917072
267,9,baseline,0.04147489467749564,0.03460243600051316,-0.01902677983851296,0.05112869555687043,0.04276677768453632,37,0.03622734446282331,2439.8465367690483,-1588.9176141009318
267,9,linked_hgb,0.03628921968689044,0.029638344445515188,-0.0026814049311828007,0.04333853527196192,0.03737813233097967,37,0.031049698231753974,2010.8796717207777,-393.5652107239595
268,9,baseline,0.0718490854642224,0.06028399036139673,0.05509649438619098,0.05830043567348594,0.0490223836991551,18,0.06059101517305523,1904.9614813139842,1589.00114300502
268,9,linked_hgb,0.052184321863883755,0.043139904783615485,0.02931114822583623,0.032967701985719806,0.029769323015413598,18,0.043701766745810215,1620.5968916956863,1179.014141956871
269,9,baseline,0.052347376652189595,0.041856797293623536,0.001665132304981458,0.04995074715172571,0.04216987324655806,17,0.044255521778259775,1184.2322150544383,-439.68063448558183
269,9,linked_hgb,0.05859950482324116,0.04832144139261945,-0.029740072179093732,0.07892774411757462,0.06743141218125918,17,0.0530974878690725,1281.2810901486246,-968.1938300677384
270,9,baseline,0.08169271276621537,0.06678030338175456,-0.06451990080950812,0.10070113074819058,0.08677468500898657,39,0.07360286520653396,3648.118303984602,-3480.6043093190883
270,9,linked_hgb,0.059193672165409536,0.046862144297106244,-0.042097784359208586,0.06812361986429939,0.05771618170238402,39,0.05106418568784293,2436.334829983921,-2055.3735978947034
271,9,baseline,0.044665071492282396,0.035684497078242006,-0.019190283094186217,0.055401160417837624,0.044896034093620286,36,0.038452231497337584,2104.882584233968,-899.7045522670426
271,9,linked_hgb,0.038308746014992914,0.030821173897317318,-0.003225127809208992,0.04988843292388881,0.04165513504815752,36,0.03314752021097613,2019.6319837839014,69.34372347255142
272,9,baseline,0.0519968824266992,0.040872212582134505,-0.020602576340578417,0.0656651293454701,0.05263459896422704,38,0.04381998064874271,2516.662889545816,-979.3067992948332
272,9,linked_hgb,0.042177520312396646,0.032624018577152795,-0.005248064985090458,0.046771716192526284,0.03461093389696383,38,0.03316979626175196,2096.5659109352505,217.86716912617123
273,10,baseline,0.07171791873987898,0.052824426574739645,0.0357965611636822,0.05314310425974103,0.04489255669775305,30,0.050119750603167895,2799.357353814825,1051.663128856349
273,10,linked_hgb,0.07677186554490835,0.05745992142852802,0.047901049545059166,0.0543443078586905,0.044322119164570156,30,0.055453654049269156,2923.22898829321,1948.9627355737575
274,10,baseline,0.04427440516216556,0.03516026430113625,0.02097632700140726,0.034755314557140676,0.0283864662001096,33,0.03479149219204792,1935.2649822906337,907.2004800300264
274,10,linked_hgb,0.049980182596623395,0.039259531721114654,0.028454475014639984,0.03234528223121794,0.02575065852542184,33,0.038430068950323464,2173.598108229933,1403.4361953069251
275,10,baseline,0.09733283149071056,0.07959549755136908,0.0747967464864255,0.06455368820075869,0.05917863030474118,18,0.07603740150505137,1743.3895907576784,1258.321605050094
275,10,linked_hgb,0.06794130211709154,0.053728695576217386,0.04289856388244124,0.03702260040628887,0.031030957856425512,18,0.049432412188037664,1442.2748805029387,816.849603158816
276,10,baseline,0.042142081716228554,0.03426751822319752,0.012522328072241686,0.049441293649698695,0.04308669139924179,18,0.035801467994991586,785.0281171731372,435.35354504752786
276,10,linked_hgb,0.04184766696457343,0.034395061805180024,-0.013462896642682298,0.03525692898971178,0.03150959446698541,18,0.036652632388844336,711.7617996641707,100.9639323332735
277,10,baseline,0.0444345731205721,0.03433823456816912,-0.005834729814755365,0.046919701391264904,0.03307542265419898,33,0.03397776146335966,1951.6678591599118,-692.2189517041419
277,10,linked_hgb,0.04017418541829214,0.0329053627663926,0.0008773645082338043,0.0425510962847957,0.03416169145618457,33,0.03330707666747156,1823.8379027068595,-131.42772609057596
278,10,baseline,0.0428270005161202,0.03343126678221567,0.006369592083934694,0.045078095331176966,0.03511897477639654,35,0.033449774832164665,1957.9904445091986,-166.4911731028933
278,10,linked_hgb,0.0403179901269229,0.03165734745965179,0.00860734883461959,0.03812049496815731,0.029620470779986974,35,0.031447700878587184,1818.833110571224,160.10754904224683
279,10,baseline,0.04575867041789899,0.037305338604693455,0.015042131450496328,0.0442683743379799,0.03534371038805524,36,0.037592818463278756,2227.478719048584,179.05889209743845
279,10,linked_hgb,0.04373707900703263,0.0354926948993408,0.016990580838162163,0.042067009277776554,0.034819371215268353,36,0.03626691759813686,2179.5839040425294,591.4615570547701
280,10,baseline,0.0537502812381551,0.04076192099943137,-0.023660896588002762,0.049791159637272896,0.03873011143387054,33,0.040469443406184386,1935.1344319916795,-1153.763809158101
280,10,linked_hgb,0.04442912163649568,0.03500790772955477,-0.013050998047612093,0.0430714102852594,0.036195335644722895,33,0.03580322616515179,1712.5440490580943,-634.5253550863979
281,10,baseline,0.042290268737829526,0.03388161883677746,-0.01740319994617088,0.046937909121240094,0.037231362794461084,33,0.03498941473980712,1977.0821782113294,-1041.1948855046114
281,10,linked_hgb,0.03667552242658617,0.030167904554062406,-0.006779564935424856,0.045930529123138525,0.03762741297992872,33,0.03162480636309976,1760.5843804437104,-484.9545615659713
282,10,baseline,0.06776028694879509,0.05598347996823669,0.04653037844540486,0.053696821623522295,0.04348059545136572,18,0.05194705341336495,1292.7182129519856,308.65322930977163
282,10,linked_hgb,0.05178583265353544,0.04258125736881903,0.026976812934516134,0.04337455842729035,0.03598779789710379,18,0.039296050801408196,1097.6708768030712,76.50895965103376
283,10,baseline,0.04100031325051223,0.032413012839857286,0.001039076888970765,0.046652990337983896,0.03929481192047305,18,0.03225464567881929,680.7374353071962,-180.528783043281
283,10,linked_hgb,0.0462710197712102,0.03742209597501854,-0.023327368416671695,0.05721487458685502,0.04779400219745777,18,0.03832133292211839,697.0320687798888,-384.33473401330434
284,10,baseline,0.07270264692279671,0.06010640840328943,-0.049150854416971396,0.07195739762135098,0.06087774942110422,33,0.06295990757974373,3068.039795175563,-2059.4434675731836
284,10,linked_hgb,0.059714926110402175,0.047984247110266456,-0.03532112725697729,0.0606153386960339,0.04974330893654182,33,0.04998718137831947,2395.1205710466184,-1180.60380194947
285,10,baseline,0.04052494926897694,0.030245220748369724,-0.0023846524948906824,0.04349704918786211,0.03289623828731615,37,0.030324259242760564,1794.6561777511702,-468.15760083818293
285,10,linked_hgb,0.03917749180377933,0.02921955810840675,0.0047954597266500676,0.04138919915460959,0.03008187218830649,37,0.028848518133068213,1785.6440820204375,63.48775729143311
286,10,baseline,0.04569571509818118,0.036762880149131344,-0.012714028786893806,0.05374302168856304,0.0412977579242542,38,0.03773729249294623,2451.6965575284307,-933.2970569031104
286,10,linked_hgb,0.041523875633718,0.03296215153349023,-0.00725457922619693,0.0486008139206711,0.03871253125310501,38,0.03439555780423845,2093.493938454997,-412.09623767108815
287,10,baseline,0.0460332362802146,0.03768667365606371,-0.01765245664616086,0.04752123553912766,0.03915872589738376,36,0.03898124963236856,2095.431639401312,-673.4213035404605
287,10,linked_hgb,0.04047833575937467,0.03187711882493229,-0.008796489395171754,0.03863553560750397,0.029671878833734275,36,0.03192142497125237,1874.8790285024947,-154.85673882729685
288,10,baseline,0.059773201966482184,0.04494320594098156,-0.023891140091032315,0.05287241091490374,0.04142915411314449,38,0.04601877295564145,2712.403837935277,-1085.2127383898064
288,10,linked_hgb,0.05176817779959519,0.03854514471767826,-0.016376262496647212,0.045860928388718025,0.036633353325866,38,0.039377090761475685,2308.6001180518274,-555.8722495093126
289,10,baseline,0.0565304241899145,0.04390499858924871,0.02212889158261296,0.042053858880761706,0.0321832923182008,18,0.04496889081002559,984.0981054635702,493.07541875348414
289,10,linked_hgb,0.047612878848116234,0.0372119302527749,0.0049811074820609695,0.0254283840876981,0.01954911211407864,18,0.036897597048022264,842.8107073609865,265.0643020267579
290,10,baseline,0.04484077019995778,0.03602943495949965,0.009417221146640148,0.03210943940953315,0.026841635497981527,18,0.035540918913357186,1075.6149806683668,-198.93523413382644
290,10,linked_hgb,0.04213676528060641,0.03291420062801945,-0.01384402574027066,0.0268444229141585,0.02142999140398532,18,0.03225995448469527,1042.6300976549874,-479.91207034275
291,10,baseline,0.07915908707654994,0.0644667642405472,-0.06103501748181159,0.0986692829280072,0.0861694091407089,41,0.07297112692459343,3823.9974448448097,-3454.0062230909675
291,10,linked_hgb,0.06756240931959379,0.054887786937888525,-0.049447160098280325,0.0858444913418964,0.07527921930022723,41,0.06253778287659212,3065.3880691135923,-2450.176299938114
292,10,baseline,0.04747036541392514,0.036658540179890946,-0.018663361368745038,0.0569235736826574,0.042442676733434874,41,0.03934559065898563,1922.6380141263044,-829.492296863931
292,10,linked_hgb,0.04139591785492846,0.030896704012408516,-0.006897277015126302,0.05124883103084466,0.04039995134468985,41,0.0338855965094472,1547.8425211712351,87.97549010293994
293,10,baseline,0.052073228853782925,0.041930763288521786,-0.019032665756240044,0.06022289469755381,0.04899107877817987,45,0.04307456839226381,2515.961115346038,-1037.0253953473234
293,10,linked_hgb,0.04605300266082208,0.0362754164162387,-0.01039857068010961,0.05100464970166752,0.04236367966089893,45,0.03710655287126766,2186.9309050095526,-258.5387112193679
294,10,baseline,0.04533268183841697,0.03596290844611748,-0.01119962310458409,0.05348547078843967,0.04140449916877011,41,0.0368010725853002,2374.8035159145784,-859.4813406717096
294,10,linked_hgb,0.03924338898026136,0.030925468746583775,-0.005153053204773232,0.047383289357331854,0.03708540877372524,41,0.031849104083922386,2042.6222280664035,-205.63212305743087
295,10,baseline,0.0439158226853944,0.03503442149052238,0.006246125998161065,0.04045255633746322,0.033959393030106866,42,0.035079869976260926,2458.4060780211285,61.13943972634118
295,10,linked_hgb,0.045487739354357695,0.03561980395190624,0.011800245256922316,0.03602663752811823,0.029230802149054106,42,0.03515403511255488,2472.3037885451954,618.3964899980256
296,10,baseline,0.05899516822016099,0.045894156972768635,0.039238659111911246,0.04636783231839564,0.04022015549100722,17,0.04600536046629836,965.8612715933316,616.2862163106506
296,10,linked_hgb,0.04124083169099159,0.03284612292339449,0.01635535312456329,0.03314880574883724,0.029879469368256042,17,0.03319245011812002,798.3664775894151,316.22431246347435
297,10,baseline,0.03941293795195793,0.030871148697230566,-0.005141759163844608,0.028085466336148255,0.02191203265017784,17,0.029278407005789885,1441.2171025253347,-378.8851600300646
297,10,linked_hgb,0.04444774227343928,0.03608050041835906,-0.024698460091606353,0.04353706703432987,0.03888889921608961,17,0.038038363666813575,1414.4523373194118,-613.144518115024
298,10,baseline,0.05007792044297647,0.04013829847730505,-0.031928965079116516,0.05113629855758733,0.03995362511550667,41,0.04066800177178927,2813.5697005887287,-2321.1616042950373
298,10,linked_hgb,0.041671911107576926,0.0329301541839285,-0.023449313732005247,0.039987480032398784,0.03286690532914996,41,0.03338155154171669,2138.8207679524344,-1496.6120894563005
299,10,baseline,0.04975739228261862,0.03990280112956149,0.006547721330224984,0.03947516699430015,0.03308259233771909,44,0.03948051787682869,2497.6271128926783,-174.93001821507724
299,10,linked_hgb,0.0489301311038159,0.038402477813990615,0.013365015780495893,0.039150211736987746,0.03176522896192047,44,0.037409373987615895,2445.386651299679,568.7781880081778
300,10,baseline,0.04385716658642183,0.03436581472451994,0.001099913521222587,0.04220818644740284,0.031067668562501736,39,0.034316340629071365,2041.926483272462,-349.406739416567
300,10,linked_hgb,0.040117876491468245,0.03150387515577095,0.004757965984243747,0.036429740509910415,0.029333140162266444,39,0.03193872068662127,1854.5048686628995,247.68813090002956
301,10,baseline,0.036859616692138095,0.027742627689527694,-0.013212633319705517,0.040932517589907305,0.03025059548936791,47,0.027935401583743663,1846.286813368799,-721.517874977418
301,10,linked_hgb,0.03560988041063249,0.026505680960790638,-0.009470205251328918,0.03920317955067902,0.028836579756480112,47,0.026947676154200895,1709.110065580523,-204.25181978829613
302,10,baseline,0.042715219493500094,0.03525800908544724,-0.0021554602596781203,0.04565085379748688,0.037373656516641,42,0.03626582706183605,2562.945658229767,-1303.519430619098
302,10,linked_hgb,0.03881511506828231,0.031638084594493195,0.005058116072148691,0.04300783996342863,0.034610919808131795,42,0.032767647301745605,2063.399064394631,-571.1936552166122
303,10,baseline,0.04678325764994799,0.03710260097841559,0.027155356480451663,0.04717541452619958,0.03801728209313741,17,0.03917868924444428,1200.7810481576378,930.6697548514037
303,10,linked_hgb,0.038800514353317446,0.03200679723187908,0.004567470540422076,0.044161953998814424,0.04024709257263058,17,0.03355243844855588,978.2031587999204,589.8029505002559
304,11,baseline,0.038899444022222666,0.030944353192395205,0.008464200371419544,0.040971920777349256,0.0307939343945573,18,0.031217784379438073,1113.5854716988324,279.2019548068154
304,11,linked_hgb,0.040024629266575705,0.03212309024506344,-0.011201302575447616,0.04968383312193072,0.03556125325364683,18,0.03358459857127354,988.691203632158,-43.49045081985315
305,11,baseline,0.06369947374326827,0.05110658103920876,-0.04648858162533325,0.0837871570200944,0.06970100567727953,46,0.056558834031690354,3143.185394811161,-2941.795398024648
305,11,linked_hgb,0.054371880819745005,0.043106712259922304,-0.03739958927360192,0.07019174335067473,0.059274568391616926,46,0.04804542459216017,2452.4077632911262,-2123.1850787534763
306,11,baseline,0.06037314938433369,0.04694212082071611,-0.01403993432023632,0.05686911111169391,0.04412055908918356,48,0.04678157777631539,3190.1613941522364,-1339.5344958669345
306,11,linked_hgb,0.052197205157945334,0.04200267126552412,-0.0036547168347399093,0.049077959028112794,0.04076054459856363,48,0.042524533103392825,2854.9161221379736,-420.71617055214415
307,11,baseline,0.04036317608550846,0.029873499071953476,0.0038264038110983768,0.03167027294313344,0.024611868749494694,45,0.028437494292131306,2090.2932050645336,-116.40783334116229
307,11,linked_hgb,0.038341749547580434,0.029566833839163493,0.010739714998790824,0.0328859840872687,0.02769966927568184,45,0.029106093085112167,2066.8631947929266,596.5904134176902
308,11,baseline,0.037243057318746615,0.03004756508890944,0.002231229365617751,0.032313739445247035,0.027384338779438053,47,0.03004396335518237,2151.2322293039524,-466.04912146513743
308,11,linked_hgb,0.03563895432388609,0.029143781241927107,0.00427004716278374,0.03437621085475555,0.02786002460800209,47,0.029467774858950888,2066.6743181184333,16.615432951321793
309,11,baseline,0.05003239729807167,0.04007093658211372,-0.014166136381029256,0.05983011208482666,0.04820993991993235,53,0.04213541577532355,2435.669824901042,-587.2100882437209
309,11,linked_hgb,0.04581935734003621,0.03688196339807628,-0.007990427973386914,0.052800669721449964,0.042396686638043364,53,0.03851581873440983,2380.1746323225116,-48.26322470246771
310,11,baseline,0.07639641549459038,0.060114937905703596,0.05272307921351935,0.043487516503373014,0.03826489813070286,19,0.05863745058325409,1346.4187807162664,946.9097217034728
310,11,linked_hgb,0.05400560089827774,0.04149981156807042,0.02678669466495721,0.03353013642124308,0.0265371758128467,19,0.04034430948300825,1111.1236374407606,628.903903463088
311,11,baseline,0.042536650930730883,0.033026142488300415,0.0028697055544354127,0.048948104351674064,0.03430231654711318,18,0.034309743420248305,1093.7693078384436,-191.92075781466525
311,11,linked_hgb,0.04225211571331099,0.03342450728891014,-0.018131923770275695,0.041402822018645896,0.03462226146169018,18,0.03527827860518434,1034.0238670836522,-427.88789541738385
312,11,baseline,0.05733795397764814,0.04579358387312925,-0.03332529022214692,0.06462221419852718,0.05529277609750536,51,0.048486008089981485,3439.355708834128,-2539.3954596793174
312,11,linked_hgb,0.04981851543592576,0.040667477572425025,-0.027986235414937697,0.055235403318869315,0.04704833993660748,51,0.042559377228704336,2954.1975084124597,-1942.8634640242346
313,11,baseline,0.04494746755281713,0.035924803803903144,-0.007068458610230082,0.0359454841193452,0.028140861387433033,53,0.03348074524486121,3009.1547260440148,-1082.1908424822345
313,11,linked_hgb,0.03909112182945414,0.03161875919990231,-0.00016931825256560895,0.02823794569541258,0.02359971166016182,53,0.02870970001420178,2621.801549579214,-313.36041794962637
314,11,baseline,0.04208751817656196,0.03248817852136853,-0.005943998633018793,0.04515600605272696,0.03392873335978533,51,0.03299341664270814,2429.2227757078367,-628.2065370960896
314,11,linked_hgb,0.04029404406969086,0.03130879675756632,0.0031133909798363533,0.04451200778720004,0.0343783433438187,51,0.03186037875406763,2423.3343695004073,292.8324442408383
315,11,baseline,0.042433809054978955,0.033773912984692664,0.004460807457497321,0.045640534671498076,0.036181929907306024,47,0.032611271120489733,2486.2859180930036,20.580916715481948
315,11,linked_hgb,0.03928184111700229,0.03172108131861206,0.009347621825997457,0.03665890813305302,0.02980813014553145,47,0.03015230199258201,2406.3967517426386,651.6354210343546
316,11,baseline,0.04332237176150537,0.03579967643859361,0.0023699364224706327,0.044099073583210184,0.03770532193856623,50,0.03666306227089298,2713.7892627481187,-708.4450831418326
316,11,linked_hgb,0.03982564191766927,0.03227148077758061,0.003925953054115251,0.04195901878082144,0.0350051262985897,50,0.03315674368940494,2346.8773514638124,-233.83604222925226
317,11,baseline,0.056997589843196646,0.045339798504944274,0.03600959716740135,0.049850939624435826,0.04526036532615044,18,0.049706520170049354,1244.0588621627792,861.3661707600818
317,11,linked_hgb,0.04306967347693274,0.03322292085089576,0.011297310213662228,0.027187614661042553,0.022728385074488884,18,0.03407426624555697,1030.9066384315975,519.4720586501737
318,11,baseline,0.03897718071663848,0.03082019145409349,0.0035609617238866634,0.03523242316835759,0.025602224846994828,18,0.029509921798775398,1121.1551461454353,-285.1628952389737
318,11,linked_hgb,0.04091270716739064,0.032723808058759705,-0.019231325716514647,0.03546672102521018,0.029257559820697727,18,0.032957216930871364,1102.9086594988676,-646.8767572857605
319,11,baseline,0.058453610097552726,0.04642022106833226,-0.03528541451952057,0.07080941192752785,0.0595440627508467,52,0.0502300741323221,3493.5944130526823,-2566.8895642465204
319,11,linked_hgb,0.05109531331719543,0.0410526858363584,-0.028837868547855354,0.060820512383050244,0.050518542353273285,52,0.04443828414689114,2981.5760218587257,-1905.5822348782258
320,11,baseline,0.04496244084301889,0.03588555886650209,0.008676230385095261,0.036271429015340646,0.029631854197473568,51,0.03312796572157744,3284.1416364003067,-11.296427404569897
320,11,linked_hgb,0.04445449323748651,0.03540549470387706,0.01518352327842732,0.040559797913288426,0.03145145806670675,51,0.03353229625521691,3163.02731675662,749.3872430905126
321,11,baseline,0.049070311212920215,0.038111438749510514,-0.003459595350245401,0.05458169373731843,0.04101462665401361,57,0.03838085325714352,2830.6064038883505,-627.9732056524698
321,11,linked_hgb,0.04572335149334181,0.03547267335582535,0.0013545819071797947,0.04948268610686574,0.03654903925864498,57,0.03543725764966071,2568.163832681964,-15.092531155421568
322,11,baseline,0.040281680185777206,0.032499738596246386,-0.010739114960643701,0.038518970616072214,0.030793772886260975,56,0.031811766485473875,2924.3738987420993,-1628.646498584475
322,11,linked_hgb,0.03704094590773058,0.02999057443632606,-0.00497562888884598,0.040359104975014194,0.03230051507507763,56,0.030660511857807392,2650.5594376096537,-895.6525510682326
323,11,baseline,0.039558278677756575,0.03168355651132104,0.0037814393827861315,0.038287172616107076,0.032787392148428185,52,0.03328129860717276,2267.6745905707876,393.28630401283226
323,11,linked_hgb,0.04014571792180452,0.031068468971781966,0.008219120520774613,0.03926169143123096,0.03219827291774518,52,0.03222547608651102,2198.992303680725,887.2915885828365
324,11,baseline,0.05928709971760177,0.04801599919602398,0.042595515115010654,0.04938144243886798,0.042194192663441564,17,0.048939080660756445,1118.3130361657447,590.3960867830406
324,11,linked_hgb,0.04100945262676693,0.03130635059006707,0.019540464450806302,0.029956702787775968,0.022408273459700007,17,0.030332252928541803,957.7460790990897,284.0970914442835
325,11,baseline,0.04100295131484589,0.03210727984844841,0.005327568815651315,0.03475294843519056,0.030104516943153088,20,0.031032041152435273,1159.6068133109925,-66.76118921391256
325,11,linked_hgb,0.04022150790981945,0.03196685731220627,-0.014897765321011959,0.03474261913751534,0.029937179390253005,20,0.033711702245602757,1079.2777396979004,-415.284619589476
326,11,baseline,0.0522244049032757,0.04151162784091803,-0.031222295660353307,0.05859698273057074,0.04771886668066246,51,0.04253836388697606,3243.8290433496754,-2460.548357049022
326,11,linked_hgb,0.04820622113793246,0.03858498918201783,-0.026647499836276137,0.055758577268646185,0.045839165038301835,51,0.04027362836506587,2866.760252989525,-1788.614463313364
327,11,baseline,0.04493754157551974,0.03623468444099617,0.00041800838882270763,0.046299716941254065,0.03869513828101541,56,0.037264647766764115,2524.152779677096,-226.64321002790408
327,11,linked_hgb,0.044931480042875276,0.0358648843463856,0.007566568453869228,0.04860734156586544,0.04282416743309291,56,0.03795762050110776,2426.6995545323243,466.22693081022385
328,11,baseline,0.04610452548347555,0.03665664051358457,0.0012646493343216225,0.048846830356262375,0.03865120946264743,54,0.03744063484444592,2740.287950674782,4.777292477881758
328,11,linked_hgb,0.04353718827646948,0.03564672892092218,0.006805664538684336,0.04757154347918312,0.03984731490516763,54,0.037368366298002234,2631.1235981011096,693.2763370125772
329,11,baseline,0.03978287499112794,0.031731584689368285,0.0012773775088801183,0.03980688515370604,0.03260737476004811,61,0.03092475079899115,2402.7197391930267,-42.36762579234801
329,11,linked_hgb,0.037369167173695185,0.029145975952570378,0.0057829465210780355,0.034742966757509236,0.027017780088162816,61,0.0272261652833111,2158.889880352787,551.1444232779988
330,11,baseline,0.042031678157129014,0.03436288135099056,-0.0028123185544245482,0.04537125752357145,0.03612793637086981,57,0.03508689405681006,2741.9983109930963,-871.6223137509253
330,11,linked_hgb,0.039688387306488555,0.03250263845592533,0.0007927234381691169,0.04527396880491024,0.03720780246452218,57,0.03421033097622402,2474.6193111326475,-324.47457198011716
331,11,baseline,0.06111800428125468,0.05002772091171878,0.04403856021564249,0.046473415361811196,0.03767344940700279,19,0.050569195155422325,1461.8076452488665,1099.1612163346279
331,11,linked_hgb,0.04291876098522154,0.034818697436133604,0.02093024795023208,0.03977975176467373,0.034151068017970874,19,0.03538847829246295,1189.2375622675027,743.2625613421212
332,11,baseline,0.04909871252828034,0.03908151139428892,-0.0021930526153055856,0.03051172619980056,0.02532465749307599,19,0.03951794381579541,1125.4758980461074,134.4282135739329
332,11,linked_hgb,0.05722574711536628,0.04372807162727659,-0.0255201230738395,0.036704519765748,0.030575408623139,19,0.04531856935701851,1017.0373082627212,-239.71096460004674
333,11,baseline,0.0633879375451599,0.048230929359042204,-0.036688970235930325,0.0797343048385423,0.06145002531228615,61,0.052855591547969684,3658.1724773779024,-2722.4215950528487
333,11,linked_hgb,0.05649401766544524,0.042136122071280285,-0.031755032022986115,0.071836190073706,0.0552448361669632,61,0.04624792261548746,2997.26052239056,-2007.3479130044122
334,12,baseline,0.12239022798561387,0.08642492166726569,-0.0809612186763115,0.16623615055131302,0.13026741375704665,71,0.10887047378129804,4871.371358018718,-4361.884962532851
334,12,linked_hgb,0.11489289246250964,0.07912274949587345,-0.07202713773746348,0.1574626847185769,0.12234192766199893,71,0.10094433393401794,4214.540729865317,-3443.9734987433867
335,12,baseline,0.10656443680743756,0.07331444262496395,-0.06799941339334567,0.1397087209947239,0.10308033714172307,73,0.09110105480692361,5033.793855354023,-4446.077698297024
335,12,linked_hgb,0.0931348432567075,0.06123511110479234,-0.049345859035748736,0.12457503298580183,0.09086703546190934,73,0.07819442436668277,3937.792124488421,-2526.463488699022
336,12,baseline,0.0858033415577694,0.06294999616845828,-0.046142283628306205,0.11208638236801428,0.08354047928841686,68,0.07430308611783781,4272.202668104478,-2697.6979851160586
336,12,linked_hgb,0.07847590443610894,0.05792776335301128,-0.031134069592705413,0.10404836464240874,0.07877163699729643,68,0.0689982754243956,3924.604607622971,-1153.3535356803409
337,12,baseline,0.08718215377657136,0.06265423167968234,-0.033423379386746714,0.11562865888354737,0.08900601994593356,68,0.07755203848660347,4069.610993864492,-1542.665231522255
337,12,linked_hgb,0.07904487013310714,0.05614775952136285,-0.01878106750470092,0.10456856480951646,0.078807406300089,68,0.0697878189587437,3741.1862258463198,-103.43182925851806
338,12,baseline,0.06611011848490936,0.05383621988389072,0.008281141378249264,0.0994358266171505,0.08984663463350932,34,0.06225584738154872,1940.0715795320223,871.6642239604558
338,12,linked_hgb,0.06889420717487972,0.0491408758080994,-0.013900842087536915,0.11897123242548376,0.09779567156669756,34,0.061065235011387956,1594.1359058466523,562.3223373445887
339,12,baseline,0.08221424315628784,0.05933665035373083,-0.04295161998722615,0.13520201773592225,0.11743030193142143,37,0.07389950136324877,1833.949235231512,-1651.5510023350125
339,12,linked_hgb,0.09535631467840952,0.06968644290218329,-0.06521003173179063,0.15756482840606872,0.13853624639354378,37,0.08796970304734109,1929.210291522994,-1899.631476563966
340,12,baseline,0.1091023871934367,0.08705055956497135,-0.08133854654889179,0.14109557513051868,0.12132452501080075,70,0.10419186608026024,6556.291782765054,-6115.3409905860935
340,12,linked_hgb,0.09772237224271949,0.07495084655158456,-0.06729609571297954,0.1286756257626456,0.10728148597885143,70,0.09151824799676517,5348.864584601319,-4628.565881326499
341,12,baseline,0.05449454385270492,0.044152200679791295,0.03377578581271748,0.06877062118986005,0.05930569702488169,68,0.05094186785024795,3260.3673866675736,2015.4183763571268
341,12,linked_hgb,0.05367844820279825,0.04288606353533692,0.035015653852815846,0.06298842620961045,0.05039485010052343,68,0.0463516583726989,3906.0316773412064,3281.382716395086
342,12,baseline,0.057597576934732025,0.04524392163021662,0.03530363235993813,0.061213012160396284,0.04607968435929404,70,0.04594457041627619,3990.5614682735186,2699.2047011501295
342,12,linked_hgb,0.052376266748209534,0.04225287795283459,0.030488837471765246,0.050519611784103906,0.03918385834137283,70,0.041477529804340545,4028.9019218092235,3280.6101060720566
343,12,baseline,0.04369713715618143,0.034645554968356966,0.01636405303281142,0.04903805568305355,0.039655404860494944,71,0.03677812832585775,2939.3153647092345,764.8836344643447
343,12,linked_hgb,0.045460148764183916,0.03663440819190181,0.014282113518877716,0.05239750991876081,0.043644637467045534,71,0.0395869669125155,3173.90200827775,1497.0449271274183
344,12,baseline,0.04827364866988022,0.03848445560481355,0.03109156529728371,0.053545742256317225,0.04238042550329543,65,0.04044560637203584,3218.6576208420565,2378.0759736397713
344,12,linked_hgb,0.04886647646494401,0.040867504056700234,0.03165009640872314,0.050370199476131784,0.041527112161327075,65,0.040987994849545864,3894.8481046162933,3168.958963122709
345,12,baseline,0.08906078762283881,0.07510943996210558,0.06955153501032656,0.1017584071453861,0.09099105497933357,32,0.08312274387663757,2999.8758768064513,2162.737558521104
345,12,linked_hgb,0.06349889734467039,0.05177223441172321,0.04071410428545587,0.059769467229644886,0.04327688549064462,32,0.05289043528828706,2490.749705032611,1457.991303033143
346,12,baseline,0.045602372484408286,0.03628485949743051,0.019729058098118497,0.04758123050190207,0.04124262803064276,34,0.03752521139980871,1546.9255930238805,370.8511348271824
346,12,linked_hgb,0.042331555079278375,0.034061090914024664,-0.016040726788602074,0.046776468570201596,0.0374650611653258,34,0.03554734118722359,1546.1720946007376,-646.7300403094213
347,12,baseline,0.06584868718967982,0.05267657161635283,-0.045910301999367326,0.07553955029348372,0.06347857508572409,69,0.05729664358165364,4721.837787367662,-4119.566358400847
347,12,linked_hgb,0.06435365527040073,0.05266680662557631,-0.047100234377694,0.07768537688507486,0.0695854630820947,69,0.060313938100082454,4150.072674368055,-3592.676067240806
348,12,baseline,0.04318025742562774,0.03410465146834978,0.012064946988185157,0.04948677259900194,0.037901066840930676,72,0.03526865945140329,2815.8454701787873,448.7504348402406
348,12,linked_hgb,0.043696653367060724,0.03576380628442596,0.01824845134161249,0.04813825997153893,0.03914122658027556,72,0.03678310117439202,3097.486171493786,1585.5940116557758
349,12,baseline,0.03587730707054295,0.02882824598122315,0.011047715145105781,0.03857753226449572,0.031099196682845266,67,0.030185428215202197,2600.908542640891,227.51054440535347
349,12,linked_hgb,0.036983188416521456,0.030496098473916503,0.015387279852100724,0.03962925068209819,0.033693670225064545,67,0.03222979539503396,2785.173164548927,1274.306759581755
350,12,baseline,0.04477705224562121,0.03564243151214918,0.018228165300809535,0.04864322988399693,0.0385020503329724,69,0.03723950878920813,3139.2199357131094,685.319760160777
350,12,linked_hgb,0.042079047706898916,0.03375417762349418,0.02127602099729263,0.042886612320352575,0.03383400300727266,69,0.03404424189008241,3165.769284872809,1460.5527352685544
351,12,baseline,0.045408410962757995,0.03623943003048297,0.0021641819709713114,0.04148049923899353,0.033611577524028886,66,0.03542879408019762,3584.0979962358642,194.490295973711
351,12,linked_hgb,0.04686888791860507,0.03781501466656707,0.008065597856625343,0.04558919708358598,0.03746017752124704,66,0.038290639228165585,3636.4868308053583,1212.8241057739226
352,12,baseline,0.08808126875660824,0.072879190606318,0.06911302956662083,0.09876333192248932,0.08746012556812542,36,0.08001810803768733,2587.633563835522,2315.6405792251385
352,12,linked_hgb,0.06246152735759082,0.05024802826177836,0.04087923900725601,0.061101730751115566,0.050443966930453416,36,0.05273591916714904,1989.7196253775728,1515.647708660305
353,12,baseline,0.0543504539235609,0.04423547887940781,0.03260175881125031,0.056678859784551956,0.04631592532072566,38,0.04618468493093021,1765.556178862695,643.9378549402315
353,12,linked_hgb,0.03510161493230046,0.028874566383080773,-0.002623926885961599,0.03529652951152187,0.028076188032389048,38,0.028730345181970665,1511.3189745847835,-399.2461789009561
354,12,baseline,0.04670912501147477,0.038394155563481164,-0.029763933988185096,0.04624942698956752,0.039940805193857336,67,0.03997984607657896,3753.7278260893513,-3093.9429009126416
354,12,linked_hgb,0.045828753912479175,0.03840675158938051,-0.029190430509431223,0.04886234059493669,0.04256111091750961,67,0.041183578452675465,3380.3258745452404,-2539.0943019244496
355,12,baseline,0.03838096147165328,0.03082809888697057,0.0016557128281539286,0.03588815791552607,0.027749916887372023,70,0.030268653136647374,2917.7929696403116,-372.4900703634475
355,12,linked_hgb,0.04118168416738437,0.03243875129946262,0.009361943991003057,0.04150743559383705,0.030993331353774068,70,0.03305256684517332,2950.1748014274453,714.2779892366648
356,12,baseline,0.03533649125361239,0.028770759813005933,0.007597760202048609,0.03628607554831373,0.029126327281486685,68,0.02865724949664565,2748.7944385839974,510.948532918684
356,12,linked_hgb,0.039298214885704834,0.031034344139548357,0.014711355036340289,0.043748741769980753,0.03471537840016801,68,0.032168741033549594,2898.910271544587,1480.3382933200915
357,12,baseline,0.03745170423666084,0.028295023965289125,0.008562268266344136,0.032904689987402355,0.02425970920992516,70,0.02632282322624416,2593.6566800403443,594.8920087120794
357,12,linked_hgb,0.04158688116755218,0.031922235487538565,0.01616158859961398,0.038088174448761204,0.02804367108021621,70,0.03020045114023144,2942.1616485698178,1529.6348988041432
358,12,baseline,0.04325973277292262,0.0340993896545191,0.005499572886159345,0.04293788107202347,0.034498441677559846,67,0.03437632927994293,2966.3338349912137,-360.3208751878295
358,12,linked_hgb,0.04174485514263153,0.033369913943780624,0.010818317181828468,0.042565353370004756,0.03481290006797335,67,0.03365877462648589,2968.302108626959,485.10431079367754
359,12,baseline,0.08357167342279169,0.07010950926199176,0.06434009055258222,0.08873167326346827,0.0819161336142491,37,0.0742416087509006,2665.263967513997,1949.7538827764051
359,12,linked_hgb,0.06183001140251159,0.04775449481351782,0.03604833813470025,0.05600767599954042,0.04817350275634636,37,0.04799328132746854,2114.1268888944414,1077.8169832860972
360,12,baseline,0.0490139972376473,0.03833966479180843,0.018857924411517984,0.04586445219792949,0.03585155020327001,32,0.037420966277062075,2010.124864049549,960.6674720414103
360,12,linked_hgb,0.04866038025506818,0.04029726508703627,-0.011234680601013623,0.060499711219173184,0.05269756642300573,32,0.042221600423447705,2014.3431329885368,-48.37238021632129
361,12,baseline,0.05220533302132372,0.041237574257748606,-0.031696197310359255,0.06382339575043945,0.05298226390452741,67,0.04576093138415741,3477.8610894078756,-2894.5761383969984
361,12,linked_hgb,0.04739352810404585,0.036036098194550635,-0.02731539858789217,0.05918897487969584,0.048287464018088117,67,0.040621434369337836,2904.4105048624306,-2266.847543274107
362,12,baseline,0.0401280763628123,0.03132185084100366,0.013915322238941636,0.03915611108316304,0.031798864676997156,65,0.03235832612960993,2962.0482324409813,1009.518078653999
362,12,linked_hgb,0.044213170074176515,0.03457540812111667,0.02117939396652263,0.046005804280794274,0.03760345140968504,65,0.03624051008370111,3214.7616571958943,1887.9932423860967
363,12,baseline,0.04165564829604054,0.031647979105792985,0.01321586384567306,0.034816944930127165,0.02576623558587008,65,0.029918353998205114,2762.682100818461,828.8212118576032
363,12,linked_hgb,0.042831936909759505,0.03296315749739284,0.01934844945675039,0.03530773567083368,0.02735468566079975,65,0.030848464979252394,3025.5640898657916,1533.458115215822
364,12,baseline,0.03526120354377348,0.02880731071845872,-0.0030941183394748765,0.03609918829149114,0.029993598791340937,70,0.029419399219997408,2417.9432831586737,-421.66326782672115
364,12,linked_hgb,0.036299477524920944,0.029398031489299783,0.0047986213611837265,0.03821307996386888,0.03118891374386334,70,0.02992616742299831,2528.9368737154355,468.4339856516466
