n,mae,rmse,wape_pct,bias,absolute_error_sum,squared_error_sum,actual_abs_sum,variant,seed,month,target,lead,population,unit
16128,143.8754912578401,181.17644637118093,3.187643276384581,37.32187628715152,2320423.923006445,529400063.3191506,72794341.2049,mlp,42,2,load,all,all,千瓦
4032,143.56126420816088,180.4034121476914,3.1783164259649124,37.09369224974618,578839.0172873046,131223016.9737842,18212126.7901,mlp,42,2,load,0–6h,all,千瓦
4032,143.6251402630518,180.66144327737007,3.181267540170828,37.35818195955791,579096.5655406249,131598662.17503563,18203328.0203,mlp,42,2,load,6–12h,all,千瓦
4032,144.15105124376086,181.78079073674073,3.195034863849643,37.6605966694181,581217.0386148437,133234439.71168691,18191258.104599997,mlp,42,2,load,12–18h,all,千瓦
4032,144.16450931638684,181.8554777736724,3.1959708671111606,37.1750342698839,581271.3015636718,133343944.4586439,18187628.2899,mlp,42,2,load,18–24h,all,千瓦
16128,134.22545500065044,277.5380993397426,6.8145253468255556,-5.295106194560572,2164788.13825049,1242297852.124764,31767262.253399998,mlp,42,2,pv,all,all,千瓦
8150,263.85776617672053,390.3780848374167,6.76936141738218,-12.238873204428241,2150440.7943402724,1242019650.3388338,31767262.253399998,mlp,42,2,pv,all,generating,千瓦
4032,132.29073704020826,272.5631384595852,6.727284982301104,-5.949895209508094,533396.2517461197,299539959.0500581,7928848.7577,mlp,42,2,pv,0–6h,all,千瓦
2036,260.3268448790957,383.5259529534301,6.684771930592211,-13.43849364293591,530025.4561738388,299479630.81487143,7928848.7577,mlp,42,2,pv,0–6h,generating,千瓦
4032,132.5270084327357,273.0062018487059,6.739298086560005,-9.867088157279149,534348.8980007904,300514581.3513568,7928850.914999999,mlp,42,2,pv,6–12h,all,千瓦
2036,260.4206436505143,384.13072755440146,6.687178711726946,-21.57002307391588,530216.4304724472,300424862.6736007,7928850.915,mlp,42,2,pv,6–12h,generating,千瓦
4032,136.3321805830137,282.21484571523683,6.9223973258734475,-2.6406780369827674,549691.3521107113,321129523.5808461,7940765.6948,mlp,42,2,pv,12–18h,all,千瓦
2038,267.83453315319383,396.90329691144603,6.873981673123236,-7.1107887093310955,545846.778566209,321050678.8281197,7940765.694800001,mlp,42,2,pv,12–18h,generating,千瓦
4032,135.751893946644,282.2079313265256,6.8686860040485325,-2.7227633744722777,547351.6363928686,321113788.1425031,7968796.8859,mlp,42,2,pv,18–24h,all,千瓦
2040,266.8392789842047,396.7172142094651,6.831045350032137,-6.851808426942734,544352.1291277776,321064478.02224195,7968796.885899999,mlp,42,2,pv,18–24h,generating,千瓦
16128,0.04630382854636049,0.06766349887223622,6.021175934616974,0.017275276365335143,746.788146795702,73.83961395632284,12402.696,mlp,42,2,price,all,all,元/千瓦时
4032,0.046454627985063765,0.06797837593819651,6.036430308048703,0.017736559489446264,187.3050600357771,18.632112287825333,3102.911,mlp,42,2,price,0–6h,all,元/千瓦时
4032,0.046546193314799006,0.06807923328238721,6.049730561325674,0.0178273197130374,187.6742514452696,18.68744104140896,3102.1919,mlp,42,2,price,6–12h,all,元/千瓦时
4032,0.046230385186038316,0.06749604100905517,6.012768977196444,0.016483009408059572,186.4009130701065,18.368645105244898,3100.0843999999997,mlp,42,2,price,12–18h,all,元/千瓦时
4032,0.04598410769954087,0.06709574626698714,5.985711105332774,0.017054216850797336,185.40792224454879,18.15141552184364,3097.5086999999994,mlp,42,2,price,18–24h,all,元/千瓦时
16128,178.10915606088298,367.6155937912368,9.042467827527306,-23.48167874327955,2872544.4689499205,2179557673.549944,31767262.253399998,mlp,42,2,pv_corrected,all,all,千瓦
8150,341.73459783889115,514.6017285072542,8.767318222673955,-57.19263942755464,2785136.9723869627,2158241752.7086277,31767262.253399998,mlp,42,2,pv_corrected,all,generating,千瓦
4032,88.54550964310208,157.74953387643166,4.502740634752007,8.8588229914423,357015.49488098756,100335979.04694924,7928848.7577,mlp,42,2,pv_corrected,0–6h,all,千瓦
2036,164.44064105110994,215.97154714722697,4.222569447486585,6.632821513048936,334801.14518005983,94966591.88471176,7928848.7577,mlp,42,2,pv_corrected,0–6h,generating,千瓦
4032,151.35474663534922,282.3810500591845,7.696731152798175,-31.157262499143204,610262.3384337281,321507879.56795144,7928850.914999999,mlp,42,2,pv_corrected,6–12h,all,千瓦
2036,288.85923744675915,394.05062373472975,7.417435562181984,-72.57908319679365,588117.4074416016,316141720.3178254,7928850.915,mlp,42,2,pv_corrected,6–12h,generating,千瓦
4032,204.84202464829778,386.5744798480771,10.401050416621551,-44.27348341369553,825923.0433819366,602541388.3902794,7940765.6948,mlp,42,2,pv_corrected,12–18h,all,千瓦
2038,394.90899676511873,541.5003595450904,10.135351757505578,-97.94366687862856,804824.535407312,597587739.0716479,7940765.694800001,mlp,42,2,pv_corrected,12–18h,generating,千瓦
4032,267.69434331678286,535.2579731805628,13.544624209999135,-27.354792051721752,1079343.5922532685,1155172426.5447638,7968796.8859,mlp,42,2,pv_corrected,18–24h,all,千瓦
2040,518.3303354696027,750.6682321910293,13.269178515880407,-64.82560267050052,1057393.8843579895,1149545701.4344425,7968796.885899999,mlp,42,2,pv_corrected,18–24h,generating,千瓦
16128,144.28799409884496,181.75694070562542,3.196782511261369,38.821770588248114,2327076.7688261718,532797922.85800934,72794341.2049,mlp,2026,2,load,all,all,千瓦
4032,143.98259251975406,181.05709166913368,3.187644253362134,39.37421806277321,580537.8130396483,132175695.22893822,18212126.7901,mlp,2026,2,load,0–6h,all,千瓦
4032,144.48518403751433,181.93141161592894,3.2003173342236835,39.66113852553595,582564.2620392578,133455323.36330031,18203328.0203,mlp,2026,2,load,6–12h,all,千瓦
4032,144.53343779185462,182.2543856052333,3.2035102675465663,38.96363667432997,582758.8211767578,133929577.44367918,18191258.104599997,mlp,2026,2,load,12–18h,all,千瓦
4032,144.1507620462569,181.78276026642973,3.195666105037291,37.28808909035335,581215.8725705078,133237326.82209167,18187628.2899,mlp,2026,2,load,18–24h,all,千瓦
16128,133.8079508846483,278.51636360255696,6.793328977024562,-10.254196210196184,2158054.631867608,1251070971.4039493,31767262.253399998,mlp,2026,2,pv,all,all,千瓦
8150,264.6092061966059,391.796186356045,6.7886398686167055,-20.474758017584556,2156565.030502338,1251059650.891597,31767262.253399998,mlp,2026,2,pv,all,generating,千瓦
4032,131.7989025886866,274.0865340580331,6.7022740813602875,-12.309340257250755,531413.1752375843,302897662.3086436,7928848.7577,mlp,2026,2,pv,0–6h,all,千瓦
2036,260.8654264086042,385.70717287413987,6.698601832354613,-24.519856083939654,531122.0081679182,302895767.2485595,7928848.7577,mlp,2026,2,pv,0–6h,generating,千瓦
4032,132.02158306162318,274.26661578651857,6.7135960634273655,-13.71199484814594,532311.0229044646,303295815.78907883,7928850.914999999,mlp,2026,2,pv,6–12h,all,千瓦
2036,261.2360907892553,385.95936727056034,6.708118068416522,-27.36792990435434,531876.6808469237,303291993.16240263,7928850.915,mlp,2026,2,pv,6–12h,generating,千瓦
4032,135.90442605119637,282.86483932741413,6.900677678945483,-7.885761617446536,547966.6458384237,322610469.8653824,7940765.6948,mlp,2026,2,pv,12–18h,all,千瓦
2038,268.72289151339317,397.86498226131715,6.8967814182318445,-15.753083305040763,547657.2529042952,322608356.89576876,7940765.694800001,mlp,2026,2,pv,12–18h,generating,千瓦
4032,135.50689183708712,282.7142323317096,6.8562895467178,-7.10968811794151,546363.7878871353,322267023.4408445,7968796.8859,mlp,2026,2,pv,18–24h,all,千瓦
2040,267.6024944035299,397.45731894725293,6.850583549809548,-14.274981272291438,545909.0885832009,322263533.58486617,7968796.885899999,mlp,2026,2,pv,18–24h,generating,千瓦
16128,0.04663372525237648,0.0681705762441362,6.064074463087122,0.01962081129475689,752.1087208703279,74.95048456289993,12402.696,mlp,2026,2,price,all,all,元/千瓦时
4032,0.04660051307278493,0.06829350229233914,6.055386980466691,0.019526797630957195,187.89326870946883,18.805257899986245,3102.911,mlp,2026,2,price,0–6h,all,元/千瓦时
4032,0.04687383650540714,0.06847186790627213,6.092315204285124,0.01978503622202764,188.99530878980158,18.903615472522283,3102.1919,mlp,2026,2,price,6–12h,all,元/千瓦时
4032,0.04666920587936683,0.0681724050063758,6.069842424470994,0.019508455166262057,188.17023810560704,18.73862647515263,3100.0843999999997,mlp,2026,2,price,12–18h,all,元/千瓦时
4032,0.046391345551947044,0.06774240848648135,6.038720900620894,0.01966295615978066,187.0499052654505,18.502984715238775,3097.5086999999994,mlp,2026,2,price,18–24h,all,元/千瓦时
16128,180.79999675761877,370.49202315513213,9.179079784864959,-23.347974995958808,2915942.3477068758,2213799262.96569,31767262.253399998,mlp,2026,2,pv_corrected,all,all,千瓦
8150,346.8654984495344,518.5760267903546,8.898953236239743,-57.12204614453911,2826953.8123637056,2191706928.8276153,31767262.253399998,mlp,2026,2,pv_corrected,all,generating,千瓦
4032,94.43348616647569,166.93331121831173,4.802157637998377,15.595462537465776,380755.81622323,112358656.94985682,7928848.7577,mlp,2026,2,pv_corrected,0–6h,all,千瓦
2036,175.63386869903144,228.7175686618074,4.509993412649706,19.506702062406706,357590.556671228,106506674.57286163,7928848.7577,mlp,2026,2,pv_corrected,0–6h,generating,千瓦
4032,154.15002881097038,288.01152041680336,7.838877572915402,-37.5151605187522,621532.9161658325,334456963.91976446,7928850.914999999,mlp,2026,2,pv_corrected,6–12h,all,千瓦
2036,294.2866264623855,401.9677160401153,7.5568020877261874,-85.27822784873497,599167.5714774169,328972899.08759975,7928850.915,mlp,2026,2,pv_corrected,6–12h,generating,千瓦
4032,207.71029081859055,392.03768834405196,10.546689384488262,-50.39666424398498,837487.8925805571,619692389.8992207,7940765.6948,mlp,2026,2,pv_corrected,12–18h,all,千瓦
2038,400.53974058983744,549.1917745578507,10.279864973936224,-110.10169356732878,816299.9913220886,614684451.4831983,7940765.694800001,mlp,2026,2,pv_corrected,12–18h,generating,千瓦
4032,266.90618123443846,533.4289470183217,13.504745297767911,-21.07553775856381,1076165.722737256,1147291252.1968482,7968796.8859,mlp,2026,2,pv_corrected,18–24h,all,千瓦
2040,516.6155357318489,748.0507033263434,13.225279900881104,-52.57186180726144,1053895.692892972,1141542903.6839557,7968796.885899999,mlp,2026,2,pv_corrected,18–24h,generating,千瓦
16128,142.72103414095923,179.49817572005998,3.162065622857027,29.78782868354434,2301804.8386253905,519637629.5603866,72794341.2049,mlp,3407,2,load,all,all,千瓦
4032,142.26041827760727,178.4469441807577,3.1495168746964506,30.121720798456103,573594.0064953126,128392233.53020024,18212126.7901,mlp,3407,2,load,0–6h,all,千瓦
4032,142.50149336916,179.08631532855858,3.1563789908290842,31.19655535568964,574566.0212644531,129313934.4186544,18203328.0203,mlp,3407,2,load,6–12h,all,千瓦
4032,143.02634339023163,180.2493472626942,3.1701062853018898,30.091084741162497,576682.216549414,130998983.22454534,18191258.104599997,mlp,3407,2,load,12–18h,all,千瓦
4032,143.09588152683804,180.2035874595187,3.1722805476325426,27.741953838869126,576962.594316211,130932478.38698661,18187628.2899,mlp,3407,2,load,18–24h,all,千瓦
16128,134.346652083964,277.89897831370695,6.820678431545571,12.974097250838224,2166742.804810171,1245530638.1597536,31767262.253399998,mlp,3407,2,pv,all,all,千瓦
8150,264.50927558628473,390.8987279028159,6.786076114561915,24.32564805884278,2155750.5960282204,1245334796.1297235,31767262.253399998,mlp,3407,2,pv,all,generating,千瓦
4032,132.10723251937205,273.0830223897934,6.71795335988501,6.717811560176032,532656.361518108,300683727.25793904,7928848.7577,mlp,3407,2,pv,0–6h,all,千瓦
2036,260.3897714144965,384.269427431168,6.6863877821488655,12.074375880371635,530153.574599915,300641853.45945346,7928848.7577,mlp,3407,2,pv,0–6h,generating,千瓦
4032,132.62226871914626,274.30806382312534,6.744142287553629,17.18401847034116,534732.9874755978,303387492.7576758,7928850.914999999,mlp,3407,2,pv,6–12h,all,千瓦
2036,261.606914614359,385.9978604748568,6.717640221323736,32.99835616485894,532631.678154835,303352493.12081605,7928850.915,mlp,3407,2,pv,6–12h,generating,千瓦
4032,136.58091438637254,282.88168593565103,6.935027023483083,17.109849739885522,550694.2468058541,322648898.4947947,7940765.6948,mlp,3407,2,pv,12–18h,all,千瓦
2038,268.76361663965645,397.8562949034565,6.8978266298715605,32.40084301127779,547740.2507116199,322594268.78159595,7940765.694800001,mlp,3407,2,pv,12–18h,generating,千瓦
4032,136.076192710965,281.1940066172751,6.885094661923296,10.884709232950165,548659.2090106108,318810519.64934385,7968796.8859,mlp,3407,2,pv,18–24h,all,千瓦
2040,267.26720223620134,395.2823393820946,6.8420001208284384,19.82991724436031,545225.0925618508,318746180.76785815,7968796.885899999,mlp,3407,2,pv,18–24h,generating,千瓦
16128,0.04644197232908318,0.06780535669965622,6.039139633217274,0.017054665688336603,749.0161297234536,74.14955085351929,12402.696,mlp,3407,2,price,all,all,元/千瓦时
4032,0.04669295908733611,0.0682064134695938,6.067399646336591,0.017310683585555545,188.2660110401392,18.757327028369076,3102.911,mlp,3407,2,price,0–6h,all,元/千瓦时
4032,0.04674120429439086,0.06831785354535382,6.075076648707128,0.017183018382632777,188.46053571498396,18.818670983795073,3102.1919,mlp,3407,2,price,6–12h,all,元/千瓦时
4032,0.04625598480440086,0.06756009446059105,6.016098488523224,0.016683866942058954,186.50413073134425,18.40352517772871,3100.0843999999997,mlp,3407,2,price,12–18h,all,元/千瓦时
4032,0.046077741130204894,0.06713013685161734,5.9978992871589405,0.017041093843099143,185.78545223698615,18.17002766362643,3097.5086999999994,mlp,3407,2,price,18–24h,all,元/千瓦时
16128,177.97286597699835,364.87373560265337,9.035548482525655,-14.082357434713083,2870346.382477029,2147166490.8175373,31767262.253399998,mlp,3407,2,pv_corrected,all,all,千瓦
8150,341.10751910604387,510.5518199635339,8.751230302877975,-38.9497377263588,2780026.2807142576,2124404761.0748253,31767262.253399998,mlp,3407,2,pv_corrected,all,generating,千瓦
4032,88.08643948748983,157.48246227748578,4.479395872807455,14.408497237961635,355164.524013559,99996526.92951828,7928848.7577,mlp,3407,2,pv_corrected,0–6h,all,千瓦
2036,163.10524249406677,215.1197864381336,4.188278574432669,17.196861772014866,332082.27371791995,94218999.84499517,7928848.7577,mlp,3407,2,pv_corrected,0–6h,generating,千瓦
4032,150.25809493430532,279.1250172434676,7.640963933739435,-23.85242178540381,605840.6387751191,314136245.8127017,7928850.914999999,mlp,3407,2,pv_corrected,6–12h,all,千瓦
2036,286.4835024040477,389.2932219788264,7.356430548986318,-58.316892200012795,583280.4108946412,308554197.0137432,7928850.915,mlp,3407,2,pv_corrected,6–12h,generating,千瓦
4032,203.97261548825145,382.26137768154075,10.356905332028484,-30.50604401141045,822417.5856486298,589171003.8157018,7940765.6948,mlp,3407,2,pv_corrected,12–18h,all,千瓦
2038,392.85658802443214,535.2617131909253,10.082676622962087,-71.03838503868694,800641.7263937927,583897397.0772759,7940765.694800001,mlp,3407,2,pv_corrected,12–18h,generating,千瓦
4032,269.57431399794683,532.6313074608031,13.639745743337063,-16.3794611799997,1086923.6340397217,1143862714.2596154,7968796.8859,mlp,3407,2,pv_corrected,18–24h,all,千瓦
2040,521.5793478960314,746.8017320740686,13.352352744623042,-43.59987833802765,1064021.869707904,1137734167.1388109,7968796.885899999,mlp,3407,2,pv_corrected,18–24h,generating,千瓦
16128,146.83479415302583,185.29153034386982,3.2532083138635417,52.14246518477182,2368151.5601000004,553721837.2305698,72794341.2049,periodic,none,2,load,all,all,千瓦
4032,146.43792177579365,184.38203333747532,3.2420030203224712,52.0997816468254,590437.7006,137074832.36561263,18212126.7901,periodic,none,2,load,0–6h,all,千瓦
4032,146.68705220734125,184.96180659625418,3.2490882647416726,52.02677666170634,591442.1945,137938227.43417975,18203328.0203,periodic,none,2,load,6–12h,all,千瓦
4032,147.18289060019842,186.01217317133066,3.262234043889121,52.51791376488095,593441.4149,139509331.1858579,18191258.104599997,periodic,none,2,load,12–18h,all,千瓦
4032,147.03131202876986,185.80546865945524,3.2595247750318936,51.92538866567461,592830.2501000001,139199446.24491954,18187628.2899,periodic,none,2,load,18–24h,all,千瓦
16128,133.7803177083333,279.0740167645734,6.791926061456789,-12.881897619047622,2157608.9639999997,1256085844.6044526,31767262.253399998,periodic,none,2,pv,all,all,千瓦
8150,264.7360521226994,392.5824266690997,6.791894144321725,-25.493175950920246,2157598.8248,1256085838.094602,31767262.253399998,periodic,none,2,pv,all,generating,千瓦
4032,132.08102217261904,274.8497756430713,6.716620504115686,-16.141246230158732,532550.6814,304586953.4576601,7928848.7577,periodic,none,2,pv,0–6h,all,千瓦
2036,261.5658873280943,386.78245043402774,6.716588534783472,-31.966620628683696,532548.1466,304586951.83019733,7928848.7577,periodic,none,2,pv,0–6h,generating,千瓦
4032,132.08109608134922,274.84977569139625,6.7166224350681984,-16.141349107142858,532550.9794000001,304586953.5647669,7928850.914999999,periodic,none,2,pv,6–12h,all,千瓦
2036,261.5660336935167,386.78245050203304,6.716590465744683,-31.966824361493124,532548.4446,304586951.9373042,7928850.915,periodic,none,2,pv,6–12h,generating,千瓦
4032,135.6297990327381,283.42836403939833,6.886733228485889,-9.336750272817465,546859.3497,323897162.56954443,7940765.6948,periodic,none,2,pv,12–18h,all,千瓦
2038,268.33013488714425,398.6589153475749,6.886701307130979,-18.47316579980373,546856.8149,323897160.9420818,7940765.694800001,periodic,none,2,pv,12–18h,generating,千瓦
4032,135.329353546627,283.04203119280066,6.847306579810941,-9.908244866071426,545647.9535000001,323014775.0124813,7968796.8859,periodic,none,2,pv,18–24h,all,千瓦
2040,267.4732444607843,397.92031261137527,6.847274770743195,-19.584597107843138,545645.4187,323014773.3850186,7968796.885899999,periodic,none,2,pv,18–24h,generating,千瓦
16128,0.047907204861111115,0.07023341710485263,6.229672967877307,0.023111545138888887,772.6474000000001,79.55511586,12402.696,periodic,none,2,price,all,all,元/千瓦时
4032,0.048083556547619054,0.07060121855189119,6.248097351164761,0.023341443452380952,193.87290000000002,20.097633270000003,3102.911,periodic,none,2,price,0–6h,all,元/千瓦时
4032,0.04813003472222223,0.07064000765885894,6.255586574125219,0.02333142361111111,194.0603,20.11972307,3102.1919,periodic,none,2,price,6–12h,all,元/千瓦时
4032,0.04780434027777778,0.07005001580857599,6.217479111213877,0.02289357638888889,192.74710000000002,19.785043010000003,3100.0843999999997,periodic,none,2,price,12–18h,all,元/千瓦时
4032,0.047610887896825396,0.06963751901855439,6.197467661672751,0.0228797371031746,191.9671,19.552716510000003,3097.5086999999994,periodic,none,2,price,18–24h,all,元/千瓦时
16128,180.8846534598214,372.6846223308368,9.18337774193231,-29.24736949404763,2917307.6909999996,2240079653.498456,31767262.253399998,periodic,none,2,pv_corrected,all,all,千瓦
8150,347.2806417515338,521.7869589891624,8.90960387992539,-68.54871606441719,2830337.2302750004,2218932289.1549363,31767262.253399998,periodic,none,2,pv_corrected,all,generating,千瓦
4032,91.29245889136905,162.48471752188382,4.642429254215915,8.265961160714292,368091.19425,106449974.78236684,7928848.7577,periodic,none,2,pv_corrected,0–6h,all,千瓦
2036,169.79943046823837,222.7254603107073,4.360174484317158,5.377603921087114,345711.64043333335,100999100.04537508,7928848.7577,periodic,none,2,pv_corrected,0–6h,generating,千瓦
4032,154.90073819031085,289.6259248733153,7.877052842572377,-40.9172615327381,624559.7763833334,338216967.07837224,7928850.914999999,periodic,none,2,pv_corrected,6–12h,all,千瓦
2036,295.9517932465619,404.36128855842117,7.599560863353679,-91.83709422069418,602557.85105,332902393.22990006,7928850.915,periodic,none,2,pv_corrected,6–12h,generating,千瓦
4032,208.83544208002644,394.50873431497973,10.603820019750303,-54.72320414186509,842024.5024666666,627528954.3296549,7940765.6948,periodic,none,2,pv_corrected,12–18h,all,千瓦
2038,402.92276185803075,552.7434102496021,10.341025289342058,-118.5043537291462,821156.5886666666,622660515.6965456,7940765.694800001,periodic,none,2,pv_corrected,12–18h,generating,千瓦
4032,268.50997467757935,538.1948621547933,13.585892994908816,-29.614973462301588,1082632.2179,1167883757.308062,7968796.8859,periodic,none,2,pv_corrected,18–24h,all,千瓦
2040,520.0544853553922,754.8439262728018,13.313316493261084,-69.18070626225492,1060911.1501250002,1162370280.1831155,7968796.885899999,periodic,none,2,pv_corrected,18–24h,generating,千瓦
16128,638.527820076885,1124.1880144511222,14.146946743034471,6.9147128472222255,10298176.6822,20382545301.92386,72794341.2049,yesterday,none,2,load,all,all,千瓦
4032,638.3034558531746,1124.0980655828814,14.131460667180368,6.882160763888914,2573639.534,5094820930.942213,18212126.7901,yesterday,none,2,load,0–6h,all,千瓦
4032,638.2984950644842,1124.0896053216181,14.138181376668868,6.810129290674612,2573619.5321000004,5094744241.273793,18203328.0203,yesterday,none,2,load,6–12h,all,千瓦
4032,638.985989484127,1124.3241726697408,14.162800037170115,7.595813789682541,2576391.5096,5096870736.045973,18191258.104599997,yesterday,none,2,load,12–18h,all,千瓦
4032,638.5233399057539,1124.240196867841,14.155370153070987,6.370747544642857,2574526.1064999998,5096109393.661879,18187628.2899,yesterday,none,2,load,18–24h,all,千瓦
16128,133.7803177083333,279.0740167645734,6.791926061456789,-12.881897619047622,2157608.9639999997,1256085844.6044526,31767262.253399998,yesterday,none,2,pv,all,all,千瓦
8150,264.7360521226994,392.5824266690997,6.791894144321725,-25.493175950920246,2157598.8248,1256085838.094602,31767262.253399998,yesterday,none,2,pv,all,generating,千瓦
4032,132.08102217261904,274.8497756430713,6.716620504115686,-16.141246230158732,532550.6814,304586953.4576601,7928848.7577,yesterday,none,2,pv,0–6h,all,千瓦
2036,261.5658873280943,386.78245043402774,6.716588534783472,-31.966620628683696,532548.1466,304586951.83019733,7928848.7577,yesterday,none,2,pv,0–6h,generating,千瓦
4032,132.08109608134922,274.84977569139625,6.7166224350681984,-16.141349107142858,532550.9794000001,304586953.5647669,7928850.914999999,yesterday,none,2,pv,6–12h,all,千瓦
2036,261.5660336935167,386.78245050203304,6.716590465744683,-31.966824361493124,532548.4446,304586951.9373042,7928850.915,yesterday,none,2,pv,6–12h,generating,千瓦
4032,135.6297990327381,283.42836403939833,6.886733228485889,-9.336750272817465,546859.3497,323897162.56954443,7940765.6948,yesterday,none,2,pv,12–18h,all,千瓦
2038,268.33013488714425,398.6589153475749,6.886701307130979,-18.47316579980373,546856.8149,323897160.9420818,7940765.694800001,yesterday,none,2,pv,12–18h,generating,千瓦
4032,135.329353546627,283.04203119280066,6.847306579810941,-9.908244866071426,545647.9535000001,323014775.0124813,7968796.8859,yesterday,none,2,pv,18–24h,all,千瓦
2040,267.4732444607843,397.92031261137527,6.847274770743195,-19.584597107843138,545645.4187,323014773.3850186,7968796.885899999,yesterday,none,2,pv,18–24h,generating,千瓦
16128,0.08220855034722223,0.12227822835986941,10.69009108987272,0.0027514818948412697,1325.8595,241.14529362999997,12402.696,yesterday,none,2,price,all,all,元/千瓦时
4032,0.0825205853174603,0.1226097088907959,10.722930822057092,0.003382738095238094,332.72299999999996,60.61362336,3102.911,yesterday,none,2,price,0–6h,all,元/千瓦时
4032,0.08245585317460317,0.12257288625726535,10.717003032597693,0.003225198412698414,332.462,60.577221380000005,3102.1919,yesterday,none,2,price,6–12h,all,元/千瓦时
4032,0.08203348214285715,0.12209215078673222,10.669354679504856,0.002405406746031744,330.759,60.10298091999999,3100.0843999999997,yesterday,none,2,price,12–18h,all,元/千瓦时
4032,0.08182428075396826,0.12183642345317393,10.650995104549668,0.001992584325396827,329.9155,59.85146797,3097.5086999999994,yesterday,none,2,price,18–24h,all,元/千瓦时
16128,180.8846534598214,372.6846223308368,9.18337774193231,-29.24736949404763,2917307.6909999996,2240079653.498456,31767262.253399998,issued,none,2,pv_corrected,all,all,千瓦
8150,347.2806417515338,521.7869589891624,8.90960387992539,-68.54871606441719,2830337.2302750004,2218932289.1549363,31767262.253399998,issued,none,2,pv_corrected,all,generating,千瓦
4032,91.29245889136905,162.48471752188382,4.642429254215915,8.265961160714292,368091.19425,106449974.78236684,7928848.7577,issued,none,2,pv_corrected,0–6h,all,千瓦
2036,169.79943046823837,222.7254603107073,4.360174484317158,5.377603921087114,345711.64043333335,100999100.04537508,7928848.7577,issued,none,2,pv_corrected,0–6h,generating,千瓦
4032,154.90073819031085,289.6259248733153,7.877052842572377,-40.9172615327381,624559.7763833334,338216967.07837224,7928850.914999999,issued,none,2,pv_corrected,6–12h,all,千瓦
2036,295.9517932465619,404.36128855842117,7.599560863353679,-91.83709422069418,602557.85105,332902393.22990006,7928850.915,issued,none,2,pv_corrected,6–12h,generating,千瓦
4032,208.83544208002644,394.50873431497973,10.603820019750303,-54.72320414186509,842024.5024666666,627528954.3296549,7940765.6948,issued,none,2,pv_corrected,12–18h,all,千瓦
2038,402.92276185803075,552.7434102496021,10.341025289342058,-118.5043537291462,821156.5886666666,622660515.6965456,7940765.694800001,issued,none,2,pv_corrected,12–18h,generating,千瓦
4032,268.50997467757935,538.1948621547933,13.585892994908816,-29.614973462301588,1082632.2179,1167883757.308062,7968796.8859,issued,none,2,pv_corrected,18–24h,all,千瓦
2040,520.0544853553922,754.8439262728018,13.313316493261084,-69.18070626225492,1060911.1501250002,1162370280.1831155,7968796.885899999,issued,none,2,pv_corrected,18–24h,generating,千瓦
16128,146.83479415302583,185.29153034386982,3.2532083138635417,52.14246518477182,2368151.5601000004,553721837.2305698,72794341.2049,weekly,none,2,load,all,all,千瓦
4032,146.43792177579365,184.38203333747532,3.2420030203224712,52.0997816468254,590437.7006,137074832.36561263,18212126.7901,weekly,none,2,load,0–6h,all,千瓦
4032,146.68705220734125,184.96180659625418,3.2490882647416726,52.02677666170634,591442.1945,137938227.43417975,18203328.0203,weekly,none,2,load,6–12h,all,千瓦
4032,147.18289060019842,186.01217317133066,3.262234043889121,52.51791376488095,593441.4149,139509331.1858579,18191258.104599997,weekly,none,2,load,12–18h,all,千瓦
4032,147.03131202876986,185.80546865945524,3.2595247750318936,51.92538866567461,592830.2501000001,139199446.24491954,18187628.2899,weekly,none,2,load,18–24h,all,千瓦
16128,160.2318437624008,313.90757550582464,8.134850134664706,-109.53288756200398,2584219.1762,1589220315.0019932,31767262.253399998,weekly,none,2,pv,all,all,千瓦
8150,317.0284149079755,441.58363596399784,8.133472632579354,-216.80785341104297,2583781.5815000003,1589218276.5421543,31767262.253399998,weekly,none,2,pv,all,generating,千瓦
4032,159.71562197420633,313.3450086411613,8.121902781593777,-109.71716676587303,643973.3877999999,395882300.78340834,7928848.7577,weekly,none,2,pv,0–6h,all,千瓦
2036,316.24053099214143,440.95460087626043,8.120544870713015,-217.33167146365423,643865.7211,395881794.62910616,7928848.7577,weekly,none,2,pv,0–6h,generating,千瓦
4032,159.71625339781744,313.345010717997,8.121932681086362,-109.71771247519843,643975.9336999999,395882306.03118616,7928850.914999999,weekly,none,2,pv,6–12h,all,千瓦
2036,316.24169656188604,440.95460378434313,8.120572591192428,-217.33283703339882,643868.0941999999,395881799.8507639,7928850.915,weekly,none,2,pv,6–12h,generating,千瓦
4032,160.36088149801586,314.1027788467376,8.142477678486456,-107.47203918650793,646575.0741999999,397799360.4987059,7940765.6948,weekly,none,2,pv,12–18h,all,千瓦
2038,317.2055887634936,441.80402833159843,8.141091360035174,-212.67779504416092,646464.9898999999,397798849.2791567,7940765.694800001,weekly,none,2,pv,12–18h,generating,千瓦
4032,161.1346181795635,314.83506472174673,8.152984569723076,-111.2246318204365,649694.7805,399656347.6886929,7968796.8859,weekly,none,2,pv,18–24h,all,千瓦
2040,318.42292955882357,442.61690201856675,8.15157903509089,-219.88711750000002,649582.7763,399655832.7831276,7968796.885899999,weekly,none,2,pv,18–24h,generating,千瓦
16128,0.047907204861111115,0.07023341710485263,6.229672967877307,0.023111545138888887,772.6474000000001,79.55511586,12402.696,weekly,none,2,price,all,all,元/千瓦时
4032,0.048083556547619054,0.07060121855189119,6.248097351164761,0.023341443452380952,193.87290000000002,20.097633270000003,3102.911,weekly,none,2,price,0–6h,all,元/千瓦时
4032,0.04813003472222223,0.07064000765885894,6.255586574125219,0.02333142361111111,194.0603,20.11972307,3102.1919,weekly,none,2,price,6–12h,all,元/千瓦时
4032,0.04780434027777778,0.07005001580857599,6.217479111213877,0.02289357638888889,192.74710000000002,19.785043010000003,3100.0843999999997,weekly,none,2,price,12–18h,all,元/千瓦时
4032,0.047610887896825396,0.06963751901855439,6.197467661672751,0.0228797371031746,191.9671,19.552716510000003,3097.5086999999994,weekly,none,2,price,18–24h,all,元/千瓦时
17856,138.3453684325078,174.708028260186,3.1602745506634657,-11.37703047577233,2470294.898730859,545016815.5941623,78167097.79890001,mlp,42,3,load,all,all,千瓦
4464,139.23881986797153,176.15810062258234,3.1967043639786317,-8.549224869266633,621562.091890625,138525403.5163629,19443840.3155,mlp,42,3,load,0–6h,all,千瓦
4464,138.60882164976059,175.18698309986448,3.175982082345038,-11.263048397597446,618749.7798445312,137002298.46863014,19482155.875,mlp,42,3,load,6–12h,all,千瓦
4464,137.74511126293334,173.66486389739063,3.141997651429179,-12.415231327092435,614894.1766777344,134631940.8279565,19570166.6549,mlp,42,3,load,12–18h,all,千瓦
4464,137.78872094936577,173.81006915354638,3.1268917912238203,-13.280617309132786,615088.8503179688,134857172.7812128,19670934.9535,mlp,42,3,load,18–24h,all,千瓦
17856,179.61180931062876,368.7937705747681,7.777457990719153,-14.336867218479522,3207148.4670505873,2428573940.1546593,41236461.461799994,mlp,42,3,pv,all,all,千瓦
9714,329.8474139512172,500.0042543151412,7.77015695706656,-26.663556617421627,3204137.779122124,2428541326.5930977,41236461.4618,mlp,42,3,pv,all,generating,千瓦
4464,179.57244256938125,368.6051553020023,7.793277294491765,-11.404875565042294,801611.3836297179,606522610.9399118,10285934.3167,mlp,42,3,pv,0–6h,all,千瓦
2426,330.084657298707,500.00520099858755,7.785246861887178,-21.32620343998498,800785.3786066632,606512617.6881976,10285934.3167,mlp,42,3,pv,0–6h,generating,千瓦
4464,179.8335255897502,368.6444710566474,7.80442503873593,-10.905408938442545,802776.8582326449,606652002.3253962,10286175.525400002,mlp,42,3,pv,6–12h,all,千瓦
2428,330.09028391809994,499.8497571688467,7.791615137949732,-20.592831293536147,801459.2093531466,606635265.2129811,10286175.525399998,mlp,42,3,pv,6–12h,generating,千瓦
4464,178.5812858814052,367.625501429956,7.722119870471443,-14.35638888849512,797186.8601745928,603302945.522461,10323419.909899998,mlp,42,3,pv,12–18h,all,千瓦
2429,327.95975422204975,498.3705785993635,7.7165730926184475,-26.619817689368546,796614.2430053588,603298584.4471049,10323419.909899998,mlp,42,3,pv,12–18h,generating,千瓦
4464,180.45998320197845,370.2949702622809,7.790142973772833,-20.680795481938123,805573.3650136318,612096381.3668902,10340931.709800001,mlp,42,3,pv,18–24h,all,千瓦
2431,331.2541950460532,501.7840894414892,7.787295871935798,-38.09686873222877,805278.9481569554,612094859.244814,10340931.709800001,mlp,42,3,pv,18–24h,generating,千瓦
17856,0.040524080802311985,0.05251989292146123,5.571718135744146,-0.006390875726434868,723.5979868060828,49.252903906714195,12986.9812,mlp,42,3,price,all,all,元/千瓦时
4464,0.03993610565958271,0.051835267094585684,5.504380188083688,-0.0052170944206283085,178.27477566437722,11.994298899520054,3238.7802,mlp,42,3,price,0–6h,all,元/千瓦时
4464,0.04071895798285055,0.052651632699321334,5.605571840452066,-0.006776199921255259,181.76942843544487,12.375075917236543,3242.6563,mlp,42,3,price,6–12h,all,元/千瓦时
4464,0.04052904352407943,0.052522511865212805,5.5699829023370215,-0.006398758011426122,180.92165029149058,12.31445402374666,3248.1545,mlp,42,3,price,12–18h,all,元/千瓦时
4464,0.04091221604273524,0.05306272718796419,5.606701107370254,-0.007171450552429778,182.63213241477013,12.569075066210939,3257.3902,mlp,42,3,price,18–24h,all,元/千瓦时
17856,154.75979853318015,301.6044213075616,6.701329029330929,-6.052582949169122,2763390.9626084645,1624275092.4597178,41236461.461799994,mlp,42,3,pv_corrected,all,all,千瓦
9714,281.52924542876474,408.3361557749967,6.631934441388526,-14.071524979803076,2734775.090095021,1619696974.1226764,41236461.4618,mlp,42,3,pv_corrected,all,generating,千瓦
4464,117.59776697926918,208.6038700471684,5.103633910466945,5.636756404989892,524956.4317954576,194253525.00840005,10285934.3167,mlp,42,3,pv_corrected,0–6h,all,千瓦
2426,213.32893349208575,282.138057513751,5.0314922953721455,7.313289962167017,517535.99265180004,193114169.36525688,10285934.3167,mlp,42,3,pv_corrected,0–6h,generating,千瓦
4464,135.40168331816844,246.633060815392,5.876169552422635,9.047751417493217,604433.1143323039,271535596.89152175,10286175.525400002,mlp,42,3,pv_corrected,6–12h,all,千瓦
2428,245.75714090122221,333.6729617531867,5.800973711120526,13.449088181035158,596698.3381081675,270327803.0436887,10286175.525399998,mlp,42,3,pv_corrected,6–12h,generating,千瓦
4464,160.68343674211965,312.01565911156837,6.948190307835404,-39.86656723543786,717290.8616168221,434587236.11360925,10323419.909899998,mlp,42,3,pv_corrected,12–18h,all,千瓦
2429,292.4646883974632,422.46727121135416,6.881408819147023,-76.10477136203316,710396.7281174381,433524507.8495412,10323419.909899998,mlp,42,3,pv_corrected,12–18h,generating,千瓦
4464,205.35630709316322,402.6955363452957,8.864873887476916,0.9717276162782729,916710.5548638806,723898734.4461868,10340931.709800001,mlp,42,3,pv_corrected,18–24h,all,千瓦
2431,374.3907985263741,545.2500450495802,8.801373577925098,-0.9167962020563898,910144.0312176155,722730493.8641896,10340931.709800001,mlp,42,3,pv_corrected,18–24h,generating,千瓦
17856,139.22630774382998,175.99954285829628,3.1803981740112808,-11.17502858280743,2486024.951073828,553104582.7254955,78167097.79890001,mlp,2026,3,load,all,all,千瓦
4464,140.01848718532986,177.18560919176002,3.2146042996302993,-8.626966594737063,625042.5267953125,140146119.82718045,19443840.3155,mlp,2026,3,load,0–6h,all,千瓦
4464,139.65182575954861,176.6516932820636,3.199880722598032,-9.525787134751624,623405.750190625,139302783.7807721,19482155.875,mlp,2026,3,load,6–12h,all,千瓦
4464,138.8147573424199,175.34486819326924,3.1663965243822236,-12.541423754970321,619669.0767765625,137249352.9868556,19570166.6549,mlp,2026,3,load,12–18h,all,千瓦
4464,138.42016068802155,174.8055282293061,3.1412212931006898,-14.005936846770695,617907.5973113282,136406326.13068733,19670934.9535,mlp,2026,3,load,18–24h,all,千瓦
17856,181.28486865179835,372.21780331995296,7.849903943977285,-9.95284416420499,3237022.614646511,2473879038.5423613,41236461.461799994,mlp,2026,3,pv,all,all,千瓦
9714,331.9452387431854,504.6217083894302,7.81957504316509,-19.582515018658857,3224516.0491513032,2473602768.165401,41236461.4618,mlp,2026,3,pv,all,generating,千瓦
4464,181.33913103474717,372.9044170339875,7.86994993371511,-9.652242653101858,809497.8809391113,620753591.7427968,10285934.3167,mlp,2026,3,pv,0–6h,all,千瓦
2426,332.44577409721376,505.8109103577796,7.84093523376291,-18.990949786775552,806513.4479598405,620679186.491679,10285934.3167,mlp,2026,3,pv,0–6h,generating,千瓦
4464,181.5059200683255,371.7992270409897,7.877003704479337,-11.181373919841514,810242.427185005,617079545.5790304,10286175.525400002,mlp,2026,3,pv,6–12h,all,千瓦
2428,332.1764758948194,504.1046921248829,7.84085865034136,-22.08879608342505,806524.4834726215,617007100.6310002,10286175.525399998,mlp,2026,3,pv,6–12h,generating,千瓦
4464,179.9413860644078,370.17044757423565,7.78093262118694,-10.33483301392634,803258.3473915164,611684779.3886316,10323419.909899998,mlp,2026,3,pv,12–18h,all,千瓦
2429,329.47622880796064,501.79767406437804,7.752254260306348,-20.212137583839965,800297.7597745364,611624399.9366037,10323419.909899998,mlp,2026,3,pv,12–18h,generating,千瓦
4464,182.35303743971292,373.98642048111753,7.871862826049183,-8.642927069950238,814023.9591308784,624361121.8319025,10340931.709800001,mlp,2026,3,pv,18–24h,all,千瓦
2431,333.6817597467317,506.75895702081266,7.844364325272132,-17.04057080494914,811180.3579443048,624292081.106118,10340931.709800001,mlp,2026,3,pv,18–24h,generating,千瓦
17856,0.04080413857415239,0.05279430980757586,5.610223709110051,-0.005473994990727969,728.598698380065,49.76894222772901,12986.9812,mlp,2026,3,price,all,all,元/千瓦时
4464,0.04056574678938555,0.05247142016364793,5.591163416023634,-0.004755565418260286,181.0854936678171,12.290507705331711,3238.7802,mlp,2026,3,price,0–6h,all,元/千瓦时
4464,0.04074817109889881,0.0527080380269388,5.609593461554476,-0.004847958001141908,181.8998357854843,12.401604785106148,3242.6563,mlp,2026,3,price,6–12h,all,元/千瓦时
4464,0.040732037472772986,0.052734965249289674,5.59788074361791,-0.004924191958080698,181.82781527845862,12.414279363142676,3248.1545,mlp,2026,3,price,12–18h,all,元/千瓦时
4464,0.04117059893555218,0.05325967354152771,5.642110473848203,-0.007368264585428983,183.78555364830493,12.662550374148479,3257.3902,mlp,2026,3,price,18–24h,all,元/千瓦时
17856,153.06705264543774,293.02366854006715,6.628030619379998,-1.7409380654566606,2733165.292036936,1533167412.5174708,41236461.461799994,mlp,2026,3,pv_corrected,all,all,千瓦
9714,278.2055917001397,396.64676632777804,6.55363972070845,-6.35807745095457,2702489.117775157,1528290576.4126806,41236461.4618,mlp,2026,3,pv_corrected,all,generating,千瓦
4464,126.28825448593459,224.41706952261524,5.4807930001061695,10.712808887311573,563750.768025212,224820526.15968016,10285934.3167,mlp,2026,3,pv_corrected,0–6h,all,千瓦
2426,229.22531192376596,303.58253576532576,5.406418022951832,16.558869569168625,556100.6067270562,223585875.70865703,10285934.3167,mlp,2026,3,pv_corrected,0–6h,generating,千瓦
4464,135.2032486343115,246.01301343907704,5.867557873314594,3.287713783518937,603547.3019035666,270172006.01606023,10286175.525400002,mlp,2026,3,pv_corrected,6–12h,all,千瓦
2428,245.48000118341014,332.8393764028226,5.79443196746482,2.9466619849183693,596025.4428733198,268978818.57568574,10286175.525399998,mlp,2026,3,pv_corrected,6–12h,generating,千瓦
4464,158.33385496933283,302.3786255084324,6.846590904485919,-33.03792636703792,706802.3285831017,408156167.2457423,10323419.909899998,mlp,2026,3,pv_corrected,12–18h,all,千瓦
2429,287.67725832111097,409.30462690326476,6.768765259580993,-64.02452508175405,698768.0604619785,406931044.3011381,10323419.909899998,mlp,2026,3,pv_corrected,12–18h,generating,千瓦
4464,192.44285249217188,375.67702120285975,8.307422557591476,12.073651434380771,859064.8935250553,630018713.095988,10340931.709800001,mlp,2026,3,pv_corrected,18–24h,all,千瓦
2431,350.3064614203219,508.58319338498114,8.235186457190837,19.097858572942403,851595.0077128026,628794837.8271999,10340931.709800001,mlp,2026,3,pv_corrected,18–24h,generating,千瓦
17856,137.8697389031523,174.20956491240563,3.149409568957197,-9.864353361702653,2461802.0578546873,541911253.0844505,78167097.79890001,mlp,3407,3,load,all,all,千瓦
4464,138.45181748659414,174.86712091010324,3.1786360267907967,-10.008477995841734,618048.9132601563,136502468.530135,19443840.3155,mlp,3407,3,load,0–6h,all,千瓦
4464,138.04669237624955,174.60316744662757,3.163101859575785,-9.625405424384661,616240.434767578,136090691.79181156,19482155.875,mlp,3407,3,load,6–12h,all,千瓦
4464,137.62795551626553,173.8308292405428,3.139325301917051,-10.165283830452651,614371.1934246094,134889389.716046,19570166.6549,mlp,3407,3,load,12–18h,all,千瓦
4464,137.35249023349994,173.53373382613597,3.1169922418621443,-9.658246196131554,613141.5164023438,134428703.0464579,19670934.9535,mlp,3407,3,load,18–24h,all,千瓦
17856,177.94716309909774,364.82575650151426,7.7053763384643075,-11.893812013374964,3177424.5442974893,2376594899.0288453,41236461.461799994,mlp,3407,3,pv,all,all,千瓦
9714,325.96231883317023,494.60590180843883,7.678636461275065,-22.997991194451004,3166397.9651454156,2376384371.579721,41236461.4618,mlp,3407,3,pv,all,generating,千瓦
4464,178.74785189069195,365.1814456930094,7.757490824577285,-13.842453953750717,797930.4108400488,595307827.6749399,10285934.3167,mlp,3407,3,pv,0–6h,all,千瓦
2426,327.3831427742687,495.33295088437967,7.721530003170255,-26.99572173092173,794231.5043703759,595230580.394413,10285934.3167,mlp,3407,3,pv,0–6h,generating,千瓦
4464,177.58737119081962,364.8747270314359,7.70694630903638,-6.27576274291401,792750.0249958189,594308240.5268463,10286175.525400002,mlp,3407,3,pv,6–12h,all,千瓦
2428,325.6592063322215,494.7298666851467,7.687021780078811,-12.382403997344728,790700.5529746339,594271552.3244557,10286175.525399998,mlp,3407,3,pv,6–12h,generating,千瓦
4464,177.72149751963556,365.1380515464848,7.684941345521013,-15.214954256096295,793348.7649276531,595166356.4114975,10323419.909899998,mlp,3407,3,pv,12–18h,all,千瓦
2429,325.51226260807124,494.9792210948102,7.6589860024657685,-29.065061692820844,790669.2858750051,595115758.8076532,10323419.909899998,mlp,3407,3,pv,12–18h,generating,千瓦
4464,177.7319317952439,364.1077849150497,7.672377748922524,-12.242077100738832,793395.3435339688,591812474.4155617,10340931.709800001,mlp,3407,3,pv,18–24h,all,千瓦
2431,325.29684159827264,493.38131854039244,7.647247309214609,-23.548890903441436,790796.6219254008,591766480.0531992,10340931.709800001,mlp,3407,3,pv,18–24h,generating,千瓦
17856,0.04096568626371016,0.052999391871117116,5.6324351491692966,-0.00557708205921996,731.4832939248085,50.156352979174244,12986.9812,mlp,3407,3,price,all,all,元/千瓦时
4464,0.04048487743422069,0.052458497073416196,5.580017219642171,-0.004255925038785384,180.72449286636115,12.284454437460013,3238.7802,mlp,3407,3,price,0–6h,all,元/千瓦时
4464,0.04098811519875001,0.05298081430140663,5.642625345375643,-0.006016805903015386,182.97094624722004,12.530299277555155,3242.6563,mlp,3407,3,price,6–12h,all,元/千瓦时
4464,0.04098213097333481,0.05302098535857973,5.632251565156971,-0.005442013575131321,182.9442326649666,12.549307901794055,3248.1545,mlp,3407,3,price,12–18h,all,元/千瓦时
4464,0.04140762144853511,0.05353182854336722,5.674592566351454,-0.006593583719947753,184.84362214626074,12.792291362365022,3257.3902,mlp,3407,3,price,18–24h,all,元/千瓦时
17856,153.33542139120138,292.18965046893527,6.639651384485642,-4.561720255970055,2737957.2843612917,1524452283.1157274,41236461.461799994,mlp,3407,3,pv_corrected,all,all,千瓦
9714,278.5952581730552,395.5160823845373,6.5628190246150355,-11.646800839904811,2706274.337893058,1519589884.4206247,41236461.4618,mlp,3407,3,pv_corrected,all,generating,千瓦
4464,128.62881553751052,230.96874036402406,5.582371176794227,8.453426803247805,574199.032559447,238139039.48913544,10285934.3167,mlp,3407,3,pv_corrected,0–6h,all,千瓦
2426,233.56164305028486,312.5221858832473,5.508693022859764,12.431001949811328,566620.5460399911,236947703.03958344,10285934.3167,mlp,3407,3,pv_corrected,0–6h,generating,千瓦
4464,139.63578326361417,252.86294211764118,6.059921250124048,2.56279806016585,623334.1364887736,285426675.70388293,10286175.525400002,mlp,3407,3,pv_corrected,6–12h,all,千瓦
2428,253.05172654042823,342.0763249790698,5.973158736431996,1.0361557215676358,614409.5920401597,284115363.00596,10286175.525399998,mlp,3407,3,pv_corrected,6–12h,generating,千瓦
4464,157.51802845753042,302.224238796087,6.811313355180833,-29.572444367270407,703160.4790344158,407739485.66286254,10323419.909899998,mlp,3407,3,pv_corrected,12–18h,all,千瓦
2429,286.18799922592564,409.1039052437124,6.733724445841196,-57.645623948183385,695150.6501197733,406532026.83885944,10323419.909899998,mlp,3407,3,pv_corrected,12–18h,generating,千瓦
4464,187.5590583061504,364.518106994737,8.096597673932889,0.30933847997654884,837263.6362786554,593147082.2598464,10340931.709800001,mlp,3407,3,pv_corrected,18–24h,all,千瓦
2431,341.46176457965186,493.4764859429663,8.027260724548272,-2.381406668410693,830093.5496931337,591994791.5362219,10340931.709800001,mlp,3407,3,pv_corrected,18–24h,generating,千瓦
17856,139.99393520945338,178.85197415272992,3.1979333728508683,27.936956311603943,2499731.7070999998,571178239.7231185,78167097.79890001,periodic,none,3,load,all,all,千瓦
4464,141.2300249327957,180.7780141843748,3.2424193012808535,30.646808400537633,630450.8313,145886602.001159,19443840.3155,periodic,none,3,load,0–6h,all,千瓦
4464,140.4584432795699,179.57561369428598,3.218362971854623,28.401940636200717,627006.4908,143952398.21434498,19482155.875,periodic,none,3,load,6–12h,all,千瓦
4464,139.37467103494623,177.80195637646676,3.1791682844163254,26.94242735215054,622168.5315,141122823.3259587,19570166.6549,periodic,none,3,load,12–18h,all,千瓦
4464,138.9126015905018,177.2300411778168,3.152396441581777,25.756648857526887,620105.8535,140216416.1816558,19670934.9535,periodic,none,3,load,18–24h,all,千瓦
17856,186.32955542114695,384.82030672113865,8.068346370316252,-11.4753752016129,3327100.5416,2644235552.1101694,41236461.461799994,periodic,none,3,pv,all,all,千瓦
9714,342.5039587399629,521.7362579996799,8.068304935141178,-21.095469013794528,3327083.4551999997,2644235534.362394,41236461.4618,periodic,none,3,pv,all,generating,千瓦
4464,186.4059520609319,385.01307965625085,8.089845262272343,-10.795378673835126,832116.1699999999,661721359.2045276,10285934.3167,periodic,none,3,pv,0–6h,all,千瓦
2426,342.9974849134378,522.2665087574113,8.089803733716273,-19.865969497114595,832111.8984000001,661721354.7675836,10285934.3167,periodic,none,3,pv,0–6h,generating,千瓦
4464,186.4140623655914,385.01331306389005,8.090007528504039,-10.803488978494624,832152.3744,661722161.519437,10286175.525400002,periodic,none,3,pv,6–12h,all,千瓦
2428,342.7298611202636,522.0516794004047,8.089966000921809,-19.86451663920923,832148.1028,661722157.0824931,10286175.525399998,periodic,none,3,pv,6–12h,generating,千瓦
4464,185.62091117831542,383.85974893924345,8.026523717255502,-11.976207459677422,828611.7475,657762841.8038404,10323419.909899998,periodic,none,3,pv,12–18h,all,千瓦
2429,341.13111399752984,520.3803741363515,8.02648233949467,-22.011552778921367,828607.4759,657762837.3668964,10323419.909899998,periodic,none,3,pv,12–18h,generating,千瓦
4464,186.8772960797491,385.3933630218383,8.067167186776967,-12.326425694444445,834220.2496999999,663029189.5823648,10340931.709800001,periodic,none,3,pv,18–24h,all,千瓦
2431,343.15753932538047,522.2444620430988,8.0671258790871,-22.63654294529001,834215.9781,663029185.1454208,10340931.709800001,periodic,none,3,pv,18–24h,generating,千瓦
17856,0.04233946572580645,0.0548272353938024,5.821318198258421,0.010238894489247311,756.0134999999999,53.67559563,12986.9812,periodic,none,3,price,all,all,元/千瓦时
4464,0.04219585573476703,0.05465146927245408,5.815840790924929,0.010588642473118278,188.3623,13.332999730000001,3238.7802,periodic,none,3,price,0–6h,all,元/千瓦时
4464,0.04225770609318996,0.05469536459066795,5.8174034664111645,0.010258602150537633,188.6384,13.3544261,3242.6563,periodic,none,3,price,6–12h,all,元/千瓦时
4464,0.04244845430107527,0.05496894392424647,5.833771146046163,0.01035154569892473,189.4899,13.488354529999999,3248.1545,periodic,none,3,price,12–18h,all,元/千瓦时
4464,0.04245584677419355,0.05499229188003204,5.818243697055392,0.009756787634408601,189.5229,13.49981527,3257.3902,periodic,none,3,price,18–24h,all,元/千瓦时
17856,213.74985372050477,446.623997801045,9.25568599422384,-17.73537115815412,3816717.3880333332,3561789806.072883,41236461.461799994,periodic,none,3,pv_corrected,all,all,千瓦
9714,389.6160126466955,605.1078747980279,9.178115222995164,-35.89357922414384,3784729.94685,3556834916.945079,41236461.4618,periodic,none,3,pv_corrected,all,generating,千瓦
4464,95.81959907407406,171.24296799678632,4.158481641985602,13.461013485663079,427738.69026666664,130903023.85038719,10285934.3167,periodic,none,3,pv_corrected,0–6h,all,千瓦
2426,173.0731586459192,231.2312031937975,4.082035427674277,21.527929434597414,419875.482875,129713050.9956748,10285934.3167,periodic,none,3,pv_corrected,0–6h,generating,千瓦
4464,181.83114528076464,341.24260497920943,7.891117845782325,-7.059178785842293,811694.2325333334,519817244.9821777,10286175.525400002,periodic,none,3,pv_corrected,6–12h,all,千瓦
2428,330.9552979200989,462.1511988482386,7.812033358421153,-16.329054070565622,803559.4633500001,518581297.88918626,10286175.525399998,periodic,none,3,pv_corrected,6–12h,generating,千瓦
4464,248.72418596923532,483.51530251188433,10.75520298367309,-102.56387900985662,1110304.7661666665,1043625381.214742,10323419.909899998,periodic,none,3,pv_corrected,12–18h,all,千瓦
2429,453.90450885824066,655.1181126887226,10.679930310297209,-191.69035407575132,1102534.0520166666,1042477592.2804134,10323419.909899998,periodic,none,3,pv_corrected,12–18h,generating,千瓦
4464,328.62448455794504,646.7876501160539,14.186146279995487,25.220559677419356,1466979.6990666667,1867444156.025576,10340931.709800001,periodic,none,3,pv_corrected,18–24h,all,千瓦
2431,600.066206749623,876.1342711701219,14.106668427428835,42.93123321335528,1458760.9486083335,1866062975.7798042,10340931.709800001,periodic,none,3,pv_corrected,18–24h,generating,千瓦
17856,643.8774564908153,1134.4377163305771,14.708331493486494,-59.01385485551078,11497075.863099998,22979760133.958427,78167097.79890001,yesterday,none,3,load,all,all,千瓦
4464,645.2076071236559,1134.74701570427,14.8129521301612,-56.035695788530454,2880206.7581999996,5748073124.99647,19443840.3155,yesterday,none,3,load,0–6h,all,千瓦
4464,644.5125133288531,1134.5990943093018,14.767892619070837,-58.108336850358455,2877103.8595000003,5746574627.860626,19482155.875,yesterday,none,3,load,6–12h,all,千瓦
4464,642.9979361335124,1134.22859227264,14.666930729388145,-60.474511895161285,2870342.7868999997,5742822165.896451,19570166.6549,yesterday,none,3,load,12–18h,all,千瓦
4464,642.79176937724,1134.1760599427807,14.587117822731912,-61.43687488799284,2869422.4584999997,5742290215.204882,19670934.9535,yesterday,none,3,load,18–24h,all,千瓦
17856,186.32955542114695,384.82030672113865,8.068346370316252,-11.4753752016129,3327100.5416,2644235552.1101694,41236461.461799994,yesterday,none,3,pv,all,all,千瓦
9714,342.5039587399629,521.7362579996799,8.068304935141178,-21.095469013794528,3327083.4551999997,2644235534.362394,41236461.4618,yesterday,none,3,pv,all,generating,千瓦
4464,186.4059520609319,385.01307965625085,8.089845262272343,-10.795378673835126,832116.1699999999,661721359.2045276,10285934.3167,yesterday,none,3,pv,0–6h,all,千瓦
2426,342.9974849134378,522.2665087574113,8.089803733716273,-19.865969497114595,832111.8984000001,661721354.7675836,10285934.3167,yesterday,none,3,pv,0–6h,generating,千瓦
4464,186.4140623655914,385.01331306389005,8.090007528504039,-10.803488978494624,832152.3744,661722161.519437,10286175.525400002,yesterday,none,3,pv,6–12h,all,千瓦
2428,342.7298611202636,522.0516794004047,8.089966000921809,-19.86451663920923,832148.1028,661722157.0824931,10286175.525399998,yesterday,none,3,pv,6–12h,generating,千瓦
4464,185.62091117831542,383.85974893924345,8.026523717255502,-11.976207459677422,828611.7475,657762841.8038404,10323419.909899998,yesterday,none,3,pv,12–18h,all,千瓦
2429,341.13111399752984,520.3803741363515,8.02648233949467,-22.011552778921367,828607.4759,657762837.3668964,10323419.909899998,yesterday,none,3,pv,12–18h,generating,千瓦
4464,186.8772960797491,385.3933630218383,8.067167186776967,-12.326425694444445,834220.2496999999,663029189.5823648,10340931.709800001,yesterday,none,3,pv,18–24h,all,千瓦
2431,343.15753932538047,522.2444620430988,8.0671258790871,-22.63654294529001,834215.9781,663029185.1454208,10340931.709800001,yesterday,none,3,pv,18–24h,generating,千瓦
17856,0.08408861447132618,0.12550366425209827,11.561472807860847,-0.0049396225358422936,1501.4863000000003,281.25288689,12986.9812,yesterday,none,3,price,all,all,元/千瓦时
4464,0.08404298835125448,0.12546013210125279,11.583617190200187,-0.004645990143369176,375.16790000000003,70.26445255,3238.7802,yesterday,none,3,price,0–6h,all,元/千瓦时
4464,0.08404695340501793,0.12546978620012048,11.57031659507053,-0.004869802867383513,375.1856,70.27526660000001,3242.6563,yesterday,none,3,price,6–12h,all,元/千瓦时
4464,0.08417641129032259,0.12556837874120752,11.568522987437944,-0.005000828853046596,375.7635,70.38575279,3248.1545,yesterday,none,3,price,12–18h,all,元/千瓦时
4464,0.08408810483870968,0.12551633051977953,11.523620965028998,-0.0052418682795698935,375.3693,70.32741495,3257.3902,yesterday,none,3,price,18–24h,all,元/千瓦时
17856,213.74985372050477,446.623997801045,9.25568599422384,-17.73537115815412,3816717.3880333332,3561789806.072883,41236461.461799994,issued,none,3,pv_corrected,all,all,千瓦
9714,389.6160126466955,605.1078747980279,9.178115222995164,-35.89357922414384,3784729.94685,3556834916.945079,41236461.4618,issued,none,3,pv_corrected,all,generating,千瓦
4464,95.81959907407406,171.24296799678632,4.158481641985602,13.461013485663079,427738.69026666664,130903023.85038719,10285934.3167,issued,none,3,pv_corrected,0–6h,all,千瓦
2426,173.0731586459192,231.2312031937975,4.082035427674277,21.527929434597414,419875.482875,129713050.9956748,10285934.3167,issued,none,3,pv_corrected,0–6h,generating,千瓦
4464,181.83114528076464,341.24260497920943,7.891117845782325,-7.059178785842293,811694.2325333334,519817244.9821777,10286175.525400002,issued,none,3,pv_corrected,6–12h,all,千瓦
2428,330.9552979200989,462.1511988482386,7.812033358421153,-16.329054070565622,803559.4633500001,518581297.88918626,10286175.525399998,issued,none,3,pv_corrected,6–12h,generating,千瓦
4464,248.72418596923532,483.51530251188433,10.75520298367309,-102.56387900985662,1110304.7661666665,1043625381.214742,10323419.909899998,issued,none,3,pv_corrected,12–18h,all,千瓦
2429,453.90450885824066,655.1181126887226,10.679930310297209,-191.69035407575132,1102534.0520166666,1042477592.2804134,10323419.909899998,issued,none,3,pv_corrected,12–18h,generating,千瓦
4464,328.62448455794504,646.7876501160539,14.186146279995487,25.220559677419356,1466979.6990666667,1867444156.025576,10340931.709800001,issued,none,3,pv_corrected,18–24h,all,千瓦
2431,600.066206749623,876.1342711701219,14.106668427428835,42.93123321335528,1458760.9486083335,1866062975.7798042,10340931.709800001,issued,none,3,pv_corrected,18–24h,generating,千瓦
17856,139.99393520945338,178.85197415272992,3.1979333728508683,27.936956311603943,2499731.7070999998,571178239.7231185,78167097.79890001,weekly,none,3,load,all,all,千瓦
4464,141.2300249327957,180.7780141843748,3.2424193012808535,30.646808400537633,630450.8313,145886602.001159,19443840.3155,weekly,none,3,load,0–6h,all,千瓦
4464,140.4584432795699,179.57561369428598,3.218362971854623,28.401940636200717,627006.4908,143952398.21434498,19482155.875,weekly,none,3,load,6–12h,all,千瓦
4464,139.37467103494623,177.80195637646676,3.1791682844163254,26.94242735215054,622168.5315,141122823.3259587,19570166.6549,weekly,none,3,load,12–18h,all,千瓦
4464,138.9126015905018,177.2300411778168,3.152396441581777,25.756648857526887,620105.8535,140216416.1816558,19670934.9535,weekly,none,3,load,18–24h,all,千瓦
17856,218.9894465613799,416.945306055917,9.482568142812985,-86.34557012768818,3910275.5577999996,3104147540.4502645,41236461.461799994,weekly,none,3,pv,all,all,千瓦
9714,402.4911104179535,565.2908794945841,9.481411614868797,-158.76707961704756,3909798.6466000006,3104145403.7638335,41236461.4618,weekly,none,3,pv,all,generating,千瓦
4464,217.83898785842294,415.7836970702929,9.45400983380946,-85.4543086469534,972433.2418,771718833.3935051,10285934.3167,weekly,none,3,pv,0–6h,all,千瓦
2426,400.78894690849137,564.0063595238381,9.452850419444871,-157.29072151690025,972313.9852,771718299.1131657,10285934.3167,weekly,none,3,pv,0–6h,generating,千瓦
4464,217.88332741935486,415.7907143893485,9.455712389879494,-85.49770819892474,972631.1736000001,771744882.7216151,10286175.525400002,weekly,none,3,pv,6–12h,all,千瓦
2428,400.53946412685343,563.7835324824758,9.45453260542316,-157.2418138797364,972509.8189000001,771744343.9981611,10286175.525399998,weekly,none,3,pv,6–12h,generating,千瓦
4464,219.8314297267025,417.4518917286635,9.50583731810543,-89.10881319444445,981327.5023,777923789.6365969,10323419.909899998,weekly,none,3,pv,12–18h,all,千瓦
2429,403.95569880609304,565.9194495371745,9.504683534756117,-163.81261918484975,981208.3924,777923255.95227,10323419.909899998,weekly,none,3,pv,12–18h,generating,千瓦
4464,220.4040412410394,418.7475016505334,9.514458345833411,-85.3214504704301,983883.6401,782760034.6985474,10340931.709800001,weekly,none,3,pv,18–24h,all,千瓦
2431,404.67562735499797,567.4422847153938,9.513325082378158,-156.72239609214316,983766.4501,782759504.7002366,10340931.709800001,weekly,none,3,pv,18–24h,generating,千瓦
17856,0.04233946572580645,0.0548272353938024,5.821318198258421,0.010238894489247311,756.0134999999999,53.67559563,12986.9812,weekly,none,3,price,all,all,元/千瓦时
4464,0.04219585573476703,0.05465146927245408,5.815840790924929,0.010588642473118278,188.3623,13.332999730000001,3238.7802,weekly,none,3,price,0–6h,all,元/千瓦时
4464,0.04225770609318996,0.05469536459066795,5.8174034664111645,0.010258602150537633,188.6384,13.3544261,3242.6563,weekly,none,3,price,6–12h,all,元/千瓦时
4464,0.04244845430107527,0.05496894392424647,5.833771146046163,0.01035154569892473,189.4899,13.488354529999999,3248.1545,weekly,none,3,price,12–18h,all,元/千瓦时
4464,0.04245584677419355,0.05499229188003204,5.818243697055392,0.009756787634408601,189.5229,13.49981527,3257.3902,weekly,none,3,price,18–24h,all,元/千瓦时
17280,127.20972871887209,159.19152141058635,2.895903313493132,-35.094147881379314,2198184.1122621098,437908731.65021676,75906681.76039998,mlp,42,4,load,all,all,千瓦
4320,126.88040329038265,158.71594267294807,2.8882557112023526,-33.587233858597365,548123.342214453,108824041.98099017,18977659.7719,mlp,42,4,load,0–6h,all,千瓦
4320,127.2803557811596,159.22777445585618,2.897684032814112,-35.19720080991392,549851.1369746095,109527051.56327283,18975538.0762,mlp,42,4,load,6–12h,all,千瓦
4320,127.0720217186596,158.87652084120145,2.8929713006934903,-35.49939466408059,548951.1338246095,109044355.1382924,18975339.7724,mlp,42,4,load,12–18h,all,千瓦
4320,127.60613408528648,159.94304756611467,2.9047018253458283,-36.09276219292535,551258.4992484376,110513282.96766132,18978144.1399,mlp,42,4,load,18–24h,all,千瓦
17280,197.17441751813203,381.0875665418896,7.2822364666920105,-17.424490881411884,3407173.9347133213,2509535232.682315,46787466.3271,mlp,42,4,pv,all,all,千瓦
10113,336.01548997773773,498.1287998227675,7.262895208703824,-30.667901413948105,3398124.6501448615,2509361962.1657624,46787466.3271,mlp,42,4,pv,all,generating,千瓦
4320,195.9006342324502,379.94126352968703,7.251052000839009,-15.911784085917127,846290.7398841848,623615171.3245516,11671282.177900001,mlp,42,4,pv,0–6h,all,千瓦
2526,334.04989685069575,496.85085196899314,7.229797262914631,-28.19461903819848,843810.0394448574,623570302.7524459,11671282.177900001,mlp,42,4,pv,0–6h,generating,千瓦
4320,195.41898280347996,379.30290841629215,7.232215557412877,-13.601466810701464,844210.0057110335,621521408.1588111,11672909.8989,mlp,42,4,pv,6–12h,all,千瓦
2529,333.1909026828622,495.72935982481073,7.218763788833535,-23.854705199013587,842639.7928849584,621495675.8283689,11672909.898899999,mlp,42,4,pv,6–12h,generating,千瓦
4320,197.30163815948742,381.42801291216375,7.282893906712983,-18.526297618404218,852343.0768489856,628505261.4274061,11703357.0414,mlp,42,4,pv,12–18h,all,千瓦
2529,336.5048960375913,498.51014149620977,7.271596338286763,-32.169157960230635,851020.8820790685,628487761.4104903,11703357.0414,mlp,42,4,pv,12–18h,generating,千瓦
4320,200.07641487711047,383.6633216657042,7.362318633847527,-21.658415010624736,864330.1122691173,635893391.7715462,11739917.2089,mlp,42,4,pv,18–24h,all,千瓦
2529,340.3139326753567,501.40499403228205,7.33100515464894,-38.45018955280311,860653.935735977,635808222.1744568,11739917.2089,mlp,42,4,pv,18–24h,generating,千瓦
17280,0.039251050448619096,0.05083330705117332,5.61996520868752,-0.005116283560970591,678.258151752138,44.651953827513225,12068.7251,mlp,42,4,price,all,all,元/千瓦时
4320,0.039143403533818545,0.050713089952457505,5.6011453818187515,-0.004942988539652692,169.09950326609612,11.11025156771252,3019.0165,mlp,42,4,price,0–6h,all,元/千瓦时
4320,0.03948032841377236,0.050936940296144234,5.650008980699025,-0.004891299401300925,170.5550187474966,11.208550550686397,3018.6681,mlp,42,4,price,6–12h,all,元/千瓦时
4320,0.03903509439328755,0.050636121382569975,5.589699848244632,-0.005340850956346149,168.6316077790022,11.076552527055956,3016.8276,mlp,42,4,price,12–18h,all,元/千瓦时
4320,0.039345375453597974,0.05104600136255629,5.639018463478252,-0.005289995346582597,169.97202195954324,11.256599182058348,3014.2128999999995,mlp,42,4,price,18–24h,all,元/千瓦时
17280,175.3385310897696,316.6786361231937,6.475772370422811,10.208662667858954,3029849.8172312183,1732930996.207901,46787466.3271,mlp,42,4,pv_corrected,all,all,千瓦
10113,290.78631232375307,411.6713754951173,6.285277249190996,8.630263047513056,2940721.9765301147,1713883699.338849,46787466.3271,mlp,42,4,pv_corrected,all,generating,千瓦
4320,152.26261900513862,259.7019748272004,5.635837640424108,11.584985126241403,657774.5141021989,291362899.94991857,11671282.177900001,mlp,42,4,pv_corrected,0–6h,all,千瓦
2526,251.72872945880178,336.9454257140323,5.448131241458374,11.139901922445537,635866.7706129333,286782387.491676,11671282.177900001,mlp,42,4,pv_corrected,0–6h,generating,千瓦
4320,160.59243314620159,275.8832475430451,5.943327903670082,14.30882834770803,693759.3111915909,328801966.30755556,11672909.8989,mlp,42,4,pv_corrected,6–12h,all,千瓦
2529,264.96608906351605,357.6697336711489,5.740635754455529,15.086621792067968,670099.239241632,323528997.4741238,11672909.898899999,mlp,42,4,pv_corrected,6–12h,generating,千瓦
4320,176.5047124474822,312.5348942295088,6.515227682756485,28.726882213785384,762500.3577731231,421969219.6797371,11703357.0414,mlp,42,4,pv_corrected,12–18h,all,千瓦
2529,292.60767189616803,406.1151789790565,6.323013128691892,40.17579106992433,740004.802225409,417106803.1122963,11703357.0414,mlp,42,4,pv_corrected,12–18h,generating,千瓦
4320,211.99435976025583,399.88334823081755,7.8008696132033,-13.786045016298994,915815.6341643052,690796910.2706897,11739917.2089,mlp,42,4,pv_corrected,18–24h,all,千瓦
2529,353.7964272242548,520.996669054588,7.621443563263221,-31.878285561319256,894751.1644501403,686465511.260753,11739917.2089,mlp,42,4,pv_corrected,18–24h,generating,千瓦
17280,127.21217770306623,159.24612080044233,2.8959590641146757,-32.82491697521069,2198226.4307089844,438209170.3870111,75906681.76039998,mlp,2026,4,load,all,all,千瓦
4320,127.31436465494792,159.2375862257839,2.8981342374139873,-32.924153176902486,549998.055309375,109540550.30550033,18977659.7719,mlp,2026,4,load,0–6h,all,千瓦
4320,127.34887265489365,159.3643499676665,2.899243898433429,-32.34902282235605,550147.1298691406,109715022.89546496,18975538.0762,mlp,2026,4,load,6–12h,all,千瓦
4320,127.01989993833189,158.85939950804854,2.891784675875614,-33.19465240198206,548725.9677335938,109020854.06808957,18975339.7724,mlp,2026,4,load,12–18h,all,千瓦
4320,127.16557356409143,159.52239416542005,2.894673334480058,-32.83183949960215,549355.277796875,109932743.11795622,18978144.1399,mlp,2026,4,load,18–24h,all,千瓦
17280,197.9503428743635,381.3061196010821,7.31089369309949,-7.464447462054205,3420581.9248690014,2512414486.2856565,46787466.3271,mlp,2026,4,pv,all,all,千瓦
10113,336.5938997051879,498.3858126973292,7.275397397928624,-14.396664619275489,3403974.107718565,2511952074.247444,46787466.3271,mlp,2026,4,pv,all,generating,千瓦
4320,197.58826000303455,380.65456609686487,7.313517659862569,-7.692334733470192,853581.2832131092,625958922.3424954,11671282.177900001,mlp,2026,4,pv,0–6h,all,千瓦
2526,335.939882788008,497.735928019871,7.2707019759091525,-15.1338184240666,848584.1439225082,625793902.5095923,11671282.177900001,mlp,2026,4,pv,0–6h,generating,千瓦
4320,197.3894323792951,379.9250454529494,7.305139466200379,-6.096252928135604,852722.3478785548,623561933.5016788,11672909.8989,mlp,2026,4,pv,6–12h,all,千瓦
2529,334.58618467637643,496.4721817829492,7.248993339067022,-13.005021542722277,846168.461046556,623359622.4020497,11672909.898899999,mlp,2026,4,pv,6–12h,generating,千瓦
4320,197.5778059576852,380.91161663110705,7.293087946628147,-7.21566767673584,853536.1217372001,626804609.8371414,11703357.0414,mlp,2026,4,pv,12–18h,all,千瓦
2529,336.2239071384302,497.81573347793653,7.265524397360201,-13.601243553819232,850310.26115309,626738055.8758869,11703357.0414,mlp,2026,4,pv,12–18h,generating,千瓦
4320,199.24587315743918,383.7223330008268,7.331756746867097,-8.853534509875187,860742.1720401372,636089020.6043408,11739917.2089,mlp,2026,4,pv,18–24h,all,千瓦
2529,339.6248483971573,501.504456050472,7.316160977227951,-15.847449397543413,858911.2415964107,636060493.4599154,11739917.2089,mlp,2026,4,pv,18–24h,generating,千瓦
17280,0.040008474201230264,0.05176393654108672,5.728413137832255,-0.003967809948144411,691.346434197259,46.30184858124841,12068.7251,mlp,2026,4,price,all,all,元/千瓦时
4320,0.039952284372987014,0.051683907969668486,5.716890533433782,-0.0040702982900733195,172.5938684913039,11.539697801834139,3019.0165,mlp,2026,4,price,0–6h,all,元/千瓦时
4320,0.04007081382542297,0.0517342178912156,5.7345130365881305,-0.003969583777774263,173.10591572582723,11.562174579524136,3018.6681,mlp,2026,4,price,6–12h,all,元/千瓦时
4320,0.03983229689676729,0.05161396003191795,5.703856680243666,-0.0038297124253461753,172.07552259403468,11.50848375916215,3016.8276,mlp,2026,4,price,12–18h,all,元/千瓦时
4320,0.04017850170974378,0.05202272571587591,5.758422949689226,-0.004001645299383887,173.57112738609314,11.691492440727991,3014.2128999999995,mlp,2026,4,price,18–24h,all,元/千瓦时
17280,176.03873124403432,315.46188207798576,6.501632840363852,3.6014010603665447,3041949.275896913,1719639919.4835165,46787466.3271,mlp,2026,4,pv_corrected,all,all,千瓦
10113,291.94985530991346,410.0246606640153,6.310426955175876,-2.6923938321590595,2952488.886749155,1700199808.6522574,46787466.3271,mlp,2026,4,pv_corrected,all,generating,千瓦
4320,152.76007790000813,260.0282988892762,5.654250548218467,12.174815052378971,659923.5365280351,292095574.0844432,11671282.177900001,mlp,2026,4,pv_corrected,0–6h,all,千瓦
2526,252.64314721010865,337.41394369088107,5.467921862613734,12.212293883997061,638176.5898527345,287580475.89690554,11671282.177900001,mlp,2026,4,pv_corrected,0–6h,generating,千瓦
4320,164.75146609869358,280.17113579661157,6.097248584206291,4.090262435770388,711726.3335463563,339102138.2409937,11672909.8989,mlp,2026,4,pv_corrected,6–12h,all,千瓦
2529,272.2101379418304,363.33014905534696,5.8975820495261635,-2.228928813340926,688419.438854889,333850248.15061647,11672909.898899999,mlp,2026,4,pv_corrected,6–12h,generating,千瓦
4320,179.21080472099305,314.53004618913786,6.615116275236514,18.320943462617667,774190.67639469,427373927.80880195,11703357.0414,mlp,2026,4,pv_corrected,12–18h,all,千瓦
2529,297.1366623136123,408.67918630231543,6.420880917610911,22.307006071547583,751458.6189911255,422390234.93399155,11703357.0414,mlp,2026,4,pv_corrected,12–18h,generating,千瓦
4320,207.4325762564426,391.18418253322136,7.633007230651458,-20.180416709300847,896108.729427832,661068279.3492777,11739917.2089,mlp,2026,4,pv_corrected,18–24h,all,千瓦
2529,345.7628465996069,509.45153432365936,7.448385056646734,-43.04226593974135,874434.2390504059,656378849.670744,11739917.2089,mlp,2026,4,pv_corrected,18–24h,generating,千瓦
17280,126.03453104519312,157.64877397783198,2.8691501801322596,-28.38836074544271,2177876.696460937,429462188.98641026,75906681.76039998,mlp,3407,4,load,all,all,千瓦
4320,126.33181397705077,157.9902756583688,2.8757678393462935,-31.311661032353154,545753.4363808593,107831205.5152638,18977659.7719,mlp,3407,4,load,0–6h,all,千瓦
4320,125.93899905409071,157.4820132514022,2.867146500557224,-28.426656602376305,544056.4759136719,107138525.03012803,18975538.0762,mlp,3407,4,load,6–12h,all,千瓦
4320,125.62051340865523,156.94824455329658,2.8599256953213037,-27.52433046413846,542680.6179253906,106413486.34332117,18975339.7724,mlp,3407,4,load,12–18h,all,千瓦
4320,126.24679774097582,158.17168070856002,2.8737592159729974,-26.290794882902926,545386.1662410155,108078972.09769723,18978144.1399,mlp,3407,4,load,18–24h,all,千瓦
17280,193.2079303392538,370.68854811770666,7.135742322358926,-7.657255488298154,3338633.036262306,2374444794.912998,46787466.3271,mlp,3407,4,pv,all,all,千瓦
10113,327.62654187237297,484.4613895999816,7.081570082875384,-15.59015061255706,3313287.217955308,2373549800.8269367,46787466.3271,mlp,3407,4,pv,all,generating,千瓦
4320,193.46301091228213,370.041877257157,7.160825986399345,-4.863443092494466,835760.2071410588,591541880.7916837,11671282.177900001,mlp,3407,4,pv,0–6h,all,千瓦
2526,327.0792605538616,483.749911219857,7.078932713352595,-12.1013733735472,826202.2121590545,591119304.9047844,11671282.177900001,mlp,3407,4,pv,0–6h,generating,千瓦
4320,191.78896882853456,369.343442633326,7.097873216834697,-5.018709462984049,828528.3453392693,589310979.6221437,11672909.8989,mlp,3407,4,pv,6–12h,all,千瓦
2529,325.15949693242084,482.64008090795016,7.044758974962915,-11.024437515724838,822328.3677420922,589108921.2303479,11672909.898899999,mlp,3407,4,pv,6–12h,generating,千瓦
4320,193.59353170537528,371.2941206467617,7.1460184800717395,-11.80482309137771,836324.0569672212,595552279.7960007,11703357.0414,mlp,3407,4,pv,12–18h,all,千瓦
2529,328.58748752903085,485.20123777626094,7.100507598130252,-22.27091212378566,830997.755960919,595377789.8420881,11703357.0414,mlp,3407,4,pv,12–18h,generating,千瓦
4320,193.98620991082328,372.06868351873345,7.1382141109091926,-8.9420463063364,838020.4268147566,598039654.70317,11739917.2089,mlp,3407,4,pv,18–24h,all,千瓦
2529,329.6792732673953,486.24568836568363,7.1019144961360725,-16.959740911382852,833758.8820932426,597943784.8497162,11739917.2089,mlp,3407,4,pv,18–24h,generating,千瓦
17280,0.039584615162981465,0.05122479072695913,5.667725002836628,-0.004019231896628798,684.0221500163198,45.3423603171587,12068.7251,mlp,3407,4,price,all,all,元/千瓦时
4320,0.03924836947786311,0.05077648996053629,5.616165269198384,-0.003141083733061398,169.55295614436864,11.138048349317753,3019.0165,mlp,3407,4,price,0–6h,all,元/千瓦时
4320,0.039688803825102474,0.05122264975872563,5.679843786882124,-0.004430639471439299,171.45563252444268,11.334642544677925,3018.6681,mlp,3407,4,price,6–12h,all,元/千瓦时
4320,0.03958006137345953,0.051243351618278775,5.667737365348459,-0.003953281084097645,170.98586513334516,11.343806287522073,3016.8276,mlp,3407,4,price,12–18h,all,元/千瓦时
4320,0.039821225975500765,0.051652917381218265,5.707217835016343,-0.0045519232979168486,172.0276962141633,11.525863135640947,3014.2128999999995,mlp,3407,4,price,18–24h,all,元/千瓦时
17280,174.1023567326354,314.0419479897058,6.430116782360103,4.172844996374538,3008488.7243399397,1704194123.279082,46787466.3271,mlp,3407,4,pv_corrected,all,all,千瓦
10113,288.9627745038572,408.3293259168342,6.245861911237708,-1.3943858642421174,2922280.5385575076,1686169194.7765796,46787466.3271,mlp,3407,4,pv_corrected,all,generating,千瓦
4320,148.8287761876166,255.71395975458125,5.508737629083587,11.814437539782702,642940.3131305038,282483198.201748,11671282.177900001,mlp,3407,4,pv_corrected,0–6h,all,千瓦
2526,246.05990922031236,331.79241252431524,5.325441722824864,11.73609965632085,621547.330690509,278077753.85198975,11671282.177900001,mlp,3407,4,pv_corrected,0–6h,generating,千瓦
4320,161.49509071758376,276.1089250195307,5.976734147204425,13.74864548268883,697658.7918999619,329340118.2139044,11672909.8989,mlp,3407,4,pv_corrected,6–12h,all,千瓦
2529,266.955304323536,358.2033679412003,5.783733194906641,14.577034883146034,675129.9646342224,324495111.94237554,11672909.898899999,mlp,3407,4,pv_corrected,6–12h,generating,千瓦
4320,179.57543143115078,316.40273661664014,6.628575553478725,23.27691340599978,775765.8637825714,432478188.31031555,11703357.0414,mlp,3407,4,pv_corrected,12–18h,all,千瓦
2529,298.3101645091716,411.4001234580801,6.446239342907782,31.32337215304181,754426.406043695,428033405.7391672,11703357.0414,mlp,3407,4,pv_corrected,12–18h,generating,千瓦
4320,206.51012859419046,390.8361817454585,7.599063431644867,-32.148616442973164,892123.7555269027,659892618.5531142,11739917.2089,mlp,3407,4,pv_corrected,18–24h,all,千瓦
2529,344.47482688378045,509.1347932909725,7.420638678172652,-63.198474247317556,871176.8371890808,655562923.243047,11739917.2089,mlp,3407,4,pv_corrected,18–24h,generating,千瓦
17280,125.37453482060184,156.83733931857236,2.85412550180824,2.777053107638888,2166471.9617,425052593.35826117,75906681.76039998,periodic,none,4,load,all,all,千瓦
4320,125.52264460648148,156.91132280144637,2.8573482253218327,2.671280810185186,542257.8247,106363425.12465473,18977659.7719,periodic,none,4,load,0–6h,all,千瓦
4320,125.40727016203702,156.94023227464206,2.855041079333079,3.2532043749999997,541759.4071,106402621.70772836,18975538.0762,periodic,none,4,load,6–12h,all,千瓦
4320,125.06505305555555,156.3634361468631,2.847279867872771,2.90271574074074,540281.0292,105621944.38698588,18975339.7724,periodic,none,4,load,12–18h,all,千瓦
4320,125.50317145833334,157.13331958799688,2.856832031115857,2.281011504629628,542173.7007,106664602.1388922,18978144.1399,periodic,none,4,load,18–24h,all,千瓦
17280,224.43333091435187,434.2004069944416,8.288989044815372,-14.59941943287037,3878207.9582,3257798286.5419173,46787466.3271,periodic,none,4,pv,all,all,千瓦
10113,383.4865766241471,567.5734755683214,8.288971499945676,-24.946719727083952,3878199.7493999996,3257798282.156103,46787466.3271,periodic,none,4,pv,all,generating,千瓦
4320,223.74509905092594,433.96212643515366,8.281685021121778,-12.919097430555553,966578.8279,813555909.4181197,11671282.177900001,periodic,none,4,pv,0–6h,all,千瓦
2526,382.6511384402217,567.5145867242188,8.281667437792295,-22.095230839271572,966576.7757,813555908.3216661,11671282.177900001,periodic,none,4,pv,0–6h,generating,千瓦
4320,223.7499186111111,433.9621425896674,8.280708553152524,-12.903436851851849,966599.6484,813555969.9883841,11672909.8989,periodic,none,4,pv,6–12h,all,千瓦
2529,382.2054551996837,567.1779038112645,8.28069097227494,-22.042269434559106,966597.5962,813555968.8919306,11672909.898899999,periodic,none,4,pv,6–12h,generating,千瓦
4320,224.76172016203705,433.86846960878324,8.29651379228407,-16.459646180555552,970970.6311,813204787.3372843,11703357.0414,periodic,none,4,pv,12–18h,all,千瓦
2529,383.9337994859628,567.055475516722,8.29649625714443,-28.116933056544088,970968.5789,813204786.2408307,11703357.0414,periodic,none,4,pv,12–18h,generating,千瓦
4320,225.47658583333336,435.0078808880962,8.29698228247784,-16.115497268518514,974058.8508000001,817481619.7981291,11739917.2089,periodic,none,4,pv,18–24h,all,千瓦
2529,385.15492234084616,568.5446581859594,8.296964801945707,-27.52906302886516,974056.7986,817481618.7016755,11739917.2089,periodic,none,4,pv,18–24h,generating,千瓦
17280,0.04238943865740741,0.05469228255807246,6.069319616866574,0.00577160300925926,732.4895,51.68872693,12068.7251,periodic,none,4,price,all,all,元/千瓦时
4320,0.04241131944444445,0.05473974161886408,6.068761134627784,0.005684930555555556,183.2169,12.94461783,3019.0165,periodic,none,4,price,0–6h,all,元/千瓦时
4320,0.042462314814814814,0.054795705174361574,6.076759482104044,0.005905046296296297,183.4372,12.9710994,3018.6681,periodic,none,4,price,6–12h,all,元/千瓦时
4320,0.042373425925925925,0.05467307292239735,6.067738176354525,0.005740833333333334,183.0532,12.913105980000001,3016.8276,periodic,none,4,price,12–18h,all,元/千瓦时
4320,0.04231069444444444,0.05456032958858308,6.06401093963867,0.005755601851851852,182.7822,12.85990372,3014.2128999999995,periodic,none,4,price,18–24h,all,元/千瓦时
17280,240.1654678587963,495.08106780854695,8.870023556279266,-32.648794762731505,4150059.2846,4235418956.7783546,46787466.3271,periodic,none,4,pv_corrected,all,all,千瓦
10113,401.6473963215663,645.7072482475008,8.681513315131813,-64.5080924651439,4061860.119,4216492481.493244,46787466.3271,periodic,none,4,pv_corrected,all,generating,千瓦
4320,122.29378353780862,203.2264750152069,4.52657331757179,1.6489839351851747,528309.1448833332,178420320.63550013,11671282.177900001,periodic,none,4,pv_corrected,0–6h,all,千瓦
2526,200.42201047110055,262.30958387004057,4.337706780910782,-5.9063878991818575,506265.99844999996,173804758.73772654,11671282.177900001,periodic,none,4,pv_corrected,0–6h,generating,千瓦
4320,192.95792906635805,331.70195627654925,7.141134993642152,-12.731053750000015,833578.2535666667,475313131.2860199,11672909.8989,periodic,none,4,pv_corrected,6–12h,all,千瓦
2529,320.88631476538814,431.3913806120364,6.952178137844966,-30.468531326611345,811521.4900416667,470643165.34062165,11672909.898899999,periodic,none,4,pv_corrected,6–12h,generating,千瓦
4320,271.73749596836416,487.6695134890513,10.030506447258709,-2.460916944444462,1173905.9825833333,1027389114.9503194,11703357.0414,periodic,none,4,pv_corrected,12–18h,all,千瓦
2529,455.4537224759457,635.8837484108021,9.841983458823698,-12.927908122446322,1151842.4641416667,1022596449.835727,11703357.0414,periodic,none,4,pv_corrected,12–18h,generating,千瓦
4320,373.6726628626543,768.9423336495138,13.750232432158002,-117.05219229166669,1614265.9035666666,2554296389.9065156,11739917.2089,periodic,none,4,pv_corrected,18–24h,all,千瓦
2529,629.5888360485039,1004.0345869495201,13.562533176636041,-208.66002684855675,1592230.1663666666,2549448107.5791693,11739917.2089,periodic,none,4,pv_corrected,18–24h,generating,千瓦
17280,596.3471858217594,1083.9036273576448,13.575721045911916,-0.43061146990739346,10304879.371000001,20301357428.33576,75906681.76039998,yesterday,none,4,load,all,all,千瓦
4320,596.0963353703704,1083.8461720732575,13.569303063452399,-0.8433543055555506,2575136.1688,5074801306.781126,18977659.7719,yesterday,none,4,load,0–6h,all,千瓦
4320,596.2297543981481,1083.8581770633818,13.573857714372684,-0.3684402777777602,2575712.539,5074913727.304519,18975538.0762,yesterday,none,4,load,6–12h,all,千瓦
4320,596.3383888888889,1083.8912882541326,13.576472784677652,0.01886648148146277,2576181.84,5075223802.933839,18975339.7724,yesterday,none,4,load,12–18h,all,千瓦
4320,596.7242646296296,1084.0188633681732,13.583250312554446,-0.5295177777777629,2577848.8232,5076418591.316273,18978144.1399,yesterday,none,4,load,18–24h,all,千瓦
17280,224.43333091435187,434.2004069944416,8.288989044815372,-14.59941943287037,3878207.9582,3257798286.5419173,46787466.3271,yesterday,none,4,pv,all,all,千瓦
10113,383.4865766241471,567.5734755683214,8.288971499945676,-24.946719727083952,3878199.7493999996,3257798282.156103,46787466.3271,yesterday,none,4,pv,all,generating,千瓦
4320,223.74509905092594,433.96212643515366,8.281685021121778,-12.919097430555553,966578.8279,813555909.4181197,11671282.177900001,yesterday,none,4,pv,0–6h,all,千瓦
2526,382.6511384402217,567.5145867242188,8.281667437792295,-22.095230839271572,966576.7757,813555908.3216661,11671282.177900001,yesterday,none,4,pv,0–6h,generating,千瓦
4320,223.7499186111111,433.9621425896674,8.280708553152524,-12.903436851851849,966599.6484,813555969.9883841,11672909.8989,yesterday,none,4,pv,6–12h,all,千瓦
2529,382.2054551996837,567.1779038112645,8.28069097227494,-22.042269434559106,966597.5962,813555968.8919306,11672909.898899999,yesterday,none,4,pv,6–12h,generating,千瓦
4320,224.76172016203705,433.86846960878324,8.29651379228407,-16.459646180555552,970970.6311,813204787.3372843,11703357.0414,yesterday,none,4,pv,12–18h,all,千瓦
2529,383.9337994859628,567.055475516722,8.29649625714443,-28.116933056544088,970968.5789,813204786.2408307,11703357.0414,yesterday,none,4,pv,12–18h,generating,千瓦
4320,225.47658583333336,435.0078808880962,8.29698228247784,-16.115497268518514,974058.8508000001,817481619.7981291,11739917.2089,yesterday,none,4,pv,18–24h,all,千瓦
2529,385.15492234084616,568.5446581859594,8.296964801945707,-27.52906302886516,974056.7986,817481618.7016755,11739917.2089,yesterday,none,4,pv,18–24h,generating,千瓦
17280,0.08448986689814815,0.12354138133984288,12.097258723707279,0.0011250173611111105,1459.9849,263.73553176999997,12068.7251,yesterday,none,4,price,all,all,元/千瓦时
4320,0.08436627314814815,0.12349520961807026,12.072219545669922,0.0010420601851851843,364.4623,65.88460857000001,3019.0165,yesterday,none,4,price,0–6h,all,元/千瓦时
4320,0.08445907407407408,0.12353234692221755,12.086893554147276,0.001119722222222223,364.8632,65.92423998000001,3018.6681,yesterday,none,4,price,6–12h,all,元/千瓦时
4320,0.08447956018518518,0.12351882332372575,12.097201046556322,0.001241504629629629,364.95169999999996,65.90980677,3016.8276,yesterday,none,4,price,12–18h,all,元/千瓦时
4320,0.08465456018518519,0.12361911002521384,12.132776022556339,0.001096782407407405,365.70770000000005,66.01687645,3014.2128999999995,yesterday,none,4,price,18–24h,all,元/千瓦时
17280,240.1654678587963,495.08106780854695,8.870023556279266,-32.648794762731505,4150059.2846,4235418956.7783546,46787466.3271,issued,none,4,pv_corrected,all,all,千瓦
10113,401.6473963215663,645.7072482475008,8.681513315131813,-64.5080924651439,4061860.119,4216492481.493244,46787466.3271,issued,none,4,pv_corrected,all,generating,千瓦
4320,122.29378353780862,203.2264750152069,4.52657331757179,1.6489839351851747,528309.1448833332,178420320.63550013,11671282.177900001,issued,none,4,pv_corrected,0–6h,all,千瓦
2526,200.42201047110055,262.30958387004057,4.337706780910782,-5.9063878991818575,506265.99844999996,173804758.73772654,11671282.177900001,issued,none,4,pv_corrected,0–6h,generating,千瓦
4320,192.95792906635805,331.70195627654925,7.141134993642152,-12.731053750000015,833578.2535666667,475313131.2860199,11672909.8989,issued,none,4,pv_corrected,6–12h,all,千瓦
2529,320.88631476538814,431.3913806120364,6.952178137844966,-30.468531326611345,811521.4900416667,470643165.34062165,11672909.898899999,issued,none,4,pv_corrected,6–12h,generating,千瓦
4320,271.73749596836416,487.6695134890513,10.030506447258709,-2.460916944444462,1173905.9825833333,1027389114.9503194,11703357.0414,issued,none,4,pv_corrected,12–18h,all,千瓦
2529,455.4537224759457,635.8837484108021,9.841983458823698,-12.927908122446322,1151842.4641416667,1022596449.835727,11703357.0414,issued,none,4,pv_corrected,12–18h,generating,千瓦
4320,373.6726628626543,768.9423336495138,13.750232432158002,-117.05219229166669,1614265.9035666666,2554296389.9065156,11739917.2089,issued,none,4,pv_corrected,18–24h,all,千瓦
2529,629.5888360485039,1004.0345869495201,13.562533176636041,-208.66002684855675,1592230.1663666666,2549448107.5791693,11739917.2089,issued,none,4,pv_corrected,18–24h,generating,千瓦
17280,125.37453482060184,156.83733931857236,2.85412550180824,2.777053107638888,2166471.9617,425052593.35826117,75906681.76039998,weekly,none,4,load,all,all,千瓦
4320,125.52264460648148,156.91132280144637,2.8573482253218327,2.671280810185186,542257.8247,106363425.12465473,18977659.7719,weekly,none,4,load,0–6h,all,千瓦
4320,125.40727016203702,156.94023227464206,2.855041079333079,3.2532043749999997,541759.4071,106402621.70772836,18975538.0762,weekly,none,4,load,6–12h,all,千瓦
4320,125.06505305555555,156.3634361468631,2.847279867872771,2.90271574074074,540281.0292,105621944.38698588,18975339.7724,weekly,none,4,load,12–18h,all,千瓦
4320,125.50317145833334,157.13331958799688,2.856832031115857,2.281011504629628,542173.7007,106664602.1388922,18978144.1399,weekly,none,4,load,18–24h,all,千瓦
17280,214.38687630208335,404.1707347682693,7.917943657389793,-74.09569710069444,3704605.2225,2822756823.52916,46787466.3271,weekly,none,4,pv,all,all,千瓦
10113,366.28624443785225,528.3194677383907,7.917190394758438,-126.64155823197864,3704252.79,2822755324.892791,46787466.3271,weekly,none,4,pv,all,generating,千瓦
4320,214.55405944444445,404.3768891651755,7.941488541465212,-75.16150180555555,926873.5368,706409287.880708,11671282.177900001,weekly,none,4,pv,0–6h,all,千瓦
2526,366.8991799287411,528.8243151729664,7.940749905395189,-128.57636425178148,926787.3285,706408924.8596642,11671282.177900001,weekly,none,4,pv,0–6h,generating,千瓦
4320,214.6380291435185,404.39054240161175,7.943488760993335,-75.24429877314815,927236.2859,706456990.5863173,11672909.8989,weekly,none,4,pv,6–12h,all,千瓦
2529,366.6063837485172,528.5284045684737,7.9427285272489785,-128.56627603795965,927147.5445,706456612.0478755,11672909.898899999,weekly,none,4,pv,6–12h,generating,千瓦
4320,214.0812478703704,404.0713667205853,7.902271011030935,-73.2453925,924830.9908,705342251.8228681,11703357.0414,weekly,none,4,pv,12–18h,all,千瓦
2529,365.6552982997232,528.1112496496313,7.901512755090472,-125.15177421905892,924742.2494,705341873.2844265,11703357.0414,weekly,none,4,pv,12–18h,generating,千瓦
4320,214.27416875,403.8438840619908,7.884760961501979,-72.73159532407406,925664.409,704548293.2392666,11739917.2089,weekly,none,4,pv,18–24h,all,千瓦
2529,365.9848428627916,527.8139353000129,7.8840050669039075,-124.274113562673,925575.6675999999,704547914.700825,11739917.2089,weekly,none,4,pv,18–24h,generating,千瓦
17280,0.04238943865740741,0.05469228255807246,6.069319616866574,0.00577160300925926,732.4895,51.68872693,12068.7251,weekly,none,4,price,all,all,元/千瓦时
4320,0.04241131944444445,0.05473974161886408,6.068761134627784,0.005684930555555556,183.2169,12.94461783,3019.0165,weekly,none,4,price,0–6h,all,元/千瓦时
4320,0.042462314814814814,0.054795705174361574,6.076759482104044,0.005905046296296297,183.4372,12.9710994,3018.6681,weekly,none,4,price,6–12h,all,元/千瓦时
4320,0.042373425925925925,0.05467307292239735,6.067738176354525,0.005740833333333334,183.0532,12.913105980000001,3016.8276,weekly,none,4,price,12–18h,all,元/千瓦时
4320,0.04231069444444444,0.05456032958858308,6.06401093963867,0.005755601851851852,182.7822,12.85990372,3014.2128999999995,weekly,none,4,price,18–24h,all,元/千瓦时
17856,162.13906643843018,211.74078616609677,3.6811320197328485,-52.49403564105291,2895155.170324609,800558770.3564827,78648501.4611,mlp,42,5,load,all,all,千瓦
4464,160.20351645271546,208.34323141989188,3.6396012033110954,-49.83950312613757,715148.4974449219,193768410.87834644,19649089.487999998,mlp,42,5,load,0–6h,all,千瓦
4464,161.53616413976744,210.8636983127389,3.6679143242697796,-51.95594400490382,721097.4367199219,198485060.72398543,19659604.1502,mlp,42,5,load,6–12h,all,千瓦
4464,162.05405271293614,211.37149967675037,3.6790359170857427,-52.971277365888916,723409.2913105469,199442194.14867163,19663012.4743,mlp,42,5,load,12–18h,all,千瓦
4464,164.76253244830167,216.3061022827141,3.737905140643491,-55.209418067281305,735499.9448492187,208863104.60547924,19676795.3486,mlp,42,5,load,18–24h,all,千瓦
17856,215.22185037515123,401.27762095260124,7.686209593299128,54.98355586917517,3843001.3602987006,2875239706.4056883,49998654.2606,mlp,42,5,pv,all,all,千瓦
10994,347.32756475355205,511.33270377525145,7.637244048605575,87.07515555774442,3818519.2469005515,2874503706.647499,49998654.2606,mlp,42,5,pv,all,generating,千瓦
4464,211.91116383126618,390.13298633395755,7.550720929073586,50.09558751771619,945971.4353427722,679437526.7234029,12528226.6982,mlp,42,5,pv,0–6h,all,千瓦
2747,342.4499709668818,497.28100391812825,7.5087248411715075,79.49229617121848,940710.0702460243,679301226.1684356,12528226.698199999,mlp,42,5,pv,0–6h,generating,千瓦
4464,211.06683286528926,388.6362508875333,7.519699621292719,46.27891778117229,942202.3419106512,674234236.8894889,12529786.9511,mlp,42,5,pv,6–12h,all,千瓦
2749,340.708516473223,495.1864528221875,7.475048980802221,73.11548157489707,936607.7117848902,674081253.7881479,12529786.9511,mlp,42,5,pv,6–12h,generating,千瓦
4464,216.37873398252245,407.91830503369425,7.734885188549851,57.33288085334133,965914.6684979802,742797741.7480929,12487769.9533,mlp,42,5,pv,12–18h,all,千瓦
2749,349.2021718947195,519.7527838521479,7.687175325366298,90.93346022914494,959956.770538584,742622986.9293363,12487769.9533,mlp,42,5,pv,12–18h,generating,千瓦
4464,221.53067082152717,417.67893195394265,7.941244566866177,66.22683732447086,988912.9145472973,778770201.0447035,12452870.658,mlp,42,5,pv,18–24h,all,千瓦
2749,356.9460510480367,532.1590442407733,7.879666634943161,104.75386744277682,981244.6943310528,778498239.7615793,12452870.658,mlp,42,5,pv,18–24h,generating,千瓦
17856,0.041979049333491066,0.054808293611323895,6.0664309707196935,-0.01139779477173022,749.5779048988164,53.63851421153532,12356.1598,mlp,42,5,price,all,all,元/千瓦时
4464,0.04143089602504553,0.05372629073987742,5.994050330403266,-0.009785219282449948,184.94751985580325,12.885399909596302,3085.5183,mlp,42,5,price,0–6h,all,元/千瓦时
4464,0.04146374575402121,0.053625697577861786,5.9964828286366805,-0.01095076696047406,185.09416104595067,12.83719372733967,3086.7120999999997,mlp,42,5,price,6–12h,all,元/千瓦时
4464,0.041964123171587944,0.05501711669038951,6.062071427056392,-0.011995809200714512,187.3278458379686,13.51200628751645,3090.1623,mlp,42,5,price,12–18h,all,元/千瓦时
4464,0.04305743238330956,0.056803902225448254,6.212761722079656,-0.012859383643282356,192.20837815909385,14.403914287082905,3093.7671,mlp,42,5,price,18–24h,all,元/千瓦时
17856,179.40374156601538,320.69411830563826,6.407038862898244,36.911623216289264,3203433.2094027707,1836395275.9626734,49998654.2606,mlp,42,5,pv_corrected,all,all,千瓦
10994,288.9003464258925,408.2425954796237,6.35251179372072,57.47054241891507,3176170.4086062624,1832282212.3027525,49998654.2606,mlp,42,5,pv_corrected,all,generating,千瓦
4464,147.67219172482234,255.51162660440994,5.261787479901837,20.773127539661367,659208.663859607,291437558.09726024,12528226.6982,mlp,42,5,pv_corrected,0–6h,all,千瓦
2747,237.47240044838955,325.1400636803947,5.206935504491239,31.255646708834178,652336.6840317261,290402019.59472024,12528226.698199999,mlp,42,5,pv_corrected,0–6h,generating,千瓦
4464,164.5745414449904,286.2164420084557,5.863314004281141,37.97657347651929,734660.7530104371,365690217.88157344,12529786.9511,mlp,42,5,pv_corrected,6–12h,all,千瓦
2749,264.7772466010367,364.225117404369,5.809138285805806,59.19946231174795,727872.65090625,364682164.4714743,12529786.9511,mlp,42,5,pv_corrected,6–12h,generating,千瓦
4464,189.59206253450319,337.60246723486944,6.777342714664358,58.04668153496609,846338.9671540222,508786301.1420293,12487769.9533,mlp,42,5,pv_corrected,12–18h,all,千瓦
2749,305.39095299822276,429.77615199589707,6.722735387756435,91.77924663884346,839519.7297921143,507761029.72627676,12487769.9533,mlp,42,5,pv_corrected,12–18h,generating,千瓦
4464,215.7761705597457,387.5530946518691,7.73496209695158,30.850110314010298,963224.8253787048,670481198.8418102,12452870.658,mlp,42,5,pv_corrected,18–24h,all,千瓦
2749,347.9233699076653,493.4776475361184,7.6804888619134,47.62874170214952,956441.3438761719,669436998.5102813,12452870.658,mlp,42,5,pv_corrected,18–24h,generating,千瓦
17856,162.8151462620889,212.68563159720352,3.6964814302199906,-51.56734362182618,2907227.2516558594,807719336.3663669,78648501.4611,mlp,2026,5,load,all,all,千瓦
4464,160.81177852096283,209.19883032483452,3.6534200719885193,-48.72051180756818,717863.7793175781,195363168.31982103,19649089.487999998,mlp,2026,5,load,0–6h,all,千瓦
4464,162.31157368566588,211.75784485731134,3.6855211295057613,-50.971548714542735,724558.8649328125,200171942.00884902,19659604.1502,mlp,2026,5,load,6–12h,all,千瓦
4464,162.85122651437192,212.50930598894175,3.697133773933774,-52.21565627957689,726967.8751601563,201595155.70880908,19663012.4743,mlp,2026,5,load,12–18h,all,千瓦
4464,165.28600632735495,217.1979994194508,3.7497809941790616,-54.361657685616876,737836.7322453125,210589070.3288877,19676795.3486,mlp,2026,5,load,18–24h,all,千瓦
17856,217.68685538554993,404.19127698893084,7.774242221610015,65.41300505026678,3887016.48976438,2917145226.3622394,49998654.2606,mlp,2026,5,pv,all,all,千瓦
10994,350.8118539865068,515.0135209076824,7.713858662325869,103.49496553946149,3856825.5227276552,2916036760.3346996,49998654.2606,mlp,2026,5,pv,all,generating,千瓦
4464,213.91653673620803,391.4908581451299,7.622175452234049,60.77458967150685,954923.4199904327,684175370.7380424,12528226.6982,mlp,2026,5,pv,0–6h,all,千瓦
2747,344.8102512098853,498.95540653148606,7.560477495267895,95.94761863004324,947193.7600735549,683883499.2011304,12528226.698199999,mlp,2026,5,pv,0–6h,generating,千瓦
4464,213.86324540603323,389.9537001842763,7.619327696619134,54.04693990056369,954685.5274925324,678813197.3149912,12529786.9511,mlp,2026,5,pv,6–12h,all,千瓦
2749,343.8428456732158,496.77421457564685,7.54381528149358,84.32302472872104,945223.9827556702,678410921.1146725,12529786.9511,mlp,2026,5,pv,6–12h,generating,千瓦
4464,219.61436054649286,411.3258227101142,7.850549050356873,68.67269765059562,980358.5054795442,755259394.359272,12487769.9533,mlp,2026,5,pv,12–18h,all,千瓦
2749,353.7770047625678,524.0630376193086,7.787883583131661,108.66838956893916,972532.9860922989,754991043.2792375,12487769.9533,mlp,2026,5,pv,12–18h,generating,千瓦
4464,223.35327885346567,423.0418901822839,8.006579881734694,78.15779297840093,997049.0368018708,798897263.9499339,12452870.658,mlp,2026,5,pv,18–24h,all,千瓦
2749,360.81294791056087,539.0368034036882,7.965029277558018,125.0353382538533,991874.7938061318,798751296.7396587,12452870.658,mlp,2026,5,pv,18–24h,generating,千瓦
17856,0.041876101733402,0.05466351599479245,6.051553918488706,-0.011879742796643968,747.7396725516261,53.355513259181286,12356.1598,mlp,2026,5,price,all,all,元/千瓦时
4464,0.041277157523069125,0.053471141061065396,5.971808081092261,-0.010368929418862721,184.26123118298057,12.763303303326188,3085.5183,mlp,2026,5,price,0–6h,all,元/千瓦时
4464,0.0412364686388509,0.05336939857035,5.9636140346173026,-0.01110609719133986,184.07959600383043,12.714778629588555,3086.7120999999997,mlp,2026,5,price,6–12h,all,元/千瓦时
4464,0.042073529726186755,0.055105570915863496,6.077876126367139,-0.012772105359246014,187.81623669769766,13.555489294779997,3090.1623,mlp,2026,5,price,12–18h,all,元/千瓦时
4464,0.042917251045501204,0.0566420369297859,6.192534941208645,-0.013271839217127277,191.58260866711737,14.321942031486547,3093.7671,mlp,2026,5,price,18–24h,all,元/千瓦时
17856,184.44244961855182,326.51873318483086,6.5869860481107665,61.23307578501172,3293404.3803888615,1903708210.6019118,49998654.2606,mlp,2026,5,pv_corrected,all,all,千瓦
10994,296.9618867880244,415.6274763923316,6.529773714170286,96.85031873529637,3264798.9833475403,1899171713.2600458,49998654.2606,mlp,2026,5,pv_corrected,all,generating,千瓦
4464,154.31879956073692,265.1322309855541,5.49861634718108,48.187231455275835,688879.1212391296,313797325.98653185,12528226.6982,mlp,2026,5,pv_corrected,0–6h,all,千瓦
2747,248.27345458505337,337.4252981971582,5.443764677750679,75.80482698302266,682007.1797451416,312761970.1288728,12528226.698199999,mlp,2026,5,pv_corrected,0–6h,generating,千瓦
4464,171.86035581823646,294.58898731266623,6.122886457421016,55.35139453953022,767184.6283726075,387397845.3345076,12529786.9511,mlp,2026,5,pv_corrected,6–12h,all,千瓦
2749,276.4016158964766,374.8172411205314,6.064173677212511,87.2069985271988,759828.0420994142,386201413.69907683,12529786.9511,mlp,2026,5,pv_corrected,6–12h,generating,千瓦
4464,194.85022885627885,345.4172138307814,6.9653062545772935,81.94500888472798,869811.4216144287,532613462.3898067,12487769.9533,mlp,2026,5,pv_corrected,12–18h,all,千瓦
2749,313.7507485017368,439.6824404533068,6.9067640648148805,130.40811410631923,862500.8076312743,531438462.5697401,12487769.9533,mlp,2026,5,pv_corrected,12–18h,generating,千瓦
4464,216.74041423895505,387.3849629484964,7.7695274907648155,59.44866826051281,967529.2091626953,669899576.891066,12452870.658,mlp,2026,5,pv_corrected,18–24h,all,千瓦
2749,349.38630551899246,493.2316971195364,7.712783503895848,93.96602394468682,960462.9538717102,668769866.8623564,12452870.658,mlp,2026,5,pv_corrected,18–24h,generating,千瓦
17856,161.2786134564581,210.62282702490134,3.6615966844617844,-48.350302989038184,2879790.9218785157,792127430.3132968,78648501.4611,mlp,3407,5,load,all,all,千瓦
4464,159.34840855708515,207.12189615448995,3.6201743405629516,-46.635219770752826,711331.2957988281,191503278.1246422,19649089.487999998,mlp,3407,5,load,0–6h,all,千瓦
4464,160.62989563679577,209.76373247120586,3.6473361754608966,-48.492280431997656,717051.8541226563,196419675.92656326,19659604.1502,mlp,3407,5,load,6–12h,all,千瓦
4464,161.0833086655046,210.40436315108624,3.6569975776736188,-48.72556475746948,719075.8898828125,197621262.29137528,19663012.4743,mlp,3407,5,load,12–18h,all,千瓦
4464,164.05284096644684,215.12229474405703,3.7218046389160824,-49.54814699593274,732331.8820742187,206583213.97071612,19676795.3486,mlp,3407,5,load,18–24h,all,千瓦
17856,209.01892533538665,394.7049195203927,7.464684771985453,17.24699380543228,3732241.930788664,2781821478.701716,49998654.2606,mlp,3407,5,pv,all,all,千瓦
10994,338.81420405038807,503.0062036127496,7.450047235101855,27.346166084327947,3724923.3593299664,2781649558.156782,49998654.2606,mlp,3407,5,pv,all,generating,千瓦
4464,205.9975443152745,383.82115728429267,7.340009563807665,11.869067657684365,919573.0378233853,657630590.9976959,12528226.6982,mlp,3407,5,pv,0–6h,all,千瓦
2747,333.6744190176879,489.25447282645445,7.316307815321399,18.20681079071944,916603.6290415886,657549222.9293605,12528226.698199999,mlp,3407,5,pv,0–6h,generating,千瓦
4464,206.42196938470553,384.42854516709195,7.354216595457987,14.82000966216037,921467.6713333256,659713607.4985766,12529786.9511,mlp,3407,5,pv,6–12h,all,千瓦
2749,334.40445225954335,489.859206997636,7.336739585829755,23.26907641325686,919277.8392614847,659655655.32829,12529786.9511,mlp,3407,5,pv,6–12h,generating,千瓦
4464,210.50477265776047,401.02959014300285,7.524908840076131,19.45410899815757,939693.3051442427,717921604.4080622,12487769.9533,mlp,3407,5,pv,12–18h,all,千瓦
2749,341.17157070255513,511.0246542452145,7.51039337983225,30.931424257859838,937880.647861324,717890896.2304664,12487769.9533,mlp,3407,5,pv,12–18h,generating,千瓦
4464,213.15141498380606,408.9488656125522,7.640872073753055,22.8447889037268,951507.9164877103,746555675.7973813,12452870.658,mlp,3407,5,pv,18–24h,all,千瓦
2749,346.00263483651116,521.126526784421,7.638088190970828,36.97070365372691,951161.2431655693,746553783.6686647,12452870.658,mlp,3407,5,pv,18–24h,generating,千瓦
17856,0.04152635803943813,0.05425989940035292,6.001012136086224,-0.009324786196081602,741.4946491522073,52.5705046105127,12356.1598,mlp,3407,5,price,all,all,元/千瓦时
4464,0.040929259911887214,0.05300975469537546,5.921475696535798,-0.00791636480783316,182.70821624666453,12.54399219054436,3085.5183,mlp,3407,5,price,0–6h,all,元/千瓦时
4464,0.04086955912373559,0.05294104082102475,5.910551616665374,-0.008637456742620703,182.4417119283557,12.511492977544657,3086.7120999999997,mlp,3407,5,price,6–12h,all,元/千瓦时
4464,0.04167502344787841,0.05475621762881743,6.020308534322914,-0.009629797245096081,186.03730467132925,13.384158399280356,3090.1623,mlp,3407,5,price,12–18h,all,元/千瓦时
4464,0.042631589674251326,0.05626291377678525,6.1513168300825845,-0.011115525988776463,190.3074163058579,14.13086104314333,3093.7671,mlp,3407,5,price,18–24h,all,元/千瓦时
17856,182.70181319255212,325.49939575529186,6.524822766953931,37.860493931136595,3262323.576366211,1891840640.1113453,49998654.2606,mlp,3407,5,pv_corrected,all,all,千瓦
10994,294.22624070698384,414.36267056365824,6.469620709134987,58.98096176102826,3234723.2903325805,1887630471.7865744,49998654.2606,mlp,3407,5,pv_corrected,all,generating,千瓦
4464,151.60132776189414,261.4013539628992,5.401788644408292,33.97401614689844,676748.3271290954,305028101.2986352,12528226.6982,mlp,3407,5,pv_corrected,0–6h,all,千瓦
2747,243.86181350937085,332.6623268036962,5.347032886996596,52.712079599891105,669888.4017102417,303994622.4337119,12528226.698199999,mlp,3407,5,pv_corrected,0–6h,generating,千瓦
4464,168.00427083255536,292.222940173081,5.985505323621537,37.42781732573013,749971.0649965272,381199917.55181795,12529786.9511,mlp,3407,5,pv_corrected,6–12h,all,千瓦
2749,270.3288782888513,371.88374225345365,5.930939522884799,58.290577650630944,743134.0864160522,380179876.3014387,12529786.9511,mlp,3407,5,pv_corrected,6–12h,generating,千瓦
4464,193.45856872696552,342.7195801939213,6.915558614762604,54.88183773471873,863599.0507971741,524326756.3340007,12487769.9533,mlp,3407,5,pv_corrected,12–18h,all,千瓦
2749,311.63577925372186,436.29073377347436,6.86020610863427,86.60612223320909,856686.7571684815,523271062.4312643,12487769.9533,mlp,3407,5,pv_corrected,12–18h,generating,千瓦
4464,217.74308544879355,390.66328376609164,7.80547040227208,25.158304517199063,972005.1334434144,681285864.9268916,12452870.658,mlp,3407,5,pv_corrected,18–24h,all,千瓦
2749,351.04184977730273,497.4233026533956,7.749330026308905,38.31050671486632,965014.0450378052,680184910.6201593,12452870.658,mlp,3407,5,pv_corrected,18–24h,generating,千瓦
17856,162.05360642921147,211.71151318849724,3.6791917743419504,-27.7049766017025,2893629.1964,800337432.5645533,78648501.4611,periodic,none,5,load,all,all,千瓦
4464,160.47889072580645,208.9597622638824,3.645857324012408,-25.0791732078853,716377.7682,194916909.54336852,19649089.487999998,periodic,none,5,load,0–6h,all,千瓦
4464,161.78695217293907,211.1564738475344,3.6736088325189034,-27.29004854390681,722216.9545,199036619.98264205,19659604.1502,periodic,none,5,load,6–12h,all,千瓦
4464,161.81447007168458,211.23133263533322,3.6735967865763923,-28.02178140681003,722339.7944,199177769.1591162,19663012.4743,periodic,none,5,load,12–18h,all,千瓦
4464,164.13411274641575,215.44638471381094,3.723648420992146,-30.428903248207888,732694.6793,207206133.87942636,19676795.3486,periodic,none,5,load,18–24h,all,千瓦
17856,236.2136268873208,446.9742739583889,8.43588809353963,8.950069080421146,4217830.5217,3567378844.2237096,49998654.2606,periodic,none,5,pv,all,all,千瓦
10994,383.64807310351097,569.6351102800794,8.435880881345515,14.536003956703658,4217826.9157,3567378842.5485973,49998654.2606,periodic,none,5,pv,all,generating,千瓦
4464,234.1580391801075,440.00943775337873,8.343411338894285,4.081821572580644,1045281.4868999999,864267474.9129665,12528226.6982,periodic,none,5,pv,0–6h,all,千瓦
2747,380.51714066254095,560.9120305074885,8.34340414314327,6.632817619220969,1045280.5854,864267474.4941885,12528226.698199999,periodic,none,5,pv,0–6h,generating,千瓦
4464,234.22470920698922,440.0173701404258,8.344747647989399,4.154380577956988,1045579.1018999999,864298636.8169235,12529786.9511,periodic,none,5,pv,6–12h,all,千瓦
2749,380.34856325936704,560.7180594852148,8.344740453134424,6.745817897417241,1045578.2004,864298636.3981456,12529786.9511,periodic,none,5,pv,6–12h,generating,千瓦
4464,236.75132231182792,451.18052741186824,8.46314359371039,11.047105555555557,1056857.9027999998,908709108.1610688,12487769.9533,periodic,none,5,pv,12–18h,all,千瓦
2749,384.45143735903963,574.9433703723037,8.463136374647233,17.938660494725347,1056857.0013,908709107.7422906,12487769.9533,periodic,none,5,pv,12–18h,generating,千瓦
4464,239.72043685035845,456.4608928150616,8.593295951504453,16.516968615591395,1070112.0301,930103624.3327512,12452870.658,periodic,none,5,pv,18–24h,all,千瓦
2749,389.2728732630047,581.6721871067388,8.593288712209798,26.820969952710076,1070111.1286,930103623.9139731,12452870.658,periodic,none,5,pv,18–24h,generating,千瓦
17856,0.04572623767921147,0.05949708048976484,6.607940599797034,-0.004087662410394266,816.4877,63.20850059,12356.1598,periodic,none,5,price,all,all,元/千瓦时
4464,0.04532591845878136,0.05865098590306418,6.557566033557474,-0.0031336245519713256,202.3349,15.35588389,3085.5183,periodic,none,5,price,0–6h,all,元/千瓦时
4464,0.04526458333333334,0.058623295899604765,6.546159585145632,-0.0034653897849462366,202.0611,15.341387830000002,3086.7120999999997,periodic,none,5,price,6–12h,all,元/千瓦时
4464,0.0458472894265233,0.05989720796459051,6.6230275348320715,-0.0045450492831541215,204.66230000000002,16.01538353,3090.1623,periodic,none,5,price,12–18h,all,元/千瓦时
4464,0.046467159498207886,0.06078902742876191,6.704751627877871,-0.005206586021505376,207.42940000000002,16.495845340000002,3093.7671,periodic,none,5,price,18–24h,all,元/千瓦时
17856,238.8676746378435,480.8209546378523,8.530671997894988,-53.3806808075717,4265221.198333333,4128107041.7190857,49998654.2606,periodic,none,5,pv_corrected,all,all,千瓦
10994,385.4883475827724,612.4607575088742,8.476345925703605,-89.16934159617368,4238058.893325,4123939325.294854,49998654.2606,periodic,none,5,pv_corrected,all,generating,千瓦
4464,123.38743061902629,208.2265055326012,4.396484063961503,-19.400168794802862,550801.4902833333,193551351.23460537,12528226.6982,periodic,none,5,pv_corrected,0–6h,all,千瓦
2747,198.01813646098776,264.73292437144676,4.341842097545111,-34.01821002002183,543955.8208583334,192519432.86347115,12528226.698199999,periodic,none,5,pv_corrected,0–6h,generating,千瓦
4464,181.39956296296296,318.5815964320217,6.462740765082016,-29.33441207437277,809767.6490666666,453070258.7242236,12529786.9511,periodic,none,5,pv_corrected,6–12h,all,千瓦
2749,292.0919935218867,405.505800745861,6.4084161472607795,-50.111158375773016,802960.8901916665,452031689.75155175,12529786.9511,periodic,none,5,pv_corrected,6–12h,generating,千瓦
4464,257.5398879032258,455.2468354641762,9.206271927648645,-36.73985230734768,1149658.0596,925162576.8774549,12487769.9533,periodic,none,5,pv_corrected,12–18h,all,千瓦
2749,415.75066349581664,579.8050884639418,9.152143082584406,-62.11938390323756,1142898.5739499999,924142162.7332597,12487769.9533,periodic,none,5,pv_corrected,12–18h,generating,千瓦
4464,393.1438170661589,756.7383757176465,14.09308783156666,-128.04829005376348,1754993.9993833331,2556322854.882802,12452870.658,periodic,none,5,pv_corrected,18–24h,all,千瓦
2749,635.9562052837396,964.1153379382515,14.038880321959253,-210.3884895810598,1748243.608325,2555246039.946572,12452870.658,periodic,none,5,pv_corrected,18–24h,generating,千瓦
17856,679.146240669803,1162.2994720456024,15.419029031847485,33.39855080645159,12126835.273400001,24122385759.88344,78648501.4611,yesterday,none,5,load,all,all,千瓦
4464,656.5027004480287,1136.521393748894,14.914828784253743,57.6674034050179,2930628.0548,5766063441.396018,19649089.487999998,yesterday,none,5,load,0–6h,all,千瓦
4464,665.3898697580646,1142.261928225495,15.10864794584271,47.86109345878138,2970300.3786000004,5824458963.774174,19659604.1502,yesterday,none,5,load,6–12h,all,千瓦
4464,685.382844108423,1167.176756510859,15.559920028016558,26.326140344982115,3059549.0161,6081314257.312628,19663012.4743,yesterday,none,5,load,12–18h,all,千瓦
4464,709.3095483646954,1202.087966335402,16.091836947042733,1.7395660170251017,3166357.8239,6450549097.400619,19676795.3486,yesterday,none,5,load,18–24h,all,千瓦
17856,236.2136268873208,446.9742739583889,8.43588809353963,8.950069080421146,4217830.5217,3567378844.2237096,49998654.2606,yesterday,none,5,pv,all,all,千瓦
10994,383.64807310351097,569.6351102800794,8.435880881345515,14.536003956703658,4217826.9157,3567378842.5485973,49998654.2606,yesterday,none,5,pv,all,generating,千瓦
4464,234.1580391801075,440.00943775337873,8.343411338894285,4.081821572580644,1045281.4868999999,864267474.9129665,12528226.6982,yesterday,none,5,pv,0–6h,all,千瓦
2747,380.51714066254095,560.9120305074885,8.34340414314327,6.632817619220969,1045280.5854,864267474.4941885,12528226.698199999,yesterday,none,5,pv,0–6h,generating,千瓦
4464,234.22470920698922,440.0173701404258,8.344747647989399,4.154380577956988,1045579.1018999999,864298636.8169235,12529786.9511,yesterday,none,5,pv,6–12h,all,千瓦
2749,380.34856325936704,560.7180594852148,8.344740453134424,6.745817897417241,1045578.2004,864298636.3981456,12529786.9511,yesterday,none,5,pv,6–12h,generating,千瓦
4464,236.75132231182792,451.18052741186824,8.46314359371039,11.047105555555557,1056857.9027999998,908709108.1610688,12487769.9533,yesterday,none,5,pv,12–18h,all,千瓦
2749,384.45143735903963,574.9433703723037,8.463136374647233,17.938660494725347,1056857.0013,908709107.7422906,12487769.9533,yesterday,none,5,pv,12–18h,generating,千瓦
4464,239.72043685035845,456.4608928150616,8.593295951504453,16.516968615591395,1070112.0301,930103624.3327512,12452870.658,yesterday,none,5,pv,18–24h,all,千瓦
2749,389.2728732630047,581.6721871067388,8.593288712209798,26.820969952710076,1070111.1286,930103623.9139731,12452870.658,yesterday,none,5,pv,18–24h,generating,千瓦
17856,0.0879468974014337,0.12641042733537808,12.709286909675612,0.0025478046594982085,1570.3798000000002,285.33166866,12356.1598,yesterday,none,5,price,all,all,元/千瓦时
4464,0.08571048387096775,0.12312058115717407,12.400237587312317,0.005260887096774195,382.6116,67.66833638,3085.5183,yesterday,none,5,price,0–6h,all,元/千瓦时
4464,0.08649195788530466,0.12378200669504277,12.508458433813768,0.004186850358422939,386.1001,68.39734185,3086.7120999999997,yesterday,none,5,price,6–12h,all,元/千瓦时
4464,0.08863252688172044,0.12740669495147727,12.803715843662971,0.001659722222222222,395.65560000000005,72.46172786000001,3090.1623,yesterday,none,5,price,12–18h,all,元/千瓦时
4464,0.09095262096774193,0.13116880708484366,13.123563826119943,-0.0009162410394265248,406.0125,76.80426256999999,3093.7671,yesterday,none,5,price,18–24h,all,元/千瓦时
17856,238.8676746378435,480.8209546378523,8.530671997894988,-53.3806808075717,4265221.198333333,4128107041.7190857,49998654.2606,issued,none,5,pv_corrected,all,all,千瓦
10994,385.4883475827724,612.4607575088742,8.476345925703605,-89.16934159617368,4238058.893325,4123939325.294854,49998654.2606,issued,none,5,pv_corrected,all,generating,千瓦
4464,123.38743061902629,208.2265055326012,4.396484063961503,-19.400168794802862,550801.4902833333,193551351.23460537,12528226.6982,issued,none,5,pv_corrected,0–6h,all,千瓦
2747,198.01813646098776,264.73292437144676,4.341842097545111,-34.01821002002183,543955.8208583334,192519432.86347115,12528226.698199999,issued,none,5,pv_corrected,0–6h,generating,千瓦
4464,181.39956296296296,318.5815964320217,6.462740765082016,-29.33441207437277,809767.6490666666,453070258.7242236,12529786.9511,issued,none,5,pv_corrected,6–12h,all,千瓦
2749,292.0919935218867,405.505800745861,6.4084161472607795,-50.111158375773016,802960.8901916665,452031689.75155175,12529786.9511,issued,none,5,pv_corrected,6–12h,generating,千瓦
4464,257.5398879032258,455.2468354641762,9.206271927648645,-36.73985230734768,1149658.0596,925162576.8774549,12487769.9533,issued,none,5,pv_corrected,12–18h,all,千瓦
2749,415.75066349581664,579.8050884639418,9.152143082584406,-62.11938390323756,1142898.5739499999,924142162.7332597,12487769.9533,issued,none,5,pv_corrected,12–18h,generating,千瓦
4464,393.1438170661589,756.7383757176465,14.09308783156666,-128.04829005376348,1754993.9993833331,2556322854.882802,12452870.658,issued,none,5,pv_corrected,18–24h,all,千瓦
2749,635.9562052837396,964.1153379382515,14.038880321959253,-210.3884895810598,1748243.608325,2555246039.946572,12452870.658,issued,none,5,pv_corrected,18–24h,generating,千瓦
17856,162.05360642921147,211.71151318849724,3.6791917743419504,-27.7049766017025,2893629.1964,800337432.5645533,78648501.4611,weekly,none,5,load,all,all,千瓦
4464,160.47889072580645,208.9597622638824,3.645857324012408,-25.0791732078853,716377.7682,194916909.54336852,19649089.487999998,weekly,none,5,load,0–6h,all,千瓦
4464,161.78695217293907,211.1564738475344,3.6736088325189034,-27.29004854390681,722216.9545,199036619.98264205,19659604.1502,weekly,none,5,load,6–12h,all,千瓦
4464,161.81447007168458,211.23133263533322,3.6735967865763923,-28.02178140681003,722339.7944,199177769.1591162,19663012.4743,weekly,none,5,load,12–18h,all,千瓦
4464,164.13411274641575,215.44638471381094,3.723648420992146,-30.428903248207888,732694.6793,207206133.87942636,19676795.3486,weekly,none,5,load,18–24h,all,千瓦
17856,264.1108638216846,484.8742059864248,9.432181033952906,14.608998655913977,4715963.5844,4197999089.9865274,49998654.2606,weekly,none,5,pv,all,all,千瓦
10994,428.9387277424049,617.9356785857602,9.43175859938317,23.708119738038924,4715752.3728,4197998464.5444684,49998654.2606,weekly,none,5,pv,all,generating,千瓦
4464,258.71546225358423,470.16030441739434,9.218430120409073,6.961698051075264,1154905.8235,986770377.6977613,12528226.6982,weekly,none,5,pv,0–6h,all,千瓦
2747,420.4038651619948,599.347481108825,9.21797988989075,11.292542482708418,1154849.4175999998,986770206.3472722,12528226.698199999,weekly,none,5,pv,0–6h,generating,千瓦
4464,258.6481929211469,470.1463534182486,9.214885597864345,7.122758870967746,1154605.5332,986711817.9753761,12529786.9511,weekly,none,5,pv,6–12h,all,千瓦
2749,419.99051702437254,599.1116458028522,9.214473764046252,11.54761502364496,1154553.9313,986711666.6115197,12529786.9511,weekly,none,5,pv,6–12h,generating,千瓦
4464,266.9141048611111,493.7559279243069,9.541371826641752,19.0525188844086,1191504.5641,1088300506.6327958,12487769.9533,weekly,none,5,pv,12–18h,all,千瓦
2749,433.41322742815566,629.1975393850365,9.540958607146253,30.919913568570387,1191452.9622,1088300355.2689393,12487769.9533,weekly,none,5,pv,12–18h,generating,千瓦
4464,272.165695250896,504.50843469771314,9.7563661983391,25.299018817204292,1214947.6635999999,1136216387.6805942,12452870.658,weekly,none,5,pv,18–24h,all,千瓦
2749,441.9410919243361,642.8995556087605,9.75595182079181,41.063375081847944,1214896.0617,1136216236.3167377,12452870.658,weekly,none,5,pv,18–24h,generating,千瓦
17856,0.04572623767921147,0.05949708048976484,6.607940599797034,-0.004087662410394266,816.4877,63.20850059,12356.1598,weekly,none,5,price,all,all,元/千瓦时
4464,0.04532591845878136,0.05865098590306418,6.557566033557474,-0.0031336245519713256,202.3349,15.35588389,3085.5183,weekly,none,5,price,0–6h,all,元/千瓦时
4464,0.04526458333333334,0.058623295899604765,6.546159585145632,-0.0034653897849462366,202.0611,15.341387830000002,3086.7120999999997,weekly,none,5,price,6–12h,all,元/千瓦时
4464,0.0458472894265233,0.05989720796459051,6.6230275348320715,-0.0045450492831541215,204.66230000000002,16.01538353,3090.1623,weekly,none,5,price,12–18h,all,元/千瓦时
4464,0.046467159498207886,0.06078902742876191,6.704751627877871,-0.005206586021505376,207.42940000000002,16.495845340000002,3093.7671,weekly,none,5,price,18–24h,all,元/千瓦时
17280,208.41495281797054,285.2342473390649,4.335726476518181,-89.78715171138057,3601410.384694531,1405876190.7758312,83063597.3971,mlp,42,6,load,all,all,千瓦
4320,204.34871714418765,279.12498433891716,4.256934469852547,-86.87864146384909,882786.4580628906,336574469.73110723,20737609.7592,mlp,42,6,load,0–6h,all,千瓦
4320,207.0637901118526,283.69579855866,4.309431877817663,-89.20117816017432,894515.5732832032,347687882.4376906,20757157.7564,mlp,42,6,load,6–12h,all,千瓦
4320,210.02434538727937,287.1585576187665,4.36798602543693,-91.20445506573711,907305.1720730469,356227360.7631427,20771705.009800002,mlp,42,6,load,12–18h,all,千瓦
4320,212.22295862856262,290.8267580615724,4.408316952132861,-91.86433215576173,916803.1812753906,365386477.84389085,20797124.8717,mlp,42,6,load,18–24h,all,千瓦
17280,228.90209908507182,434.84367690898415,9.64766869103525,56.668922896825926,3955428.2721900414,3267458323.4486876,40998798.76539999,mlp,42,6,pv,all,all,千瓦
11063,357.53379531619754,543.4612223467307,9.647590897031744,88.51189487934595,3955396.3775830935,3267458158.4528894,40998798.7654,mlp,42,6,pv,all,generating,千瓦
4320,231.9551285947409,443.03609750282277,9.787852494821143,69.05878161558516,1002046.1555292807,847933849.5430925,10237650.7621,mlp,42,6,pv,0–6h,all,千瓦
2765,362.4031877367306,553.775092172063,9.787839391842232,107.89605610926124,1002044.8140920602,847933847.7436388,10237650.7621,mlp,42,6,pv,0–6h,generating,千瓦
4320,231.04188487137813,442.6415370865913,9.748809759140071,66.2294879959391,998100.9426443535,846424211.1309224,10238182.581300002,mlp,42,6,pv,6–12h,all,千瓦
2766,360.84117205273833,553.1818522537898,9.748670469316258,103.43352400433041,998086.6818978742,846424107.1596746,10238182.581300002,mlp,42,6,pv,6–12h,generating,千瓦
4320,226.63404673805806,427.993116183816,9.549995369961833,52.00983139062515,979059.0819084109,791329424.4031684,10251932.5296,mlp,42,6,pv,12–18h,all,千瓦
2766,353.9606166295594,534.875328167935,9.549956193825647,81.22865339712625,979055.0655973613,791329411.7445036,10251932.529599998,mlp,42,6,pv,12–18h,generating,千瓦
4320,225.97733613611035,425.40036653164225,9.504614602396487,39.37759058515426,976222.0921079967,781770838.371504,10271032.8924,mlp,42,6,pv,18–24h,all,千瓦
2766,352.9319652913224,531.6350826468228,9.50449508070546,61.496354018679526,976209.8159957977,781770791.805073,10271032.8924,mlp,42,6,pv,18–24h,generating,千瓦
17280,0.04534565797759427,0.060575437154905404,5.913061414330899,-0.014584525042606726,783.5729698528289,63.40694837485641,13251.561500000002,mlp,42,6,price,all,all,元/千瓦时
4320,0.04571850046294432,0.06132231871085346,5.966325459035265,-0.014397899355731075,197.50392199991944,16.24504365536611,3310.3109000000004,mlp,42,6,price,0–6h,all,元/千瓦时
4320,0.04566430712611587,0.061176759330982274,5.956616296360976,-0.01522195036738007,197.26980678482056,16.168014211280802,3311.7763,mlp,42,6,price,6–12h,all,元/千瓦时
4320,0.045101719208980595,0.060004743703896996,5.880120841087794,-0.01463511498281525,194.83942698279617,15.554459233311983,3313.5276,mlp,42,6,price,12–18h,all,元/千瓦时
4320,0.0448981051123363,0.0597824591727774,5.849304335479603,-0.014083135464500497,193.9598140852928,15.43943127489752,3315.9467,mlp,42,6,price,18–24h,all,元/千瓦时
17280,176.3571540586135,326.9302149581505,7.433026610293444,55.084873779777226,3047451.6221328415,1846944555.0206254,40998798.76539999,mlp,42,6,pv_corrected,all,all,千瓦
11063,274.7300112565824,408.54653495851875,7.413236987559136,85.3071600210865,3039338.114531571,1846528330.5800104,40998798.7654,mlp,42,6,pv_corrected,all,generating,千瓦
4320,152.37552289504524,278.1458901373185,6.429817486483288,39.58819887689701,658262.2589065954,334217388.38521504,10237650.7621,mlp,42,6,pv_corrected,0–6h,all,千瓦
2765,237.34294160023452,347.6181481900973,6.410193595918625,61.12549503300114,656253.2335246485,334118112.26982594,10237650.7621,mlp,42,6,pv_corrected,0–6h,generating,千瓦
4320,174.69706362183572,322.911808047291,7.3713406540021165,52.4494441669481,754691.3148463303,450455194.5539206,10238182.581300002,mlp,42,6,pv_corrected,6–12h,all,千瓦
2766,272.06773333850305,403.5035437809776,7.350321645843759,81.13869644583691,752539.3504142994,450346593.82797104,10238182.581300002,mlp,42,6,pv_corrected,6–12h,generating,千瓦
4320,178.07913015170595,318.5812031345,7.503969032513576,65.03428690990107,769301.8422553698,438454006.51950234,10251932.5296,mlp,42,6,pv_corrected,12–18h,all,千瓦
2766,277.34769302404055,398.0902848448825,7.482918139478118,100.79175563987674,767143.7189044962,438344269.9398752,10251932.529599998,mlp,42,6,pv_corrected,12–18h,generating,千瓦
4320,200.27689956586718,380.0030353076836,8.423653348094561,63.26756516536272,865196.2061245462,623817965.5619874,10271032.8924,mlp,42,6,pv_corrected,18–24h,all,千瓦
2766,312.14816040785513,474.86320842757084,8.406182910065423,98.16395049817352,863401.8116881272,623719354.5423381,10271032.8924,mlp,42,6,pv_corrected,18–24h,generating,千瓦
17280,210.7913420136628,287.36995606697536,4.385163301539434,-81.45771533148871,3642474.389996093,1427008175.7108827,83063597.3971,mlp,2026,6,load,all,all,千瓦
4320,206.90866173140913,281.61993024935435,4.310262508836841,-77.67421082013165,893845.4186796874,342618271.6909732,20737609.7592,mlp,2026,6,load,0–6h,all,千瓦
4320,209.46134226689094,285.8112586045132,4.3593299680635305,-80.19969687084055,904872.9985929688,352892486.3548144,20757157.7564,mlp,2026,6,load,6–12h,all,千瓦
4320,212.31315273347073,289.0486762158498,4.415587547463561,-83.06173028682001,917192.8198085936,360932272.799624,20771705.009800002,mlp,2026,6,load,12–18h,all,千瓦
4320,214.4822113228805,292.88046831234584,4.455246379636247,-84.8952233481626,926563.1529148438,370565144.8654709,20797124.8717,mlp,2026,6,load,18–24h,all,千瓦
17280,233.15673130292606,440.33306131866556,9.826991127151514,82.18216573565822,4028948.316914562,3350474580.503825,40998798.76539999,mlp,2026,6,pv,all,all,千瓦
11063,363.8665653430538,550.3169889402269,9.818472573853544,128.0498345284115,4025455.8123902045,3350416145.1425385,40998798.7654,mlp,2026,6,pv,all,generating,千瓦
4320,236.52785487471021,449.59265301242016,9.980808652327491,95.38085460096026,1021800.3330587482,873216951.7366645,10237650.7621,mlp,2026,6,pv,0–6h,all,千瓦
2765,369.33842235839836,561.9680330217651,9.975147243755885,148.81218684932068,1021220.7378209715,873209313.9325423,10237650.7621,mlp,2026,6,pv,0–6h,generating,千瓦
4320,235.78844152820105,448.64168402241336,9.949090664414486,92.07324006585763,1018606.0674018285,869526837.9754575,10238182.581300002,mlp,2026,6,pv,6–12h,all,千瓦
2766,367.93714357233284,560.6753919252571,9.940378881110435,143.47956211270758,1017714.1391210726,869511171.8757555,10238182.581300002,mlp,2026,6,pv,6–12h,generating,千瓦
4320,230.66366100365147,432.32385166606485,9.719796854482942,77.23439200914903,996467.0155357744,807424902.9477286,10251932.5296,mlp,2026,6,pv,12–18h,all,千瓦
2766,359.7773893331809,540.279665494682,9.706894344284239,120.14816227018365,995144.2588955784,807401255.4755279,10251932.529599998,mlp,2026,6,pv,12–18h,generating,千瓦
4320,229.64696780514146,430.4137457801221,9.658959437782464,64.04017626666594,992074.9009182111,800305887.8439745,10271032.8924,mlp,2026,6,pv,18–24h,all,千瓦
2766,358.41528436463557,537.8966037034866,9.652161442167575,99.76693315486897,991376.676552582,800294403.8587124,10271032.8924,mlp,2026,6,pv,18–24h,generating,千瓦
17280,0.045069342116316156,0.06007790580563462,5.877029901494576,-0.017086340324139155,778.7982317699432,62.369650356319404,13251.561500000002,mlp,2026,6,price,all,all,元/千瓦时
4320,0.04520082473609734,0.06045090829521817,5.898768084289016,-0.01707673767794613,195.2675628599405,15.786629195256907,3310.3109000000004,mlp,2026,6,price,0–6h,all,元/千瓦时
4320,0.04542043442917091,0.060566470504471934,5.924804665520987,-0.01756132543474436,196.21627673401832,15.847044549274377,3311.7763,mlp,2026,6,price,6–12h,all,元/千瓦时
4320,0.044919554400559926,0.05970657265899833,5.856371168008948,-0.017060016487643673,194.05247501041887,15.400259216715943,3313.5276,mlp,2026,6,price,12–18h,all,元/千瓦时
4320,0.044736554899436454,0.05958132746249141,5.828257648579378,-0.016647281696222444,193.26191716556548,15.335717395072177,3315.9467,mlp,2026,6,price,18–24h,all,元/千瓦时
17280,179.4394900257808,332.0144820185155,7.562939600714034,68.92410111861426,3100714.3876454923,1904836889.1459994,40998798.76539999,mlp,2026,6,pv_corrected,all,all,千瓦
11063,279.67861077803667,414.9031876911901,7.546768598617093,107.0576290989408,3094084.4710374195,1904436319.9942675,40998798.7654,mlp,2026,6,pv_corrected,all,generating,千瓦
4320,151.28067214634987,276.3883001207573,6.383617871510353,45.88633920499294,653532.5036722315,330006927.35653263,10237650.7621,mlp,2026,6,pv_corrected,0–6h,all,千瓦
2765,235.87401385319993,345.4282472880805,6.370520576053689,71.20728028840357,652191.6483040978,329921663.6777848,10237650.7621,mlp,2026,6,pv_corrected,0–6h,generating,千瓦
4320,178.4289266368331,327.6469486824621,7.528806572359881,59.65535727164968,770812.963071119,463762899.27760875,10238182.581300002,mlp,2026,6,pv_corrected,6–12h,all,千瓦
2766,278.11622032477095,409.42419933787164,7.513730677389793,92.61303172838903,769269.4654183164,463659532.0595628,10238182.581300002,mlp,2026,6,pv_corrected,6–12h,generating,千瓦
4320,184.34377069873563,327.6823743206541,7.767950941144262,85.70019506984433,796365.0894185379,463863190.06261986,10251932.5296,mlp,2026,6,pv_corrected,12–18h,all,千瓦
2766,287.04298901628226,409.46061815861236,7.74449993039522,132.97927002972753,793960.9076190367,463742021.97795594,10251932.529599998,mlp,2026,6,pv_corrected,12–18h,generating,千瓦
4320,203.7045906212046,387.06034570219333,8.567822152869926,84.45451292797014,880003.8314836039,647203872.4492381,10271032.8924,mlp,2026,6,pv_corrected,18–24h,all,千瓦
2766,317.66538311495606,483.68654743271156,8.554762299964304,131.41797326868968,878662.4496959684,647113102.278964,10271032.8924,mlp,2026,6,pv_corrected,18–24h,generating,千瓦
17280,210.42392794951257,287.7708310464855,4.377519862984559,-100.80045696571632,3636125.4749675775,1430992244.7564752,83063597.3971,mlp,3407,6,load,all,all,千瓦
4320,206.4350881627966,281.711251391279,4.300397158682403,-97.84045724844472,891799.5808632813,342840509.97310245,20737609.7592,mlp,3407,6,load,0–6h,all,千瓦
4320,208.80239482946325,286.1732310900942,4.345615889464258,-100.17944619719327,902026.3456632813,353786910.591792,20757157.7564,mlp,3407,6,load,6–12h,all,千瓦
4320,211.9407186686198,289.69442283887753,4.40784184166138,-102.53125724175347,915583.9046484375,362546749.25546557,20771705.009800002,mlp,3407,6,load,12–18h,all,千瓦
4320,214.51751013717086,293.37518441034587,4.455979610208622,-102.6506671754738,926715.6437925781,371818074.9361152,20797124.8717,mlp,3407,6,load,18–24h,all,千瓦
17280,230.46271370368376,436.2187595873943,9.713444814779567,65.1759591781981,3982395.6927996553,3288156011.4118733,40998798.76539999,mlp,3407,6,pv,all,all,千瓦
11063,359.680329786709,545.1748990644204,9.705512376593017,101.50848506101154,3979143.488430362,3288096963.514815,40998798.7654,mlp,3407,6,pv,all,generating,千瓦
4320,233.33020833754256,444.92936027003293,9.845876983318979,78.65945589456346,1007986.5000181838,855196425.9228991,10237650.7621,mlp,3407,6,pv,0–6h,all,千瓦
2765,364.2688396792151,556.1351691765357,9.838227197998565,122.6132698587197,1007203.3417130297,855176692.4822137,10237650.7621,mlp,3407,6,pv,0–6h,generating,千瓦
4320,233.20809711413094,444.7234744255888,9.840213060598913,76.42819097424392,1007458.9795330457,854405144.8063228,10238182.581300002,mlp,3407,6,pv,6–12h,all,千瓦
2766,363.8866786666303,555.778246680471,9.8309494404826,119.02435237439897,1006510.5531918994,854388244.9305825,10238182.581300002,mlp,3407,6,pv,6–12h,generating,千瓦
4320,228.0793216736731,428.2697508390229,9.610896938557119,59.32522099527435,985302.6696302678,792352711.369665,10251932.5296,mlp,3407,6,pv,12–18h,all,千瓦
2766,355.75411721698526,535.2140483580089,9.598345340071944,92.19022895571179,984015.8882221812,792331978.5303214,10251932.529599998,mlp,3407,6,pv,12–18h,generating,千瓦
4320,227.23322768938831,426.60419717189,9.557437444724014,46.29096884871063,981647.5436181575,786201729.3129864,10271032.8924,mlp,3407,6,pv,18–24h,all,千瓦
2766,354.81334248129133,533.138990114962,9.55516076702903,72.21371912925675,981413.7053032517,786200047.571697,10271032.8924,mlp,3407,6,pv,18–24h,generating,千瓦
17280,0.04453946287325687,0.059478019933221646,5.8079337929336,-0.01341838972154591,769.6419184498787,61.13033029745357,13251.561500000002,mlp,3407,6,price,all,all,元/千瓦时
4320,0.04493579608477928,0.060239555527440154,5.8641814908154535,-0.013927332525098765,194.1226390862465,15.676433496620117,3310.3109000000004,mlp,3407,6,price,0–6h,all,元/千瓦时
4320,0.04491925507666337,0.06011552511548904,5.8594290300098395,-0.014100549391171446,194.05118193118574,15.611945874815492,3311.7763,mlp,3407,6,price,6–12h,all,元/千瓦时
4320,0.04419685136893282,0.058792353796342324,5.762149013449888,-0.01302525613128035,190.93039791378976,14.932256536429724,3313.5276,mlp,3407,6,price,12–18h,all,元/千瓦时
4320,0.04410594896265202,0.058747920352451764,5.746102599256398,-0.01262042083863307,190.53769951865672,14.909694389588228,3315.9467,mlp,3407,6,price,18–24h,all,元/千瓦时
17280,182.3474290010259,335.71282716255723,7.685502180607574,66.55713880551563,3150963.5731377276,1947509608.1151228,40998798.76539999,mlp,3407,6,pv_corrected,all,all,千瓦
11063,284.143151301605,419.5247596292248,7.667238498466741,103.2829673932241,3143475.682849656,1947099327.8698905,40998798.7654,mlp,3407,6,pv_corrected,all,generating,千瓦
4320,160.8203164399436,291.51453210355186,6.786163966371196,58.87836899102353,694743.7670205564,367116720.887028,10237650.7621,mlp,3407,6,pv_corrected,0–6h,all,千瓦
2765,250.80300662637296,364.3384855297099,6.77372504138511,91.53023520527543,693470.3133219213,367033101.0852984,10237650.7621,mlp,3407,6,pv_corrected,0–6h,generating,千瓦
4320,179.08964237820646,329.40687092818604,7.556685465709041,62.991302094771875,773667.2550738519,468758390.17549807,10238182.581300002,mlp,3407,6,pv_corrected,6–12h,all,千瓦
2766,278.93800443596433,411.621676488052,7.535932419090636,97.61304781107735,771542.5202698773,468650030.99867237,10238182.581300002,mlp,3407,6,pv_corrected,6–12h,generating,千瓦
4320,183.3882463098336,325.9325201839334,7.727686675376431,74.29353673286019,792237.224058481,458922273.3221046,10251932.5296,mlp,3407,6,pv_corrected,12–18h,all,千瓦
2766,285.7194889270703,407.27953228295127,7.708791528723723,115.33295770056091,790300.1063722764,458814723.7743697,10251932.529599998,mlp,3407,6,pv_corrected,12–18h,generating,千瓦
4320,206.09151087612005,388.7039908853606,8.668216101650525,70.06534740340697,890315.3269848386,652712223.7304921,10271032.8924,mlp,3407,6,pv_corrected,18–24h,all,千瓦
2766,321.1000516578383,485.73336553122726,8.647258286386878,108.65137985663785,888162.7428855808,652601472.01155,10271032.8924,mlp,3407,6,pv_corrected,18–24h,generating,千瓦
17280,214.1237689409722,292.55613823213764,4.454488901571677,-64.27207357060185,3700058.7273,1478979544.618972,83063597.3971,periodic,none,6,load,all,all,千瓦
4320,210.3437200694444,287.1281293961428,4.381820669071431,-59.932309791666675,908684.8706999999,356151870.8230815,20737609.7592,periodic,none,6,load,0–6h,all,千瓦
4320,212.84017983796292,290.96759189820057,4.42965066648637,-62.62137997685185,919469.5768999999,365740442.7913633,20757157.7564,periodic,none,6,load,6–12h,all,千瓦
4320,215.5296211111111,293.8904829887806,4.482482120561199,-65.98236824074075,931087.9632,373125381.08275616,20771705.009800002,periodic,none,6,load,12–18h,all,千瓦
4320,217.78155474537033,298.12758653345367,4.523780677877402,-68.55223627314815,940816.3164999998,383961849.92177135,20797124.8717,periodic,none,6,load,18–24h,all,千瓦
17280,242.00097031249996,465.2048662884068,10.19975436580136,6.058653449074078,4181776.7669999995,3739661008.4462013,40998798.76539999,periodic,none,6,pv,all,all,千瓦
11063,377.99663358944224,581.4062043058469,10.199754342386036,9.463393473741297,4181776.7573999995,3739661008.446191,40998798.7654,periodic,none,6,pv,all,generating,千瓦
4320,244.1393226851852,471.9367704900264,10.301991135548937,14.33265893518519,1054681.874,962169042.2712013,10237650.7621,periodic,none,6,pv,0–6h,all,千瓦
2765,381.44009822784807,589.8996274296696,10.301991112106057,22.393158842676314,1054681.8716,962169042.2711985,10237650.7621,periodic,none,6,pv,0–6h,generating,千瓦
4320,244.2205411574074,471.95730148214034,10.304883014364414,14.08764587962963,1055032.7378,962252759.9043529,10238182.581300002,periodic,none,6,pv,6–12h,all,千瓦
2766,381.429043890094,589.818641901206,10.304882990922755,22.00239616775126,1055032.7354000001,962252759.9043503,10238182.581300002,periodic,none,6,pv,6–12h,generating,千瓦
4320,240.3320855324074,459.5973226349309,10.127208762858576,3.527536828703707,1038234.6095,912512299.56421,10251932.5296,periodic,none,6,pv,12–18h,all,千瓦
2766,375.35596785972524,574.3720201100085,10.127208739448358,5.509384201012297,1038234.6071,912512299.5642071,10251932.529599998,periodic,none,6,pv,12–18h,generating,千瓦
4320,239.31193187499997,457.1264176763375,10.065468162067473,-7.713227847222224,1033827.5456999999,902726906.7064378,10271032.8924,periodic,none,6,pv,18–24h,all,千瓦
2766,373.7626693058568,571.2840589695246,10.065468138700787,-12.04669078091106,1033827.5432999999,902726906.706435,10271032.8924,periodic,none,6,pv,18–24h,generating,千瓦
17280,0.05179463541666667,0.06885276972444065,6.75400631087891,-0.014134832175925923,895.0113000000001,81.91936337000001,13251.561500000002,periodic,none,6,price,all,all,元/千瓦时
4320,0.05212641203703704,0.0694279674841593,6.802566490053849,-0.014716550925925926,225.1861,20.823448329999998,3310.3109000000004,periodic,none,6,price,0–6h,all,元/千瓦时
4320,0.05222696759259259,0.06953244737837096,6.812673307674797,-0.01485983796296296,225.6205,20.88616855,3311.7763,periodic,none,6,price,6–12h,all,元/千瓦时
4320,0.05160402777777779,0.06845517738042306,6.727857042748039,-0.013896435185185185,222.92940000000004,20.24400086,3313.5276,periodic,none,6,price,12–18h,all,元/千瓦时
4320,0.05122113425925926,0.06798308890683635,6.6730656436667095,-0.01306650462962963,221.27530000000002,19.96574563,3315.9467,periodic,none,6,price,18–24h,all,元/千瓦时
17280,218.79219752121915,426.5562553033129,9.22156084328336,-20.629972453703715,3780729.173166667,3144100128.8552938,40998798.76539999,periodic,none,6,pv_corrected,all,all,千瓦
11063,341.2814427453373,533.0759348768387,9.209042008025843,-32.68720022371872,3775596.6010916666,3143772182.790695,40998798.7654,periodic,none,6,pv_corrected,all,generating,千瓦
4320,114.15628469135802,202.12409507013885,4.81707338261955,-12.50422231481482,493155.14986666664,176489927.17022532,10237650.7621,periodic,none,6,pv_corrected,0–6h,all,千瓦
2765,177.8916478691983,252.587359108045,4.804524180286047,-20.001079171187467,491870.4063583333,176408034.057953,10237650.7621,periodic,none,6,pv_corrected,0–6h,generating,千瓦
4320,181.87125142746913,328.84878482450995,7.674055428565173,-25.22289562500002,785683.8061666667,467171380.5720056,10238182.581300002,periodic,none,6,pv_corrected,6–12h,all,千瓦
2766,283.57993761147264,410.93415141033006,7.661341270334482,-39.86428338153775,784382.1074333333,467085781.2158775,10238182.581300002,periodic,none,6,pv_corrected,6–12h,generating,千瓦
4320,239.5832602314815,433.45269593944124,10.095654465259953,-20.856636180555565,1034999.6842,811646955.1461731,10251932.5296,periodic,none,6,pv_corrected,12–18h,all,千瓦
2766,373.72280220233796,541.6712205360521,10.083145474348918,-33.037990458544236,1033717.2708916668,811565729.0603075,10251932.529599998,periodic,none,6,pv_corrected,12–18h,generating,千瓦
4320,339.5579937345679,625.2391886693373,14.28182100379361,-23.936135694444452,1466890.5329333334,1688791865.9668896,10271032.8924,periodic,none,6,pv_corrected,18–24h,all,千瓦
2766,529.872312512051,781.3611051192115,14.269517309138566,-37.84086143347797,1465626.8164083334,1688712638.4565573,10271032.8924,periodic,none,6,pv_corrected,18–24h,generating,千瓦
17280,681.0476081018518,1156.7060804528921,14.168062829904443,-53.69823252314817,11768502.668,23120103569.29965,83063597.3971,yesterday,none,6,load,all,all,千瓦
4320,698.3961189351852,1180.6748579697294,14.548789705436093,-71.06803888888886,3017071.2338,6022050279.444752,20737609.7592,yesterday,none,6,load,0–6h,all,千瓦
4320,693.6669244907407,1176.5920503319307,14.436663964150165,-66.33884444444443,2996641.1138,5980473444.546562,20757157.7564,yesterday,none,6,load,6–12h,all,千瓦
4320,675.8802974074074,1151.8987641420151,14.056635617646455,-48.50962629629629,2919802.8848,5732081695.433815,20771705.009800002,yesterday,none,6,load,12–18h,all,千瓦
4320,656.247091574074,1116.5317237986264,13.631631550463746,-28.87642046296295,2834987.4356,5385498149.874523,20797124.8717,yesterday,none,6,load,18–24h,all,千瓦
17280,242.00097031249996,465.2048662884068,10.19975436580136,6.058653449074078,4181776.7669999995,3739661008.4462013,40998798.76539999,yesterday,none,6,pv,all,all,千瓦
11063,377.99663358944224,581.4062043058469,10.199754342386036,9.463393473741297,4181776.7573999995,3739661008.446191,40998798.7654,yesterday,none,6,pv,all,generating,千瓦
4320,244.1393226851852,471.9367704900264,10.301991135548937,14.33265893518519,1054681.874,962169042.2712013,10237650.7621,yesterday,none,6,pv,0–6h,all,千瓦
2765,381.44009822784807,589.8996274296696,10.301991112106057,22.393158842676314,1054681.8716,962169042.2711985,10237650.7621,yesterday,none,6,pv,0–6h,generating,千瓦
4320,244.2205411574074,471.95730148214034,10.304883014364414,14.08764587962963,1055032.7378,962252759.9043529,10238182.581300002,yesterday,none,6,pv,6–12h,all,千瓦
2766,381.429043890094,589.818641901206,10.304882990922755,22.00239616775126,1055032.7354000001,962252759.9043503,10238182.581300002,yesterday,none,6,pv,6–12h,generating,千瓦
4320,240.3320855324074,459.5973226349309,10.127208762858576,3.527536828703707,1038234.6095,912512299.56421,10251932.5296,yesterday,none,6,pv,12–18h,all,千瓦
2766,375.35596785972524,574.3720201100085,10.127208739448358,5.509384201012297,1038234.6071,912512299.5642071,10251932.529599998,yesterday,none,6,pv,12–18h,generating,千瓦
4320,239.31193187499997,457.1264176763375,10.065468162067473,-7.713227847222224,1033827.5456999999,902726906.7064378,10271032.8924,yesterday,none,6,pv,18–24h,all,千瓦
2766,373.7626693058568,571.2840589695246,10.065468138700787,-12.04669078091106,1033827.5432999999,902726906.706435,10271032.8924,yesterday,none,6,pv,18–24h,generating,千瓦
17280,0.08528566550925924,0.12441435142641898,11.12122748703992,-0.005906927083333333,1473.7362999999998,267.47592493,13251.561500000002,yesterday,none,6,price,all,all,元/千瓦时
4320,0.0873499537037037,0.12753924060272007,11.399285789138414,-0.00812777777777778,377.35179999999997,70.2702341,3310.3109000000004,yesterday,none,6,price,0–6h,all,元/千瓦时
4320,0.0866787037037037,0.12696983346886423,11.306681553340422,-0.007443055555555556,374.452,69.64418280000001,3311.7763,yesterday,none,6,price,6–12h,all,元/千瓦时
4320,0.08462384259259259,0.1233941169848931,11.032803831179798,-0.005212824074074072,365.575,65.77678702,3313.5276,yesterday,none,6,price,12–18h,all,元/千瓦时
4320,0.08249016203703705,0.11959104796060119,10.746780097520867,-0.002844050925925925,356.3575,61.78472101,3315.9467,yesterday,none,6,price,18–24h,all,元/千瓦时
17280,218.79219752121915,426.5562553033129,9.22156084328336,-20.629972453703715,3780729.173166667,3144100128.8552938,40998798.76539999,issued,none,6,pv_corrected,all,all,千瓦
11063,341.2814427453373,533.0759348768387,9.209042008025843,-32.68720022371872,3775596.6010916666,3143772182.790695,40998798.7654,issued,none,6,pv_corrected,all,generating,千瓦
4320,114.15628469135802,202.12409507013885,4.81707338261955,-12.50422231481482,493155.14986666664,176489927.17022532,10237650.7621,issued,none,6,pv_corrected,0–6h,all,千瓦
2765,177.8916478691983,252.587359108045,4.804524180286047,-20.001079171187467,491870.4063583333,176408034.057953,10237650.7621,issued,none,6,pv_corrected,0–6h,generating,千瓦
4320,181.87125142746913,328.84878482450995,7.674055428565173,-25.22289562500002,785683.8061666667,467171380.5720056,10238182.581300002,issued,none,6,pv_corrected,6–12h,all,千瓦
2766,283.57993761147264,410.93415141033006,7.661341270334482,-39.86428338153775,784382.1074333333,467085781.2158775,10238182.581300002,issued,none,6,pv_corrected,6–12h,generating,千瓦
4320,239.5832602314815,433.45269593944124,10.095654465259953,-20.856636180555565,1034999.6842,811646955.1461731,10251932.5296,issued,none,6,pv_corrected,12–18h,all,千瓦
2766,373.72280220233796,541.6712205360521,10.083145474348918,-33.037990458544236,1033717.2708916668,811565729.0603075,10251932.529599998,issued,none,6,pv_corrected,12–18h,generating,千瓦
4320,339.5579937345679,625.2391886693373,14.28182100379361,-23.936135694444452,1466890.5329333334,1688791865.9668896,10271032.8924,issued,none,6,pv_corrected,18–24h,all,千瓦
2766,529.872312512051,781.3611051192115,14.269517309138566,-37.84086143347797,1465626.8164083334,1688712638.4565573,10271032.8924,issued,none,6,pv_corrected,18–24h,generating,千瓦
17280,214.1237689409722,292.55613823213764,4.454488901571677,-64.27207357060185,3700058.7273,1478979544.618972,83063597.3971,weekly,none,6,load,all,all,千瓦
4320,210.3437200694444,287.1281293961428,4.381820669071431,-59.932309791666675,908684.8706999999,356151870.8230815,20737609.7592,weekly,none,6,load,0–6h,all,千瓦
4320,212.84017983796292,290.96759189820057,4.42965066648637,-62.62137997685185,919469.5768999999,365740442.7913633,20757157.7564,weekly,none,6,load,6–12h,all,千瓦
4320,215.5296211111111,293.8904829887806,4.482482120561199,-65.98236824074075,931087.9632,373125381.08275616,20771705.009800002,weekly,none,6,load,12–18h,all,千瓦
4320,217.78155474537033,298.12758653345367,4.523780677877402,-68.55223627314815,940816.3164999998,383961849.92177135,20797124.8717,weekly,none,6,load,18–24h,all,千瓦
17280,299.78680247106485,569.3742616763004,12.635287136929023,94.09063612847224,5180315.9467,5601952221.57099,40998798.76539999,weekly,none,6,pv,all,all,千瓦
11063,468.25598361204015,711.5955835798015,12.635287136929021,146.96612060923798,5180315.9467,5601952221.570989,40998798.7654,weekly,none,6,pv,all,generating,千瓦
4320,301.9399180324074,576.7287451160041,12.74101330677194,108.21081395833333,1304380.4459,1436901316.3141093,10237650.7621,weekly,none,6,pv,0–6h,all,千瓦
2765,471.74699670886076,720.8848581954309,12.74101330677194,169.067166835443,1304380.4459,1436901316.3141093,10237650.7621,weekly,none,6,pv,0–6h,generating,千瓦
4320,302.02331537037037,576.7424530640276,12.743870428557347,108.03176425925928,1304740.7224,1436969622.958468,10238182.581300002,weekly,none,6,pv,6–12h,all,千瓦
2766,471.7066964569776,720.771665836529,12.743870428557347,168.72639971077368,1304740.7224,1436969622.958468,10238182.581300002,weekly,none,6,pv,6–12h,generating,千瓦
4320,297.56396548611116,562.6600747137861,12.538868424938373,88.63514270833335,1285476.3309000002,1367653073.8043087,10251932.5296,weekly,none,6,pv,12–18h,all,千瓦
2766,464.7419851409978,703.1725117452712,12.538868424938372,138.4323270065076,1285476.3309,1367653073.8043087,10251932.529599998,weekly,none,6,pv,12–18h,generating,千瓦
4320,297.62001099537036,561.1719318991396,12.517907993959994,71.48482358796296,1285718.4475,1360428208.4941025,10271032.8924,weekly,none,6,pv,18–24h,all,千瓦
2766,464.8295182574115,701.3127367801773,12.517907993959996,111.6465791395517,1285718.4475000002,1360428208.4941025,10271032.8924,weekly,none,6,pv,18–24h,generating,千瓦
17280,0.05179463541666667,0.06885276972444065,6.75400631087891,-0.014134832175925923,895.0113000000001,81.91936337000001,13251.561500000002,weekly,none,6,price,all,all,元/千瓦时
4320,0.05212641203703704,0.0694279674841593,6.802566490053849,-0.014716550925925926,225.1861,20.823448329999998,3310.3109000000004,weekly,none,6,price,0–6h,all,元/千瓦时
4320,0.05222696759259259,0.06953244737837096,6.812673307674797,-0.01485983796296296,225.6205,20.88616855,3311.7763,weekly,none,6,price,6–12h,all,元/千瓦时
4320,0.05160402777777779,0.06845517738042306,6.727857042748039,-0.013896435185185185,222.92940000000004,20.24400086,3313.5276,weekly,none,6,price,12–18h,all,元/千瓦时
4320,0.05122113425925926,0.06798308890683635,6.6730656436667095,-0.01306650462962963,221.27530000000002,19.96574563,3315.9467,weekly,none,6,price,18–24h,all,元/千瓦时
17856,252.6609441219644,334.39362045928317,4.754409185091145,-99.31226718756561,4511513.818241796,1996641731.819451,94891155.61170001,mlp,42,7,load,all,all,千瓦
4464,256.1147704893488,338.3044794319221,4.798620171762422,-105.62473755469098,1143296.335464453,510904446.46773386,23825522.6407,mlp,42,7,load,0–6h,all,千瓦
4464,253.42764128339215,336.06216884319394,4.755856081325594,-102.15059603984652,1131300.9906890625,504154255.84636796,23787536.278300002,mlp,42,7,load,6–12h,all,千瓦
4464,252.27932060240605,334.3781566765344,4.753736587690765,-98.02513970312849,1126174.8871691406,499114267.42094016,23690309.0105,mlp,42,7,load,12–18h,all,千瓦
4464,248.82204411271073,328.7551061531612,4.70896897955944,-91.44859545259646,1110741.6049191407,482468762.08440936,23587787.6822,mlp,42,7,load,18–24h,all,千瓦
17856,207.35266857245315,386.7679564462697,7.601356563996355,-62.44276900179533,3702489.2500297236,2671069257.2979827,48708269.6208,mlp,42,7,pv,all,all,千瓦
11130,332.5193058794975,489.88405799588116,7.59817563475584,-100.31693251455292,3700939.874438807,2671048523.799837,48708269.6208,mlp,42,7,pv,all,generating,千瓦
4464,206.5522990745933,384.84913339249954,7.584759931189066,-57.05613201779765,922049.4630689844,661157930.831284,12156607.0836,mlp,42,7,pv,0–6h,all,千瓦
2784,331.10115930087863,487.32290179291124,7.58258962516927,-91.58132503692067,921785.6274936461,661154371.9434278,12156607.0836,mlp,42,7,pv,0–6h,generating,千瓦
4464,207.22617274409313,386.4810896554128,7.610065445648939,-62.53231471599236,925057.6351296317,666777112.1997541,12155711.954599999,mlp,42,7,pv,6–12h,all,千瓦
2782,332.37341574343844,489.564672595421,7.606817651255155,-100.4813247388842,924662.8425982457,666771867.9939306,12155711.954599999,mlp,42,7,pv,6–12h,generating,千瓦
4464,207.7419311246473,387.53992988904133,7.610440194995428,-66.10625694995943,927359.9805404255,670435648.5615113,12185365.8498,mlp,42,7,pv,12–18h,all,千瓦
2782,333.22799280230964,490.90652321840895,7.607816518625422,-106.1890854022354,927040.2759760255,670431994.8457906,12185365.8498,mlp,42,7,pv,12–18h,generating,千瓦
4464,207.8902713464789,388.1934094519099,7.6001452149775774,-64.07637232343185,928022.1712906818,672698565.7054332,12210584.7328,mlp,42,7,pv,18–24h,all,千瓦
2782,333.37567518723563,491.7326169543881,7.595468592749501,-103.02227497181597,927451.1283708896,672690289.0166881,12210584.7328,mlp,42,7,pv,18–24h,generating,千瓦
17856,0.0481333850340684,0.06659278698482686,5.816645046877992,-0.021862056516108227,859.4697231683253,79.18420471522691,14776.0387,mlp,42,7,price,all,all,元/千瓦时
4464,0.04828756931060424,0.06708800741977304,5.817210450184228,-0.021931051683847833,215.55570940253733,20.091574501375852,3705.4824,mlp,42,7,price,0–6h,all,元/千瓦时
4464,0.0482868201287203,0.06679140936919026,5.822679227342521,-0.022056460066177088,215.5523650546074,19.914316319693587,3701.9447,mlp,42,7,price,6–12h,all,元/千瓦时
4464,0.048028064376756704,0.06624275372625574,5.809783522601047,-0.02201089929882771,214.39727937784193,19.58848920840361,3690.2799999999997,mlp,42,7,price,12–18h,all,元/千瓦时
4464,0.04793108632019237,0.06624501179191121,5.816886365909444,-0.021449815015580277,213.96436933333874,19.589824685753868,3678.3316,mlp,42,7,price,18–24h,all,元/千瓦时
17856,166.61533637661418,289.0612401963438,6.107963739016435,-2.550014627745896,2975083.4463408226,1491983088.8251965,48708269.6208,mlp,42,7,pv_corrected,all,all,千瓦
11130,264.0414323571364,365.7282082349717,6.033433675664745,-7.35268332425204,2938781.142134928,1488716771.1852303,48708269.6208,mlp,42,7,pv_corrected,all,generating,千瓦
4464,138.79910595200207,233.6416756560878,5.096810357600634,-9.81194142758603,619599.2089697372,243682763.1415086,12156607.0836,mlp,42,7,pv_corrected,0–6h,all,千瓦
2784,219.37517252419735,295.3877203108156,5.023938637708308,-18.914955170659365,610740.4803073654,242914872.38421106,12156607.0836,mlp,42,7,pv_corrected,0–6h,generating,千瓦
4464,158.12558488029913,266.9545097019872,5.806921170409414,-0.9408084800165657,705872.6109056553,318125666.55701953,12155711.954599999,mlp,42,7,pv_corrected,6–12h,all,千瓦
2782,249.9877576283834,337.66247083443903,5.721309819775571,-5.250337253158381,695465.9417221626,317192356.79227114,12155711.954599999,mlp,42,7,pv_corrected,6–12h,generating,千瓦
4464,180.583643850017,308.1560872470278,6.615520584962224,11.12351969463748,806125.3861464759,423902217.2154238,12185365.8498,mlp,42,7,pv_corrected,12–18h,all,千瓦
2782,286.19214399016124,389.9363808306256,6.533956833094974,14.276258213880046,796186.5445806286,423004160.20708746,12185365.8498,mlp,42,7,pv_corrected,12–18h,generating,千瓦
4464,188.9530108241385,336.76740545127393,6.907828402788825,-10.57082829801846,843486.2403189542,506272441.9112446,12210584.7328,mlp,42,7,pv_corrected,18–24h,all,千瓦
2782,300.6427661843175,426.3117287615681,6.849697977837789,-19.51338688588684,836388.1755247713,505605381.8016608,12210584.7328,mlp,42,7,pv_corrected,18–24h,generating,千瓦
17856,255.015643362394,336.73662781092787,4.798718382682924,-98.71006979341676,4553559.327878907,2024719633.0331922,94891155.61170001,mlp,2026,7,load,all,all,千瓦
4464,258.7264803486048,341.1387258412131,4.8475537166316665,-106.69189646223609,1154955.008276172,519500813.5188801,23825522.6407,mlp,2026,7,load,0–6h,all,千瓦
4464,255.6844811682698,338.28821740535653,4.7982082321672275,-102.26443732568882,1141375.5239351564,510855330.1095513,23787536.278300002,mlp,2026,7,load,6–12h,all,千瓦
4464,254.41800236746403,336.3390218950552,4.794036084818419,-96.6117391829952,1135721.9625683594,504985257.6665754,23690309.0105,mlp,2026,7,load,12–18h,all,千瓦
4464,251.23360956523717,331.1008004893962,4.754607970062148,-89.27220620274697,1121506.8330992188,489378231.7381854,23587787.6822,mlp,2026,7,load,18–24h,all,千瓦
17856,202.5065713044362,376.39576155799267,7.423703131650322,-49.551181480260134,3615957.3372120126,2529726824.9568725,48708269.6208,mlp,2026,7,pv,all,all,千瓦
11130,324.6552830620513,476.7454775593765,7.418480123830117,-79.72416291490617,3613413.300480631,2529695966.6550293,48708269.6208,mlp,2026,7,pv,all,generating,千瓦
4464,202.3617298127772,375.2035281223415,7.430878991745169,-46.60235490406938,903342.7618842375,628431597.0689807,12156607.0836,mlp,2026,7,pv,0–6h,all,千瓦
2784,324.2076454565672,475.1060825900035,7.42472039068152,-74.99338693423857,902594.0849510832,628420598.5638295,12156607.0836,mlp,2026,7,pv,0–6h,generating,千瓦
4464,202.9211009443354,376.992711368634,7.451968243396248,-51.11522713511428,905839.7946155132,634439323.7535311,12155711.954599999,mlp,2026,7,pv,6–12h,all,千瓦
2782,325.35962317916056,477.5444211163658,7.446297469576804,-82.26732453710952,905150.4716844247,634431411.4557133,12155711.954599999,mlp,2026,7,pv,6–12h,generating,千瓦
4464,202.55214706012885,376.25419831737844,7.420317088725372,-49.86063298861459,904192.7844764151,631956077.8984869,12185365.8498,mlp,2026,7,pv,12–18h,all,千瓦
2782,324.73265922748215,476.60836647574996,7.413862407632867,-80.28914168466399,903406.2579708553,631946698.3552074,12185365.8498,mlp,2026,7,pv,12–18h,generating,千瓦
4464,202.19130740050335,377.1295050553656,7.391799950507993,-50.62651089324227,902581.9962358469,634899826.2358736,12210584.7328,mlp,2026,7,pv,18–24h,all,千瓦
2782,324.3215261949204,477.7197132960952,7.389183283341186,-81.3501994928152,902262.4858742686,634897258.2802789,12210584.7328,mlp,2026,7,pv,18–24h,generating,千瓦
17856,0.04632582116848572,0.06395068367761178,5.598211263377925,-0.01767825508096045,827.1938627844811,73.02550361924324,14776.0387,mlp,2026,7,price,all,all,元/千瓦时
4464,0.046552018653256914,0.06437671896388385,5.608128411786247,-0.018186802999178568,207.80821126813888,18.50043172049299,3705.4824,mlp,2026,7,price,0–6h,all,元/千瓦时
4464,0.04638720875504196,0.06408701432498602,5.5936140775551655,-0.01793376471133215,207.07249988250732,18.334297088326057,3701.9447,mlp,2026,7,price,6–12h,all,元/千瓦时
4464,0.04624975591773521,0.06380762886342262,5.594667895573506,-0.017593397091019324,206.45891041676998,18.17478986923307,3690.2799999999997,mlp,2026,7,price,12–18h,all,元/千瓦时
4464,0.04611430134790879,0.06352825293141409,5.59640248902695,-0.016999055522311762,205.85424121706484,18.015984941191117,3678.3316,mlp,2026,7,price,18–24h,all,元/千瓦时
17856,166.68260807266566,294.1545340204994,6.110429857016617,-31.661979870287695,2976284.649745518,1545024145.7832947,48708269.6208,mlp,2026,7,pv_corrected,all,all,千瓦
11130,265.98490505202534,372.35338677808636,6.077842666709824,-52.22183010604969,2960411.993229042,1543141606.9000874,48708269.6208,mlp,2026,7,pv_corrected,all,generating,千瓦
4464,136.20684112151588,235.46337394952474,5.001620391159246,-42.603362275727406,608027.3387664469,247497554.10564077,12156607.0836,mlp,2026,7,pv_corrected,0–6h,all,千瓦
2784,216.92296489485193,297.886424676237,4.967780319905081,-69.78994744900369,603913.5342672678,247041920.46579376,12156607.0836,mlp,2026,7,pv_corrected,0–6h,generating,千瓦
4464,158.10578819257307,270.91809480238413,5.806194167216683,-20.862104444279115,705784.2384916462,327642485.3038025,12155711.954599999,mlp,2026,7,pv_corrected,6–12h,all,千瓦
2782,252.3544290062201,342.9509378810778,5.775474312959781,-34.817631644717444,702050.0214953043,327205891.99754727,12155711.954599999,mlp,2026,7,pv_corrected,6–12h,generating,千瓦
4464,181.68390259304476,312.79254528266546,6.655827581809237,-11.930514433392732,811036.9411753519,436754083.3799988,12185365.8498,mlp,2026,7,pv_corrected,12–18h,all,千瓦
2782,290.05267265819214,395.9972883387429,6.62209526805742,-20.621215769563808,806926.5353350906,436256137.29789543,12185365.8498,mlp,2026,7,pv_corrected,12–18h,generating,千瓦
4464,190.7339003835289,345.584676442421,6.972934957201111,-51.2519383277515,851436.131312073,533130022.99385244,12210584.7328,mlp,2026,7,pv_corrected,18–24h,all,千瓦
2782,304.6448246338531,437.5597554503953,6.94087892330636,-83.64589571379453,847521.9021313793,532637657.13885075,12210584.7328,mlp,2026,7,pv_corrected,18–24h,generating,千瓦
17856,248.43495431964834,327.3180583938611,4.674887259761308,-97.32028786885799,4436054.544331641,1913040260.278583,94891155.61170001,mlp,3407,7,load,all,all,千瓦
4464,251.81408992583025,331.06375522521387,4.718041716779229,-103.33539093494483,1124098.0974289062,489268729.5463339,23825522.6407,mlp,3407,7,load,0–6h,all,千瓦
4464,249.69060855883527,329.3802875665611,4.685726439116115,-103.00077283397385,1114618.8766066406,484305492.8102896,23787536.278300002,mlp,3407,7,load,6–12h,all,千瓦
4464,248.06690227899583,327.53115039001926,4.674361365580455,-97.35640620887234,1107370.6517734374,478882985.5800132,23690309.0105,mlp,3407,7,load,12–18h,all,千瓦
4464,244.16821651493194,321.2120904727096,4.620895071669547,-85.58858149764085,1089966.9185226562,460583052.3419461,23587787.6822,mlp,3407,7,load,18–24h,all,千瓦
17856,201.82976710193944,374.370547773833,7.398892117147312,-41.59724848700161,3603872.3213722305,2502577450.5148067,48708269.6208,mlp,3407,7,pv,all,all,千瓦
11130,323.4183259076358,474.17752620951285,7.390215245533628,-67.11471904799143,3599645.967351986,2502517352.410988,48708269.6208,mlp,3407,7,pv,all,generating,千瓦
4464,201.9159302590913,374.28577864968366,7.414508887866936,-42.07243549790183,901352.7126765836,625361064.0597215,12156607.0836,mlp,3407,7,pv,0–6h,all,千瓦
2784,323.3399596588783,473.94077983416133,7.4048494082260214,-67.88276474457619,900178.4476903172,625341698.0068393,12156607.0836,mlp,3407,7,pv,0–6h,generating,千瓦
4464,201.13044439322738,373.3011892333703,7.386209109961688,-38.226110906041676,897846.3037713671,622075264.4699287,12155711.954599999,mlp,3407,7,pv,6–12h,all,千瓦
2782,322.43317402076195,472.86695414986036,7.379321700579711,-61.63859551767696,897009.0901257598,622063980.9016198,12155711.954599999,mlp,3407,7,pv,6–12h,generating,千瓦
4464,202.1401507699437,374.1359875454727,7.405223972424587,-40.55855332183909,902353.6330370286,624860618.7564588,12185365.8498,mlp,3407,7,pv,12–18h,all,千瓦
2782,323.8994267108534,473.92183901974914,7.39483915556285,-65.53515814382607,901088.2051095942,624842512.2286134,12185365.8498,mlp,3407,7,pv,12–18h,generating,千瓦
4464,202.13254298549523,375.75506517257276,7.389651614827626,-45.53189422222383,902319.6718872507,630280503.2286974,12210584.7328,mlp,3407,7,pv,18–24h,all,千瓦
2782,324.00079957811465,475.9753546146531,7.381876004717937,-73.40180563225852,901370.2244263149,630269161.2739155,12210584.7328,mlp,3407,7,pv,18–24h,generating,千瓦
17856,0.04625174557469038,0.0643087162314495,5.589259650366722,-0.0145233131705099,825.8711689816714,73.8454697184672,14776.0387,mlp,3407,7,price,all,all,元/千瓦时
4464,0.04626792990681732,0.06445269859878866,5.573904199464894,-0.014892915237046056,206.54003910403253,18.544127192158335,3705.4824,mlp,3407,7,price,0–6h,all,元/千瓦时
4464,0.04625215005650315,0.06447335991660402,5.577327987968866,-0.014583975843834193,206.46959785223007,18.556018316210135,3701.9447,mlp,3407,7,price,6–12h,all,元/千瓦时
4464,0.046318761128657175,0.06431877628128917,5.603015209640613,-0.014469921401698527,206.76694967832563,18.467143841087758,3690.2799999999997,mlp,3407,7,price,12–18h,all,元/千瓦时
4464,0.04616814120678385,0.06398886196381058,5.602936460298552,-0.01414644019946082,206.0945823470831,18.27818036901097,3678.3316,mlp,3407,7,price,18–24h,all,元/千瓦时
17856,167.54803119993085,293.38091016855054,6.142155466406462,-11.91205614147978,2991737.645105965,1536908032.506897,48708269.6208,mlp,3407,7,pv_corrected,all,all,千瓦
11130,266.30738841402217,371.2798979531737,6.08521151772212,-21.602703191389207,2964001.2330480665,1534256728.0064452,48708269.6208,mlp,3407,7,pv_corrected,all,generating,千瓦
4464,137.11044241993272,235.990114839307,5.034801328639527,-17.613990150944193,612061.0149625797,248606116.32354456,12156607.0836,mlp,3407,7,pv_corrected,0–6h,all,千瓦
2784,217.99716509933558,298.5332104932551,4.992380714971866,-30.09545954017403,606904.1076365502,248115864.5044699,12156607.0836,mlp,3407,7,pv_corrected,0–6h,generating,千瓦
4464,157.10708817958405,267.95506875541946,5.76951843094855,-2.482189634663646,701326.0416336632,320514837.8433651,12155711.954599999,mlp,3407,7,pv_corrected,6–12h,all,千瓦
2782,249.86592327917182,339.1174434291625,5.718521474997638,-6.211192523416923,695126.998562656,319931781.6983246,12155711.954599999,mlp,3407,7,pv_corrected,6–12h,generating,千瓦
4464,181.9765272381419,311.071197179736,6.666547624455597,4.030970199191747,812343.2175910654,431960253.2870197,12185365.8498,mlp,3407,7,pv_corrected,12–18h,all,千瓦
2782,289.46917549888286,393.7204727684334,6.6087736401538555,3.9375555772892468,805303.2462378922,431253985.3034104,12185365.8498,mlp,3407,7,pv_corrected,12–18h,generating,千瓦
4464,193.99806696206468,346.4576322104673,7.0922678141071565,-31.583014979503016,866007.3709186567,535826825.0529676,12210584.7328,mlp,3407,7,pv_corrected,18–24h,all,千瓦
2782,307.932020349018,438.510606008204,7.015772785309737,-54.0356107750504,856666.880610968,534955096.50024015,12210584.7328,mlp,3407,7,pv_corrected,18–24h,generating,千瓦
17856,283.43365648521507,378.5123005809871,5.3334700558499515,-105.58371118951614,5060991.370200001,2558257005.556487,94891155.61170001,periodic,none,7,load,all,all,千瓦
4464,288.2680412858423,383.71144241137694,5.401050611589827,-112.05173613351258,1286828.5363,657254678.7110405,23825522.6407,periodic,none,7,load,0–6h,all,千瓦
4464,284.70222690412186,379.7749822624323,5.342759023175421,-107.57514119623656,1270910.7409,643838421.8484509,23787536.278300002,periodic,none,7,load,6–12h,all,千瓦
4464,282.60499540770604,378.05619589060973,5.325167767718257,-103.79332314068097,1261548.6994999999,638023839.0897098,23690309.0105,periodic,none,7,load,12–18h,all,千瓦
4464,278.15936234318997,372.41945615571245,5.264179117726347,-98.91464428763442,1241703.3935,619140065.9072855,23587787.6822,periodic,none,7,load,18–24h,all,千瓦
17856,229.72428983534945,420.3258242865479,8.421479455612465,-10.027632868503586,4101956.9192999997,3154687347.126035,48708269.6208,periodic,none,7,pv,all,all,千瓦
11130,368.54720572327045,532.390838597453,8.421425009826962,-16.089841159029653,4101930.3997,3154687255.900417,48708269.6208,periodic,none,7,pv,all,generating,千瓦
4464,228.79033702956986,418.9487681847887,8.401357858129861,-8.949839852150541,1021320.0644999999,783512666.1028953,12156607.0836,periodic,none,7,pv,0–6h,all,千瓦
2784,366.85109001436786,530.5036655058273,8.401303320708735,-14.35298670977012,1021313.4346,783512643.2964904,12156607.0836,periodic,none,7,pv,0–6h,generating,千瓦
4464,228.76897954749103,418.949198710834,8.401192200951629,-8.929020004480288,1021224.7246999999,783514276.4324083,12155711.954599999,periodic,none,7,pv,6–12h,all,千瓦
2782,367.080551689432,530.6948680739256,8.401137659514445,-14.32989762760604,1021218.0947999998,783514253.6260036,12155711.954599999,periodic,none,7,pv,6–12h,generating,千瓦
4464,229.92304558691754,419.9830069767188,8.423025522182792,-10.36996001344086,1026376.4755,787385881.5300584,12185365.8498,periodic,none,7,pv,12–18h,all,千瓦
2782,368.9323672178289,532.0044224516776,8.422971113475809,-16.642031416247303,1026369.8456,787385858.7236537,12185365.8498,periodic,none,7,pv,12–18h,generating,千瓦
4464,231.41479717741936,423.4063847362904,8.46016531726827,-11.861711603942652,1033035.6546,800274523.0606737,12210584.7328,periodic,none,7,pv,18–24h,all,千瓦
2782,371.32603332135153,536.3409125717517,8.460111020933205,-19.03569751976995,1033029.0247,800274500.2542689,12210584.7328,periodic,none,7,pv,18–24h,generating,千瓦
17856,0.055271740591397854,0.07849200099647166,6.679274601520907,-0.014455913978494623,986.9322000000001,110.01071280000001,14776.0387,periodic,none,7,price,all,all,元/千瓦时
4464,0.055436267921146955,0.07868275397346906,6.6784152044548915,-0.01487488799283154,247.4675,27.636515849999995,3705.4824,periodic,none,7,price,0–6h,all,元/千瓦时
4464,0.055328181003584234,0.07855902536277942,6.671763627371311,-0.014574551971326165,246.985,27.54966736,3701.9447,periodic,none,7,price,6–12h,all,元/千瓦时
4464,0.055282370071684586,0.0784991714136806,6.687310989951982,-0.014364717741935484,246.7805,27.50770329,3690.2799999999997,periodic,none,7,price,12–18h,all,元/千瓦时
4464,0.055040143369175634,0.0782263429433253,6.679637039792715,-0.014009498207885305,245.69920000000002,27.316826300000002,3678.3316,periodic,none,7,price,18–24h,all,元/千瓦时
17856,232.67889463298985,457.1054985871555,8.529792527863625,-21.908828965053768,4154714.3425666667,3730929720.190256,48708269.6208,periodic,none,7,pv_corrected,all,all,千瓦
11130,371.92998919137466,578.8322236060645,8.498722725991204,-36.50832101227913,4139580.7797,3729070250.533169,48708269.6208,periodic,none,7,pv_corrected,all,generating,千瓦
4464,119.07388272849462,208.7950281264261,4.372484928110308,-5.737095631720428,531545.8125,194609703.87068647,12156607.0836,periodic,none,7,pv_corrected,0–6h,all,千瓦
2784,189.60363945462166,264.0874610762689,4.342136984535571,-10.524308605723178,527856.5322416667,194162248.88002422,12156607.0836,periodic,none,7,pv_corrected,0–6h,generating,千瓦
4464,176.5120649156213,311.7407919610413,6.482136634417,-0.1790554883512562,787949.8577833334,433821882.60682756,12155711.954599999,periodic,none,7,pv_corrected,6–12h,all,千瓦
2782,281.88314672897195,394.687846136024,6.4512791774671925,-1.6356029055835186,784198.9142,433375775.55900764,12155711.954599999,periodic,none,7,pv_corrected,6–12h,generating,千瓦
4464,271.65742625448024,481.30157497852923,9.951927301550029,8.064766061827958,1212678.7507999998,1034090983.9268924,12185365.8498,periodic,none,7,pv_corrected,12–18h,all,千瓦
2782,434.5310174634556,609.5406597282937,9.920631891435372,11.569969620177332,1208865.2905833335,1033623767.7280937,12185365.8498,periodic,none,7,pv_corrected,12–18h,generating,千瓦
4464,363.47220463336316,680.7002689398785,13.287978888716738,-89.78393080197135,1622539.9214833332,2068407149.7858493,12210584.7328,periodic,none,7,pv_corrected,18–24h,all,千瓦
2782,581.8332288551402,862.1584557744725,13.256204171180803,-145.4620222531752,1618660.042675,2067908458.3660429,12210584.7328,periodic,none,7,pv_corrected,18–24h,generating,千瓦
17856,658.1678749607975,1103.5625019297463,12.384974658113402,13.173662908826177,11752245.575299999,21745933093.802124,94891155.61170001,yesterday,none,7,load,all,all,千瓦
4464,644.7722816756273,1084.500235534356,12.080588991920791,-15.42472195340501,2878263.4654,5250292356.541866,23825522.6407,yesterday,none,7,load,0–6h,all,千瓦
4464,646.6421601478495,1086.05006302766,12.134970890336755,-2.682505219534031,2886610.6029000003,5265309156.692244,23787536.278300002,yesterday,none,7,load,6–12h,all,千瓦
4464,663.0424623879928,1109.4951507966236,12.493807281231115,21.38179464605734,2959821.5521,5495092441.758419,23690309.0105,yesterday,none,7,load,12–18h,all,千瓦
4464,678.2145956317205,1133.4795069802035,12.83524337123262,49.42008416218643,3027549.9549000002,5735239138.809597,23587787.6822,yesterday,none,7,load,18–24h,all,千瓦
17856,229.72428983534945,420.3258242865479,8.421479455612465,-10.027632868503586,4101956.9192999997,3154687347.126035,48708269.6208,yesterday,none,7,pv,all,all,千瓦
11130,368.54720572327045,532.390838597453,8.421425009826962,-16.089841159029653,4101930.3997,3154687255.900417,48708269.6208,yesterday,none,7,pv,all,generating,千瓦
4464,228.79033702956986,418.9487681847887,8.401357858129861,-8.949839852150541,1021320.0644999999,783512666.1028953,12156607.0836,yesterday,none,7,pv,0–6h,all,千瓦
2784,366.85109001436786,530.5036655058273,8.401303320708735,-14.35298670977012,1021313.4346,783512643.2964904,12156607.0836,yesterday,none,7,pv,0–6h,generating,千瓦
4464,228.76897954749103,418.949198710834,8.401192200951629,-8.929020004480288,1021224.7246999999,783514276.4324083,12155711.954599999,yesterday,none,7,pv,6–12h,all,千瓦
2782,367.080551689432,530.6948680739256,8.401137659514445,-14.32989762760604,1021218.0947999998,783514253.6260036,12155711.954599999,yesterday,none,7,pv,6–12h,generating,千瓦
4464,229.92304558691754,419.9830069767188,8.423025522182792,-10.36996001344086,1026376.4755,787385881.5300584,12185365.8498,yesterday,none,7,pv,12–18h,all,千瓦
2782,368.9323672178289,532.0044224516776,8.422971113475809,-16.642031416247303,1026369.8456,787385858.7236537,12185365.8498,yesterday,none,7,pv,12–18h,generating,千瓦
4464,231.41479717741936,423.4063847362904,8.46016531726827,-11.861711603942652,1033035.6546,800274523.0606737,12210584.7328,yesterday,none,7,pv,18–24h,all,千瓦
2782,371.32603332135153,536.3409125717517,8.460111020933205,-19.03569751976995,1033029.0247,800274500.2542689,12210584.7328,yesterday,none,7,pv,18–24h,generating,千瓦
17856,0.08510930219534049,0.1238520229563885,10.284973739274248,0.0008396673387096758,1519.7116999999998,273.89896203,14776.0387,yesterday,none,7,price,all,all,元/千瓦时
4464,0.08352822580645161,0.12149314891373467,10.062657428895088,-0.002298163082437275,372.87,65.89125247999999,3705.4824,yesterday,none,7,price,0–6h,all,元/千瓦时
4464,0.08382443996415771,0.12170390526928748,10.107992699080567,-0.0010605958781361971,374.19230000000005,66.12005625,3701.9447,yesterday,none,7,price,6–12h,all,元/千瓦时
4464,0.08555557795698926,0.12442612653901025,10.349352894631304,0.0017385528673835133,381.92010000000005,69.11102735,3690.2799999999997,yesterday,none,7,price,12–18h,all,元/千瓦时
4464,0.08752896505376345,0.1276832314961003,10.622459921775405,0.0049788754480286765,390.7293,72.77662595000001,3678.3316,yesterday,none,7,price,18–24h,all,元/千瓦时
17856,232.67889463298985,457.1054985871555,8.529792527863625,-21.908828965053768,4154714.3425666667,3730929720.190256,48708269.6208,issued,none,7,pv_corrected,all,all,千瓦
11130,371.92998919137466,578.8322236060645,8.498722725991204,-36.50832101227913,4139580.7797,3729070250.533169,48708269.6208,issued,none,7,pv_corrected,all,generating,千瓦
4464,119.07388272849462,208.7950281264261,4.372484928110308,-5.737095631720428,531545.8125,194609703.87068647,12156607.0836,issued,none,7,pv_corrected,0–6h,all,千瓦
2784,189.60363945462166,264.0874610762689,4.342136984535571,-10.524308605723178,527856.5322416667,194162248.88002422,12156607.0836,issued,none,7,pv_corrected,0–6h,generating,千瓦
4464,176.5120649156213,311.7407919610413,6.482136634417,-0.1790554883512562,787949.8577833334,433821882.60682756,12155711.954599999,issued,none,7,pv_corrected,6–12h,all,千瓦
2782,281.88314672897195,394.687846136024,6.4512791774671925,-1.6356029055835186,784198.9142,433375775.55900764,12155711.954599999,issued,none,7,pv_corrected,6–12h,generating,千瓦
4464,271.65742625448024,481.30157497852923,9.951927301550029,8.064766061827958,1212678.7507999998,1034090983.9268924,12185365.8498,issued,none,7,pv_corrected,12–18h,all,千瓦
2782,434.5310174634556,609.5406597282937,9.920631891435372,11.569969620177332,1208865.2905833335,1033623767.7280937,12185365.8498,issued,none,7,pv_corrected,12–18h,generating,千瓦
4464,363.47220463336316,680.7002689398785,13.287978888716738,-89.78393080197135,1622539.9214833332,2068407149.7858493,12210584.7328,issued,none,7,pv_corrected,18–24h,all,千瓦
2782,581.8332288551402,862.1584557744725,13.256204171180803,-145.4620222531752,1618660.042675,2067908458.3660429,12210584.7328,issued,none,7,pv_corrected,18–24h,generating,千瓦
17856,283.43365648521507,378.5123005809871,5.3334700558499515,-105.58371118951614,5060991.370200001,2558257005.556487,94891155.61170001,weekly,none,7,load,all,all,千瓦
4464,288.2680412858423,383.71144241137694,5.401050611589827,-112.05173613351258,1286828.5363,657254678.7110405,23825522.6407,weekly,none,7,load,0–6h,all,千瓦
4464,284.70222690412186,379.7749822624323,5.342759023175421,-107.57514119623656,1270910.7409,643838421.8484509,23787536.278300002,weekly,none,7,load,6–12h,all,千瓦
4464,282.60499540770604,378.05619589060973,5.325167767718257,-103.79332314068097,1261548.6994999999,638023839.0897098,23690309.0105,weekly,none,7,load,12–18h,all,千瓦
4464,278.15936234318997,372.41945615571245,5.264179117726347,-98.91464428763442,1241703.3935,619140065.9072855,23587787.6822,weekly,none,7,load,18–24h,all,千瓦
17856,255.14997799059142,483.1376234436419,9.353561607646311,-59.82652157258065,4555958.007,4167982574.6629715,48708269.6208,weekly,none,7,pv,all,all,千瓦
11130,409.23376471698117,611.9466362684086,9.351126280525815,-96.08702380053907,4554771.8013,4167947771.1756487,48708269.6208,weekly,none,7,pv,all,generating,千瓦
4464,258.072058781362,488.5180148275106,9.47660529354579,-62.946423655913975,1152033.6704,1065332934.020357,12156607.0836,weekly,none,7,pv,0–6h,all,千瓦
2784,413.7054456537357,618.5949657595822,9.4743208592617,-101.0310865301724,1151755.9607000002,1065324692.9500667,12156607.0836,weekly,none,7,pv,0–6h,generating,千瓦
4464,258.00583172043014,488.50455875563074,9.474871049113304,-62.80977226702509,1151738.0328000002,1065274246.3213496,12155711.954599999,weekly,none,7,pv,6–12h,all,千瓦
2782,413.88756319194823,618.8000586994312,9.472379775865539,-100.89347785765638,1151435.2008,1065265392.1823391,12155711.954599999,weekly,none,7,pv,6–12h,generating,千瓦
4464,254.2534112007168,481.69309499291785,9.31434674666439,-58.76734565412186,1134987.2275999999,1035774053.3778539,12185365.8498,weekly,none,7,pv,12–18h,all,千瓦
2782,407.86642544931703,610.1717472916706,9.311861536095147,-94.40699604601008,1134684.3956,1035765199.2388434,12185365.8498,weekly,none,7,pv,12–18h,generating,千瓦
4464,250.26861025985664,473.68033550821997,9.149431420749135,-54.78254471326165,1117199.0762,1001601340.9434109,12210584.7328,weekly,none,7,pv,18–24h,all,千瓦
2782,401.4724098490295,600.0217126446372,9.146951342959031,-88.01298044572248,1116896.2442,1001592486.8044,12210584.7328,weekly,none,7,pv,18–24h,generating,千瓦
17856,0.055271740591397854,0.07849200099647166,6.679274601520907,-0.014455913978494623,986.9322000000001,110.01071280000001,14776.0387,weekly,none,7,price,all,all,元/千瓦时
4464,0.055436267921146955,0.07868275397346906,6.6784152044548915,-0.01487488799283154,247.4675,27.636515849999995,3705.4824,weekly,none,7,price,0–6h,all,元/千瓦时
4464,0.055328181003584234,0.07855902536277942,6.671763627371311,-0.014574551971326165,246.985,27.54966736,3701.9447,weekly,none,7,price,6–12h,all,元/千瓦时
4464,0.055282370071684586,0.0784991714136806,6.687310989951982,-0.014364717741935484,246.7805,27.50770329,3690.2799999999997,weekly,none,7,price,12–18h,all,元/千瓦时
4464,0.055040143369175634,0.0782263429433253,6.679637039792715,-0.014009498207885305,245.69920000000002,27.316826300000002,3678.3316,weekly,none,7,price,18–24h,all,元/千瓦时
17856,181.15541299646304,228.95661770245118,3.5806123803944097,60.84983446705589,3234711.054464844,936031747.0937114,90339604.2581,mlp,42,8,load,all,all,千瓦
4464,175.05383599639129,220.0412741322427,3.4697263198073944,52.88324151484444,781440.3238878907,216138676.60425085,22521670.3527,mlp,42,8,load,0–6h,all,千瓦
4464,178.9150263452236,225.78003982930917,3.544896091260653,58.234259003538725,798676.6776050781,227559660.18408826,22530326.8994,mlp,42,8,load,6–12h,all,千瓦
4464,181.61036236069108,228.3224332915497,3.5853379715653544,59.714459866256426,810708.657578125,232713380.14119345,22611777.857699998,mlp,42,8,load,12–18h,all,千瓦
4464,189.04242728354612,241.1609605797467,3.7215194640722356,72.56737748358395,843885.3953937499,259620030.16417876,22675829.1483,mlp,42,8,load,18–24h,all,千瓦
17856,205.6398068090437,383.0505860564393,7.056347947961944,-48.24872167235939,3671904.3903822843,2619970730.39441,52036895.2532,mlp,42,8,pv,all,all,千瓦
10663,343.5767285014978,495.67611856368575,7.04030983821269,-81.5788153945852,3663558.6560114715,2619843807.1666317,52036895.253199995,mlp,42,8,pv,all,generating,千瓦
4464,207.72346471596137,385.90307202727837,7.123592480909597,-50.03724838823713,927277.5464920516,664784151.9844054,13016993.167100001,mlp,42,8,pv,0–6h,all,千瓦
2668,346.8362256730077,499.15855724493576,7.10885408186583,-84.43957016550132,925359.0500955845,664756919.7426165,13016993.167100001,mlp,42,8,pv,0–6h,generating,千瓦
4464,207.55414858525114,386.8065209794859,7.119105583553041,-52.16801017851591,926521.7192845611,667900486.7769395,13014580.3909,mlp,42,8,pv,6–12h,all,千瓦
2665,346.9865595105932,500.6094040368468,7.10525543906363,-88.06023850871483,924719.181095731,667875051.4679883,13014580.3909,mlp,42,8,pv,6–12h,generating,千瓦
4464,204.90929066368582,383.0687646680259,7.031126916837689,-46.34269747436641,914715.0735226935,655054852.6645789,13009508.7792,mlp,42,8,pv,12–18h,all,千瓦
2665,342.6577100999748,495.77405975612487,7.019348792603587,-78.20115483370819,913182.7974164328,655035462.3416407,13009508.779199999,mlp,42,8,pv,12–18h,generating,千瓦
4464,202.37232327127649,376.3361021428779,6.951393167338961,-44.446930648318116,903390.0510829783,632231238.9684865,12995812.916000001,mlp,42,8,pv,18–24h,all,千瓦
2665,337.8227494948305,487.0466087602248,6.927597628735541,-75.61107770857299,900297.6274037232,632176373.6143866,12995812.916,mlp,42,8,pv,18–24h,generating,千瓦
17856,0.042037222672787936,0.05418053697938552,5.336465184846486,0.004496086982608269,750.6166480453014,52.416834168160165,14065.802399999999,mlp,42,8,price,all,all,元/千瓦时
4464,0.04139658360989184,0.052944721348128894,5.263620432670786,0.0038688943869484363,184.79434923455716,12.513232667168854,3510.7841000000003,mlp,42,8,price,0–6h,all,元/千瓦时
4464,0.04164821072593332,0.05321513794713862,5.294101408589234,0.003490332742887266,185.91761268056632,12.641382447656078,3511.7879000000003,mlp,42,8,price,6–12h,all,元/千瓦时
4464,0.041981910472024084,0.05403724851603807,5.326165825240296,0.0041952881013567304,187.4072483471155,13.034988150149637,3518.6146,mlp,42,8,price,12–18h,all,元/千瓦时
4464,0.04312218588330253,0.056454439125282065,5.461515487250057,0.006429832699240643,192.49743778306248,14.227230903185596,3524.6158,mlp,42,8,price,18–24h,all,元/千瓦时
17856,186.35505729935244,331.06185685253826,6.394608838490628,-46.67799178542646,3327555.9031372373,1957052473.8866882,52036895.2532,mlp,42,8,pv_corrected,all,all,千瓦
10663,304.4261402705061,426.303268592194,6.238066121949865,-85.80532596393188,3246095.9337044065,1937834726.2504964,52036895.253199995,mlp,42,8,pv_corrected,all,generating,千瓦
4464,150.13381993889757,250.0836650349109,5.148634278315052,-29.441343186373693,670197.3722072388,279186771.60519826,13016993.167100001,mlp,42,8,pv_corrected,0–6h,all,千瓦
2668,243.6285295656516,320.7590302133565,4.993479742495474,-56.83006420916509,650000.9168811585,274500796.3763857,13016993.167100001,mlp,42,8,pv_corrected,0–6h,generating,千瓦
4464,176.74649738460116,304.7504027224826,6.062403401622831,-36.25160926823085,788996.3643248596,414584214.7312764,13014580.3909,mlp,42,8,pv_corrected,6–12h,all,千瓦
2665,288.28159549788427,392.08479743667846,5.90315191828273,-68.50022367594019,768270.4520018615,409691751.5352615,13014580.3909,mlp,42,8,pv_corrected,6–12h,generating,千瓦
4464,194.05694636176733,347.36964641208283,6.6587464850629,-65.7481372652129,866270.2085589294,538651556.4531051,13009508.7792,mlp,42,8,pv_corrected,12–18h,all,千瓦
2665,317.3185552020504,447.51564156924877,6.500275790316708,-117.8671458526737,845653.9496134643,533720214.7819483,13009508.779199999,mlp,42,8,pv_corrected,12–18h,generating,千瓦
4464,224.48296551214378,402.89886265083686,7.7108832246459045,-55.2708774218884,1002091.9580462098,724629931.0971084,12995812.916000001,mlp,42,8,pv_corrected,18–24h,all,千瓦
2665,368.5443209035356,519.7495296460761,7.557592753576097,-100.0564876733948,982170.6152079224,719921963.5569009,12995812.916,mlp,42,8,pv_corrected,18–24h,generating,千瓦
17856,176.76232073631152,223.7987042081651,3.493781077510733,55.408356968355335,3156267.9990675785,894333116.2538115,90339604.2581,mlp,2026,8,load,all,all,千瓦
4464,171.8119924909694,216.03725992233018,3.4054700316121966,49.94024206131692,766968.7344796874,208344244.0200771,22521670.3527,mlp,2026,8,load,0–6h,all,千瓦
4464,175.1388627408154,221.23762201997715,3.4700778500280895,52.34803919953377,781819.8832749999,218495325.21245027,22530326.8994,mlp,2026,8,load,6–12h,all,千瓦
4464,176.04996982430623,222.08902917172733,3.475565124694892,53.685132309605315,785887.065295703,220180268.62535775,22611777.857699998,mlp,2026,8,load,12–18h,all,千瓦
4464,184.04845788915492,235.375699830658,3.6232073837034626,65.6600143029654,821592.3160171875,247313278.3959263,22675829.1483,mlp,2026,8,load,18–24h,all,千瓦
17856,202.89902840516032,380.2307098919238,6.962300563040892,-53.17836531152972,3622965.0512025426,2581538212.8532257,52036895.2532,mlp,2026,8,pv,all,all,千瓦
10663,339.4730923851897,492.0344010474246,6.956221285859055,-89.3478719030235,3619801.584103278,2581489393.8937254,52036895.253199995,mlp,2026,8,pv,all,generating,千瓦
4464,205.2246259739164,383.32338315119557,7.037898219559885,-55.72083216512594,916122.7303475628,655925946.9386151,13016993.167100001,mlp,2026,8,pv,0–6h,all,千瓦
2668,343.14166487323206,495.8276907191142,7.033129311273533,-93.46272985416114,915501.9618817832,655914723.8221105,13016993.167100001,mlp,2026,8,pv,0–6h,generating,千瓦
4464,205.33406164014312,383.6079012769088,7.042956619657963,-56.52794549022475,916611.2511615988,656900017.860141,13014580.3909,mlp,2026,8,pv,6–12h,all,千瓦
2665,343.35138033489807,496.4692710039543,7.030817752928153,-95.27976406658867,915031.4285925033,656873829.2414422,13014580.3909,mlp,2026,8,pv,6–12h,generating,千瓦
4464,202.0114003395702,379.7784091809339,6.931690553586718,-50.907714789288754,901778.8911158413,643850041.317124,13009508.7792,mlp,2026,8,pv,12–18h,all,千瓦
2665,338.0482557369599,491.5189020158142,6.924924044629435,-85.60312510177424,900898.6015389981,643839564.7184861,13009508.779199999,mlp,2026,8,pv,12–18h,generating,千瓦
4464,199.02602566701154,374.13646294782797,6.836449434292082,-49.556968801479364,888452.1785775395,624862206.7373456,12995812.916000001,mlp,2026,8,pv,18–24h,all,千瓦
2665,333.34693887054146,484.22053033006375,6.835813948939375,-83.04123647930598,888369.592089993,624861276.1116866,12995812.916,mlp,2026,8,pv,18–24h,generating,千瓦
17856,0.041128712324091106,0.052985392734529096,5.221133259052259,0.004211597454232101,734.3942872589707,50.12986011275575,14065.802399999999,mlp,2026,8,price,all,all,元/千瓦时
4464,0.04068460197156315,0.052003990126766084,5.173091196381398,0.0033720207098110384,181.6160632010579,12.072508511363758,3510.7841000000003,mlp,2026,8,price,0–6h,all,元/千瓦时
4464,0.04107898532543932,0.05239526162593316,5.221744470751241,0.004181799897938754,183.37659049276112,12.254855999954327,3511.7879000000003,mlp,2026,8,price,6–12h,all,元/千瓦时
4464,0.04105527222383246,0.05281004133877186,5.208604977856573,0.0046676616023705216,183.27073520718812,12.449651681129268,3518.6146,mlp,2026,8,price,12–18h,all,元/千瓦时
4464,0.04169598977552948,0.05469212444924401,5.280884752260476,0.004624907606808088,186.1308983579636,13.352843920308398,3524.6158,mlp,2026,8,price,18–24h,all,元/千瓦时
17856,184.57268057916735,324.7526187991903,6.333448159013565,-38.23061426093091,3295729.7844216125,1883169887.5727415,52036895.2532,mlp,2026,8,pv_corrected,all,all,千瓦
10663,301.2636857344177,417.98630708743286,6.173263538025075,-71.83728328600756,3212374.680986096,1862959951.7069445,52036895.253199995,mlp,2026,8,pv_corrected,all,generating,千瓦
4464,149.29428213408139,244.1721401113099,5.119843476072245,-14.463718663204007,666449.6754465393,266143831.8051818,13016993.167100001,mlp,2026,8,pv_corrected,0–6h,all,千瓦
2668,242.34464750369642,313.1192237057234,4.967164930024388,-31.64924888276609,646575.519539862,261580453.5418717,13016993.167100001,mlp,2026,8,pv_corrected,0–6h,generating,千瓦
4464,176.93222826790483,302.02329299778495,6.0687739693873315,-30.451491094481206,789825.4669879272,407197462.3070403,13014580.3909,mlp,2026,8,pv_corrected,6–12h,all,千瓦
2665,288.0965321397093,388.16096397127797,5.899362369678606,-59.280924983627,767777.2581523254,401532708.97971284,13014580.3909,mlp,2026,8,pv_corrected,6–12h,generating,千瓦
4464,196.7388387460565,348.9513971620781,6.750771232550737,-61.61138104504137,878242.1761623962,543568234.3232194,13009508.7792,mlp,2026,8,pv_corrected,12–18h,all,千瓦
2665,321.5250026393914,449.4563273856123,6.586444934830735,-111.22373325083777,856864.1320339781,538359288.9548557,13009508.779199999,mlp,2026,8,pv_corrected,12–18h,generating,千瓦
4464,215.32537316862675,386.33129897356156,7.396324277962926,-46.39586624099704,961212.4658247498,666260359.1372999,12995812.916000001,mlp,2026,8,pv_corrected,18–24h,all,千瓦
2665,353.1548860262403,498.2097406489434,7.242007693887385,-85.24046584038653,941157.7712599305,661487500.230504,12995812.916,mlp,2026,8,pv_corrected,18–24h,generating,千瓦
17856,177.35249612267063,224.15547515287457,3.505446140453361,55.75342517186099,3166806.1707664067,897186809.2442918,90339604.2581,mlp,3407,8,load,all,all,千瓦
4464,173.74561348540058,218.10249496140867,3.4437961592215816,49.30601443168612,775600.4185988281,212346669.24865875,22521670.3527,mlp,3407,8,load,0–6h,all,千瓦
4464,175.15426030430947,220.84973490119035,3.4703829264867867,53.30584049881693,781888.6179984375,217729838.53205392,22530326.8994,mlp,3407,8,load,6–12h,all,千瓦
4464,176.45963251620606,221.97346236725667,3.4836526544245285,54.57356786479335,787715.7995523438,219951181.13105455,22611777.857699998,mlp,3407,8,load,12–18h,all,千瓦
4464,184.05047818476632,235.30232989585664,3.623247155566049,65.8282778921476,821601.3346167968,247159120.33252442,22675829.1483,mlp,3407,8,load,18–24h,all,千瓦
17856,206.9839805819752,382.1746345786154,7.10247208118065,-51.743407037603944,3695905.957271749,2608001850.685965,52036895.2532,mlp,3407,8,pv,all,all,千瓦
10663,344.6050803149752,494.49811717858637,7.061382031958598,-88.65349919690746,3674523.971398581,2607406200.104839,52036895.253199995,mlp,3407,8,pv,all,generating,千瓦
4464,209.91845792600515,384.71917696358054,7.198866774779556,-51.51111333035212,937075.996181687,660711484.6314592,13016993.167100001,mlp,3407,8,pv,0–6h,all,千瓦
2668,349.1572441571549,497.5583959352083,7.156426337886951,-88.2571509284444,931551.5274112892,660501705.4514675,13016993.167100001,mlp,3407,8,pv,0–6h,generating,千瓦
4464,209.69272803054687,386.2717180135117,7.1924588408772285,-58.457744384997085,936068.3379283613,666054870.3720586,13014580.3909,mlp,3407,8,pv,6–12h,all,千瓦
2665,348.9487435236262,499.8598377557898,7.145435147034771,-100.21587518668834,929948.4014904639,665876519.9743166,13014580.3909,mlp,3407,8,pv,6–12h,generating,千瓦
4464,207.00808101557317,383.3280598539512,7.1031434724958435,-52.750017244202986,924084.0736535186,655941952.1683044,13009508.7792,mlp,3407,8,pv,12–18h,all,千瓦
2665,344.3414299755084,496.05899829208425,7.05383982177658,-90.76556838533236,917669.9108847298,655788621.8811452,13009508.779199999,mlp,3407,8,pv,12–18h,generating,千瓦
4464,201.3166553557756,374.2655721932672,6.915131475936847,-44.25475319086357,898677.5495081822,625293543.5141422,12995812.916000001,mlp,3407,8,pv,18–24h,all,千瓦
2665,335.967779216547,484.3669986875677,6.889558486254972,-75.37584845782344,895354.1316120977,625239352.7979097,12995812.916,mlp,3407,8,pv,18–24h,generating,千瓦
17856,0.04085554547622119,0.05266564331501641,5.1864557689464315,0.000914613930797572,729.5166200234055,49.526651266168614,14065.802399999999,mlp,3407,8,price,all,all,元/千瓦时
4464,0.04044296025378516,0.05176897755482606,5.142366190301959,0.0004347127629864595,180.53737457289697,11.963640693489786,3510.7841000000003,mlp,3407,8,price,0–6h,all,元/千瓦时
4464,0.04073910919879447,0.05204811059034843,5.17854120584613,0.0007590137934626006,181.8593834634185,12.093001962736228,3511.7879000000003,mlp,3407,8,price,6–12h,all,元/千瓦时
4464,0.040823586664549126,0.052519615634464965,5.179211467790401,0.001284780412009753,182.2364908705473,12.313095957813605,3518.6146,mlp,3407,8,price,12–18h,all,元/千瓦时
4464,0.04141652578775601,0.054289382605155576,5.2454900507607904,0.0011799487547314723,184.88337111654283,13.156912652128995,3524.6158,mlp,3407,8,price,18–24h,all,元/千瓦时
17856,183.9026481715573,319.8884302247867,6.310456590027616,-14.35975119660849,3283765.6857513273,1827179620.7282066,52036895.2532,mlp,3407,8,pv_corrected,all,all,千瓦
10663,299.8274160509078,411.4723018406667,6.143832605297925,-32.17796734194304,3197059.73735083,1805346720.6062708,52036895.253199995,mlp,3407,8,pv_corrected,all,generating,千瓦
4464,154.95355781276524,251.73067439196083,5.313920605139933,7.836436150097599,691712.6820761841,282876235.96676743,13016993.167100001,mlp,3407,8,pv_corrected,0–6h,all,千瓦
2668,251.6875748944307,322.9045747196367,5.158660231270154,5.536588724210142,671502.4498183411,278185328.1521516,13016993.167100001,mlp,3407,8,pv_corrected,0–6h,generating,千瓦
4464,175.1742144249154,297.3851852977193,6.008474109081484,-15.591775942096225,781977.6931928223,394787001.81187075,13014580.3909,mlp,3407,8,pv_corrected,6–12h,all,千瓦
2665,284.62011259460337,381.7574482365101,5.828175609833583,-34.92186901828214,758512.600064618,388393766.84199774,13014580.3909,mlp,3407,8,pv_corrected,6–12h,generating,千瓦
4464,188.91912702502316,334.1554274762407,6.4824506240239685,-36.906755000976496,843334.9830397033,498449569.11360526,13009508.7792,mlp,3407,8,pv_corrected,12–18h,all,千瓦
2665,308.1305535793627,430.02498864264686,6.312059426885587,-70.13839102253695,821167.9252890015,492815773.1341943,13009508.779199999,mlp,3407,8,pv_corrected,12–18h,generating,千瓦
4464,216.56369342352548,381.90090414987696,7.4388599904543105,-12.77690999345881,966740.3274426177,651066813.835963,12995812.916000001,mlp,3407,8,pv_corrected,18–24h,all,千瓦
2665,354.92561432602986,492.32452135321904,7.278319319404318,-29.23065346136897,945876.7621788696,645951852.4779272,12995812.916,mlp,3407,8,pv_corrected,18–24h,generating,千瓦
17856,187.1542912690412,237.23724030807819,3.6991827143191913,43.54868009072581,3341827.0248999996,1004962610.222656,90339604.2581,periodic,none,8,load,all,all,千瓦
4464,183.77835450268816,231.55202998723743,3.642654215483837,37.78574097222222,820386.5745,239343353.3271637,22521670.3527,periodic,none,8,load,0–6h,all,千瓦
4464,186.71432343189963,236.40583567374782,3.6994258606260906,42.34050681003584,833492.7398,249482778.24365208,22530326.8994,periodic,none,8,load,6–12h,all,千瓦
4464,187.00816500896056,236.5118617298756,3.6919009812212695,43.82843037634409,834804.4486,249706610.33859152,22611777.857699998,periodic,none,8,load,12–18h,all,千瓦
4464,191.11632213261652,244.30331615683394,3.7623464898259744,50.24004220430107,853143.2620000001,266429868.3132487,22675829.1483,periodic,none,8,load,18–24h,all,千瓦
17856,214.7148915546595,409.5809730415478,7.367751448169329,-1.7071530353942683,3833949.1036,2995461376.017117,52036895.2532,periodic,none,8,pv,all,all,千瓦
10663,359.5472996530057,530.0198041054615,7.367566488249005,-2.8677831754665646,3833852.8562,2995460545.629185,52036895.253199995,periodic,none,8,pv,all,generating,千瓦
4464,217.21435291218637,413.1648238692029,7.449069527444662,-5.363466801075271,969644.8714,762027886.3923292,13016993.167100001,periodic,none,8,pv,0–6h,all,千瓦
2668,363.4261673913043,534.4320076315497,7.4488862531685385,-8.982898275862073,969621.0145999999,762027678.8439449,13016993.167100001,periodic,none,8,pv,0–6h,generating,千瓦
4464,217.0876932795699,413.1332209861878,7.4461060878889,-5.227629435483871,969079.4628,761911316.172733,13014580.3909,periodic,none,8,pv,6–12h,all,千瓦
2665,363.62301410881804,534.6918274144194,7.445920678914694,-8.765578986866785,969055.3326000001,761911108.5595504,13014580.3909,periodic,none,8,pv,6–12h,generating,千瓦
4464,214.81472036290324,410.3858741476621,7.37101552391564,-1.2818672267025115,958932.9117,751811549.2845355,13009508.7792,periodic,none,8,pv,12–18h,all,千瓦
2665,359.81567786116324,531.1361116582542,7.370830042661817,-2.1562422138836843,958908.7815,751811341.671353,13009508.779199999,periodic,none,8,pv,12–18h,generating,千瓦
4464,209.7427996639785,401.5289506939842,7.204565530081381,5.044351321684589,936291.8577,719710624.1675191,12995812.916000001,periodic,none,8,pv,18–24h,all,千瓦
2665,351.31997279549716,519.6731605817442,7.204379853354915,8.440470581613503,936267.7274999999,719710416.5543365,12995812.916,periodic,none,8,pv,18–24h,generating,千瓦
17856,0.04716923723118279,0.061279122735043476,5.987954871312568,0.0068391969086021515,842.2538999999999,67.05161704999999,14065.802399999999,periodic,none,8,price,all,all,元/千瓦时
4464,0.04674274193548387,0.06037394733678667,5.943390252906751,0.006029838709677421,208.65959999999998,16.271340340000002,3510.7841000000003,periodic,none,8,price,0–6h,all,元/千瓦时
4464,0.046927128136200716,0.060576466069649976,5.9651296138926835,0.006584341397849462,209.4827,16.38068479,3511.7879000000003,periodic,none,8,price,6–12h,all,元/千瓦时
4464,0.04709652777777778,0.06110325580215555,5.975047679276952,0.006917585125448028,210.2389,16.66682553,3518.6146,periodic,none,8,price,12–18h,all,元/千瓦时
4464,0.04791055107526882,0.06302692999480375,6.067972004211069,0.007825022401433693,213.8727,17.732766390000002,3524.6158,periodic,none,8,price,18–24h,all,元/千瓦时
17856,243.11115660935636,491.25086887774603,8.34214414848226,-65.67192022289427,4340992.812416667,4309142343.187595,52036895.2532,periodic,none,8,pv_corrected,all,all,千瓦
10663,399.6935040013755,634.3489189657244,8.19021160357291,-117.38711307793304,4261931.833166667,4290775749.2381787,52036895.253199995,periodic,none,8,pv_corrected,all,generating,千瓦
4464,120.59750614546,202.90796431941666,4.135726742132642,4.895515008960582,538347.2674333334,183790209.81769052,13016993.167100001,periodic,none,8,pv_corrected,0–6h,all,千瓦
2668,194.3434073931784,259.1922818627265,3.983317838988435,0.7550684001749268,518508.210925,179237944.79118842,13016993.167100001,periodic,none,8,pv_corrected,0–6h,generating,千瓦
4464,189.246226780914,349.8292661121447,6.491144016757499,-26.060267697132605,844795.1563500001,546306620.8730996,13014580.3909,periodic,none,8,pv_corrected,6–12h,all,千瓦
2665,309.53350188868046,450.8576891874868,6.338327919585646,-51.114975165728566,824906.7825333334,541721627.9721155,13014580.3909,periodic,none,8,pv_corrected,6–12h,generating,千瓦
4464,306.46504984692353,565.592441322357,10.51584656834978,-116.69021740591398,1368059.9825166666,1428010430.4159122,13009508.7792,periodic,none,8,pv_corrected,12–18h,all,千瓦
2665,505.97457566604135,730.857867023576,10.364897453360415,-202.83034479049405,1348422.2441500002,1423518336.0710192,13009508.779199999,periodic,none,8,pv_corrected,12–18h,generating,千瓦
4464,356.13584366412783,694.1633075860221,12.23309704742957,-124.83271079749105,1589790.4061166667,2151035082.080893,12995812.916000001,periodic,none,8,pv_corrected,18–24h,all,千瓦
2665,589.1536943933709,897.4213298688139,12.081541999002516,-216.49119383051908,1570094.5955583334,2146297840.4038556,12995812.916,periodic,none,8,pv_corrected,18–24h,generating,千瓦
17856,722.7661250616039,1183.5813083328121,14.285774257133577,-10.859949781586021,12905711.9291,25013840323.091988,90339604.2581,yesterday,none,8,load,all,all,千瓦
4464,738.9554312948029,1202.2086610848417,14.646769061267863,5.454239090501795,3298697.0453000003,6451844487.610987,22521670.3527,yesterday,none,8,load,0–6h,all,千瓦
4464,735.3264433019713,1200.0029186021043,14.569239308229548,1.766519018817179,3282497.2429,6428191268.77353,22530326.8994,yesterday,none,8,load,6–12h,all,千瓦
4464,716.4298822804659,1177.5949641816744,14.14370428820985,-17.291709162186397,3198142.9945,6190362272.109198,22611777.857699998,yesterday,none,8,load,12–18h,all,千瓦
4464,700.3527433691756,1153.8701333478691,13.787256139360986,-33.36884807347671,3126374.6464,5943442294.598271,22675829.1483,yesterday,none,8,load,18–24h,all,千瓦
17856,214.7148915546595,409.5809730415478,7.367751448169329,-1.7071530353942683,3833949.1036,2995461376.017117,52036895.2532,yesterday,none,8,pv,all,all,千瓦
10663,359.5472996530057,530.0198041054615,7.367566488249005,-2.8677831754665646,3833852.8562,2995460545.629185,52036895.253199995,yesterday,none,8,pv,all,generating,千瓦
4464,217.21435291218637,413.1648238692029,7.449069527444662,-5.363466801075271,969644.8714,762027886.3923292,13016993.167100001,yesterday,none,8,pv,0–6h,all,千瓦
2668,363.4261673913043,534.4320076315497,7.4488862531685385,-8.982898275862073,969621.0145999999,762027678.8439449,13016993.167100001,yesterday,none,8,pv,0–6h,generating,千瓦
4464,217.0876932795699,413.1332209861878,7.4461060878889,-5.227629435483871,969079.4628,761911316.172733,13014580.3909,yesterday,none,8,pv,6–12h,all,千瓦
2665,363.62301410881804,534.6918274144194,7.445920678914694,-8.765578986866785,969055.3326000001,761911108.5595504,13014580.3909,yesterday,none,8,pv,6–12h,generating,千瓦
4464,214.81472036290324,410.3858741476621,7.37101552391564,-1.2818672267025115,958932.9117,751811549.2845355,13009508.7792,yesterday,none,8,pv,12–18h,all,千瓦
2665,359.81567786116324,531.1361116582542,7.370830042661817,-2.1562422138836843,958908.7815,751811341.671353,13009508.779199999,yesterday,none,8,pv,12–18h,generating,千瓦
4464,209.7427996639785,401.5289506939842,7.204565530081381,5.044351321684589,936291.8577,719710624.1675191,12995812.916000001,yesterday,none,8,pv,18–24h,all,千瓦
2665,351.31997279549716,519.6731605817442,7.204379853354915,8.440470581613503,936267.7274999999,719710416.5543365,12995812.916,yesterday,none,8,pv,18–24h,generating,千瓦
17856,0.09130877016129033,0.13145064583115035,11.591300329940653,-0.0005954973118279567,1630.4094,308.538686,14065.802399999999,yesterday,none,8,price,all,all,元/千瓦时
4464,0.0929459453405018,0.1336157313776899,11.818177597420473,0.0011255600358422906,414.9107,79.69652263,3510.7841000000003,yesterday,none,8,price,0–6h,all,元/千瓦时
4464,0.09254090501792114,0.13335998045216083,11.76331292672886,0.0006665770609318965,413.1026,79.39172389999999,3511.7879000000003,yesterday,none,8,price,6–12h,all,元/千瓦时
4464,0.09075620519713261,0.13082111843705457,11.514068633717374,-0.001195990143369177,405.1357,76.39763269,3518.6146,yesterday,none,8,price,12–18h,all,元/千瓦时
4464,0.08899202508960574,0.12792527533989728,11.27102704357167,-0.0029781362007168474,397.2604,73.05280678,3524.6158,yesterday,none,8,price,18–24h,all,元/千瓦时
17856,243.11115660935636,491.25086887774603,8.34214414848226,-65.67192022289427,4340992.812416667,4309142343.187595,52036895.2532,issued,none,8,pv_corrected,all,all,千瓦
10663,399.6935040013755,634.3489189657244,8.19021160357291,-117.38711307793304,4261931.833166667,4290775749.2381787,52036895.253199995,issued,none,8,pv_corrected,all,generating,千瓦
4464,120.59750614546,202.90796431941666,4.135726742132642,4.895515008960582,538347.2674333334,183790209.81769052,13016993.167100001,issued,none,8,pv_corrected,0–6h,all,千瓦
2668,194.3434073931784,259.1922818627265,3.983317838988435,0.7550684001749268,518508.210925,179237944.79118842,13016993.167100001,issued,none,8,pv_corrected,0–6h,generating,千瓦
4464,189.246226780914,349.8292661121447,6.491144016757499,-26.060267697132605,844795.1563500001,546306620.8730996,13014580.3909,issued,none,8,pv_corrected,6–12h,all,千瓦
2665,309.53350188868046,450.8576891874868,6.338327919585646,-51.114975165728566,824906.7825333334,541721627.9721155,13014580.3909,issued,none,8,pv_corrected,6–12h,generating,千瓦
4464,306.46504984692353,565.592441322357,10.51584656834978,-116.69021740591398,1368059.9825166666,1428010430.4159122,13009508.7792,issued,none,8,pv_corrected,12–18h,all,千瓦
2665,505.97457566604135,730.857867023576,10.364897453360415,-202.83034479049405,1348422.2441500002,1423518336.0710192,13009508.779199999,issued,none,8,pv_corrected,12–18h,generating,千瓦
4464,356.13584366412783,694.1633075860221,12.23309704742957,-124.83271079749105,1589790.4061166667,2151035082.080893,12995812.916000001,issued,none,8,pv_corrected,18–24h,all,千瓦
2665,589.1536943933709,897.4213298688139,12.081541999002516,-216.49119383051908,1570094.5955583334,2146297840.4038556,12995812.916,issued,none,8,pv_corrected,18–24h,generating,千瓦
17856,187.1542912690412,237.23724030807819,3.6991827143191913,43.54868009072581,3341827.0248999996,1004962610.222656,90339604.2581,weekly,none,8,load,all,all,千瓦
4464,183.77835450268816,231.55202998723743,3.642654215483837,37.78574097222222,820386.5745,239343353.3271637,22521670.3527,weekly,none,8,load,0–6h,all,千瓦
4464,186.71432343189963,236.40583567374782,3.6994258606260906,42.34050681003584,833492.7398,249482778.24365208,22530326.8994,weekly,none,8,load,6–12h,all,千瓦
4464,187.00816500896056,236.5118617298756,3.6919009812212695,43.82843037634409,834804.4486,249706610.33859152,22611777.857699998,weekly,none,8,load,12–18h,all,千瓦
4464,191.11632213261652,244.30331615683394,3.7623464898259744,50.24004220430107,853143.2620000001,266429868.3132487,22675829.1483,weekly,none,8,load,18–24h,all,千瓦
17856,261.9667246975807,486.2160195215468,8.989156277367158,-26.586283949372753,4677677.836200001,4221265850.9687185,52036895.2532,weekly,none,8,pv,all,all,千瓦
10663,438.2905920847791,629.1733602364375,8.981113420890738,-44.91324570946265,4673492.5834,4221045767.0363913,52036895.253199995,weekly,none,8,pv,all,generating,千瓦
4464,262.4761055555556,486.6666910692816,9.001259508696789,-27.783562679211485,1171693.3352,1057273706.0283886,13016993.167100001,weekly,none,8,pv,0–6h,all,千瓦
2668,438.76721829085454,629.490832662647,8.993097894210539,-46.8846404047976,1170630.9383999999,1057218234.0280422,13016993.167100001,weekly,none,8,pv,0–6h,generating,千瓦
4464,262.46660197132616,486.66728850884584,9.002602281509105,-27.720331406810054,1171650.9112,1057276301.881121,13014580.3909,weekly,none,8,pv,6–12h,all,千瓦
2665,439.2532679924953,629.8459954228031,8.994603929132504,-46.82345643527205,1170609.9592,1057221431.2371274,13014580.3909,weekly,none,8,pv,6–12h,generating,千瓦
4464,261.01956758512546,484.96408524521024,8.956459228982908,-25.254642853942663,1165191.3497000001,1049888891.996558,13009508.7792,weekly,none,8,pv,12–18h,all,千瓦
2665,436.8294175234521,627.6415909867843,8.948457758537964,-42.693312457786114,1164150.3976999999,1049834021.3525641,13009508.779199999,weekly,none,8,pv,12–18h,generating,千瓦
4464,261.90462367831543,486.56385878824716,8.996299405484608,-25.58659885752689,1169142.2401,1056826951.0626513,12995812.916000001,weekly,none,8,pv,18–24h,all,千瓦
2665,438.3119279924953,629.7121294772345,8.988289502551039,-43.24935433395874,1168101.2881,1056772080.4186575,12995812.916,weekly,none,8,pv,18–24h,generating,千瓦
17856,0.04716923723118279,0.061279122735043476,5.987954871312568,0.0068391969086021515,842.2538999999999,67.05161704999999,14065.802399999999,weekly,none,8,price,all,all,元/千瓦时
4464,0.04674274193548387,0.06037394733678667,5.943390252906751,0.006029838709677421,208.65959999999998,16.271340340000002,3510.7841000000003,weekly,none,8,price,0–6h,all,元/千瓦时
4464,0.046927128136200716,0.060576466069649976,5.9651296138926835,0.006584341397849462,209.4827,16.38068479,3511.7879000000003,weekly,none,8,price,6–12h,all,元/千瓦时
4464,0.04709652777777778,0.06110325580215555,5.975047679276952,0.006917585125448028,210.2389,16.66682553,3518.6146,weekly,none,8,price,12–18h,all,元/千瓦时
4464,0.04791055107526882,0.06302692999480375,6.067972004211069,0.007825022401433693,213.8727,17.732766390000002,3524.6158,weekly,none,8,price,18–24h,all,元/千瓦时
17280,191.59737699169017,268.6411781154984,4.224662888261161,72.58140471589265,3310802.674416406,1247064466.970009,78368446.47690001,mlp,42,9,load,all,all,千瓦
4320,195.25093988570603,272.8415181076966,4.304558980547199,76.98705399685329,843484.06030625,321591574.09431005,19595133.0698,mlp,42,9,load,0–6h,all,千瓦
4320,191.90398978958694,268.7680206671669,4.230989466878264,72.89907057391132,829025.2358910156,312060595.39205754,19594121.951399997,mlp,42,9,load,6–12h,all,千瓦
4320,190.746889455476,267.9870339461869,4.2060184986258635,70.51566041341145,824026.5624476563,310249657.5693469,19591605.7601,mlp,42,9,load,12–18h,all,千瓦
4320,188.48768883599178,264.90854462851473,4.157055537244669,69.92383387939454,814266.8157714845,303162639.91429436,19587585.6956,mlp,42,9,load,18–24h,all,千瓦
17280,184.71432861552836,358.62896942112263,7.082446724133734,12.30065564782951,3191863.5984763303,2222462667.5952168,45067244.736200005,mlp,42,9,pv,all,all,千瓦
9650,326.8629089655575,479.7791431473379,6.998934791733595,18.126300791273955,3154227.0715176295,2221314452.8222194,45067244.736200005,mlp,42,9,pv,all,generating,千瓦
4320,180.32670183694816,346.76945899207095,6.915429360066198,19.482915144465846,779011.351935616,519475929.2193034,11264829.8663,mlp,42,9,pv,0–6h,all,千瓦
2415,319.2573696870944,463.7063106634545,6.844369217691297,31.536807156442826,771006.547794333,519281855.25610584,11264829.8663,mlp,42,9,pv,0–6h,generating,千瓦
4320,179.70308733746177,345.75223144226976,6.891914956798373,10.893641080499222,776317.3372978348,516432695.9643744,11264174.647599999,mlp,42,9,pv,6–12h,all,千瓦
2412,316.9269773886628,462.537727485846,6.786363789417342,14.581700510520982,764427.8694614547,516026052.226823,11264174.647599999,mlp,42,9,pv,6–12h,generating,千瓦
4320,187.61245116928035,367.70128825154393,7.188959237025577,6.633110758784995,810485.7890512911,584082305.4895704,11274035.1187,mlp,42,9,pv,12–18h,all,千瓦
2412,332.0833969612424,491.94975229716545,7.104689182153955,7.941294733489546,800985.1534705167,583739115.7900048,11274035.1187,mlp,42,9,pv,12–18h,generating,千瓦
4320,191.2150741184232,373.44484226377887,7.333399139967595,12.192955607567978,826049.1201915882,602471736.9219687,11264205.1036,mlp,42,9,pv,18–24h,all,千瓦
2411,339.1984656952822,499.79980627223733,7.260232686370005,18.4288464638867,817807.5007913255,602267429.5492858,11264205.1036,mlp,42,9,pv,18–24h,generating,千瓦
17280,0.045353992308918394,0.06292948457382047,6.297420667904486,0.01115878574424803,783.7169870981098,68.43087409639753,12445.0474,mlp,42,9,price,all,all,元/千瓦时
4320,0.045354099811690834,0.06309193384472775,6.2967301814682335,0.011328766968978776,195.9297111865044,17.19615794227561,3111.6103999999996,mlp,42,9,price,0–6h,all,元/千瓦时
4320,0.045288401823744724,0.06297506987374159,6.287332995856579,0.011029703520486753,195.64589587857722,17.132512718603383,3111.747,mlp,42,9,price,6–12h,all,元/千瓦时
4320,0.04563710409193955,0.06350767089093111,6.33787579493138,0.011443847854079472,197.15228967717886,17.423528811800338,3110.6998000000003,mlp,42,9,price,12–18h,all,元/千瓦时
4320,0.045136363508298444,0.06213537085304858,6.267750067353129,0.01083282463344711,194.98909035584927,16.678674623718194,3110.9902,mlp,42,9,price,18–24h,all,元/千瓦时
17280,161.08669245127257,302.33603240483137,6.176499277583076,2.6897943980011525,2783578.04555799,1579514281.7523017,45067244.736200005,mlp,42,9,pv_corrected,all,all,千瓦
9650,282.02129423025195,403.42414786605195,6.038766082222677,-1.6158454962278304,2721505.4893219313,1570547565.7359939,45067244.736200005,mlp,42,9,pv_corrected,all,generating,千瓦
4320,123.86035041255519,219.30849034983723,4.749975988390028,-6.035883377681742,535076.7137822384,207775644.21874648,11264829.8663,mlp,42,9,pv_corrected,0–6h,all,千瓦
2415,215.89779648751926,291.95254427409895,4.628504688536532,-16.46316830495428,521393.178517359,205845635.78110912,11264829.8663,mlp,42,9,pv_corrected,0–6h,generating,千瓦
4320,142.2638634918623,255.90946880471216,5.456057896046477,7.676144286506129,614579.8902848451,282915314.88729095,11264174.647599999,mlp,42,9,pv_corrected,6–12h,all,千瓦
2412,247.57619284548443,340.8938464100666,5.301354034585579,6.523561432906195,597153.7771433084,280295178.22284317,11264174.647599999,mlp,42,9,pv_corrected,6–12h,generating,千瓦
4320,172.6746617578685,321.0402022510686,6.616571005324378,1.5516870755903744,745954.5387939919,445248625.5132784,11274035.1187,mlp,42,9,pv_corrected,12–18h,all,千瓦
2412,302.17556359862755,428.4622032934407,6.464832260376466,-4.313346280079469,728847.4593998897,442794621.47838014,11274035.1187,mlp,42,9,pv_corrected,12–18h,generating,千瓦
4320,205.54789414280424,385.9736057508847,7.883085353383021,7.56722960758985,887966.9026969143,643574697.1329861,11264205.1036,mlp,42,9,pv_corrected,18–24h,all,千瓦
2411,362.55125435975697,515.8669179185295,7.760077752685906,7.811946689858127,874111.0742613741,641612130.2536613,11264205.1036,mlp,42,9,pv_corrected,18–24h,generating,千瓦
17280,195.59084695848253,274.76325359435185,4.31271766557069,109.32986011671278,3379809.835442578,1304550930.6850307,78368446.47690001,mlp,2026,9,load,all,all,千瓦
4320,198.21134718686702,278.4002356009628,4.369824980504739,112.41563410436558,856273.0198472656,334828905.9091413,19595133.0698,mlp,2026,9,load,0–6h,all,千瓦
4320,195.78005620225696,274.58546100355073,4.316446763430091,109.03542260434752,845769.8427937501,325715797.7043803,19594121.951399997,mlp,2026,9,load,6–12h,all,千瓦
4320,195.6728024846282,275.0910284970339,4.3146361614479485,108.70767611074942,845306.5067335938,326916319.50528157,19591605.7601,mlp,2026,9,load,12–18h,all,千瓦
4320,192.69918196017798,270.92515860705214,4.249939114522758,107.1607076473886,832460.4660679689,317089907.5662275,19587585.6956,mlp,2026,9,load,18–24h,all,千瓦
17280,180.85783372098524,357.5482668600206,6.934578284055398,14.547226629643859,3125223.366698625,2209088386.9659657,45067244.736200005,mlp,2026,9,pv,all,all,千瓦
9650,322.2291664043623,478.4255092158754,6.899715023635334,24.421157022146854,3109511.455802096,2208797839.9307327,45067244.736200005,mlp,2026,9,pv,all,generating,千瓦
4320,175.40317545229973,344.4045338601451,6.726614844142511,16.1808784466845,757741.7179539348,512414566.31559086,11264829.8663,mlp,2026,9,pv,0–6h,all,千瓦
2415,312.13666640025525,460.6000530608926,6.691712687217085,27.316656849837916,753810.0493566165,512348067.4444685,11264829.8663,mlp,2026,9,pv,0–6h,generating,千瓦
4320,175.81850678918119,344.80067867624643,6.742934774107868,18.708780207805486,759535.9493292627,513594034.6273926,11264174.647599999,mlp,2026,9,pv,6–12h,all,千瓦
2412,313.52693454826806,461.4238953152843,6.713558603173363,32.136379477147386,756226.9661304225,513543770.9370483,11264174.647599999,mlp,2026,9,pv,6–12h,generating,千瓦
4320,184.73054747780995,367.25461832244287,7.07853006223525,13.691611308579791,798035.965104139,582664124.2139848,11274035.1187,mlp,2026,9,pv,12–18h,all,千瓦
2412,329.5848297782045,491.47500099117644,7.051234106113866,23.246436639284823,794958.6094250293,582612995.9574559,11274035.1187,mlp,2026,9,pv,12–18h,generating,千瓦
4320,187.4791051646501,372.80706390870716,7.190118848709921,9.607636555505676,809909.7343112885,600415661.8089974,11264205.1036,mlp,2026,9,pv,18–24h,all,千瓦
2411,333.6855374906794,498.97988245923256,7.142233504190258,14.97763853111741,804515.830890028,600293005.5917602,11264205.1036,mlp,2026,9,pv,18–24h,generating,千瓦
17280,0.045375900759637634,0.06286472535746032,6.3004626653855755,0.01080124871360897,784.0955651265383,68.29010543696685,12445.0474,mlp,2026,9,price,all,all,元/千瓦时
4320,0.045458631658267086,0.06341943221415698,6.311242845946069,0.011568071111672455,196.38128876371383,17.375145331821344,3111.6103999999996,mlp,2026,9,price,0–6h,all,元/千瓦时
4320,0.04552615511621038,0.06317298577837306,6.320339992358918,0.011147013726030233,196.67299010202885,17.24036889090755,3111.747,mlp,2026,9,price,6–12h,all,元/千瓦时
4320,0.04558542492633617,0.06337097787997176,6.330698824803737,0.010780073002024933,196.92903568177223,17.348605217843918,3110.6998000000003,mlp,2026,9,price,12–18h,all,元/千瓦时
4320,0.04493339133773689,0.06147490077333361,6.239564836270566,0.009709837014708256,194.11225057902337,16.325985996394042,3110.9902,mlp,2026,9,price,18–24h,all,元/千瓦时
17280,159.99256785666984,302.05855031193363,6.134547582720423,6.608609498376062,2764671.5725632547,1576616275.8699312,45067244.736200005,mlp,2026,9,pv_corrected,all,all,千瓦
9650,281.2764847729373,403.27143710740216,6.022817889016819,6.6158836919718675,2714318.078058845,1569358771.67136,45067244.736200005,mlp,2026,9,pv_corrected,all,generating,千瓦
4320,119.47537334540415,213.28607090725558,4.581814541169568,-4.018703686854299,516133.6128521459,196520895.545997,11264829.8663,mlp,2026,9,pv_corrected,0–6h,all,千瓦
2415,208.9683891941259,284.1156273138582,4.479949239300604,-11.940270341839504,504658.6599038141,194942880.58673248,11264829.8663,mlp,2026,9,pv_corrected,0–6h,generating,千瓦
4320,143.00899899523685,257.2953301589184,5.4846350930030585,19.332143802897626,617798.8756594232,285987831.50125504,11264174.647599999,mlp,2026,9,pv_corrected,6–12h,all,千瓦
2412,250.8546670579679,343.2399796454418,5.371556069336479,29.343881638852878,605061.4569438186,284166604.90833193,11264174.647599999,mlp,2026,9,pv_corrected,6–12h,generating,千瓦
4320,173.13737712940747,321.7087067422842,6.634301395411,10.882939885506136,747953.4691990402,447104845.41318583,11274035.1187,mlp,2026,9,pv_corrected,12–18h,all,千瓦
2412,304.53202266817283,429.60231941038495,6.515247033932702,13.92706044028982,734531.2386756329,445154264.6567912,11274035.1187,mlp,2026,9,pv_corrected,12–18h,generating,千瓦
4320,204.34852195663083,387.00018644408055,7.837087541761027,0.23805799195478508,882785.6148526452,647002703.4094934,11264205.1036,mlp,2026,9,pv_corrected,18–24h,all,千瓦
2411,360.8737961574364,517.2651744398663,7.724173295259948,-4.848810365749193,870066.7225355792,645095021.5195043,11264205.1036,mlp,2026,9,pv_corrected,18–24h,generating,千瓦
17280,185.28211937974717,259.8612915228791,4.085413411666596,77.2232282937735,3201675.0228820313,1166881953.575902,78368446.47690001,mlp,3407,9,load,all,all,千瓦
4320,188.72883901954933,264.0493773896508,4.160770848864537,82.4725879301396,815308.5845644531,301199358.3834048,19595133.0698,mlp,3407,9,load,0–6h,all,千瓦
4320,185.46582510353372,259.65585708499697,4.089044492192818,77.32960465413413,801212.3644472656,291259428.9921116,19594121.951399997,mlp,3407,9,load,6–12h,all,千瓦
4320,184.78899960042315,259.5594820579803,4.074645478522294,74.27680548945673,798288.478273828,291043258.81721425,19591605.7601,mlp,3407,9,load,12–18h,all,千瓦
4320,182.14481379548252,256.1195048861791,4.01716478909006,74.81391510136356,786865.5955964845,283379907.38317126,19587585.6956,mlp,3407,9,load,18–24h,all,千瓦
17280,179.04372708688985,355.5196258678676,6.865020531366806,10.366091842890055,3093875.6040614564,2184091851.6385098,45067244.736200005,mlp,3407,9,pv,all,all,千瓦
9650,320.4536939866358,475.7406925081569,6.861697814171232,18.407109839867303,3092378.1469710357,2184076842.8035574,45067244.736200005,mlp,3407,9,pv,all,generating,千瓦
4320,174.58649205373007,342.69071767007927,6.695295487137613,13.501383646502969,754213.6456721139,507327528.8616507,11264829.8663,mlp,3407,9,pv,0–6h,all,千瓦
2415,311.9434154358144,458.33315814511707,6.687569694516228,23.7911718253709,753343.3482774918,507317320.51049376,11264829.8663,mlp,3407,9,pv,0–6h,generating,千瓦
4320,173.84108557019576,342.3982238778653,6.667097352075024,12.32300445596894,750993.4896632456,506461868.8475764,11264174.647599999,mlp,3407,9,pv,6–12h,all,千瓦
2412,311.2826719466278,458.23047422702905,6.66550216260397,21.996556518161814,750813.8047352661,506460104.0349109,11264174.647599999,mlp,3407,9,pv,6–12h,generating,千瓦
4320,182.67766223945947,365.05160369648763,6.9998673284731,8.55388905660678,789167.5008744649,575694748.9211507,11274035.1187,mlp,3407,9,pv,12–18h,all,千瓦
2412,327.09669928301406,488.54751313862727,6.998002315621702,15.23322492566597,788957.2386706299,575692958.2965765,11274035.1187,mlp,3407,9,pv,12–18h,generating,千瓦
4320,185.06966848417414,370.99955856521734,7.09771315861529,7.0860902124815395,799500.9678516323,594607705.008132,11264205.1036,mlp,3407,9,pv,18–24h,all,千瓦
2411,331.5071569007251,496.6108529446078,7.0956072615564,12.598381233486586,799263.7552876482,594606459.9615762,11264205.1036,mlp,3407,9,pv,18–24h,generating,千瓦
17280,0.04590506327359558,0.06369294170407526,6.373937100213308,0.010577470640502181,793.2394933677316,70.10134542003564,12445.0474,mlp,3407,9,price,all,all,元/千瓦时
4320,0.046060359207201335,0.0641210433529482,6.394783607070788,0.011637933217383644,198.98075177510975,17.76171542689726,3111.6103999999996,mlp,3407,9,price,0–6h,all,元/千瓦时
4320,0.045751994374841454,0.06373661454286571,6.351692978231042,0.010554778767653086,197.6486156993151,17.54937806422683,3111.747,mlp,3407,9,price,6–12h,all,元/千瓦时
4320,0.04617652161082735,0.06415956586968669,6.412787674296766,0.010699808318074103,199.48257335877418,17.783063535974392,3110.6998000000003,mlp,3407,9,price,12–18h,all,元/千瓦时
4320,0.04563137790151216,0.06274431579857852,6.336489023158366,0.009417362258897888,197.12755253453253,17.00718839293716,3110.9902,mlp,3407,9,price,18–24h,all,元/千瓦时
17280,161.4009257437407,302.87305099094624,6.188547831528703,18.40319474073464,2789007.996851839,1585130429.0862312,45067244.736200005,mlp,3407,9,pv_corrected,all,all,千瓦
9650,283.3018416131095,404.2581359613688,6.066185735491719,27.239583402545325,2733862.771566507,1577047780.7377691,45067244.736200005,mlp,3407,9,pv_corrected,all,generating,千瓦
4320,123.58083404059553,218.06072328711008,4.739256689996732,9.764865731341404,533869.2030553727,205418069.45494962,11264829.8663,mlp,3407,9,pv_corrected,0–6h,all,千瓦
2415,215.89263840764076,290.4414621473435,4.628394107524174,12.296372115310401,521380.72175445245,203720326.68630254,11264829.8663,mlp,3407,9,pv_corrected,0–6h,generating,千瓦
4320,141.4269988192997,253.61029574832799,5.423962731522011,23.252355329128992,610964.6348993748,277854546.71327496,11264174.647599999,mlp,3407,9,pv_corrected,6–12h,all,千瓦
2412,247.57148169618512,338.13252223402503,5.30125315465016,35.915403803342016,597142.4138511985,275772649.4527323,11264174.647599999,mlp,3407,9,pv_corrected,6–12h,generating,千瓦
4320,171.62779199937344,317.9865263050637,6.576456908560591,24.156355008282333,741432.0614372933,436818661.53794336,11274035.1187,mlp,3407,9,pv_corrected,12–18h,all,千瓦
2412,301.21789198878446,424.4906952844546,6.444343554259965,37.08994513906898,726537.5554769482,434623949.12398815,11274035.1187,mlp,3407,9,pv_corrected,12–18h,generating,千瓦
4320,208.968078115694,392.35729635708867,8.0142547934544,16.43920289418583,902742.0974597981,665039151.3800633,11264205.1036,mlp,3407,9,pv_corrected,18–24h,all,千瓦
2411,368.644579213566,524.3671920363555,7.890499793898902,23.67372025175961,888802.0804839076,662930855.474746,11264205.1036,mlp,3407,9,pv_corrected,18–24h,generating,千瓦
17280,238.07377594907408,342.08224420109207,5.249453106886103,125.66518358796297,4113914.8484,2022110123.8634887,78368446.47690001,periodic,none,9,load,all,all,千瓦
4320,241.89689736111112,346.4102937953354,5.332929319120291,130.2963900462963,1044994.5966,518400395.91664094,19595133.0698,periodic,none,9,load,0–6h,all,千瓦
4320,238.66901011574078,342.8828009141725,5.262037902271664,126.47879127314812,1031050.1237000001,507896417.50307155,19594121.951399997,periodic,none,9,load,6–12h,all,千瓦
4320,237.9808889814815,342.3511303861198,5.247540467018629,125.36754972222221,1028077.4404000001,506322560.77914524,19591605.7601,periodic,none,9,load,12–18h,all,千瓦
4320,233.74830733796296,336.61260211680985,5.155268767640066,120.5180033101852,1009792.6877,489490749.6646309,19587585.6956,periodic,none,9,load,18–24h,all,千瓦
17280,206.48170112847222,417.9509457316184,7.917066633172766,9.288666649305554,3568003.7955,3018522119.6958494,45067244.736200005,periodic,none,9,pv,all,all,千瓦
9650,369.7287556580311,559.2853902418736,7.916797472276175,16.620399616580304,3567882.4921,3018521425.671747,45067244.736200005,periodic,none,9,pv,all,generating,千瓦
4320,201.44523108796295,405.8675157909467,7.725313285941677,15.589522847222222,870243.3983,711626862.417038,11264829.8663,periodic,none,9,pv,0–6h,all,千瓦
2415,360.3365910559006,542.83463078727,7.725042257436477,27.874206128364392,870212.8674,711626688.8624136,11264829.8663,periodic,none,9,pv,0–6h,generating,千瓦
4320,201.4349295601852,405.8672926974529,7.725367573960768,15.590622708333333,870198.8957,711626080.0963387,11264174.647599999,periodic,none,9,pv,6–12h,all,千瓦
2412,360.766433747927,543.1718110668961,7.725098956854352,27.91095878938641,870168.6381999999,711625906.6065128,11264174.647599999,periodic,none,9,pv,6–12h,generating,千瓦
4320,209.37647993055552,426.5229017400115,8.022916229875092,5.780870810185188,904506.3932999999,785902114.2616683,11274035.1187,periodic,none,9,pv,12–18h,all,千瓦
2412,374.990106053068,570.8151995419594,8.022647847705963,10.341253897180774,904476.1358,785901940.7718422,11274035.1187,periodic,none,9,pv,12–18h,generating,千瓦
4320,213.67016393518523,432.84348994437147,8.194587187559245,0.1936502314814797,923055.1082000001,809367062.9208043,11264205.1036,periodic,none,9,pv,18–24h,all,千瓦
2411,382.8390090004148,579.3941576988154,8.194318571179112,0.3344303193695486,923024.8507000001,809366889.4309783,11264205.1036,periodic,none,9,pv,18–24h,generating,千瓦
17280,0.057543935185185184,0.08495662941727646,7.989999298837544,0.015098530092592587,994.3592,124.72062707999999,12445.0474,periodic,none,9,price,all,all,元/千瓦时
4320,0.05786870370370371,0.08546141770803166,8.034193483862891,0.015666342592592593,249.99280000000002,31.551784920000003,3111.6103999999996,periodic,none,9,price,0–6h,all,元/千瓦时
4320,0.05760983796296296,0.08529519358446355,7.997902785798461,0.015137939814814814,248.8745,31.42916661,3111.747,periodic,none,9,price,6–12h,all,元/千瓦时
4320,0.05772342592592593,0.08519253472119621,8.016369821350166,0.015272824074074074,249.36520000000002,31.353557640000002,3110.6998000000003,periodic,none,9,price,12–18h,all,元/千瓦时
4320,0.056973773148148145,0.08386789367974957,7.911522832826666,0.014317013888888888,246.12669999999997,30.386117910000003,3110.9902,periodic,none,9,price,18–24h,all,元/千瓦时
17280,220.80493114776235,479.1458616760925,8.466257994175862,-23.079008223379628,3815509.2102333335,3967155476.835699,45067244.736200005,periodic,none,9,pv_corrected,all,all,千瓦
9650,390.7540770725389,640.6766819418848,8.3670010576909,-45.96244855785838,3770776.8437500005,3961002794.0662084,45067244.736200005,periodic,none,9,pv_corrected,all,generating,千瓦
4320,114.049611404321,203.2388193348734,4.373739569211045,-2.8422521296296304,492694.3212666667,178441996.3976159,11264829.8663,periodic,none,9,pv_corrected,0–6h,all,千瓦
2415,199.3398308005521,270.6488255963348,4.27352829201187,-9.75865800552105,481405.69138333335,176900650.11397076,11264829.8663,periodic,none,9,pv_corrected,0–6h,generating,千瓦
4320,180.03836809027777,336.6519325159674,6.904773536299126,3.422905115740737,777765.75015,489605142.2402973,11264174.647599999,periodic,none,9,pv_corrected,6–12h,all,千瓦
2412,317.8039828254561,449.8183968227986,6.805143124608101,1.4777804830016494,766543.2065750001,488035855.37000126,11264174.647599999,periodic,none,9,pv_corrected,6–12h,generating,千瓦
4320,234.29236809799386,470.9424779678398,8.977646597042382,-24.379669328703702,1012143.0301833334,958119051.8353937,11274035.1187,periodic,none,9,pv_corrected,12–18h,all,千瓦
2412,415.0170968283582,629.7548889487014,8.878996978549655,-48.27610453289111,1001021.23755,956578023.0133566,11274035.1187,periodic,none,9,pv_corrected,12–18h,generating,千瓦
4320,354.83937699845677,736.13563161923,13.608648764247219,-68.5170165509259,1532906.1086333334,2340989286.3623924,11264205.1036,periodic,none,9,pv_corrected,18–24h,all,千瓦
2411,631.1931597850131,985.0580634950444,13.510111847619878,-127.37159348472277,1521806.7082416667,2339488265.568879,11264205.1036,periodic,none,9,pv_corrected,18–24h,generating,千瓦
17280,626.2474072280093,1093.750459605733,13.808561587462087,13.237344785879632,10821555.1969,20671892373.10036,78368446.47690001,yesterday,none,9,load,all,all,千瓦
4320,629.5316469907407,1094.8529852635045,13.878837695628661,17.29014550925924,2719576.715,5178397216.350561,19595133.0698,yesterday,none,9,load,0–6h,all,千瓦
4320,626.8152183796296,1094.0012540085074,13.819663622163613,14.018684259259276,2707841.7434,5170343373.095848,19594121.951399997,yesterday,none,9,load,6–12h,all,千瓦
4320,626.5341425925925,1093.945616378632,13.815240716574039,13.32181134259258,2706627.496,5169817490.086189,19591605.7601,yesterday,none,9,load,12–18h,all,千瓦
4320,622.108620949074,1092.200282386152,13.720472161628887,8.318738032407419,2687509.2424999997,5153334293.567765,19587585.6956,yesterday,none,9,load,18–24h,all,千瓦
17280,206.48170112847222,417.9509457316184,7.917066633172766,9.288666649305554,3568003.7955,3018522119.6958494,45067244.736200005,yesterday,none,9,pv,all,all,千瓦
9650,369.7287556580311,559.2853902418736,7.916797472276175,16.620399616580304,3567882.4921,3018521425.671747,45067244.736200005,yesterday,none,9,pv,all,generating,千瓦
4320,201.44523108796295,405.8675157909467,7.725313285941677,15.589522847222222,870243.3983,711626862.417038,11264829.8663,yesterday,none,9,pv,0–6h,all,千瓦
2415,360.3365910559006,542.83463078727,7.725042257436477,27.874206128364392,870212.8674,711626688.8624136,11264829.8663,yesterday,none,9,pv,0–6h,generating,千瓦
4320,201.4349295601852,405.8672926974529,7.725367573960768,15.590622708333333,870198.8957,711626080.0963387,11264174.647599999,yesterday,none,9,pv,6–12h,all,千瓦
2412,360.766433747927,543.1718110668961,7.725098956854352,27.91095878938641,870168.6381999999,711625906.6065128,11264174.647599999,yesterday,none,9,pv,6–12h,generating,千瓦
4320,209.37647993055552,426.5229017400115,8.022916229875092,5.780870810185188,904506.3932999999,785902114.2616683,11274035.1187,yesterday,none,9,pv,12–18h,all,千瓦
2412,374.990106053068,570.8151995419594,8.022647847705963,10.341253897180774,904476.1358,785901940.7718422,11274035.1187,yesterday,none,9,pv,12–18h,generating,千瓦
4320,213.67016393518523,432.84348994437147,8.194587187559245,0.1936502314814797,923055.1082000001,809367062.9208043,11264205.1036,yesterday,none,9,pv,18–24h,all,千瓦
2411,382.8390090004148,579.3941576988154,8.194318571179112,0.3344303193695486,923024.8507000001,809366889.4309783,11264205.1036,yesterday,none,9,pv,18–24h,generating,千瓦
17280,0.08416862847222221,0.1227864091336652,11.686849019152794,0.0015967534722222214,1454.4339,260.5219591900001,12445.0474,yesterday,none,9,price,all,all,元/千瓦时
4320,0.08406539351851851,0.12279571737653769,11.671207295103528,0.001757152777777778,363.16249999999997,65.14036505,3111.6103999999996,yesterday,none,9,price,0–6h,all,元/千瓦时
4320,0.08402668981481481,0.12276177088655776,11.665321762983945,0.0013219212962962978,362.9953,65.10435432999999,3111.747,yesterday,none,9,price,6–12h,all,元/千瓦时
4320,0.08446789351851852,0.12307694041360498,11.730521215837026,0.00182136574074074,364.9013,65.43907168999999,3110.6998000000003,yesterday,none,9,price,12–18h,all,元/千瓦时
4320,0.08411453703703703,0.12251055143522523,11.680358234493955,0.001486574074074075,363.3748,64.83816812,3110.9902,yesterday,none,9,price,18–24h,all,元/千瓦时
17280,220.80493114776235,479.1458616760925,8.466257994175862,-23.079008223379628,3815509.2102333335,3967155476.835699,45067244.736200005,issued,none,9,pv_corrected,all,all,千瓦
9650,390.7540770725389,640.6766819418848,8.3670010576909,-45.96244855785838,3770776.8437500005,3961002794.0662084,45067244.736200005,issued,none,9,pv_corrected,all,generating,千瓦
4320,114.049611404321,203.2388193348734,4.373739569211045,-2.8422521296296304,492694.3212666667,178441996.3976159,11264829.8663,issued,none,9,pv_corrected,0–6h,all,千瓦
2415,199.3398308005521,270.6488255963348,4.27352829201187,-9.75865800552105,481405.69138333335,176900650.11397076,11264829.8663,issued,none,9,pv_corrected,0–6h,generating,千瓦
4320,180.03836809027777,336.6519325159674,6.904773536299126,3.422905115740737,777765.75015,489605142.2402973,11264174.647599999,issued,none,9,pv_corrected,6–12h,all,千瓦
2412,317.8039828254561,449.8183968227986,6.805143124608101,1.4777804830016494,766543.2065750001,488035855.37000126,11264174.647599999,issued,none,9,pv_corrected,6–12h,generating,千瓦
4320,234.29236809799386,470.9424779678398,8.977646597042382,-24.379669328703702,1012143.0301833334,958119051.8353937,11274035.1187,issued,none,9,pv_corrected,12–18h,all,千瓦
2412,415.0170968283582,629.7548889487014,8.878996978549655,-48.27610453289111,1001021.23755,956578023.0133566,11274035.1187,issued,none,9,pv_corrected,12–18h,generating,千瓦
4320,354.83937699845677,736.13563161923,13.608648764247219,-68.5170165509259,1532906.1086333334,2340989286.3623924,11264205.1036,issued,none,9,pv_corrected,18–24h,all,千瓦
2411,631.1931597850131,985.0580634950444,13.510111847619878,-127.37159348472277,1521806.7082416667,2339488265.568879,11264205.1036,issued,none,9,pv_corrected,18–24h,generating,千瓦
17280,238.07377594907408,342.08224420109207,5.249453106886103,125.66518358796297,4113914.8484,2022110123.8634887,78368446.47690001,weekly,none,9,load,all,all,千瓦
4320,241.89689736111112,346.4102937953354,5.332929319120291,130.2963900462963,1044994.5966,518400395.91664094,19595133.0698,weekly,none,9,load,0–6h,all,千瓦
4320,238.66901011574078,342.8828009141725,5.262037902271664,126.47879127314812,1031050.1237000001,507896417.50307155,19594121.951399997,weekly,none,9,load,6–12h,all,千瓦
4320,237.9808889814815,342.3511303861198,5.247540467018629,125.36754972222221,1028077.4404000001,506322560.77914524,19591605.7601,weekly,none,9,load,12–18h,all,千瓦
4320,233.74830733796296,336.61260211680985,5.155268767640066,120.5180033101852,1009792.6877,489490749.6646309,19587585.6956,weekly,none,9,load,18–24h,all,千瓦
17280,224.08133150462965,414.6060804443696,8.591884041426074,79.7575696875,3872125.4084,2970400929.5481367,45067244.736200005,weekly,none,9,pv,all,all,千瓦
9650,400.5262164870466,554.7685750208275,8.576246477289963,142.08946993782382,3865077.9891,2969962858.165671,45067244.736200005,weekly,none,9,pv,all,generating,千瓦
4320,221.44053837962963,408.27516110130676,8.49212227041125,82.8873661111111,956623.1258,720094782.9843273,11264829.8663,weekly,none,9,pv,0–6h,all,千瓦
2415,395.38654832298135,546.0133157108116,8.476457483450915,147.53987991718427,954858.5142,719985256.3544374,11264829.8663,weekly,none,9,pv,0–6h,generating,千瓦
4320,221.37562391203704,408.26739564159624,8.490126664573362,82.82272456018518,956342.6953,720067390.6059575,11264174.647599999,weekly,none,9,pv,6–12h,all,千瓦
2412,395.763581840796,546.342381856333,8.47449359819175,147.60913524046438,954581.7594,719957875.6884321,11264174.647599999,weekly,none,9,pv,6–12h,generating,千瓦
4320,227.54193664351854,421.2237854987518,8.718982653065808,75.45540344907407,982981.1663,766495342.6699613,11274035.1187,weekly,none,9,pv,12–18h,all,千瓦
2412,406.8077240464345,563.6831863355467,8.70336325964136,134.4139332504146,981220.2304,766385827.7524359,11274035.1187,weekly,none,9,pv,12–18h,generating,千瓦
4320,225.96722708333334,420.46695087676545,8.666198919691341,77.86478462962963,976178.4210000001,763743413.2878907,11264205.1036,weekly,none,9,pv,18–24h,all,千瓦
2411,404.15490879303195,562.7869187118986,8.650565895578195,138.78678295313148,974417.4851,763633898.3703653,11264205.1036,weekly,none,9,pv,18–24h,generating,千瓦
17280,0.057543935185185184,0.08495662941727646,7.989999298837544,0.015098530092592587,994.3592,124.72062707999999,12445.0474,weekly,none,9,price,all,all,元/千瓦时
4320,0.05786870370370371,0.08546141770803166,8.034193483862891,0.015666342592592593,249.99280000000002,31.551784920000003,3111.6103999999996,weekly,none,9,price,0–6h,all,元/千瓦时
4320,0.05760983796296296,0.08529519358446355,7.997902785798461,0.015137939814814814,248.8745,31.42916661,3111.747,weekly,none,9,price,6–12h,all,元/千瓦时
4320,0.05772342592592593,0.08519253472119621,8.016369821350166,0.015272824074074074,249.36520000000002,31.353557640000002,3110.6998000000003,weekly,none,9,price,12–18h,all,元/千瓦时
4320,0.056973773148148145,0.08386789367974957,7.911522832826666,0.014317013888888888,246.12669999999997,30.386117910000003,3110.9902,weekly,none,9,price,18–24h,all,元/千瓦时
17856,122.95820933971336,159.48384041848774,2.842630849654634,21.04354922695365,2195541.785969922,454169062.6522674,77236261.1289,mlp,42,10,load,all,all,千瓦
4464,121.39028659877982,156.3859384160292,2.79249464698447,21.896846041509157,541886.2393769531,109174091.58174592,19405095.0093,mlp,42,10,load,0–6h,all,千瓦
4464,122.6227991028926,159.16906503987911,2.825975317411475,23.00208964091202,547388.1751953126,113094508.20994763,19369885.2153,mlp,42,10,load,6–12h,all,千瓦
4464,124.19892262238533,161.80819647594313,2.8755654703394167,19.403371363354754,554423.9905863281,116875967.88250366,19280520.520400003,mlp,42,10,load,12–18h,all,千瓦
4464,123.62082903479572,160.52145019214694,2.877067278701505,19.871889862038667,551843.3808113281,115024494.97807017,19180760.3839,mlp,42,10,load,18–24h,all,千瓦
17856,136.12368498010593,276.9836433587717,5.780390123979768,2.8828793750009805,2430624.5190047715,1369911225.218271,42049489.1672,mlp,42,10,pv,all,all,千瓦
9275,261.3736162646728,384.30475780493776,5.765207470691056,4.861721398392109,2424240.2908548405,1369826112.2332726,42049489.1672,mlp,42,10,pv,all,generating,千瓦
4464,141.09215711710897,293.32498765653423,5.9675751064986935,-2.387529934651866,629835.3893707744,384080543.98486346,10554293.4631,mlp,42,10,pv,0–6h,all,千瓦
2321,270.7214710028902,406.7827039176232,5.953449526437094,-5.234290737333995,628344.5341977081,384060902.40736246,10554293.463100001,mlp,42,10,pv,0–6h,generating,千瓦
4464,140.8766057243886,293.56250260582203,5.958458350537772,-5.0659732798617,628873.1679536707,384702801.2671667,10554293.2577,mlp,42,10,pv,6–12h,all,千瓦
2320,270.54037353862105,407.2013663773759,5.946903798145738,-10.27327847645363,627653.6666096009,384686050.44867647,10554293.2577,mlp,42,10,pv,6–12h,generating,千瓦
4464,133.12622830622456,264.54986281226195,5.662263719722485,5.65174681792493,594275.4831589864,312420315.93603635,10495369.212299999,mlp,42,10,pv,12–18h,all,千瓦
2318,255.56603939318762,367.1090519085046,5.644413906079132,10.07592491356315,592402.0793134089,312394671.7921476,10495369.212299999,mlp,42,10,pv,12–18h,generating,千瓦
4464,129.39974877270157,254.31207898822075,5.530023844408457,13.333273896592573,577640.4785213398,288707564.0302044,10445533.2341,mlp,42,10,pv,18–24h,all,千瓦
2316,248.63558321853313,353.055065000842,5.512787119897933,24.921963250074317,575840.0107341227,288684487.5850861,10445533.2341,mlp,42,10,pv,18–24h,generating,千瓦
17856,0.03541683028033304,0.045458555331322266,4.92763528671452,0.0023521697105092125,632.4029214856267,36.89907139419122,12833.8013,mlp,42,10,price,all,all,元/千瓦时
4464,0.03561887106138906,0.04598369928657275,4.945203711579383,0.002960645944000253,159.00264041804076,9.439130678747972,3215.29,mlp,42,10,price,0–6h,all,元/千瓦时
4464,0.035738096175113136,0.04612562385311406,4.967775874213166,0.002717883690622867,159.53486132570504,9.497486656945139,3211.3941,mlp,42,10,price,6–12h,all,元/千瓦时
4464,0.03535674091739627,0.045123565055060426,4.922378453204865,0.0019640987973513365,157.83249145525693,9.0893116543142,3206.4273999999996,mlp,42,10,price,12–18h,all,元/千瓦时
4464,0.03495361296743369,0.04458375390260861,4.874978146480299,0.001766050410062396,156.03292828662399,8.873142404183916,3200.6898,mlp,42,10,price,18–24h,all,元/千瓦时
17856,155.27965683061987,292.1273088548616,6.59383409235403,-21.17203124753609,2772673.5523675485,1523801837.9187617,42049489.1672,mlp,42,10,pv_corrected,all,all,千瓦
9275,288.8121827896886,401.73790535052717,6.370429340349425,-50.88823147700171,2678732.995374362,1496923271.1226053,42049489.1672,mlp,42,10,pv_corrected,all,generating,千瓦
4464,117.54421289119611,218.5736875558219,4.9716010662468335,-16.993489182380337,524717.3663462994,213265175.5647722,10554293.4631,mlp,42,10,pv_corrected,0–6h,all,千瓦
2321,216.30205321760073,298.6406992991646,4.756709364518591,-42.455509064366254,502037.06551805127,207001326.35199213,10554293.463100001,mlp,42,10,pv_corrected,0–6h,generating,千瓦
4464,161.28526921844045,302.0161270635516,6.821654697398622,-18.133952027334473,719977.4417911181,407178139.8528702,10554293.2577,mlp,42,10,pv_corrected,6–12h,all,千瓦
2320,300.23448432776473,415.3963175048112,6.599627152981019,-44.99284482789871,696544.0036404142,400325513.3840143,10554293.2577,mlp,42,10,pv_corrected,6–12h,generating,千瓦
4464,172.07642896657,319.57858997872006,7.3189343163510605,-35.8035544283235,768149.1789067686,455910441.1713207,10495369.212299999,mlp,42,10,pv_corrected,12–18h,all,千瓦
2318,321.0769670149175,440.20863448607935,7.091283731765729,-79.25791041165917,744256.4095405787,449190481.8687966,10495369.212299999,mlp,42,10,pv_corrected,12–18h,generating,千瓦
4464,170.2127162462729,316.5987764413034,7.27420561779324,-13.757129352106034,759829.5653233621,447448081.3297982,10445533.2341,mlp,42,10,pv_corrected,18–24h,all,千瓦
2316,317.7441781845068,436.07110577397077,7.045073718907403,-36.850550119104426,735895.5166753177,440405949.51780224,10445533.2341,mlp,42,10,pv_corrected,18–24h,generating,千瓦
17856,122.39287849541121,159.22296604998232,2.8295611497386677,18.451777605523006,2185447.2384140627,452684471.2994123,77236261.1289,mlp,2026,10,load,all,all,千瓦
4464,120.30302316203237,155.4653402879275,2.767482947844041,20.61137646676887,537032.6953953125,107892523.14567462,19405095.0093,mlp,2026,10,load,0–6h,all,千瓦
4464,122.97458037371892,160.72254203514237,2.8340824980969255,21.32199884947637,548958.5267882813,115312867.3534149,19369885.2153,mlp,2026,10,load,6–12h,all,千瓦
4464,123.92278085246204,161.8982725027645,2.8691719870326087,16.603407743808102,553191.2937253906,117006130.05418964,19280520.520400003,mlp,2026,10,load,12–18h,all,千瓦
4464,122.37112959343149,158.7310728325009,2.8479826220216133,15.270327362038671,546264.7225050782,112472950.74613312,19180760.3839,mlp,2026,10,load,18–24h,all,千瓦
17856,135.90208597614944,274.74940012892756,5.770980088583349,10.42283427301781,2426667.6471901243,1347900030.148246,42049489.1672,mlp,2026,10,pv,all,all,千瓦
9275,260.41539949106465,381.19166123166775,5.7440717547733735,18.845855727062688,2415352.8302796246,1347723191.0459805,42049489.1672,mlp,2026,10,pv,all,generating,千瓦
4464,141.4867432240928,291.2109635379896,5.984264356117668,10.096019248127885,631596.8217523503,378564276.0710093,10554293.4631,mlp,2026,10,pv,0–6h,all,千瓦
2321,271.2009244501085,403.84548808033236,5.9639932113827925,18.495973209820917,629457.3456487019,378534624.70163596,10554293.463100001,mlp,2026,10,pv,0–6h,generating,千瓦
4464,141.16586284231133,291.1422458959459,5.970692649347549,7.252107665768488,630164.4117280778,378385635.9895773,10554293.2577,mlp,2026,10,pv,6–12h,all,千瓦
2320,270.6271286704558,403.8336155931025,5.94881081267473,12.958592848004434,627854.9385154576,378349286.67255455,10554293.2577,mlp,2026,10,pv,6–12h,generating,千瓦
4464,132.09773016493935,262.1381029175915,5.618518563074575,8.904401220032174,589684.2674562893,306749942.6455076,10495369.212299999,mlp,2026,10,pv,12–18h,all,千瓦
2318,252.98392395715356,363.74409292186715,5.587385482784479,15.738444919161463,586416.7357326819,306694035.5842093,10495369.212299999,mlp,2026,10,pv,12–18h,generating,千瓦
4464,128.85800767325426,252.3190715216126,5.506872012771581,15.438808958142733,575222.146253407,284200175.4421519,10445533.2341,mlp,2026,10,pv,18–24h,all,千瓦
2316,246.81511674558868,350.26836743570067,5.472423451937208,28.204018704026577,571623.8103827834,284145244.08758044,10445533.2341,mlp,2026,10,pv,18–24h,generating,千瓦
17856,0.03527473890437047,0.045334643938395806,4.907865745719775,-0.003616283694218083,629.8657378764391,36.69818582687325,12833.8013,mlp,2026,10,price,all,all,元/千瓦时
4464,0.03533769445959545,0.04567699658024863,4.90616610220646,-0.0027960024602497555,157.7474680676341,9.31363610606689,3215.29,mlp,2026,10,price,0–6h,all,元/千瓦时
4464,0.03568607587419103,0.04597939598013304,4.960544789641009,-0.0028917964250864095,159.30264270238877,9.437364071371313,3211.3941,mlp,2026,10,price,6–12h,all,元/千瓦时
4464,0.035233325642747906,0.045131890950937434,4.905196533351314,-0.003853513760651097,157.28156566922667,9.092666160723825,3206.4273999999996,mlp,2026,10,price,12–18h,all,元/千瓦时
4464,0.034841859640947485,0.044536943226800844,4.859391917242013,-0.004923822130885068,155.53406143718956,8.854519488711224,3200.6898,mlp,2026,10,price,18–24h,all,元/千瓦时
17856,152.1060749672301,284.62119121045697,6.459070320248826,-8.25428015305992,2716006.0746148606,1446500676.7110784,42049489.1672,mlp,2026,10,pv_corrected,all,all,千瓦
9275,282.6896648744336,391.16359266302203,6.2353828634750155,-26.032114212132313,2621946.6417103717,1419158068.9872706,42049489.1672,mlp,2026,10,pv_corrected,all,generating,千瓦
4464,115.78652437129541,214.1911629586471,4.897258604761666,-9.027653526234099,516871.04479346273,204798741.54867494,10554293.4631,mlp,2026,10,pv_corrected,0–6h,all,千瓦
2321,213.0242308278412,292.40252994251244,4.684626606982709,-27.03199068640774,494429.2397514194,198443734.91845077,10554293.463100001,mlp,2026,10,pv_corrected,0–6h,generating,千瓦
4464,156.9861513074808,293.20481625348543,6.639820993464704,-10.094351634601022,700786.1794365944,383765902.9202081,10554293.2577,mlp,2026,10,pv_corrected,6–12h,all,千瓦
2320,292.271020041798,403.2962412062423,6.424577657080723,-29.214913205380153,678068.7664969714,377343030.95691395,10554293.2577,mlp,2026,10,pv_corrected,6–12h,generating,千瓦
4464,166.79692466558217,308.6147298259595,7.09438092787198,-17.887483792430665,744581.4717071588,425164981.74221516,10495369.212299999,mlp,2026,10,pv_corrected,12–18h,all,千瓦
2318,310.7467861496386,424.68970663556274,6.863132070196226,-44.91809709305741,720311.0502948622,418077602.1656604,10495369.212299999,mlp,2026,10,pv_corrected,12–18h,generating,千瓦
4464,168.854699524562,311.3630034459298,7.216169455255104,3.9923683410261335,753767.3786776448,432771050.49998,10445533.2341,mlp,2026,10,pv_corrected,18–24h,all,千瓦
2316,314.82624575436887,428.5240469157829,6.980376863737409,-2.939491034622531,729137.5851671183,425293700.94624555,10445533.2341,mlp,2026,10,pv_corrected,18–24h,generating,千瓦
17856,121.16130517761887,156.43478483081412,2.801088806772973,16.428656657032302,2163456.2652515625,436969209.05680686,77236261.1289,mlp,3407,10,load,all,all,千瓦
4464,119.12605180060272,152.71953258525346,2.7404075835909727,13.019016110393563,531778.6952378906,104115013.14597222,19405095.0093,mlp,3407,10,load,0–6h,all,千瓦
4464,121.83345574859291,157.92971615414694,2.8077840442344373,19.80028138143341,543864.5464617187,111340173.97157934,19369885.2153,mlp,3407,10,load,6–12h,all,千瓦
4464,122.01808146307613,158.03702220205068,2.8250726689399124,15.421948583546845,544688.7156511719,111491526.5252979,19280520.520400003,mlp,3407,10,load,12–18h,all,千瓦
4464,121.66763169820369,156.9924085940886,2.8316098894424977,17.473380552755376,543124.3079007813,110022495.41395746,19180760.3839,mlp,3407,10,load,18–24h,all,千瓦
17856,137.2970659934161,278.9977713909619,5.830216868105854,-6.094593114388806,2451576.410378438,1389906691.0127,42049489.1672,mlp,3407,10,pv,all,all,千瓦
9275,263.25991769288066,387.083285006554,5.806814268046099,-12.794148617519868,2441735.736601468,1389705429.904339,42049489.1672,mlp,3407,10,pv,all,generating,千瓦
4464,142.97323356354636,295.66038356855165,6.047136332328302,-7.005652877769121,638232.514627671,390220838.60673535,10554293.4631,mlp,3407,10,pv,0–6h,all,千瓦
2321,273.8681159944413,410.0085709055726,6.022647555191214,-14.587613895275327,635647.8972230983,390176412.48940545,10554293.463100001,mlp,3407,10,pv,0–6h,generating,千瓦
4464,142.0086419262059,296.29730722152937,6.006338483120082,-14.345404351245934,633926.5775585832,391903908.8066799,10554293.2577,mlp,3407,10,pv,6–12h,all,千瓦
2320,272.4641414801311,410.9871968593588,5.98919124947316,-28.382609633034804,632116.8082339042,391872304.27896696,10554293.2577,mlp,3407,10,pv,6–12h,generating,千瓦
4464,134.53969877297376,266.91062218378903,5.722382921209689,-6.40587759722638,600585.2153225549,318021074.9669748,10495369.212299999,mlp,3407,10,pv,12–18h,all,千瓦
2318,257.59440069607916,370.35588625448764,5.68921215381102,-13.838322736437487,597103.8208135115,317944952.3963983,10495369.212299999,mlp,3407,10,pv,12–18h,generating,千瓦
4464,129.6666897109384,254.77556564812858,5.5414318244663745,3.3785623686862123,578832.102869629,289760868.63230973,10445533.2341,mlp,3407,10,pv,18–24h,all,千瓦
2316,249.0791063605155,353.68267391176363,5.522620984515566,5.663648478039789,576867.2103309539,289711760.7395683,10445533.2341,mlp,3407,10,pv,18–24h,generating,千瓦
17856,0.03544471453218704,0.045482052245059405,4.931514894863861,0.0029038410543480828,632.9008226867318,36.93722651659683,12833.8013,mlp,3407,10,price,all,all,元/千瓦时
4464,0.0356582633144299,0.046068869440869395,4.950672798895747,0.003195794619499677,159.17848743561507,9.474129025683261,3215.29,mlp,3407,10,price,0–6h,all,元/千瓦时
4464,0.0360199120695419,0.046326153468493135,5.006949706933666,0.0034713697756517106,160.79288747843503,9.580246178511995,3211.3941,mlp,3407,10,price,6–12h,all,元/千瓦时
4464,0.03525407391369449,0.04508912682423559,4.908085115251081,0.0030309642385571243,157.37418595073223,9.075443053094215,3206.4273999999996,mlp,3407,10,price,12–18h,all,元/千瓦时
4464,0.03484660883108187,0.044418303897954085,4.860054286483791,0.0019172355836838176,155.55526182194947,8.807408259307358,3200.6898,mlp,3407,10,price,18–24h,all,元/千瓦时
17856,155.01876421010186,286.094388212165,6.582755483019572,13.052136734463058,2768015.053735579,1461513581.545698,42049489.1672,mlp,3407,10,pv_corrected,all,all,千瓦
9275,286.994976591627,392.6025263866532,6.330346600176285,13.68434584176102,2661878.4078873405,1429618298.05107,42049489.1672,mlp,3407,10,pv_corrected,all,generating,千瓦
4464,125.6432951352345,228.32427324995183,5.314156475226036,22.214258516843724,560871.6694836868,232717130.84284973,10554293.4631,mlp,3407,10,pv_corrected,0–6h,all,千瓦
2321,230.89797664337777,311.34731369324396,5.077689052923788,31.971988076166895,535914.2037892798,224991124.5558223,10554293.463100001,mlp,3407,10,pv_corrected,0–6h,generating,千瓦
4464,157.6497798831261,290.32724297765054,6.66788955181672,-0.2934628730301115,703748.6173982748,376270149.3789767,10554293.2577,mlp,3407,10,pv_corrected,6–12h,all,千瓦
2320,292.3155226520928,398.89612055486674,6.425555894593772,-11.589061685614627,678172.0125528553,369154026.78543687,10554293.2577,mlp,3407,10,pv_corrected,6–12h,generating,千瓦
4464,165.58828564029554,305.08365524273415,7.042973831087272,0.8537115068197326,739186.1070982793,415491427.81213796,10495369.212299999,mlp,3407,10,pv_corrected,12–18h,all,千瓦
2318,307.1355435105226,419.39203944178155,6.783374414527851,-10.109986658517943,711940.1898573914,407712284.6078632,10495369.212299999,mlp,3407,10,pv_corrected,12–18h,generating,千瓦
4464,171.19369618175148,312.89307662455855,7.316128747362928,29.434039787218886,764208.6597553386,437034873.5117335,10445533.2341,mlp,3407,10,pv_corrected,18–24h,all,千瓦
2316,317.7253893297989,429.7651998324481,7.044657129476035,44.48916042427489,735852.0016878142,427760862.10194767,10445533.2341,mlp,3407,10,pv_corrected,18–24h,generating,千瓦
17856,137.45121444892476,182.8207573634369,3.1776899209348803,29.754452329749107,2454328.8852000004,596808753.9904286,77236261.1289,periodic,none,10,load,all,all,千瓦
4464,137.4344687724014,182.86668667057944,3.1615793084546766,30.862420564516132,613507.4685999999,149277164.81906193,19405095.0093,periodic,none,10,load,0–6h,all,千瓦
4464,137.62723324372757,183.0478947132338,3.1717687656441003,30.214181272401436,614367.9691999999,149573157.77194,19369885.2153,periodic,none,10,load,6–12h,all,千瓦
4464,137.54853835125448,182.93065153864464,3.1846478135812344,29.341061603942656,614016.6751999999,149381614.28778392,19280520.520400003,periodic,none,10,load,12–18h,all,千瓦
4464,137.19461742831538,182.43721431381977,3.192974417813325,28.600145878136196,612436.7721999999,148576817.1116426,19180760.3839,periodic,none,10,load,18–24h,all,千瓦
17856,150.39045832213262,305.65420591720203,6.38621794695827,15.969351131272393,2685372.0238,1668187757.6300943,42049489.1672,periodic,none,10,pv,all,all,千瓦
9275,289.5197558382749,424.09725437199506,6.386036521686498,30.73557362803234,2685295.7353999997,1668187412.8133948,42049489.1672,periodic,none,10,pv,all,generating,千瓦
4464,155.71680909498204,321.47308978121384,6.586133294760876,10.281698028673837,695119.8357999999,461331845.43233633,10554293.4631,periodic,none,10,pv,0–6h,all,千瓦
2321,299.48331051271003,445.8298128046404,6.585952590101995,19.76666432572167,695100.7637,461331759.22816145,10554293.463100001,periodic,none,10,pv,0–6h,generating,千瓦
4464,155.71668035394265,321.4730896695372,6.586127977757943,10.281569287634408,695119.2611,461331845.111812,10554293.2577,periodic,none,10,pv,6–12h,all,千瓦
2320,299.6121504310345,445.9258863094606,6.585947273095544,19.774936724137937,695100.189,461331758.907637,10554293.2577,periodic,none,10,pv,6–12h,generating,千瓦
4464,147.389246281362,293.7770791432572,6.268913290148228,18.950135797491043,657945.5954,385265396.03446823,10495369.212299999,periodic,none,10,pv,12–18h,all,千瓦
2318,283.8337028904228,407.6835960746069,6.268731570957466,36.48590772217428,657926.5233,385265309.8302933,10495369.212299999,periodic,none,10,pv,12–18h,generating,千瓦
4464,142.73909755824369,284.08292330655706,6.100093860405976,24.364001411290324,637187.3314999999,360258671.0514779,10445533.2341,periodic,none,10,pv,18–24h,all,千瓦
2316,275.1158287564766,394.40089502464974,6.099911274227056,46.95243100172712,637168.2593999999,360258584.8473029,10445533.2341,periodic,none,10,pv,18–24h,generating,千瓦
17856,0.04200792450716846,0.05379871592554468,5.8446712900253495,-0.002265921818996415,750.0935000000001,51.68065357,12833.8013,periodic,none,10,price,all,all,元/千瓦时
4464,0.0422070564516129,0.05417258030167308,5.859885111451844,-0.001976321684587813,188.4123,13.10035999,3215.29,periodic,none,10,price,0–6h,all,元/千瓦时
4464,0.04222226702508961,0.054171192242707895,5.869108372591207,-0.0017457885304659494,188.48020000000002,13.099688660000002,3211.3941,periodic,none,10,price,6–12h,all,元/千瓦时
4464,0.041823230286738344,0.05351242806523804,5.822645477642813,-0.0024118503584229386,186.69889999999998,12.78302093,3206.4273999999996,periodic,none,10,price,12–18h,all,元/千瓦时
4464,0.04177914426523297,0.05333329971017085,5.8269345564196815,-0.0029297267025089604,186.50209999999998,12.69758399,3200.6898,periodic,none,10,price,18–24h,all,元/千瓦时
17856,228.24836410823627,472.14966230245994,9.692395485022379,-31.170522675851252,4075602.789516667,3980554221.3017097,42049489.1672,periodic,none,10,pv_corrected,all,all,千瓦
9275,430.11204904312666,653.1438729019948,9.487128937553843,-69.31475876460017,3989289.2548749996,3956686421.0298443,42049489.1672,periodic,none,10,pv_corrected,all,generating,千瓦
4464,108.2969104390681,196.5165062390792,4.58048101362917,18.944095071684597,483437.4082,172394042.96978435,10554293.4631,periodic,none,10,pv_corrected,0–6h,all,千瓦
2321,199.07992062329458,267.9184094821196,4.377976577798789,27.226853927904653,462064.4957666667,166602016.27761406,10554293.463100001,periodic,none,10,pv_corrected,0–6h,generating,千瓦
4464,200.91783067502985,392.67856446645305,8.497937040729772,-20.666743593189974,896897.1961333333,688332975.0817628,10554293.2577,periodic,none,10,pv_corrected,6–12h,all,千瓦
2320,377.52009446120684,542.4356749584141,8.298486670445854,-48.839189820402304,875846.6191499999,682628590.6048095,10554293.2577,periodic,none,10,pv_corrected,6–12h,generating,千瓦
4464,270.61965757915175,520.5022580901862,11.510277790109273,-73.2874696236559,1208046.1514333333,1209398489.4220512,10495369.212299999,periodic,none,10,pv_corrected,12–18h,all,千瓦
2318,511.6128719909404,720.4478112659682,11.299446577688455,-150.68282077581247,1185918.6372749999,1203146423.0208683,10495369.212299999,periodic,none,10,pv_corrected,12–18h,generating,千瓦
4464,333.15905773969536,654.1891328633307,14.237875658610559,-49.67197255824373,1487222.03375,1910428713.8281112,10445533.2341,periodic,none,10,pv_corrected,18–24h,all,千瓦
2316,632.7545348373632,906.7748726909904,14.029532718341871,-105.13739920840531,1465459.5026833331,1904309391.1265523,10445533.2341,periodic,none,10,pv_corrected,18–24h,generating,千瓦
17856,639.6897536682347,1131.967778130578,14.788779356418173,65.1661828012993,11422300.2415,22879804361.76127,77236261.1289,yesterday,none,10,load,all,all,千瓦
4464,639.9160652777778,1132.0124758734883,14.720800460038793,66.08530380824372,2856585.3153999997,5720402824.060316,19405095.0093,yesterday,none,10,load,0–6h,all,千瓦
4464,639.7737809363799,1131.9767819863885,14.74428023891502,65.56925831093189,2855950.1581,5720042085.644743,19369885.2153,yesterday,none,10,load,6–12h,all,千瓦
4464,639.6646226926524,1131.9756157224335,14.810092251807935,64.9298269937276,2855462.8757,5720030299.050575,19280520.520400003,yesterday,none,10,load,12–18h,all,千瓦
4464,639.4045457661289,1131.90623632165,14.881067461203735,64.08034209229388,2854301.8922999995,5719329153.005637,19180760.3839,yesterday,none,10,load,18–24h,all,千瓦
17856,150.39045832213262,305.65420591720203,6.38621794695827,15.969351131272393,2685372.0238,1668187757.6300943,42049489.1672,yesterday,none,10,pv,all,all,千瓦
9275,289.5197558382749,424.09725437199506,6.386036521686498,30.73557362803234,2685295.7353999997,1668187412.8133948,42049489.1672,yesterday,none,10,pv,all,generating,千瓦
4464,155.71680909498204,321.47308978121384,6.586133294760876,10.281698028673837,695119.8357999999,461331845.43233633,10554293.4631,yesterday,none,10,pv,0–6h,all,千瓦
2321,299.48331051271003,445.8298128046404,6.585952590101995,19.76666432572167,695100.7637,461331759.22816145,10554293.463100001,yesterday,none,10,pv,0–6h,generating,千瓦
4464,155.71668035394265,321.4730896695372,6.586127977757943,10.281569287634408,695119.2611,461331845.111812,10554293.2577,yesterday,none,10,pv,6–12h,all,千瓦
2320,299.6121504310345,445.9258863094606,6.585947273095544,19.774936724137937,695100.189,461331758.907637,10554293.2577,yesterday,none,10,pv,6–12h,generating,千瓦
4464,147.389246281362,293.7770791432572,6.268913290148228,18.950135797491043,657945.5954,385265396.03446823,10495369.212299999,yesterday,none,10,pv,12–18h,all,千瓦
2318,283.8337028904228,407.6835960746069,6.268731570957466,36.48590772217428,657926.5233,385265309.8302933,10495369.212299999,yesterday,none,10,pv,12–18h,generating,千瓦
4464,142.73909755824369,284.08292330655706,6.100093860405976,24.364001411290324,637187.3314999999,360258671.0514779,10445533.2341,yesterday,none,10,pv,18–24h,all,千瓦
2316,275.1158287564766,394.40089502464974,6.099911274227056,46.95243100172712,637168.2593999999,360258584.8473029,10445533.2341,yesterday,none,10,pv,18–24h,generating,千瓦
17856,0.08213748879928316,0.12084965270776667,11.428001460487005,0.0053110103046595004,1466.6470000000002,260.78042612,12833.8013,yesterday,none,10,price,all,all,元/千瓦时
4464,0.08259556451612904,0.12118399727784424,11.467289109224986,0.005680376344086021,368.70660000000004,65.55634518,3215.29,yesterday,none,10,price,0–6h,all,元/千瓦时
4464,0.08250642921146953,0.12115408632055487,11.46881038362747,0.005826769713261652,368.3087,65.52398759,3211.3941,yesterday,none,10,price,6–12h,all,元/千瓦时
4464,0.08188938172043012,0.12061903263973822,11.400669792180546,0.005181899641577062,365.55420000000004,64.94651741999999,3206.4273999999996,yesterday,none,10,price,12–18h,all,元/千瓦时
4464,0.08155857974910395,0.12043973337316884,11.374969858059973,0.004554995519713262,364.07750000000004,64.75357593,3200.6898,yesterday,none,10,price,18–24h,all,元/千瓦时
17856,228.24836410823627,472.14966230245994,9.692395485022379,-31.170522675851252,4075602.789516667,3980554221.3017097,42049489.1672,issued,none,10,pv_corrected,all,all,千瓦
9275,430.11204904312666,653.1438729019948,9.487128937553843,-69.31475876460017,3989289.2548749996,3956686421.0298443,42049489.1672,issued,none,10,pv_corrected,all,generating,千瓦
4464,108.2969104390681,196.5165062390792,4.58048101362917,18.944095071684597,483437.4082,172394042.96978435,10554293.4631,issued,none,10,pv_corrected,0–6h,all,千瓦
2321,199.07992062329458,267.9184094821196,4.377976577798789,27.226853927904653,462064.4957666667,166602016.27761406,10554293.463100001,issued,none,10,pv_corrected,0–6h,generating,千瓦
4464,200.91783067502985,392.67856446645305,8.497937040729772,-20.666743593189974,896897.1961333333,688332975.0817628,10554293.2577,issued,none,10,pv_corrected,6–12h,all,千瓦
2320,377.52009446120684,542.4356749584141,8.298486670445854,-48.839189820402304,875846.6191499999,682628590.6048095,10554293.2577,issued,none,10,pv_corrected,6–12h,generating,千瓦
4464,270.61965757915175,520.5022580901862,11.510277790109273,-73.2874696236559,1208046.1514333333,1209398489.4220512,10495369.212299999,issued,none,10,pv_corrected,12–18h,all,千瓦
2318,511.6128719909404,720.4478112659682,11.299446577688455,-150.68282077581247,1185918.6372749999,1203146423.0208683,10495369.212299999,issued,none,10,pv_corrected,12–18h,generating,千瓦
4464,333.15905773969536,654.1891328633307,14.237875658610559,-49.67197255824373,1487222.03375,1910428713.8281112,10445533.2341,issued,none,10,pv_corrected,18–24h,all,千瓦
2316,632.7545348373632,906.7748726909904,14.029532718341871,-105.13739920840531,1465459.5026833331,1904309391.1265523,10445533.2341,issued,none,10,pv_corrected,18–24h,generating,千瓦
17856,137.45121444892476,182.8207573634369,3.1776899209348803,29.754452329749107,2454328.8852000004,596808753.9904286,77236261.1289,weekly,none,10,load,all,all,千瓦
4464,137.4344687724014,182.86668667057944,3.1615793084546766,30.862420564516132,613507.4685999999,149277164.81906193,19405095.0093,weekly,none,10,load,0–6h,all,千瓦
4464,137.62723324372757,183.0478947132338,3.1717687656441003,30.214181272401436,614367.9691999999,149573157.77194,19369885.2153,weekly,none,10,load,6–12h,all,千瓦
4464,137.54853835125448,182.93065153864464,3.1846478135812344,29.341061603942656,614016.6751999999,149381614.28778392,19280520.520400003,weekly,none,10,load,12–18h,all,千瓦
4464,137.19461742831538,182.43721431381977,3.192974417813325,28.600145878136196,612436.7721999999,148576817.1116426,19180760.3839,weekly,none,10,load,18–24h,all,千瓦
17856,202.20101924843186,388.3444054759855,8.586314533676454,67.69451407370072,3610501.3996999995,2692887952.434852,42049489.1672,weekly,none,10,pv,all,all,千瓦
9275,388.5131241185984,538.7864006385987,8.569567187538675,129.56453582749322,3603459.2262000004,2692447035.6339707,42049489.1672,weekly,none,10,pv,all,generating,千瓦
4464,205.34307358870967,395.8794831053935,8.68510510632288,61.65301108870966,916651.4805,699600602.8018943,10554293.4631,weekly,none,10,pv,0–6h,all,千瓦
2321,394.1796370099095,548.9759271122564,8.668424283431653,117.81925829383886,914890.9375,699490373.6016753,10554293.463100001,weekly,none,10,pv,0–6h,generating,千瓦
4464,205.342077531362,395.87947748226463,8.685063146518601,61.65201503136201,916647.0341,699600582.9274403,10554293.2577,weekly,none,10,pv,6–12h,all,千瓦
2320,394.34762525862067,549.0942203424258,8.668382318565333,117.86812568965517,914886.4905999999,699490353.7272191,10554293.2577,weekly,none,10,pv,6–12h,generating,千瓦
4464,199.6204204973118,382.64151115861927,8.490464118743654,71.27589307795698,891105.5571,653594444.3396599,10495369.212299999,weekly,none,10,pv,12–18h,all,千瓦
2318,383.6691171699741,530.9588145860685,8.473689639786434,136.50346988783437,889345.0136,653484215.1394386,10495369.212299999,weekly,none,10,pv,12–18h,generating,千瓦
4464,198.49850537634407,378.6685320445977,8.483026267220978,76.1971370967742,886097.328,640092322.3658583,10445533.2341,weekly,none,10,pv,18–24h,all,千瓦
2316,381.8379898531952,525.6717444248999,8.466171756680028,146.10685513816927,884336.7845000001,639982093.1656373,10445533.2341,weekly,none,10,pv,18–24h,generating,千瓦
17856,0.04200792450716846,0.05379871592554468,5.8446712900253495,-0.002265921818996415,750.0935000000001,51.68065357,12833.8013,weekly,none,10,price,all,all,元/千瓦时
4464,0.0422070564516129,0.05417258030167308,5.859885111451844,-0.001976321684587813,188.4123,13.10035999,3215.29,weekly,none,10,price,0–6h,all,元/千瓦时
4464,0.04222226702508961,0.054171192242707895,5.869108372591207,-0.0017457885304659494,188.48020000000002,13.099688660000002,3211.3941,weekly,none,10,price,6–12h,all,元/千瓦时
4464,0.041823230286738344,0.05351242806523804,5.822645477642813,-0.0024118503584229386,186.69889999999998,12.78302093,3206.4273999999996,weekly,none,10,price,12–18h,all,元/千瓦时
4464,0.04177914426523297,0.05333329971017085,5.8269345564196815,-0.0029297267025089604,186.50209999999998,12.69758399,3200.6898,weekly,none,10,price,18–24h,all,元/千瓦时
17280,122.16415427081073,155.645673686884,2.798321732936858,-6.985064108592845,2110996.5857996093,418617948.743032,75437951.2889,mlp,42,11,load,all,all,千瓦
4320,117.84456174045138,147.18449539665775,2.7167701820097903,-2.321077456958911,509088.50671875,93585350.95992906,18738740.217699997,mlp,42,11,load,0–6h,all,千瓦
4320,120.51028543954354,151.81545852425154,2.7708268774766402,-4.150522906448928,520604.43309882807,99567072.49073216,18788775.1967,mlp,42,11,load,6–12h,all,千瓦
4320,124.62482795518663,161.5368802955927,2.8482644765548595,-11.320472195638022,538379.2567664062,112726787.16513304,18902010.722599998,mlp,42,11,load,12–18h,all,千瓦
4320,125.67694194806134,161.5454429008933,2.8562302498866226,-10.148183875325518,542924.389215625,112738738.12723777,19008425.1519,mlp,42,11,load,18–24h,all,千瓦
17280,112.76388837051962,226.5384405739925,6.099268686809103,61.47059450232618,1948559.991042579,886803812.1969924,31947436.505900003,mlp,42,11,pv,all,all,千瓦
8374,229.6388957030996,325.30114092050735,6.019250127510609,123.79364635483317,1922996.112617756,886143649.547755,31947436.505899996,mlp,42,11,pv,all,generating,千瓦
4320,113.39993269480624,228.62396153404748,6.115259913409186,64.4340712900256,489887.70924156293,225801716.20209342,8010905.7698,mlp,42,11,pv,0–6h,all,千瓦
2095,231.12595433956676,328.19854699639967,6.044371114272652,130.15577712302627,484208.87434139237,225661429.694898,8010905.7698,mlp,42,11,pv,0–6h,generating,千瓦
4320,112.92220715014126,226.8759537036629,6.089497943082119,62.169564823255065,487823.93488861027,222362056.9538493,8010905.651800001,mlp,42,11,pv,6–12h,all,千瓦
2094,229.89974638388887,325.74467669204074,6.009433762582055,125.19515476395168,481410.06892786326,222193490.6593653,8010905.6518,mlp,42,11,pv,6–12h,generating,千瓦
4320,111.62075887530598,224.4655393439172,6.044638295247843,58.508959196712595,482201.6783413218,217662242.48476833,7977345.455399999,mlp,42,11,pv,12–18h,all,千瓦
2093,227.33792910578936,322.35957273822766,5.964619286937457,117.71395652503284,475818.28561841714,217495547.82659084,7977345.4554,mlp,42,11,pv,12–18h,generating,千瓦
4320,113.11265476182503,226.16867095458082,6.147829359127747,60.76978269931146,488646.6685710841,220977796.55628145,7948279.628899999,mlp,42,11,pv,18–24h,all,千瓦
2092,230.1906709990837,324.87178038965965,6.058655535710289,122.10213978012642,481558.88373008306,220793181.36690086,7948279.628899999,mlp,42,11,pv,18–24h,generating,千瓦
17280,0.03561890991855551,0.04646858897300942,4.658087549713317,-0.0070405127677873325,615.4947633926391,37.31321827254227,13213.464899999999,mlp,42,11,price,all,all,元/千瓦时
4320,0.034558242294677986,0.04435839438421542,4.54100184004588,-0.005853614930676089,149.2916067130089,8.500322098132967,3287.6358999999998,mlp,42,11,price,0–6h,all,元/千瓦时
4320,0.035262667151628825,0.045315320336658214,4.625923746898377,-0.0070783455270583984,152.3347220950365,8.87102607116426,3293.066,mlp,42,11,price,6–12h,all,元/千瓦时
4320,0.03650034967334734,0.04808505944963734,4.764660871496729,-0.007960023461265698,157.6815105888605,9.988587110628679,3309.3963,mlp,42,11,price,12–18h,all,元/千瓦时
4320,0.036154380554567885,0.04800000721599187,4.699659655244583,-0.007270067152149147,156.18692399573325,9.953282992616371,3323.3667,mlp,42,11,price,18–24h,all,元/千瓦时
17280,114.62647982750615,211.3853147184783,6.200014110845811,35.51561873366996,1980745.571419306,772135222.0947286,31947436.505900003,mlp,42,11,pv_corrected,all,all,千瓦
8374,224.82569772354657,299.81707162789013,5.893087517019675,61.57806460896699,1882690.392736979,752741174.904569,31947436.505899996,mlp,42,11,pv_corrected,all,generating,千瓦
4320,98.93003712136479,174.16873756132426,5.334949288449386,8.213271995649336,427377.7603642959,131046116.3008075,8010905.7698,mlp,42,11,pv_corrected,0–6h,all,千瓦
2095,192.74631414106275,245.7500174802089,5.040672549760972,5.683581280398852,403803.52812552644,126523483.93674064,8010905.7698,mlp,42,11,pv_corrected,0–6h,generating,千瓦
4320,105.92672633686136,195.29556298806068,5.712256237500694,28.086342188200064,457603.4577752411,164766341.90659785,8010905.651800001,mlp,42,11,pv_corrected,6–12h,all,千瓦
2094,207.33289090502285,276.6881911817891,5.419550453169623,46.74527890778462,434155.0735551178,160309007.66200888,8010905.6518,mlp,42,11,pv_corrected,6–12h,generating,千瓦
4320,123.09200385808379,225.62030544657847,6.6658446677518075,57.08408137438244,531757.456666922,219907536.0327678,7977345.455399999,mlp,42,11,pv_corrected,12–18h,all,千瓦
2093,242.2219202293939,320.4996629666243,6.3551275530752465,105.98005442452538,506970.4790401214,214993031.0818795,7977345.4554,mlp,42,11,pv_corrected,12–18h,generating,千瓦
4320,130.5571519937146,243.62958937326178,7.095961930706541,48.67877937644799,564006.8966128471,256415227.8545555,7948279.628899999,mlp,42,11,pv_corrected,18–24h,all,千瓦
2092,257.0560764895857,346.3243571227577,6.765757335221441,87.97645425890126,537761.3120162132,250915652.22394,7948279.628899999,mlp,42,11,pv_corrected,18–24h,generating,千瓦
17280,119.11578184882269,153.19356762631253,2.728494975247981,-3.1832362893337667,2058320.7103476562,405531691.1207007,75437951.2889,mlp,2026,11,load,all,all,千瓦
4320,114.64443002061633,143.14298626968028,2.6429948434914134,0.7705317914496542,495263.93768906256,88516430.71863209,18738740.217699997,mlp,2026,11,load,0–6h,all,千瓦
4320,117.81079335964627,149.99329125990695,2.7087589371076244,0.9972178885452847,508942.62731367187,97191305.66727051,18788775.1967,mlp,2026,11,load,6–12h,all,千瓦
4320,121.7859402926975,159.78860995266393,2.7833825183233487,-6.4562755878363705,526115.2620644532,110299967.44101176,18902010.722599998,mlp,2026,11,load,12–18h,all,千瓦
4320,122.22196372233073,159.22554705990055,2.777709773750995,-8.044419249493632,527998.8832804688,109523987.29378629,19008425.1519,mlp,2026,11,load,18–24h,all,千瓦
17280,117.37287388786302,235.1990234066391,6.3485633985302945,76.3756326830912,2028203.260782273,955905072.9656274,31947436.505900003,mlp,2026,11,pv,all,all,千瓦
8374,239.3684567588779,337.75658526200976,6.274279491966941,154.76942069266616,2004471.4568988434,955301824.1748834,31947436.505899996,mlp,2026,11,pv,all,generating,千瓦
4320,115.96308657172676,234.1949388044,6.253481795759115,74.3963483953555,500960.5339898596,236940203.6420976,8010905.7698,mlp,2026,11,pv,0–6h,all,千瓦
2095,237.00832362133636,336.2467863022071,6.198205948927248,151.295526999893,496532.4379866997,236864683.22048765,8010905.7698,mlp,2026,11,pv,0–6h,generating,千瓦
4320,117.75684327235365,236.06430313367864,6.350212885384112,77.21483827050001,508709.56293656776,240737854.52443385,8010905.651800001,mlp,2026,11,pv,6–12h,all,千瓦
2094,240.30436736307814,338.94924253894123,6.281403965171158,156.6647008836093,503197.34525828564,240572517.40310988,8010905.6518,mlp,2026,11,pv,6–12h,generating,千瓦
4320,118.24557391584601,235.9854088154858,6.4033942390030445,78.04611121098264,510820.87931645475,240576968.9108677,7977345.455399999,mlp,2026,11,pv,12–18h,all,千瓦
2093,240.9858111283358,338.8986579640348,6.322696008484642,158.01319818757622,504383.3026916068,240385864.67404127,7977345.4554,mlp,2026,11,pv,12–18h,generating,千瓦
4320,117.52599179152563,234.54548534633776,6.387700335722279,75.84523285552665,507712.2845393907,237650045.8882283,7948279.628899999,mlp,2026,11,pv,18–24h,all,千瓦
2092,239.17704156895377,336.9236874501863,6.295178256473826,153.10587588849697,500358.37096225127,237478758.87724453,7948279.628899999,mlp,2026,11,pv,18–24h,generating,千瓦
17280,0.034387244057774,0.04475838934015701,4.497015595949664,-0.004471613405404819,594.2115773183347,34.61725583409739,13213.464899999999,mlp,2026,11,price,all,all,元/千瓦时
4320,0.033846497303843495,0.043446757901136016,4.447477543136815,-0.0031800625522158763,146.2168683526039,8.154521735558076,3287.6358999999998,mlp,2026,11,price,0–6h,all,元/千瓦时
4320,0.034192695443514325,0.043792728282449116,4.485559788840609,-0.0037304297228378286,147.71244431598188,8.284909177816209,3293.066,mlp,2026,11,price,6–12h,all,元/千瓦时
4320,0.03451999999203064,0.04527963918659438,4.506151166168053,-0.005123154670011114,149.12639996557238,8.85706153143051,3309.3963,mlp,2026,11,price,12–18h,all,元/千瓦时
4320,0.03498978349170751,0.04644980212973793,4.548275238004173,-0.005852806676554459,151.15586468417644,9.320763389292601,3323.3667,mlp,2026,11,price,18–24h,all,元/千瓦时
17280,111.82767761480703,206.87696565522373,6.048630126636283,38.51515297047527,1932382.2691838655,739550803.7153541,31947436.505900003,mlp,2026,11,pv_corrected,all,all,千瓦
8374,219.02220634423787,293.2435423244669,5.740967528295833,67.73961429097147,1834091.9559266479,720095124.8130218,31947436.505899996,mlp,2026,11,pv_corrected,all,generating,千瓦
4320,90.29315868191895,160.13370078679668,4.869192781874755,11.861994148668357,390066.4455058899,110776905.19155744,8010905.7698,mlp,2026,11,pv_corrected,0–6h,all,千瓦
2095,174.78351743683734,225.08043165957574,4.570912198350775,13.054338065170244,366171.46903017425,106135215.50014767,8010905.7698,mlp,2026,11,pv_corrected,0–6h,generating,千瓦
4320,106.6941803635343,197.10066081486616,5.753642337142025,31.392243286451407,460918.8591704682,167826256.53259787,8010905.651800001,mlp,2026,11,pv_corrected,6–12h,all,千瓦
2094,209.049732871148,279.4425732688352,5.46442761479564,53.69903173791106,437750.1406321839,163516589.77519682,8010905.6518,mlp,2026,11,pv_corrected,6–12h,generating,千瓦
4320,122.42938745914952,224.55131556570623,6.629961768366293,55.92997662766986,528894.9538235259,217828627.15229014,7977345.455399999,mlp,2026,11,pv_corrected,12–18h,all,千瓦
2093,241.0692390994404,318.9862415781214,6.324884891296577,103.81293007316606,504557.91743512877,212967401.30767184,7977345.4554,mlp,2026,11,pv_corrected,12–18h,generating,千瓦
4320,127.89398395462531,237.22889733594607,6.95121506137102,54.87639781911143,552502.0106839814,243119014.8389086,7948279.628899999,mlp,2026,11,pv_corrected,18–24h,all,千瓦
2092,251.24877095084182,336.9216723558487,6.612908118104334,100.46675751612865,525612.4288291611,237475918.23000544,7948279.628899999,mlp,2026,11,pv_corrected,18–24h,generating,千瓦
17280,117.19477362555608,150.2548303054793,2.6844918951922647,-6.311963630032008,2025125.6882496092,390122162.44061834,75437951.2889,mlp,3407,11,load,all,all,千瓦
4320,113.2707401453993,141.57289727750535,2.611326010944537,-4.252105356807001,489329.597428125,86585264.25212339,18738740.217699997,mlp,3407,11,load,0–6h,all,千瓦
4320,116.21178468822337,147.28336793638837,2.6719938079907455,0.5311876264105919,502034.909853125,93711126.83336161,18788775.1967,mlp,3407,11,load,6–12h,all,千瓦
4320,119.55360643039279,156.00884427000543,2.7323631721453996,-9.980055562879775,516471.5797792969,105143440.99879932,18902010.722599998,mlp,3407,11,load,12–18h,all,千瓦
4320,119.7429632382089,155.66637695988834,2.721370113806384,-11.54688122685185,517289.60118906246,104682330.35633402,19008425.1519,mlp,3407,11,load,18–24h,all,千瓦
17280,103.59519964784832,214.8147459574803,5.603344886793097,45.1529831183494,1790125.049914819,797392081.3958231,31947436.505900003,mlp,3407,11,pv,all,all,千瓦
8374,213.70697270005243,308.5803664447393,5.601645656482461,93.10970716031736,1789582.189390239,797387709.5569901,31947436.505899996,mlp,3407,11,pv,all,generating,千瓦
4320,103.82589012331162,214.4665011955063,5.59896543813552,46.26046502733669,448527.84533270623,198702202.1833819,8010905.7698,mlp,3407,11,pv,0–6h,all,千瓦
2095,214.0388399716288,307.9700661863371,5.59751147530671,95.33591089544186,448411.36974056234,198701451.6919813,8010905.7698,mlp,3407,11,pv,0–6h,generating,千瓦
4320,104.47904790317965,216.5153077056913,5.6341880251744145,47.48413644493193,451349.4869417361,202516754.9942456,8010905.651800001,mlp,3407,11,pv,6–12h,all,千瓦
2094,215.4633421281258,310.9859036217942,5.632075298688831,97.8807167701362,451180.2384162954,202515414.33456534,8010905.6518,mlp,3407,11,pv,6–12h,generating,千瓦
4320,103.4032216610094,214.61996372544945,5.599631106274589,45.38549981307422,446701.91757556057,198986668.5434972,7977345.455399999,mlp,3407,11,pv,12–18h,all,千瓦
2093,213.42351176948554,308.33821681442225,5.599549532246439,93.67360332080904,446695.41013353324,198986650.29978704,7977345.4554,mlp,3407,11,pv,12–18h,generating,千瓦
4320,102.67263890389259,213.64693512349217,5.580400045968192,41.48183118805472,443545.80006481597,197186455.6746984,7948279.628899999,mlp,3407,11,pv,18–24h,all,千瓦
2092,211.90017738998466,307.0118996319364,5.577246798011782,85.54057445861777,443295.17109984794,197184193.23065647,7948279.628899999,mlp,3407,11,pv,18–24h,generating,千瓦
17280,0.03439182674449627,0.044667881649001,4.497614899971434,-2.4361586675599878e-05,594.2907661448955,34.477395569438286,13213.464899999999,mlp,3407,11,price,all,all,元/千瓦时
4320,0.033917084842004154,0.04338647375289654,4.456752845333571,0.0015431684937962779,146.52180651745795,8.13190797235057,3287.6358999999998,mlp,3407,11,price,0–6h,all,元/千瓦时
4320,0.03448013786675202,0.04413458596670075,4.523267847785886,0.0003169848686291111,148.95419558436873,8.414762450913067,3293.066,mlp,3407,11,price,6–12h,all,元/千瓦时
4320,0.034657463214060776,0.04533383498047661,4.524095258242192,-0.0009527308790606483,149.72024108474255,8.878276486240207,3309.3963,mlp,3407,11,price,12–18h,all,元/千瓦时
4320,0.034512621055168134,0.04577635008207489,4.486249529981941,-0.0010048688300671401,149.09452295832634,9.052448659934448,3323.3667,mlp,3407,11,price,18–24h,all,元/千瓦时
17280,108.35619946313729,201.87804293686244,5.860861876592888,25.478678920031783,1872395.1267230124,704241980.1219056,31947436.505900003,mlp,3407,11,pv_corrected,all,all,千瓦
8374,212.37109025568557,286.27486445873797,5.56662976534183,41.35084246671214,1778395.509801111,686276917.6267551,31947436.505899996,mlp,3407,11,pv_corrected,all,generating,千瓦
4320,87.79998813190372,157.66569600712864,4.7347448544422654,3.9030806417145523,379295.94872982404,107388597.73282114,8010905.7698,mlp,3407,11,pv_corrected,0–6h,all,千瓦
2095,170.28992223435722,221.92502582045094,4.453396374051785,-2.709906098634275,356757.38708097837,103180252.29392937,8010905.7698,mlp,3407,11,pv_corrected,0–6h,generating,千瓦
4320,105.67043012269409,194.49764293960953,5.698435083022936,21.07561538134751,456496.25813003845,163422719.03115582,8010905.651800001,mlp,3407,11,pv_corrected,6–12h,all,千瓦
2094,206.93575696160175,275.6072750153668,5.409169623414913,32.413503053952624,433323.47507759405,159058920.86668324,8010905.6518,mlp,3407,11,pv_corrected,6–12h,generating,千瓦
4320,119.76678451294264,220.72914017923074,6.48577289260653,42.648706769830554,517392.50909591216,210476246.36081398,7977345.455399999,mlp,3407,11,pv_corrected,12–18h,all,千瓦
2093,235.69419687590764,313.53952112048046,6.183860995105159,76.52071581989037,493307.9540612747,205756616.52023524,7977345.4554,mlp,3407,11,pv_corrected,12–18h,generating,千瓦
4320,120.18759508500875,227.17794512085038,6.532362158968152,34.287312887234506,519210.41076723783,222954416.99711472,7948279.628899999,mlp,3407,11,pv_corrected,18–24h,all,千瓦
2092,236.6188783849253,323.01839473835525,6.227846989446824,59.233974420114215,495006.6935812637,218281127.9459074,7948279.628899999,mlp,3407,11,pv_corrected,18–24h,generating,千瓦
17280,129.5302370891204,164.54060286462627,2.9670510116694313,-7.703891255787032,2238282.4969,467831980.6454245,75437951.2889,periodic,none,11,load,all,all,千瓦
4320,125.7949360185185,156.5799558887549,2.9000568730158816,-2.4863881018518468,543434.1235999999,105914660.77205756,18738740.217699997,periodic,none,11,load,0–6h,all,千瓦
4320,127.84728159722222,160.87118299936992,2.939522404829263,-5.684185069444439,552300.2565,111799602.08474441,18788775.1967,periodic,none,11,load,6–12h,all,千瓦
4320,131.72823703703702,169.42941384798203,3.0106108410974604,-10.398262499999996,569065.9839999999,124011329.5160817,18902010.722599998,periodic,none,11,load,12–18h,all,千瓦
4320,132.7504937037037,170.85459777719376,3.016989194092585,-12.246729351851847,573482.1328,126106388.27254081,19008425.1519,periodic,none,11,load,18–24h,all,千瓦
17280,111.54629015046295,234.8092934750308,6.033410203175545,14.158117581018518,1927519.8937999997,952739786.3427615,31947436.505900003,periodic,none,11,pv,all,all,千瓦
8374,230.17254599952233,337.30333138841985,6.033238065420489,29.20913281585861,1927464.9002,952739601.900591,31947436.505899996,periodic,none,11,pv,all,generating,千瓦
4320,111.5344955787037,234.5233030500344,6.014663444381388,14.00095923611111,481829.0209,237605096.18951255,8010905.7698,periodic,none,11,pv,0–6h,all,千瓦
2095,229.98342362768494,336.77187882459856,6.014491823338836,28.864150596658718,481815.27249999996,237605050.07896996,8010905.7698,periodic,none,11,pv,0–6h,generating,千瓦
4320,111.53448793981481,234.52330304952423,6.0146631210384545,14.000950949074074,481828.98789999995,237605096.18847883,8010905.651800001,periodic,none,11,pv,6–12h,all,千瓦
2094,230.09323758357212,336.8522827593136,6.014491499993377,28.87791771728749,481815.2395,237605050.07793623,8010905.6518,periodic,none,11,pv,6–12h,generating,千瓦
4320,111.41052430555555,234.85557626914795,6.0332533884966,14.133737222222223,481293.465,238278852.16436258,7977345.455399999,periodic,none,11,pv,12–18h,all,千瓦
2093,229.94730845676062,337.4101115836081,6.033081045452452,29.16578901098901,481279.7166,238278806.05381998,7977345.4554,periodic,none,11,pv,12–18h,generating,千瓦
4320,111.70565277777777,235.33405226932575,6.0713568536941995,14.496822916666664,482568.42,239250741.8004075,7948279.628899999,periodic,none,11,pv,18–24h,all,千瓦
2092,230.6666690248566,338.17832173220444,6.071183880413918,29.92950602294455,482554.6716,239250695.68986487,7948279.628899999,periodic,none,11,pv,18–24h,generating,千瓦
17280,0.039307071759259266,0.05123750946481891,5.140409462169155,-0.009387592592592593,679.2262000000001,45.36487946,13213.464899999999,periodic,none,11,price,all,all,元/千瓦时
4320,0.03866951388888889,0.04959010647016421,5.081228733388634,-0.008309421296296297,167.0523,10.623651809999998,3287.6358999999998,periodic,none,11,price,0–6h,all,元/千瓦时
4320,0.03877527777777778,0.049687643221316996,5.086724651130588,-0.008823750000000002,167.5092,10.66548336,3293.066,periodic,none,11,price,6–12h,all,元/千瓦时
4320,0.039694999999999994,0.05223801647977018,5.181682230079244,-0.009964537037037037,171.48239999999998,11.788460780000001,3309.3963,periodic,none,11,price,12–18h,all,元/千瓦时
4320,0.04008849537037037,0.0533317784278546,5.211049987351681,-0.010452662037037038,173.1823,12.28728351,3323.3667,periodic,none,11,price,18–24h,all,元/千瓦时
17280,160.4962339834105,342.1135088796141,8.681056217831909,-19.512404837962972,2773374.923233333,2022479763.1128886,31947436.505900003,periodic,none,11,pv_corrected,all,all,千瓦
8374,322.14396050274667,489.9068487901789,8.443974917210669,-49.30926123517237,2697633.5252500004,2009833025.3960154,31947436.505899996,periodic,none,11,pv_corrected,all,generating,千瓦
4320,90.04573400848766,164.78309537581382,4.855850038620269,-12.370002962962971,388997.57091666665,117302984.01346129,8010905.7698,periodic,none,11,pv_corrected,0–6h,all,千瓦
2095,176.49236753778837,233.37291684574228,4.615601788571505,-34.69425953460622,369751.50999166665,114099813.87430301,8010905.7698,periodic,none,11,pv_corrected,0–6h,generating,千瓦
4320,133.2804561265432,252.76921888416211,7.187346793146845,-11.848956759259265,575771.5704666667,276014641.0261369,8010905.651800001,periodic,none,11,pv_corrected,6–12h,all,千瓦
2094,265.8379320518943,360.98615985921555,6.948835174354945,-33.569452698185295,556664.6297166666,272871249.93513715,8010905.6518,periodic,none,11,pv_corrected,6–12h,generating,千瓦
4320,180.10641572916666,367.7865624246653,9.753366208095178,-6.008199652777785,778059.71595,584353247.7606577,7977345.455399999,periodic,none,11,pv_corrected,12–18h,all,千瓦
2093,362.49222926023253,526.8756621485023,9.510635337073092,-21.652605164038864,758696.2358416667,581012537.3217368,7977345.4554,periodic,none,11,pv_corrected,12–18h,generating,千瓦
4320,238.55233006944445,491.78644734741414,12.96564934823037,-47.82245997685185,1030546.0659,1044808890.3126329,7948279.628899999,periodic,none,11,pv_corrected,18–24h,all,千瓦
2092,483.99672547801146,705.7024707212277,12.73887176815554,-107.36995377629064,1012521.1497,1041849424.2648385,7948279.628899999,periodic,none,11,pv_corrected,18–24h,generating,千瓦
17280,663.4524981770834,1155.781697730537,15.197203758351389,-69.50490509837965,11464459.1685,23083165430.937485,75437951.2889,yesterday,none,11,load,all,all,千瓦
4320,659.4115567129629,1154.5752961215528,15.201971380708141,-64.24978527777775,2848657.925,5758750574.269221,18738740.217699997,yesterday,none,11,load,0–6h,all,千瓦
4320,661.915628449074,1155.2651145860264,15.219062897736034,-67.62425969907405,2859475.5149,5765633935.111286,18788775.1967,yesterday,none,11,load,6–12h,all,千瓦
4320,665.8065598611112,1156.5357040930778,15.216816775799412,-72.39976425925927,2876284.3386000004,5778323286.517749,18902010.722599998,yesterday,none,11,load,12–18h,all,千瓦
4320,666.6762476851852,1156.7492800947925,15.151394010734885,-73.74581115740742,2880041.39,5780457635.039225,19008425.1519,yesterday,none,11,load,18–24h,all,千瓦
17280,111.54629015046295,234.8092934750308,6.033410203175545,14.158117581018518,1927519.8937999997,952739786.3427615,31947436.505900003,yesterday,none,11,pv,all,all,千瓦
8374,230.17254599952233,337.30333138841985,6.033238065420489,29.20913281585861,1927464.9002,952739601.900591,31947436.505899996,yesterday,none,11,pv,all,generating,千瓦
4320,111.5344955787037,234.5233030500344,6.014663444381388,14.00095923611111,481829.0209,237605096.18951255,8010905.7698,yesterday,none,11,pv,0–6h,all,千瓦
2095,229.98342362768494,336.77187882459856,6.014491823338836,28.864150596658718,481815.27249999996,237605050.07896996,8010905.7698,yesterday,none,11,pv,0–6h,generating,千瓦
4320,111.53448793981481,234.52330304952423,6.0146631210384545,14.000950949074074,481828.98789999995,237605096.18847883,8010905.651800001,yesterday,none,11,pv,6–12h,all,千瓦
2094,230.09323758357212,336.8522827593136,6.014491499993377,28.87791771728749,481815.2395,237605050.07793623,8010905.6518,yesterday,none,11,pv,6–12h,generating,千瓦
4320,111.41052430555555,234.85557626914795,6.0332533884966,14.133737222222223,481293.465,238278852.16436258,7977345.455399999,yesterday,none,11,pv,12–18h,all,千瓦
2093,229.94730845676062,337.4101115836081,6.033081045452452,29.16578901098901,481279.7166,238278806.05381998,7977345.4554,yesterday,none,11,pv,12–18h,generating,千瓦
4320,111.70565277777777,235.33405226932575,6.0713568536941995,14.496822916666664,482568.42,239250741.8004075,7948279.628899999,yesterday,none,11,pv,18–24h,all,千瓦
2092,230.6666690248566,338.17832173220444,6.071183880413918,29.92950602294455,482554.6716,239250695.68986487,7948279.628899999,yesterday,none,11,pv,18–24h,generating,千瓦
17280,0.08475019097222222,0.12573240788651038,11.083264768804133,-0.008381811342592594,1464.4833,273.17327143,13213.464899999999,yesterday,none,11,price,all,all,元/千瓦时
4320,0.08431898148148148,0.12534855143647342,11.079633240408404,-0.007395555555555556,364.258,67.87696038,3287.6358999999998,yesterday,none,11,price,0–6h,all,元/千瓦时
4320,0.08455539351851853,0.12544828744051972,11.092377134257255,-0.007875625,365.27930000000003,67.98501859,3293.066,yesterday,none,11,price,6–12h,all,元/千瓦时
4320,0.08492004629629629,0.12589866462607788,11.085242344653615,-0.008905231481481481,366.8546,68.47404662000001,3309.3963,yesterday,none,11,price,12–18h,all,元/千瓦时
4320,0.0852063425925926,0.12623211813222557,11.07585870677467,-0.009350833333333336,368.0914,68.83724584000001,3323.3667,yesterday,none,11,price,18–24h,all,元/千瓦时
17280,160.4962339834105,342.1135088796141,8.681056217831909,-19.512404837962972,2773374.923233333,2022479763.1128886,31947436.505900003,issued,none,11,pv_corrected,all,all,千瓦
8374,322.14396050274667,489.9068487901789,8.443974917210669,-49.30926123517237,2697633.5252500004,2009833025.3960154,31947436.505899996,issued,none,11,pv_corrected,all,generating,千瓦
4320,90.04573400848766,164.78309537581382,4.855850038620269,-12.370002962962971,388997.57091666665,117302984.01346129,8010905.7698,issued,none,11,pv_corrected,0–6h,all,千瓦
2095,176.49236753778837,233.37291684574228,4.615601788571505,-34.69425953460622,369751.50999166665,114099813.87430301,8010905.7698,issued,none,11,pv_corrected,0–6h,generating,千瓦
4320,133.2804561265432,252.76921888416211,7.187346793146845,-11.848956759259265,575771.5704666667,276014641.0261369,8010905.651800001,issued,none,11,pv_corrected,6–12h,all,千瓦
2094,265.8379320518943,360.98615985921555,6.948835174354945,-33.569452698185295,556664.6297166666,272871249.93513715,8010905.6518,issued,none,11,pv_corrected,6–12h,generating,千瓦
4320,180.10641572916666,367.7865624246653,9.753366208095178,-6.008199652777785,778059.71595,584353247.7606577,7977345.455399999,issued,none,11,pv_corrected,12–18h,all,千瓦
2093,362.49222926023253,526.8756621485023,9.510635337073092,-21.652605164038864,758696.2358416667,581012537.3217368,7977345.4554,issued,none,11,pv_corrected,12–18h,generating,千瓦
4320,238.55233006944445,491.78644734741414,12.96564934823037,-47.82245997685185,1030546.0659,1044808890.3126329,7948279.628899999,issued,none,11,pv_corrected,18–24h,all,千瓦
2092,483.99672547801146,705.7024707212277,12.73887176815554,-107.36995377629064,1012521.1497,1041849424.2648385,7948279.628899999,issued,none,11,pv_corrected,18–24h,generating,千瓦
17280,129.5302370891204,164.54060286462627,2.9670510116694313,-7.703891255787032,2238282.4969,467831980.6454245,75437951.2889,weekly,none,11,load,all,all,千瓦
4320,125.7949360185185,156.5799558887549,2.9000568730158816,-2.4863881018518468,543434.1235999999,105914660.77205756,18738740.217699997,weekly,none,11,load,0–6h,all,千瓦
4320,127.84728159722222,160.87118299936992,2.939522404829263,-5.684185069444439,552300.2565,111799602.08474441,18788775.1967,weekly,none,11,load,6–12h,all,千瓦
4320,131.72823703703702,169.42941384798203,3.0106108410974604,-10.398262499999996,569065.9839999999,124011329.5160817,18902010.722599998,weekly,none,11,load,12–18h,all,千瓦
4320,132.7504937037037,170.85459777719376,3.016989194092585,-12.246729351851847,573482.1328,126106388.27254081,19008425.1519,weekly,none,11,load,18–24h,all,千瓦
17280,149.90355635416665,308.2248519519543,8.10811049995082,106.12754987268518,2590333.4538,1641644225.7546957,31947436.505900003,weekly,none,11,pv,all,all,千瓦
8374,309.0251820515882,442.74857003732154,8.100108044731833,218.69208054693098,2587776.8745,1641524204.965759,31947436.505899996,weekly,none,11,pv,all,generating,千瓦
4320,149.21124956018517,306.371577047143,8.046438400636596,105.14217567129629,644592.5981,405490506.720567,8010905.7698,weekly,none,11,pv,0–6h,all,千瓦
2095,307.3820240572793,439.92875960404467,8.038608353473084,216.50927980906923,643965.3404000001,405460671.8385482,8010905.7698,weekly,none,11,pv,0–6h,generating,千瓦
4320,149.2111824537037,306.37157700657843,8.046434900343186,105.14210370370371,644592.3082000001,405490506.6131906,8010905.651800001,weekly,none,11,pv,6–12h,all,千瓦
2094,307.5286512893982,440.03379207757246,8.038604170245158,216.61250028653293,643964.9957999999,405460671.7283323,8010905.6518,weekly,none,11,pv,6–12h,generating,千瓦
4320,150.33389847222222,309.384285399515,8.141084587986365,106.85159777777777,649442.4414,413504507.74536824,7977345.455399999,weekly,none,11,pv,12–18h,all,千瓦
2093,309.98537591973246,444.46720651463016,8.133023640850563,220.23691008122313,648799.3918000001,413474447.41686124,7977345.4554,weekly,none,11,pv,12–18h,generating,千瓦
4320,150.85789493055555,310.74831451062886,8.199335410022467,107.37432233796297,651706.1061,417158704.67556983,7948279.628899999,weekly,none,11,pv,18–24h,all,千瓦
2092,311.2080050191205,446.5335007537726,8.191044815947192,221.41401190248567,651047.1465,417128413.9820175,7948279.628899999,weekly,none,11,pv,18–24h,generating,千瓦
17280,0.039307071759259266,0.05123750946481891,5.140409462169155,-0.009387592592592593,679.2262000000001,45.36487946,13213.464899999999,weekly,none,11,price,all,all,元/千瓦时
4320,0.03866951388888889,0.04959010647016421,5.081228733388634,-0.008309421296296297,167.0523,10.623651809999998,3287.6358999999998,weekly,none,11,price,0–6h,all,元/千瓦时
4320,0.03877527777777778,0.049687643221316996,5.086724651130588,-0.008823750000000002,167.5092,10.66548336,3293.066,weekly,none,11,price,6–12h,all,元/千瓦时
4320,0.039694999999999994,0.05223801647977018,5.181682230079244,-0.009964537037037037,171.48239999999998,11.788460780000001,3309.3963,weekly,none,11,price,12–18h,all,元/千瓦时
4320,0.04008849537037037,0.0533317784278546,5.211049987351681,-0.010452662037037038,173.1823,12.28728351,3323.3667,weekly,none,11,price,18–24h,all,元/千瓦时
17640,148.05360683031284,192.27256748275445,3.1605084159430086,-33.3813069476775,2611665.624486719,652128577.2410789,82634351.2111,mlp,42,12,load,all,all,千瓦
4464,147.35775492770287,192.2337687440835,3.1410817838018814,-36.07760507331219,657805.0179972656,164961860.71855208,20941989.5206,mlp,42,12,load,0–6h,all,千瓦
4428,151.42702774319667,198.14119410538578,3.224038693979114,-31.324066593093658,670518.8788468749,173842982.44507813,20797482.3658,mlp,42,12,load,6–12h,all,千瓦
4392,148.88689098796462,192.3658895694997,3.1804443270340954,-34.30580618480688,653911.2252191406,162524358.98364687,20560373.268,mlp,42,12,load,12–18h,all,千瓦
4356,144.49736051961375,186.06120761291183,3.0953813221150117,-31.777263055985994,629430.5024234375,150799375.09380183,20334506.0567,mlp,42,12,load,18–24h,all,千瓦
17640,92.47947161548966,194.08037521068604,6.115845326294309,36.9442806869225,1631337.8792972376,664449267.6194806,26673955.8027,mlp,42,12,pv,all,all,千瓦
8287,196.24458246319338,283.14693899591015,6.096879168960262,78.03041955985987,1626278.8548724835,664386930.7630395,26673955.8027,mlp,42,12,pv,all,generating,千瓦
4464,91.80236927624755,193.65568744789107,6.064217983205877,35.86909326644606,409805.77644916903,167411272.85400578,6757767.9032,mlp,42,12,pv,0–6h,all,千瓦
2097,195.05931709076975,282.54211762488484,6.0528771304153866,75.99105571368162,409039.38793934416,167403611.14240807,6757767.9032,mlp,42,12,pv,0–6h,generating,千瓦
4428,95.23651126621947,198.46962012792778,6.24033376971062,43.693951102805215,421707.2718868198,174419761.82356972,6757767.8927,mlp,42,12,pv,6–12h,all,千瓦
2096,200.54870944276877,288.4518600450736,6.220250557082933,91.66013291433443,420350.09499204333,174396580.7810179,6757767.8927,mlp,42,12,pv,6–12h,generating,千瓦
4392,93.1266552984187,194.63666259666158,6.164830529535073,38.680377005744226,409012.2700706549,166384026.43435925,6634606.8738,mlp,42,12,pv,12–18h,all,千瓦
2063,197.4579888206042,283.9735473676417,6.139863878680601,81.54521409378587,407355.8309369065,166362332.6722119,6634606.8738,mlp,42,12,pv,12–18h,generating,千瓦
4356,89.71821875357986,189.38436733844284,5.990554188526814,29.434446208321262,390812.56089059386,156234206.50754592,6523813.132999999,mlp,42,12,pv,18–24h,all,千瓦
2031,191.79396405917754,277.3444500119627,5.970948785056035,62.4999644495535,389533.5410041896,156224406.1674017,6523813.132999999,mlp,42,12,pv,18–24h,generating,千瓦
17640,0.03835472319765426,0.05393003891690818,4.4465843553916455,-0.013917648951204455,676.5773172066212,51.305042081297636,15215.6636,mlp,42,12,price,all,all,元/千瓦时
4464,0.038715145141601987,0.05471156338587946,4.492792073549286,-0.014315212630702175,172.82440791211127,13.362337470519401,3846.7039,mlp,42,12,price,0–6h,all,元/千瓦时
4428,0.038807456190411635,0.05487741741308864,4.48829691697677,-0.01392101312463307,171.83941601114273,13.335059010867651,3828.6107,mlp,42,12,price,6–12h,all,元/千瓦时
4392,0.0381668169513209,0.05351201716222769,4.424220441012009,-0.014104232557549503,167.6286600502014,12.576650027544261,3788.8858,mlp,42,12,price,12–18h,all,元/千瓦时
4356,0.03771460818024925,0.052554129627911006,4.3792201728958915,-0.013318682921753769,164.28483323316573,12.030995572366322,3751.4632,mlp,42,12,price,18–24h,all,元/千瓦时
17640,93.68820011721462,183.82715156574451,6.195780866894815,28.461923269273985,1652659.8500676658,596098317.9549546,26673955.8027,mlp,42,12,pv_corrected,all,all,千瓦
8287,194.51115415942954,267.3485024764527,6.043025438154287,55.668204527756664,1611913.9345191927,592315162.8610421,26673955.8027,mlp,42,12,pv_corrected,all,generating,千瓦
4464,65.26623136476701,123.77365213024054,4.31131197439258,11.383496631464393,291348.4568123199,68388109.31684041,6757767.9032,mlp,42,12,pv_corrected,0–6h,all,千瓦
2097,133.5778489834523,179.3282327442803,4.145048384772995,18.874688349469046,280112.74931829947,67436615.77911465,6757767.9032,mlp,42,12,pv_corrected,0–6h,generating,千瓦
4428,91.78341183746419,173.64887251764225,6.014070830330213,36.69778642743903,406416.9476162914,133521606.143199,6757767.8927,mlp,42,12,pv_corrected,6–12h,all,千瓦
2096,188.20169500139852,251.245263568815,5.837293600288547,71.82805506075374,394470.75272293127,132308286.44823992,6757767.8927,mlp,42,12,pv_corrected,6–12h,generating,千瓦
4392,111.4806477908701,210.84095944515875,7.3798344711427895,43.27824734158874,489623.00509750145,195241573.5094843,6634606.8738,mlp,42,12,pv_corrected,12–18h,all,千瓦
2063,232.9729036652511,306.9122410276622,7.2441835575727795,87.77419170536564,480623.100261413,194324540.17787883,6634606.8738,mlp,42,12,pv_corrected,12–18h,generating,千瓦
4356,106.81162546867616,213.7099749526631,7.131894048099391,22.653015813172246,465271.4405415533,198947028.98543093,6523813.132999999,mlp,42,12,pv_corrected,18–24h,all,千瓦
2031,224.86820887077732,312.4258418800378,7.000619467567892,44.36850248999199,456707.33221654873,198245720.45580876,6523813.132999999,mlp,42,12,pv_corrected,18–24h,generating,千瓦
17640,155.51732904341162,203.96937255435236,3.319836900900457,-56.49793239831349,2743325.684325781,733885827.1454136,82634351.2111,mlp,2026,12,load,all,all,千瓦
4464,155.15182335568227,204.05393860335084,3.307220351621694,-61.163525181574116,692597.7394597656,185872076.0129869,20941989.5206,mlp,2026,12,load,0–6h,all,千瓦
4428,158.38112766097842,208.9305844340773,3.3720987038126795,-53.65253277244947,701311.6332828124,193291007.78778148,20797482.3658,mlp,2026,12,load,6–12h,all,千瓦
4392,156.5126857005635,204.57749783324113,3.3433425873972076,-55.816138636298945,687403.715596875,183813775.90576532,20560373.268,mlp,2026,12,load,12–18h,all,千瓦
4356,151.97717997849588,198.07902500433167,3.2556118852378133,-55.296523206765805,662012.5959863281,170908967.4388799,20334506.0567,mlp,2026,12,load,18–24h,all,千瓦
17640,93.97434795663187,196.19254163169595,6.214704373871645,39.7620240634057,1657707.4979549863,678990296.2331998,26673955.8027,mlp,2026,12,pv,all,all,千瓦
8287,198.5685981496029,286.17656168677996,6.169081125564413,83.17033659819595,1645537.9728657594,678680641.6906339,26673955.8027,mlp,2026,12,pv,all,generating,千瓦
4464,94.0488635534082,196.36078703847193,6.212615362294561,40.15867902952722,419834.1269024142,172120941.97594732,6757767.9032,mlp,2026,12,pv,0–6h,all,千瓦
2097,198.74454954882532,286.4315622519322,6.1672334175095775,84.02553013318168,416767.32040388667,172044254.57401097,6757767.9032,mlp,2026,12,pv,0–6h,generating,千瓦
4428,98.45562071607844,202.6805675128971,6.451264610637748,50.36442228001195,435961.4885307953,181899638.316866,6757767.8927,mlp,2026,12,pv,6–12h,all,千瓦
2096,205.8486309850795,294.47451641142555,6.384633763624893,104.25138543407643,431458.7305447266,181755144.74979722,6757767.8927,mlp,2026,12,pv,6–12h,generating,千瓦
4392,94.11929461331457,196.5007421612303,6.230541610145425,41.30598120496592,413371.9419416776,169586283.0142637,6634606.8738,mlp,2026,12,pv,12–18h,all,千瓦
2063,198.9572710081374,286.6588327622703,6.186483357599471,86.52097799336899,410448.8500897875,169523489.84449404,6634606.8738,mlp,2026,12,pv,12–18h,generating,千瓦
4356,89.19649691921471,188.86801701888353,5.955718422017827,27.021173090579357,388539.9405800993,155383432.92612284,6523813.132999999,mlp,2026,12,pv,18–24h,all,千瓦
2031,190.479109713126,276.57409708414184,5.930014608641288,57.128193613896286,386863.0718273589,155357752.52233177,6523813.132999999,mlp,2026,12,pv,18–24h,generating,千瓦
17640,0.0381442541098973,0.05369638276467652,4.422184008448954,-0.010410674773030268,672.8646424985884,50.86143884826786,15215.6636,mlp,2026,12,price,all,all,元/千瓦时
4464,0.03861692849724523,0.054479694453022746,4.481394286981713,-0.011397620020032355,172.38596881170272,13.24931764874922,3846.7039,mlp,2026,12,price,0–6h,all,元/千瓦时
4428,0.03863035348177817,0.05483897984441118,4.467814009330166,-0.010796654075131074,171.05520521731376,13.316385109543758,3828.6107,mlp,2026,12,price,6–12h,all,元/千瓦时
4392,0.03781178381937015,0.053173736970889215,4.383065716434992,-0.00989451878808018,166.0693545346737,12.418144164749371,3788.8858,mlp,2026,12,price,12–18h,all,元/千瓦时
4356,0.03750094442949917,0.0522180036900325,4.35441067194524,-0.009527322420776162,163.35411393489838,11.877591925225513,3751.4632,mlp,2026,12,price,18–24h,all,元/千瓦时
17640,91.03864219710809,180.4478044795355,6.0205605056690965,-3.6595557710987845,1605921.6483569867,574383274.8957896,26673955.8027,mlp,2026,12,pv_corrected,all,all,千瓦
8287,189.90364529817302,262.63422954662786,5.899880468523019,-11.674273388827,1573731.50858596,571610232.1943877,26673955.8027,mlp,2026,12,pv_corrected,all,generating,千瓦
4464,66.64933069045324,128.78350699811418,4.402675801595637,-16.33449004517015,297522.6122021833,74036295.63600956,6757767.9032,mlp,2026,12,pv_corrected,0–6h,all,千瓦
2097,138.8219716695461,187.309207737845,4.307778526296963,-37.83028191358357,291109.67459103814,73572698.31918614,6757767.9032,mlp,2026,12,pv_corrected,0–6h,generating,千瓦
4428,85.275548361723,164.4217996040715,5.587645715882127,5.2196850294945785,377600.1281457094,119708890.80336353,6757767.8927,mlp,2026,12,pv_corrected,6–12h,all,千瓦
2096,175.77043312777334,238.23008228322698,5.451723611782949,6.644782920183934,368414.82783581293,118955487.1313948,6757767.8927,mlp,2026,12,pv_corrected,6–12h,generating,千瓦
4392,104.93040063404881,200.19559271753772,6.946218944857934,8.61998729628535,460854.31958474236,176023785.30876726,6634606.8738,mlp,2026,12,pv_corrected,12–18h,all,千瓦
2063,219.3159441656199,291.47371027108335,6.819526784629694,14.277003118864124,452448.79281367385,175266133.75647193,6634606.8738,mlp,2026,12,pv_corrected,12–18h,generating,千瓦
4356,107.88443260430482,216.7325091456763,7.203526202293995,-12.077398933983073,469944.58842435176,204614303.14764938,6523813.132999999,mlp,2026,12,pv_corrected,18–24h,all,千瓦
2031,227.35510258268596,316.784615873978,7.0780416902146,-29.933788692932943,461758.21334543516,203815912.9873347,6523813.132999999,mlp,2026,12,pv_corrected,18–24h,generating,千瓦
17640,150.1323052947403,195.94023330276593,3.2048825053804944,-54.88901822066326,2648333.8653992186,677245023.4717349,82634351.2111,mlp,3407,12,load,all,all,千瓦
4464,153.1261465045888,200.2764909179039,3.264040970530006,-60.32500528192554,683555.1179964844,179054043.44343364,20941989.5206,mlp,3407,12,load,0–6h,all,千瓦
4428,151.92055198585348,200.02587317312836,3.2345463376835175,-50.90947142765145,672704.2041933592,177165829.52844155,20797482.3658,mlp,3407,12,load,6–12h,all,千瓦
4392,148.5879804339744,193.326861998648,3.1740591552475097,-54.52965545532003,652598.4100660156,164152210.30451292,20560373.268,mlp,3407,12,load,12–18h,all,千瓦
4356,146.80352000536257,189.77110335925698,3.1447832141103764,-53.72591175219883,639476.1331433593,156872940.19534677,20334506.0567,mlp,3407,12,load,18–24h,all,千瓦
17640,92.78865153393177,193.62981478940324,6.136291988955296,39.760519557633764,1636791.8130585565,661367791.2936785,26673955.8027,mlp,3407,12,pv,all,all,千瓦
8287,196.0781092707357,282.45900985110273,6.0917072201270965,83.20056033120433,1624899.2915265867,661162485.4431436,26673955.8027,mlp,3407,12,pv,all,generating,千瓦
4464,92.51727646592985,192.77925729327825,6.111442832304801,40.08167075348769,412997.12214391085,165899390.87793416,6757767.9032,mlp,3407,12,pv,0–6h,all,千瓦
2097,195.44338269813906,281.22588047615676,6.064795053466162,83.82080573088021,409844.7735179976,165847527.29658943,6757767.9032,mlp,3407,12,pv,0–6h,generating,千瓦
4428,96.5816025374099,199.53304225605572,6.32847032964286,49.54577859387497,427663.33603565104,176293889.96726525,6757767.8927,mlp,3407,12,pv,6–12h,all,千瓦
2096,202.4740151476016,289.9571517390736,6.279966143966123,103.10634891574439,424385.5357493729,176221514.07435733,6757767.8927,mlp,3407,12,pv,6–12h,generating,千瓦
4392,93.12323033357201,194.33562891520313,6.164603802527839,40.68286109178158,408997.22762504825,165869750.63649023,6634606.8738,mlp,3407,12,pv,12–18h,all,千瓦
2063,196.8930397218053,283.51098494919546,6.122297050487289,85.2507218788855,406190.34094608435,165820801.3246982,6634606.8738,mlp,3407,12,pv,12–18h,generating,千瓦
4356,88.87376658722363,187.60045353900807,5.934169470545841,28.55444288895948,387134.12725394615,153304759.8119889,6523813.132999999,mlp,3407,12,pv,18–24h,all,千瓦
2031,189.30509173467854,274.71182945137485,5.893464964045164,59.93484356646651,384478.64131313213,153272642.7474987,6523813.132999999,mlp,3407,12,pv,18–24h,generating,千瓦
17640,0.03821470453548864,0.053695041980787124,4.430351549084061,-0.013765941166747994,674.1073880060196,50.85889888773819,15215.6636,mlp,3407,12,price,all,all,元/千瓦时
4464,0.03860440305083669,0.05434842181490813,4.479940741447113,-0.013765995472060736,172.330055218935,13.185544257634554,3846.7039,mlp,3407,12,price,0–6h,all,元/千瓦时
4428,0.03866793266965552,0.05475153534700092,4.472160250224308,-0.014075906663718477,171.22160586123465,13.273951197997029,3828.6107,mlp,3407,12,price,6–12h,all,元/千瓦时
4392,0.038012703503383316,0.05338784522193679,4.406355920963876,-0.013853029643913871,166.95179378685953,12.518350780602976,3788.8858,mlp,3407,12,price,12–18h,all,元/千瓦时
4356,0.03755829502731643,0.052225610411044135,4.3610699190382665,-0.013362988404761331,163.60393313899039,11.881052651503639,3751.4632,mlp,3407,12,price,18–24h,all,元/千瓦时
17640,91.8058506016902,179.48155213609607,6.071297473057558,15.491054255166349,1619455.204613815,568248390.1086936,26673955.8027,mlp,3407,12,pv_corrected,all,all,千瓦
8287,190.83321241171996,261.01389885094994,5.928760034519689,28.386849728881664,1581434.8312559233,564578852.4448897,26673955.8027,mlp,3407,12,pv_corrected,all,generating,千瓦
4464,64.02945636696052,122.09037380783846,4.229613939341777,6.7263361411671045,285827.4932221117,66540649.05686441,6757767.9032,mlp,3407,12,pv_corrected,0–6h,all,千瓦
2097,132.46195996427014,177.3073582604273,4.110421281463973,10.477635363439541,277772.7300450745,65925274.818032295,6757767.9032,mlp,3407,12,pv_corrected,0–6h,generating,千瓦
4428,88.47133665878987,168.18523272149892,5.797048447732366,22.44801567516779,391751.0787251215,125251614.65472926,6757767.8927,mlp,3407,12,pv_corrected,6–12h,all,千瓦
2096,182.42841896529555,243.57161048232737,5.6582287557450766,42.94785345218555,382369.9661512595,124349663.29147287,6757767.8927,mlp,3407,12,pv_corrected,6–12h,generating,千瓦
4392,108.6913146028057,204.6564889026031,7.195185228241045,26.685666349289452,477372.2537355226,183955750.95214218,6634606.8738,mlp,3407,12,pv_corrected,12–18h,all,千瓦
2063,226.09155390103322,297.7025217531606,7.030211202712657,51.50657710537478,466426.87569783157,182837070.7782482,6634606.8738,mlp,3407,12,pv_corrected,12–18h,generating,千瓦
4356,106.63553235331939,210.21894629700168,7.1201361759032356,6.113997362544111,464504.37893105927,192500375.4449576,6523813.132999999,mlp,3407,12,pv_corrected,18–24h,all,千瓦
2031,223.96123060647838,307.03778698669015,6.972383329940448,8.367037391403521,454865.2593617576,191466843.55713645,6523813.132999999,mlp,3407,12,pv_corrected,18–24h,generating,千瓦
17640,177.3046665873016,236.60270462071534,3.784932383156259,-51.84776151927437,3127654.3186000003,987502014.6688931,82634351.2111,periodic,none,12,load,all,all,千瓦
4464,180.5122559139785,241.14729627301278,3.847803999745833,-56.49116362007168,805806.7104,259590610.58303666,20941989.5206,periodic,none,12,load,0–6h,all,千瓦
4428,178.69746332429992,238.74262084220283,3.8046545907940854,-53.687553477868114,791272.3676,252387316.7212417,20797482.3658,periodic,none,12,load,6–12h,all,千瓦
4392,175.27019765482697,233.38156468685713,3.7440308017077197,-49.2356164162113,769786.7081,239218865.19913152,20560373.268,periodic,none,12,load,12–18h,all,千瓦
4356,174.65301480716252,232.91246092660208,3.741367163670683,-47.85276508264463,760788.5325,236305222.16548318,20334506.0567,periodic,none,12,load,18–24h,all,千瓦
17640,99.6031042913832,215.1312623435467,6.586944856233705,4.346206536281179,1756998.7596999998,816404955.0619924,26673955.8027,periodic,none,12,pv,all,all,千瓦
8287,212.01681063110897,313.8731302283027,6.586886934566166,9.24962390491131,1756983.3097,816404925.1538674,26673955.8027,periodic,none,12,pv,all,generating,千瓦
4464,99.69951285842295,215.54952862562484,6.585882080816238,3.5197905465949826,445058.6254,207404579.23381454,6757767.9032,periodic,none,12,pv,0–6h,all,千瓦
2097,212.23403094897472,314.492249796496,6.585824924369682,7.490931092036245,445054.7629,207404571.7567833,6757767.9032,periodic,none,12,pv,0–6h,generating,千瓦
4428,100.51007768744354,216.4239724945646,6.585882070332268,3.548407046070464,445058.624,207404579.23381263,6757767.8927,periodic,none,12,pv,6–12h,all,千瓦
2096,212.33528697519085,314.5672628565468,6.585824913885624,7.494505677480917,445054.7615,207404571.75678134,6757767.8927,periodic,none,12,pv,6–12h,generating,千瓦
4392,99.50695799180328,214.71788445882677,6.58719601346457,5.045378893442623,437034.5595,202487757.4292342,6634606.8738,periodic,none,12,pv,12–18h,all,千瓦
2063,211.8423155598643,313.2923304519611,6.587137795998586,10.739428793019878,437030.69700000004,202487749.95220292,6634606.8738,periodic,none,12,pv,12–18h,generating,千瓦
4356,98.67928163452709,213.79643646571546,6.588891221081516,5.299147796143251,429846.9508,199108039.16513103,6523813.132999999,periodic,none,12,pv,18–24h,all,千瓦
2031,211.64110699162973,313.1045853746305,6.588832014909891,11.36347872968981,429843.0883,199108031.68809977,6523813.132999999,periodic,none,12,pv,18–24h,generating,千瓦
17640,0.04728654761904762,0.07194195554533582,5.482079007056912,-0.016955391156462586,834.1347,91.29837723,15215.6636,periodic,none,12,price,all,all,元/千瓦时
4464,0.04776561379928316,0.07278562918502673,5.543075462605792,-0.017762746415770605,213.22570000000002,23.64914625,3846.7039,periodic,none,12,price,0–6h,all,元/千瓦时
4428,0.04777879403794038,0.07291392112523692,5.525881751309947,-0.017575903342366757,211.5645,23.54119585,3828.6107,periodic,none,12,price,6–12h,all,元/千瓦时
4392,0.046995081967213116,0.07135714916386564,5.447575115618423,-0.01654462659380692,206.4024,22.3633733,3788.8858,periodic,none,12,price,12–18h,all,元/千瓦时
4356,0.04658909550045913,0.07065329059889419,5.409678548892602,-0.015911409550045913,202.94209999999998,21.744661830000002,3751.4632,periodic,none,12,price,18–24h,all,元/千瓦时
17640,134.25575912226,311.496229455404,8.878591568622696,-25.05443767006803,2368271.5909166667,1711607453.0214303,26673955.8027,periodic,none,12,pv_corrected,all,all,千瓦
8287,284.2229417702426,454.28310692704946,8.83016953267796,-54.89035271710713,2355355.5184500003,1710214221.4500215,26673955.8027,periodic,none,12,pv_corrected,all,generating,千瓦
4464,67.04684580346476,132.40187720663985,4.428934582452008,-8.871761402329755,299297.1196666667,78255067.64012729,6757767.9032,periodic,none,12,pv_corrected,0–6h,all,千瓦
2097,141.1294593546336,192.73484143180622,4.3793820756484765,-20.48268302336672,295948.47626666666,77896669.9563561,6757767.9032,periodic,none,12,pv_corrected,0–6h,generating,千瓦
4428,114.2174797801867,235.83465277834247,7.484054032293749,-10.340041373080412,505755.00046666665,246276430.72138825,6757767.8927,periodic,none,12,pv_corrected,6–12h,all,千瓦
2096,239.69626660305343,342.5294368320004,7.434457394470671,-23.443382092875353,502403.3748,245916166.0421536,6757767.8927,periodic,none,12,pv_corrected,6–12h,generating,千瓦
4392,144.09790385549482,303.94721021903325,9.539042866768225,-21.912870833333336,632877.9937333333,405750117.78690654,6634606.8738,periodic,none,12,pv_corrected,12–18h,all,千瓦
2063,305.1924692397803,443.29181559953133,9.48981719667519,-48.23425031103571,629612.0640416667,405395248.48304206,6634606.8738,periodic,none,12,pv_corrected,12–18h,generating,千瓦
4356,213.57701493342518,474.6381921248601,14.260700882800718,-59.76347697428834,930341.4770500001,981325836.8730083,6523813.132999999,periodic,none,12,pv_corrected,18–24h,all,千瓦
2031,456.6182192721156,694.9937521967736,14.215483865571764,-129.63051669538814,927391.6033416667,981006136.9684699,6523813.132999999,periodic,none,12,pv_corrected,18–24h,generating,千瓦
17640,603.4323720238095,1081.7264358171258,12.881503740868185,-2.5700837698412844,10644547.0425,20641129925.520782,82634351.2111,yesterday,none,12,load,all,all,千瓦
4464,601.4567543682796,1076.5443603965516,12.820668011790104,-7.77267560483867,2684902.9515,5173542800.200832,20941989.5206,yesterday,none,12,load,0–6h,all,千瓦
4428,602.9903108401085,1080.1178665941152,12.838289988362703,-4.479532249322477,2670041.0964,5165946594.198223,20797482.3658,yesterday,none,12,load,6–12h,all,千瓦
4392,603.114540596539,1083.1037469876985,12.883419127524759,0.3020640482695895,2648879.0622999994,5152315487.836776,20560373.268,yesterday,none,12,load,12–18h,all,千瓦
4356,606.2267980486685,1087.2545101769535,12.986417889555327,1.8066229797979885,2640723.9323,5149325043.284953,20334506.0567,yesterday,none,12,load,18–24h,all,千瓦
17640,99.6031042913832,215.1312623435467,6.586944856233705,4.346206536281179,1756998.7596999998,816404955.0619924,26673955.8027,yesterday,none,12,pv,all,all,千瓦
8287,212.01681063110897,313.8731302283027,6.586886934566166,9.24962390491131,1756983.3097,816404925.1538674,26673955.8027,yesterday,none,12,pv,all,generating,千瓦
4464,99.69951285842295,215.54952862562484,6.585882080816238,3.5197905465949826,445058.6254,207404579.23381454,6757767.9032,yesterday,none,12,pv,0–6h,all,千瓦
2097,212.23403094897472,314.492249796496,6.585824924369682,7.490931092036245,445054.7629,207404571.7567833,6757767.9032,yesterday,none,12,pv,0–6h,generating,千瓦
4428,100.51007768744354,216.4239724945646,6.585882070332268,3.548407046070464,445058.624,207404579.23381263,6757767.8927,yesterday,none,12,pv,6–12h,all,千瓦
2096,212.33528697519085,314.5672628565468,6.585824913885624,7.494505677480917,445054.7615,207404571.75678134,6757767.8927,yesterday,none,12,pv,6–12h,generating,千瓦
4392,99.50695799180328,214.71788445882677,6.58719601346457,5.045378893442623,437034.5595,202487757.4292342,6634606.8738,yesterday,none,12,pv,12–18h,all,千瓦
2063,211.8423155598643,313.2923304519611,6.587137795998586,10.739428793019878,437030.69700000004,202487749.95220292,6634606.8738,yesterday,none,12,pv,12–18h,generating,千瓦
4356,98.67928163452709,213.79643646571546,6.588891221081516,5.299147796143251,429846.9508,199108039.16513103,6523813.132999999,yesterday,none,12,pv,18–24h,all,千瓦
2031,211.64110699162973,313.1045853746305,6.588832014909891,11.36347872968981,429843.0883,199108031.68809977,6523813.132999999,yesterday,none,12,pv,18–24h,generating,千瓦
17640,0.07612009637188209,0.11486041152410838,8.824843498774513,-0.0015325113378684796,1342.7585000000001,232.72300535,15215.6636,yesterday,none,12,price,all,all,元/千瓦时
4464,0.07605645161290321,0.11469200754621953,8.826153736449536,-0.002278853046594982,339.51599999999996,58.720601439999996,3846.7039,yesterday,none,12,price,0–6h,all,元/千瓦时
4428,0.07620040650406504,0.114996667757386,8.812998406967832,-0.0018689701897018959,337.4154,58.55690636,3828.6107,yesterday,none,12,price,6–12h,all,元/千瓦时
4392,0.07608494990892532,0.11485849366873413,8.81961393505183,-0.0012028005464480853,334.1651,57.94134391,3788.8858,yesterday,none,12,price,12–18h,all,元/千瓦时
4356,0.07613911845730029,0.11489620184873554,8.840870410244195,-0.0007580808080808095,331.66200000000003,57.50415364,3751.4632,yesterday,none,12,price,18–24h,all,元/千瓦时
17640,134.25575912226,311.496229455404,8.878591568622696,-25.05443767006803,2368271.5909166667,1711607453.0214303,26673955.8027,issued,none,12,pv_corrected,all,all,千瓦
8287,284.2229417702426,454.28310692704946,8.83016953267796,-54.89035271710713,2355355.5184500003,1710214221.4500215,26673955.8027,issued,none,12,pv_corrected,all,generating,千瓦
4464,67.04684580346476,132.40187720663985,4.428934582452008,-8.871761402329755,299297.1196666667,78255067.64012729,6757767.9032,issued,none,12,pv_corrected,0–6h,all,千瓦
2097,141.1294593546336,192.73484143180622,4.3793820756484765,-20.48268302336672,295948.47626666666,77896669.9563561,6757767.9032,issued,none,12,pv_corrected,0–6h,generating,千瓦
4428,114.2174797801867,235.83465277834247,7.484054032293749,-10.340041373080412,505755.00046666665,246276430.72138825,6757767.8927,issued,none,12,pv_corrected,6–12h,all,千瓦
2096,239.69626660305343,342.5294368320004,7.434457394470671,-23.443382092875353,502403.3748,245916166.0421536,6757767.8927,issued,none,12,pv_corrected,6–12h,generating,千瓦
4392,144.09790385549482,303.94721021903325,9.539042866768225,-21.912870833333336,632877.9937333333,405750117.78690654,6634606.8738,issued,none,12,pv_corrected,12–18h,all,千瓦
2063,305.1924692397803,443.29181559953133,9.48981719667519,-48.23425031103571,629612.0640416667,405395248.48304206,6634606.8738,issued,none,12,pv_corrected,12–18h,generating,千瓦
4356,213.57701493342518,474.6381921248601,14.260700882800718,-59.76347697428834,930341.4770500001,981325836.8730083,6523813.132999999,issued,none,12,pv_corrected,18–24h,all,千瓦
2031,456.6182192721156,694.9937521967736,14.215483865571764,-129.63051669538814,927391.6033416667,981006136.9684699,6523813.132999999,issued,none,12,pv_corrected,18–24h,generating,千瓦
17640,177.3046665873016,236.60270462071534,3.784932383156259,-51.84776151927437,3127654.3186000003,987502014.6688931,82634351.2111,weekly,none,12,load,all,all,千瓦
4464,180.5122559139785,241.14729627301278,3.847803999745833,-56.49116362007168,805806.7104,259590610.58303666,20941989.5206,weekly,none,12,load,0–6h,all,千瓦
4428,178.69746332429992,238.74262084220283,3.8046545907940854,-53.687553477868114,791272.3676,252387316.7212417,20797482.3658,weekly,none,12,load,6–12h,all,千瓦
4392,175.27019765482697,233.38156468685713,3.7440308017077197,-49.2356164162113,769786.7081,239218865.19913152,20560373.268,weekly,none,12,load,12–18h,all,千瓦
4356,174.65301480716252,232.91246092660208,3.741367163670683,-47.85276508264463,760788.5325,236305222.16548318,20334506.0567,weekly,none,12,load,18–24h,all,千瓦
17640,106.68051179138322,227.47691091495906,7.054987426385086,41.540093514739226,1881844.2280000001,912794941.7896316,26673955.8027,weekly,none,12,pv,all,all,千瓦
8287,226.9567714492579,331.88221789010396,7.051038019676189,88.29658339567997,1880790.7650000001,912778298.8935603,26673955.8027,weekly,none,12,pv,all,generating,千瓦
4464,107.85943785842295,230.20063167138852,7.124904813200274,43.50621008064516,481484.53060000006,236557764.78898963,6757767.9032,weekly,none,12,pv,0–6h,all,千瓦
2097,229.47509585121603,335.86551353274785,7.1208316546671195,92.48281697663329,481209.276,236553433.74975264,6757767.9032,weekly,none,12,pv,0–6h,generating,千瓦
4428,108.73632861336947,231.13451230645032,7.124903825420196,43.85990860433604,481484.4631,236557764.7860347,6757767.8927,weekly,none,12,pv,6–12h,all,千瓦
2096,229.5845732347328,335.94562456864077,7.120831510354487,92.52694546755725,481209.2655,236553433.74964237,6757767.8927,weekly,none,12,pv,6–12h,generating,千瓦
4392,106.17673169398907,226.02815524159192,7.028723999330325,40.76952809653916,466328.2056,224381688.8167402,6634606.8738,weekly,none,12,pv,12–18h,all,千瓦
2063,225.91795695588948,329.7920019183676,7.024813286835443,86.67004701890451,466068.7452,224377583.22399664,6634606.8738,weekly,none,12,pv,12–18h,generating,千瓦
4356,103.89050245638201,222.318591970169,6.936848427047061,37.94400484389348,452547.0287,215297723.39786702,6523813.132999999,weekly,none,12,pv,18–24h,all,千瓦
2031,222.69989084194975,325.5823462507407,6.9331151748058515,81.26072609551944,452303.47829999996,215293848.1701687,6523813.132999999,weekly,none,12,pv,18–24h,generating,千瓦
17640,0.04728654761904762,0.07194195554533582,5.482079007056912,-0.016955391156462586,834.1347,91.29837723,15215.6636,weekly,none,12,price,all,all,元/千瓦时
4464,0.04776561379928316,0.07278562918502673,5.543075462605792,-0.017762746415770605,213.22570000000002,23.64914625,3846.7039,weekly,none,12,price,0–6h,all,元/千瓦时
4428,0.04777879403794038,0.07291392112523692,5.525881751309947,-0.017575903342366757,211.5645,23.54119585,3828.6107,weekly,none,12,price,6–12h,all,元/千瓦时
4392,0.046995081967213116,0.07135714916386564,5.447575115618423,-0.01654462659380692,206.4024,22.3633733,3788.8858,weekly,none,12,price,12–18h,all,元/千瓦时
4356,0.04658909550045913,0.07065329059889419,5.409678548892602,-0.015911409550045913,202.94209999999998,21.744661830000002,3751.4632,weekly,none,12,price,18–24h,all,元/千瓦时
