run_id,day,date,month,scenario,forecast,seed,planned_kwh,final_kwh,emergency_kwh,emergency_minutes,surplus_kwh,up_cost,down_cost,total_cost,planned_cost,emergency_cost,simultaneous_slots,throughput_kwh,direction_reversals,equivalent_full_cycles,initial_soc,final_soc,final_mode,max_balance_error,max_state_error,risk_seconds,planning_seconds,execution_seconds,compute_seconds,charge_kwh,discharge_kwh,direction_reversals_including_warmup_boundary,charging_slots,discharging_slots,active_slots,power_changes_count,power_ramp_total_kw,power_ramp_total_kw_including_warmup_boundary,power_ramp_max_kw_per_10min,power_ramp_p95_kw_per_10min,mean_absolute_power_kw,max_charge_kw,max_discharge_kw,initial_mode,initial_power_kw,final_power_kw
seed_2026,31,2025-02-01,2,2,no_season,2026,64199.35436553909,64199.35436553909,0.0,0,24601.2367602816,0.0,0.0,37425.11813492475,37425.11813492475,0.0,0,28586.980548007374,7,1.1813142529704828,1421.7991105135516,5142.319507763801,-1,0.0,7.958078640513122e-13,0.003353458014316857,0.023659833939746022,0.00023187499027699232,0.02724516694433987,16903.461109965763,11683.519438041612,7,24,33,57,55,79111.34502671067,83860.35960260298,6519.357506201564,4034.7670777271887,1191.1241895003072,4921.774575892316,3147.842190893957,1,172.75999999999976,0.0
seed_2026,32,2025-02-02,2,2,no_season,2026,93942.60635877101,93942.60635877101,14.326251414942362,10,16841.628988495042,0.0,0.0,60523.64227244982,60492.432533742365,31.209738707451933,0,35231.670651689,9,1.4727489451443954,5142.319507763801,2042.7507153958484,-1,0.0,7.958078640513122e-13,0.0037259169621393085,0.022437792038545012,0.0002192090032622218,0.026382918003946543,16995.34816168996,18236.32248999904,10,24,37,61,61,101670.94302194787,106462.9352102357,7288.361921155954,4391.755596158739,1467.9862771537082,4791.992188287826,4553.2552,-1,0.0,0.0
seed_2026,33,2025-02-03,2,2,no_season,2026,82483.78975694033,82483.78975694033,1243.919908078342,520,1946.2933866089566,0.0,0.0,56844.27503977125,51402.110941528765,5442.164098242498,0,43178.76196386489,9,1.7981764374934028,2042.7507153958484,1333.7013307526295,-1,0.0,9.094947017729282e-13,0.0006299169035628438,0.021856833016499877,0.00022870802786201239,0.022715457947924733,22371.6308711373,20807.131092727588,10,31,45,76,80,120020.40978816187,124809.67477992625,6920.389789961835,4743.416490252569,1799.1150818277035,4789.264991764392,4838.28482005762,-1,0.0,0.0
seed_2026,34,2025-02-04,2,2,no_season,2026,88640.37645833174,88640.37645833174,523.1348521892246,200,5277.144766933737,0.0,0.0,57623.83510988261,55466.80039850381,2157.034711378802,0,45453.19790824868,9,1.890601205358948,1333.7013307526295,1633.345657873786,-1,0.0,9.094947017729282e-13,0.0007981669623404741,0.022273667040280998,0.0002152079250663519,0.023287041927687824,24072.35025091795,21380.847657330727,10,32,45,77,75,109653.15140120953,114499.64972676497,6882.5638458751355,4742.7984445417005,1893.883246177028,4846.498325555435,4737.2360331438795,-1,0.0,0.0
seed_2026,35,2025-02-05,2,2,no_season,2026,89946.69418525312,89946.69418525312,307.09095283200224,250,7531.2606189317285,0.0,0.0,57978.23252895688,56682.21837227991,1296.0141566769694,0,42982.12054606649,9,1.789072185877639,1633.345657873786,1344.8264346127353,-1,0.0,8.526512829121202e-13,0.0008845420088618994,0.022600666037760675,0.00022654200438410044,0.023711750051006675,22478.10904094328,20504.01150512322,10,32,40,72,70,112069.41897093854,116918.16676929216,7043.077166224594,4743.416490252569,1790.9216894194374,4848.747798353625,4838.28482005762,-1,0.0,0.0
seed_2026,36,2025-02-06,2,2,no_season,2026,87577.66515132264,87577.66515132264,426.79326934378696,240,5216.480441283199,0.0,0.0,56804.728907435325,54925.841465537844,1878.887441897479,0,42684.81592418564,9,1.7754752460994656,1344.8264346127353,1615.5531659668482,-1,0.0,9.094947017729282e-13,0.0010802920442074537,0.023093292023986578,0.00022533396258950233,0.024398918030783534,22600.868343451104,20083.947580734533,10,30,45,75,66,106780.45327303192,111528.23609340766,7125.4433452094445,4743.416490252569,1778.5339968410683,4747.782820375741,4838.28482005762,-1,0.0,0.0
seed_2026,37,2025-02-07,2,2,no_season,2026,42203.52742398746,42203.52742398746,255.9871129879322,160,8577.346029494387,0.0,0.0,23012.17994022202,22121.624883453493,890.5550567685247,0,34302.43508940787,5,1.4266918229213206,1615.5531659668482,1887.0269495071152,-1,0.0,9.094947017729282e-13,0.0014091669581830502,0.02320362499449402,0.0002108750632032752,0.024823667015880346,18189.461965111102,16112.973124296761,6,38,43,81,74,73204.93528180168,78166.21267950737,7808.782090252569,3699.864862397009,1429.2681287253279,4961.277397705697,3154.8187537091417,-1,0.0,0.0
seed_2026,38,2025-02-08,2,2,no_season,2026,36617.342734981285,36617.342734981285,583.5892061824406,300,4209.100404381388,0.0,0.0,21039.467692437604,19178.754760449676,1860.7129319879282,0,32622.665421422396,5,1.3580576526823127,1887.0269495071152,1584.293790241627,-1,0.0,7.958078640513122e-13,0.0012509999796748161,0.02303079201374203,0.00023725000210106373,0.02451904199551791,17018.667120769034,15603.998300653366,6,39,39,78,77,67318.4266588192,72143.89192458754,7826.385490252569,3415.2598729818533,1359.2777258926,4825.465265768341,3114.9713,-1,0.0,0.0
seed_2026,39,2025-02-09,2,2,no_season,2026,81746.9406113041,81746.9406113041,1303.522036326256,480,1294.2973174779174,0.0,0.0,56204.43874900406,50750.40022203169,5454.0385269723665,0,45659.799474640036,9,1.9002992587043324,1584.293790241627,1381.6148995985159,-1,0.0,9.094947017729282e-13,0.0015808329917490482,0.02292287501040846,0.00022620894014835358,0.024729916942305863,23930.274419062902,21729.525055577134,10,33,47,80,80,113663.76522990833,118506.51651265055,6637.143852497,4655.220342093084,1902.491644776668,4842.751282742212,4838.28482005762,-1,0.0,0.0
seed_2026,40,2025-02-10,2,2,no_season,2026,83552.77143499507,83552.77143499507,583.6726149728279,270,7602.454287013457,0.0,0.0,53949.54066428938,52082.5142171496,1867.026447139784,0,39838.093166847764,9,1.657376991926122,1381.6148995985159,1492.378852662297,-1,0.0,9.094947017729282e-13,0.0015743749681860209,0.02310945896897465,0.00022187503054738045,0.02490570896770805,21022.722673234435,18815.37049361333,10,28,42,70,67,112582.58648145724,117409.37773832773,6539.005729200822,4739.867031094417,1659.9205486186568,4826.79125687049,4838.28482005762,-1,0.0,0.0
seed_2026,41,2025-02-11,2,2,no_season,2026,82405.9957374169,82405.9957374169,589.3961470872907,340,5557.011054250028,0.0,0.0,53725.87062979491,50885.34262988182,2840.5279999130935,0,43820.77594910573,9,1.8235295194632344,1492.378852662297,1403.6829880324212,-1,0.0,9.094947017729282e-13,0.00178116699680686,0.02299212501384318,0.00023441703524440527,0.025007709045894444,23019.279823013272,20801.496126092454,10,30,43,73,62,109539.8291266229,114327.8855945737,7390.868707123814,4743.416490252569,1825.865664546072,4788.056467950789,4838.28482005762,-1,0.0,0.0
seed_2026,42,2025-02-12,2,2,no_season,2026,83405.08073645888,83405.08073645888,526.7899054409792,240,6320.073797523468,0.0,0.0,53907.11532156172,51698.73898611067,2208.3763354510597,0,42061.32728946023,9,1.749837905657676,1403.6829880324212,1535.1718750764257,-1,0.0,9.094947017729282e-13,0.0016991660231724381,0.02318116696551442,0.0002223749179393053,0.025102707906626165,22203.194000251646,19858.133289208585,10,30,44,74,65,108990.70404629142,113710.8272749888,6870.001455299853,4743.416490252569,1752.5553037275097,4743.416490252569,4808.711938517198,-1,0.0,0.0
seed_2026,43,2025-02-13,2,2,no_season,2026,82928.65621639948,82928.65621639948,354.283110651739,270,10009.699482126169,0.0,0.0,52883.805472952576,51376.30530961004,1507.500163342536,0,39081.002431778645,9,1.6263666153951963,1535.1718750764257,1421.8808168651863,-1,0.0,9.094947017729282e-13,0.00207445805426687,0.022986541967839003,0.00020416593179106712,0.02526516595389694,20512.381630018517,18568.62080176013,10,28,38,66,65,109592.05336820243,114429.251154831,6995.526640573571,4660.484797152581,1628.3751013241103,4837.197786628579,4838.28482005762,-1,0.0,0.0
seed_2026,44,2025-02-14,2,2,no_season,2026,36085.66403549723,36085.66403549723,342.188841309272,180,4510.60328471988,0.0,0.0,20176.711241343044,18829.773622538065,1346.9376188049837,0,32312.256633075216,5,1.3435670732403897,1421.8808168651863,1837.2592216552525,-1,0.0,8.526512829121202e-13,0.0018347500590607524,0.022934374981559813,0.00020408304408192635,0.024973208084702492,17213.85220424759,15098.404428827627,6,46,38,84,81,66594.25674330813,71432.68294356031,7704.180254483898,4109.714464410336,1346.344026378134,4838.426200252191,3130.6548835666954,-1,0.0,0.0
seed_2026,45,2025-02-15,2,2,no_season,2026,37044.142849596115,37044.142849596115,535.5508217395566,290,6706.03936071092,0.0,0.0,21187.747453080803,19293.598427721685,1894.1490253591173,0,31302.693811471305,5,1.302589644568057,1837.2592216552525,1783.2373572613408,-1,0.0,9.094947017729282e-13,0.0020444999681785703,0.02296820899937302,0.00022091600112617016,0.02523362496867776,16448.12851104803,14854.565300423275,6,40,37,77,68,72247.37460949269,77007.81892887512,7831.509811227808,2823.3623489804195,1304.2789088113043,4760.444319382426,3130.6548835666954,-1,0.0,0.0
seed_2026,46,2025-02-16,2,2,no_season,2026,79982.21267649555,79982.21267649555,865.4259330846489,400,3583.636841965066,0.0,0.0,53158.19329379112,49301.77065113036,3856.4226426607574,0,42815.358472822634,9,1.7823062193670034,1783.2373572613408,1415.9109901556194,-1,0.0,7.958078640513122e-13,0.00210304104257375,0.022969875019043684,0.00023258302826434374,0.025305499089881778,22350.990570218877,20464.367902603757,10,30,44,74,62,106723.84952754457,111456.57138323034,6990.724128786491,4743.416490252569,1783.973269700943,4743.416490252569,4838.28482005762,-1,0.0,0.0
seed_2026,47,2025-02-17,2,2,no_season,2026,79973.76008672827,79973.76008672827,378.13439899624217,260,7165.4348465910625,0.0,0.0,50866.8805973044,49335.199561060144,1531.6810362442557,0,38542.191499884495,9,1.6037557957215953,1415.9109901556194,1389.9350652063567,-1,0.0,8.384404281969182e-13,0.0024136670399457216,0.023230875027365983,0.00022625003475695848,0.025870792102068663,20272.39398617564,18269.797513708858,10,27,38,65,59,102991.48741338597,107950.50173221483,6596.843739980334,4743.416490252569,1605.9246458285209,4959.014318828858,4838.28482005762,-1,0.0,0.0
seed_2026,48,2025-02-18,2,2,no_season,2026,80278.03679180992,80278.03679180992,337.34125207456424,170,6287.3058499413,0.0,0.0,50912.184158932054,49308.08923408895,1604.0949248431048,0,40994.48505975937,9,1.7055624475365048,1389.9350652063567,1469.124756060795,-1,0.0,9.094947017729282e-13,0.002322250045835972,0.02339316694997251,0.00022525002714246511,0.025940667022950947,21615.58473518461,19378.90032457476,10,29,43,72,70,104422.93713045194,109230.00985760249,7057.253628898901,4738.806590001777,1708.1035441566405,4807.072727150548,4838.28482005762,-1,0.0,0.0
seed_2026,49,2025-02-19,2,2,no_season,2026,79586.93721052093,79586.93721052093,595.1752498405527,300,5123.190852662046,0.0,0.0,51407.8602452058,49083.24794288952,2324.6123023162763,0,42869.48752962571,9,1.7839213538293743,1469.124756060795,1392.3237166799963,-1,0.0,8.810729923425242e-13,0.00248737505171448,0.02296524995472282,0.00021887500770390034,0.025671500014141202,22524.54087699591,20344.946652629802,10,30,45,75,66,108561.64293041325,113500.33160898821,7094.1372395804765,4743.416490252569,1786.2286470677382,4938.688678574963,4838.28482005762,-1,0.0,0.0
seed_2026,50,2025-02-20,2,2,no_season,2026,78778.71532505001,78778.71532505001,407.89134354000976,220,5940.016008337238,0.0,0.0,50561.41311077905,48751.92893599606,1809.4841747829946,0,39943.97370588276,9,1.661693556918548,1392.3237166799963,1543.6760126194251,-1,0.0,9.094947017729282e-13,0.002807041979394853,0.022488624905236065,0.00021808396559208632,0.025513750850223005,21098.715316401103,18845.258389481656,10,29,39,68,70,99460.1973681055,104252.16293687001,6593.2185228489625,4738.334546231676,1664.332237745115,4791.96556876451,4838.28482005762,-1,0.0,0.0
seed_2026,51,2025-02-21,2,2,no_season,2026,36346.55778587954,36346.55778587954,180.4277306613796,160,8913.27195543352,0.0,0.0,19460.12771964218,18784.75622527017,675.3714943720063,0,31196.44287947292,5,1.2971464511128667,1543.6760126194251,1955.780672009027,-1,0.0,9.094947017729282e-13,0.002708250074647367,0.02340666705276817,0.00021487509366124868,0.026329792221076787,16624.94720362349,14571.495675849432,6,43,37,80,75,71353.70585446132,76137.11875274745,7881.947659321018,4058.944890285365,1299.851786644705,4783.412898286126,3138.5311690684493,-1,0.0,0.0
seed_2026,52,2025-02-22,2,2,no_season,2026,34823.77070959002,34823.77070959002,304.49119292425394,170,5891.003024604195,0.0,0.0,19182.33650138639,18125.195152766508,1057.1413486198828,0,30280.214879525738,5,1.2603687744015981,1955.780672009027,1754.3018966145855,-1,0.0,4.547473508864641e-13,0.002617749967612326,0.023324167006649077,0.0002292500576004386,0.02617116703186184,15836.355437051243,14443.859442474495,6,39,37,76,69,56529.34865378722,61236.20496412998,7728.98652117574,2550.647674471857,1261.6756199802392,4743.416490252569,3181.83,-1,0.0,0.0
seed_2026,53,2025-02-23,2,2,no_season,2026,78419.76464986078,78419.76464986078,387.4128687749868,250,5496.331065562323,0.0,0.0,49728.49636016715,48358.96628599111,1369.5300741760423,0,40897.65124777423,9,1.7025272082613427,1754.3018966145855,1380.268294605593,-1,0.0,8.952838470577262e-13,0.003009874955751002,0.02238687500357628,0.0002104160375893116,0.025607165996916592,21338.32200875717,19559.329239017057,10,29,44,73,71,104195.26867962595,108911.4775867572,6601.972030397534,4698.957169471911,1704.0688019905929,4743.416490252569,4838.28482005762,-1,0.0,0.0
seed_2026,54,2025-02-24,2,2,no_season,2026,76976.2699034487,76976.2699034487,496.46386756857663,280,7136.681650921208,0.0,0.0,49219.1028976567,46989.59356049955,2229.5093371571493,0,39259.049275481775,9,1.6333799155699211,1380.268294605593,1447.1136945553556,-1,0.0,9.094947017729282e-13,0.0029370839474722743,0.0225336248986423,0.0002186669735237956,0.02568937581963837,20696.03388945559,18563.015386026185,10,28,39,67,61,104522.44141127923,109390.65216386331,7663.858225536576,4732.3417277953795,1635.7937198117406,4868.210752584084,4838.28482005762,-1,0.0,0.0
seed_2026,55,2025-02-25,2,2,no_season,2026,76239.82248922437,76239.82248922437,321.19531784891126,180,8743.058426343645,0.0,0.0,47949.478972038065,46710.82684575522,1238.6521262828371,0,38162.81584843956,9,1.587939626556783,1447.1136945553556,1435.1640245034257,-1,0.0,9.094947017729282e-13,0.003064792021177709,0.021960332989692688,0.0002325829118490219,0.02525770792271942,20079.725997917933,18083.08985052162,10,27,37,64,56,102225.96450086057,106987.63558956918,7874.071373819264,4743.416490252569,1590.1173270183147,4761.671088708612,4838.28482005762,-1,0.0,0.0
seed_2026,56,2025-02-26,2,2,no_season,2026,74470.40669051032,74470.40669051032,405.67264854888833,230,3749.727186548237,0.0,0.0,47323.943339680074,45599.67845403695,1724.2648856431138,0,39858.05077128365,9,1.6579809925474978,1435.1640245034257,1649.1726141684794,-1,0.0,9.094947017729282e-13,0.0032813330180943012,0.02185545803513378,0.00020108302123844624,0.025337874074466527,21084.777445230648,18773.273326053,10,30,39,69,66,102141.98569116615,106979.23312917797,7683.31711633958,4737.254357126995,1660.752115470152,4837.247438011815,4831.46643152425,-1,0.0,0.0
seed_2026,57,2025-02-27,2,2,no_season,2026,75513.29862280376,75513.29862280376,861.0252378259333,220,7542.369532398841,0.0,0.0,50402.64273266437,46176.27517607217,4226.3675565921985,0,40927.67744877562,9,1.7035683891923017,1649.1726141684794,1370.0676155207816,-1,0.0,9.094947017729282e-13,0.0030544580658897758,0.022882375051267445,0.00023695803247392178,0.026173791149631143,21401.52378850323,19526.153660272386,10,30,41,71,61,107432.4867332717,112181.13607098698,7484.444825670387,4743.416490252569,1705.319893698984,4748.649337715284,4838.28482005762,-1,0.0,0.0
seed_2026,58,2025-02-28,2,2,no_season,2026,35072.98217569579,35072.98217569579,128.31922541781907,110,9919.478601543797,0.0,0.0,18554.978841011296,18043.42727352815,511.5515674831421,0,30451.13650409077,5,1.2661899513624923,1370.0676155207816,1757.1419559686253,-1,0.0,9.094947017729282e-13,0.0034262079279869795,0.023472041939385235,0.0003528749803081155,0.02725112484768033,16220.182876830291,14230.953627260475,6,38,36,74,68,61172.1870349329,66104.91254669387,7869.2592902525685,2520.8396034396915,1268.7973543371154,4932.725511760975,3125.8428,-1,0.0,0.0
seed_2026,59,2025-03-01,3,2,no_season,2026,34024.75901874181,34024.75901874181,213.66666441683026,120,8879.13760024277,0.0,0.0,18713.017438877767,17673.29737999293,1039.7200588848364,0,28635.768533591217,5,1.1910786444380475,1757.1419559686253,1950.7867853878406,-1,0.0,7.389644451905042e-13,0.003394917002879083,0.022461417014710605,0.000212125014513731,0.02606845903210342,15168.14534158688,13467.62319200434,6,43,37,80,73,55246.63117961006,59741.63007035637,7606.590590252569,2523.9840448388827,1193.1570222329674,4743.416490252569,2873.681,-1,0.0,0.0
seed_2026,60,2025-03-02,3,2,no_season,2026,77628.26349558294,77628.26349558294,1596.965716444653,270,5390.22493491501,0.0,0.0,55457.30306129447,47973.98619522886,7483.316866065611,0,37965.80108476901,9,1.580861084163223,1950.7867853878406,1428.5601315267331,-1,0.0,9.094947017729282e-13,0.0034902499755844474,0.022476582904346287,0.00021612492855638266,0.026182957808487117,19721.249147607454,18244.55193716155,10,28,43,71,68,111903.96579957096,116642.4062221129,6997.440931043257,4743.416490252569,1581.908378532042,4743.416490252569,4551.458530958,-1,0.0,0.0
seed_2026,61,2025-03-03,3,2,no_season,2026,79347.64883979746,79347.64883979746,710.4746874219503,260,5689.1152346090685,0.0,0.0,52026.184609785305,48845.7079752767,3180.4766345086027,0,42919.05158669992,9,1.7856110853830098,1428.5601315267331,1521.6533662865759,-1,0.0,9.094947017729282e-13,0.0033781250240281224,0.02294308296404779,0.00021012499928474426,0.026531332987360656,22635.45662298846,20283.594963711457,10,30,44,74,66,106979.0348215376,111817.2462748504,7493.821751807302,4741.021655101918,1788.2938161124964,4838.211453312806,4719.468138746063,-1,0.0,0.0
seed_2026,62,2025-03-04,3,2,no_season,2026,80736.15986647454,80736.15986647454,142.6396324800255,90,9619.184766798418,0.0,0.0,50377.32665888792,49983.59588877583,393.73077011208613,0,38066.58969814664,9,1.583785145834925,1521.6533662865759,1578.38407303026,-1,0.0,9.094947017729282e-13,0.00331016699783504,0.022362582967616618,0.00020433298777788877,0.025877082953229547,20063.373248484728,18003.21644966192,10,27,39,66,64,104521.60127816466,109444.2976214831,6945.283999561277,4743.416490252569,1586.1079040894438,4922.696343318443,4676.410045468941,-1,0.0,0.0
seed_2026,63,2025-03-05,3,2,no_season,2026,77941.47365408223,77941.47365408223,180.0193014962897,140,10245.163536721762,0.0,0.0,48654.97787384348,47822.45840377505,832.5194700684355,0,36883.0749373562,9,1.5350937975561472,1578.38407303026,1382.7558637336583,-1,0.0,9.094947017729282e-13,0.003350290935486555,0.022796208038926125,0.00021199998445808887,0.02635849895887077,19314.46616977315,17568.60876758305,10,26,40,66,60,103782.74343768552,108662.87105385857,6533.877337190725,4743.416490252569,1536.7947890565083,4880.127616173049,4741.300862532049,-1,0.0,0.0
seed_2026,64,2025-03-06,3,2,no_season,2026,74748.76482374186,74748.76482374186,477.92999163745344,280,7166.680462719082,0.0,0.0,47682.837565844966,45757.80106231403,1925.0365035309387,0,37505.79516975382,9,1.5602562640108906,1382.7558637336583,1528.328627749479,-1,0.0,7.958078640513122e-13,0.0034179589711129665,0.022752666962333024,0.00021104200277477503,0.026381667936220765,19812.577694540363,17693.217475213467,10,29,39,68,66,104141.02154016215,108993.49952418263,7171.163339774957,4396.130245924103,1562.7414654064096,4852.477984020473,4510.3229490188405,-1,0.0,0.0
seed_2026,65,2025-03-07,3,2,no_season,2026,33451.281908091776,33451.281908091776,67.28634657764132,50,10783.934840813705,0.0,0.0,17606.732289627405,17448.53542612747,158.19686349993833,0,27597.953413702548,5,1.1475307584505805,1528.328627749479,1888.6520534001438,-1,0.0,9.094947017729282e-13,0.003467167029157281,0.021945750107988715,0.00020883302204310894,0.025621750159189105,14705.150647112463,12892.802766590085,6,40,34,74,69,55753.361721406,60472.20025654836,7248.296634438138,2527.331683136522,1149.9147255709393,4743.416490252569,2779.7824,-1,0.0,0.0
seed_2026,66,2025-03-08,3,2,no_season,2026,31630.47516178705,31630.47516178705,301.05669404045267,220,11518.015933630777,0.0,0.0,17528.15202567426,16631.241190101573,896.9108355726798,0,27422.733059747297,5,1.1412342787752565,1888.6520534001438,1795.597745481769,-1,0.0,9.023892744153272e-13,0.003326625097543001,0.02254325000103563,0.00020645791664719582,0.026076333015225828,14386.554732638679,13036.178327108622,6,39,36,75,68,51845.81871335182,56661.00591964741,7300.9968969067095,2238.892583399215,1142.6138774894707,4815.187206295587,2728.788384041188,-1,0.0,0.0
seed_2026,67,2025-03-09,3,2,no_season,2026,71262.54967122947,71262.54967122947,206.23671389719289,200,6279.925971908666,0.0,0.0,44257.164704205104,43545.96519762697,711.1995065781416,0,39282.08633595847,9,1.6349509247666034,1795.597745481769,1583.160441952798,-1,0.0,9.094947017729282e-13,0.0035911659942939878,0.023106499924324453,0.00022841605823487043,0.02692608197685331,20568.71084958824,18713.375486370234,10,28,42,70,66,105847.39577605331,110618.65456854063,7304.861394988957,4737.344137020664,1636.753597331603,4771.258792487324,4662.5182,-1,0.0,0.0
seed_2026,68,2025-03-10,3,2,no_season,2026,71393.75171229683,71393.75171229683,709.8266121161205,340,2008.4289745192527,0.0,0.0,46422.19404459658,43279.7137236588,3142.480320937776,0,40257.22782178023,9,1.6752039648916304,1583.160441952798,1517.3456581168216,-1,0.0,8.668621376273222e-13,0.0034025409258902073,0.02256970899179578,0.0002228330122306943,0.02619508292991668,21155.152860836966,19102.074960943268,10,34,41,75,75,105221.38566566134,110010.7892323256,6983.56147178191,4671.187936847171,1677.3844925741764,4789.403566664264,4835.211772900349,-1,0.0,0.0
seed_2026,69,2025-03-11,3,2,no_season,2026,73941.94766909165,73941.94766909165,315.34716160028836,200,8337.307710103662,0.0,0.0,46220.43040237727,44928.48556273948,1291.944839637792,0,36360.00491397721,9,1.512752434656324,1517.3456581168216,1584.8230333289166,-1,0.0,9.094947017729282e-13,0.0032734170090407133,0.022343667107634246,0.00022749998606741428,0.025844584102742374,19170.536617282745,17189.468296694464,10,26,38,64,61,105110.08297757682,110060.02365951875,7098.510149154276,4743.416490252569,1515.0002047490502,4949.94068194192,4667.41,-1,0.0,0.0
seed_2026,70,2025-03-12,3,2,no_season,2026,72192.34537333222,72192.34537333222,229.3109308817286,140,8011.165446045114,0.0,0.0,44555.243433696734,43729.89108896018,825.3523447365518,0,38537.06857526282,9,1.6036027430855453,1584.8230333289166,1531.4384499031466,-1,0.0,6.821210263296962e-13,0.003529959009028971,0.022679458023048937,0.00023954198695719242,0.0264489590190351,20256.012375049162,18281.056200213658,10,27,37,64,60,97223.76621153502,102063.17026709377,7128.963242896295,4733.1713592728,1605.7111906359507,4839.4040555587435,4543.112599125329,-1,0.0,0.0
seed_2026,71,2025-03-13,3,2,no_season,2026,71342.9725564318,71342.9725564318,1587.720503455444,280,3488.587208462198,0.0,0.0,50611.47999094194,42930.263880265935,7681.216110676003,0,39883.03211487348,9,1.6599347131552562,1531.4384499031466,1328.538110961004,-1,0.0,9.094947017729282e-13,0.0035365420626476407,0.022908875020220876,0.0002288749674335122,0.02667429205030203,20889.75997481594,18993.272140057543,10,29,43,72,62,104567.44414115614,109338.8386362737,7135.57048405945,4713.953162224537,1661.793004786395,4771.394495117556,4553.679830642466,-1,0.0,0.0
seed_2026,72,2025-03-14,3,2,no_season,2026,31330.014938889824,31330.014938889824,165.96975102157973,160,13642.915434762086,0.0,0.0,16950.459271306147,16270.296828556426,680.1624427497222,0,27202.181109454024,5,1.1309925531921903,1328.538110961004,1721.0316370066798,-1,0.0,6.252776074688882e-13,0.003604416036978364,0.022930084029212594,0.00023145903833210468,0.026765959104523063,14512.912190635005,12689.268918819016,6,45,34,79,61,51945.933673764885,56825.08706852351,7589.46638440411,2213.5943621178653,1133.4242128939177,4879.153394758629,2846.049894151541,-1,0.0,0.0
seed_2026,73,2025-03-15,3,2,no_season,2026,31354.79817572286,31354.79817572286,245.56140831791558,180,9322.131146252417,0.0,0.0,17287.061010326273,16214.525523335215,1072.5354869910577,0,27278.681780081744,5,1.1352156272717817,1721.0316370066798,1639.301553042426,-1,0.0,9.094947017729282e-13,0.0037336249370127916,0.02302249998319894,0.00022825004998594522,0.026984374970197678,14316.39253393505,12962.289246146696,6,45,35,80,65,55717.11068131706,60643.73918586048,7367.96532560032,2529.577185321233,1136.6117408367395,4926.628504543419,2846.049894151541,-1,0.0,0.0
seed_2026,74,2025-03-16,3,2,no_season,2026,71920.94175054252,71920.94175054252,371.75257136102084,290,6960.145837111708,0.0,0.0,45294.084140390565,43748.64375053996,1545.4403898506102,0,36231.79860630461,11,1.5074021395823158,1639.301553042426,1713.9698261277717,-1,0.0,9.094947017729282e-13,0.0032957911025732756,0.02371904195751995,0.00022712501231580973,0.027241958072409034,19106.650078881557,17125.148527423058,12,27,37,64,61,103212.41997859962,107991.45874231505,7117.80055806177,4701.027270786907,1509.6582752626923,4779.038763715429,4553.679830642466,-1,0.0,0.0
seed_2026,75,2025-03-17,3,2,no_season,2026,70790.10341117409,70790.10341117409,187.5553345343999,100,11282.437426174441,0.0,0.0,43571.391052582534,42711.05074942489,860.340303157647,0,36194.772190498756,9,1.5061743628043103,1713.9698261277717,1645.9774647498452,-1,0.0,7.958078640513122e-13,0.003395249950699508,0.02313620806671679,0.00021104200277477503,0.026742500020191073,19015.93103834974,17178.841152149016,10,27,33,60,56,93322.20604825568,98293.4973663645,6985.39934918254,4717.835108876886,1508.1155079374482,4971.291318108829,4734.2307708314775,-1,0.0,0.0
seed_2026,76,2025-03-18,3,2,no_season,2026,68385.70521044229,68385.70521044229,1491.728499265642,340,6766.211517887017,0.0,0.0,48195.44288303928,41044.04730493562,7151.3955781036575,0,38547.145642353,7,1.604000567770486,1645.9774647498452,1602.3837298268227,-1,0.0,9.094947017729282e-13,0.0034486670047044754,0.023238042020238936,0.00021458393894135952,0.02690129296388477,20266.204733753624,18280.940908599376,8,29,39,68,62,88798.47400124941,93567.33123821959,7085.953218106766,4188.7503145747005,1606.1310684313748,4768.857236970178,4553.679830642466,-1,0.0,0.0
seed_2026,77,2025-03-19,3,2,no_season,2026,71945.71035194749,71945.71035194749,85.5656419605827,90,10484.983667875493,0.0,0.0,43772.86071212472,43408.270706388816,364.5900057359018,0,37886.17460954707,9,1.5762120359790328,1602.3837298268227,1689.31690544304,-1,0.0,5.684341886080801e-13,0.003400875022634864,0.023275541956536472,0.00024137506261467934,0.026917792041786015,19983.498242789825,17902.676366757245,10,27,36,63,57,99186.41653167555,103914.75699076965,6989.6309990569525,4734.6508204503825,1578.590608731128,4743.416490252569,4838.28482005762,-1,0.0,0.0
seed_2026,78,2025-03-20,3,2,no_season,2026,70313.5563624414,70313.5563624414,548.4149090907131,260,6829.823750073676,0.0,0.0,44711.95472371412,42378.45426513121,2333.500458582915,0,37785.43930935124,9,1.5725746820277637,1689.31690544304,1523.565546439976,-1,0.0,9.094947017729282e-13,0.0037197500932961702,0.023105583037249744,0.00022712501231580973,0.027052458142861724,19804.312507071503,17981.126802279738,10,27,40,67,61,99543.88564010855,104354.867952879,6931.848867524729,4725.5693012741285,1574.3933045563017,4810.982312770451,4749.567384894238,-1,0.0,0.0
seed_2026,79,2025-03-21,3,2,no_season,2026,30980.115451116642,30980.115451116642,216.49354241897788,200,17584.506924902173,0.0,0.0,16886.891895115543,16268.998592204895,617.8933029106506,0,26440.47817394646,5,1.0997489203854738,1523.565546439976,1710.858572506996,-1,0.0,9.094947017729282e-13,0.00360962504055351,0.023650125018320978,0.0002371249720454216,0.02749687503091991,14009.557862956623,12430.920310989839,6,45,33,78,61,63062.16982240387,67972.77247655968,7483.894412368779,2504.523906853358,1101.6865905811023,4910.602654155813,2952.2391000000002,-1,0.0,0.0
seed_2026,80,2025-03-22,3,2,no_season,2026,30623.106206891312,30623.106206891312,178.4470701013285,120,13196.248690413802,0.0,0.0,16464.67317895666,15832.197108218665,632.4760707379976,0,25551.15539873514,5,1.0623229250056248,1710.858572506996,2090.6922234070944,-1,0.0,9.094947017729282e-13,0.003677707980386913,0.023406207910738885,0.00021845893934369087,0.02730237483046949,13637.630125990325,11913.525272744817,6,44,32,76,51,51713.15111132347,56704.11972507249,7510.190813090482,2508.2471511859962,1064.6314749472976,4990.968613749023,2808.2517,-1,0.0,0.0
seed_2026,81,2025-03-23,3,2,no_season,2026,69869.99183737255,69869.99183737255,367.78626626709826,230,10214.994818707959,0.0,0.0,43563.87249676544,42129.5799822877,1434.292514477733,0,36871.6432366302,7,1.535699004620282,2090.6922234070944,1402.1883219238794,-1,0.0,7.958078640513122e-13,0.0037594999885186553,0.023133000009693205,0.000206666998565197,0.027099166996777058,19062.353202447615,17809.29003418259,8,26,36,62,58,99886.57676296905,104688.86080119279,7042.421130669527,4743.416490252569,1536.3184681929254,4802.284038223736,4838.28482005762,-1,0.0,0.0
seed_2026,82,2025-03-24,3,2,no_season,2026,67818.76323070636,67818.76323070636,716.4135556154915,260,8176.731485489965,0.0,0.0,43256.21028798018,40559.22235658612,2696.987931394062,0,38177.699247033685,9,1.5877627860677528,1402.1883219238794,1753.2705481593032,-1,0.0,5.684341886080801e-13,0.0034514589933678508,0.022854250040836632,0.00023129198234528303,0.026537001016549766,20268.82373226612,17908.875514767566,10,30,36,66,62,90728.31013736993,95450.0833265436,6574.970250882352,4668.35818436187,1590.7374686264034,4743.416490252569,4834.11,-1,0.0,0.0
seed_2026,83,2025-03-25,3,2,no_season,2026,68135.64524659414,68135.64524659414,718.3330216137807,310,6228.865510154637,0.0,0.0,43813.53127663907,40840.45681683395,2973.0744598051156,0,38483.47365588875,9,1.6020252599040874,1753.2705481593032,1402.3261980676457,-1,0.0,7.958078640513122e-13,0.003629166050814092,0.02279508300125599,0.0002384160179644823,0.026662665070034564,20079.23084863769,18404.242807251067,10,29,39,68,61,93649.6344058523,98372.36613334353,6966.528490778908,4451.6111444919425,1603.478068995365,4743.416490252569,4801.155,-1,0.0,0.0
seed_2026,84,2025-03-26,3,2,no_season,2026,69409.6028257938,69409.6028257938,108.37294586899844,80,11936.34874449674,0.0,0.0,41938.927191150186,41527.832702608684,411.094488541508,0,37008.718110280344,7,1.5398020897659377,1402.3261980676457,1443.628334450691,-1,0.0,9.094947017729282e-13,0.003656208049505949,0.022518542013131082,0.00021537498105317354,0.026390125043690205,19498.895135389866,17509.822974890478,8,27,33,60,55,91531.3949256698,96260.09924755747,7209.993065183906,4549.917004881062,1542.029921261681,4743.416490252569,4511.8057246774215,-1,0.0,0.0
seed_2026,85,2025-03-27,3,2,no_season,2026,66533.23716564369,66533.23716564369,626.4689358564846,330,6328.612119981979,0.0,0.0,42120.702861749785,39761.5753915988,2359.1274701509737,0,37347.0952116441,9,1.5536461296179953,1443.628334450691,1592.3023884262557,-1,0.0,9.094947017729282e-13,0.003576458082534373,0.022960708010941744,0.00021291710436344147,0.026750083197839558,19730.599896581145,17616.49531506295,10,31,35,66,60,85846.56975811992,90630.28419962178,6999.51795107289,4319.401163253847,1556.1289671518373,4783.714441501858,4450.036099999999,-1,0.0,0.0
seed_2026,86,2025-03-28,3,2,no_season,2026,30433.014852966684,30433.014852966684,225.46050250448343,110,17946.512377286017,0.0,0.0,16510.856266334908,15716.39942980933,794.4568365255764,0,25523.27947814988,5,1.0607953256238851,1592.3023884262557,2139.812951859204,-1,0.0,8.526512829121202e-13,0.003548292093910277,0.022382084047421813,0.00022837508004158735,0.026158751221373677,13706.680844834185,11816.598633315702,6,43,32,75,54,54487.52196565965,59279.62242614483,7340.277280399902,2402.249184362226,1063.4699782562452,4792.10046048518,2901.6175611366775,-1,0.0,0.0
seed_2026,87,2025-03-29,3,2,no_season,2026,29530.92783278292,29530.92783278292,149.3591554760396,110,21034.269810216087,0.0,0.0,15657.230664017818,15045.6536009991,611.5770630187176,0,24616.422082952064,5,1.0250461801033646,2139.812951859204,1782.52458189415,-1,0.0,7.389644451905042e-13,0.0034250420285388827,0.02306929195765406,0.0002168749924749136,0.026711208978667855,12777.615038830803,11838.807044121262,6,40,33,73,55,54655.90479937986,59463.74983914982,7207.977319284111,1978.5867521047505,1025.684253456336,4807.845039769967,2846.049894151541,-1,0.0,0.0
seed_2026,88,2025-03-30,3,2,no_season,2026,64394.59334899731,64394.59334899731,366.14660385995643,170,7638.000867410566,0.0,0.0,40149.743988309376,38705.03307785857,1444.7109104508063,0,36950.78555407541,7,1.5378503368410608,1782.52458189415,1614.6330823213125,-1,0.0,9.094947017729282e-13,0.003604249912314117,0.023090999922715127,0.0002193329855799675,0.026914582820609212,19363.952469761058,17586.833084314356,8,28,36,64,61,84936.34851450527,89709.30346822756,7193.221403847952,4496.381745670326,1539.6160647531424,4772.954953722289,4557.167245871913,-1,0.0,0.0
seed_2026,89,2025-03-31,3,2,no_season,2026,65160.78488920769,65160.78488920769,291.6315915151803,160,6675.87390376127,0.0,0.0,40065.122334633445,38961.21784352928,1103.9044911041601,0,34816.36552206898,7,1.4486872515422526,1614.6330823213125,1607.335771226215,-1,0.0,9.094947017729282e-13,0.0038091250462457538,0.02263449993915856,0.00023320806212723255,0.026676833047531545,18320.759307848624,16495.60621422036,8,28,35,63,66,85920.78033992677,90887.87685754799,6865.8845841098855,4069.8679314804513,1450.6818967528743,4967.096517621225,4776.2825,-1,0.0,0.0
seed_2026,90,2025-04-01,4,2,no_season,2026,67349.16762802794,67349.16762802794,356.67124119008525,230,5750.986925649939,0.0,0.0,41639.615801687956,40266.791401443974,1372.8244002439856,0,35425.40209613052,7,1.4742728175179178,1607.335771226215,1488.6768895093142,-1,0.0,9.094947017729282e-13,0.0036466249730437994,0.023000292014330626,0.00023950007744133472,0.02688641706481576,18585.701261515973,16839.700834614545,8,27,37,64,66,88588.21714618464,93285.23814549968,7000.924489704353,4347.273899207833,1476.0584206721048,4743.416490252569,4454.3535999999995,-1,0.0,0.0
seed_2026,91,2025-04-02,4,2,no_season,2026,67299.63413115547,67299.63413115547,1278.1627907695881,360,6089.0344052067685,0.0,0.0,46255.5414618996,40085.37592212279,6170.165539776815,0,38399.56530865232,5,1.5976931642228116,1488.6768895093142,1521.1192182748828,-1,0.0,4.547473508864641e-13,0.0035444159293547273,0.024060084018856287,0.0002305000089108944,0.02783499995712191,20226.496212685306,18173.069095967017,6,32,40,72,57,85707.72050126702,90428.65196674208,6894.663170484403,4427.188724235731,1599.9818878605133,4743.416490252569,4730.4775,-1,0.0,0.0
seed_2026,92,2025-04-03,4,2,no_season,2026,67780.46194884545,67780.46194884545,484.47666140233827,220,10550.641915046563,0.0,0.0,42276.47548256048,40411.03774837094,1865.4377341895424,0,36164.14375231769,9,1.504866372585573,1521.1192182748828,1468.436641686094,-1,0.0,9.094947017729282e-13,0.0038463750388473272,0.02359933394473046,0.0002288749674335122,0.0276745839510113,19007.455090426127,17156.68866189156,10,26,35,61,60,93306.04503835815,98232.11963032579,7077.685681500886,4573.47308709498,1506.839323013237,4926.074591967645,4553.679830642466,-1,0.0,0.0
seed_2026,93,2025-04-04,4,2,no_season,2026,29709.0153640397,29709.0153640397,116.76358163521749,130,21553.55829142868,0.0,0.0,15521.950437124262,15079.636001365485,442.3144357587778,0,24945.074149535616,5,1.0367768661731342,1468.436641686094,1997.689952658176,-1,0.0,7.389644451905042e-13,0.0035360000329092145,0.023079207981936634,0.00022074999287724495,0.026835958007723093,13393.246276890928,11551.827872644688,6,40,32,72,48,55157.50692173642,60100.5476177409,7249.805559230748,2529.8221281347037,1039.3780895639838,4943.040696004479,2846.049894151541,-1,0.0,0.0
seed_2026,94,2025-04-05,4,2,no_season,2026,29004.60067386181,29004.60067386181,129.6965339018726,120,15968.134242757718,0.0,0.0,15153.870187237935,14744.38909951474,409.4810877231969,0,23846.198035036832,5,0.9925065693963424,1997.689952658176,1864.4902648144944,-1,0.0,7.389644451905042e-13,0.003427125047892332,0.022598291048780084,0.0002442080294713378,0.026269624126143754,12484.123008354733,11362.075026682101,6,43,31,74,44,42760.694871774926,47518.72138423346,7249.465567244672,2480.089006930866,993.5915847932015,4758.026512458532,2846.049894151541,-1,0.0,0.0
seed_2026,95,2025-04-06,4,2,no_season,2026,66726.52273302613,66726.52273302613,324.73398783377183,150,11115.955311649712,0.0,0.0,41211.62535357407,39865.23149121768,1346.3938623563822,0,35457.41337104944,7,1.4760933001575607,1864.4902648144944,1523.0625367183566,-1,0.0,9.094947017729282e-13,0.00361279200296849,0.022803292027674615,0.00022604200057685375,0.02664212603121996,18491.31925679648,16966.094114252966,8,28,35,63,57,86954.71991577727,91922.71969062107,6872.549675810299,4425.264987100915,1477.3922237937268,4967.999774843808,4431.6075,-1,0.0,0.0
seed_2026,96,2025-04-07,4,2,no_season,2026,66251.13507459746,66251.13507459746,139.9928385377533,140,11252.67115179092,0.0,0.0,39626.18900853461,39270.76912200744,355.41988652716736,0,34680.57076528789,7,1.442866278479134,1523.0625367183566,1593.6045879840913,-1,0.0,9.094947017729282e-13,0.0036309160059317946,0.023037208011373878,0.00022966600954532623,0.026897790026851,18288.15412164943,16392.416643638462,8,26,35,61,59,81916.7850592625,86830.56902622936,6609.160309751913,4130.802740749237,1445.0237818869953,4913.783966966863,4317.5575,-1,0.0,0.0
seed_2026,97,2025-04-08,4,2,no_season,2026,65574.96498583273,65574.96498583273,695.0100905880362,270,10119.754347377642,0.0,0.0,42016.519111483896,38784.80697994277,3231.712131541121,0,37200.76556422154,5,1.5482369091117318,1593.6045879840913,1432.4733424276858,-1,0.0,9.094947017729282e-13,0.003916249959729612,0.022822625003755093,0.00021779094822704792,0.026956665911711752,19498.896338299,17701.869225922535,6,30,36,66,56,82302.3470382303,87086.21166557384,7199.172963396351,4218.634152426185,1550.0318985092308,4783.864627343531,4316.6747000000005,-1,0.0,0.0
seed_2026,98,2025-04-09,4,2,no_season,2026,65912.17737574298,65912.17737574298,254.63402521742114,190,5014.785480794718,0.0,0.0,40219.771241874805,39357.56916366843,862.2020782063743,0,36454.0120270779,9,1.5165943573014555,1432.4733424276858,1531.6935533912415,-1,0.0,9.094947017729282e-13,0.00354029203299433,0.023006000090390444,0.00024112500250339508,0.02678741712588817,19235.863465288465,17218.148561789443,10,27,38,65,64,92320.7550782959,97175.01988394518,7021.691365532025,4429.803938552106,1518.9171677949125,4854.26480564927,4345.365000000001,-1,0.0,0.0
seed_2026,99,2025-04-10,4,2,no_season,2026,66592.16879641417,66592.16879641417,328.7270118813166,200,10600.932928291177,0.0,0.0,41111.53201850741,39526.208053406175,1585.3239651012386,0,35840.92360477977,9,1.491361379737135,1531.6935533912415,1504.6166044371655,-1,0.0,9.094947017729282e-13,0.003267040941864252,0.022867374937050045,0.00023800006601959467,0.02637241594493389,18850.124292392036,16990.79931238773,10,29,38,67,63,86598.78772098727,91457.98434553572,7134.320600425537,4365.243916415039,1493.3718168658236,4859.196624548454,4368.1164,-1,0.0,0.0
seed_2026,100,2025-04-11,4,2,no_season,2026,29273.05803860233,29273.05803860233,192.6546096239203,150,22423.888815255923,0.0,0.0,15583.095026195499,14965.168262289337,617.9267639061632,0,24193.835092948153,5,1.0056870709662944,1504.6166044371655,1957.0576131732687,-1,0.0,9.094947017729282e-13,0.0037844590842723846,0.022644834010861814,0.00023224996402859688,0.026661543059162796,12959.504379625909,11234.33071332225,6,41,31,72,45,47152.663532098115,51866.88205219572,7304.861394988957,2504.523906853358,1008.0764622061732,4743.416490252569,2846.049894151541,-1,0.0,0.0
seed_2026,101,2025-04-12,4,2,no_season,2026,28074.999867991188,28074.999867991188,70.65628993698341,70,17926.046370922246,0.0,0.0,14462.503026378543,14201.717516840343,260.7855095382016,0,22718.576600571167,5,0.9452981372937544,1957.0576131732687,1955.7905360829454,-1,0.0,6.252776074688882e-13,0.003350166021846235,0.02274462499190122,0.00021791597828269005,0.026312706992030144,11956.512918788545,10762.063681782622,6,40,31,71,43,43072.30816135592,46822.4050886141,7141.790961730687,2193.0552169639,946.607358357132,4743.416490252569,2856.9236,-1,0.0,0.0
seed_2026,102,2025-04-13,4,2,no_season,2026,62872.92058868645,62872.92058868645,375.38640030515603,240,7413.603608437048,0.0,0.0,38972.96921347359,37336.19448857717,1636.7747248964151,0,35358.79413466911,5,1.471905730286986,1955.7905360829454,1652.7262205583538,-1,0.0,9.094947017729282e-13,0.0035618330584838986,0.02364124997984618,0.0002340830396860838,0.027437166078016162,18458.569515945164,16900.224618723936,6,26,38,64,59,80686.11186922537,85392.90579368694,6952.044286181954,4243.273621219233,1473.2830889445459,4743.416490252569,4311.9866,-1,0.0,0.0
seed_2026,103,2025-04-14,4,2,no_season,2026,63159.79538354147,63159.79538354147,176.96809838603133,150,9108.302896007508,0.0,0.0,38239.88829319605,37410.6965870299,829.19170616614,0,35327.76944450625,5,1.47029922076282,1652.7262205583538,1493.5781403596466,-1,0.0,6.821210263296962e-13,0.0037879999727010727,0.023510791012085974,0.00022258295211941004,0.027521373936906457,18514.099115213125,16813.67032929313,6,29,36,65,60,83236.12414073163,87962.29849824744,7049.504771464546,4253.263452926471,1471.9903935210941,4743.416490252569,4553.679830642466,-1,0.0,0.0
seed_2026,104,2025-04-15,4,2,no_season,2026,63242.192607931356,63242.192607931356,219.42391904574302,140,11503.542206090671,0.0,0.0,38228.66502602981,37245.05178767942,983.6132383503982,0,33534.641268013285,7,1.3952222427439769,1493.5781403596466,1547.3169907004713,-1,0.0,6.821210263296962e-13,0.0034480419708415866,0.023197458940558136,0.00022533396258950233,0.026870834873989224,17676.64337778319,15857.997890230097,8,27,33,60,54,79189.74459816363,83973.77649497105,6801.26533175549,4278.0254841227315,1397.2767195005536,4784.0318968074225,4417.29,-1,0.0,0.0
seed_2026,105,2025-04-16,4,2,no_season,2026,62309.75767094328,62309.75767094328,187.09197446758608,150,4746.740959150311,0.0,0.0,37813.57367579172,37030.673321927985,782.9003538637324,0,36247.21216285545,7,1.5080693854163758,1547.3169907004713,1610.1728367212636,-1,0.0,9.094947017729282e-13,0.0035564169520512223,0.024893791996873915,0.00023866689298301935,0.028688875841908157,19108.86444955801,17138.347713297444,8,37,37,74,75,88630.03673435861,93390.42206535103,8244.359636783862,4162.29337474497,1510.3005067856438,4760.385330992416,4339.17,-1,0.0,0.0
seed_2026,106,2025-04-17,4,2,no_season,2026,63342.85002992004,63342.85002992004,126.00604907029299,110,8915.844363770826,0.0,0.0,38012.41415227812,37565.55190880184,446.86224347628075,0,34587.549506998475,7,1.4394485243712702,1610.1728367212636,1474.2564791166149,-1,0.0,9.094947017729282e-13,0.0038478330243378878,0.024171208031475544,0.00023487501312047243,0.028253916068933904,18136.10943610899,16451.440070889483,8,27,36,63,61,80909.11113497653,85904.41672263754,6863.381804361148,4109.618913268257,1441.1478961249366,4995.305587661022,4505.26,-1,0.0,0.0
seed_2026,107,2025-04-18,4,2,no_season,2026,28637.147150922523,28637.147150922523,186.87163109396766,100,20622.327616834755,0.0,0.0,15026.290403292003,14479.982640644143,546.3077626478595,0,23202.285119034495,5,0.9640463528545227,1474.2564791166149,2101.526958134338,-1,0.0,9.094947017729282e-13,0.003677583998069167,0.024155750055797398,0.00023929099552333355,0.0280726250493899,12524.929550441451,10677.355568593044,6,41,30,71,48,44631.238044689206,49537.470856908985,7060.253389897169,2210.5915079602346,966.7618799597707,4906.232812219783,2810.470606650504,-1,0.0,0.0
seed_2026,108,2025-04-19,4,2,no_season,2026,26814.8508249687,26814.8508249687,239.50576929677896,120,19204.316959698375,0.0,0.0,14260.566319081452,13456.383822854985,804.1824962264662,0,22507.76721098394,5,0.9367857040663802,2101.526958134338,1982.102493254156,-1,0.0,7.958078640513122e-13,0.0036491670180112123,0.02414437511470169,0.00022541696671396494,0.028018959099426866,11786.563797775521,10721.203413208417,6,44,32,76,48,60120.92452906987,60693.48106297213,7100.9198902525695,2529.8221281347037,937.8236337909974,4743.416490252569,2796.8,-1,0.0,0.0
seed_2026,109,2025-04-20,4,2,no_season,2026,62365.308446472336,62365.308446472336,239.88662396441273,150,9185.437514005327,0.0,0.0,37485.7538884294,36845.750600886764,640.0032875426284,0,34988.29039700997,5,1.4566581963152772,1982.102493254156,1602.0995131783764,-1,0.0,9.094947017729282e-13,0.0038339170860126615,0.02438458299729973,0.00023779203183948994,0.028456292115151882,18225.15153505403,16763.13886195594,6,26,36,62,58,83060.2490517762,87916.85931353897,6602.271834057778,4255.227189659264,1457.8454332087485,4856.61026176276,4279.598802195975,-1,0.0,0.0
seed_2026,110,2025-04-21,4,2,no_season,2026,63083.951098542355,63083.951098542355,181.52821936141362,130,13069.35319850752,0.0,0.0,37837.78457200248,37276.04540923013,561.7391627723491,0,33151.59624006605,5,1.3795460730416809,1602.0995131783764,1536.4033394694063,-1,0.0,9.094947017729282e-13,0.003789125010371208,0.024567416054196656,0.00023375009186565876,0.028590291156433523,17415.405988064485,15736.190252001563,6,27,33,60,55,80845.968231582,85524.0922394446,7024.964351930347,4196.737943042747,1381.316510002752,4743.416490252569,4428.82,-1,0.0,0.0
seed_2026,111,2025-04-22,4,2,no_season,2026,58637.91105417118,58637.91105417118,577.9320126267711,250,5177.883368460679,0.0,0.0,36711.09992484083,34665.10514130721,2045.994783533617,0,34878.71447831623,5,1.4511572382837152,1536.4033394694063,1585.780343120176,-1,0.0,9.094947017729282e-13,0.003581249970011413,0.024212750024162233,0.00023662508465349674,0.028030625078827143,18381.87242999342,16496.84204832281,6,33,36,69,73,87242.64926781078,92072.05858976093,8363.049087717021,4002.518103875135,1453.279769929843,4829.409321950148,4217.488832527523,-1,0.0,0.0
seed_2026,112,2025-04-23,4,2,no_season,2026,61855.45267486268,61855.45267486268,70.18907136276323,90,8480.299710450765,0.0,0.0,36765.588856269635,36413.3057146076,352.28314166203756,0,34336.35750113848,7,1.428175434790653,1585.780343120176,1824.3596230134735,-1,0.0,7.958078640513122e-13,0.0036636670120060444,0.024497165926732123,0.00023662496823817492,0.028397457906976342,18190.89141012325,16145.46609101523,8,31,35,66,66,81393.53535660625,86161.46532474687,7998.313580964885,3984.4100722344983,1430.6815625474367,4767.929968140608,4294.8739,-1,0.0,0.0
seed_2026,113,2025-04-24,4,2,no_season,2026,59756.246849896525,59756.246849896525,124.14985249353595,80,11295.757816584099,0.0,0.0,35814.94852366098,35150.417452158035,664.5310715029462,0,33794.37823807374,5,1.4067713984345158,1824.3596230134735,1539.8459861204453,-1,0.0,9.094947017729282e-13,0.0038330829702317715,0.023534792009741068,0.0002224160125479102,0.02759029099252075,17644.45521193985,16149.923026133893,6,30,34,64,58,83813.55214496481,88715.90466764581,8296.898137813469,4257.304947845245,1408.0990932530726,4902.352522681003,4269.0748412273115,-1,0.0,0.0
seed_2026,114,2025-04-25,4,2,no_season,2026,26822.040831280545,26822.040831280545,93.95423872781043,80,23368.423550783104,0.0,0.0,13392.145702051792,13187.14518067132,205.0005213804721,0,22493.40487795215,5,0.9351282800920742,1539.8459861204453,1903.7007441579435,-1,0.0,7.958078640513122e-13,0.003518542042002082,0.023767290986143053,0.00021883402951061726,0.02750466705765575,12020.309373588703,10473.09550436345,6,45,30,75,44,46865.181840249104,50407.90688893903,6969.256290252569,2497.8947005089285,937.2252032480064,4743.416490252569,2846.049894151541,-1,0.0,0.0
seed_2026,115,2025-04-26,4,2,no_season,2026,25793.576678031972,25793.576678031972,472.94257342257714,260,25129.983944722815,0.0,0.0,14379.723141969182,12528.722173243965,1851.0009687252186,0,22066.365017278986,5,0.9183662646653408,1903.7007441579435,1808.522868336778,-1,0.0,9.094947017729282e-13,0.0034858339931815863,0.02346770791336894,0.0003163329092785716,0.027269874815829098,11566.353345338695,10500.01167194029,6,43,31,74,45,56429.39970966553,56429.39970966553,6994.031889901278,2724.1304608165347,919.4318757199578,4743.416490252569,2846.049894151541,-1,0.0,0.0
seed_2026,116,2025-04-27,4,2,no_season,2026,58277.997074765386,58277.997074765386,264.25399822929853,160,8481.863963703641,0.0,0.0,35758.74982197711,34545.659835862985,1213.0899861141206,0,34942.13863850148,5,1.4546778492156578,1808.522868336778,1455.890116234254,-1,0.0,9.094947017729282e-13,0.0035302499309182167,0.023236375069245696,0.00022587506100535393,0.026992500061169267,18214.527282229596,16727.611356271882,6,34,35,69,63,90737.78966000701,95427.30279797567,8071.716969927113,4695.982325350046,1455.9224432708947,4743.416490252569,4269.0748412273115,-1,0.0,0.0
seed_2026,117,2025-04-28,4,2,no_season,2026,61528.33249408122,61528.33249408122,492.7459277480459,210,3352.3034789432263,0.0,0.0,38665.47422302639,36364.41867237327,2301.055550653108,0,35480.97633779357,7,1.4759310443155043,1455.890116234254,1635.526912169129,-1,0.0,7.958078640513122e-13,0.003602707991376519,0.02312104101292789,0.00021766603458672762,0.026941415038891137,18763.89198200647,16717.084355787094,8,40,41,81,78,87417.73052652554,92123.89465081136,8028.48095178712,3814.380863874415,1478.3740140747316,4743.416490252569,4302.8539,-1,0.0,0.0
seed_2026,118,2025-04-29,4,2,no_season,2026,63984.37608079375,63984.37608079375,123.7329668145091,50,15239.644853909438,0.0,0.0,38251.005227616304,37624.54594805768,626.4592795586245,0,30764.192010249746,7,1.2804685867329568,1635.526912169129,1451.3541248005936,-1,0.0,9.094947017729282e-13,0.0035595420049503446,0.02325870795175433,0.0002292919671162963,0.027047541923820972,16099.721243640952,14664.47076660879,8,23,33,56,52,79412.89743461886,84247.84976951386,6937.889178884769,4121.278805845788,1281.841333760406,4834.952334895005,4269.0748412273115,-1,0.0,0.0
seed_2026,119,2025-04-30,4,2,no_season,2026,60396.94086693114,60396.94086693114,247.7148851646498,130,10583.449486174084,0.0,0.0,36612.0258722315,35786.521834758765,825.5040374727373,0,32633.830548223148,5,1.3576677578942256,1451.3541248005936,1538.2563752325486,-1,0.0,9.094947017729282e-13,0.003782625077292323,0.023142916965298355,0.00022400007583200932,0.027149542118422687,17219.09119040576,15414.739357817389,6,32,32,64,59,80449.7918800487,85184.64413308927,8029.256271843584,3871.7149947611965,1359.7429395092977,4743.416490252569,4481.027,-1,0.0,0.0
seed_2026,120,2025-05-01,5,2,no_season,2026,56613.57968860066,56613.57968860066,2990.717156326081,620,7104.656197160892,0.0,0.0,47641.1693962088,33395.01309117746,14246.15630503134,0,34694.93858039546,5,1.4443605954768073,1538.2563752325486,1200.0,-1,0.0,9.094947017729282e-13,0.003600084106437862,0.023555791936814785,0.00021270907018333673,0.027368585113435984,18091.600214080652,16603.33836631481,6,41,34,75,60,78447.09098815601,83264.7806829116,7805.683674281606,4004.3574126730095,1445.6224408498108,4817.689694755592,4553.679830642466,-1,0.0,0.0
seed_2026,121,2025-05-02,5,2,no_season,2026,27371.359946874793,27371.359946874793,1733.6177902187715,440,13441.906690247512,0.0,0.0,21738.63854216421,13669.283853782961,8069.3546883812505,0,24029.43046480746,5,0.9996013000404731,1200.0,1308.1940541249453,-1,0.0,9.094947017729282e-13,0.003420499968342483,0.021520250011235476,0.00021229207050055265,0.02515304205007851,12701.090714160091,11328.339750647372,6,52,31,83,42,48937.71157185087,53681.12806210344,6827.694178569731,2408.322616340869,1001.2262693669776,4743.416490252569,3130.6548835666954,-1,0.0,0.0
seed_2026,122,2025-05-03,5,2,no_season,2026,28176.32301735916,28176.32301735916,1200.1695279810372,330,19198.676489334037,0.0,0.0,20294.849147779598,14138.201330348198,6156.647817431399,0,23380.734834751078,5,0.9726711888564494,1308.1940541249453,1388.3846131077264,-1,0.0,9.094947017729282e-13,0.0034103329526260495,0.022709707962349057,0.00022579205688089132,0.026345832971855998,12345.68962037862,11035.045214372456,6,42,32,74,40,47774.81244674616,52466.40518838768,6986.385590252569,2472.591461436238,974.197284781295,4743.416490252569,3130.6548835666954,-1,0.0,0.0
seed_2026,123,2025-05-04,5,2,no_season,2026,60452.96938989502,60452.96938989502,1469.7542596299977,420,8685.220540387665,0.0,0.0,43171.79583383024,35807.22608458471,7364.569749245523,0,32128.22646157638,5,1.3372338188919937,1388.3846131077264,1200.0,-1,0.0,9.094947017729282e-13,0.0035138330422341824,0.023801499977707863,0.00022354198154062033,0.027538875001482666,16815.5311186902,15312.695342886182,6,30,33,63,59,84008.9935725168,88739.60564834689,7983.738258738451,4190.017899723107,1338.6761025656826,4743.416490252569,4553.679830642466,-1,0.0,0.0
seed_2026,124,2025-05-05,5,2,no_season,2026,59414.556252456474,59414.556252456474,2531.810726513415,600,5011.750117914256,0.0,0.0,46724.38661748772,35054.20697133608,11670.179646151631,0,35313.591160056974,5,1.4693602687601017,1200.0,1200.0,-1,0.0,6.821210263296962e-13,0.0036401250399649143,0.021737542003393173,0.00022479204926639795,0.025602459092624485,18586.100610556303,16727.49054950067,6,42,36,78,65,84881.72480620569,89619.41109146853,7941.847469239241,4343.798280772401,1471.3996316690407,4743.416490252569,4553.679830642466,-1,0.0,0.0
seed_2026,125,2025-05-06,5,2,no_season,2026,62330.63632151365,62330.63632151365,1308.238623175777,390,8852.83438133844,0.0,0.0,42504.50227668944,36714.599465418214,5789.902811271232,0,36403.20573700209,5,1.5146979507978304,1200.0,1200.0,-1,0.0,9.094947017729282e-13,0.0034097920870408416,0.02250329195521772,0.00022612500470131636,0.026139209046959877,19159.58196684321,17243.623770158883,6,30,39,69,59,74010.58880212443,78754.005292377,6803.549341970391,4329.525147119076,1516.8002390417537,4743.416490252569,4553.679830642466,-1,0.0,0.0
seed_2026,126,2025-05-07,5,2,no_season,2026,62658.53157621108,62658.53157621108,1529.0504799855053,460,7232.795264382905,0.0,0.0,44604.65417604336,36863.62443403591,7741.029742007449,0,35768.99881595318,5,1.4882997089535797,1200.0,1204.3680108354833,-1,0.0,7.958078640513122e-13,0.003571458044461906,0.021905000088736415,0.00020983291324228048,0.0256862910464406,18827.969828883426,16941.028987069756,6,29,36,65,53,75544.70689198948,80288.12338224205,7713.029855083334,4429.289507882943,1490.374950664716,4743.416490252569,4553.679830642466,-1,0.0,0.0
seed_2026,127,2025-05-08,5,2,no_season,2026,63956.32283116291,63956.32283116291,431.430465050257,150,6460.956909866699,0.0,0.0,41128.34904765243,38826.21315636327,2302.1358912891596,0,35361.86293193126,7,1.470843661895858,1204.3680108354833,1443.8332158194962,-1,0.0,7.958078640513122e-13,0.0034793750382959843,0.023406666005030274,0.00022983306553214788,0.027115874108858407,18731.07345913886,16630.7894727924,8,30,39,69,68,85070.1904341297,89785.98119821343,8045.134990252569,4461.125454718107,1473.4109554971358,4743.416490252569,4809.91361091701,-1,0.0,0.0
seed_2026,128,2025-05-09,5,2,no_season,2026,30460.701495855978,30460.701495855978,188.73365715388468,110,20026.108019599487,0.0,0.0,16857.693135710644,16211.28801249349,646.405123217151,0,22801.402493391026,5,0.9467128171595587,1443.8332158194962,2368.982943208887,-1,0.0,9.094947017729282e-13,0.0034664999693632126,0.023413749993778765,0.00021462503354996443,0.027094874996691942,12462.6718884007,10338.730604990327,6,48,30,78,49,56615.7668222186,61081.9577141525,6746.016790252569,3120.0686620345723,950.0584372246261,4743.416490252569,3282.55,-1,0.0,0.0
seed_2026,129,2025-05-10,5,2,no_season,2026,29984.060883772352,29984.060883772352,70.31970679652377,90,16891.254379982325,0.0,0.0,16598.311901955414,16306.862729119275,291.4491728361387,0,21229.796157139157,5,0.883514127082641,2368.982943208887,2293.601699422515,-1,0.0,4.547473508864641e-13,0.0034186249831691384,0.02342837501782924,0.00022220797836780548,0.027069207979366183,11135.938542196185,10093.857614942968,6,44,30,74,50,49861.23422524244,49861.23422524244,6729.656440753901,2638.137136445627,884.5748398807983,4743.416490252569,3299.4065919620743,-1,0.0,0.0
seed_2026,130,2025-05-11,5,2,no_season,2026,64439.16594110213,64439.16594110213,272.30021649489197,150,8315.306739415755,0.0,0.0,40596.434614539874,39146.78589469144,1449.6487198484347,0,32493.150360116044,7,1.3537573993654768,2293.601699422515,1494.4085424877624,-1,0.0,8.43769498715119e-13,0.003582082921639085,0.02299920900259167,0.00032133294735103846,0.026902624871581793,16702.61534748199,15790.535012634055,8,27,42,69,70,84258.9287335053,89042.8116297163,7964.966418279899,4676.475129913091,1353.881265004835,4783.882896211015,4838.28482005762,-1,0.0,0.0
seed_2026,131,2025-05-12,5,2,no_season,2026,64268.12593497556,64268.12593497556,233.90348164268005,120,10681.434893071482,0.0,0.0,39780.51202710616,38671.96346984888,1108.5485572572766,0,30524.715881281372,5,1.2694792430599426,1494.4085424877624,1777.636393332013,-1,0.0,9.094947017729282e-13,0.003493000054731965,0.02321274997666478,0.0002584169851616025,0.02696416701655835,16207.057585747398,14317.658295533973,6,25,32,57,52,75698.38981410903,80477.16978671907,7961.547223374688,4288.249416309753,1271.8631617200572,4778.779972610028,4717.670968011526,-1,0.0,0.0
seed_2026,132,2025-05-13,5,2,no_season,2026,62002.44483757852,62002.44483757852,269.46764083887587,100,7590.425734706835,0.0,0.0,38922.12662103521,37573.28280746654,1348.843813568676,0,33564.13319093158,5,1.3970377371939675,1777.636393332013,1563.0796684764607,-1,0.0,9.094947017729282e-13,0.0035890419967472553,0.023392208036966622,0.00021370803005993366,0.02719495806377381,17558.203583987735,16005.929606943842,6,34,35,69,58,82019.21039745992,86904.06675524641,8040.078142244158,4729.720879835871,1398.5055496221491,4884.856357786504,4838.28482005762,-1,0.0,0.0
seed_2026,133,2025-05-14,5,2,no_season,2026,63112.478538050425,63112.478538050425,244.11583690859777,130,8399.454803880566,0.0,0.0,38955.91852617606,38012.758135164084,943.1603910119759,0,33381.2139295277,5,1.388547498702981,1563.0796684764607,1749.4227317988089,-1,0.0,9.094947017729282e-13,0.0035988750169053674,0.023291624966077507,0.00021875009406358004,0.027109250077046454,17662.10235863641,15719.111570891288,6,28,33,61,54,81499.3275621179,86476.24873153627,8037.222751655526,4156.214755445655,1390.883913730321,4976.921169418367,4749.060420002395,-1,0.0,0.0
seed_2026,134,2025-05-15,5,2,no_season,2026,62026.060315536524,62026.060315536524,812.2603153412184,170,7917.286606651202,0.0,0.0,40913.21413742943,37703.395235470685,3209.8189019587444,0,33010.01224837717,5,1.372591574779399,1749.4227317988089,2168.610401959004,-1,0.0,7.958078640513122e-13,0.0033704580273479223,0.025557790999300778,0.00023808307014405727,0.029166332096792758,17582.993994635188,15427.018253741982,6,30,34,64,56,84041.30486774507,88788.37232267075,7788.634756231519,4079.3381816172114,1375.4171770157154,4747.067454925674,4672.367247096856,-1,0.0,0.0
seed_2026,135,2025-05-16,5,2,no_season,2026,29290.89825054372,29290.89825054372,262.35882933337655,110,25478.974650714576,0.0,0.0,16485.38879613728,15865.697830014455,619.6909661228208,0,20408.303107585816,5,0.8485422724455911,2168.610401959004,2453.6601611506508,-1,0.0,9.094947017729282e-13,0.003686125040985644,0.0313257499365136,0.00024937500711530447,0.03526124998461455,10883.539501707502,9524.763605878314,6,41,28,69,49,56383.11784479725,56383.11784479725,6468.628723612755,2363.4022825878997,850.3459628160757,4743.416490252569,3362.4993000000004,-1,0.0,0.0
seed_2026,136,2025-05-17,5,2,no_season,2026,28787.899330818378,28787.899330818378,322.200445100987,160,17950.29099638827,0.0,0.0,16467.328486743085,15495.554992032225,971.7734947108598,0,20427.225120682466,5,0.8507542954378304,2453.6601611506508,2089.0473916868436,-1,0.0,9.094947017729282e-13,0.003872290952131152,0.03153687494341284,0.0002499589463695884,0.03565912484191358,10569.117408440112,9858.107712242354,6,44,25,69,39,43570.058931183885,43570.058931183885,6698.290890252569,1581.13883008419,851.1343800284361,4743.416490252569,3559.9646000000002,-1,0.0,0.0
seed_2026,137,2025-05-18,5,2,no_season,2026,63747.35900688621,63747.35900688621,506.4420130530991,240,8888.418479877997,0.0,0.0,41296.50284822378,39128.76852967475,2167.7343185490363,0,32487.23696137063,5,1.3518040589584706,2089.0473916868436,2068.3786078571093,-1,0.0,6.821210263296962e-13,0.004266666015610099,0.029283209005370736,0.00024687498807907104,0.033796750009059906,17088.22570071597,15399.011260654659,6,30,33,63,62,90313.42359592082,95126.11046335193,7864.703228661078,4527.587439384592,1353.6348733904429,4812.686867431106,4838.28482005762,-1,0.0,0.0
seed_2026,138,2025-05-19,5,2,no_season,2026,61791.82453664689,61791.82453664689,181.66600974854055,80,13155.375351296401,0.0,0.0,38471.873953590286,37403.51158978087,1068.3623638094148,0,31691.41570104288,5,1.3194471768340061,2068.3786078571093,1702.801314654247,-1,0.0,9.094947017729282e-13,0.0037316669477149844,0.025459875003434718,0.00023612496443092823,0.02942766691558063,16497.157173070955,15194.258527971928,6,31,33,64,58,86970.33251834469,91913.74025251102,7918.713590252569,4680.170937049205,1320.47565421012,4943.407734166343,4942.897689950377,-1,0.0,0.0
seed_2026,139,2025-05-20,5,2,no_season,2026,62034.74953653722,62034.74953653722,498.658629916755,110,6495.107288694217,0.0,0.0,39354.611377551824,37353.068962108046,2001.542415443774,0,32496.221114928063,5,1.3525704881092662,1702.801314654247,1503.103166602873,-1,0.0,9.094947017729282e-13,0.003674958017654717,0.02447508298791945,0.00023779203183948994,0.028387833037413657,17003.56358801058,15492.657526917483,6,29,32,61,53,82079.5908863812,86805.29030713331,7799.34746401208,4110.960958218893,1354.0092131220028,4743.416490252569,4715.486216496829,-1,0.0,0.0
seed_2026,140,2025-05-21,5,2,no_season,2026,62934.19607851505,62934.19607851505,161.63282981531276,100,9657.120762319293,0.0,0.0,38804.87514424794,38239.95793737646,564.9172068714806,0,30928.509330546454,7,1.285917337616354,1503.103166602873,1952.001923323535,-1,0.0,9.094947017729282e-13,0.00401283404789865,0.02399374998640269,0.00023208395577967167,0.028238667990081012,16502.3010966121,14426.208233934358,8,30,35,65,62,84742.5517645049,89466.34210590937,7898.158590252569,4518.152104956884,1288.6878887727692,4743.416490252569,4817.32808537211,-1,0.0,0.0
seed_2026,141,2025-05-22,5,2,no_season,2026,62291.08713974223,62291.08713974223,98.9256327746422,70,9994.80605817655,0.0,0.0,38421.67012088067,37902.954873178984,518.7152477016843,0,31749.527031469523,5,1.3212664484041259,1952.001923323535,1859.4217662110568,-1,0.0,7.958078640513122e-13,0.0035899579524993896,0.023459792020730674,0.0002327919937670231,0.027282541966997087,16664.05146457159,15085.47556689793,6,28,33,61,59,86097.29035166837,90828.04556711417,8040.094418123712,4436.8231437435,1322.8969596445631,4743.416490252569,4838.28482005762,-1,0.0,0.0
seed_2026,142,2025-05-23,5,2,no_season,2026,29418.897224570203,29418.897224570203,66.33675579458264,80,21743.891253334474,0.0,0.0,15927.358127833606,15760.00998108813,167.34814674547582,0,21231.345413992676,5,0.8829675866022318,1859.4217662110568,2062.6580635177565,-1,0.0,9.094947017729282e-13,0.0034958749311044812,0.023186375037766993,0.0002212079707533121,0.026903457939624786,11275.869628844825,9955.475785147848,6,44,27,71,41,50008.15049686677,50008.15049686677,6570.733790252569,2470.233646517595,884.6393922496948,4743.416490252569,3267.97,-1,0.0,0.0
seed_2026,143,2025-05-24,5,2,no_season,2026,29559.720841090282,29559.720841090282,22.147283540880437,40,24306.649060195276,0.0,0.0,16000.155535379585,15894.12189591346,106.03363946612728,0,20380.010557692833,5,0.8470061516394402,2062.6580635177565,2511.3655194596204,-1,0.0,7.389644451905042e-13,0.003612334025092423,0.0241740420460701,0.00022091693244874477,0.028007293003611267,10950.364119397695,9429.646438295142,6,45,26,71,43,49507.87430594561,49507.87430594561,6518.222490252569,2728.867074035154,849.1671065705348,4743.416490252569,3248.7125401036046,-1,0.0,0.0
seed_2026,144,2025-05-25,5,2,no_season,2026,61921.225354460155,61921.225354460155,140.28700545543518,80,12537.732202879999,0.0,0.0,38009.091733437905,37387.45466214443,621.6370712934782,0,29926.483294761485,5,1.2465180551498751,2511.3655194596204,1914.229793675217,-1,0.0,6.821210263296962e-13,0.0037863750476390123,0.024082040996290743,0.00023641600273549557,0.02810483204666525,15452.62663423187,14473.856660529615,6,27,33,60,55,86497.08168256763,91484.8440822703,7839.961492128166,4743.368563984425,1246.9368039483952,4987.762399702674,4780.295560708613,-1,0.0,0.0
seed_2026,145,2025-05-26,5,2,no_season,2026,61346.67782590153,61346.67782590153,655.3745952407819,180,5774.424742591678,0.0,0.0,39859.66194733423,37156.835611415576,2702.8263359186494,0,32407.384864647054,5,1.3485632291655927,1914.229793675217,1856.2923858783138,-1,0.0,7.958078640513122e-13,0.0035397500032559037,0.023456249968148768,0.00023412506561726332,0.027230125037021935,17027.58979659884,15379.795068048214,6,42,34,76,67,89344.28897217968,94313.9361111532,8091.394875031563,4427.188724235731,1350.307702693627,4969.647138973519,4830.6776,-1,0.0,0.0
seed_2026,146,2025-05-27,5,2,no_season,2026,63332.71434745469,63332.71434745469,108.53420386605416,80,12628.963754535951,0.0,0.0,38587.492948619125,38117.732961033544,469.7599875855804,0,31275.75341449915,5,1.3018425085345977,1856.2923858783138,1631.8064597351718,-1,0.0,9.094947017729282e-13,0.003469457966275513,0.023350290954113007,0.00022645900025963783,0.027046207920648158,16348.835455641974,14926.917958857175,6,26,32,58,50,82171.74393046909,86875.36387813736,8101.096557476384,4427.188724235731,1303.1563922707978,4743.416490252569,4803.933783134821,-1,0.0,0.0
seed_2026,147,2025-05-28,5,2,no_season,2026,61954.86702844693,61954.86702844693,221.94817663392382,140,7860.262027601399,0.0,0.0,38502.41021050395,37539.31962475048,963.090585753454,0,32864.18172209842,5,1.366755562071612,1631.8064597351718,1945.276232115126,-1,0.0,9.094947017729282e-13,0.0035730419913306832,0.023409083019942045,0.00023629202041774988,0.02721841703169048,17453.45539978894,15410.726322309485,6,36,35,71,64,85015.4222611078,89873.90480323805,7714.893678776727,3794.4508068271025,1369.3409050874345,4858.482542130249,4838.28482005762,-1,0.0,0.0
seed_2026,148,2025-05-29,5,2,no_season,2026,61343.34939120881,61343.34939120881,419.7055729473218,170,5940.452090239796,0.0,0.0,39183.02406355878,37424.15639766823,1758.8676658905524,0,33901.96283861586,5,1.4107816940418203,1945.276232115126,1873.3420715259085,-1,0.0,9.094947017729282e-13,0.003598791896365583,0.023330166935920715,0.00029808306135237217,0.02722704189363867,17807.221106266094,16094.741732349761,6,33,35,68,66,85894.87875011124,90668.17097167212,7802.2061657286295,4281.316939533929,1412.5817849423274,4773.292221560885,4838.28482005762,-1,0.0,0.0
seed_2026,149,2025-05-30,5,2,no_season,2026,29625.887688437644,29625.887688437644,211.53952268053496,90,21362.251341039202,0.0,0.0,16704.275305405587,15888.70199666833,815.5733087372564,0,21048.934817166908,5,0.8741300085355344,1873.3420715259085,2645.5162353260826,-1,0.0,9.094947017729282e-13,0.003532458911649883,0.02319454203825444,0.00022087502293288708,0.02694787597283721,11463.93871028961,9584.9961068773,6,41,27,68,44,51561.412041649826,52362.467117043474,6598.069790252569,2460.7632812388883,877.0389507152879,4743.416490252569,3195.1186,-1,0.0,0.0
seed_2026,150,2025-05-31,5,2,no_season,2026,28645.293351706707,28645.293351706707,215.73357967817884,100,19962.959301593255,0.0,0.0,16009.804146931709,15248.631068657527,761.1730782741798,0,21278.777035441286,6,0.8867287394173766,2645.5162353260826,2033.618590281727,-1,0.0,9.094947017729282e-13,0.0035307500511407852,0.023346457979641855,0.00022899999748915434,0.027106208028271794,10893.831557616455,10384.945477824827,6,44,29,73,42,42051.787410488316,42051.787410488316,6408.826396253577,1594.7362532791972,886.6157098100534,4743.416490252569,3246.6549747775366,-1,0.0,0.0
seed_2026,151,2025-06-01,6,2,no_season,2026,63335.47345000609,63335.47345000609,9027.509941185008,850,388.48227262131456,0.0,0.0,84690.41837052649,38182.0444920249,46508.373878501574,0,30060.622223719518,7,1.2526180334281969,2033.618590281727,1200.0,-1,0.0,5.684341886080801e-13,0.0035750840324908495,0.02288725005928427,0.0002293749712407589,0.026691709063015878,15405.148521144649,14655.473702574867,8,26,38,64,69,84976.2750584324,89313.2204692324,7375.002229986374,3940.485155674716,1252.5259259883132,4743.416490252569,4838.28482005762,-1,0.0,0.0
seed_2026,152,2025-06-02,6,2,no_season,2026,68848.46763571247,68848.46763571247,5141.220042169489,810,3415.1146532560597,0.0,0.0,63693.80370839323,41616.86536196162,22076.938346431612,0,36741.54591789211,7,1.5287759191605383,1200.0,1200.0,-1,0.0,9.094947017729282e-13,0.0037466250360012054,0.022707583964802325,0.0002490419428795576,0.026703250943683088,19337.655746259003,17403.890171633102,8,27,42,69,59,79753.70817420287,83926.59712986062,6690.431974352117,4123.462862345452,1530.897746578838,4743.416490252569,4838.28482005762,-1,0.0,0.0
seed_2026,153,2025-06-03,6,2,no_season,2026,70302.87671540582,70302.87671540582,2428.8694099999157,590,2503.6332008167033,0.0,0.0,53476.23291566275,42821.83813427166,10654.394781391089,0,38679.17573385786,7,1.6093985965382314,1200.0,1200.0,-1,0.0,9.094947017729282e-13,0.0036749999271705747,0.023675582953728735,0.00024375005159527063,0.02759433293249458,20357.460912556773,18321.714821301088,8,33,43,76,67,79362.88103127317,83739.52093531689,7090.37299571268,4104.612016388034,1611.6323222440776,4743.416490252569,4838.28482005762,-1,0.0,0.0
seed_2026,154,2025-06-04,6,2,no_season,2026,69923.84226554795,69923.84226554795,2897.629773256475,680,1294.1959624401602,0.0,0.0,53879.74818321917,42714.68567699866,11165.062506220513,0,35758.28993425472,9,1.4878637029594408,1200.0,1200.0,-1,0.0,7.958078640513122e-13,0.0036189999664202332,0.022929833037778735,0.00024454190861433744,0.026793374912813306,18820.152596976164,16938.137337278546,10,29,42,71,72,87577.9705284168,92061.23409089318,7601.684250779428,4419.925049845763,1489.928747260613,4743.416490252569,4838.28482005762,-1,0.0,0.0
seed_2026,155,2025-06-05,6,2,no_season,2026,71320.41054386628,71320.41054386628,3217.3075093532043,680,1352.651386194585,0.0,0.0,56614.19474778534,43696.030430257655,12918.164317527688,0,38679.224356806444,7,1.609400619686443,1200.0,1200.0,-1,0.0,7.958078640513122e-13,0.004251500009559095,0.024563208920881152,0.00024112500250339508,0.029055833932943642,20357.48650358234,18321.737853224105,8,29,44,73,71,86071.33853784761,90624.56353668399,7869.239216995591,4116.233133033608,1611.6343482002687,4743.416490252569,4838.28482005762,-1,0.0,0.0
seed_2026,156,2025-06-06,6,2,no_season,2026,31140.016352124847,31140.016352124847,4757.147402344359,690,3794.242810904758,0.0,0.0,36882.48929239962,16626.819675894065,20255.66961650556,0,23710.58532772456,5,0.9865717669918358,1200.0,1200.0,-1,0.0,7.958078640513122e-13,0.003831000067293644,0.02323687495663762,0.00025179097428917885,0.027319665998220444,12479.255435644503,11231.329892080057,6,40,30,70,55,44667.53947724344,49031.19198166662,6516.203363147317,1982.2359985472067,987.9410553218565,4622.003116405891,3415.2598729818496,-1,0.0,0.0
seed_2026,157,2025-06-07,6,2,no_season,2026,36858.32308787625,36858.32308787625,1402.9134036208218,390,5798.41560863456,0.0,0.0,26154.784792849103,20420.930945267122,5733.8538475819805,0,24065.925865428657,5,1.001204082594943,1200.0,1269.7767497864083,-1,0.0,3.410605131648481e-13,0.0038493749452754855,0.02350520808249712,0.0002804580144584179,0.027635041042231023,12701.116790812248,11364.809074616407,6,49,29,78,65,60760.37360288583,65358.721935580616,6798.803832548344,3162.277660168379,1002.7469110595274,4743.416490252569,3699.864862397004,-1,0.0,0.0
seed_2026,158,2025-06-08,6,2,no_season,2026,87750.27656796722,87750.27656796722,99.2297817884014,60,20100.86826050441,0.0,0.0,55812.505602329475,55494.69637947364,317.8092228558321,0,29433.218476991387,9,1.22245624844844,1269.7767497864083,2285.7829971678448,-1,0.0,7.958078640513122e-13,0.0038640410639345646,0.024534333031624556,0.0002472499618306756,0.028645624057389796,15998.466649787964,13434.751827203421,10,23,32,55,56,96232.52791606789,101167.0930242567,8418.025946253605,4743.416490252569,1226.3841032079742,4934.56510818881,4552.0632581919135,-1,0.0,0.0
seed_2026,159,2025-06-09,6,2,no_season,2026,77507.94748265143,77507.94748265143,713.2240835591538,260,5937.472857307533,0.0,0.0,51356.3289780621,48133.73111878544,3222.597859276656,0,37912.43746822924,7,1.578910579269571,2285.7829971678448,1640.483140115201,-1,0.0,7.389644451905042e-13,0.0040195409674197435,0.024754625046625733,0.0002494580112397671,0.029023624025285244,19631.711721899483,18280.725746329757,8,28,43,71,70,98261.49480882353,103094.82751997745,8426.335792687434,4743.416490252569,1579.6848945095517,4833.332711153919,4838.28482005762,-1,0.0,0.0
seed_2026,160,2025-06-10,6,2,no_season,2026,81709.20838255415,81709.20838255415,181.2254066039397,100,7986.960977734655,0.0,0.0,51946.4320293368,51347.837232723236,598.5947966135653,0,37662.86746213715,9,1.566446214339748,1640.483140115201,1943.6757615830822,-1,0.0,9.094947017729282e-13,0.003641415969468653,0.02507658302783966,0.00024120800662785769,0.02895920700393617,19973.94802011362,17688.919442023525,10,29,42,71,71,105568.2131153482,110371.81951241808,8328.23314363544,4743.416490252569,1569.2861442557144,4803.606397069874,4774.679340251365,-1,0.0,0.0
seed_2026,161,2025-06-11,6,2,no_season,2026,82576.11305297603,82576.11305297603,1636.9548774899731,300,6213.421897688184,0.0,0.0,58748.69043624473,51288.53597192194,7460.154464322801,0,42646.19814618398,9,1.7751853338958505,1943.6757615830822,1613.8816378259335,-1,0.0,9.094947017729282e-13,0.003892458975315094,0.024391458020545542,0.00023566698655486107,0.028519583982415497,22280.698931147566,20365.49921503642,10,31,47,78,66,106741.55284782322,111524.96733380258,8672.610694407855,4735.426114471194,1776.924922757666,4783.414485979364,4833.728758821934,-1,0.0,0.0
seed_2026,162,2025-06-12,6,2,no_season,2026,86271.18561299687,86271.18561299687,320.0696493659094,90,11911.187889989933,0.0,0.0,55791.21019647856,54257.28111635101,1533.9290801275502,0,36514.38820892944,9,1.51865244318912,1613.8816378259335,1920.1721904667907,-1,0.0,9.094947017729282e-13,0.0036170410457998514,0.02428662497550249,0.00024583307094872,0.028149499092251062,19371.03207398447,17143.356134944974,10,26,41,67,66,102429.90882996113,107401.75789986354,8423.72516887025,4743.416490252569,1521.4328420387267,4971.849069902411,4695.160043401154,-1,0.0,0.0
seed_2026,163,2025-06-13,6,2,no_season,2026,44024.318143677534,44024.318143677534,22.070080578406454,20,13824.204719992045,0.0,0.0,25996.78510539925,25865.63364304845,131.15146235079862,0,22771.621513220853,5,0.9460127961744604,1920.1721904667907,2599.477117320619,-1,0.0,5.684341886080801e-13,0.003855666029267013,0.023826417047530413,0.00022545806132256985,0.027907541138119996,12324.245658742373,10447.37585447848,6,37,26,63,56,64481.30586550153,69413.36998723134,7301.42893323184,3403.256422940349,948.8175630508688,4932.06412172982,3793.92029709687,-1,0.0,0.0
seed_2026,164,2025-06-14,6,2,no_season,2026,44872.14388296506,44872.14388296506,0.0,0,17682.54358265151,0.0,0.0,26051.292371503834,26051.292371503834,0.0,0,21358.519261101126,5,0.8889856631696776,2599.477117320619,2471.4245938843683,-1,0.0,9.094947017729282e-13,0.003573874942958355,0.02336891705635935,0.00022599997464567423,0.02716879197396338,11177.388405707334,10181.130855393792,6,30,26,56,51,66365.42368670943,71112.1471773938,6876.868805854217,3541.612142618522,889.9383025458802,4746.72349068436,3909.787261023879,-1,0.0,0.0
seed_2026,165,2025-06-15,6,2,no_season,2026,82140.80236142044,82140.80236142044,442.8915473866193,130,10425.65541991928,0.0,0.0,53384.38396580851,51265.936357921426,2118.447607887092,0,37509.477775055864,9,1.5617018324061067,2471.4245938843683,2027.6906925485796,-1,0.0,7.140954494389007e-13,0.003405582974664867,0.023926916997879744,0.00024095806293189526,0.027573458035476506,19520.270965305164,17989.2068097507,10,28,52,80,71,99208.95582916951,104133.09905620149,8507.596192319405,4743.416490252569,1562.8949072939945,4924.143227031971,4710.522291726695,-1,0.0,0.0
seed_2026,166,2025-06-16,6,2,no_season,2026,82198.84757381963,82198.84757381963,392.3976317661481,160,8037.887886741275,0.0,0.0,52786.53935887487,50965.09025413243,1821.4491047424326,0,40068.314660032396,9,1.6677471897080887,2027.6906925485796,1777.7901657659818,-1,0.0,8.810729923425242e-13,0.0034681670367717743,0.023834250052459538,0.00022433302365243435,0.027526750112883747,20963.809581105117,19104.505078927283,10,29,48,77,71,106222.54937297924,111107.06231236672,8173.657634680536,4743.416490252569,1669.5131108346832,4918.547807134498,4838.28482005762,-1,0.0,0.0
seed_2026,167,2025-06-17,6,2,no_season,2026,83984.99570253302,83984.99570253302,1271.1714482229959,110,8576.115303035629,0.0,0.0,57951.06692549552,52400.54119821819,5550.525727277321,0,38735.025410402995,9,1.6117128771942144,1777.7901657659818,1782.1512934356479,-1,0.0,8.526512829121202e-13,0.003430332988500595,0.02337804203853011,0.0002227500081062317,0.027031125035136938,20389.033020728355,18345.99238967464,10,27,48,75,70,109331.18393398247,114215.06774950359,8663.591658216053,4743.416490252569,1613.959392100125,4883.883815521127,4838.28482005762,-1,0.0,0.0
seed_2026,168,2025-06-18,6,2,no_season,2026,86419.1554309339,86419.1554309339,38.96106407139125,60,13568.006078657094,0.0,0.0,54299.848258030004,54126.166888499436,173.68136953056253,0,34553.97210898885,9,1.4374391149543977,1782.1512934356479,1925.4392962503725,-1,0.0,9.094947017729282e-13,0.003594208974391222,0.02343845891300589,0.00022862502373754978,0.02726129291113466,18257.845812668522,16296.126296320324,10,25,45,70,69,105042.59722978852,109898.89885210378,8449.395573000267,4743.416490252569,1439.7488378745354,4856.301622315272,4701.410355304699,-1,0.0,0.0
seed_2026,169,2025-06-19,6,2,no_season,2026,82361.10110085687,82361.10110085687,368.7271117613931,140,12819.375896749625,0.0,0.0,53230.90822035674,51315.620347964636,1915.2878723920994,0,36108.51169777095,9,1.5029839593382603,1925.4392962503725,1675.5931407415706,-1,0.0,7.958078640513122e-13,0.003484125016257167,0.02357408299576491,0.000235249986872077,0.027293457998894155,18879.729906819794,17228.781790951147,10,26,42,68,60,104012.91194720387,108911.66396702736,8517.276849413183,4743.416490252569,1504.5213207404558,4898.752019823491,4838.28482005762,-1,0.0,0.0
seed_2026,170,2025-06-20,6,2,no_season,2026,40552.6759297728,40552.6759297728,0.0,0,15649.987544489451,0.0,0.0,24307.237919287123,24307.237919287123,0.0,0,21281.712547128172,5,0.8824740557209003,1675.5931407415706,3059.5286794621734,-1,0.0,7.958078640513122e-13,0.0035003330558538437,0.023508082958869636,0.00024049996864050627,0.027248915983363986,11891.910041205761,9389.802505922411,6,33,24,57,56,56738.80678873819,60687.90251251586,7008.663635696406,2884.0877170682998,886.7380227970071,4743.416490252569,3778.838616842553,-1,0.0,0.0
seed_2026,171,2025-06-21,6,2,no_season,2026,39571.73989149943,39571.73989149943,4.2970912051588925,20,19296.612389473714,0.0,0.0,23744.37308150962,23724.433743158213,19.939338351408043,0,20491.6723441375,5,0.8529301681066667,3059.5286794621734,2925.5180629594934,-1,0.0,6.821210263296962e-13,0.0034861250314861536,0.023401499958708882,0.00021958397701382637,0.027107208967208862,10718.178268684187,9773.494075453313,6,40,25,65,53,53757.828693990334,53757.828693990334,7300.643464674256,2195.1504854241743,853.8196810057293,4999.379595881135,3949.483259199679,-1,0.0,0.0
seed_2026,172,2025-06-22,6,2,no_season,2026,78414.9432984645,78414.9432984645,312.16391046362503,100,10665.890569964358,0.0,0.0,50150.666419291694,48928.21854612478,1222.447873166914,0,34844.977824406364,9,1.45256304291256,2925.5180629594934,1693.7401539290681,-1,0.0,9.094947017729282e-13,0.003607833059504628,0.02409791701938957,0.00022870791144669056,0.02793445799034089,17724.42668168506,17120.551142721306,10,24,45,69,74,105401.32333575576,110299.57719117001,8527.978900991362,4743.416490252569,1451.8740760169321,4904.806891107722,4762.894681139598,-1,0.0,0.0
seed_2026,173,2025-06-23,6,2,no_season,2026,80746.40216427878,80746.40216427878,327.6118106959742,140,11725.126992759888,0.0,0.0,51546.92983478121,50220.23965784364,1326.6901769375609,0,37260.61960570669,9,1.549656975832339,1693.7401539290681,2020.7090733315754,-1,0.0,9.094947017729282e-13,0.00486158300191164,0.027168624917976558,0.00025229097809642553,0.032282498897984624,19774.110293960777,17486.509311745915,10,27,43,70,63,100572.75771072382,105355.76494374879,8265.044197053694,4714.9132080844265,1552.5258169044455,4783.00723302497,4838.28482005762,-1,0.0,0.0
seed_2026,174,2025-06-24,6,2,no_season,2026,81187.57094922698,81187.57094922698,1747.4795498646113,280,4441.841337375,0.0,0.0,59488.05142116853,51085.00133292911,8403.050088239417,0,41637.15996457425,9,1.7324046743617747,2020.7090733315754,2053.74229734474,-1,0.0,9.094947017729282e-13,0.003918458009138703,0.025714082992635667,0.0002389999572187662,0.029871540958993137,21930.788438145428,19706.371526428826,10,31,50,81,77,109054.27803394881,113982.94661029975,8300.823107362938,4722.015659554208,1734.8816651905936,4928.668576350948,4813.32744152314,-1,0.0,0.0
seed_2026,175,2025-06-25,6,2,no_season,2026,84784.39656261298,84784.39656261298,201.1486367347762,70,12580.585881794372,0.0,0.0,54442.61333820418,53673.81396464776,768.7993735564261,0,35734.455150647256,9,1.4866813985380625,2053.74229734474,2140.6398910721987,-1,0.0,9.094947017729282e-13,0.0038192090578377247,0.025457624928094447,0.00024233292788267136,0.029519166913814843,18850.996550766988,16883.458599880265,10,26,44,70,72,107889.92573319003,112609.67385686064,8728.330011148344,4743.416490252569,1488.935631276969,4743.416490252569,4838.28482005762,-1,0.0,0.0
seed_2026,176,2025-06-26,6,2,no_season,2026,81380.40890914957,81380.40890914957,131.0839068357715,70,12208.733587098097,0.0,0.0,51814.17051432504,51266.722354898426,547.448159426617,0,36276.94055499669,9,1.5097822436330244,2140.6398910721987,1986.4889723471247,-1,0.0,9.094947017729282e-13,0.003868917003273964,0.02514983294531703,0.0002407910069450736,0.029259540955536067,19016.157975275302,17260.78257972139,10,26,43,69,65,102627.90184186294,107430.51685883377,8411.65857604789,4673.867469403102,1511.539189791529,4802.615016970827,4838.28482005762,-1,0.0,0.0
seed_2026,177,2025-06-27,6,2,no_season,2026,36957.32565919659,36957.32565919659,7.890137234191059,20,15676.083114180954,0.0,0.0,21497.818797152497,21480.68501016254,17.133786989962665,0,21887.441107634306,5,0.9099100280201519,1986.4889723471247,2352.5125126959874,-1,0.0,9.094947017729282e-13,0.00410479202400893,0.02525920793414116,0.00023379200138151646,0.029597791959531605,11702.463961608735,10184.977146025572,6,37,26,63,60,62515.79049139671,64182.380563306106,6655.4773902525685,2862.3237365005302,911.9767128180962,4743.416490252569,3834.258265072473,-1,0.0,0.0
seed_2026,178,2025-06-28,6,2,no_season,2026,36735.89278453971,36735.89278453971,112.74446060182495,70,13654.262365975852,0.0,0.0,21526.277906053157,21031.830992635645,494.44691341751235,0,21330.40355556345,5,0.8868876025836604,2352.5125126959874,2647.717611353661,-1,0.0,9.094947017729282e-13,0.0038793329149484634,0.02528558298945427,0.00023937493097037077,0.029404290835373104,11373.926159031233,9956.477396532218,6,35,29,64,57,61862.2721022299,62795.06487474159,6851.535241624447,3036.1793873176903,888.7668148151438,4743.416490252569,3682.4815088981377,-1,0.0,0.0
seed_2026,179,2025-06-29,6,2,no_season,2026,81849.17517990107,81849.17517990107,208.4979651249437,90,11483.934965509317,0.0,0.0,51753.22680828374,50914.3628612256,838.8639470581497,0,35166.147262847924,9,1.464421859131548,2647.717611353661,2102.081148340216,-1,0.0,8.242295734817162e-13,0.0037007919745519757,0.024527708999812603,0.00022804189939051867,0.028456542873755097,18236.058454515638,16930.08880833229,10,24,42,66,63,100442.45287261016,105200.304456119,8333.48201643567,4743.416490252569,1465.256135951997,4757.851583508847,4785.099927280935,-1,0.0,0.0
seed_2026,180,2025-06-30,6,2,no_season,2026,80725.89630881976,80725.89630881976,754.409547811301,200,9721.813823172692,0.0,0.0,53323.30657630197,50517.93332011439,2805.3732561875845,0,36074.531190232956,9,1.5010613613295318,2102.081148340216,2084.2048856003667,-1,0.0,8.206768598029157e-13,0.0036537499399855733,0.02431962499395013,0.00023666699416935444,0.028210041928105056,18977.669620179,17096.861570053956,10,25,43,68,66,106649.1481855591,111354.45374059245,8781.292605862569,4743.416490252569,1503.1054662597064,4743.416490252569,4838.28482005762,-1,0.0,0.0
seed_2026,181,2025-07-01,7,2,no_season,2026,82894.87382608588,82894.87382608588,4057.5964157936346,590,7013.315979342084,0.0,0.0,66818.87131466874,51918.00156696282,14900.869747705932,0,37156.202495352496,9,1.547968375903673,2084.2048856003667,1200.0,-1,0.0,7.958078640513122e-13,0.0039810409070923924,0.024344958015717566,0.0002317089820280671,0.028557707904838026,19114.406362278296,18041.796133074196,10,28,42,70,61,105473.67562919873,109607.77448223464,8512.120251469176,4521.9746021219835,1548.1751039730204,4959.7471814578785,4838.28482005762,-1,0.0,0.0
seed_2026,182,2025-07-02,7,2,no_season,2026,80965.21026256634,80965.21026256634,3793.6305137575555,680,10073.021865216508,0.0,0.0,64410.927883222845,50126.46883146024,14284.459051762602,0,33839.99834437387,9,1.4080456682177425,1200.0,1200.0,-1,0.0,9.094947017729282e-13,0.0037297499366104603,0.022775875055231154,0.00022845901548862457,0.02673408400733024,17810.5254444073,16029.472899966568,10,25,37,62,52,82772.62270702526,87118.69544306047,8086.697076657276,4170.033319575572,1409.9999310155774,4743.416490252569,4838.28482005762,-1,0.0,0.0
seed_2026,183,2025-07-03,7,2,no_season,2026,76660.95582054538,76660.95582054538,5819.508120824125,880,703.1555278839146,0.0,0.0,72850.59536259365,47260.06732197644,25590.52804061721,0,38320.900122892745,7,1.5944911365285188,1200.0,1200.0,-1,0.0,9.094947017729282e-13,0.0036801249952986836,0.02287900005467236,0.00022987497504800558,0.02678900002501905,20168.894801522496,18152.00532137025,8,28,47,75,63,84095.81896681077,88466.34944137148,8104.834616742645,4238.629530436668,1596.7041717871975,4743.416490252569,4838.28482005762,-1,0.0,0.0
seed_2026,184,2025-07-04,7,2,no_season,2026,38538.26054899339,38538.26054899339,3031.5302070804128,700,11328.046442667403,0.0,0.0,32366.326769647363,22300.331657862705,10065.995111784656,0,24587.451573916005,5,1.0229105259513729,1200.0,1266.8931621726213,-1,0.0,7.958078640513122e-13,0.003756499965675175,0.022711583995260298,0.0002442500554025173,0.02671233401633799,12974.164210327874,11613.287363588133,6,40,26,66,53,61853.312472428675,66594.50526609345,7118.47675265153,3387.388167683833,1024.4771489131667,4743.416490252569,4269.0748412273115,-1,0.0,0.0
seed_2026,185,2025-07-05,7,2,no_season,2026,39551.10747744511,39551.10747744511,2504.0952906138577,560,11991.098842480173,0.0,0.0,33221.81161595485,22341.118077251675,10880.693538703179,0,24705.53294590205,5,1.0280281430044667,1266.8931621726213,1240.5894564155396,-1,0.0,3.410605131648481e-13,0.003780333907343447,0.02442570892162621,0.0002406249986961484,0.028446667827665806,12989.778452407092,11715.75449349496,6,42,28,70,53,65505.33960827763,70129.47875198242,7810.825820615897,3102.1943846251816,1029.397206079252,4624.139143704789,4269.0748412273115,-1,0.0,0.0
seed_2026,186,2025-07-06,7,2,no_season,2026,79198.15749173862,79198.15749173862,5666.782894404999,850,3044.524455026427,0.0,0.0,71993.92111052119,49017.5370338661,22976.38407665509,0,39272.384028794106,7,1.634170362963311,1240.5894564155396,1200.0,-1,0.0,9.094947017729282e-13,0.003652125014923513,0.024382082978263497,0.00024162500631064177,0.028275832999497652,20649.40920495565,18622.974823838456,8,30,47,77,64,89973.75072069852,94726.4367407612,7102.827964327723,4430.7841244794545,1636.3493345330874,4752.68602006269,4838.28482005762,-1,0.0,0.0
seed_2026,187,2025-07-07,7,2,no_season,2026,84216.36048896948,84216.36048896948,2110.475447468248,480,11089.494456836892,0.0,0.0,60313.71797650552,52486.17546963535,7827.5425068701625,0,34307.77074518941,9,1.427460448737686,1200.0,1222.2173617595045,-1,0.0,9.094947017729282e-13,0.0037794579984620214,0.02285358402878046,0.00022616691421717405,0.026859208941459656,18067.814729061785,16239.956016127619,10,25,36,61,55,89336.87881438369,94080.29530463625,8903.537914916767,4630.758467722335,1429.4904477162252,4743.416490252569,4838.28482005762,-1,0.0,0.0
seed_2026,188,2025-07-08,7,2,no_season,2026,94978.08873630033,94978.08873630033,331.772395069545,140,16717.975694694094,0.0,0.0,61339.78159647153,60125.24847103248,1214.5331254390364,0,36507.836713871635,9,1.516638026451045,1222.2173617595045,2322.776068190402,-1,0.0,9.094947017729282e-13,0.0036266660317778587,0.02424104092642665,0.0002246249932795763,0.028092331951484084,19764.167566940367,16743.669146931265,10,27,40,67,60,99366.56221054631,104285.6915332958,8245.055525804108,4743.416490252569,1521.1598630779847,4919.129322749487,4809.393571214718,-1,0.0,0.0
seed_2026,189,2025-07-09,7,2,no_season,2026,94066.68160936293,94066.68160936293,21.122116096669288,10,18031.370831581,0.0,0.0,60393.63629382353,60347.62176390694,46.01452991659404,0,33217.088007849554,9,1.3815792670324116,2322.776068190402,2572.562359828321,-1,0.0,9.094947017729282e-13,0.0036823329282924533,0.024663583026267588,0.00023108290042728186,0.028576998854987323,17607.397942530748,15609.690065318804,10,25,36,61,60,104850.95022288669,109766.54597590613,8272.970351037344,4743.416490252569,1384.045333660398,4915.595753019448,4652.254440963627,-1,0.0,0.0
seed_2026,190,2025-07-10,7,2,no_season,2026,90642.17941965804,90642.17941965804,66.24403689148642,40,16768.405649509026,0.0,0.0,58101.93856944224,57816.49320260527,285.44536683696487,0,33087.22194312596,9,1.378161938994169,2572.562359828321,1916.6149051685393,-1,0.0,9.094947017729282e-13,0.003764167078770697,0.02442329202312976,0.00022366701159626245,0.02841112611349672,17086.808183416568,16000.413759709394,10,22,38,60,62,101420.53060018053,106337.47796355837,8227.505598369764,4743.416490252569,1378.6342476302484,4916.947363377847,4810.201232050357,-1,0.0,0.0
seed_2026,191,2025-07-11,7,2,no_season,2026,50720.83461822361,50720.83461822361,5.170835097474331,10,15868.356024081775,0.0,0.0,30911.774759109278,30892.011827366732,19.762931742546893,0,23624.47547940787,5,0.980583129329299,1916.6149051685393,3013.614181371182,-1,0.0,6.821210263296962e-13,0.0037745420122519135,0.023306541028432548,0.00023024994879961014,0.02731133298948407,12981.673879323589,10642.80160008428,6,36,24,60,56,55777.41481742587,60731.97718681471,8220.246122807428,2498.199351533022,984.353144975328,4954.562369388831,4347.818576824353,-1,0.0,0.0
seed_2026,192,2025-07-12,7,2,no_season,2026,49680.93364996565,49680.93364996565,22.851944185962154,10,17914.135345042057,0.0,0.0,29975.990968870436,29889.907695121918,86.08327374851943,0,22127.926163098047,5,0.9217274946707633,3013.614181371182,2553.7560400251837,-1,0.0,7.958078640513122e-13,0.003657541936263442,0.024273124989122152,0.00022545794490724802,0.028156124870292842,11416.666539437128,10711.259623660917,6,35,25,60,57,59891.77170103224,62967.945717977476,8193.45739336187,2782.804340948177,921.9969234624186,4743.416490252569,4324.291064586,-1,0.0,0.0
seed_2026,193,2025-07-13,7,2,no_season,2026,91262.82592160348,91262.82592160348,95.60443085983763,40,21073.158631176873,0.0,0.0,58433.21498017121,58144.68626998926,288.52871018194185,0,32319.372159726903,9,1.3462749743365927,2553.7560400251837,1869.339170772317,-1,0.0,9.094947017729282e-13,0.003666791948489845,0.02346191694959998,0.0002247910015285015,0.027353499899618328,16668.461740506675,15650.910419220225,10,22,34,56,54,99929.50119016907,104649.16239749697,8265.762750700695,4743.416490252569,1346.6405066552875,4743.416490252569,4838.28482005762,-1,0.0,0.0
seed_2026,194,2025-07-14,7,2,no_season,2026,88714.4967119047,88714.4967119047,67.45885436799733,50,15454.004789692368,0.0,0.0,56170.23972030646,55897.20550616404,273.03421414243417,0,32497.01422251929,9,1.3525830132441568,1869.339170772317,1678.977719717917,-1,0.0,9.094947017729282e-13,0.0039047920145094395,0.023243541945703328,0.00023037497885525227,0.02737870893906802,17008.642891216485,15488.371331302802,10,24,35,59,58,96248.41928917961,101185.75189005006,8360.513253280307,4743.416490252569,1354.042259271637,4937.332600870449,4838.28482005762,-1,0.0,0.0
seed_2026,195,2025-07-15,7,2,no_season,2026,87339.91912757471,87339.91912757471,118.2011790062428,60,12741.356242109883,0.0,0.0,55459.8018751379,55164.255460455635,295.54641468226777,0,33650.77754145804,9,1.3997406131134085,1678.977719717917,1875.8705398948907,-1,0.0,9.094947017729282e-13,0.0036534169921651483,0.024316417053341866,0.00022970803547650576,0.02819954208098352,17809.24551129789,15841.532030160142,10,26,37,63,65,101433.26773872948,106213.12267800697,8524.915740244138,4743.416490252569,1402.1157308940847,4876.373064856229,4838.28482005762,-1,0.0,0.0
seed_2026,196,2025-07-16,7,2,no_season,2026,87306.91765227375,87306.91765227375,305.08813216847244,110,13877.712983925569,0.0,0.0,56030.50862118123,54977.33588434078,1053.1727368404447,0,33021.878921666,9,1.3743082372266302,1875.8705398948907,1737.4144291685116,-1,0.0,9.094947017729282e-13,0.003692499944008887,0.023636542027816176,0.00023783301003277302,0.027566874981857836,17310.80416942466,15711.07475224134,10,25,35,60,55,97191.67492939401,102087.6995249312,8785.886005513374,4436.969193790398,1375.9116217360834,4896.024595537192,4838.28482005762,-1,0.0,0.0
seed_2026,197,2025-07-17,7,2,no_season,2026,86187.5977656327,86187.5977656327,729.4100561692704,180,12307.816028210216,0.0,0.0,57424.83884572468,54070.84626089859,3353.99258482609,0,35998.31091853427,7,1.4978636116123107,1737.4144291685116,1731.534062813008,-1,0.0,9.094947017729282e-13,0.0041791669791564345,0.02324291691184044,0.00022920803166925907,0.027651291922666132,18943.543322729678,17054.767595804595,8,28,39,67,61,91822.32592179066,96645.34055100499,8806.31377232165,4663.78125856347,1499.9296216055945,4823.0146292143345,4838.28482005762,-1,0.0,0.0
seed_2026,198,2025-07-18,7,2,no_season,2026,51205.01211112958,51205.01211112958,0.0,0,17501.035564504757,0.0,0.0,31102.421847056576,31102.421847056583,0.0,0,22562.84889827694,5,0.9360877718109062,1731.534062813008,2975.4682416952246,-1,0.0,7.958078640513122e-13,0.0036687090760096908,0.02366237505339086,0.0002258330350741744,0.027556917164474726,12496.288672450884,10066.560225826057,6,38,25,63,49,53410.84721145651,58271.05254299007,8464.773088695034,2463.293667513607,940.1187040948724,4860.205331533564,4356.991259242228,-1,0.0,0.0
seed_2026,199,2025-07-19,7,2,no_season,2026,49854.929958880166,49854.929958880166,27.461215817723428,10,22479.32433782419,0.0,0.0,29379.02480636423,29320.31272694593,58.71207941829269,0,21157.242234512996,5,0.8822916182321693,2975.4682416952246,2080.937141654232,-1,0.0,9.094947017729282e-13,0.0037157919723540545,0.024338916991837323,0.00022599997464567423,0.02828070893883705,10688.745010693345,10468.497223819653,6,29,23,52,48,59073.34329661699,63971.91224937324,8146.711732579413,3379.193484110999,881.5517597713749,4898.568952756252,4450.0148,-1,0.0,0.0
seed_2026,200,2025-07-20,7,2,no_season,2026,86291.9410853772,86291.9410853772,298.7780631940954,140,12893.172045534255,0.0,0.0,55878.5675201001,54591.031653658545,1287.5358664415553,0,33570.23069381589,9,1.397170723367189,2080.937141654232,1921.4307047327611,-1,0.0,9.094947017729282e-13,0.003629000042565167,0.02346791699528694,0.0002295409794896841,0.027326458017341793,17588.899790093124,15981.330903722755,10,24,37,61,61,95313.95285273402,100177.93344515814,8734.49697368007,4743.416490252569,1398.7596122423283,4939.0801540978555,4838.28482005762,-1,0.0,0.0
seed_2026,201,2025-07-21,7,2,no_season,2026,87207.24841012407,87207.24841012407,121.7002014940249,50,11515.507628563342,0.0,0.0,55703.563655783524,55186.13925733186,517.4243984516701,0,35533.20777620625,9,1.4786003433620165,1921.4307047327611,1874.889000563393,-1,0.0,8.810729923425242e-13,0.0035912080202251673,0.02323608403094113,0.000247957999818027,0.027075250050984323,18678.449704630504,16854.758071575743,10,26,38,64,58,99969.7242533248,104893.82883195806,8459.932588524915,4739.327913755867,1480.5503240085936,4924.104578633256,4833.304494833808,-1,0.0,0.0
seed_2026,202,2025-07-22,7,2,no_season,2026,88060.67839892389,88060.67839892389,456.63581599279377,110,13143.601589351443,0.0,0.0,57543.90834210187,55645.31549459539,1898.5928475064852,0,34633.96793424271,9,1.441618311248496,1874.889000563393,1630.2775599115303,-1,0.0,6.821210263296962e-13,0.003722666995599866,0.023398166988044977,0.00029004202224314213,0.027410876005887985,18106.267971570636,16527.69996267207,10,24,41,65,65,107641.97811493248,112544.21051027082,8945.487394169586,4743.416490252569,1443.081997260113,4902.232395338336,4838.28482005762,-1,0.0,0.0
seed_2026,203,2025-07-23,7,2,no_season,2026,86131.87503894934,86131.87503894934,443.2380568533795,130,10364.715488444519,0.0,0.0,56306.35349917963,54248.21870418503,2058.1347949945966,0,36831.573080298214,9,1.5324003091726432,1630.2775599115303,1685.7010213027877,-1,0.0,9.094947017729282e-13,0.0036011660704389215,0.024235416087321937,0.0002299170009791851,0.028066499158740044,19412.711785494866,17418.861294803344,10,28,37,65,63,92392.92588949422,97261.07804313835,8742.207803711135,4739.731079862873,1534.648878345759,4868.152153644123,4755.649809871975,-1,0.0,0.0
seed_2026,204,2025-07-24,7,2,no_season,2026,85505.01326061769,85505.01326061769,650.4698280486075,130,10610.328067016031,0.0,0.0,56794.90961631226,53969.66653855446,2825.2430777577947,0,34005.24806495679,9,1.4146164292838403,1685.7010213027877,1824.8269736528787,-1,0.0,9.094947017729282e-13,0.003702083951793611,0.02340541605371982,0.00023195799440145493,0.027339457999914885,17966.965543303526,16038.282521653266,10,27,37,64,61,96843.60084548529,101677.45201753269,8804.043962780557,4695.91653541788,1416.8853360398664,4833.851172047405,4750.219710345346,-1,0.0,0.0
seed_2026,205,2025-07-25,7,2,no_season,2026,50400.07104390478,50400.07104390478,107.47498399307347,30,21663.724612684953,0.0,0.0,30780.46037445612,30347.76521199653,432.69516245959244,0,22216.653969446146,5,0.9218432985695993,1824.8269736528787,2995.654013539775,-1,0.0,7.958078640513122e-13,0.0036712499568238854,0.023261875030584633,0.0003684170078486204,0.02730154199525714,12277.577908996196,9939.076060449954,6,36,22,58,44,55280.38246807913,60183.00715604436,7887.370890187777,2370.923565210727,925.6939153935896,4902.624687965233,4167.745522839444,-1,0.0,0.0
seed_2026,206,2025-07-26,7,2,no_season,2026,48874.4012324964,48874.4012324964,0.0,0,19452.19395327329,0.0,0.0,29563.74624933585,29563.74624933585,0.0,0,21668.811265536075,5,0.9020271815523684,2995.654013539775,2808.04595011764,-1,0.0,6.821210263296962e-13,0.003621749929152429,0.023261125083081424,0.00022687495220452547,0.02710974996443838,11310.963489046262,10357.847776489816,6,36,22,58,56,62923.53438149463,63583.47634531744,8233.07851592309,3368.9282252552057,902.8671360640031,4743.416490252569,4305.357439157307,-1,0.0,0.0
seed_2026,207,2025-07-27,7,2,no_season,2026,84427.80933692338,84427.80933692338,231.51721810441913,100,10033.19075881489,0.0,0.0,54454.901705358294,53431.806927347134,1023.0947780111602,0,37578.88567663877,9,1.565893757092097,2808.04595011764,1769.7167316588798,-1,0.0,9.094947017729282e-13,0.0037065419601276517,0.02352745900861919,0.00022662500850856304,0.027460625977255404,19259.915836425844,18318.96984021292,10,27,38,65,60,100503.6538717605,105196.18330538938,8894.309910633332,4690.078454099561,1565.7869031932821,4743.416490252569,4837.4214104773255,-1,0.0,0.0
seed_2026,208,2025-07-28,7,2,no_season,2026,86410.58294102884,86410.58294102884,445.1954908592852,160,6734.393706845479,0.0,0.0,56524.95691358906,54662.72851183729,1862.228401751773,0,37906.74289809713,9,1.5768820696180277,1769.7167316588798,1941.3704042318368,-1,0.0,9.094947017729282e-13,0.003697166917845607,0.023392708972096443,0.00021891598589718342,0.027308791875839233,20036.625194903223,17870.117703193904,10,28,42,70,67,105919.27798162645,110854.22267778304,8902.709594238087,4743.416490252569,1579.447620754047,4934.944696156586,4787.172625739029,-1,0.0,0.0
seed_2026,209,2025-07-29,7,2,no_season,2026,88667.95125187663,88667.95125187663,113.74295314487705,70,11227.909456593283,0.0,0.0,56703.5316943309,56099.88031380549,603.6513805254109,0,36059.89839291552,9,1.5013210328634632,1941.3704042318368,1527.4461136430632,-1,0.0,9.094947017729282e-13,0.0036322090309113264,0.023766375030390918,0.00026895792689174414,0.02766754198819399,18772.218595671868,17287.679797243654,10,27,45,72,70,103180.71864143846,107978.71348751892,8798.231075306385,4743.416490252569,1502.4957663714804,4797.994846080462,4838.28482005762,-1,0.0,0.0
seed_2026,210,2025-07-30,7,2,no_season,2026,86931.03342585247,86931.03342585247,180.74540274658222,70,10669.403886858636,0.0,0.0,55754.701320884276,54959.97088430748,794.7304365768027,0,35982.71435726029,9,1.496223883179942,1527.4461136430632,1973.3579686948724,-1,0.0,9.094947017729282e-13,0.004214707994833589,0.025876290979795158,0.0002485419390723109,0.030339540913701057,19160.91762450035,16821.79673275994,10,26,36,62,57,97501.84339848552,102387.90319069113,8670.06449276525,4743.416490252569,1499.2797648858452,4886.059792205604,4700.84351648104,-1,0.0,0.0
seed_2026,211,2025-07-31,7,2,no_season,2026,85553.48955736603,85553.48955736603,672.1619871911469,140,10010.992146779996,0.0,0.0,57245.52674144674,54128.745236938405,3116.781504508339,0,36276.02799943892,9,1.5102617980087538,1973.3579686948724,1583.2157303129607,-1,0.0,8.597567102697212e-13,0.00392362498678267,0.02557408402208239,0.0002542500151321292,0.029751959023997188,18897.845565274714,17378.182434164202,10,29,42,71,64,101745.8837520875,106657.79924317548,9163.689255253488,4743.416490252569,1511.5011666432883,4911.915491087992,4798.202671470693,-1,0.0,0.0
seed_2026,212,2025-08-01,8,2,no_season,2026,47582.6184292511,47582.6184292511,17.989003040791204,10,24251.13379649545,0.0,0.0,28349.606074964722,28311.496372022808,38.10970294191617,0,22165.43482003778,5,0.9202341033986707,1583.2157303129607,2516.020736461888,-1,0.0,5.684341886080801e-13,0.003946832963265479,0.025246875011362135,0.0002460830146446824,0.029439790989272296,12131.774394583777,10033.660425454003,6,34,23,57,47,59288.73910766515,64138.308640064846,8055.18022367456,3547.3789069239915,923.5597841682409,4849.569532399701,4272.442242246283,-1,0.0,0.0
seed_2026,213,2025-08-02,8,2,no_season,2026,43988.7752452563,43988.7752452563,192.73241373463875,80,22342.623854244368,0.0,0.0,26957.46071336689,26084.007322078523,873.4533912883612,0,21938.13096261124,5,0.9133550115215727,2516.020736461888,2272.904176107196,-1,0.0,7.958078640513122e-13,0.00396908400580287,0.025197000009939075,0.00023437500931322575,0.02940045902505517,11424.99491701224,10513.136045599002,6,39,24,63,38,52685.8323904149,52685.8323904149,8040.680359847554,3811.6499744366697,914.0887901088016,4743.416490252569,4269.919670998348,-1,0.0,0.0
seed_2026,214,2025-08-03,8,2,no_season,2026,77434.17716758847,77434.17716758847,441.2562185630901,180,14332.952177548375,0.0,0.0,50377.41249078953,48548.975367585015,1828.4371232045187,0,32301.98774958062,5,1.346240378806497,2272.904176107196,1274.416877533245,-1,0.0,9.094947017729282e-13,0.0038029589923098683,0.024865042068995535,0.00023487501312047243,0.028902876074425876,16502.49448742523,15799.493262155389,6,27,31,58,47,80546.09704202099,85460.8825694337,8636.443267345872,4427.188724235731,1345.9161562325257,4914.785527412712,4838.28482005762,-1,0.0,0.0
seed_2026,215,2025-08-04,8,2,no_season,2026,74644.96940825376,74644.96940825376,901.7107453313948,250,8011.338953635996,0.0,0.0,50188.834834212335,46614.3357490098,3574.4990852025426,0,34478.66922301882,7,1.4339502411363325,1274.416877533245,1579.859537090484,-1,0.0,9.094947017729282e-13,0.003953375038690865,0.024300542077980936,0.00023075006902217865,0.02848466718569398,18299.177669817316,16179.491553201502,8,33,33,66,61,84425.21034785292,89330.42871141343,8951.405075154058,4253.263452926471,1436.6112176257839,4905.2183635605115,4838.28482005762,-1,0.0,0.0
seed_2026,216,2025-08-05,8,2,no_season,2026,76160.33850275603,76160.33850275603,311.6475309423279,190,9290.839097932258,0.0,0.0,48980.03569734946,47804.35307506315,1175.682622286312,0,34855.85322221373,7,1.4498875603348635,1579.859537090484,1774.4478486796002,-1,0.0,6.536993168992922e-13,0.0037726250011473894,0.024504708009772003,0.00023404194507747889,0.02851137495599687,18442.345212323246,16413.50800989048,8,30,35,65,64,82536.65351361048,87373.47999139066,8942.328505205693,4262.524932421753,1452.3272175922384,4836.826477780174,4838.28482005762,-1,0.0,0.0
seed_2026,217,2025-08-06,8,2,no_season,2026,77223.43691521234,77223.43691521234,1465.494886979584,300,8797.382370822801,0.0,0.0,54152.561116138546,48283.02972717359,5869.531388964942,0,33428.99606754268,7,1.3909053747181155,1774.4478486796002,1792.2017746998117,-1,0.0,9.094947017729282e-13,0.0038266669725999236,0.0243989999871701,0.00023533403873443604,0.02846100099850446,17603.073116122567,15825.92295142011,8,27,34,61,61,86994.13287111069,91899.15535594274,8842.486982345365,4383.606256664883,1392.8748361476116,4905.022484832054,4780.196726532236,-1,0.0,0.0
seed_2026,218,2025-08-07,8,2,no_season,2026,77389.03618612008,77389.03618612008,491.07284894880445,220,12877.10790262818,0.0,0.0,50541.792818920134,48873.118646374016,1668.6741725461202,0,34675.908325542274,7,1.4432882124919537,1792.2017746998117,1581.8783418234552,-1,0.0,9.094947017729282e-13,0.003834750037640333,0.024486958049237728,0.00026166695170104504,0.028583375038579106,18145.462103991493,16530.44622155079,8,31,33,64,56,83131.65960452678,87609.41364015732,8664.286952430546,4393.984348824377,1444.8295135642613,4743.416490252569,4838.28482005762,-1,0.0,0.0
seed_2026,219,2025-08-08,8,2,no_season,2026,41590.37370059122,41590.37370059122,255.60472451714094,120,24625.223935514405,0.0,0.0,25168.86905645146,24155.48112990707,1013.3879265443908,0,24119.151649883457,5,1.0031849297664401,1581.8783418234552,1758.2770361653604,-1,0.0,9.094947017729282e-13,0.0040883750189095736,0.024625124991871417,0.0002347499830648303,0.02894824999384582,12782.367444738707,11336.784205144751,6,42,26,68,45,64984.591409937704,69842.61932982407,7534.447265268931,3422.6636636432186,1004.9646520784777,4858.027919886359,4224.037654385257,-1,0.0,0.0
seed_2026,220,2025-08-09,8,2,no_season,2026,40670.7109841683,40670.7109841683,402.46894978696264,170,20811.75513638235,0.0,0.0,25010.82042608869,23578.92274869669,1431.8976773920037,0,23692.75486767281,5,0.9856267093439622,1758.2770361653604,1850.914130642734,-1,0.0,5.684341886080801e-13,0.0036875830264762044,0.024669749895110726,0.00022666691802442074,0.02858399983961135,12516.125332622854,11176.629535049955,6,44,25,69,42,62708.40389130218,67399.4718084385,7708.475848957894,3585.6139442836234,987.1981194863672,4743.416490252569,4201.929999999999,-1,0.0,0.0
seed_2026,221,2025-08-10,8,2,no_season,2026,75882.87557830746,75882.87557830746,433.6840151330051,150,9439.891851862501,0.0,0.0,49263.01484707577,47553.90194846689,1709.112898608877,0,33183.77336192779,5,1.3811239888956304,1850.914130642734,1676.20628932422,-1,0.0,6.821210263296962e-13,0.003715874976478517,0.024138082982972264,0.00023091700859367847,0.02808487496804446,17377.911026752878,15805.862335174917,6,30,32,62,54,78635.76264461374,83373.39766504633,8967.554390898935,4149.574653200254,1382.6572234136581,4743.416490252569,4838.28482005762,-1,0.0,0.0
seed_2026,222,2025-08-11,8,2,no_season,2026,76601.04928509014,76601.04928509014,484.47925006551634,160,10946.399030669225,0.0,0.0,50219.08646481838,47839.44776830999,2379.6386965083857,0,35776.17407017345,7,1.4892778069257924,1676.20628932422,1370.7025015914714,-1,0.0,9.094947017729282e-13,0.0038742079632356763,0.023823834024369717,0.00022570800501853228,0.027923749992623925,18677.02512066328,17099.148949510178,8,31,37,68,59,83097.46348456194,87991.36461425957,8955.732583284318,4652.6810759019845,1490.6739195905607,4893.901129697627,4838.28482005762,-1,0.0,0.0
seed_2026,223,2025-08-12,8,2,no_season,2026,75325.68279542253,75325.68279542253,992.8039407134081,330,6688.419937294354,0.0,0.0,51519.17796145388,47135.95569028768,4383.222271166201,0,34183.97972242374,7,1.4222038344005348,1370.7025015914714,1441.1664861642766,-1,0.0,9.094947017729282e-13,0.0036269170232117176,0.02359833405353129,0.00023495801724493504,0.027460209093987942,18026.751435632654,16157.228286791078,8,30,37,67,63,79320.70059821599,84249.41073790078,9012.49133147988,4233.942564764279,1424.3324884343222,4928.710139684787,4838.28482005762,-1,0.0,0.0
seed_2026,224,2025-08-13,8,2,no_season,2026,76970.21866002472,76970.21866002472,438.9747791256564,210,9330.404553727065,0.0,0.0,50396.14304483777,48311.62612874765,2084.516916090117,0,34234.16685289392,7,1.4241039881762336,1441.1664861642766,1597.394198101458,-1,0.0,9.094947017729282e-13,0.003524333005771041,0.02337487495969981,0.00021787500008940697,0.027117082965560257,18095.98814415862,16138.178708735304,8,28,34,62,60,80284.50049392853,85083.78503110808,8770.161800197176,4618.103000569241,1426.42361887058,4799.284537179561,4838.28482005762,-1,0.0,0.0
seed_2026,225,2025-08-14,8,2,no_season,2026,75660.73193713828,75660.73193713828,1128.625788525366,310,8910.872855755015,0.0,0.0,52600.07230530435,47152.39508912405,5447.6772161802855,0,35950.78000173041,5,1.4957411400840759,1597.394198101458,1657.5251103639932,-1,0.0,7.958078640513122e-13,0.003711917088367045,0.023503792006522417,0.00022408401127904654,0.02743979310616851,18951.486944152854,16999.293057577554,6,28,33,61,51,78934.7611318815,83694.65816039524,8305.260483364422,4395.565947634049,1497.9491667387674,4759.897028513737,4838.28482005762,-1,0.0,0.0
seed_2026,226,2025-08-15,8,2,no_season,2026,41168.35206597904,41168.35206597904,420.7216716467036,180,23130.21464880435,0.0,0.0,25485.49962393129,23930.4312565806,1555.0683673506903,0,24360.26377874644,5,1.0135668223419567,1657.5251103639932,1674.5617824647304,-1,0.0,7.958078640513122e-13,0.0035534579074010253,0.023552499944344163,0.0002405000850558281,0.027346457936801016,12829.69799211725,11530.565786629195,6,41,25,66,40,63788.08157497112,68483.90508843497,7710.5876737937315,3587.514586635877,1015.0109907811018,4743.416490252569,4172.585112053199,-1,0.0,0.0
seed_2026,227,2025-08-16,8,2,no_season,2026,41099.379512129824,41099.379512129824,279.7803823896226,130,23289.082278032718,0.0,0.0,25236.33028836833,23775.71204487564,1460.6182434926886,0,23908.181202296044,5,0.9950076914605541,1674.5617824647304,1576.8983441222003,-1,0.0,6.821210263296962e-13,0.003650916973128915,0.023713125032372773,0.00022799998987466097,0.02759204199537635,12534.489226058051,11373.691976237991,6,43,25,68,44,73484.55396867079,78388.85587297594,7790.972862980432,3478.5054261852174,996.174216762335,4904.301904305142,4185.4702956235815,-1,0.0,0.0
seed_2026,228,2025-08-17,8,2,no_season,2026,72751.79639789888,72751.79639789888,760.4842416445431,300,8479.34530390922,0.0,0.0,49519.37388565861,46086.38831255243,3432.985573106189,0,34679.28412519722,5,1.4428745126929134,1576.8983441222003,1619.2733146122646,-1,0.0,7.958078640513122e-13,0.0035460840445011854,0.023335917037911713,0.0002306249225512147,0.027112626004964113,18273.412922082385,16405.87120311484,6,37,32,69,59,86641.83665623434,91531.36084707743,8450.978995597561,4501.216582019375,1444.9701718832175,4889.524190843096,4838.28482005762,-1,0.0,0.0
seed_2026,229,2025-08-18,8,2,no_season,2026,74598.25398212225,74598.25398212225,516.6700505653776,190,8708.7213882259,0.0,0.0,49135.06846707173,46960.22630111363,2174.8421659581027,0,35501.31611863947,7,1.4768559587806411,1619.2733146122646,1763.0693219348932,-1,0.0,9.094947017729282e-13,0.0035722500178962946,0.023833957966417074,0.00023337500169873238,0.0276395829860121,18756.701573217262,16744.614545422206,8,31,35,66,61,88034.51870992519,92736.77683981726,8324.637233358533,4382.187320165731,1479.2215049433112,4743.416490252569,4838.28482005762,-1,0.0,0.0
seed_2026,230,2025-08-19,8,2,no_season,2026,75528.17098441845,75528.17098441845,278.7715363894573,130,9729.358514463358,0.0,0.0,49087.00969554293,47893.156639180976,1193.8530563619665,0,32819.17093743301,7,1.3654985571683331,1763.0693219348932,1795.7137373254868,-1,0.0,8.242295734817162e-13,0.003645624965429306,0.023109209025278687,0.000253707985393703,0.027008541976101696,17289.547446888784,15529.623490544229,8,29,35,64,67,86136.50315421293,91113.48976090581,8755.50698439385,4108.85507871531,1367.4654557263757,4976.986606692884,4838.28482005762,-1,0.0,0.0
seed_2026,231,2025-08-20,8,2,no_season,2026,75179.72815467851,75179.72815467851,1757.1902955634205,340,4763.472406816578,0.0,0.0,56155.51805320349,47682.45019041572,8473.067862787766,0,37318.86179532022,7,1.553766723723528,1795.7137373254868,1353.7054689107858,-1,0.0,9.094947017729282e-13,0.0033107500057667494,0.024118041968904436,0.00025041704066097736,0.027679209015332162,19420.808386039454,17898.05340928076,8,39,38,77,74,99343.77862571398,104114.303821369,9012.49133147988,4674.484844011121,1554.9525748050094,4770.525195655022,4838.28482005762,-1,0.0,0.0
seed_2026,232,2025-08-21,8,2,no_season,2026,80076.48141195627,80076.48141195627,372.2383050481466,110,12645.85102915469,0.0,0.0,51758.17014009398,50467.42433243058,1290.7458076633911,0,31933.925852760745,9,1.3281261825397375,1353.7054689107858,1631.8081847430194,-1,0.0,9.094947017729282e-13,0.0037566249957308173,0.02468045800924301,0.00024512503296136856,0.028682208037935197,16946.188028638564,14987.737824122178,10,28,35,63,64,88518.26034154989,93189.08392843878,8874.724316128737,4701.404626577647,1330.5802438650308,4743.416490252569,4747.098100884096,-1,0.0,0.0
seed_2026,233,2025-08-22,8,2,no_season,2026,41660.9405852354,41660.9405852354,605.0944899796962,220,19819.707997936028,0.0,0.0,26732.164260238445,24153.306115854128,2578.8581443843145,0,24132.898466529274,5,1.0042632117204793,1631.8081847430194,1577.3378151080387,-1,0.0,4.547473508864641e-13,0.0035271249944344163,0.024356083013117313,0.00023041595704853535,0.028113623964600265,12674.328071904174,11458.5703946251,6,42,24,66,39,63289.1917055549,68147.66333777759,7810.825820615897,3415.2598729818496,1005.5374361053863,4858.47163222269,4269.0748412273115,-1,0.0,0.0
seed_2026,234,2025-08-23,8,2,no_season,2026,42326.073687458265,42326.073687458265,98.62564025178176,70,18368.868013935353,0.0,0.0,25130.00087023734,24756.78757137205,373.2132988652889,0,23933.970744572733,5,0.9952821362918784,1577.3378151080387,1843.849694126976,-1,0.0,9.094947017729282e-13,0.0036215001018717885,0.024182667024433613,0.00023741694167256355,0.028041584067977965,12729.897954173717,11204.07279039902,6,42,25,67,43,61416.27446035829,66303.01919263977,7718.478113148791,3321.0664452195274,997.248781023864,4886.744732281478,4155.8065,-1,0.0,0.0
seed_2026,235,2025-08-24,8,2,no_season,2026,76307.59442203352,76307.59442203352,464.20050905104097,220,11290.72757823276,0.0,0.0,50171.61073935655,48152.077392261664,2019.5333470948774,0,34871.20545087143,7,1.4511459968054174,1843.849694126976,1755.8790334517757,-1,0.0,6.821210263296962e-13,0.003831166075542569,0.0241663750493899,0.00023499992676079273,0.02823254105169326,18309.341660194947,16561.863790676478,8,30,37,67,61,85610.84149029317,90334.82454586022,8977.554730772332,4450.439091966609,1452.9668937863094,4743.416490252569,4772.34314106631,-1,0.0,0.0
seed_2026,236,2025-08-25,8,2,no_season,2026,75320.27462209822,75320.27462209822,543.152434198377,230,3278.412830764859,0.0,0.0,50089.54866665267,48024.668331689,2064.880334963692,0,36282.41114365655,7,1.5098863119316062,1755.8790334517757,1658.0700924156104,-1,0.0,9.094947017729282e-13,0.00360212498344481,0.024647332960739732,0.00023479200899600983,0.02848424995318055,19047.169176260813,17235.24196739574,8,39,40,79,77,99636.40648666973,104342.64070462644,8771.257294842328,4725.483960854074,1511.7671309856896,4743.416490252569,4838.28482005762,-1,0.0,0.0
seed_2026,237,2025-08-26,8,2,no_season,2026,79468.35617209639,79468.35617209639,159.89499646520727,70,12094.416552287024,0.0,0.0,50941.51964697765,50225.26662084566,716.2530261319914,0,35193.70733028928,7,1.4640366644935943,1658.0700924156104,1810.9978978042564,-1,0.0,9.094947017729282e-13,0.0036531249061226845,0.0242720830719918,0.0002412500325590372,0.028166458010673523,18599.36178161527,16594.345548674013,8,31,36,67,59,84286.12605721569,88978.5028015455,8684.792694011156,4695.079341227315,1466.404472095387,4743.416490252569,4838.28482005762,-1,0.0,0.0
seed_2026,238,2025-08-27,8,2,no_season,2026,77072.7423937801,77072.7423937801,272.3803208899397,120,7563.797750961302,0.0,0.0,50346.083532146644,49022.10422203924,1323.9793101074063,0,36858.62086254587,7,1.533807044560679,1810.9978978042564,1738.1456076044099,-1,0.0,9.094947017729282e-13,0.0038615419762209058,0.023672958952374756,0.0002252499107271433,0.027759750839322805,19362.89847979397,17495.722382751897,8,33,38,71,64,90614.49088093755,95604.57832413653,8923.866385858295,4483.826489560575,1535.7758692727446,4990.087443198978,4827.417062669977,-1,0.0,0.0
seed_2026,239,2025-08-28,8,2,no_season,2026,78472.78395591612,78472.78395591612,714.5860531015924,240,6522.726031490645,0.0,0.0,53305.821057558845,50005.961032016494,3299.8600255423535,0,35403.37529900914,7,1.4730224930906994,1738.1456076044099,1771.7055739272314,-1,0.0,8.526512829121202e-13,0.0033745000837370753,0.02355299994815141,0.00022591697052121162,0.027153417002409697,18650.11214660144,16753.263152407697,8,32,37,69,64,92848.13501610438,97666.52526685184,8888.937492229978,4649.5291779225245,1475.140637458714,4818.390250747459,4838.28482005762,-1,0.0,0.0
seed_2026,240,2025-08-29,8,2,no_season,2026,42832.82754646533,42832.82754646533,290.0866626387882,120,18933.533075283976,0.0,0.0,26662.92995668148,25334.79279235268,1328.1371643287976,0,25530.03314894069,5,1.061639129288205,1771.7055739272314,2062.583560025602,-1,0.0,5.684341886080801e-13,0.003487291978672147,0.023635415942408144,0.0002276659943163395,0.02735037391539663,13582.096966380412,11947.936182560275,6,42,26,68,46,66881.48369669411,71803.84984990107,7855.5971338069685,3569.777142772989,1063.751381205862,4922.366153206973,4137.567730552297,-1,0.0,0.0
seed_2026,241,2025-08-30,8,2,no_season,2026,43409.44979849709,43409.44979849709,109.29479661699804,90,24132.51386310465,0.0,0.0,25897.983984647362,25477.59014285649,420.39384179087557,0,23214.572553801052,5,0.9666981078936256,2062.583560025602,1713.7914239906183,-1,0.0,7.958078640513122e-13,0.00351825007237494,0.024331167107447982,0.0002282080240547657,0.028077625203877687,12044.041726238578,11170.530827562472,6,38,25,63,49,95058.04458697565,100038.10342173636,7301.077390252569,3613.533281209951,967.273856408377,4980.05883476071,4178.962380170911,-1,0.0,0.0
seed_2026,242,2025-08-31,8,2,no_season,2026,75473.69050536392,75473.69050536392,426.2658035476985,150,7467.869554220048,0.0,0.0,49583.20952498937,47990.05683324803,1593.1526917413416,0,36564.706754437975,7,1.5217230688904138,1713.7914239906183,1574.6039309643056,-1,0.0,9.094947017729282e-13,0.0036341670202091336,0.02336287498474121,0.00022862502373754978,0.027225667028687894,19175.0852128981,17389.621541539876,8,36,35,71,68,91718.73096558682,96691.15059788134,8827.66973608791,4026.946354910406,1523.5294481015821,4972.419632294522,4838.28482005762,-1,0.0,0.0
seed_2026,243,2025-09-01,9,2,no_season,2026,78809.88831063462,78809.88831063462,0.0,0,21764.611921789994,0.0,0.0,50184.203613006044,50184.203613006044,0.0,0,30155.031949272146,5,1.250580818942455,1574.6039309643056,3461.253742287135,-1,0.0,9.094947017729282e-13,0.0034688340965658426,0.023296125000342727,0.0002335000317543745,0.026998459128662944,16813.086902391722,13341.945046880426,6,25,30,55,56,78605.43463650726,83509.46997029516,8550.133309510447,4015.5799409859624,1256.459664553006,4904.03533378791,4090.1464461589408,-1,0.0,0.0
seed_2026,244,2025-09-02,9,2,no_season,2026,75663.34374737777,75663.34374737777,51.9643271955004,30,20204.426278749044,0.0,0.0,48496.936839633614,48296.15716118638,200.77967844723398,0,33252.047069108565,5,1.3842338324394365,3461.253742287135,3163.85975896078,-1,0.0,5.684341886080801e-13,0.0034569590352475643,0.02405658399220556,0.00025420798920094967,0.027767751016654074,17352.58650746639,15899.460561642178,6,23,35,58,51,79996.5626754779,84985.0320160915,8176.921472865878,4694.946831140649,1385.501961212857,4988.469340613608,4269.0748412273115,-1,0.0,0.0
seed_2026,245,2025-09-03,9,2,no_season,2026,75838.19561756449,75838.19561756449,0.0,0,18455.5986399947,0.0,0.0,48367.439008825306,48367.439008825306,0.0,0,28214.855175241173,7,1.1732211935651984,3163.85975896078,3514.2327265383565,-1,0.0,7.887024366937112e-13,0.0038085829000920057,0.024070166051387787,0.00021570792887359858,0.02809445688035339,15024.867451405482,13189.98772383569,8,25,30,55,57,83823.76395542212,88795.75139941755,8047.366269221014,4715.593091227313,1175.6189656350487,4971.987443995422,4465.1825,-1,0.0,0.0
seed_2026,246,2025-09-04,9,2,no_season,2026,76146.97297584295,76146.97297584295,20.20230868811325,10,20778.02373349942,0.0,0.0,49029.2322634179,48948.70586098709,80.52640243081942,0,31288.716194236033,7,1.3022918688725313,3514.2327265383565,3330.7899389512204,-1,0.0,9.094947017729282e-13,0.003417750005610287,0.023257749970071018,0.0002170410007238388,0.026892540976405144,16376.151097633836,14912.565096602195,8,28,34,62,58,82555.74571814202,87525.37430806036,8218.194760059412,4649.486489954388,1303.696508093168,4969.628589918347,4361.1289,-1,0.0,0.0
seed_2026,247,2025-09-05,9,2,no_season,2026,42560.35268988165,42560.35268988165,0.0,0,34382.41473094747,0.0,0.0,25681.756402015468,25681.756402015464,0.0,0,20996.449286613366,5,0.8730935747349045,3330.7899389512204,3579.7349913293706,-1,0.0,7.958078640513122e-13,0.0032614580122753978,0.02243658306542784,0.00022250006441026926,0.025920541142113507,11175.062789440439,9821.38649717293,6,38,23,61,39,53409.33793813047,56376.88292609206,7296.3177902525695,3032.747042860919,874.8520536088904,4743.416490252569,3453.817602879429,-1,0.0,0.0
seed_2026,248,2025-09-06,9,2,no_season,2026,41398.29423911959,41398.29423911959,2.593849999999975,10,32258.993217402865,0.0,0.0,24817.641532237314,24808.694046662313,8.947485574999913,0,20757.2582422255,5,0.8629660187925973,3579.7349913293706,3908.514576318973,-1,0.0,8.810729923425242e-13,0.003384167095646262,0.02426237496547401,0.0002247079974040389,0.02787125005852431,11089.034706971113,9668.223535254387,6,39,25,64,38,48959.982082530376,48959.982082530376,7425.208927121201,2889.855609765427,864.8857600927291,4743.416490252569,3363.626100312147,-1,0.0,0.0
seed_2026,249,2025-09-07,9,2,no_season,2026,74561.92131978864,74561.92131978864,0.0,0,18677.545658400402,0.0,0.0,47934.47495335378,47934.47495335379,0.0,0,29808.189504412563,7,1.2417039176409155,3908.514576318973,3262.158691277898,-1,0.0,9.094947017729282e-13,0.003423666930757463,0.023166958009824157,0.0002186250640079379,0.026809250004589558,15365.790774567073,14442.398729845489,8,25,31,56,54,91125.05045051684,95814.61603181083,7977.88527536945,4743.416490252569,1242.00789601719,4743.416490252569,4265.743093118868,-1,0.0,0.0
seed_2026,250,2025-09-08,9,2,no_season,2026,63079.52797436014,63079.52797436014,1169.342268867129,280,4619.081238212967,0.0,0.0,43957.086006683225,39110.160569517044,4846.925437166177,0,32340.789901038675,5,1.3488888360457967,3262.158691277898,1792.193951916839,-1,0.0,9.094947017729282e-13,0.003580459044314921,0.024282291065901518,0.0002305000089108944,0.028093250119127333,16287.504686359822,16053.28521467885,6,26,35,61,63,89777.29167044326,94760.0376111027,8604.012024982836,4743.416490252569,1347.5329125432781,4982.745940659444,4780.447262932442,-1,0.0,0.0
seed_2026,251,2025-09-09,9,2,no_season,2026,68971.55565391749,68971.55565391749,122.63156166554722,80,14141.478793580332,0.0,0.0,43604.01121853916,42942.72104444595,661.2901740932037,0,33462.683976556305,7,1.392151281988116,1792.193951916839,1880.9972953661509,-1,0.0,9.094947017729282e-13,0.0034761669812723994,0.023757916991598904,0.0002307079266756773,0.02746479189954698,17656.279065946164,15806.404910610137,8,28,32,60,57,89130.54447277005,93923.33074595778,7923.486074707391,4669.4543847701325,1394.2784990231792,4792.786273187729,4838.28482005762,-1,0.0,0.0
seed_2026,252,2025-09-10,9,2,no_season,2026,67175.48815692552,67175.48815692552,911.4631022344402,220,5435.797436455703,0.0,0.0,46602.971926124446,41914.67710319411,4688.294822930342,0,37056.07805676488,7,1.5432141785134736,1880.9972953661509,1264.9787674020513,-1,0.0,9.094947017729282e-13,0.003515999997034669,0.02333533309865743,0.0002222080947831273,0.027073541190475225,19195.616614734572,17860.461442030315,8,39,38,77,75,93704.09719845795,98567.69734540331,8041.792947874478,4071.4105732364,1544.0032523652035,4863.600146945368,4838.28482005762,-1,0.0,0.0
seed_2026,253,2025-09-11,9,2,no_season,2026,69871.52600449277,69871.52600449277,269.6844090612318,100,14198.578362302263,0.0,0.0,44557.668589105284,43257.931842004844,1299.7367471004377,0,34752.082542997174,7,1.4446404809189552,1264.9787674020513,1883.3250886433652,-1,0.0,7.958078640513122e-13,0.0036953750532120466,0.02320824994239956,0.00022754189558327198,0.02713116689119488,18599.314405457782,16152.768137539391,8,27,32,59,52,86917.78532796977,91753.79306553552,8064.676113371179,4743.416490252569,1448.0034392915488,4836.007737565738,4838.28482005762,-1,0.0,0.0
seed_2026,254,2025-09-12,9,2,no_season,2026,34044.71743260456,34044.71743260456,197.41284556440544,80,20986.163552436934,0.0,0.0,19862.48700448274,19105.03146335906,757.4555411236812,0,24608.649021526933,5,1.023040789447757,1883.3250886433652,2293.0113866605843,-1,0.0,9.094947017729282e-13,0.003586707985959947,0.023557791020721197,0.00023024994879961014,0.027374748955480754,13156.47977362948,11452.169247897451,6,45,28,73,53,81881.13172258504,86730.00961217436,7333.718121178842,3478.5054261852174,1025.3603758969557,4848.877889589317,3464.468489564845,-1,0.0,0.0
seed_2026,255,2025-09-13,9,2,no_season,2026,34397.36683942905,34397.36683942905,85.33834637973192,80,25334.001712018275,0.0,0.0,19441.21792344089,19100.412432531426,340.80549090946596,0,24151.070328702375,5,1.0051842713551258,2293.0113866605843,2163.3246663887835,-1,0.0,5.400124791776761e-13,0.003300333977676928,0.023519999929703772,0.00021745904814451933,0.02703779295552522,12646.336159579774,11504.734169122603,6,35,29,64,45,58583.17336812637,63335.45326500105,7243.894310477686,3148.415309838739,1006.2945970292658,4752.279896874678,3350.3755087048075,-1,0.0,0.0
seed_2026,256,2025-09-14,9,2,no_season,2026,65878.71823841895,65878.71823841895,522.3554214333303,250,4937.699909424571,0.0,0.0,43087.92569873529,40876.0872581592,2211.8384405761035,0,35160.16421568686,9,1.46404467571793,2163.3246663887835,1676.1635017222006,-1,0.0,9.094947017729282e-13,0.003418165957555175,0.024079542024992406,0.0002297920873388648,0.027727500069886446,18262.106608057285,16898.05760762958,10,37,33,70,71,91546.82332146924,96522.19498803775,7809.704297670809,4673.050079186209,1465.0068423202858,4975.371666568513,4838.28482005762,-1,0.0,0.0
seed_2026,257,2025-09-15,9,2,no_season,2026,67968.95037820953,67968.95037820953,176.07083305047524,130,11391.435193094692,0.0,0.0,42852.563508156665,42072.34350909163,780.2199990650349,0,36348.2670546608,9,1.5129094364908917,1676.1635017222006,1449.337818604507,-1,0.0,9.094947017729282e-13,0.0035773750860244036,0.023327458067797124,0.00022912502754479647,0.027133958181366324,19017.411219746395,17330.855834914408,10,29,33,62,59,91490.09984323502,96375.75459479346,8048.4300043116955,4711.793713650887,1514.5111272775334,4885.654751558446,4838.28482005762,-1,0.0,0.0
seed_2026,258,2025-09-16,9,2,no_season,2026,68551.98935182721,68551.98935182721,188.69986551796666,100,7195.838061543404,0.0,0.0,43439.228870730796,42627.80301312366,811.4258576071418,0,35674.414458186395,7,1.4839883756995096,1449.337818604507,1625.0617838922726,-1,0.0,9.094947017729282e-13,0.0033970000222325325,0.02349520893767476,0.00021883402951061726,0.02711104298941791,18863.747815327424,16810.66664285897,8,33,34,67,68,92123.24900764931,96869.1738403225,7604.745294467561,4521.894435187132,1486.4339357577662,4745.924832673196,4838.28482005762,-1,0.0,0.0
seed_2026,259,2025-09-17,9,2,no_season,2026,67052.92509655285,67052.92509655285,320.6700173138964,180,5322.250173566026,0.0,0.0,42881.0654397737,41518.775781857934,1362.289657915766,0,37367.34920701654,7,1.5545414581620673,1625.0617838922726,1749.7585643436037,-1,0.0,7.958078640513122e-13,0.003422957961447537,0.023377459030598402,0.00021979096345603466,0.027020207955501974,19729.287873658628,17638.06133335791,8,37,35,72,69,87068.3447333423,91969.4843509587,7969.389600851197,4554.2346068601655,1556.972883625689,4901.139617616404,4838.28482005762,-1,0.0,0.0
seed_2026,260,2025-09-18,9,2,no_season,2026,67265.81308763871,67265.81308763871,229.8374156128374,130,6906.0513687005405,0.0,0.0,42995.27950894287,41773.60325696067,1221.6762519821966,0,37024.12881398383,9,1.541225833940086,1749.7585643436037,1434.2309016091745,-1,0.0,6.821210263296962e-13,0.0033349579898640513,0.023724916973151267,0.00022891699336469173,0.02728879195638001,19328.838415934086,17695.290398049743,10,29,34,63,58,95820.02837819164,100564.97184160938,8410.044923987993,4724.67469235006,1542.672033915993,4744.94346341775,4838.28482005762,-1,0.0,0.0
seed_2026,261,2025-09-19,9,2,no_season,2026,34701.07787568689,34701.07787568689,214.72238686014296,120,16806.278403296234,0.0,0.0,19866.902711052207,19122.520695455398,744.3820155968083,0,25829.758232303564,5,1.073323674585673,1434.2309016091745,2083.839843925485,-1,0.0,9.094947017729282e-13,0.003447209019213915,0.0234935840126127,0.0002354169264435768,0.027176209958270192,13918.963887443846,11910.794344859718,6,43,31,74,51,71904.68176968444,76747.83079506161,7371.417590252569,3478.5054261852174,1076.239926345982,4843.149025377179,3138.0699999999997,-1,0.0,0.0
seed_2026,262,2025-09-20,9,2,no_season,2026,34097.29878548416,34097.29878548416,230.6879354461631,160,17647.74161680808,0.0,0.0,19921.982764807268,18912.348911859048,1009.6338529482179,0,25992.780944344653,5,1.0822632352310717,2083.839843925485,1750.1476142653971,-1,0.0,9.094947017729282e-13,0.0037294579669833183,0.02279366599395871,0.00023737503215670586,0.026760498993098736,13513.796157566785,12478.984786777866,6,40,32,72,51,66782.79383870287,71628.41613003399,7292.783490252569,3413.8622271865315,1083.032539347694,4845.622291331114,3222.640104537386,-1,0.0,0.0
seed_2026,263,2025-09-21,9,2,no_season,2026,68901.43769139043,68901.43769139043,236.36481391004082,190,9294.490321681473,0.0,0.0,44173.23271040754,42965.02941523455,1208.2032951729761,0,33941.62234494043,9,1.4127804847509802,1750.1476142653971,1519.2511154804365,-1,0.0,9.094947017729282e-13,0.0033922919537872076,0.02284650004003197,0.00022212497424334288,0.02646091696806252,17748.72352261305,16192.898822327377,10,31,29,60,61,94174.64775641156,98917.13065207656,7937.565995378334,4685.508446264129,1414.2342643725178,4743.416490252569,4838.28482005762,-1,0.0,0.0
seed_2026,264,2025-09-22,9,2,no_season,2026,65747.16589258387,65747.16589258387,908.8736729268028,340,3949.978571977476,0.0,0.0,44211.09653612325,40595.49385589252,3615.602680230734,0,37185.05456194128,7,1.546933516991025,1519.2511154804365,1654.3713677882693,-1,0.0,6.821210263296962e-13,0.003143375040963292,0.022054333006963134,0.00021304201800376177,0.025410750065930188,19638.547836070575,17546.506725870706,8,33,34,67,66,82025.34319825927,86963.23270969446,7283.2915519056805,4421.006721755667,1549.3772734142199,4937.889511435194,4838.28482005762,-1,0.0,0.0
seed_2026,265,2025-09-23,9,2,no_season,2026,69362.00945465517,69362.00945465517,219.5618417916272,130,5404.708622186046,0.0,0.0,44443.253725103255,43437.135319462315,1006.1184056409429,0,37676.64198131926,9,1.5675145752472264,1654.3713677882693,1731.7445411812341,-1,0.0,9.094947017729282e-13,0.0034840840380638838,0.022379792062565684,0.00021333293989300728,0.026077209040522575,19868.444536123337,17808.19744519593,10,33,36,69,67,90732.23757583686,95448.00710868699,7452.3710660755005,4324.5068210579775,1569.8600825549693,4743.416490252569,4838.28482005762,-1,0.0,0.0
seed_2026,266,2025-09-24,9,2,no_season,2026,70282.87245105859,70282.87245105859,240.0694150013423,140,7494.011795106493,0.0,0.0,44808.695651565475,43631.91497697263,1176.7806745928435,0,38107.794001964154,7,1.5857117933662208,1731.7445411812341,1691.7206704432615,-1,0.0,9.094947017729282e-13,0.0032653750386089087,0.024024375015869737,0.0002221670001745224,0.027511917054653168,20036.74948645879,18071.04451550536,8,28,33,61,60,88931.66116020893,93790.53530965891,7576.664767553913,4711.793713650887,1587.8247500818397,4858.874149449984,4838.28482005762,-1,0.0,0.0
seed_2026,267,2025-09-25,9,2,no_season,2026,68476.14267934066,68476.14267934066,576.9348934802215,260,6599.707161622027,0.0,0.0,45371.60093051735,42955.543491351724,2416.0574391656205,0,35920.12071803499,9,1.4940979546984867,1691.7206704432615,1919.4251110938617,-1,0.0,9.094947017729282e-13,0.0036207499215379357,0.02322633401490748,0.00021904194727540016,0.027066125883720815,19019.02111461692,16901.09960341807,10,32,32,64,65,97699.38290374917,102495.16247179863,7260.4573905775715,4552.543225208087,1496.6716965847913,4795.779568049461,4838.28482005762,-1,0.0,0.0
seed_2026,268,2025-09-26,9,2,no_season,2026,35262.0649216978,35262.0649216978,82.8901364188207,50,16134.141538685186,0.0,0.0,19901.038731309345,19561.12205374652,339.91667756282334,0,25749.592021981938,5,1.0710583452008164,1919.4251110938617,2080.977356902033,-1,0.0,6.821210263296962e-13,0.003533374983817339,0.023595000035129488,0.00022404210176318884,0.027352417120710015,13633.081020706684,12116.511001275252,6,40,30,70,58,77932.42433189257,82869.21339844516,7368.601390252569,3478.5054261852174,1072.8996675825806,4936.789066552592,3202.4753,-1,0.0,0.0
seed_2026,269,2025-09-27,9,2,no_season,2026,34505.59786631906,34505.59786631906,617.6032225211655,260,16194.008592337112,0.0,0.0,21670.178405973063,19113.00983936805,2557.168566605014,0,26267.954670623236,5,1.0935403168761695,2080.977356902033,1825.9902607338029,-1,0.0,5.684341886080801e-13,0.0035539589589461684,0.02361666690558195,0.00023054098710417747,0.027401166851632297,13697.922458563178,12570.032212060058,6,32,30,62,43,55826.18128252112,60689.9075313858,7176.770738254496,2936.796786290209,1094.498111275968,4863.726248864683,3262.4974,-1,0.0,0.0
seed_2026,270,2025-09-28,9,2,no_season,2026,69687.7574716312,69687.7574716312,821.9756512411934,250,5135.858660204549,0.0,0.0,47222.45008581096,43495.029723922315,3727.420361888644,0,38488.13416983053,7,1.6017557910475042,1825.9902607338029,1686.350743981871,-1,0.0,9.094947017729282e-13,0.0035171250347048044,0.023665459011681378,0.00022754096426069736,0.02741012501064688,20187.189732915856,18300.944436914677,8,38,37,75,70,88464.14851237452,93359.41592684302,7810.825820615897,4432.13253820599,1603.6722570762722,4895.267414468495,4838.28482005762,-1,0.0,0.0
seed_2026,271,2025-09-29,9,2,no_season,2026,70836.19164042477,70836.19164042477,483.60644132663697,240,6702.431918822123,0.0,0.0,46224.332934799626,44289.56530405642,1934.7676307432052,0,37481.343865648436,9,1.559811153398939,1686.350743981871,1570.9630706407752,-1,0.0,9.094947017729282e-13,0.0036949579371139407,0.0237270831130445,0.00023379200138151646,0.027655833051539958,19669.409214288862,17811.934651359577,10,31,37,68,63,95213.20299794833,100042.944962969,7209.993065183906,4743.416490252569,1561.722661068685,4829.741965020666,4838.28482005762,-1,0.0,0.0
seed_2026,272,2025-09-30,9,2,no_season,2026,71052.71439614228,71052.71439614228,471.18441398418815,310,3824.9752544043245,0.0,0.0,46679.59039726469,44773.87286014468,1905.7175371200253,0,39036.11636491505,9,1.6237625165667593,1570.9630706407752,1793.4878392234518,-1,0.0,9.094947017729282e-13,0.0034764999290928245,0.024102042079903185,0.00023870798759162426,0.027817249996587634,20656.43257698526,18379.683787929793,10,34,37,71,67,100009.11473278515,104730.37378966402,7531.740058218893,4741.050645643383,1626.5048485381271,4743.416490252569,4838.28482005762,-1,0.0,0.0
seed_2026,273,2025-10-01,10,2,no_season,2026,71869.2106260042,71869.2106260042,64.06352505821826,60,19645.809364556062,0.0,0.0,45186.34734661642,45020.824520838054,165.52282577836715,0,32604.205407706733,9,1.3546274275638406,1793.4878392234518,2704.6832001045964,-1,0.0,9.094947017729282e-13,0.0035359589383006096,0.023577957996167243,0.00023687502834945917,0.02735079196281731,17615.07433043989,14989.131077266844,10,26,31,57,52,92617.30733306894,97401.91034440772,7442.993265242007,4743.416490252569,1358.5085586544474,4784.603011338775,4838.28482005762,-1,0.0,0.0
seed_2026,274,2025-10-02,10,2,no_season,2026,63122.74806737485,63122.74806737485,324.7161512643862,170,10149.961094839764,0.0,0.0,40342.943305090506,39005.72593241834,1337.217372672161,0,36124.91752497574,5,1.5038534513542836,2704.6832001045964,2369.6273704870573,-1,0.0,9.094947017729282e-13,0.0035929169971495867,0.022651416016742587,0.00022220902610570192,0.026466542039997876,18845.818766054275,17279.098758921467,6,36,35,71,62,86105.54777611521,90809.01399670955,7080.489460702524,4522.597707578221,1505.2048968739894,4743.416490252569,4838.28482005762,-1,0.0,0.0
seed_2026,275,2025-10-03,10,2,no_season,2026,30537.24875863722,30537.24875863722,166.27448521980355,120,21484.475136819554,0.0,0.0,17042.844150757053,16411.73687166591,631.1072790911442,0,24733.918491430984,5,1.0289317087627696,2369.6273704870573,2469.8755379307972,-1,0.0,9.094947017729282e-13,0.003441666020080447,0.02319829200860113,0.0002264160430058837,0.02686637407168746,13067.906449234226,11666.012042196757,6,48,32,80,48,59021.633314979736,63957.14318081101,7514.153390252569,3446.8826495835356,1030.5799371429575,4935.509865831268,2992.0539,-1,0.0,0.0
seed_2026,276,2025-10-04,10,2,no_season,2026,31831.29056568317,31831.29056568317,300.12285910804013,140,17354.853356543124,0.0,0.0,18571.538151201374,17502.41209766351,1069.126053537863,0,25096.306852037706,5,1.043440185136521,2469.8755379307972,2830.094181253988,-1,0.0,9.094947017729282e-13,0.0034703330602496862,0.023371207993477583,0.00020754104480147362,0.027049082098528743,13388.44224347623,11707.864608561476,6,46,31,77,54,71838.63044737832,76772.57076448295,7243.733839033006,3478.5054261852174,1045.6794521682377,4933.940317104629,2846.049894151541,-1,0.0,0.0
seed_2026,277,2025-10-05,10,2,no_season,2026,66387.75114254814,66387.75114254814,218.95309489739958,120,10332.487553641495,0.0,0.0,42066.80896412346,41365.95723117211,700.8517329513511,0,34643.451571391335,7,1.442102538303945,2830.094181253988,2544.614566670699,-1,0.0,9.094947017729282e-13,0.003397374995984137,0.02292408305220306,0.00023245892953127623,0.026553916977718472,18090.853594264354,16552.59797712698,8,29,32,61,56,90275.72873126692,95145.04067337525,7305.7575958331145,4741.514785264234,1443.4771488079723,4933.748804413659,4838.28482005762,-1,0.0,0.0
seed_2026,278,2025-10-06,10,2,no_season,2026,66886.33362102933,66886.33362102933,113.43945907215863,90,7496.1067437160145,0.0,0.0,42115.934426760745,41678.49960578597,437.4348209747818,0,35434.19086608565,9,1.474585597456255,2544.614566670699,2450.0832184089886,-1,0.0,9.094947017729282e-13,0.003562083002179861,0.022560874931514263,0.00029937492217868567,0.02642233285587281,18602.37397623556,16831.816889850088,10,31,34,65,59,83059.08972896726,87836.56669023498,6928.817221826348,4711.28986138729,1476.4246194202353,4777.476961267719,4653.445649083722,-1,0.0,0.0
seed_2026,279,2025-10-07,10,2,no_season,2026,67343.68786742786,67343.68786742786,100.23401258660621,140,7597.756740089376,0.0,0.0,42347.048252475586,41968.86272883188,378.1855236437052,0,37198.21673276152,9,1.5475209983814797,2450.0832184089886,2567.046589134261,-1,0.0,9.094947017729282e-13,0.003898542025126517,0.0232111249351874,0.0002245419891551137,0.02733420894946903,19636.409436343303,17561.807296418214,10,32,34,66,61,89128.03283315261,93870.92300397386,6809.629568110214,4427.188724235731,1549.9256971983964,4743.416490252569,4838.28482005762,-1,0.0,0.0
seed_2026,280,2025-10-08,10,2,no_season,2026,64534.86360616982,64534.86360616982,495.78176928943543,210,7399.444678020427,0.0,0.0,41612.18161540547,39416.41200495028,2195.7696104551796,0,36420.28018116638,7,1.5170864973041407,2567.046589134261,1801.8341822999232,-1,0.0,9.094947017729282e-13,0.0034341660793870687,0.02446470793802291,0.00022916600573807955,0.02812804002314806,18786.49260596927,17633.78757519711,8,31,33,64,63,87877.20913407905,92829.04129434578,7013.968922977009,4608.00962375648,1517.5116742152659,4951.832160266722,4838.28482005762,-1,0.0,0.0
seed_2026,281,2025-10-09,10,2,no_season,2026,62532.951199759846,62532.951199759846,834.7713096918819,320,5905.551512345736,0.0,0.0,41451.370808862346,37739.945137659975,3711.4256712023634,0,38102.957430871174,7,1.5860886771454874,1801.8341822999232,1498.1838239016006,-1,0.0,9.094947017729282e-13,0.0035468749701976776,0.023662041989155114,0.00023012503515928984,0.02743904199451208,19902.573372321913,18200.38405854926,8,37,33,70,68,86528.86052784065,91260.67663066977,7069.0341339228235,4249.681292100169,1587.6232262862989,4743.416490252569,4838.28482005762,-1,0.0,0.0
seed_2026,282,2025-10-10,10,2,no_season,2026,30086.70747385799,30086.70747385799,664.4133082291221,330,19832.30176762311,0.0,0.0,17688.585575258396,15608.555232027189,2080.0303432312066,0,27421.614488782892,5,1.1406938706882954,1498.1838239016006,1630.3322118050723,-1,0.0,6.252776074688882e-13,0.0034857080318033695,0.022922416916117072,0.00023454101756215096,0.026642665965482593,14498.411293290113,12923.203195492779,6,45,34,79,49,52940.43157890848,57463.29329163482,7472.339790252569,2524.5127245160734,1142.5672703659538,4743.416490252569,2846.353378311453,-1,0.0,0.0
seed_2026,283,2025-10-11,10,2,no_season,2026,32527.111649999395,32527.111649999395,14.660889238243612,30,16836.492416964596,0.0,0.0,17103.60870933011,17043.538241469723,60.07046786038652,0,27898.805233852625,5,1.1605522402959512,1630.3322118050723,1761.121855256222,-1,0.0,7.389644451905042e-13,0.0035980830434709787,0.022869291016831994,0.0002495829248800874,0.02671695698518306,14748.885886396167,13149.91934745646,6,45,33,78,57,70340.06507572415,75207.8715804442,7359.282990252569,3478.5054261852174,1162.4502180771929,4867.806504720055,2846.049894151541,-1,0.0,0.0
seed_2026,284,2025-10-12,10,2,no_season,2026,64516.994329360576,64516.994329360576,416.68198043698857,260,4755.930241620235,0.0,0.0,41043.57978420629,39190.40587971661,1853.1739044896785,0,38475.9743013118,9,1.601739140138831,1761.121855256222,1398.3578694550583,-1,0.0,9.094947017729282e-13,0.003395332954823971,0.022850124980323017,0.0002871250035241246,0.026532582938671112,20069.382193077898,18406.592108233905,10,34,35,69,67,103686.85652454651,108676.15999198316,7212.610690252569,4743.416490252569,1603.1655958879917,4989.303467436653,4838.28482005762,-1,0.0,0.0
seed_2026,285,2025-10-13,10,2,no_season,2026,65338.591904648565,65338.591904648565,280.98315527827293,200,6341.267828120975,0.0,0.0,40798.974916745894,39689.108699955956,1109.866216789947,0,39171.11729201142,9,1.629452100745792,1398.3578694550583,1587.8947475517891,-1,0.0,9.094947017729282e-13,0.0036089170025661588,0.0231778749730438,0.00022675003856420517,0.027013542014174163,20711.014611908642,18460.102680102773,10,37,36,73,71,86728.70367261884,91482.50590834611,6987.277316923756,4355.905206076264,1632.1298871671422,4753.8022357272675,4811.409921474127,-1,0.0,0.0
seed_2026,286,2025-10-14,10,2,no_season,2026,65176.62039244208,65176.62039244208,993.3882753640185,420,3380.0651295879743,0.0,0.0,43521.497706341324,39608.10767578219,3913.3900305591333,0,40256.75436173,9,1.6752653831403759,1587.8947475517891,1485.0899694489494,-1,0.0,7.958078640513122e-13,0.003444041940383613,0.022625333978794515,0.00022979103960096836,0.026299166958779097,21136.434308307398,19120.32005342261,10,40,36,76,70,99688.7306468065,104508.70747583442,7209.993065183906,4413.089401812159,1677.3647650720839,4819.976829027921,4838.28482005762,-1,0.0,0.0
seed_2026,287,2025-10-15,10,2,no_season,2026,67316.90306992283,67316.90306992283,279.93165728985036,150,3340.675716556826,0.0,0.0,42549.26960400387,41285.47647072078,1263.7931332830967,0,38907.84540301985,9,1.6182800607497962,1485.0899694489494,1773.8442070696515,-1,0.0,9.094947017729282e-13,0.0034019160084426403,0.022423290996812284,0.0002324579982087016,0.026057665003463626,20621.99038183785,18285.855021181993,10,38,35,73,75,91784.39848737046,96622.11429067106,7437.153768312106,4663.595840000003,1621.1602251258269,4837.7158033006,4731.916833535575,-1,0.0,0.0
seed_2026,288,2025-10-16,10,2,no_season,2026,66048.65075654033,66048.65075654033,1651.46720661019,370,2902.66075042721,0.0,0.0,47130.653697824644,40354.52918665855,6776.124511166094,0,40387.12926216489,9,1.6811117605745325,1773.8442070696515,1478.7811295428064,-1,0.0,7.958078640513122e-13,0.003591500106267631,0.02233545808121562,0.00030220800545066595,0.026229166192933917,21109.0567624441,19278.07249972079,10,35,39,74,70,102437.18068226555,107346.02093185337,7292.548016722253,4743.416490252569,1682.797052590204,4908.840249587832,4789.836924257914,-1,0.0,0.0
seed_2026,289,2025-10-17,10,2,no_season,2026,32524.238224907414,32524.238224907414,261.06063766762827,190,15099.924485110301,0.0,0.0,18200.113057068833,17171.090933591182,1029.022123477655,0,28012.740236624217,5,1.1651255889024736,1478.7811295428064,1685.888492274621,-1,0.0,8.526512829121202e-13,0.004589167074300349,0.024579792050644755,0.00024408299941569567,0.0294130421243608,14846.957648711144,13165.782587913069,6,41,34,75,55,52430.89925754801,57308.515667842155,7354.005473237937,2097.032785397794,1167.1975098593423,4877.616410294149,2934.6311,-1,0.0,0.0
seed_2026,290,2025-10-18,10,2,no_season,2026,32323.665304291564,32323.665304291564,290.07073411507827,150,14688.491202096811,0.0,0.0,18135.455082102013,17095.377810635357,1040.0772714666575,0,27141.18921989482,5,1.1283927784089796,1685.888492274621,2106.6395806373143,-1,0.0,9.094947017729282e-13,0.003627499914728105,0.024374333093874156,0.0002455000067129731,0.028247333015315235,14494.92039476899,12646.26882512583,6,44,33,77,51,46158.3385490156,50991.00405053069,7159.112289566455,2204.4735928644345,1130.8828841622842,4832.665501515088,2791.1005,-1,0.0,0.0
seed_2026,291,2025-10-19,10,2,no_season,2026,66932.34959139183,66932.34959139183,1302.9447991174916,410,2790.422679412971,0.0,0.0,46218.77873924606,40939.983887131515,5278.794852114548,0,40598.714983821155,9,1.6905370253187688,2106.6395806373143,1528.2125845641044,-1,0.0,8.810729923425242e-13,0.0037629579892382026,0.02448654198087752,0.00023500004317611456,0.028484500013291836,21078.93208079209,19519.782903029067,10,38,39,77,73,106417.8158373709,111119.23993257894,7091.114935940823,4525.9438259805565,1691.6131243258815,4743.416490252569,4655.93119768756,-1,0.0,0.0
seed_2026,292,2025-10-20,10,2,no_season,2026,70159.69256742424,70159.69256742424,740.6610587403623,200,4204.729202764618,0.0,0.0,46783.98198445047,43192.21966424343,3591.762320207043,0,40407.7615999799,9,1.681041831689084,1528.2125845641044,1656.508164498694,-1,0.0,9.094947017729282e-13,0.0037065419601276517,0.02450216596480459,0.00024225004017353058,0.028450957965105772,21331.30182835661,19076.459771623297,10,37,37,74,71,97816.54885423483,102697.76105869889,7337.021613585841,4655.263932096818,1683.656733332496,4881.21220446405,4838.28482005762,-1,0.0,0.0
seed_2026,293,2025-10-21,10,2,no_season,2026,70621.59195308793,70621.59195308793,354.634304994078,160,2356.055389590314,0.0,0.0,45175.82754622244,43642.15986821406,1533.6676780083835,0,38798.62953105868,9,1.614115174777059,1656.508164498694,1772.224933456006,-1,0.0,9.094947017729282e-13,0.0037079999456182122,0.02430595806799829,0.0003137500025331974,0.0283277080161497,20478.109524775187,18320.520006283496,10,34,41,75,79,102692.68877049715,107394.94401434387,7172.853125241136,4646.653936209381,1616.6095637941116,4743.416490252569,4838.28482005762,-1,0.0,0.0
seed_2026,294,2025-10-22,10,2,no_season,2026,72093.16825424213,72093.16825424213,753.7149540207083,300,5346.331782877174,0.0,0.0,47837.05013884482,44236.311900237815,3600.738238607012,0,39688.8725532885,9,1.6517255313511536,1772.224933456006,1628.7928325349944,-1,0.0,8.668621376273222e-13,0.004022166947834194,0.024155791965313256,0.0002446250291541219,0.02842258394230157,20817.263639337078,18871.608913951426,10,31,38,69,55,99614.68711164584,104533.76854678192,7493.409390252569,4713.775919063709,1653.7030230536875,4919.081435136093,4838.28482005762,-1,0.0,0.0
seed_2026,295,2025-10-23,10,2,no_season,2026,70582.60156047843,70582.60156047843,287.3328160990883,180,5551.729837754434,0.0,0.0,44782.05954576617,43500.38962085427,1281.6699249119017,0,38669.780035315365,9,1.6092196650156565,1628.7928325349944,1532.1147612134378,-1,0.0,7.958078640513122e-13,0.0036772500025108457,0.02347974991425872,0.00023687502834945917,0.027393874945119023,20304.24377040256,18365.536264912804,10,30,36,66,62,95337.63069114822,100215.17308522087,7168.281050654832,4612.124582275976,1611.2408348048068,4877.542394072643,4838.28482005762,-1,0.0,0.0
seed_2026,296,2025-10-24,10,2,no_season,2026,32395.857542239482,32395.857542239482,578.0779199502642,280,12993.300720081685,0.0,0.0,19437.177143902125,17010.180510589395,2426.9966333127304,0,29070.88496383972,5,1.2095409663656662,1532.1147612134378,1562.6945933206898,-1,0.0,9.094947017729282e-13,0.0035992920165881515,0.023741374956443906,0.00022787495981901884,0.027568541932851076,15315.734494640556,13755.150469199161,6,41,37,78,54,50385.124779262136,55241.65745163775,7425.086685467935,2522.1497707913627,1211.2868734933213,4856.532672375614,2846.049894151541,-1,0.0,0.0
seed_2026,297,2025-10-25,10,2,no_season,2026,34101.218881120265,34101.218881120265,97.57833759678243,80,13122.64635166214,0.0,0.0,18382.770590124594,18052.320678298827,330.44991182576575,0,28408.555663782463,5,1.1816483799701576,1562.6945933206898,1745.478926303792,-1,0.0,7.958078640513122e-13,0.0036220839247107506,0.023725082981400192,0.0002346669789403677,0.02758183388505131,15043.13689875202,13365.418765030441,6,40,35,75,51,50099.75836723941,55079.11496578294,7505.14878379945,2660.6870528134714,1183.6898193242694,4979.356598543527,2846.049894151541,-1,0.0,0.0
seed_2026,298,2025-10-26,10,2,no_season,2026,71105.01855342987,71105.01855342987,183.98885737754148,170,4690.762355796772,0.0,0.0,44792.814092365435,43857.11867205259,935.6954203128483,0,39204.45274415899,9,1.6312755765173612,1745.478926303792,1736.006586272458,-1,0.0,8.526512829121202e-13,0.0037242919206619263,0.023598959087394178,0.0002359580248594284,0.027559209032915533,20629.192891251478,18575.259852907515,10,31,39,70,70,104815.91064613321,109524.95382050473,7499.783252255549,4729.491084825324,1633.518864339958,4743.416490252569,4838.28482005762,-1,0.0,0.0
seed_2026,299,2025-10-27,10,2,no_season,2026,72052.04376901887,72052.04376901887,406.6723326814222,210,7029.835747203416,0.0,0.0,46145.10594079201,44445.69035932832,1699.4155814636924,0,38915.88685601116,9,1.619625399689829,1736.006586272458,1563.862110136467,-1,0.0,9.094947017729282e-13,0.003622042015194893,0.023410667083226144,0.00023312505800276995,0.027265834156423807,20396.09277192068,18519.79408409048,10,30,38,68,63,102413.88793132818,107245.80654082095,7573.597279087573,4710.160629506676,1621.4952856671318,4831.918609492768,4838.28482005762,-1,0.0,0.0
seed_2026,300,2025-10-28,10,2,no_season,2026,71961.47934471373,71961.47934471373,199.7799365190744,140,4132.897886758822,0.0,0.0,45484.1788483828,44514.61103115154,969.5678172312605,0,40444.47063236391,9,1.68301029238657,1563.862110136467,1491.0445302234912,-1,0.0,9.094947017729282e-13,0.003679750021547079,0.023365125060081482,0.0002359580248594284,0.02728083310648799,21250.205163418956,19194.265468944956,10,36,37,73,71,106165.65708427667,111122.70097217271,7770.402245726611,4726.663544490749,1685.186276348496,4957.043887896043,4810.2681337080885,-1,0.0,0.0
seed_2026,301,2025-10-29,10,2,no_season,2026,73312.45542113576,73312.45542113576,585.2030507638697,190,2757.011290763232,0.0,0.0,48643.61015512433,45529.885186675674,3113.7249684486474,0,40261.59893783105,9,1.6758797671771846,1491.0445302234912,1200.0,-1,0.0,6.821210263296962e-13,0.003831750014796853,0.023688332992605865,0.0002279171021655202,0.027748000109568238,21044.99465948372,19216.60427834733,10,34,41,75,76,105718.88877548037,110518.94462975407,7781.674288963916,4722.532004224102,1677.5666224096267,4800.0558542737035,4711.811622083141,-1,0.0,0.0
seed_2026,302,2025-10-30,10,2,no_season,2026,74338.36166934052,74338.36166934052,465.5607415184275,250,7488.219722955579,0.0,0.0,47776.34772083232,45753.8085063655,2022.5392144668217,0,38375.86279202105,9,1.5956622666376188,1200.0,1708.8079946163853,-1,0.0,7.958078640513122e-13,0.003544708015397191,0.021918624988757074,0.00022979103960096836,0.025693124043755233,20451.873914962205,17923.988877058844,10,31,36,67,61,99957.90010780402,104701.31659805658,7412.726992131278,4743.416490252569,1598.9942830008774,4743.416490252569,4812.829075621126,-1,0.0,0.0
seed_2026,303,2025-10-31,10,2,no_season,2026,34467.5567086082,34467.5567086082,115.727675989755,150,9043.887542603774,0.0,0.0,18914.9650148847,18435.858952304094,479.106062580608,0,29439.685787992155,5,1.2247653456958927,1708.8079946163853,1794.5744957540483,-1,0.0,6.252776074688882e-13,0.003557707997970283,0.022711083060130477,0.0002322089858353138,0.026501000043936074,15537.395281659836,13902.29050633232,6,42,37,79,56,53553.39108301001,58241.10092405002,7532.757801513657,2740.0586800000015,1226.6535744996734,4743.416490252569,2846.049894151541,-1,0.0,0.0
seed_2026,304,2025-11-01,11,2,no_season,2026,34770.258713746254,34770.258713746254,163.40486854997275,120,10598.461581690222,0.0,0.0,18982.703280768077,18558.130521370455,424.57275939762644,0,28945.72808868262,5,1.2038125000113504,1794.5744957540483,2062.650243474617,-1,0.0,5.684341886080801e-13,0.003474332974292338,0.022512541967444122,0.00021566706709563732,0.026202542008832097,15368.445827977645,13577.282260704973,6,37,36,73,55,52974.583087362975,57752.313479359786,7535.189990252569,2508.892854600544,1206.072003695109,4777.730391996813,2815.1673825817215,-1,0.0,0.0
seed_2026,305,2025-11-02,11,2,no_season,2026,74143.56269206808,74143.56269206808,605.4166918824438,350,4650.125060318239,0.0,0.0,48842.51604187461,45842.35995704463,3000.1560848299805,0,40660.90018767172,9,1.693695344994533,2062.650243474617,1223.9107608309305,-1,0.0,7.958078640513122e-13,0.0033862499985843897,0.022810667054727674,0.00021120801102370024,0.026408125064335763,20981.68528898533,19679.214898686387,10,29,42,71,64,113465.14459536354,118444.781686962,7752.35539952808,4743.416490252569,1694.2041744863216,4979.637091598463,4775.639359886497,-1,0.0,0.0
seed_2026,306,2025-11-03,11,2,no_season,2026,76407.33503841516,76407.33503841516,265.1783056085134,170,4616.803985264495,0.0,0.0,48340.49937422876,47441.80023143029,898.6991427984882,0,39479.155820958564,9,1.6416463373036847,1223.9107608309305,1697.4959198928432,-1,0.0,7.958078640513122e-13,0.003536249976605177,0.02217929100152105,0.00022616691421717405,0.025941707892343402,21014.967448192205,18464.188372766355,10,31,41,72,74,101253.3354323229,106161.75475896575,7540.377337248827,4741.6147192978315,1644.9648258732732,4908.419326642846,4725.398780705192,-1,0.0,0.0
seed_2026,307,2025-11-04,11,2,no_season,2026,76606.33885793731,76606.33885793731,260.74491034909687,260,7609.005338076313,0.0,0.0,48509.584155198914,47312.3821852546,1197.2019699443163,0,39545.46025872512,9,1.6463294882396888,1697.4959198928432,1293.6025060520956,-1,0.0,9.094947017729282e-13,0.0032528750598430634,0.025016875006258488,0.00023374997545033693,0.028503500041551888,20611.733327800946,18933.726930924175,10,29,39,68,59,109305.52971146756,114064.7833948844,7751.209654834321,4743.416490252569,1647.7275107802134,4759.253683416838,4838.28482005762,-1,0.0,0.0
seed_2026,308,2025-11-05,11,2,no_season,2026,76373.64194107181,76373.64194107181,258.2131752116346,140,4348.558798675871,0.0,0.0,48599.59213422494,47538.5631420291,1061.0289921958383,0,40856.37092770404,9,1.6989902675399153,1293.6025060520956,1749.1748692388242,-1,0.0,7.958078640513122e-13,0.003597959061153233,0.023959500016644597,0.00023916701320558786,0.027796626091003418,21730.82358932247,19125.547338381573,10,30,39,69,71,105688.14710317395,110472.02489781156,8158.676363234419,4743.416490252569,1702.348788654335,4783.87779463761,4744.185228802893,-1,0.0,0.0
seed_2026,309,2025-11-06,11,2,no_season,2026,74859.03493605019,74859.03493605019,1228.1606084536122,400,2862.4465393367323,0.0,0.0,52409.812120990326,46418.67764826462,5991.134472725707,0,40951.864747862615,9,1.7046219642646823,1749.1748692388242,1448.561370961319,-1,0.0,9.094947017729282e-13,0.0037830830551683903,0.02438850002363324,0.00023837503977119923,0.02840995811857283,21403.51460151485,19548.350146347766,10,34,38,72,66,108409.76881311249,113158.40388851063,8158.676363234419,4661.324172297007,1706.327697827609,4748.635075398137,4763.992557034797,-1,0.0,0.0
seed_2026,310,2025-11-07,11,2,no_season,2026,35875.21347719108,35875.21347719108,165.28740468354653,170,10717.569140246771,0.0,0.0,19518.311420372018,19054.531031118473,463.78038925354747,0,31630.384228174746,5,1.3153600003813142,1448.561370961319,1788.7457608775735,-1,0.0,5.684341886080801e-13,0.00358775001950562,0.0243114170152694,0.0002438329393044114,0.02814299997407943,16817.427093234634,14812.957134940112,6,40,38,78,66,63338.71608804382,68091.23126723697,7328.621031821858,4269.074841227321,1317.9326761739476,4752.51517919315,2949.65,-1,0.0,0.0
seed_2026,311,2025-11-08,11,2,no_season,2026,34694.69305728841,34694.69305728841,190.69593432421735,120,9642.28349992699,0.0,0.0,19071.29236531196,18161.969665251076,909.3227000608846,0,29986.173525184247,5,1.247969597604839,1788.7457608775735,1662.2491688067894,-1,0.0,7.958078640513122e-13,0.003630416002124548,0.02404091600328684,0.00022504106163978577,0.027896373067051172,15719.035958434939,14267.137566749305,6,37,36,73,58,60967.39813044675,65501.88865621562,7462.5463404653165,2537.0513057748694,1249.423896882677,4743.416490252569,2827.6966251959257,-1,0.0,0.0
seed_2026,312,2025-11-09,11,2,no_season,2026,76226.89538022983,76226.89538022983,673.4768983115844,260,3455.212316288099,0.0,0.0,50505.330027347874,47379.954512585566,3125.375514762314,0,41335.65658077793,9,1.7201014594505428,1662.2491688067894,1584.9239020758814,-1,0.0,9.094947017729282e-13,0.0035997499944642186,0.023249207995831966,0.0002341249492019415,0.027083082939498127,21716.99967984896,19618.656900928974,10,30,40,70,67,107021.71560611708,112003.8893166398,8013.751483811371,4742.817407943182,1722.3190241990806,4982.173710522724,4782.39887750761,-1,0.0,0.0
seed_2026,313,2025-11-10,11,2,no_season,2026,78560.86888044239,78560.86888044239,497.3521156191265,320,3031.1739394582555,0.0,0.0,51243.30846208709,48819.157213744315,2424.1512483427714,0,43082.08688796141,9,1.7928160900136918,1584.9239020758814,1485.912371233077,-1,0.0,9.094947017729282e-13,0.0035150409676134586,0.023238333989866078,0.0002393750473856926,0.02699275000486523,22625.345422282335,20456.74146567908,10,33,44,77,78,111474.2583505865,116313.02445617497,7792.059424100475,4743.416490252569,1795.086953665059,4838.766105588471,4838.28482005762,-1,0.0,0.0
seed_2026,314,2025-11-11,11,2,no_season,2026,80055.60212123665,80055.60212123665,96.78501464534554,90,6170.523272743032,0.0,0.0,50544.190090795375,50130.97329244767,413.2167983476943,0,41305.31826080645,9,1.7181229947131935,1485.912371233077,1735.1378757762852,-1,0.0,9.094947017729282e-13,0.0034930419642478228,0.023568459087982774,0.0002335000317543745,0.02729500108398497,21864.08122863937,19441.23703216708,10,30,39,69,62,101974.41839667184,106806.93287439318,7119.510764760558,4743.416490252569,1721.0549275336023,4832.514477721341,4834.73735382365,-1,0.0,0.0
seed_2026,315,2025-11-12,11,2,no_season,2026,78997.4178910059,78997.4178910059,234.05374125530113,150,6235.322822973394,0.0,0.0,50529.832081084576,49351.93806156219,1177.8940195223818,0,41860.7258807115,9,1.7421374804084637,1735.1378757762852,1571.8765555544196,-1,0.0,9.094947017729282e-13,0.0034543339861556888,0.02318100002594292,0.0002201671013608575,0.026855501113459468,21950.44346999965,19910.282410711847,10,31,42,73,61,110389.76380746264,115227.17662454581,6974.593633087031,4743.416490252569,1744.1969116963123,4837.41281708317,4838.28482005762,-1,0.0,0.0
seed_2026,316,2025-11-13,11,2,no_season,2026,77527.77511087534,77527.77511087534,426.6857271782829,220,3643.2460082529856,0.0,0.0,50526.851383588895,48410.07131176982,2116.7800718190833,0,40812.82383491654,9,1.6986883973376432,1571.8765555544196,1338.8537388538164,-1,0.0,9.094947017729282e-13,0.0034004580229520798,0.0235599169973284,0.0002655410207808018,0.027225916041061282,21364.083674025256,19448.740160891277,10,30,42,72,67,109970.0712425501,114891.35601299716,7012.7452237380285,4739.408649198513,1700.5343264548555,4921.28477044706,4768.509647025088,-1,0.0,0.0
seed_2026,317,2025-11-14,11,2,no_season,2026,36410.71185882017,36410.71185882017,82.5213385253216,90,6699.186497548173,0.0,0.0,19815.798649758988,19500.02736040535,315.7712893536388,0,30935.489325019636,5,1.2859461524613998,1338.8537388538164,1907.0490097773813,-1,0.0,6.821210263296962e-13,0.00362700002733618,0.023394665913656354,0.00024229090195149183,0.027263956842944026,16565.54036240848,14369.948962611157,6,37,36,73,69,61152.40106602906,65966.31270151559,7475.606690252569,3130.654883566698,1288.9787218758183,4813.911635486527,2844.2463,-1,0.0,0.0
seed_2026,318,2025-11-15,11,2,no_season,2026,35480.38398653268,35480.38398653268,182.93187698262193,140,5942.283272169454,0.0,0.0,19707.26951634668,19019.255012887414,688.0145034592672,0,31035.874662211638,7,1.291642132917277,1907.0490097773813,1782.5550480853644,-1,0.0,4.547473508864641e-13,0.003569374908693135,0.023576083010993898,0.0002227500081062317,0.027368207927793264,16272.51016844541,14763.364493766227,8,40,39,79,74,56197.93039873833,60896.76503670026,7474.768836478795,2567.2211754850905,1293.161444258818,4743.416490252569,2921.31,-1,0.0,0.0
seed_2026,319,2025-11-16,11,2,no_season,2026,79724.14115987215,79724.14115987215,504.0569335525771,230,3813.500718869259,0.0,0.0,52390.45919686183,50126.566054423405,2263.893142438431,0,42484.62330547877,9,1.7683010658640603,1782.5550480853644,1526.3200915804414,-1,0.0,9.094947017729282e-13,0.0035479170037433505,0.02333566697780043,0.00022749998606741428,0.027111083967611194,22232.388148350452,20252.23515712832,10,31,43,74,74,111845.19658125637,116520.53885138292,7070.614667394437,4727.89728306044,1770.1926377282823,4743.416490252569,4838.28482005762,-1,0.0,0.0
seed_2026,320,2025-11-17,11,2,no_season,2026,81292.79839861474,81292.79839861474,180.96073126543183,140,6422.050619961406,0.0,0.0,52041.40096687036,51194.89772016923,846.5032467011297,0,40895.05237436859,9,1.701151749237329,1526.3200915804414,1730.1856486479787,-1,0.0,9.094947017729282e-13,0.003443583962507546,0.02354604098945856,0.00023095798678696156,0.02722058293875307,21625.50327547701,19269.54909889157,10,30,43,73,68,102887.46843296097,107780.64981399354,6606.795054915567,4731.444383731078,1703.960515598691,4893.181381032576,4674.0262270851945,-1,0.0,0.0
seed_2026,321,2025-11-18,11,2,no_season,2026,80614.7259027503,80614.7259027503,331.98104754747567,190,3913.64141546953,0.0,0.0,52229.6453732807,50675.198987120966,1554.446386159741,0,41428.57554257132,9,1.7238814558831352,1730.1856486479787,1692.1953511667648,-1,0.0,9.094947017729282e-13,0.0037335000233724713,0.023247167002409697,0.00022012507542967796,0.027200792101211846,21785.54462203312,19643.030920538207,10,31,45,76,77,109752.54919078914,114621.28264230416,7490.319636016882,4743.416490252569,1726.1906476071383,4868.733451515017,4741.597944456572,-1,0.0,0.0
seed_2026,322,2025-11-19,11,2,no_season,2026,80998.30527134777,80998.30527134777,791.6258036016665,270,4175.367234929021,0.0,0.0,54361.84134958249,50746.18912428568,3615.652225296821,0,44084.6153692378,9,1.8344755688667707,1692.1953511667648,1618.1019834570648,-1,0.0,9.094947017729282e-13,0.003566542058251798,0.0227552920114249,0.00021912495139986277,0.02654095902107656,23165.4338046291,20919.181564608698,10,31,46,77,67,110053.63531001707,114846.41273357124,7069.06092965311,4743.416490252569,1836.8589737182415,4792.777423554167,4838.28482005762,-1,0.0,0.0
seed_2026,323,2025-11-20,11,2,no_season,2026,80107.68860586357,80107.68860586357,767.5803624873341,290,3874.4627259622875,0.0,0.0,53689.46452507118,50405.89109903941,3283.573426031767,0,41334.97423685847,9,1.719832771336412,1618.1019834570648,1650.3519311714083,-1,0.0,9.094947017729282e-13,0.0034032079856842756,0.022802041959948838,0.00021491607185453176,0.026420166017487645,21771.352222956877,19563.622013901593,10,30,43,73,73,107376.99812894031,112322.15538942769,6974.108690252569,4621.8757848369805,1722.2905932024362,4945.15726048738,4612.655000000001,-1,0.0,0.0
seed_2026,324,2025-11-21,11,2,no_season,2026,36581.50154460278,36581.50154460278,299.00940398888986,210,5923.345145099742,0.0,0.0,20519.2339028094,19806.87594326206,712.357959547338,0,31291.848641331177,5,1.3010408383605652,1650.3519311714083,2096.8130618646637,-1,0.0,6.252776074688882e-13,0.0036046660970896482,0.022819958976469934,0.00024429208133369684,0.02666891715489328,16692.315189078217,14599.533452252956,6,38,38,76,68,59088.12523555099,63829.31591764104,7589.46638440411,2837.4045110187353,1303.8270267221321,4743.416490252569,2846.049894151541,-1,0.0,0.0
seed_2026,325,2025-11-22,11,2,no_season,2026,36260.36017930191,36260.36017930191,153.9387871265743,140,4811.477759927336,0.0,0.0,20002.81637443108,19395.641137975974,607.1752364551082,0,31505.685142001625,5,1.3115217762040206,2096.8130618646637,1821.2288699347523,-1,0.0,9.094947017729282e-13,0.0033277920447289944,0.022431625053286552,0.00021929095964878798,0.025978708057664335,16444.33843258472,15061.346709416905,6,39,40,79,73,56652.879107374945,61416.45156416694,7379.473717569917,2525.2815437937884,1312.7368809167344,4763.572456791994,3130.6548835666954,-1,0.0,0.0
seed_2026,326,2025-11-23,11,2,no_season,2026,82189.43971746383,82189.43971746383,329.16113891768464,170,5267.449942618823,0.0,0.0,53347.701955184486,51912.06029978368,1435.6416554008051,0,42425.042148390305,9,1.765729643042436,1821.2288699347523,1607.0897479231326,-1,0.0,9.094947017729282e-13,0.0033224999206140637,0.022277124924585223,0.00021595798898488283,0.02581558283418417,22222.04838940983,20202.99375898047,10,30,42,72,73,114833.70127909795,119759.08237307679,7092.285832009029,4743.416490252569,1767.7100895162625,4925.381093978833,4758.999611964228,-1,0.0,0.0
seed_2026,327,2025-11-24,11,2,no_season,2026,82215.6192977275,82215.6192977275,516.116776836147,260,6503.730160648698,0.0,0.0,53991.63869893363,51775.47601961038,2216.162679323257,0,39634.19070764843,9,1.64917954085817,1607.0897479231326,1587.1142384963837,-1,0.0,9.094947017729282e-13,0.003300959011539817,0.024278749944642186,0.00022287503816187382,0.027802583994343877,20850.126460781696,18784.06424686673,10,29,41,70,62,116841.07622970184,121433.92161762217,6770.680570542592,4738.899000893059,1651.4246128186844,4743.416490252569,4838.28482005762,-1,0.0,0.0
seed_2026,328,2025-11-25,11,2,no_season,2026,81964.6366704292,81964.6366704292,467.76222527511186,230,3882.140627449224,0.0,0.0,53434.241522412245,51446.64765221524,1987.5938701970067,0,44210.259156210566,9,1.8394207702745664,1587.1142384963837,1641.9322729293035,-1,0.0,9.094947017729282e-13,0.0034901670878753066,0.023612292017787695,0.00022145896218717098,0.027323918067850173,23295.92847889949,20914.330677311074,10,32,46,78,74,109198.82708586755,114023.74028759441,6985.600121587608,4742.044935863547,1842.0941315087734,4824.913201726857,4748.473322098277,-1,0.0,0.0
seed_2026,329,2025-11-26,11,2,no_season,2026,83635.30855752411,83635.30855752411,181.12792161504416,120,4764.500129359498,0.0,0.0,53458.186902469686,52670.70434911226,787.4825533574257,0,43516.18965813098,9,1.8106528449579509,1641.9322729293035,1645.881441450726,-1,0.0,8.384404281969182e-13,0.0035264589823782444,0.022924834047444165,0.000237041967920959,0.026688334997743368,22905.229562288652,20610.960095842325,10,31,45,76,73,120471.23337964149,125265.67465606205,6933.582993490622,4743.416490252569,1813.1745690887906,4794.441276420568,4838.28482005762,-1,0.0,0.0
seed_2026,330,2025-11-27,11,2,no_season,2026,82211.39110061471,82211.39110061471,293.30538540416126,150,4513.354911444538,0.0,0.0,53110.065148953225,51872.04047701848,1238.0246719347394,0,42028.7737910975,9,1.7487752385025686,1645.881441450726,1644.2873474269031,-1,0.0,9.094947017729282e-13,0.003344333963468671,0.02269279200118035,0.00022129190620034933,0.02625841787084937,22119.61131616925,19909.16247492825,10,30,44,74,75,109637.30125706352,114406.76579870102,6940.785387600571,4743.416490252569,1751.1989079623957,4769.464541637499,4768.7243960596925,-1,0.0,0.0
seed_2026,331,2025-11-28,11,2,no_season,2026,38103.67222685952,38103.67222685952,158.8265620922001,110,5615.9757327813,0.0,0.0,21033.764764856965,20418.385188800265,615.3795760567016,0,32700.052453487297,5,1.3606044674921163,1644.2873474269031,1648.522331004448,-1,0.0,6.821210263296962e-13,0.0032837499165907502,0.02288170892279595,0.00020941696129739285,0.026374875800684094,17212.66847982886,15487.383973658438,6,39,40,79,76,67428.0825984464,72207.62907592338,7545.676190252569,3125.481684151543,1362.5021855619707,4779.546477476984,3016.008479671556,-1,0.0,0.0
seed_2026,332,2025-11-29,11,2,no_season,2026,37360.98365594639,37360.98365594639,1174.921742454558,230,2411.271766927954,0.0,0.0,25682.610313229132,19825.75237889024,5856.857934338888,0,30459.736616286755,5,1.2682925318807314,1648.522331004448,1239.9956111692618,-1,0.0,8.526512829121202e-13,0.003427624935284257,0.023749166983179748,0.0002223749179393053,0.02739916683640331,15827.460073879873,14632.276542406882,6,43,39,82,83,60952.554725639835,65705.31681519991,7429.90064214158,2825.4683872932465,1269.1556923452815,4752.762089560084,2987.4582489563263,-1,0.0,0.0
seed_2026,333,2025-11-30,11,2,no_season,2026,86616.92885528627,86616.92885528627,388.414635761707,250,4010.3060697289,0.0,0.0,56143.85581382958,54566.151070535954,1577.7047432936306,0,46039.21826092983,9,1.9149236882778098,1239.9956111692618,1567.5421454150348,-1,0.0,9.094947017729282e-13,0.0034156249603256583,0.02365250000730157,0.0002399170771241188,0.027308042044751346,24394.71378279112,21644.50447813871,10,33,46,79,69,115551.45187596587,120358.1416768246,7158.156743337828,4743.416490252569,1918.3007608720764,4806.689800858732,4838.28482005762,-1,0.0,0.0
seed_2026,334,2025-12-01,12,2,no_season,2026,84463.14426829823,84463.14426829823,4806.515139644485,710,874.0787211619563,0.0,0.0,72101.90186124179,53215.073787221474,18886.82807402033,0,46236.49645999457,9,1.9245902487237465,1567.5421454150348,1230.2277667575208,-1,0.0,7.958078640513122e-13,0.003462833003140986,0.02378554199822247,0.00033062498550862074,0.027578999986872077,24166.574706720996,22069.921753273567,10,33,44,77,74,118310.41396908616,123081.67450869118,7106.4954346150425,4526.311399624047,1926.5206858331067,4771.260539605018,4838.28482005762,-1,0.0,0.0
seed_2026,335,2025-12-02,12,2,no_season,2026,88397.32003508158,88397.32003508158,3544.8194467299445,650,865.546869921863,0.0,0.0,72650.96246718669,55942.718236784334,16708.244230402357,0,46269.30035299468,9,1.9252076488682803,1230.2277667575208,1233.7890301974803,-1,0.0,9.094947017729282e-13,0.0038115830393508077,0.023939916980452836,0.00024995801504701376,0.028001458034850657,24354.04150744217,21915.258845552507,10,33,43,76,80,112086.34692264658,116949.88497859078,7144.036245029372,4678.0659116320285,1927.8875147081114,4863.538055944202,4838.28482005762,-1,0.0,0.0
seed_2026,336,2025-12-03,12,2,no_season,2026,91299.6295640102,91299.6295640102,1114.524790451439,390,2297.6264338772407,0.0,0.0,62132.96243670775,57981.84033293284,4151.122103774911,0,46589.90628753762,9,1.9374538239874943,1233.7890301974803,1736.1643464113743,-1,0.0,9.094947017729282e-13,0.0035719999577850103,0.024611500091850758,0.00023987505119293928,0.028423375100828707,24771.84282072768,21818.063466809945,10,35,43,78,82,111452.9706746776,116298.91434024253,7589.46638440411,4627.2763869793,1941.2460953140674,4845.943665564913,4838.28482005762,-1,0.0,0.0
seed_2026,337,2025-12-04,12,2,no_season,2026,92888.42989650174,92888.42989650174,1307.8504474355032,370,4963.911621557609,0.0,0.0,65078.99404380335,59232.050775075164,5846.9432687281915,0,46115.061051126875,9,1.9187229504358008,1736.1643464113743,1770.2631033630055,-1,0.0,9.094947017729282e-13,0.003568124957382679,0.023524874937720597,0.00024579104501754045,0.027338790940120816,24288.11051175325,21826.950539373633,10,32,41,73,62,115544.33692094975,120322.60235229674,7407.014080757313,4743.416490252569,1921.4608771302867,4778.265431346998,4838.28482005762,-1,0.0,0.0
seed_2026,338,2025-12-05,12,2,no_season,2026,45720.00270271604,45720.00270271604,818.7493881758421,310,2928.668212300946,0.0,0.0,27060.17195110253,24738.91017998531,2321.261771117221,0,36537.9986536153,7,1.5194821418215774,1770.2631033630055,2146.187770263767,-1,0.0,8.810729923425242e-13,0.004805167089216411,0.023787665995769203,0.00024354108609259129,0.028836374171078205,19418.227424436453,17119.77122917885,8,43,43,86,78,68436.10307252422,73367.5922106126,7614.842219709804,2888.3454534642005,1522.4166105673041,4931.489138088376,3415.2598729818496,-1,0.0,0.0
seed_2026,339,2025-12-06,12,2,no_season,2026,44535.69537370174,44535.69537370174,2130.201403236353,540,2119.3538271439093,0.0,0.0,32642.88509489555,23454.46153485785,9188.423560037701,0,34105.588286100734,5,1.4211018107776923,2146.187770263767,1231.801599856344,-1,0.0,9.094947017729282e-13,0.003842625068500638,0.024687916971743107,0.0002389169530943036,0.02876945899333805,17493.750209614125,16611.83807648661,6,39,43,82,79,73501.67305729535,78249.03296795265,7487.978217617821,2882.546011306132,1421.0661785875304,4747.3599106572965,3415.2598729818496,-1,0.0,0.0
seed_2026,340,2025-12-07,12,2,no_season,2026,89898.436810646,89898.436810646,1785.9909592253016,510,1311.6855243643593,0.0,0.0,63451.89921272372,57099.73789837268,6352.161314351032,0,47204.37353665722,9,1.9636054124490898,1231.801599856344,1467.7489063586554,-1,0.0,9.094947017729282e-13,0.004209208069369197,0.02362179197371006,0.00024904089514166117,0.028080040938220918,24962.217266082087,22242.15627057513,10,34,43,77,81,108381.00868371644,113239.52196241918,7296.832976834585,4658.567708660022,1966.8488973607175,4858.513278702746,4838.28482005762,-1,0.0,0.0
seed_2026,341,2025-12-08,12,2,no_season,2026,95852.61461476571,95852.61461476571,333.9580211648046,180,5904.858344862198,0.0,0.0,62657.601789933695,61148.599169766865,1509.0026201668315,0,45438.09988998322,9,1.8905356255883696,1467.7489063586554,1510.83285362156,-1,0.0,9.094947017729282e-13,0.00374066608492285,0.023752916022203863,0.0004080840153619647,0.027901666122488678,23936.30153219244,21501.798357790787,10,34,41,75,77,115290.40895320126,120237.79926932987,7425.914790252569,4275.624858185509,1893.2541620826346,4947.390316128614,4496.770284879733,-1,0.0,0.0
seed_2026,342,2025-12-09,12,2,no_season,2026,97667.51293847337,97667.51293847337,219.32745500976495,150,8039.269049973718,0.0,0.0,63420.14068180816,62391.04589387712,1029.0947879310445,0,45603.25113990361,9,1.897372425631044,1510.83285362156,1569.8606304576165,-1,0.0,9.094947017729282e-13,0.003721000044606626,0.024213791941292584,0.00023141701240092516,0.028166208998300135,24031.18410837317,21572.067031530438,10,34,39,73,71,115915.8286340619,120906.95990832464,7682.376611535016,4402.4668869514035,1900.1354641626506,4991.1312742627415,4748.572227687523,-1,0.0,0.0
seed_2026,343,2025-12-10,12,2,no_season,2026,95010.39313234971,95010.39313234971,404.95073553429177,170,4682.4209718597485,0.0,0.0,62267.49596118915,60517.77440288509,1749.721558304065,0,45248.268853946945,9,1.8828109038897232,1569.8606304576165,1533.627005518414,-1,0.0,9.094947017729282e-13,0.0035464169923216105,0.023598000057972968,0.0002477499656379223,0.0273921670159325,23796.78664165226,21451.482212294686,10,33,40,73,72,115920.88924666235,120854.9238469058,7658.632529383858,4659.605654008017,1885.3445355811227,4934.034600243446,4838.28482005762,-1,0.0,0.0
seed_2026,344,2025-12-11,12,2,no_season,2026,97012.07691909256,97012.07691909256,118.58980077319916,80,8797.314571027295,0.0,0.0,62376.40233641183,61887.007166459385,489.3951699524454,0,44315.343780530406,9,1.8438262363798636,1533.627005518414,1573.3930554188757,-1,0.0,9.094947017729282e-13,0.0037607919657602906,0.023622167063876987,0.0002412919420748949,0.027624250971712172,23343.720614684436,20971.623165845973,10,32,39,71,67,119039.80736940935,123836.22536139215,7186.588734775909,4732.8222821876325,1846.4726575221002,4796.417991982796,4637.474409603198,-1,0.0,0.0
seed_2026,345,2025-12-12,12,2,no_season,2026,51366.270777877624,51366.270777877624,235.63745207882658,140,5879.6279872051455,0.0,0.0,28032.53757097879,27064.50203460022,968.0355363785761,0,34687.302692858546,5,1.4429009259357457,1573.3930554188757,1755.8652114691267,-1,0.0,6.821210263296962e-13,0.0035946250427514315,0.023576333071105182,0.00024212501011788845,0.027413083123974502,18347.58472613826,16339.71796672029,6,28,42,70,67,70221.65666726991,75133.35025043093,4743.416490252569,3478.5054261852174,1445.3042788691064,4911.6935831610235,3749.1367266680018,-1,0.0,0.0
seed_2026,346,2025-12-13,12,2,no_season,2026,53863.54098607436,53863.54098607436,95.46004540166942,90,8161.068797213067,0.0,0.0,28854.3414782463,28319.25763881718,535.0838394291138,0,34891.65738238556,7,1.451446118294938,1755.8652114691267,1919.0872683790226,-1,0.0,9.094947017729282e-13,0.0036614580312743783,0.023441042052581906,0.0002681249752640724,0.027370625059120357,18445.52811665759,16446.129265727963,8,27,45,72,68,70382.427645791,75088.7492816416,4743.416490252569,2821.6649826312882,1453.819057599398,4743.416490252569,3803.43,-1,0.0,0.0
seed_2026,347,2025-12-14,12,2,no_season,2026,96512.86881604407,96512.86881604407,213.44093403223542,190,6052.953553970347,0.0,0.0,62837.01288231541,61770.27999761499,1066.7328847004133,0,45105.5200221508,9,1.8778444638785992,1919.0872683790226,1439.0816376878834,-1,0.0,7.389644451905042e-13,0.0036145420745015144,0.023354583070613444,0.000262417015619576,0.027231542160734534,23500.07720912838,21605.442813022422,10,33,38,71,63,121085.97664397463,126024.9024154668,7618.796929531777,4152.7177361432105,1879.396667589617,4938.925771492164,4484.396249563485,-1,0.0,0.0
seed_2026,348,2025-12-15,12,2,no_season,2026,95850.67808804743,95850.67808804743,225.02536170362697,170,4166.032303700007,0.0,0.0,61972.99608162082,61034.60799136545,938.38809025537,0,46589.71190982341,9,1.9385737380282915,1439.0816376878834,1427.08809347836,-1,0.0,9.094947017729282e-13,0.0038314589764922857,0.023289959062822163,0.00023320794571191072,0.02735462598502636,24514.912544603896,22074.799365219507,10,33,38,71,72,121345.98569758763,126158.45597429066,7589.46638440411,4729.271370856936,1941.237996242642,4812.470276703031,4657.175000949438,-1,0.0,0.0
seed_2026,349,2025-12-16,12,2,no_season,2026,97260.0891861734,97260.0891861734,75.87803154972335,100,5405.511536289949,0.0,0.0,62487.9302989375,62238.31257374503,249.61772519246108,0,46032.36263254325,9,1.9151599543773354,1427.08809347836,1516.8208833805488,-1,0.0,9.094947017729282e-13,0.003568124957382679,0.02336274995468557,0.000228332937695086,0.027159207849763334,24272.363490321542,21759.999142221706,10,34,39,73,72,118912.81402801926,123801.13813856232,7194.436348587107,4687.89786806895,1918.0151096893019,4888.324110543066,4783.8186060302,-1,0.0,0.0
seed_2026,350,2025-12-17,12,2,no_season,2026,95861.29977006308,95861.29977006308,188.56193689749585,150,5157.127212718038,0.0,0.0,61905.21352466569,61129.08916001909,776.1243646466012,0,45769.09071746899,9,1.903761064558693,1516.8208833805488,1809.2140570493984,-1,0.0,8.810729923425242e-13,0.0035024170065298676,0.02237937494646758,0.00022175000049173832,0.026103541953489184,24234.989072522432,21534.101644946564,10,33,40,73,68,120686.87084039298,125640.13048918518,7589.46638440411,4692.3595075466465,1907.045446561208,4953.259648792193,4795.363485506019,-1,0.0,0.0
seed_2026,351,2025-12-18,12,2,no_season,2026,95147.9106376186,95147.9106376186,375.5398302445593,140,5841.904644102771,0.0,0.0,62402.81674116142,60726.66275875611,1676.15398240531,0,46443.90829647013,9,1.932764295050724,1809.2140570493984,1679.8974549372124,-1,0.0,9.094947017729282e-13,0.003464084002189338,0.022197208949364722,0.00023154099471867085,0.02589283394627273,24379.593576781925,22064.314719688202,10,32,41,73,68,122356.5956710289,127041.73734774781,7634.796558218894,4743.416490252569,1935.1628456862554,4743.416490252569,4721.629690709169,-1,0.0,0.0
seed_2026,352,2025-12-19,12,2,no_season,2026,52604.04421329925,52604.04421329925,174.62805919336836,120,7977.491737933649,0.0,0.0,28643.73564237295,28007.045334732666,636.690307640286,0,34665.18925222078,9,1.442230967004497,1679.8974549372124,1748.2978477272222,-1,0.0,9.094947017729282e-13,0.0036419579992070794,0.022821833030320704,0.00025037501472979784,0.02671416604425758,18278.989243389868,16386.200008830907,10,28,42,70,67,79486.52087088846,84293.06911654184,5350.373428134704,4107.543228001096,1444.3828855091992,4806.548245653375,3706.4905703509376,-1,0.0,0.0
seed_2026,353,2025-12-20,12,2,no_season,2026,53260.160139679996,53260.160139679996,71.41061503652638,80,8455.802876268044,0.0,0.0,28384.085865831774,28146.545429541067,237.54043629070128,0,35416.8484750738,7,1.4733154950494143,1748.2978477272222,1903.8844629608684,-1,0.0,8.739675649849232e-13,0.0035767919616773725,0.024798374972306192,0.0003184580709785223,0.028693625004962087,18718.132051761146,16698.71642331266,8,30,45,75,69,71544.41082088271,76298.5926673481,4743.416490252569,3794.733192202055,1475.7020197947413,4754.181846465389,3717.49,-1,0.0,0.0
seed_2026,354,2025-12-21,12,2,no_season,2026,96400.91001873155,96400.91001873155,321.4444763958117,150,5670.467745399918,0.0,0.0,63251.84681806899,61819.983363299674,1431.8634547693232,0,44489.28894381675,9,1.851870171844034,1903.8844629608684,1575.9933649281365,-1,0.0,9.094947017729282e-13,0.003662707982584834,0.023363167070783675,0.00022258306853473186,0.02724845812190324,23251.696913438765,21237.592030377986,10,32,38,70,69,122692.14365014399,127410.99263951075,7634.983596158998,4743.416490252569,1853.7203726590315,4743.416490252569,4838.28482005762,-1,0.0,0.0
seed_2026,355,2025-12-22,12,2,no_season,2026,96108.77856611625,96108.77856611625,437.7024203209557,300,5396.693037333583,0.0,0.0,63211.05119916532,61256.18792486679,1954.8632742985283,0,46220.345856351574,9,1.9236622753104733,1575.9933649281365,1355.3987041326282,-1,0.0,9.094947017729282e-13,0.0035838750191032887,0.02351137506775558,0.00023941707331687212,0.02733466716017574,24216.353361060927,22003.99249529065,10,33,39,72,61,122461.64174995113,127145.71947938058,7292.488896715968,4743.416490252569,1925.847744014649,4743.416490252569,4838.28482005762,-1,0.0,0.0
seed_2026,356,2025-12-23,12,2,no_season,2026,97285.1460381631,97285.1460381631,49.72034103168511,80,7311.061774759941,0.0,0.0,62460.10287751122,62352.14751543569,107.95536207552212,0,44673.60087855962,9,1.8579099455531263,1355.3987041326282,1770.4438771925772,-1,0.0,9.094947017729282e-13,0.003687832970172167,0.02368908398784697,0.00024879106786102057,0.027625708025880158,23719.65647483057,20953.944403729052,10,32,38,70,63,109197.53812138923,113906.81020869686,7589.46638440411,4730.131227181396,1861.4000366066507,4743.416490252569,4782.425252035074,-1,0.0,0.0
seed_2026,357,2025-12-24,12,2,no_season,2026,95211.74425842159,95211.74425842159,321.739966825344,180,5550.34570048135,0.0,0.0,62179.595802450945,60716.63455537775,1462.9612470732045,0,46173.59037760053,9,1.9218954131934127,1770.4438771925772,1468.4155061072383,-1,0.0,8.526512829121202e-13,0.003695499966852367,0.023273291997611523,0.00022891699336469173,0.02719770895782858,24151.08479284972,22022.50558475081,10,33,40,73,68,119230.98601976212,124119.07725856183,7358.368645440446,4742.399834394016,1923.8995990666886,4888.091238799714,4786.013941835225,-1,0.0,0.0
seed_2026,358,2025-12-25,12,2,no_season,2026,96723.25162410818,96723.25162410818,132.98299777231247,100,6506.815607519215,0.0,0.0,62426.33737551037,61854.66663568915,571.6707398212201,0,45167.802210279,9,1.879032570002954,1468.4155061072383,1628.354915575485,-1,0.0,7.958078640513122e-13,0.003623125026933849,0.023582249996252358,0.00022912491112947464,0.02743449993431568,23852.386345653467,21315.41586462553,10,33,39,72,73,121765.95108827238,126709.12545741456,7281.23624833217,4743.416490252569,1881.9917587616246,4943.174369142179,4838.28482005762,-1,0.0,0.0
seed_2026,359,2025-12-26,12,2,no_season,2026,50776.39019799228,50776.39019799228,105.67319060701573,80,5445.371488913122,0.0,0.0,27550.926532798025,27084.04207476842,466.8844580296006,0,35670.527088397794,7,1.4830004970242439,1628.354915575485,2180.793900948463,-1,0.0,9.094947017729282e-13,0.003529207897372544,0.022723375004716218,0.00023379107005894184,0.026486373972147703,19049.79827737532,16620.72881102247,8,33,43,76,75,73333.25144125066,78213.56346535943,5016.609673754352,3227.098336828233,1486.2719620165744,4880.3120241087745,3813.5123287032584,-1,0.0,0.0
seed_2026,360,2025-12-27,12,2,no_season,2026,52100.23505904677,52100.23505904677,57.228692486757026,80,7298.958072351488,0.0,0.0,27865.820006725873,27636.39791862738,229.42208809849382,0,34278.125567444746,7,1.4269002506424815,2180.793900948463,1895.983894239303,-1,0.0,9.094947017729282e-13,0.0036842089612036943,0.02356479095760733,0.00023095798678696156,0.027479957905597985,17898.91108998006,16379.214477464686,8,29,44,73,71,74294.37672133675,79159.26324752864,5120.244283144904,3956.3496852557064,1428.2552319768647,4864.886526191882,3731.7189435567025,-1,0.0,0.0
seed_2026,361,2025-12-28,12,2,no_season,2026,96182.01872768739,96182.01872768739,205.28677833821155,140,7361.111023163911,0.0,0.0,62852.37017578996,61734.402021082155,1117.9681547078067,0,42820.62478517159,9,1.7818005686862786,1895.983894239303,1859.1554888992243,-1,0.0,9.094947017729282e-13,0.003265957930125296,0.02346229099202901,0.00023437500931322575,0.026962623931467533,22518.782259016643,20301.842526154942,10,31,38,69,71,117996.55463487652,122710.57435332301,6928.353462323928,4743.416490252569,1784.1926993821492,4743.416490252569,4838.28482005762,-1,0.0,0.0
seed_2026,362,2025-12-29,12,2,no_season,2026,95440.05579038427,95440.05579038427,316.82934987227907,160,6263.88976069936,0.0,0.0,62361.55023324193,61062.11375499111,1299.436478250815,0,43579.92567944907,9,1.8140259954993296,1859.1554888992243,1534.2539887254075,-1,0.0,7.389644451905042e-13,0.0035154999932274222,0.023463500081561506,0.00023804092779755592,0.027217041002586484,22774.577396169796,20805.348283279272,10,32,40,72,70,117699.5827786935,122385.0948729182,7166.962957102192,4607.050354769281,1815.8302366437115,4743.416490252569,4627.034980384118,-1,0.0,0.0
seed_2026,363,2025-12-30,12,2,no_season,2026,95784.48194405738,95784.48194405738,145.8736529993207,100,7297.927374138571,0.0,0.0,61787.56316553544,61119.373871090065,668.1892944453793,0,45067.93413153802,9,1.875148790941308,1534.2539887254075,1570.3330841049242,-1,0.0,9.094947017729282e-13,0.0037029589293524623,0.023821833077818155,0.00021824997384101152,0.02774304198101163,23737.97987722807,21329.95425430995,10,32,39,71,63,117411.04928617534,122254.05229580872,7304.969890252569,4743.416490252569,1877.8305888140842,4843.003009633376,4838.28482005762,-1,0.0,0.0
seed_2026,364,2025-12-31,12,2,no_season,2026,94335.5413176483,94335.5413176483,664.3615798241019,270,3891.9418882594923,0.0,0.0,62839.0036949597,60017.35253578107,2821.6511591786375,0,47295.85767246651,9,1.9679902650831458,1570.3330841049242,1542.5770230550008,-1,0.0,9.094947017729282e-13,0.003507541958242655,0.02446762495674193,0.00032774999272078276,0.028302916907705367,24878.69787417304,22417.15979829347,10,34,42,76,67,119148.96304117642,124080.00958219118,7304.861394988957,4743.416490252569,1970.6607363527712,4931.0465410147535,4790.522367207532,-1,0.0,0.0
