run_id,role,scenario,day,date,month,forecast,forecast_seed,seed,rl_seed,planned_cost,up_cost,down_cost,emergency_cost,total_cost,planned_kwh,final_kwh,emergency_kwh,emergency_minutes,surplus_kwh,charge_kwh,discharge_kwh,throughput_kwh,equivalent_full_cycles,direction_reversals,direction_reversals_including_warmup_boundary,simultaneous_slots,charging_slots,discharging_slots,active_slots,power_changes_count,power_ramp_total_kw,power_ramp_total_kw_including_warmup_boundary,power_ramp_max_kw_per_10min,power_ramp_p95_kw_per_10min,mean_absolute_power_kw,max_charge_kw,max_discharge_kw,initial_soc,final_soc,initial_mode,final_mode,initial_power_kw,final_power_kw,risk_seconds,planning_seconds,execution_seconds,compute_seconds,shaped_episode_reward
cost_only_3407,cost_only_ablation,2,31,2025-02-01,2,no_season,42,3407,3407,42324.05086911527,0.0,0.0,658.6095186778647,42982.66038779313,56247.787958804125,56247.787958804125,154.7672294377823,90,16039.434107092155,9856.10094781642,3871.1557999999995,13727.25674781642,0.5596197856201538,1,1,0,48,9,57,19,5671.265507518708,6748.505507518708,2292.3043,133.97605434058326,571.9690311590175,1250.0,3484.9400000000005,1421.7991105135516,6691.560961816406,1,-1,172.75999999999976,-3484.9400000000005,0.004580624983645976,0.043270832975395024,0.0002886250149458647,0.048140082973986864,-40.92015838623047
cost_only_3407,cost_only_ablation,2,32,2025-02-02,2,no_season,42,3407,3407,69697.81873183117,0.0,0.0,1081.6109766135771,70779.42970844475,89373.86563737599,89373.86563737599,179.81375435602104,130,7059.67976118118,4137.721680550825,0.0,4137.721680550825,0.16355781043000295,0,1,0,21,0,21,13,2810.0917920277084,7488.623582151893,984.0499772232615,96.84087854177443,172.405070022951,1250.0,0.0,6691.560961816406,10616.948412136479,-1,1,-3484.9400000000005,0.0,0.004327000002376735,0.031392083037644625,0.00028066697996109724,0.03599975001998246,-69.24309539794922
cost_only_3407,cost_only_ablation,2,33,2025-02-03,2,no_season,42,3407,3407,58969.00187602335,0.0,0.0,22342.4728744481,81311.47475047145,72368.69615213668,72368.69615213668,5512.915107297376,1160,663.9558291908708,331.42511357650983,3330.6861833333332,3662.111296909843,0.15938620722222321,3,3,0,2,6,8,8,13678.873399820603,14665.19776291812,4407.644518361542,68.45381999999961,152.5879707045768,1002.2263183615421,3553.2199999999993,10616.948412136479,7420.514378412182,1,-1,0.0,-3553.2199999999993,0.0008245420176535845,0.03115704096853733,0.0002928338944911957,0.03227441688068211,-82.56250762939453
cost_only_3407,cost_only_ablation,2,34,2025-02-04,2,no_season,42,3407,3407,63758.48638830919,0.0,0.0,16922.69571075814,80681.18209906733,81361.58885859625,81361.58885859625,3901.178215419587,870,1289.5988043907414,3331.3059862917576,553.0016666666667,3884.307652958424,0.15596955369733242,1,2,0,18,1,19,14,6308.704036720668,11111.924036720668,3318.01,149.1401357616151,161.846152206601,1250.0,3318.01,7420.514378412182,9997.953789457577,-1,-1,-3553.2199999999993,-3318.01,0.0008507500169798732,0.03064700006507337,0.0002840419765561819,0.031781792058609426,-79.67240905761719
cost_only_3407,cost_only_ablation,2,35,2025-02-05,2,no_season,42,3407,3407,63394.57714798178,0.0,0.0,15503.165593946522,78897.7427419283,78802.68869247082,78802.68869247082,3818.3479710244865,950,2740.9184161561675,804.7091806724721,1673.0179166666667,2477.7270973391387,0.10528874529739035,3,4,0,6,3,9,9,13815.015708991994,17971.24720375778,4401.861273910086,47.46181266535992,103.23862905579745,1166.1701421667653,3378.9674999999997,9997.953789457577,8997.852221303983,-1,-1,-3318.01,-3329.79,0.0011420829687267542,0.029781415942125022,0.00027487496845424175,0.03119837387930602,-79.28916931152344
cost_only_3407,cost_only_ablation,2,36,2025-02-06,2,no_season,42,3407,3407,60490.473959139024,0.0,0.0,14206.654401317504,74697.12836045653,73520.65461325427,73520.65461325427,3352.5595919402176,900,1285.7572522821802,1520.6423695789747,6204.242633333333,7724.885002912308,0.3326022490644004,1,2,0,9,11,20,21,10477.318715789468,14623.45500504458,3518.3223,221.31994348052763,321.8702084546795,1232.2254778842466,3518.3223,8997.852221303983,3900.6142804134365,-1,-1,-3329.79,0.0,0.0010896249441429973,0.029579458059743047,0.00026762508787214756,0.03093670809175819,-76.69210815429688
cost_only_3407,cost_only_ablation,2,37,2025-02-07,2,no_season,42,3407,3407,32378.40586248511,0.0,0.0,8085.800343673529,40464.20620615863,45106.31051240989,45106.31051240989,1466.1642481976373,400,13021.124741884654,6171.750985389535,4426.080633333333,10597.831618722868,0.4383556548276593,1,2,0,35,11,46,45,11918.47609139994,13116.103134020603,2903.8178,245.3011932622497,441.5763174467862,1250.0,2903.8178,3900.6142804134365,5090.15272368132,-1,-1,0.0,0.0,0.001370249898172915,0.030331250047311187,0.00027795799542218447,0.031979457940906286,-39.99864196777344
cost_only_3407,cost_only_ablation,2,38,2025-02-08,2,no_season,42,3407,3407,31071.80744347742,0.0,0.0,11228.693871282734,42300.50131476016,42453.16919047602,42453.16919047602,2512.1408195993436,580,12247.795136987428,4827.551739754606,3687.1995833333335,8514.75132308794,0.35276947206801174,1,2,0,29,9,38,37,8349.746413820892,9495.753186747754,2222.3953,262.0567215648464,354.7813051286642,1250.0,3210.87,5090.15272368132,5783.320806008829,-1,-1,0.0,-3210.87,0.0014789169654250145,0.02964195900131017,0.0002806660486385226,0.03140154201537371,-42.029205322265625
cost_only_3407,cost_only_ablation,2,39,2025-02-09,2,no_season,42,3407,3407,58656.66177992927,0.0,0.0,25784.86443454297,84441.52621447225,73789.62897742767,73789.62897742767,6154.953052265096,990,187.59496668912362,4127.429646336982,3925.8585499999995,8053.288196336982,0.3355767430239073,1,2,0,26,7,33,33,7366.25392467297,11700.47729873888,3254.38,230.37390010421367,335.5536748473742,1221.3833404701165,3456.3921,5783.320806008829,5560.726112151921,-1,-1,-3210.87,-3455.92,0.0015196249587461352,0.030100250034593046,0.000295833102427423,0.031915708095766604,-84.52864837646484
cost_only_3407,cost_only_ablation,2,40,2025-02-10,2,no_season,42,3407,3407,61251.45682849743,0.0,0.0,11636.154518384423,72887.61134688184,77456.66097620974,77456.66097620974,2687.1887675961084,670,4752.037810559351,4561.765916579815,3496.591566666667,8058.357483246482,0.33389176113929514,1,2,0,27,6,33,33,6915.735290593329,11328.759770496443,3353.5211,190.8960199963268,335.7648951352701,1250.0,3588.2487,5560.726112151921,6202.666114159567,-1,-1,-3455.92,-3569.7,0.0017491671023890376,0.031213582959026098,0.0002871250035241246,0.03324987506493926,-72.63636779785156
cost_only_3407,cost_only_ablation,2,41,2025-02-11,2,no_season,42,3407,3407,57599.022624822974,0.0,0.0,18378.89529363154,75977.9179184545,72302.13947835228,72302.13947835228,3814.5085055935433,820,1742.7677558188846,4162.012211460274,5008.729116666667,9170.74132812694,0.3845039806299144,1,2,0,24,9,33,32,6823.610535068397,11399.061959365601,3197.0669,184.39139698842303,382.11422200528915,1250.0,3511.4656000000004,6202.666114159567,4871.433521630914,-1,-1,-3569.7,-3222.62,0.001809665933251381,0.029206500039435923,0.00027120800223201513,0.03128737397491932,-76.49893951416016
cost_only_3407,cost_only_ablation,2,42,2025-02-12,2,no_season,42,3407,3407,59098.87445332504,0.0,0.0,14891.64660801818,73990.52106134323,74557.02959152494,74557.02959152494,3168.2494909194324,740,2038.4152676461717,5483.152098131544,5063.024416666666,10546.176514798211,0.43911129797522397,1,2,0,30,9,39,37,7602.657686178079,12075.277686178079,3334.4123,169.31525617193736,439.42402144992553,1250.0,3470.2312,4871.433521630914,4736.312002561594,-1,-1,-3222.62,-3246.8599999999997,0.002292416989803314,0.0295340419979766,0.0002851670142263174,0.03211162600200623,-74.04341125488281
cost_only_3407,cost_only_ablation,2,43,2025-02-13,2,no_season,42,3407,3407,58348.572653706055,0.0,0.0,9621.42149418576,67969.99414789182,73457.56957395615,73457.56957395615,1923.7823174709824,480,5144.559982842863,5103.347191917608,6196.034299999999,11299.381491917607,0.47386057755420413,1,2,0,31,11,42,43,14439.494926759233,18662.94828667387,4099.573,345.6529580841578,470.8075621632336,1250.0,4099.573,4736.312002561594,3046.5786315111436,-1,-1,-3246.8599999999997,0.0,0.0022685000440105796,0.0296153329545632,0.0002972919028252363,0.032181124901399016,-68.63133239746094
cost_only_3407,cost_only_ablation,2,44,2025-02-14,2,no_season,42,3407,3407,30293.133466924548,0.0,0.0,10218.427730587284,40511.56119751183,42814.898698529905,42814.898698529905,2020.6664888627197,450,13024.869061817059,6439.809592242234,4430.915283333333,10870.724875575568,0.449163941985288,1,2,0,40,11,51,51,11732.7720593661,12535.830899518107,2907.91,257.059545941718,452.9468698156486,1250.0,2907.91,3046.5786315111436,4485.323629435627,-1,-1,0.0,0.0,0.0022248750319704413,0.029477500007487833,0.00027820910327136517,0.03198058414272964,-39.948455810546875
cost_only_3407,cost_only_ablation,2,45,2025-02-15,2,no_season,42,3407,3407,25973.774567977438,0.0,0.0,7424.962112906391,33398.73668088383,41567.41717119183,41567.41717119183,1810.1612297671504,480,13636.52771399316,5500.688270299151,5039.728683333334,10540.416953632484,0.43878131525083786,1,2,0,32,11,43,43,10941.439260753388,11823.43079868117,2748.5898,213.57391107793023,439.1840397346868,1250.0,3007.2386,4485.323629435627,4391.394243045864,-1,-1,0.0,0.0,0.002525874995626509,0.03056270896922797,0.00026516697835177183,0.03335375094320625,-33.43550109863281
cost_only_3407,cost_only_ablation,2,46,2025-02-16,2,no_season,42,3407,3407,49990.78315165627,0.0,0.0,14554.176955198267,64544.96010685453,70722.05476284536,70722.05476284536,3284.653139540167,680,1107.8659027208937,5490.853155368076,7969.390255703442,13460.243411071518,0.567064816839049,1,2,0,32,11,43,44,14964.3324871732,15816.7224069416,4304.836499999999,270.78864192660217,560.8434754613131,1250.0,4510.4814,4391.394243045864,1200.0,-1,-1,0.0,0.0,0.0025519169867038727,0.029909666976891458,0.0002720829797908664,0.0327336669433862,-65.79402160644531
cost_only_3407,cost_only_ablation,2,47,2025-02-17,2,no_season,42,3407,3407,52934.03943086948,0.0,0.0,7893.593308981536,60827.63273985102,74433.17493336351,74433.17493336351,1649.6306449873264,400,4046.1150154744996,8528.273962096662,7675.446565886995,16203.720527983656,0.6742192557533486,1,2,0,49,11,60,56,15925.66845857724,16919.30846541079,4202.99,260.1672235746229,675.1550219993192,1250.0,4514.7427,1200.0,1200.0,-1,-1,0.0,0.0,0.002630499890074134,0.029491208028048277,0.0002745409728959203,0.03239624889101833,-60.827632904052734
cost_only_3407,cost_only_ablation,2,48,2025-02-18,2,no_season,42,3407,3407,51745.71382884249,0.0,0.0,8838.081050479526,60583.79487932201,72960.33562228788,72960.33562228788,1839.8588426201566,560,1838.930337820631,8698.763437540689,7828.887093786623,16527.650531327312,0.6876976322406105,1,2,0,49,11,60,59,16152.126701016306,17191.385195126033,4244.3005627197335,253.72673905471413,688.6521054719714,1250.0,4419.9192,1200.0,1200.0,-1,-1,0.0,0.0,0.002749958075582981,0.02962899999693036,0.0002841249806806445,0.032663083053193986,-60.583797454833984
cost_only_3407,cost_only_ablation,2,49,2025-02-19,2,no_season,42,3407,3407,51656.496846664195,0.0,0.0,16233.942076125853,67890.43892279004,72778.55497702176,72778.55497702176,3418.675324266665,630,2496.8963576171627,8210.065603379328,7389.059043041394,15599.124646420722,0.6490626761520818,1,2,0,49,11,60,61,18045.829534954195,19090.133049129847,4256.7247,336.97793613964484,649.9635269341967,1250.0,4463.7386,1200.0,1200.0,-1,-1,0.0,0.0,0.0028198750223964453,0.02973133302293718,0.00026579201221466064,0.032817000057548285,-67.89043426513672
cost_only_3407,cost_only_ablation,2,50,2025-02-20,2,no_season,42,3407,3407,53148.22051646499,0.0,0.0,9502.83660163831,62651.0571181033,73596.54964735366,73596.54964735366,1851.0728559036802,380,3599.3117617277608,8551.77008196239,7696.5930737661465,16248.363155728537,0.6760767871271492,1,2,0,49,11,60,54,18099.339183680786,19265.603054731084,5000.0,310.2708730935734,677.015131488689,1250.0,5000.0,1200.0,1200.0,-1,-1,0.0,0.0,0.0029553750064224005,0.02968566701747477,0.00027304200921207666,0.03291408403310925,-62.651058197021484
cost_only_3407,cost_only_ablation,2,51,2025-02-21,2,no_season,42,3407,3407,29092.89591680765,0.0,0.0,2667.4699244776066,31760.365841285253,44818.934648271155,44818.934648271155,685.7443006255547,270,16272.501194350702,8601.277504546008,4929.361783333333,13530.639287879341,0.5564954941347772,1,2,0,49,11,60,56,12883.073500723096,14024.190558920869,2788.4988,299.41875629136837,563.7766369949725,1250.0,2897.7054,1200.0,4163.884761686142,-1,-1,0.0,0.0,0.003201749990694225,0.02951800008304417,0.0002708750544115901,0.032990625128149986,-30.6003475189209
cost_only_3407,cost_only_ablation,2,52,2025-02-22,2,no_season,42,3407,3407,25719.36649082799,0.0,0.0,5417.374829598293,31136.74132042628,41601.260915481645,41601.260915481645,1265.8459823487683,420,14104.897194897965,5915.856919599115,4998.410099999999,10914.267019599114,0.45337756326987105,1,2,0,34,11,45,45,10568.005314539958,11818.005314539958,2630.86,254.88460689155954,454.76112581662983,1250.0,2933.673,4163.884761686142,4507.372549769714,-1,-1,0.0,0.0,0.003214334021322429,0.029620000044815242,0.00028074998408555984,0.03311508405022323,-31.00230598449707
cost_only_3407,cost_only_ablation,2,53,2025-02-23,2,no_season,42,3407,3407,49270.453437418444,0.0,0.0,7578.400680506819,56848.85411792527,69731.25179255616,69731.25179255616,1758.0319411309542,540,2503.8955145254567,5403.926235828309,7950.3917,13354.317935828309,0.5627943021386111,1,2,0,32,11,43,43,14782.382048776743,15746.65405735837,4386.8611,352.80501789265554,556.4299139928462,1250.0,4486.9072,4507.372549769714,1253.5384260976448,-1,-1,0.0,0.0,0.0033461250131949782,0.02980174997355789,0.0002768340054899454,0.03342470899224281,-58.122352600097656
cost_only_3407,cost_only_ablation,2,54,2025-02-24,2,no_season,42,3407,3407,50898.823936975925,0.0,0.0,8405.647171565208,59304.47110854114,72188.36540593386,72188.36540593386,1787.2558412139595,400,4616.578920141219,8952.64461033994,7796.635900000001,16749.28051033994,0.6963166774537658,1,2,0,49,11,60,55,15306.526294535746,16501.159240004275,4254.0339,253.7819121569466,697.8866879308308,1250.0,4422.0864,1253.5384260976448,1528.3869976301671,-1,-1,0.0,0.0,0.003444500034675002,0.029521416989155114,0.0002672499977052212,0.03323316702153534,-59.1968994140625
cost_only_3407,cost_only_ablation,2,55,2025-02-25,2,no_season,42,3407,3407,50286.81060019656,0.0,0.0,3983.479906501036,54270.290506697595,71492.72597441747,71492.72597441747,803.6512384797124,330,5970.869536124414,8157.197033881113,7653.012590441693,15810.209624322806,0.6585658403137739,1,2,0,47,11,58,59,16369.793355282114,17356.649566874035,4189.974,274.36535195838826,658.7587343467835,1250.0,4572.06,1528.3869976301671,1200.0,-1,-1,0.0,0.0,0.0033921670401468873,0.02951720799319446,0.00026862509548664093,0.03317800012882799,-54.39881896972656
cost_only_3407,cost_only_ablation,2,56,2025-02-26,2,no_season,42,3407,3407,49638.09041171904,0.0,0.0,9240.296137526104,58878.386549245144,70926.69537238857,70926.69537238857,2001.5290426315196,380,3243.0454103357706,8703.309713509869,7832.978742158881,16536.28845566875,0.6880570469139679,1,2,0,49,11,60,58,16184.172498696204,17204.37354741582,4374.4308,265.6915329176189,689.0120189861977,1250.0,4433.9686,1200.0,1200.0,-1,-1,0.0,0.0,0.00359391700476408,0.02961687499191612,0.00027799990493804216,0.03348879190161824,-58.878387451171875
cost_only_3407,cost_only_ablation,2,57,2025-02-27,2,no_season,42,3407,3407,50413.920565436594,0.0,0.0,11509.360498106937,61923.28106354353,70967.75750779554,70967.75750779554,2125.048545905844,380,5272.019306381729,8642.02547319655,7777.822925876895,16419.848399073446,0.6832121023123879,1,2,0,49,11,60,59,16545.04440759854,17698.28375194867,5000.0,262.13113769190255,684.1603499613934,1250.0,5000.0,1200.0,1200.0,-1,-1,0.0,0.0,0.0036868329625576735,0.029521791962906718,0.0002662499900907278,0.03347487491555512,-61.92327880859375
cost_only_3407,cost_only_ablation,2,58,2025-02-28,2,no_season,42,3407,3407,28181.91895146142,0.0,0.0,3039.07663112269,31220.99558258411,44190.938215661416,44190.938215661416,603.9241409842984,260,17569.758395867742,8824.644460777974,4892.134050000001,13716.778510777975,0.5636897868109194,1,2,0,49,11,60,56,13803.257110637838,14971.582093362073,2803.41,266.894024613975,571.5324379490822,1250.0,2827.06,1200.0,4415.030738886027,-1,-1,0.0,0.0,0.003849665983580053,0.029671165975742042,0.00027124991174787283,0.03379208187106997,-29.962682723999023
cost_only_3407,cost_only_ablation,2,59,2025-03-01,3,no_season,42,3407,3407,32092.680714710514,0.0,0.0,985.8414484702375,33078.52216318075,43298.14568329492,43298.14568329492,183.1568746345725,120,18820.389309727037,3107.362364869119,2105.21505,5212.577414869119,0.2152914285012708,1,1,0,17,5,22,22,5543.801662956809,8143.833762956809,2615.297,135.00805325287658,217.19072561954667,1250.0,2615.297,4415.030738886027,5143.842007939687,-1,1,0.0,1250.0,0.0046004579635336995,0.03289483394473791,0.0002892919583246112,0.03778458386659622,-32.793277740478516
cost_only_3407,cost_only_ablation,2,60,2025-03-02,3,no_season,42,3407,3407,65438.59625702832,0.0,0.0,4253.168413181204,69691.76467020952,78036.6354825628,78036.6354825628,1220.4172213090733,330,4600.531243254645,5616.090767500587,3317.876373550023,8933.96714105061,0.3677183454120585,1,2,0,39,18,57,60,8898.788507127925,11059.441942127065,1020.7193683664183,279.0883408206845,372.2486308771088,1250.0,1250.0,5143.842007939687,6974.38474097728,1,1,1250.0,0.0,0.00414624996483326,0.031266083009541035,0.00028862489853054285,0.03570095787290484,-68.9753189086914
cost_only_3407,cost_only_ablation,2,61,2025-03-03,3,no_season,42,3407,3407,66313.33067805605,0.0,0.0,3797.7685950335544,70111.09927308961,78015.1880106385,78015.1880106385,1049.2218799145207,280,3551.78976313934,8249.674860195359,4754.201366115001,13003.87622631036,0.5349040421479319,1,2,0,49,26,75,66,11007.458757852208,12248.431051264342,1250.0,271.3396024244854,541.828176096265,1250.0,1250.0,6974.38474097728,9789.345237855998,1,1,0.0,0.0,0.004235374974086881,0.031470166984945536,0.00030395807698369026,0.03600950003601611,-69.00936126708984
cost_only_3407,cost_only_ablation,2,62,2025-03-04,3,no_season,42,3407,3407,64802.856125605984,0.0,0.0,3642.3280140448064,68445.18413965078,76209.71002833408,76209.71002833408,1024.1001766004829,240,6234.1695469985225,8413.914316614775,6613.731592012062,15027.645908626837,0.6230677168607113,1,2,0,44,39,83,69,10085.053434837919,11074.903624880277,1250.0,298.52910309695244,626.1519128594516,1250.0,1250.0,9789.345237855998,10800.0,1,1,0.0,0.0,0.004140249919146299,0.03116533299908042,0.00028470903635025024,0.03559029195457697,-68.04963684082031
cost_only_3407,cost_only_ablation,2,63,2025-03-05,3,no_season,42,3407,3407,62624.726434132914,0.0,0.0,1893.8237257325313,64518.55015986545,73032.18017892315,73032.18017892315,639.5014448416612,210,6744.180785176533,7970.288219216192,7173.259397294571,15143.547616510763,0.6301066095182645,1,2,0,46,44,90,81,13330.630901670635,14510.336828859487,1250.0,366.4965047904124,630.9811506879485,1250.0,1250.0,10800.0,10800.0,1,1,0.0,0.0,0.004102625069208443,0.03128524997737259,0.0003005419857800007,0.03568841703236103,-64.51854705810547
cost_only_3407,cost_only_ablation,2,64,2025-03-06,3,no_season,42,3407,3407,53625.456329801804,0.0,0.0,4521.588345813339,58147.04467561514,62076.6213989077,62076.6213989077,808.3413423826174,270,2566.9787925637997,8213.501820598509,13836.17200520532,22049.673825803828,0.9323590780754971,2,3,0,48,55,103,88,21940.560088441933,23127.60384487893,4352.2478,422.5211215845511,918.7364094084928,1250.0,4352.2478,10800.0,4007.4061176066475,1,-1,0.0,0.0,0.004234708030708134,0.031198207987472415,0.00030179100576788187,0.03573470702394843,-60.80555725097656
cost_only_3407,cost_only_ablation,2,65,2025-03-07,3,no_season,42,3407,3407,30401.744021803257,0.0,0.0,91.52679260799137,30493.270814411248,40595.9137521549,40595.9137521549,26.973121544182675,20,21504.679009713363,0.0,1804.0776693476096,1804.0776693476096,0.07923603487481364,0,0,0,0,5,5,5,2587.4929,5159.5082,1638.140883914341,0.0,75.16990288948374,0.0,2572.0153,4007.4061176066475,2105.7412806111197,-1,-1,0.0,0.0,0.004271334037184715,0.031974917044863105,0.0002870829775929451,0.036533334059640765,-31.237552642822266
cost_only_3407,cost_only_ablation,2,66,2025-03-08,3,no_season,42,3407,3407,30298.978415061705,0.0,0.0,788.8590957199743,31087.837510781683,40677.9684106569,40677.9684106569,271.96494345178525,210,22179.01359632671,344.32781783168195,636.5475767163796,980.8753945480615,0.04156825459691409,1,1,0,2,2,4,4,3550.6845104685012,6067.257010468502,1302.7129602982777,0.0,40.86980810616924,1034.112010468501,2516.5725,2105.7412806111197,1761.4192699473745,-1,1,0.0,1034.112010468501,0.004220500006340444,0.031711416086182,0.0002804580144584179,0.03621237410698086,-31.22260093688965
cost_only_3407,cost_only_ablation,2,67,2025-03-09,3,no_season,42,3407,3407,60832.93133642024,0.0,0.0,2658.7217665921153,63491.65310301236,78457.54447079428,78457.54447079428,786.8627689047904,280,5472.691537704808,18634.400753121135,8196.210101126871,26830.61085424801,1.0965711998866352,7,8,0,57,39,96,82,47400.046867469544,49512.93851738488,6966.447858525125,1203.3588919209997,1117.9421189270004,3750.0,3555.989367723662,1761.4192699473745,10800.0,1,1,1034.112010468501,0.0,0.004037791979499161,0.031037250068038702,0.00030224991496652365,0.03537729196250439,-59.95409393310547
cost_only_3407,cost_only_ablation,2,68,2025-03-10,3,no_season,42,3407,3407,56055.00319243053,0.0,0.0,4893.131890312486,60948.13508274301,67680.36652457694,67680.36652457694,1472.358300683074,370,1164.650504253986,12838.309088533293,12892.306217527272,25730.615306060565,1.0737155578089075,13,14,0,59,45,104,98,89150.39177832966,90334.44088166987,7008.164564876509,6606.27564802864,1072.1089710858569,3674.737813445936,3519.5701551724314,10800.0,9389.805427589514,1,1,0.0,0.0,0.0041394170839339495,0.031888124998658895,0.00029508303850889206,0.03632262512110174,-61.50006866455078
cost_only_3407,cost_only_ablation,2,69,2025-03-11,3,no_season,42,3407,3407,60995.916251547766,0.0,0.0,1579.2088124016238,62575.125063949396,71079.78358262556,71079.78358262556,491.4689716113443,140,5788.310021836842,8431.344760338168,6587.321027938113,15018.665788276281,0.6225967498572457,1,2,0,49,38,87,84,11428.951879253826,12641.631763605821,1250.0,258.98455021180865,625.7777411781784,1250.0,1250.0,9389.805427589514,10444.835339492683,1,1,0.0,0.0,0.004115249961614609,0.031181875034235418,0.00028074998408555984,0.035577874979935586,-62.16220474243164
cost_only_3407,cost_only_ablation,2,70,2025-03-12,3,no_season,42,3407,3407,58531.671130907744,0.0,0.0,2315.2600218657353,60846.93115277348,71420.59335809061,71420.59335809061,988.6505632155875,230,8758.731103313123,8780.393531786847,7565.415397127088,16345.808928913935,0.6793525303052739,13,14,0,39,40,79,71,51717.40109849979,52730.98434642924,4587.2987443773545,2274.710303285374,681.0753720380807,3656.602120812766,3578.497427926197,10444.835339492683,10800.0,1,1,0.0,0.0,0.004323041997849941,0.0314265419729054,0.00030316703487187624,0.036052751005627215,-60.707923889160156
cost_only_3407,cost_only_ablation,2,71,2025-03-13,3,no_season,42,3407,3407,48294.82518125641,0.0,0.0,10425.945713162517,58720.77089441893,58043.14178149043,58043.14178149043,2144.4372910941465,560,393.9237671956051,8831.190729273425,16583.15344055112,25414.344169824544,1.0774242375066654,6,7,0,38,46,84,82,46169.56051952329,47419.56051952329,6817.957187834516,1776.9182889632573,1058.9310070760228,3736.0029426372976,3710.561779138574,10800.0,1697.8245933604928,1,-1,0.0,0.0,0.004249709076248109,0.03154987492598593,0.0003095000283792615,0.0361090840306133,-62.28322219848633
cost_only_3407,cost_only_ablation,2,72,2025-03-14,3,no_season,42,3407,3407,29132.531506700867,0.0,0.0,1063.3735809268942,30195.905087627765,39392.80673972505,39392.80673972505,269.8928621149846,200,24025.7779685067,0.0,392.50435,392.50435,0.01723899635449876,0,0,0,0,1,1,1,2355.0261,4710.0522,2355.0261,0.0,16.35434791666667,0.0,2355.0261,1697.8245933604928,1284.0886808525227,-1,-1,0.0,0.0,0.004049916984513402,0.03079179208725691,0.00028141692746430635,0.03512312599923462,-30.357833862304688
cost_only_3407,cost_only_ablation,2,73,2025-03-15,3,no_season,42,3407,3407,29723.96621667048,0.0,0.0,948.479563052375,30672.445779722853,40438.082848115286,40438.082848115286,213.42899073994639,150,19788.939604180352,0.0,61.55291532512268,61.55291532512268,0.0027034362368176575,0,0,0,0,1,1,1,369.3174919507361,738.6349839014722,369.3174919507361,0.0,2.564704805213445,0.0,369.3174919507361,1284.0886808525227,1219.2062111688988,-1,-1,0.0,0.0,0.004234957974404097,0.03194949997123331,0.0002940419362857938,0.0364784998819232,-30.697839736938477
cost_only_3407,cost_only_ablation,2,74,2025-03-16,3,no_season,42,3407,3407,57358.813177605545,0.0,0.0,3495.573668170723,60854.386845776266,74849.51953981235,74849.51953981235,1091.0233448635197,300,6870.206050443833,13848.895976969989,8129.606076071294,21978.50205304128,0.9044822306902849,5,6,0,42,43,85,78,22821.182444499274,26237.099418307465,3593.5173705521765,809.2763714299456,915.7709188767201,3675.593121916143,3593.5173705521765,1219.2062111688988,5788.065294182824,-1,-1,0.0,-1250.0,0.0042562499875202775,0.03176091704517603,0.00030695891473442316,0.03632412594743073,-59.06620407104492
cost_only_3407,cost_only_ablation,2,75,2025-03-17,3,no_season,42,3407,3407,55891.54978940493,0.0,0.0,3000.875216932276,58892.4250063372,70792.83616073188,70792.83616073188,1059.9891980413156,300,12765.712620260321,7201.029995587214,5972.048690407665,13173.078685994882,0.5469412057755145,3,4,0,19,40,59,54,20853.90422145655,25790.710350534686,3557.665388404702,1210.2604269498547,548.87827858312,3750.0,3557.665388404702,5788.065294182824,6324.470126719189,-1,-1,-1250.0,-1019.0067070788812,0.004096582997590303,0.03156383300665766,0.0002914159558713436,0.03595183196011931,-58.68247985839844
cost_only_3407,cost_only_ablation,2,76,2025-03-18,3,no_season,42,3407,3407,53770.727915233874,0.0,0.0,7034.272551666634,60805.0004669005,68704.34294850624,68704.34294850624,1823.2412499555435,410,9003.181067284751,8943.315881743552,8544.871117233186,17488.186998976737,0.7288108091895077,4,4,0,30,48,78,55,19715.545162402872,19842.462840576896,4526.474947623999,516.9390372752187,728.6744582906974,3750.0,1250.0,6324.470126719189,5801.759518571034,-1,-1,-1019.0067070788812,-1250.0,0.004140208009630442,0.03162229200825095,0.000329416012391448,0.03609191603027284,-61.00958251953125
cost_only_3407,cost_only_ablation,2,77,2025-03-19,3,no_season,42,3407,3407,55213.4522911085,0.0,0.0,2731.2056004641368,57944.65789157264,69992.61362642529,69992.61362642529,966.7519930396611,300,10064.53117873628,8200.275633945927,6770.911643217255,14971.187277163182,0.6215263365045162,5,6,0,25,44,69,60,17533.389973703484,22291.110619164545,2103.8567887911045,760.9066106276557,623.7994698817994,3750.0,1250.0,5801.759518571034,6444.056509132833,-1,-1,-1250.0,-1014.3963093409286,0.004355291021056473,0.03168783301953226,0.0003054169937968254,0.03634854103438556,-57.693275451660156
cost_only_3407,cost_only_ablation,2,78,2025-03-20,3,no_season,42,3407,3407,47496.45742505585,0.0,0.0,5677.315412083572,53173.772837139426,63146.89723093049,63146.89723093049,1690.5562181015555,530,3620.0330015724458,7241.709396267559,8233.250765474633,15474.960161742192,0.6478623781520576,3,4,0,23,51,74,59,14921.651594678271,19686.0479040192,2551.79185991911,366.9601064587219,644.7900067392579,3750.0,1250.0,6444.056509132833,4635.536940632464,-1,-1,-1014.3963093409286,-1042.0332033028023,0.0041961669921875,0.03192450001370162,0.00031466607470065355,0.03643533308058977,-53.881595611572266
cost_only_3407,cost_only_ablation,2,79,2025-03-21,3,no_season,42,3407,3407,27747.63722043416,0.0,0.0,1175.4636342628155,28923.10085469698,36228.564380312455,36228.564380312455,319.90318978150685,250,27506.231640127207,0.0,2991.2285866999064,2991.2285866999064,0.1313763241135854,0,0,0,0,16,16,14,2654.2706405703175,2724.796609032448,805.4190924814554,110.95845233287217,124.63452444582946,0.0,1250.0,4635.536940632464,1482.5051619064145,-1,-1,-1042.0332033028023,0.0,0.00415225001052022,0.03165662498213351,0.00029729201924055815,0.036106167011894286,-30.157148361206055
cost_only_3407,cost_only_ablation,2,80,2025-03-22,3,no_season,42,3407,3407,28893.97261849615,0.0,0.0,563.5218856341806,29457.494504130333,39299.88752733574,39299.88752733574,153.311419738086,110,23738.65527763898,0.0,166.6560638984947,166.6560638984947,0.0073196214971917185,0,0,0,0,1,1,1,999.9363833909681,1999.8727667819362,999.9363833909681,0.0,6.944002662437279,0.0,999.9363833909681,1482.5051619064145,1306.8342459738133,-1,-1,0.0,0.0,0.004087249981239438,0.03141845797654241,0.0002857090439647436,0.035791417001746595,-29.526248931884766
cost_only_3407,cost_only_ablation,2,81,2025-03-23,3,no_season,42,3407,3407,56731.120296602385,0.0,0.0,3542.977579893969,60274.09787649635,74046.96125678446,74046.96125678446,1159.3882484028381,280,10402.490209659438,13055.885755702195,7021.746576840996,20077.63233254319,0.8244779806719295,3,4,0,34,43,77,67,15029.104379822407,18608.238015913477,3444.7286864025054,353.4890850409438,836.5680138559663,3750.0,1250.0,1306.8342459738133,6291.164225228081,-1,-1,0.0,-971.9169871485133,0.004077750025317073,0.02993299998342991,0.000278624938800931,0.03428937494754791,-58.323307037353516
cost_only_3407,cost_only_ablation,2,82,2025-03-24,3,no_season,42,3407,3407,53261.970535839675,0.0,0.0,3300.676347538813,56562.64688337849,67789.45817719617,67789.45817719617,1175.4459557209207,310,10367.307444359365,8812.524450809768,8213.424845585381,17025.94929639515,0.7090835303208554,4,4,0,31,48,79,74,24084.706687099257,24345.111822282375,4442.8214982517975,646.1368220080361,709.4145540164646,3750.0,1250.0,6291.164225228081,5993.7490178175585,-1,-1,-971.9169871485133,-1215.3383802944802,0.003883874975144863,0.029710875009186566,0.0002833750331774354,0.033878125017508864,-56.679046630859375
cost_only_3407,cost_only_ablation,2,83,2025-03-25,3,no_season,42,3407,3407,54804.38988139128,0.0,0.0,3936.661142959236,58741.05102435052,69377.61249796244,69377.61249796244,1448.6132236529145,390,8931.413254133775,8429.85737266755,7485.1696218526295,15915.02699452018,0.661971935568731,3,4,0,27,48,75,62,18755.28451618155,23449.311073914156,3523.3407470325865,438.49829101252766,663.1261247716741,3750.0,1250.0,5993.7490178175585,6100.952352963399,-1,-1,-1215.3383802944802,-1025.2943920878208,0.003963791998103261,0.029650958022102714,0.0002845419803634286,0.0338992920005694,-58.699092864990234
cost_only_3407,cost_only_ablation,2,84,2025-03-26,3,no_season,42,3407,3407,54464.68131761945,0.0,0.0,2054.5229125172636,56519.20423013672,69167.77880491284,69167.77880491284,819.4868879375556,310,13609.59881265841,7852.508552588615,7067.39653906329,14919.905091651905,0.620801407304862,3,4,0,24,40,64,52,16112.118081846274,20887.412473934095,3254.7912387963306,399.3811837475349,621.6627121521627,3750.0,1250.0,6100.952352963399,6100.80600092598,-1,-1,-1025.2943920878208,-1140.5576573468936,0.003908250015228987,0.029836083995178342,0.0002773749874904752,0.034021708997897804,-56.519264221191406
cost_only_3407,cost_only_ablation,2,85,2025-03-27,3,no_season,42,3407,3407,47362.69747716683,0.0,0.0,4546.133350982509,51908.830828149345,63149.460522766836,63149.460522766836,1406.2367551736113,410,6536.854869404935,8547.658810649486,9245.805802113977,17793.46461276346,0.7439565082162871,4,4,0,25,55,80,64,19829.328057862578,19830.073982414804,4869.82953051525,416.1842547171415,741.3943588651441,3653.8558137629925,1250.0,6100.80600092598,4463.892105930064,-1,-1,-1140.5576573468936,-1120.8057641915532,0.003930208971723914,0.030238416977226734,0.00028525001835078,0.03445387596730143,-52.54949188232422
cost_only_3407,cost_only_ablation,2,86,2025-03-28,3,no_season,42,3407,3407,27590.262329545378,0.0,0.0,860.6154480204348,28450.877777565816,36272.75315206101,36272.75315206101,233.51342848977023,120,28385.62293362149,0.0,2701.2371197373755,2701.2371197373755,0.11863974720226501,0,0,0,0,15,15,14,2594.6548992522394,2654.561211193869,972.1596579515599,126.7536785947447,112.55154665572397,0.0,1250.0,4463.892105930064,1616.538173075704,-1,-1,-1120.8057641915532,0.0,0.004048791015520692,0.029998832964338362,0.00027304200921207666,0.03432066598907113,-29.565288543701172
cost_only_3407,cost_only_ablation,2,87,2025-03-29,3,no_season,42,3407,3407,31286.198110724727,0.0,0.0,422.4164697949951,31708.614580519723,42441.36523740066,42441.36523740066,116.8838077398093,100,30757.465677829732,4488.736991774803,395.1628077973946,4883.8997995721975,0.19478866610474854,1,1,0,25,1,26,25,4541.819965383629,6912.796812167997,2370.9768467843674,82.23056508389045,203.4958249821749,1250.0,2370.9768467843674,1616.538173075704,5458.3898134382625,-1,1,0.0,1115.4606023598321,0.004613665980286896,0.033449833979830146,0.0002970419591292739,0.038360541919246316,-30.204971313476562
cost_only_3407,cost_only_ablation,2,88,2025-03-30,3,no_season,42,3407,3407,55458.82591026382,0.0,0.0,2285.6081838302334,57744.434094094046,68079.94709414835,68079.94709414835,573.0471154935437,250,11187.927960010105,5921.302486215118,3801.855936583335,9723.158422798453,0.4010395334662195,1,2,0,32,10,42,40,7429.384426469451,11044.845028829282,1716.4089291984997,199.7172474036112,405.1316009499355,1250.0,2500.0,5458.3898134382625,7068.3225530035215,1,1,1115.4606023598321,1006.695445600976,0.00415858393535018,0.03182979207485914,0.00028912501875311136,0.03627750102896243,-57.11433029174805
cost_only_3407,cost_only_ablation,2,89,2025-03-31,3,no_season,42,3407,3407,54604.79725359617,0.0,0.0,1177.7574660303326,55782.5547196265,66458.35920014397,66458.35920014397,298.1866876220454,160,9598.795463168935,5626.123340925075,5419.762399661322,11045.885740586396,0.46043085137212353,1,2,0,31,14,45,41,7505.283323209151,10993.297970695801,1613.709392272435,187.3156384267976,460.24523919109987,1250.0,2500.0,7068.3225530035215,6692.800612688107,1,1,1006.695445600976,1145.5076834565837,0.004183624987490475,0.031622332986444235,0.00029445800464600325,0.03610041597858071,-55.929527282714844
cost_only_3407,cost_only_ablation,2,90,2025-04-01,4,no_season,42,3407,3407,55645.75226207606,0.0,0.0,500.04340540555495,56145.79566748161,68092.41222618206,68092.41222618206,128.10297538848977,110,7375.373568228723,5595.030885733955,4958.740769058799,10553.771654792754,0.43895350300942415,1,2,0,31,13,44,42,8543.868793329239,12115.844986996693,1237.718294454412,273.0886648188295,439.74048561636477,1250.0,2500.0,6692.800612688107,6773.741247207078,1,1,1145.5076834565837,1042.4567481536887,0.004214083077386022,0.03175179101526737,0.00028574990574270487,0.0362516239983961,-56.11411666870117
cost_only_3407,cost_only_ablation,2,91,2025-04-02,4,no_season,42,3407,3407,55051.136716663095,0.0,0.0,5673.893338195681,60725.030054858784,67428.56196327592,67428.56196327592,1131.1912990968247,220,7512.804819520732,5570.190179007386,4958.5771361553725,10528.767315162759,0.43796440101741335,1,2,0,31,13,44,41,7331.718510699391,10874.17525885308,1726.2913732835577,189.66760885837485,438.6986381317816,1250.0,2500.0,6773.741247207078,6831.288402367772,1,1,1042.4567481536887,1250.0,0.004314707941375673,0.03147345804609358,0.00031758297700434923,0.036105748964473605,-60.70250701904297
cost_only_3407,cost_only_ablation,2,92,2025-04-03,4,no_season,42,3407,3407,55511.94890066894,0.0,0.0,1157.8547817459146,56669.80368241486,67787.63713335914,67787.63713335914,293.5538484079444,170,12178.048713552465,5087.815311992667,5048.203310444709,10136.018622437376,0.4228332886495373,1,2,0,28,13,41,39,7578.912853232194,11235.473024607636,2041.5239080778447,205.50776441216942,422.334109268224,1250.0,2500.0,6831.288402367772,6336.740294885091,1,1,1250.0,1250.0,0.004428792046383023,0.03153104102239013,0.00028675002977252007,0.03624658309854567,-56.863365173339844
cost_only_3407,cost_only_ablation,2,93,2025-04-04,4,no_season,42,3407,3407,27964.466307311282,0.0,0.0,476.68537227482966,28441.151679586106,36750.59577930856,36750.59577930856,124.12811169674058,130,31231.718976548567,3713.5317849987414,4501.329120542005,8214.860905540747,0.34449096198026957,1,2,0,20,12,32,30,6784.521411112901,10323.495111112901,1379.9814925753103,219.05601304450124,342.2858710641978,1250.0,2500.0,6336.740294885091,5114.888369774654,1,1,1250.0,1222.1865009185144,0.004353333031758666,0.031638083048164845,0.00029208301566541195,0.03628349909558892,-28.91936492919922
cost_only_3407,cost_only_ablation,2,94,2025-04-05,4,no_season,42,3407,3407,28927.873111200603,0.0,0.0,1276.3458737269334,30204.218984927535,38064.883327556694,38064.883327556694,288.94829099366314,170,25292.725150736194,4505.148132526481,3488.156648045656,7993.304780572137,0.33128328068050833,1,2,0,25,9,34,32,6953.116515110492,10265.543038230218,2241.448399494024,159.03157610574806,333.0543658571724,1250.0,2500.0,5114.888369774654,5712.007210585126,1,1,1222.1865009185144,1160.718348202606,0.004245084011927247,0.03212791704572737,0.00032541691325604916,0.03669841797091067,-29.970516204833984
cost_only_3407,cost_only_ablation,2,95,2025-04-06,4,no_season,42,3407,3407,55616.64999939651,0.0,0.0,514.1329669174892,56130.78296631401,68498.2258735671,68498.2258735671,134.39882116514917,90,12717.970764458218,5460.861289607582,3956.2836260002205,9417.144915607802,0.389621541986866,1,2,0,31,11,42,40,7179.4338810377985,10522.324920291068,1810.2669574267168,276.3387644160779,392.3810381503251,1250.0,2500.0,5712.007210585126,6722.345999742943,1,1,1160.718348202606,1250.0,0.004467374994419515,0.03282845800276846,0.000287666916847229,0.0375834999140352,-55.7353515625
cost_only_3407,cost_only_ablation,2,96,2025-04-07,4,no_season,42,3407,3407,54382.75420841028,0.0,0.0,176.4713282887889,54559.22553669907,66496.57768810162,66496.57768810162,81.1457075949628,70,12314.65536779155,5783.287420318272,4762.9386757465845,10546.226096064856,0.4377952655765298,1,2,0,32,13,45,42,7431.424480603441,10811.054454245997,1165.8775543094994,184.89003719495068,439.4260873360356,1250.0,2500.0,6722.345999742943,7188.275992869399,1,1,1250.0,1003.7136079035818,0.004104666993953288,0.03238254098687321,0.00028779206331819296,0.03677500004414469,-54.37686538696289
cost_only_3407,cost_only_ablation,2,97,2025-04-08,4,no_season,42,3407,3407,53588.18741795636,0.0,0.0,3129.42610134844,56717.61351930481,65630.25698547499,65630.25698547499,653.981152485447,200,11735.286711300858,5378.407577932436,5182.649767939526,10561.057345871963,0.44022491527097857,1,2,0,31,14,45,44,7097.76647299053,10490.662370163038,1155.1322917751984,261.33181257298816,440.0440560779984,1250.0,2464.190612625914,7188.275992869399,6827.6889049515485,1,1,1003.7136079035818,1016.7510139541209,0.004222457995638251,0.031556208967231214,0.0002995829563587904,0.036078249919228256,-56.858741760253906
cost_only_3407,cost_only_ablation,2,98,2025-04-09,4,no_season,42,3407,3407,55404.52597058323,0.0,0.0,935.1827218026575,56339.70869238589,67591.28478191025,67591.28478191025,233.15166478470474,100,8065.887787445916,5616.288670698306,4992.05102811593,10608.339698814238,0.4412567947416252,1,2,0,32,13,45,45,8189.54035398257,11427.030590339937,1692.446036956077,227.655818704799,442.0141541172599,1250.0,2483.6798572912294,6827.6889049515485,6893.684348996155,1,1,1016.7510139541209,1017.9669850326295,0.004230999969877303,0.03230341605376452,0.0002837920328602195,0.036818208056502044,-56.313880920410156
cost_only_3407,cost_only_ablation,2,99,2025-04-10,4,no_season,42,3407,3407,54423.297732210616,0.0,0.0,1160.1564319450188,55583.45416415562,66973.1670413544,66973.1670413544,226.08044153149262,110,13005.258006916978,4815.237820009867,5081.886244040961,9897.12406405083,0.4135380892916848,1,2,0,27,13,40,37,7072.157455644958,10323.783026198653,2175.4667039792903,208.94816174655065,412.3801693354513,1250.0,2495.8000166345837,6893.684348996155,6105.041597964771,1,1,1017.9669850326295,1034.424760984261,0.004123665974475443,0.03195562504697591,0.00031399994622915983,0.036393290967680514,-55.892120361328125
cost_only_3407,cost_only_ablation,2,100,2025-04-11,4,no_season,42,3407,3407,27660.92692442674,0.0,0.0,838.2039785861263,28499.13090301286,36494.58077645474,36494.58077645474,192.45277746238253,120,32124.150849669968,3557.021760834785,4310.789223254291,7867.810984089076,0.3299357481154196,1,2,0,20,12,32,29,6794.129135582567,10171.842496566827,1927.1416464690137,212.4114427064089,327.82545767037817,1250.0,2500.0,6105.041597964771,4935.557913807079,1,1,1034.424760984261,1064.3054976604553,0.004580291919410229,0.03264895803295076,0.00032362493220716715,0.037552874884568155,-28.95684814453125
cost_only_3407,cost_only_ablation,2,101,2025-04-12,4,no_season,42,3407,3407,28113.116052312816,0.0,0.0,262.8065552381331,28375.92260755095,37509.70212739006,37509.70212739006,63.034752310577574,70,27560.735820632675,4108.905871345719,3122.065362277757,7230.971233623475,0.2995415092908136,1,2,0,22,9,31,30,8277.246394002865,9341.55189166332,2396.055172226322,173.51859615595052,301.29046806764484,1250.0,2421.0035519141375,4935.557913807079,5542.662437642304,1,1,1064.3054976604553,937.6411668792796,0.004249333986081183,0.03206491703167558,0.00029866595286875963,0.03661291697062552,-28.138309478759766
cost_only_3407,cost_only_ablation,2,102,2025-04-13,4,no_season,42,3407,3407,48944.7201417726,0.0,0.0,8309.906717178295,57254.6268589509,65304.63000123638,65304.63000123638,1797.35700627832,500,6762.757973925357,10753.22212633657,4690.351576080564,15443.573702417134,0.6310611208586573,3,4,0,57,13,70,35,19972.25567821291,23385.67443394492,3750.0,727.6051344463391,643.4822376007139,1250.0,2500.0,5542.662437642304,10800.0,1,1,937.6411668792796,0.0,0.004382791928946972,0.031517041963525116,0.00029337499290704727,0.036193208885379136,-55.196983337402344
cost_only_3407,cost_only_ablation,2,103,2025-04-14,4,no_season,42,3407,3407,49545.43229188233,0.0,0.0,5769.104534964617,55314.53682684695,63775.488743361304,63775.488743361304,1124.1712936950466,380,11779.741266995254,5918.869700611085,5326.982730549982,11245.852431161067,0.4679277356922487,3,4,0,30,15,45,30,18802.236619624055,21033.390332539846,3750.0,704.6841041787128,468.57718463171113,1250.0,2500.0,10800.0,10800.0,1,1,0.0,0.0,0.004183667013421655,0.03182879101950675,0.0002975000534206629,0.03630995808634907,-55.314537048339844
cost_only_3407,cost_only_ablation,2,104,2025-04-15,4,no_season,42,3407,3407,49048.16135299584,0.0,0.0,4519.753166428367,53567.914519424216,63178.2341643782,63178.2341643782,832.2393679372018,250,13068.023813254127,8030.20885727948,7227.1879715515415,15257.39682883102,0.6348437518965291,5,6,0,40,22,62,34,28103.635013050916,30260.47864012101,3726.0469092713097,1250.0,635.7248678679593,1250.0,2476.0469092713097,10800.0,10800.0,1,1,0.0,0.0,0.004067459027282894,0.03175024990923703,0.0002989580389112234,0.036116666975431144,-53.56791305541992
cost_only_3407,cost_only_ablation,2,105,2025-04-16,4,no_season,42,3407,3407,46200.37673941473,0.0,0.0,5510.600035862396,51710.97677527712,59924.08556963605,59924.08556963605,1271.8864370935114,430,4715.729568328162,7006.504884014086,6305.854395612684,13312.359279626771,0.55391284676446,3,4,0,44,18,62,49,20040.068364615436,22346.582804558177,3679.722004876455,553.8191880255615,554.6816366511155,1250.0,2500.0,10800.0,10800.0,1,1,0.0,0.0,0.004137583891861141,0.031247499980963767,0.0003160419873893261,0.03570112586021423,-51.710975646972656
cost_only_3407,cost_only_ablation,2,106,2025-04-17,4,no_season,42,3407,3407,48195.936076932434,0.0,0.0,5844.934768874275,54040.870845806705,61579.24335655723,61579.24335655723,1228.1833996549449,400,9532.322859814423,4067.615463977587,3660.8539175798355,7728.469381557423,0.32157323779729435,3,4,0,21,11,32,18,13949.6089932254,16359.624356182023,3640.5228085373815,448.01362719517607,322.0195575648926,1250.0,2410.0153629566225,10800.0,10800.0,1,1,0.0,0.0,0.004079749924130738,0.03147766599431634,0.00030399998649954796,0.035861415904946625,-54.040870666503906
cost_only_3407,cost_only_ablation,2,107,2025-04-18,4,no_season,42,3407,3407,25038.92948821718,0.0,0.0,591.9727199926087,25630.90220820979,32758.602966416183,32758.602966416183,202.52230290947222,100,30197.00621746035,2581.7621901062503,6171.760321574284,8753.522511680534,0.3731200527320044,1,2,0,13,16,29,26,6904.13586184335,6904.13586184335,2235.710797196493,83.59168922851046,364.7301046533556,1250.0,2408.521710363457,10800.0,6743.668073016121,1,1,0.0,1205.3050123692442,0.004115583025850356,0.03147229098249227,0.0002930830232799053,0.03588095703162253,-27.218488693237305
cost_only_3407,cost_only_ablation,2,108,2025-04-19,4,no_season,42,3407,3407,26632.27900687765,0.0,0.0,1192.0127361635746,27824.291743041224,34717.597033808175,34717.597033808175,310.07511079758274,170,28821.2375943998,4442.110517697543,5020.355217491591,9462.465735189135,0.39608646276508286,1,2,0,24,13,37,34,8695.925122744,9901.230135113245,2500.0,164.6166505237853,394.26940563288065,1250.0,2500.0,6743.668073016121,5665.905079122489,1,1,1205.3050123692442,1045.14869939363,0.00440275005530566,0.03153987508267164,0.0002947089960798621,0.036237334134057164,-28.246110916137695
cost_only_3407,cost_only_ablation,2,109,2025-04-20,4,no_season,42,3407,3407,49140.67124735233,0.0,0.0,5905.613545523093,55046.28479287542,64691.79168167611,64691.79168167611,1328.4854923131606,430,8123.859039587685,10680.43149025788,4741.758239189627,15422.189729447507,0.6304416258618046,3,4,0,54,14,68,42,20200.41245344926,23528.42173694671,3660.598132407297,602.2056219724127,642.5912387269796,1250.0,2500.0,5665.905079122489,10800.0,1,1,1045.14869939363,0.0,0.004229000071063638,0.03155954089015722,0.0003054169937968254,0.036093957955017686,-53.03688049316406
cost_only_3407,cost_only_ablation,2,110,2025-04-21,4,no_season,42,3407,3407,47322.48098593816,0.0,0.0,5798.857839087942,53121.338825026105,60849.053462179654,60849.053462179654,1282.2337076761942,460,13025.647705126528,5887.290813959948,5298.561732563963,11185.852546523909,0.4654312054975019,3,4,0,29,16,45,25,14019.187471096207,16519.187471096207,3469.9484106879318,424.17153999999965,466.07718943849625,1250.0,2500.0,10800.0,10800.0,1,1,0.0,0.0,0.003861250006593764,0.0316727920435369,0.0002862500259652734,0.03582029207609594,-53.121337890625
cost_only_3407,cost_only_ablation,2,111,2025-04-22,4,no_season,42,3407,3407,49369.615910891705,0.0,0.0,2436.376567776835,51805.99247866854,58547.869617760894,58547.869617760894,873.1590700079289,280,7066.503328673362,11612.5193779634,11410.923335534604,23023.442713498003,0.9601988540602857,9,10,0,66,29,95,80,47327.50059270707,49630.70228755161,3750.0,3182.115646278091,959.3101130624168,1250.0,2500.0,10800.0,9788.433866876772,1,1,0.0,0.0,0.0039443750865757465,0.0317566660232842,0.00030087505001574755,0.03600191615987569,-52.201904296875
cost_only_3407,cost_only_ablation,2,112,2025-04-23,4,no_season,42,3407,3407,47983.672753718216,0.0,0.0,4914.182354195402,52897.85510791361,62741.20635587053,62741.20635587053,1026.0724845410004,400,10655.85330352741,7518.529248499027,5807.020428281578,13325.549676780603,0.5522433381161412,3,4,0,38,17,55,31,18771.25689882012,21271.25689882012,3717.917207479339,779.2855698467038,555.2312365325251,1250.0,2500.0,9788.433866876772,10800.0,1,1,0.0,0.0,0.004176374990493059,0.03140416706446558,0.00030733400490134954,0.03588787605985999,-52.5019416809082
cost_only_3407,cost_only_ablation,2,113,2025-04-24,4,no_season,42,3407,3407,45698.56208398511,0.0,0.0,6310.148147606177,52008.71023159129,58778.33252417391,58778.33252417391,1353.4138198403507,430,12318.42253753635,7232.171064779197,6508.953958301283,13741.125023080478,0.5717533248166856,3,4,0,36,19,55,31,15246.738042335284,17746.738042335284,3546.960792994224,376.4086145786711,572.5468759616866,1250.0,2500.0,10800.0,10800.0,1,1,0.0,0.0,0.004121499950997531,0.031014750013127923,0.00028145802207291126,0.035417707986198366,-52.00871276855469
cost_only_3407,cost_only_ablation,2,114,2025-04-25,4,no_season,42,3407,3407,25360.793919378608,0.0,0.0,1151.8530053047377,26512.646924683344,35020.75256516026,35020.75256516026,528.9221582991302,210,33549.317073459395,0.0,0.0,0.0,0.0,0,0,0,0,0,0,0,0.0,0.0,0.0,0.0,0.0,0.0,0.0,10800.0,10800.0,1,1,0.0,0.0,0.00421054195612669,0.030750917037948966,0.00029995793011039495,0.03526141692418605,-26.512649536132812
cost_only_3407,cost_only_ablation,2,115,2025-04-26,4,no_season,42,3407,3407,25258.317418713646,0.0,0.0,1402.7766446003848,26661.094063314034,30800.75158090976,30800.75158090976,310.6626878298262,130,33881.98222178934,6971.368851826261,9812.130438209348,16783.49929003561,0.7065214509199871,7,8,0,40,27,67,66,31772.453039945176,33890.918376960166,3332.1462906617967,1250.0,699.3124704181503,1250.0,2500.0,10800.0,7070.727566474627,1,1,0.0,1138.8265057207843,0.0049417499685660005,0.03903508291114122,0.0003225830150768161,0.04429941589478403,-28.12067413330078
cost_only_3407,cost_only_ablation,2,116,2025-04-27,4,no_season,42,3407,3407,53796.94366742505,0.0,0.0,7496.611100615612,61293.55476804066,68061.61346087122,68061.61346087122,2014.6546878600918,530,17571.798663658294,3930.9983017396835,0.0,3930.9983017396835,0.15538635139689047,0,0,0,22,0,22,22,5268.472603856173,5295.659687483347,1250.0,145.7623531359116,163.79159590582015,1250.0,0.0,7070.727566474627,10800.0,1,1,1138.8265057207843,0.0,0.0048317910404875875,0.03457437502220273,0.00030995800625532866,0.039716124068945646,-59.83397674560547
cost_only_3407,cost_only_ablation,2,117,2025-04-28,4,no_season,42,3407,3407,52921.93168595494,0.0,0.0,8746.649412145458,61668.5810981004,65875.53922622102,65875.53922622102,2292.798084204288,540,11546.369993758644,0.0,0.0,0.0,0.0,0,0,0,0,0,0,0,0.0,0.0,0.0,0.0,0.0,0.0,0.0,10800.0,10800.0,1,1,0.0,0.0,0.004495792090892792,0.03370324999559671,0.0003160829655826092,0.03851512505207211,-61.6685791015625
cost_only_3407,cost_only_ablation,2,118,2025-04-29,4,no_season,42,3407,3407,53940.756739704884,0.0,0.0,1580.4236290366666,55521.18036874157,66759.19453675431,66759.19453675431,662.1792859577192,370,19920.826143082406,673.3396296296273,606.0056666666668,1279.3452962962942,0.05323217171209561,3,4,0,4,4,8,12,12566.977955555529,12566.977955555529,2219.2204,482.0860500000009,53.306054012345584,1250.0,1457.8313000000007,10800.0,10800.0,1,1,0.0,0.0,0.00449095806106925,0.033675583894364536,0.00031512510031461716,0.0384816670557484,-55.521183013916016
cost_only_3407,cost_only_ablation,2,119,2025-04-30,4,no_season,42,3407,3407,53466.63298627816,0.0,0.0,4668.140623081227,58134.773609359385,65974.59753230045,65974.59753230045,1611.119818661211,430,19328.862917628325,0.0,0.0,0.0,0.0,0,0,0,0,0,0,0,0.0,0.0,0.0,0.0,0.0,0.0,0.0,10800.0,10800.0,1,1,0.0,0.0,0.004564417060464621,0.033660792047157884,0.0003031250089406967,0.0385283341165632,-58.13477325439453
cost_only_3407,cost_only_ablation,2,120,2025-05-01,5,no_season,42,3407,3407,42505.31198796892,0.0,0.0,33135.48621025977,75640.79819822869,55204.56330297919,55204.56330297919,7414.435028169926,1010,11607.619531149121,0.0,0.0,0.0,0.0,0,0,0,0,0,0,0,0.0,0.0,0.0,0.0,0.0,0.0,0.0,10800.0,10800.0,1,1,0.0,0.0,0.00457949994597584,0.03367745806463063,0.00031870801467448473,0.03857566602528095,-75.64080047607422
cost_only_3407,cost_only_ablation,2,121,2025-05-02,5,no_season,42,3407,3407,21965.050630168975,0.0,0.0,9036.7892427504,31001.839872919372,26778.055187389582,26778.055187389582,1900.9308392326384,450,22882.212668024957,1434.8524297867596,9928.399154522831,11363.25158430959,0.49277800629860924,4,5,0,9,26,35,35,16614.211895174252,19081.231963241993,3417.8527442651907,268.06472159920867,473.46881601289965,1172.6907833499276,2500.0,10800.0,1695.768919445169,1,-1,0.0,0.0,0.004442750010639429,0.033244249993003905,0.0003102499758824706,0.037997249979525805,-34.56509780883789
cost_only_3407,cost_only_ablation,2,122,2025-05-03,5,no_season,42,3407,3407,30564.643937835157,0.0,0.0,1483.2457810198698,32047.889718855025,41782.27528409354,41782.27528409354,290.16011377197674,100,28641.580286726665,6202.3479655172905,1638.6645043784363,7841.012469895728,0.31714033229803235,7,7,0,42,9,51,51,24223.68537860108,26675.57181727191,3624.0736178042516,826.6130093115445,326.70885291232196,1250.0,2451.8864386708315,1695.768919445169,5852.528791460068,-1,1,0.0,820.316709518148,0.00450220808852464,0.03320825006812811,0.000311334035359323,0.03802179219201207,-30.420997619628906
cost_only_3407,cost_only_ablation,2,123,2025-05-04,5,no_season,42,3407,3407,55812.27834521566,0.0,0.0,3999.6389880713714,59811.91733328703,71217.00074588106,71217.00074588106,1386.3988076077703,240,15653.639661124798,5215.092559030691,0.0,5215.092559030691,0.20614463368916375,0,0,0,32,0,32,34,12000.244034824913,12072.170057779504,1250.0,737.6679689583242,217.29552329294543,1250.0,0.0,5852.528791460068,10800.0,1,1,820.316709518148,0.0,0.004542582901194692,0.03401287505403161,0.00032112502958625555,0.03887658298481256,-57.87554931640625
cost_only_3407,cost_only_ablation,2,124,2025-05-05,5,no_season,42,3407,3407,49896.803932188006,0.0,0.0,19327.89012210773,69224.69405429573,62373.61057378004,62373.61057378004,4894.504528324009,710,12189.035989141084,30.723129629628772,27.65081666666659,58.37394629629536,0.0024288766619558373,1,2,0,1,1,2,3,700.4873555555444,700.4873555555444,350.2436777777722,0.0,2.43224776234564,184.33877777777263,165.90489999999954,10800.0,10800.0,1,1,0.0,0.0,0.0044227089965716004,0.03373512497637421,0.00031058304011821747,0.03846841701306403,-69.22469329833984
cost_only_3407,cost_only_ablation,2,125,2025-05-06,5,no_season,42,3407,3407,48349.57255093982,0.0,0.0,18438.218712293623,66787.79126323345,61971.54468630554,61971.54468630554,4369.332601825507,800,13470.794921464383,0.0,0.0,0.0,0.0,0,0,0,0,0,0,0,0.0,0.0,0.0,0.0,0.0,0.0,0.0,10800.0,10800.0,1,1,0.0,0.0,0.004723374964669347,0.03386212501209229,0.0003065000055357814,0.03889199998229742,-66.78779602050781
cost_only_3407,cost_only_ablation,2,126,2025-05-07,5,no_season,42,3407,3407,55328.745281454554,0.0,0.0,3852.522568015777,59181.26784947033,68142.01994631544,68142.01994631544,1530.0235577061967,460,14589.416442910524,147.8111111111103,133.0299999999999,280.8411111111102,0.011685494364783281,1,2,0,2,1,3,4,2720.901298355626,2720.901298355626,1360.4506491778127,0.0,11.701712962962924,562.2706491778133,798.1799999999994,10800.0,10800.0,1,1,0.0,0.0,0.004341708030551672,0.03310891694854945,0.0003122079651802778,0.0377628329442814,-59.18126678466797
cost_only_3407,cost_only_ablation,2,127,2025-05-08,5,no_season,42,3407,3407,48229.65786581466,0.0,0.0,7707.254022619828,55936.91188843448,62325.00755995703,62325.00755995703,1735.3486682149037,470,8025.565592986741,2082.782351851851,1874.504116666667,3957.2864685185186,0.1646584025563517,1,2,0,12,11,23,22,7996.727389601708,7996.727389601708,1250.0,284.7688999999996,164.8869361882716,1250.0,2047.9050000000007,10800.0,10800.0,1,1,0.0,0.0,0.004190834006294608,0.033820832963101566,0.00031408295035362244,0.038325749919749796,-55.93690872192383
cost_only_3407,cost_only_ablation,2,128,2025-05-09,5,no_season,42,3407,3407,28130.464468250153,0.0,0.0,837.27588874746,28967.740356997616,35294.59205237417,35294.59205237417,247.8132915196087,100,28346.508442605205,8083.9716850646655,9387.460633776089,17471.432318840754,0.7318492195347579,5,6,0,41,29,70,52,16348.633756698717,18777.810289346995,2970.0745208479575,331.0641382088004,727.9763466183648,1250.0,2500.0,10800.0,8573.876570234035,1,1,0.0,1250.0,0.004342749947682023,0.03243399993516505,0.0003107090014964342,0.037087458884343505,-29.83901023864746
cost_only_3407,cost_only_ablation,2,129,2025-05-10,5,no_season,42,3407,3407,27211.737079038812,0.0,0.0,4979.953959387874,32191.69103842669,37495.14891353301,37495.14891353301,1520.0749522313786,550,24694.248573657656,2199.9300087734077,0.0,2199.9300087734077,0.08695986900847719,0,0,0,12,0,12,9,1585.866613586299,1585.866613586299,1102.2268314828702,18.54698265708685,91.66375036555866,1250.0,0.0,8573.876570234035,10660.91342643749,1,1,1250.0,0.0,0.004947541980072856,0.0369808750692755,0.00038133293855935335,0.04230974998790771,-31.374858856201172
cost_only_3407,cost_only_ablation,2,130,2025-05-11,5,no_season,42,3407,3407,54217.05020153348,0.0,0.0,3720.2486616975084,57937.29886323099,66481.43247070258,66481.43247070258,1637.0715596041468,410,12068.668592171372,4338.072454802025,3772.3161,8110.388554802025,0.3371594664018684,2,2,0,23,15,38,32,13445.034170446426,14303.607751319554,2683.9586,531.1086600000011,337.93285645008444,1250.0,2683.9586,10660.91342643749,10800.0,1,1,0.0,0.0,0.004790292005054653,0.03421154199168086,0.0003279999364167452,0.03932983393315226,-57.88286590576172
cost_only_3407,cost_only_ablation,2,131,2025-05-12,5,no_season,42,3407,3407,53453.3029175261,0.0,0.0,3340.4132529544268,56793.71617048053,65653.94948910328,65653.94948910328,1297.1168937893444,370,14756.902653262998,2629.684962962961,2366.7164666666667,4996.401429629628,0.20789485029146218,1,2,0,13,15,28,20,9734.2042,9734.2042,2491.7365,412.1242499999996,208.18339290123447,1250.0,2491.7365,10800.0,10800.0,1,1,0.0,0.0,0.004531208076514304,0.033764666062779725,0.0003143330104649067,0.038610207149758935,-56.7937126159668
cost_only_3407,cost_only_ablation,2,132,2025-05-13,5,no_season,42,3407,3407,52823.51805477096,0.0,0.0,2362.4523018229,55185.970356593854,65654.17964428134,65654.17964428134,882.4064854199265,360,12933.926485256814,4734.468777777773,4261.0219,8995.490677777772,0.37429262121828377,1,2,0,24,15,39,28,12065.84373745397,12065.84373745397,2891.33,538.1652699999997,374.81211157407387,1250.0,2891.33,10800.0,10800.0,1,1,0.0,0.0,0.004831167054362595,0.033290916006080806,0.0003250000299885869,0.03844708309043199,-55.18597412109375
cost_only_3407,cost_only_ablation,2,133,2025-05-14,5,no_season,42,3407,3407,53523.057713587055,0.0,0.0,3486.636579816327,57009.69429340339,66320.79803486068,66320.79803486068,1309.5234452882596,370,14210.672580148934,4055.001166666667,3649.50105,7704.502216666667,0.3205759900326679,1,2,0,21,15,36,29,12808.777661861197,12808.777661861197,3132.5079,429.45492999999937,321.02092569444443,1250.0,3132.5079,10800.0,10800.0,1,1,0.0,0.0,0.004559374996460974,0.03361779102124274,0.0003211249131709337,0.038498290930874646,-57.00969696044922
cost_only_3407,cost_only_ablation,2,134,2025-05-15,5,no_season,42,3407,3407,46421.28277218962,0.0,0.0,4784.587053917401,51205.869826107,59321.655424843746,59321.655424843746,1430.1856359445492,480,7546.961644121624,4398.21133333333,3958.3902000000003,8356.60153333333,0.3477091361024844,1,2,0,22,14,36,20,9984.411,9984.411,2680.7142999999996,427.1375499999978,348.1917305555555,1250.0,2680.7142999999996,10800.0,10800.0,1,1,0.0,0.0,0.004455624963156879,0.033042625058442354,0.00031587493140250444,0.03781412495300174,-51.20587158203125
cost_only_3407,cost_only_ablation,2,135,2025-05-16,5,no_season,42,3407,3407,25382.796632045945,0.0,0.0,5608.845427031445,30991.642059077392,34219.40657866666,34219.40657866666,1799.7998877959637,530,33303.69993312929,0.0,0.0,0.0,0.0,0,0,0,0,0,0,0,0.0,0.0,0.0,0.0,0.0,0.0,0.0,10800.0,10800.0,1,1,0.0,0.0,0.004466500016860664,0.03331420896574855,0.00042091694194823503,0.03820162592455745,-30.991640090942383
cost_only_3407,cost_only_ablation,2,136,2025-05-17,5,no_season,42,3407,3407,25160.80784836607,0.0,0.0,6617.396820746402,31778.20466911247,34190.91978590221,34190.91978590221,1941.5891487906224,590,25683.709851359497,0.0,0.0,0.0,0.0,0,0,0,0,0,0,0,0.0,0.0,0.0,0.0,0.0,0.0,0.0,10800.0,10800.0,1,1,0.0,0.0,0.004625750007107854,0.03337054199073464,0.000314209028147161,0.03831050102598965,-31.77820587158203
cost_only_3407,cost_only_ablation,2,137,2025-05-18,5,no_season,42,3407,3407,53832.26254983165,0.0,0.0,3591.571044157666,57423.833593989315,66477.48003034512,66477.48003034512,1566.1402751563355,380,13848.864370316263,5185.878351851854,4667.290516666666,9853.16886851852,0.4099796815102982,1,2,0,25,15,40,22,11641.51902763826,11641.51902763826,2967.0924999999997,508.65131,410.54870285493837,1250.0,2967.0924999999997,10800.0,10800.0,1,1,0.0,0.0,0.004464667057618499,0.033227583044208586,0.0003197080222889781,0.03801195812411606,-57.423831939697266
cost_only_3407,cost_only_ablation,2,138,2025-05-19,5,no_season,42,3407,3407,50680.19002553739,0.0,0.0,3305.6624305677706,53985.85245610517,62443.7404739628,62443.7404739628,1237.7782873188685,440,15754.934216837222,4113.679944444444,3702.3119500000003,7815.991894444444,0.32521495473498413,1,2,0,21,15,36,23,11766.210986876547,11766.210986876547,2982.4500000000003,504.1249000000009,325.66632893518516,1250.0,2982.4500000000003,10800.0,10800.0,1,1,0.0,0.0,0.004298916086554527,0.03306050004903227,0.00030016701202839613,0.037659583147615194,-53.98585510253906
cost_only_3407,cost_only_ablation,2,139,2025-05-20,5,no_season,42,3407,3407,45528.12984457039,0.0,0.0,5954.2191294856275,51482.34897405601,58252.12110688297,58252.12110688297,1728.2684006157747,630,5013.746766758004,4392.479240740739,3953.2313166666668,8345.710557407407,0.34725597439369515,1,2,0,22,15,37,24,10364.896999999997,10364.896999999997,2929.7724999999996,391.0710499999998,347.73793989197526,1250.0,2929.7724999999996,10800.0,10800.0,1,1,0.0,0.0,0.00462174997664988,0.031397624989040196,0.00037949997931718826,0.036398874945007265,-51.48235321044922
cost_only_3407,cost_only_ablation,2,140,2025-05-21,5,no_season,42,3407,3407,53305.39137831138,0.0,0.0,2376.2267815025284,55681.61815981392,65727.93170110584,65727.93170110584,1089.1995254191509,370,15153.18572467315,3013.302185185184,2711.971966666667,5725.274151851851,0.2382224545886918,1,2,0,18,15,33,35,11774.18439511344,11774.18439511344,2546.0621,408.57199999999983,238.55308966049375,1250.0,2546.0621,10800.0,10800.0,1,1,0.0,0.0,0.004214665968902409,0.03134450002107769,0.0002976669929921627,0.035856832982972264,-55.681617736816406
cost_only_3407,cost_only_ablation,2,141,2025-05-22,5,no_season,42,3407,3407,46876.22193579697,0.0,0.0,4782.275994575428,51658.497930372396,59804.873548441275,59804.873548441275,1488.6387879577173,530,10063.442271584183,4134.392481481477,3720.9532333333336,7855.34571481481,0.3268524245639248,1,2,0,21,15,36,22,11443.370978606996,11443.370978606996,2761.5924999999997,569.7115871927676,327.3060714506171,1250.0,2761.5924999999997,10800.0,10800.0,1,1,0.0,0.0,0.004230291000567377,0.031444916035979986,0.00031229201704263687,0.03598749905359,-51.65850067138672
cost_only_3407,cost_only_ablation,2,142,2025-05-23,5,no_season,42,3407,3407,25680.094126310578,0.0,0.0,4211.876410536407,29891.97053684698,34677.417361470325,34677.417361470325,1320.3085353859756,450,29576.777013522966,0.0,0.0,0.0,0.0,0,0,0,0,0,0,0,0.0,0.0,0.0,0.0,0.0,0.0,0.0,10800.0,10800.0,1,1,0.0,0.0,0.004184457939118147,0.0313359999563545,0.0002828750293701887,0.035803332924842834,-29.891971588134766
cost_only_3407,cost_only_ablation,2,143,2025-05-24,5,no_season,42,3407,3407,25812.746328336034,0.0,0.0,3429.4772321714563,29242.223560507493,34518.832875075546,34518.832875075546,1180.448186257247,450,32506.058011332796,0.0,561.2783333333333,561.2783333333333,0.02465163798106307,0,1,0,0,1,1,1,3367.67,3367.67,3367.67,0.0,23.38659722222222,0.0,3367.67,10800.0,10208.360688454486,1,-1,0.0,-3367.67,0.004294208018109202,0.03199562500230968,0.00029929191805422306,0.036589124938473105,-29.47378158569336
cost_only_3407,cost_only_ablation,2,144,2025-05-25,5,no_season,42,3407,3407,50332.351021355724,0.0,0.0,2277.4404439549317,52609.791465310656,62350.97764276722,62350.97764276722,984.3716762686427,340,15365.959957888672,5436.755611471826,6012.376433657977,11449.132045129803,0.47897335296162,3,4,0,28,22,50,44,21003.36863857546,27996.783233380374,3625.7445948049162,550.2272,477.04716854707516,3625.7445948049162,3445.6147,10208.360688454486,9028.518705747065,-1,-1,-3367.67,-3267.09,0.004270875011570752,0.03190262499265373,0.000300500076264143,0.03647400008048862,-53.07156753540039
cost_only_3407,cost_only_ablation,2,145,2025-05-26,5,no_season,42,3407,3407,50295.60763209339,0.0,0.0,1873.402995182602,52169.01062727599,62771.76813486537,62771.76813486537,829.8227618697774,270,8805.127117910211,8284.35045491609,8067.719626091147,16352.070081007234,0.6818061705196977,3,4,0,39,24,63,56,24349.714015228077,28866.804015228077,3553.8,845.080800000001,681.3362533753015,3750.0,3553.8,9028.518705747065,8383.62043682646,-1,-1,-3267.09,-3464.5199999999995,0.004511874984018505,0.031989083043299615,0.0003005419857800007,0.03680150001309812,-52.42141342163086
cost_only_3407,cost_only_ablation,2,146,2025-05-27,5,no_season,42,3407,3407,51570.675295515735,0.0,0.0,2066.638596392473,53637.31389190821,65364.04210126511,65364.04210126511,933.5702133156398,260,14915.476673215318,7758.966716364841,5767.1983749994115,13526.165091364253,0.5599984581229931,5,6,0,32,20,52,35,27865.22254672836,34879.79040233085,4626.66717597077,652.9408039326518,563.5902121401773,3750.0,3746.1916,8383.62043682646,9665.261709764956,-1,-1,-3464.5199999999995,-3505.28,0.004306624992750585,0.0318851659540087,0.0003172080032527447,0.03650899895001203,-53.13570022583008
cost_only_3407,cost_only_ablation,2,147,2025-05-28,5,no_season,42,3407,3407,50022.46665098596,0.0,0.0,2526.471811010966,52548.93846199692,62093.80760864712,62093.80760864712,1049.5811049928723,350,11443.477287729153,7335.155623064613,7909.06829715377,15244.223920218385,0.637317901020048,3,4,0,35,24,59,48,21981.046992556887,29216.7847286791,3555.57,587.2481450266646,635.175996675766,3730.4577361222127,3667.5,9665.261709764956,8287.11134168922,-1,-1,-3505.28,-3667.5,0.0042955829994753,0.03174316603690386,0.0002927500754594803,0.03633149911183864,-53.08832931518555
cost_only_3407,cost_only_ablation,2,148,2025-05-29,5,no_season,42,3407,3407,46624.08073402398,0.0,0.0,4016.625112873564,50640.70584689754,60575.271674509815,60575.271674509815,1305.7718134092665,440,4467.522731385754,9194.617565333283,5891.220308799947,15085.83787413323,0.6221946489198477,2,3,0,47,20,67,57,20359.929860407618,27496.064775926923,2821.8673220090072,605.9122400000002,628.5765780888846,3497.160021211319,2500.0,8287.11134168922,10800.0,-1,1,-3667.5,0.0,0.004208042053505778,0.031832249951548874,0.0002994999522343278,0.03633979195728898,-49.65719985961914
cost_only_3407,cost_only_ablation,2,149,2025-05-30,5,no_season,42,3407,3407,25707.971287607885,0.0,0.0,4319.310467538571,30027.281755146454,34503.11925153542,34503.11925153542,1346.9652360311711,420,29253.851220899924,0.0,0.0,0.0,0.0,0,0,0,0,0,0,0,0.0,0.0,0.0,0.0,0.0,0.0,0.0,10800.0,10800.0,1,1,0.0,0.0,0.0042411250760778785,0.03183770808391273,0.00029329198878258467,0.03637212514877319,-30.02728271484375
cost_only_3407,cost_only_ablation,2,150,2025-05-31,5,no_season,42,3407,3407,26032.791629926716,0.0,0.0,4586.430836608901,30619.22246653562,34920.8904455657,34920.8904455657,1588.4667895170253,440,28120.175685082733,0.0,0.0,0.0,0.0,0,0,0,0,0,0,0,0.0,0.0,0.0,0.0,0.0,0.0,0.0,10800.0,10800.0,1,1,0.0,0.0,0.004269332974217832,0.03187733399681747,0.00032458396162837744,0.03647125093266368,-30.619224548339844
cost_only_3407,cost_only_ablation,2,151,2025-06-01,6,no_season,42,3407,3407,51185.06724706167,0.0,0.0,17968.921010003258,69153.98825706492,63443.644146248254,63443.644146248254,5956.248782654358,770,603.4308933070714,3817.426396895171,6245.790661299632,10063.217058194803,0.42521542043237387,1,2,0,43,21,64,68,18435.308390699174,18435.308390699174,2500.0,504.87596999999954,419.3007107581168,1250.0,2500.0,10800.0,7837.88723816623,1,1,0.0,0.0,0.0042338750790804625,0.03174079104792327,0.00030258402694016695,0.036277250153943896,-70.31330871582031
cost_only_3407,cost_only_ablation,2,152,2025-06-02,6,no_season,42,3407,3407,54858.03324181859,0.0,0.0,10035.884138127629,64893.91737994622,69174.16604378688,69174.16604378688,3273.8017334109422,570,4945.350001420636,6962.876992443855,8101.066666666667,15063.943659110522,0.6310349648731911,5,5,0,47,23,70,67,32100.14256110713,34953.696974680744,4567.445326129611,652.7236807625354,627.6643191296051,3363.427343710983,4043.0298000000003,7837.88723816623,5904.178299432998,1,-1,0.0,-4001.6100000000006,0.004269791068509221,0.031597457942552865,0.0002910830080509186,0.036158332019113004,-65.65074157714844
cost_only_3407,cost_only_ablation,2,153,2025-06-03,6,no_season,42,3407,3407,56038.57241608829,0.0,0.0,5824.413404825671,61862.98582091397,71323.80405805123,71323.80405805123,1970.5954106992006,380,3725.1000060470496,10483.042217048212,9106.10958767816,19589.151804726374,0.8143237237829992,4,5,0,58,25,83,81,31721.824093599324,38800.550284890036,4690.757008714061,502.5114651262835,816.2146585302655,3215.0837584401024,4145.6597,5904.178299432998,6250.583056785152,-1,1,-4001.6100000000006,545.0973087140615,0.0042217499576509,0.03137779200915247,0.00028550007846206427,0.035885042045265436,-61.72740936279297
cost_only_3407,cost_only_ablation,2,154,2025-06-04,6,no_season,42,3407,3407,55243.19882992623,0.0,0.0,8636.69802758251,63879.89685750873,69350.98301981774,69350.98301981774,2793.3370548382627,420,2144.6216183275646,10332.694564149748,9978.256924487987,20310.951488637733,0.8466858781989917,3,3,0,54,27,81,79,25496.861184927577,28091.450453188434,4774.477951667117,441.74009743238344,846.2896453599055,3410.4432252896063,4450.3042,6250.583056785152,5535.031493741743,1,-1,545.0973087140615,-4210.89,0.004150417051278055,0.03161545901093632,0.0002966249594464898,0.036062501021660864,-64.15995025634766
cost_only_3407,cost_only_ablation,2,155,2025-06-05,6,no_season,42,3407,3407,55698.90871396799,0.0,0.0,13339.12395257347,69038.03266654146,71281.61349610929,71281.61349610929,4386.375059328389,640,1214.9369845999734,10503.316544536752,7199.582990365723,17702.899534902477,0.7313894915663991,2,3,0,51,22,73,70,20927.643800281192,28357.85764207397,2553.938642880101,599.8319899999996,737.6208139542699,3562.0615840925884,2500.0,5535.031493741743,7910.325656027464,-1,1,-4210.89,0.0,0.0045201670145615935,0.031695042038336396,0.0002942499704658985,0.03650945902336389,-68.1083755493164
cost_only_3407,cost_only_ablation,2,156,2025-06-06,6,no_season,42,3407,3407,26995.46801690135,0.0,0.0,32657.062167320793,59652.53018422214,37973.801768242534,37973.801768242534,7491.2481849687765,780,12955.8934482779,1654.1611049334106,0.0,1654.1611049334106,0.06538645885562958,0,0,0,15,0,15,15,2948.4133582379573,3530.6071338505126,726.4380818514074,139.69991613680253,68.92337937222543,1104.5160222156119,0.0,7910.325656027464,9479.600668562574,1,1,0.0,0.0,0.004360666032880545,0.03225308400578797,0.00029687501955777407,0.03691062505822629,-59.0383415222168
cost_only_3407,cost_only_ablation,2,157,2025-06-07,6,no_season,42,3407,3407,35695.50417533787,0.0,0.0,1601.7983735318007,37297.302548869666,43659.80014157687,43659.80014157687,740.7295262434941,200,15969.326923709616,4017.7621828566607,6713.072605412583,10730.834788269243,0.45365765508930295,5,5,0,27,15,42,45,28395.936170279674,29326.421601278937,3615.6306,1250.0,447.11811617788516,1250.0,3615.6306,9479.600668562574,6214.984703249485,1,-1,0.0,0.0,0.004704291000962257,0.03452745790127665,0.0003258329816162586,0.039557581883855164,-38.57501983642578
cost_only_3407,cost_only_ablation,2,158,2025-06-08,6,no_season,42,3407,3407,63366.92043918398,0.0,0.0,1186.9497975762224,64553.8702367602,80673.99404093227,80673.99404093227,512.8501777702008,250,14564.78918338049,8212.058249585147,6774.926480929827,14986.984730514972,0.6221684190545231,3,4,0,25,20,45,38,22882.574250848083,26632.574250848083,3249.124802685683,870.9818205726948,624.4576971047904,3750.0,4488.049441918614,6214.984703249485,6864.22765393966,-1,-1,0.0,0.0,0.00452254107221961,0.03391916595865041,0.00030687497928738594,0.038748582010157406,-64.29976654052734
cost_only_3407,cost_only_ablation,2,159,2025-06-09,6,no_season,42,3407,3407,58544.38126787044,0.0,0.0,2498.3345591806183,61042.71582705106,74809.8641031034,74809.8641031034,899.9718846906615,250,6403.817388971593,7854.914342201453,9481.608476712307,17336.52281891376,0.7269299555633658,3,4,0,26,28,54,44,24193.415773615547,27943.415773615547,3379.8217113808014,972.6958140967953,722.3551174547399,3750.0,4445.391762523606,6864.22765393966,4321.560808546791,-1,-1,0.0,0.0,0.004537208005785942,0.03388566605281085,0.00032595801167190075,0.03874883207026869,-62.03787612915039
cost_only_3407,cost_only_ablation,2,160,2025-06-10,6,no_season,42,3407,3407,61757.120044525,0.0,0.0,1288.0394066169076,63045.1594511419,80125.16109893241,80125.16109893241,585.7493100643953,170,7850.565278570504,9337.044703075086,8095.143805982116,17432.188509057203,0.7246220486442047,3,4,0,24,28,52,46,20143.27766730933,23698.274275914828,3226.78227236365,766.5492673877112,726.3411878773835,3750.0,2300.417223837085,4321.560808546791,4646.428367002579,-1,-1,0.0,0.0,0.0048877919325605035,0.0332954169716686,0.00031279202084988356,0.03849600092507899,-62.91801071166992
cost_only_3407,cost_only_ablation,2,161,2025-06-11,6,no_season,42,3407,3407,61315.31173945613,0.0,0.0,3613.444942825971,64928.756682282095,81336.10766703848,81336.10766703848,916.9977693823789,240,7266.453935629314,8559.21509991022,9657.009915785336,18216.225015695556,0.7624736104143367,3,4,0,22,27,49,41,19359.677703396665,23109.677703396665,3168.1423867427566,499.8198700000005,759.0093756539814,3750.0,2500.0,4646.428367002579,2587.0305364716614,-1,-1,0.0,0.0,0.004508082987740636,0.03188687504734844,0.0002911660121753812,0.03668612404726446,-65.73477172851562
cost_only_3407,cost_only_ablation,2,162,2025-06-12,6,no_season,42,3407,3407,66624.4815696329,0.0,0.0,1476.2253613788953,68100.7069310118,84535.14414210948,84535.14414210948,485.9205084334301,120,8744.513283087217,14725.550066625026,10901.390132502664,25626.94019912769,1.0608732317949245,3,4,0,45,29,74,56,26787.307510753613,30537.307510753613,5676.010657755329,514.8372060397643,1067.7891749636535,3750.0,4707.83387239876,2587.0305364716614,5065.839779021058,-1,-1,0.0,0.0,0.004168833955191076,0.03179529192857444,0.00032595801167190075,0.03629008389543742,-67.13053894042969
cost_only_3407,cost_only_ablation,2,163,2025-06-13,6,no_season,42,3407,3407,33117.10426188174,0.0,0.0,1423.2773838083538,34540.38164569008,43366.05083897593,43366.05083897593,293.57866545832087,110,10223.723942759416,13228.161651077768,8137.569789402934,21365.7314404807,0.8802953224994357,6,7,0,69,23,92,47,29019.553782843483,30269.553782843483,4613.41,844.8029600000019,890.2388100200294,1250.0,3363.41,5065.839779021058,9037.424083614176,-1,1,0.0,1181.543666080143,0.0044588749296963215,0.031813499983400106,0.0002934170188382268,0.036565791931934655,-32.9859619140625
cost_only_3407,cost_only_ablation,2,164,2025-06-14,6,no_season,42,3407,3407,38739.70925836228,0.0,0.0,45.995158190816916,38785.7044165531,46084.47270173793,46084.47270173793,21.10926824869472,20,20993.301417902007,9325.26255835443,10406.324756269816,19731.587314624245,0.8256645946992938,3,3,0,46,29,75,43,20212.77515461154,20222.98943435018,3342.58,1056.6549403230795,822.1494714426769,1250.0,3493.8805,9037.424083614176,6914.915488924433,1,-1,1181.543666080143,0.0,0.004408749984577298,0.0319174169562757,0.0003140839980915189,0.03664025093894452,-39.616416931152344
cost_only_3407,cost_only_ablation,2,165,2025-06-15,6,no_season,42,3407,3407,60710.085069563196,0.0,0.0,939.0812068977239,61649.166276460914,78398.90221855456,78398.90221855456,374.7765376639038,190,9786.850134422162,7094.838829609036,8734.984541146074,15829.823370755108,0.6640932191168529,3,4,0,22,28,50,42,21999.26161864915,25749.26161864915,4357.357029361882,522.7066900000007,659.5759737814628,3750.0,4357.357029361882,6914.915488924433,4438.188430140653,-1,-1,0.0,0.0,0.004259000066667795,0.03317354107275605,0.0003025420010089874,0.037735083140432835,-62.61851501464844
cost_only_3407,cost_only_ablation,2,166,2025-06-16,6,no_season,42,3407,3407,62006.960642377366,0.0,0.0,2030.8694477122053,64037.83009008958,80476.62282955526,80476.62282955526,804.4188545862071,260,8693.050548655854,8876.5973132474,8982.658994428446,17859.256307675845,0.7454013987609063,3,4,0,23,28,51,48,21520.629434078655,25184.838487871846,3418.9263129623696,504.43321179600196,744.1356794864937,3750.0,2500.0,4438.188430140653,3390.7140890746396,-1,-1,0.0,0.0,0.0041013750014826655,0.031818166957236826,0.00029162492137402296,0.036211166880093515,-64.44779205322266
cost_only_3407,cost_only_ablation,2,167,2025-06-17,6,no_season,42,3407,3407,63126.87119866175,0.0,0.0,2703.339674188176,65830.21087284992,82856.78189573152,82856.78189573152,899.7864319193366,200,6745.122822099995,9726.06693499561,7351.63264611142,17077.69958110703,0.7073441035196911,3,4,0,24,27,51,46,20576.01743718666,24326.01743718666,3397.9105822065208,553.8004713149221,711.5708158794596,3750.0,2427.5078386322666,3390.7140890746396,4868.370118505425,-1,-1,0.0,0.0,0.0040987079264596105,0.0320351249538362,0.0003077499568462372,0.03644158283714205,-65.25187683105469
cost_only_3407,cost_only_ablation,2,168,2025-06-18,6,no_season,42,3407,3407,63321.952220344756,0.0,0.0,895.3768813759407,64217.3291017207,81979.75682617305,81979.75682617305,413.2824571890259,150,10310.430643534255,9190.26838524564,8036.0506454178285,17226.319030663468,0.716224802736654,3,4,0,25,28,53,45,22687.63389401271,26437.63389401271,4231.631723798067,413.6976158709887,717.7632929443112,3750.0,4231.631723798067,4868.370118505425,5116.283096194127,-1,-1,0.0,0.0,0.004663708037696779,0.031897000037133694,0.0003058750880882144,0.03686658316291869,-64.12030029296875
cost_only_3407,cost_only_ablation,2,169,2025-06-19,6,no_season,42,3407,3407,64884.43825822236,0.0,0.0,1192.436563084481,66076.87482130685,80300.39727943328,80300.39727943328,529.5701328157352,170,10072.696715454334,13914.64770204425,11416.881205249563,25331.528907293814,1.0514601389404994,8,9,0,53,29,82,70,49566.259324122046,53050.821557421266,5258.05,2080.4824884502577,1055.4803711372422,3750.0,4264.1301,5116.283096194127,6282.42750799482,-1,1,0.0,953.7417416490118,0.0044843340292572975,0.03259395796339959,0.00029754103161394596,0.03737583302427083,-65.62046813964844
cost_only_3407,cost_only_ablation,2,170,2025-06-20,6,no_season,42,3407,3407,31790.409564914724,0.0,0.0,794.0447855686457,32584.454350483367,41038.65253863886,41038.65253863886,197.09113900352088,80,17424.705917657076,10233.066390875561,8822.609480890256,19055.675871765816,0.7919910886723067,7,7,0,51,24,75,38,31129.962317959544,31384.53579928137,4562.85,1194.6892046298337,793.9864946569091,1250.0,3316.17,6282.42750799482,6690.519725590853,1,-1,953.7417416490118,-3230.95,0.004175042035058141,0.0323474999750033,0.00030029204208403826,0.03682283405214548,-32.42473602294922
cost_only_3407,cost_only_ablation,2,171,2025-06-21,6,no_season,42,3407,3407,29192.18342241476,0.0,0.0,212.1182671142343,29404.301689529,37472.06801836817,37472.06801836817,96.78789131456409,60,19431.65971229223,11634.965649314909,12832.5098519244,24467.475501239307,1.0235229442127873,5,6,0,60,28,88,55,27311.21387018782,31792.163870187822,4500.7574,426.90995505619674,1019.4781458849712,1250.0,3715.4477000000006,6690.519725590853,4201.764234276966,-1,-1,-3230.95,0.0,0.004421750083565712,0.03192804101854563,0.0002977499971166253,0.036647541099227965,-30.37836265563965
cost_only_3407,cost_only_ablation,2,172,2025-06-22,6,no_season,42,3407,3407,58678.919459159326,0.0,0.0,1447.2752965465224,60126.19475570584,73766.54558853303,73766.54558853303,486.4214031017479,210,5973.05529549454,13544.156858998744,12721.586262858513,26265.74312185726,1.0941185310537176,3,4,0,51,32,83,67,28126.713585188412,31607.748857257397,5495.920281015383,561.4228410321218,1094.405963410719,3729.5799264738835,4663.436944813845,4201.764234276966,3641.1502856045668,-1,-1,0.0,0.0,0.004375709104351699,0.03188858297653496,0.0002895829966291785,0.03655387507751584,-60.345611572265625
cost_only_3407,cost_only_ablation,2,173,2025-06-23,6,no_season,42,3407,3407,59207.8439072079,0.0,0.0,1075.9300282366967,60283.773935444595,75575.84410183817,75575.84410183817,438.3060026452252,140,8141.080156638974,14767.154577723602,13955.37062987918,28722.525207602783,1.1966502153484244,3,4,0,53,32,85,66,31016.79031848512,34766.79031848512,4756.533984117596,668.3401050373657,1196.771883650116,3750.0,4949.287898941034,3641.1502856045668,2940.250932475518,-1,-1,0.0,0.0,0.00447745795827359,0.03142616699915379,0.0002994160167872906,0.03620304097421467,-60.5580940246582
cost_only_3407,cost_only_ablation,2,174,2025-06-24,6,no_season,42,3407,3407,59990.286039459985,0.0,0.0,9440.261358886504,69430.54739834649,76593.77270922522,76593.77270922522,2415.9290202448115,410,2567.936528498367,15588.039589511274,15415.066638539616,31003.106228050892,1.2932091567336013,3,4,0,56,32,88,72,29689.79366423109,33334.1306218119,5740.636793711774,881.5072018763165,1291.796092835454,3750.0,4942.244337619582,2940.250932475518,1479.4567867081407,-1,-1,0.0,0.0,0.0045534169767051935,0.03175770794041455,0.0003008329076692462,0.03661195782478899,-70.00228118896484
cost_only_3407,cost_only_ablation,2,175,2025-06-25,6,no_season,42,3407,3407,62712.194573050016,0.0,0.0,2331.4820115963635,65043.67658464639,80566.23339597907,80566.23339597907,830.7277827872496,180,7243.0352486288275,17007.09302430903,13290.588460838193,30297.681485147223,1.2559939761369499,3,4,0,54,32,86,61,27521.608164610974,31045.551500721038,4366.213677909882,906.047257066002,1262.4033952144675,3750.0,5000.0,1479.4567867081407,3604.291560528092,-1,-1,0.0,0.0,0.004333292017690837,0.031703124986961484,0.00030329194851219654,0.03633970895316452,-64.21205139160156
cost_only_3407,cost_only_ablation,2,176,2025-06-26,6,no_season,42,3407,3407,59983.95102308829,0.0,0.0,462.9872828916445,60446.93830597993,75306.22224534045,75306.22224534045,196.93738579033808,130,7605.712833259278,16448.29340124742,16098.230436709246,32546.523837956673,1.357218585720028,9,10,0,59,34,93,70,58694.41324020243,62254.403630350855,5363.782762040912,4053.776561493203,1356.1051599148611,3750.0,4984.0944288812225,3604.291560528092,2239.4879656432304,-1,-1,0.0,0.0,0.004348707967437804,0.03161554201506078,0.00030870793852955103,0.03627295792102814,-60.981101989746094
cost_only_3407,cost_only_ablation,2,177,2025-06-27,6,no_season,42,3407,3407,33337.77377145929,0.0,0.0,909.6842974011502,34247.45806886043,44026.34111845239,44026.34111845239,180.70539915369795,90,19538.91214203689,12284.758525569197,7388.270016666667,19673.028542235865,0.8100944016995879,10,11,0,61,16,77,45,45302.2060690294,46552.2060690294,4492.6278,3460.6522956343097,819.7095225931611,1250.0,3358.7370999999994,2239.4879656432304,6105.91279243543,-1,1,0.0,1250.0,0.004171042004600167,0.03153529204428196,0.00029329105746001005,0.03599962510634214,-32.73419952392578
cost_only_3407,cost_only_ablation,2,178,2025-06-28,6,no_season,42,3407,3407,30419.28896844367,0.0,0.0,2035.7221150847643,32455.01108352844,39900.43041624647,39900.43041624647,459.2347982175444,150,19303.971201007414,10180.107909278542,10901.34001248861,21081.447921767154,0.8811966531256372,7,7,0,53,23,76,50,38667.31029189149,38667.31029189149,4572.95,2686.1942533266256,878.3936634069646,1250.0,3633.4927,6105.91279243543,4272.589809189112,1,-1,1250.0,0.0,0.004334583994932473,0.03159362496808171,0.00029916607309132814,0.036227375036105514,-33.17254638671875
cost_only_3407,cost_only_ablation,2,179,2025-06-29,6,no_season,42,3407,3407,59034.81652806503,0.0,0.0,1303.9111901125952,60338.72771817763,74906.9534566976,74906.9534566976,573.6943717478171,200,6043.082718669453,15213.997017930262,15044.200441487621,30258.197459417883,1.2621351885238037,3,4,0,54,32,86,59,27309.880185139187,30833.852096171373,5985.209204445708,770.3343835308419,1260.7582274757451,3750.0,5000.0,4272.589809189112,2847.8750196193446,-1,-1,0.0,0.0,0.004447749932296574,0.03185791603755206,0.0003590829437598586,0.03666474891360849,-60.896339416503906
cost_only_3407,cost_only_ablation,2,180,2025-06-30,6,no_season,42,3407,3407,59540.52589291942,0.0,0.0,1865.328312161483,61405.854205080905,76359.48047258267,76359.48047258267,602.321810162684,190,5531.784050819637,16312.126804507647,14759.792555915268,31071.919360422915,1.2930512365784155,3,4,0,57,32,89,69,29219.33775839848,32654.911716081,5685.843781110572,725.7027700000006,1294.6633066842883,3750.0,4843.820085179289,2847.8750196193446,2764.7298519743745,-1,-1,0.0,0.0,0.004214542102999985,0.03174504195339978,0.0002929160837084055,0.03625250014010817,-61.43839645385742
cost_only_3407,cost_only_ablation,2,181,2025-07-01,7,no_season,42,3407,3407,60801.84614810823,0.0,0.0,11288.390833522984,72090.23698163121,78614.54703506254,78614.54703506254,4986.684986672976,390,5006.681182907268,12124.398820240614,12396.392014745692,24520.790834986303,1.0237149654710676,3,4,0,52,29,81,74,32458.507089708648,35230.62392919049,5832.6214433218065,1074.8918406493817,1021.6996181244293,3427.089293636046,5000.0,2764.7298519743745,1200.0,-1,-1,0.0,0.0,0.004307875060476363,0.031612667022272944,0.0002987500047311187,0.036219292087480426,-72.70265197753906
cost_only_3407,cost_only_ablation,2,182,2025-07-02,7,no_season,42,3407,3407,58400.2544002996,0.0,0.0,11279.041153962886,69679.2955542625,75894.6078050552,75894.6078050552,5090.983737855054,370,6755.387362070822,13254.378141727724,11928.94032755495,25183.318469282673,1.0478505974252414,3,4,0,59,29,88,77,30241.147157013736,33298.39640443257,5526.4121802700465,699.4596300000005,1049.3049362201116,3258.174816547691,5000.0,1200.0,1200.0,-1,-1,0.0,0.0,0.004251292091794312,0.03154529200401157,0.0003002079902216792,0.03609679208602756,-69.67929077148438
cost_only_3407,cost_only_ablation,2,183,2025-07-03,7,no_season,42,3407,3407,57270.58256272034,0.0,0.0,23437.589342405896,80708.17190512623,74633.2279351173,74633.2279351173,6973.991790384034,350,479.75635240070756,12376.177095362502,11009.132655595202,23385.309750957702,0.9727382189843898,10,11,0,83,26,109,110,58235.32291002795,58990.68509717755,5197.239993523086,2307.29258261857,974.3879062899042,3315.6790662178664,5000.0,1200.0,1336.4277525460975,-1,1,0.0,862.8448682070077,0.004130040993914008,0.031486582942306995,0.00030220800545066595,0.03591883194167167,-80.65476989746094
cost_only_3407,cost_only_ablation,2,184,2025-07-04,7,no_season,42,3407,3407,33436.0193971314,0.0,0.0,17363.449701263064,50799.46909839446,45014.6028745463,45014.6028745463,3204.029525453761,380,18599.0665772946,7613.612522705463,6874.9141666666665,14488.526689372127,0.6029042860997478,8,8,0,58,12,70,65,41394.28194778966,41440.02761480742,4294.614680301594,2570.3330439145407,603.688612057172,1250.0,3955.3900000000003,1336.4277525460975,1312.5389623899666,1,1,862.8448682070077,547.2359803015931,0.004235916072502732,0.03122629097197205,0.00029725010972470045,0.03575945715419948,-50.808815002441406
cost_only_3407,cost_only_ablation,2,185,2025-07-05,7,no_season,42,3407,3407,26792.2007863891,0.0,0.0,19214.631144317675,46006.83193070677,43274.44119843394,43274.44119843394,4058.0692606997272,380,17699.71445940301,9494.798670632812,8652.08263756882,18146.88130820163,0.7553188665313791,3,3,0,60,15,75,57,24420.690508010735,24510.669552278385,4042.95,434.5777231516196,756.1200545084014,1250.0,4451.8592,1312.5389623899666,1200.0,1,-1,547.2359803015931,0.0,0.004314000019803643,0.031670540920458734,0.0003031250089406967,0.036287665949203074,-46.05087661743164
cost_only_3407,cost_only_ablation,2,186,2025-07-06,7,no_season,42,3407,3407,50454.72249099751,0.0,0.0,41642.60489001372,92097.32738101122,73364.70481454206,73364.70481454206,8883.088053001571,650,1073.8377803917733,13799.735371518596,12419.761834366735,26219.49720588533,1.090964872039716,3,4,0,59,27,86,76,36940.08375410372,40263.677366382006,5000.0,983.4261738013115,1092.4790502452222,3438.752047012862,5000.0,1200.0,1200.0,-1,-1,0.0,0.0,0.004248958081007004,0.03185345802921802,0.00029395800083875656,0.03639637411106378,-92.09732055664062
cost_only_3407,cost_only_ablation,2,187,2025-07-07,7,no_season,42,3407,3407,56947.94626713301,0.0,0.0,5121.182018575868,62069.128285708866,80509.19473878233,80509.19473878233,1705.7660113032582,340,7264.0677389439525,15414.102444749635,13872.692200274667,29286.794645024296,1.218591795314464,3,4,0,56,31,87,65,30626.22128843966,34112.24127145645,5244.377322461697,720.1230048396974,1220.2831102093458,3545.114900263491,5000.0,1200.0,1200.0,-1,-1,0.0,0.0,0.004237915971316397,0.030711958068422973,0.00030133407562971115,0.03525120811536908,-62.069129943847656
cost_only_3407,cost_only_ablation,2,188,2025-07-08,7,no_season,42,3407,3407,65056.27598551275,0.0,0.0,926.5046016363615,65982.78058714913,91437.24907676698,91437.24907676698,403.3821775287719,140,12838.945039949696,17051.190583128344,13620.891385448951,30672.081968577295,1.272244162417435,3,4,0,55,31,86,65,29010.434232540552,32760.434232540552,5560.093594966247,652.6440651780616,1278.0034153573874,3750.0,4632.71976755321,1200.0,3018.499538161674,-1,-1,0.0,0.0,0.004183000070042908,0.030864791944622993,0.00032295892015099525,0.0353707509348169,-65.27104187011719
cost_only_3407,cost_only_ablation,2,189,2025-07-09,7,no_season,42,3407,3407,65203.18225266437,0.0,0.0,373.3928911101299,65576.5751437745,89565.01505774487,89565.01505774487,171.3858874188843,70,13369.355657477263,14983.31785573832,12674.99758471851,27658.31544045683,1.1489601653084232,3,4,0,48,32,80,53,24287.982494446886,28037.982494446886,4352.448463065192,602.4548536673117,1152.4298100190344,3750.0,4478.149069124027,3018.499538161674,3872.302369001482,-1,-1,0.0,0.0,0.004509249934926629,0.031309374957345426,0.0002986670006066561,0.03611729189287871,-65.2424087524414
cost_only_3407,cost_only_ablation,2,190,2025-07-10,7,no_season,42,3407,3407,60956.05401565187,0.0,0.0,1683.8352914651923,62639.88930711705,84210.31701459378,84210.31701459378,616.680341863324,170,12155.168429924888,14033.900734020724,14215.695190821845,28249.59592484257,1.1790994031151654,3,4,0,47,33,80,55,30955.848950432443,34705.84895043244,4492.089593170215,1206.9722998084742,1177.0664968684405,3750.0,5000.0,3872.302369001482,2201.371159966119,-1,-1,0.0,0.0,0.004175041103735566,0.031781625002622604,0.00030541594605892897,0.0362620820524171,-63.29386520385742
cost_only_3407,cost_only_ablation,2,191,2025-07-11,7,no_season,42,3407,3407,32093.176383178787,0.0,0.0,931.4190372567509,33024.59542043554,48549.482960207824,48549.482960207824,237.0211863137583,110,14265.373524059672,13909.759693478516,11907.406221016603,25817.165914495115,1.0728110387023428,3,4,0,68,24,92,35,21020.194033066633,22270.194033066633,4287.519050983819,444.0660838437235,1075.7152464372966,1250.0,4470.90697140902,2201.371159966119,2845.8196333084898,-1,-1,0.0,0.0,0.004389125038869679,0.031002874951809645,0.0002758749760687351,0.03566787496674806,-32.772369384765625
cost_only_3407,cost_only_ablation,2,192,2025-07-12,7,no_season,42,3407,3407,31146.934835240445,0.0,0.0,190.10071150196575,31337.03554674241,47831.718632185395,47831.718632185395,40.04074970724568,40,15570.438327236829,13265.194757304884,12048.1170359824,25313.31179328728,1.0535124650681715,5,6,0,65,25,90,39,27732.320747229154,28982.320747229154,4229.08,684.3442441792096,1054.7213247203033,1250.0,4324.625925564952,2845.8196333084898,2730.4578949571264,-1,-1,0.0,0.0,0.004108458058908582,0.030568875023163855,0.00030545901972800493,0.03498279210180044,-31.382183074951172
cost_only_3407,cost_only_ablation,2,193,2025-07-13,7,no_season,42,3407,3407,61522.53308370631,0.0,0.0,410.4015501309617,61932.93463383726,85319.3527244982,85319.3527244982,188.5020482554621,100,14250.421925904819,14855.757615379098,12866.045168530254,27721.802783909356,1.1523088138882107,3,4,0,47,32,79,55,26569.628062784526,29969.96271152862,4671.837034722459,920.2136695046062,1155.0751159962228,3736.8765416995557,4847.8600134916505,2730.4578949571264,3261.864620833824,-1,-1,0.0,0.0,0.0042446249863132834,0.03083204198628664,0.0003054579719901085,0.03538212494459003,-61.72494888305664
cost_only_3407,cost_only_ablation,2,194,2025-07-14,7,no_season,42,3407,3407,60028.22820803667,0.0,0.0,633.4995150408855,60661.72772307756,83486.19961271147,83486.19961271147,290.22228890076997,110,10767.5629740791,13841.98424542546,12640.804534558994,26482.788779984454,1.1023432164268263,3,4,0,44,32,76,59,26177.162948513193,29716.259523653174,4757.652609027895,705.5568141049334,1103.4495324993522,3750.0,4871.672135699256,3261.864620833824,3068.945957616948,-1,-1,0.0,0.0,0.004281125031411648,0.030492083984427154,0.0002917919773608446,0.035065000993199646,-60.73723602294922
cost_only_3407,cost_only_ablation,2,195,2025-07-15,7,no_season,42,3407,3407,59145.3003855485,0.0,0.0,859.819848790361,60005.12023433886,82366.74141078065,82366.74141078065,394.0264510047732,100,7733.259827417119,14235.433126054544,11956.975675019565,26192.40880107411,1.0878615278041663,3,4,0,48,29,77,66,29597.532309743983,32959.2738752526,4636.765501094005,752.0071670051648,1091.3503667114212,3750.0,4636.765501094005,3068.945957616948,3970.1045847228747,-1,-1,0.0,0.0,0.00444679195061326,0.031240834039635956,0.0003066250355914235,0.03599425102584064,-59.65242004394531
cost_only_3407,cost_only_ablation,2,196,2025-07-16,7,no_season,42,3407,3407,59895.72395899269,0.0,0.0,1101.3618986886445,60997.08585768133,82401.30816082566,82401.30816082566,449.7632501139516,120,10263.106608731632,12967.260460772308,12513.859041897664,25481.11950266997,1.0621912104514661,3,4,0,45,30,75,61,29195.08708377599,32616.969690254246,4797.486960881857,899.7058912057245,1061.713312611249,3750.0,4911.995062881037,3970.1045847228747,3081.162375098684,-1,-1,0.0,0.0,0.004451374989002943,0.03130279202014208,0.00040391599759459496,0.036158083006739616,-61.345008850097656
cost_only_3407,cost_only_ablation,2,197,2025-07-17,7,no_season,42,3407,3407,56643.74093710334,0.0,0.0,1537.1007200710937,58180.84165717443,79453.94812759315,79453.94812759315,422.0992854073846,170,6730.962150455258,15288.748906994839,14864.07971111624,30152.828618111078,1.2571790196928763,3,4,0,54,33,87,60,31471.853647648255,34762.71451407851,4705.894309828409,723.3398962689566,1256.3678590879617,3750.0,4920.921211713503,3081.162375098684,1917.2273747777479,-1,-1,0.0,0.0,0.004129124921746552,0.0315743749961257,0.0002960419515147805,0.03599954186938703,-58.63639450073242
cost_only_3407,cost_only_ablation,2,198,2025-07-18,7,no_season,42,3407,3407,31684.723523320885,0.0,0.0,433.948184418401,32118.67170773929,48531.6626501171,48531.6626501171,101.10168609676677,20,14824.178547318614,13505.27460347748,10970.936914582224,24476.2115180597,1.0156921398863132,3,4,0,68,23,91,40,21728.326707375505,22978.326707375505,3849.377301787865,787.7361794258026,1019.8421465858207,1250.0,4361.2648,1917.2273747777479,3165.0729213159434,-1,-1,0.0,0.0,0.004349375027231872,0.031629291945137084,0.0002920409897342324,0.03627070796210319,-31.63028335571289
cost_only_3407,cost_only_ablation,2,199,2025-07-19,7,no_season,42,3407,3407,30926.21402550329,0.0,0.0,820.0094209025272,31746.22344640582,47833.080913067504,47833.080913067504,189.02772239261412,80,19915.136439890608,13891.756648010469,12967.603502440958,26859.360150451423,1.1186638249908256,7,8,0,65,28,93,40,38032.38157708735,39282.38157708735,6059.4860057722935,1239.5458236737377,1119.1400062688092,3750.0,4378.1714,3165.0729213159434,2674.896146635564,-1,-1,0.0,0.0,0.004424499929882586,0.03121887508314103,0.00030808302108198404,0.0359514580341056,-31.93807029724121
cost_only_3407,cost_only_ablation,2,200,2025-07-20,7,no_season,42,3407,3407,58929.85148823228,0.0,0.0,1139.6337198444096,60069.48520807669,81760.611966946,81760.611966946,334.25016855493357,90,8858.320110053723,16245.789854626186,15099.226045845648,31345.015900471833,1.305337134816351,3,4,0,55,34,89,66,29672.759596321313,33352.76262099325,4159.941007738482,796.9937286857362,1306.0423291863262,3750.0,4934.843783410876,2674.896146635564,2171.023908487832,-1,-1,0.0,0.0,0.004323458997532725,0.030352417030371726,0.0002952499780803919,0.03497112600598484,-60.266693115234375
cost_only_3407,cost_only_ablation,2,201,2025-07-21,7,no_season,42,3407,3407,58399.26512854137,0.0,0.0,76.61911478021928,58475.88424332158,82069.15189299737,82069.15189299737,19.80388245454526,20,6411.688769788054,16713.715535480114,15026.197879816262,31739.913415296378,1.3206260861561747,3,4,0,60,35,95,79,33141.07325287837,36776.90117062346,3475.5978667936233,1170.9405917664733,1322.496392304016,3750.0,4938.866540868992,2171.023908487832,2188.0433944944007,-1,-1,0.0,0.0,0.004398957942612469,0.032073750044219196,0.0003071669489145279,0.03677987493574619,-58.46922302246094
cost_only_3407,cost_only_ablation,2,202,2025-07-22,7,no_season,42,3407,3407,59192.40773207608,0.0,0.0,1071.3534810267429,60263.76121310282,82768.97833024763,82768.97833024763,297.9608522993345,120,8000.358178518706,15989.238919837873,14717.802532476273,30707.041452314148,1.2784437484803832,3,4,0,53,35,88,65,29230.391058119614,32913.508867633915,4059.0881625996863,977.8872547582605,1279.4600605130895,3750.0,4721.648881695168,2188.0433944944007,1842.8412545440494,-1,-1,0.0,0.0,0.004599208012223244,0.03176554210949689,0.0003095830325037241,0.03667433315422386,-60.39886474609375
cost_only_3407,cost_only_ablation,2,203,2025-07-23,7,no_season,42,3407,3407,58027.059560136346,0.0,0.0,2120.4885831606944,60147.54814329704,81812.04034183218,81812.04034183218,484.88749262951694,200,6266.83318824042,17529.321015280624,15715.773485726011,33245.094501006635,1.3831522448092461,3,4,0,62,34,96,73,36014.65896137312,39761.2827736194,4219.630511077249,778.223829907516,1385.2122708752763,3750.0,5000.0,1842.8412545440494,1906.7355258473417,-1,-1,0.0,0.0,0.004031167016364634,0.031768917106091976,0.00029150000773370266,0.03609158413019031,-60.122535705566406
cost_only_3407,cost_only_ablation,2,204,2025-07-24,7,no_season,42,3407,3407,57999.98005687727,0.0,0.0,2151.643085416198,60151.62314229348,79716.0097522994,79716.0097522994,637.2635730724369,250,5194.916125990045,15631.544847004463,14089.65964762268,29721.204494627145,1.2367162847263222,3,4,0,53,33,86,71,28401.26052219083,31946.6895930791,4434.494265875542,734.7268041279935,1238.3835206094643,3750.0,4885.69,1906.7355258473417,1884.3157305770176,-1,-1,0.0,0.0,0.004348666989244521,0.03165758401155472,0.0003154169535264373,0.036321667954325676,-60.160396575927734
cost_only_3407,cost_only_ablation,2,205,2025-07-25,7,no_season,42,3407,3407,31122.338741483465,0.0,0.0,983.7460115842662,32106.084753067727,47447.216492591324,47447.216492591324,181.20091171581498,70,19112.793126420533,14044.429640442127,12034.124929222186,26078.554569664313,1.0836998877076915,5,6,0,68,24,92,32,25599.78415727003,26849.78415727003,3548.171000420338,970.0121458240712,1086.6064404026797,1250.0,4442.19,1884.3157305770176,2522.9500866584744,-1,-1,0.0,0.0,0.004336750018410385,0.03186712495516986,0.00029504194390028715,0.03649891691748053,-31.85613250732422
cost_only_3407,cost_only_ablation,2,206,2025-07-26,7,no_season,42,3407,3407,30836.713979223303,0.0,0.0,57.64923809736212,30894.363217320664,47765.43808912065,47765.43808912065,13.163429180811079,10,17442.16232275121,13789.219875495495,11921.872246611907,25711.0921221074,1.0686816394434517,5,6,0,67,27,94,40,28614.538338440143,29864.538338440143,3336.9551950488258,1237.5768087521803,1071.2955050878084,1250.0,4382.8442,2522.9500866584744,3037.7959180731464,-1,-1,0.0,0.0,0.004231458064168692,0.031505291000939906,0.0003006670158356428,0.03603741608094424,-30.692859649658203
cost_only_3407,cost_only_ablation,2,207,2025-07-27,7,no_season,42,3407,3407,56137.964241104775,0.0,0.0,824.4880809059955,56962.45232201077,78737.32144287607,78737.32144287607,194.27610417260965,130,4642.975551053912,17186.482045997345,16583.049850002586,33769.53189599993,1.407691576194026,3,4,0,63,34,97,76,30506.11100987297,33979.58308607314,4389.193874676195,700.1146071189069,1407.0638289999972,3750.0,4869.081472763724,3037.7959180731464,1862.255027981926,-1,-1,0.0,0.0,0.00455729104578495,0.03148166695609689,0.00030874996446073055,0.03634770796634257,-57.42253875732422
cost_only_3407,cost_only_ablation,2,208,2025-07-28,7,no_season,42,3407,3407,58201.135855876615,0.0,0.0,960.5573648330017,59161.69322070962,81403.0612165595,81403.0612165595,252.36226142721716,100,2564.2774800576744,16428.8366481009,15292.567883505197,31721.404531606095,1.3210643692774646,3,4,0,65,35,100,94,32927.904946463525,36426.267118897544,4002.3758944887627,797.5100663331789,1321.7251888169208,3750.0,5000.0,1862.255027981926,1328.2360342297916,-1,-1,0.0,0.0,0.004419500008225441,0.031974959070794284,0.0002947499742731452,0.03668920905329287,-59.370697021484375
cost_only_3407,cost_only_ablation,2,209,2025-07-29,7,no_season,42,3407,3407,60889.45399299901,0.0,0.0,1060.2113767788417,61949.66536977785,84704.55586591599,84704.55586591599,327.21657654601415,80,6534.688113525443,17333.129919905205,14905.291540968647,32238.421460873848,1.3398003198911528,3,4,0,59,35,94,71,28936.495935708834,32686.495935708834,3989.9689261295,589.8721000574008,1343.2675608697439,3750.0,4754.148405887876,1328.2360342297916,2060.3300727495393,-1,-1,0.0,0.0,0.004367041983641684,0.03143100009765476,0.00030487508047372103,0.036102917161770165,-61.66313552856445
cost_only_3407,cost_only_ablation,2,210,2025-07-30,7,no_season,42,3407,3407,58226.11839387233,0.0,0.0,659.0502197420196,58885.168613614354,81289.26250126438,81289.26250126438,226.3784063703069,100,5666.966455920584,17677.88774598774,15932.467344273628,33610.355090261364,1.3985421680895826,3,4,0,62,35,97,74,31970.97547376297,35649.67629005391,4514.604119877857,1025.3461263267177,1400.4314620942237,3750.0,4792.270114149459,2060.3300727495393,2036.7517374603797,-1,-1,0.0,0.0,0.004242083057761192,0.03117674996610731,0.00030741700902581215,0.03572625003289431,-58.89439392089844
cost_only_3407,cost_only_ablation,2,211,2025-07-31,7,no_season,42,3407,3407,57510.57155339558,0.0,0.0,1744.833624815934,59255.405178211506,79153.49922162865,79153.49922162865,335.27118831169395,190,3336.883496101712,16649.124174024317,15192.233526852357,31841.357700876666,1.325365260878112,3,4,0,62,34,96,76,32376.039460822703,36126.03946082271,3732.009888459685,710.2587237615896,1326.723237536528,3750.0,4842.021139647913,2036.7517374603797,1817.4775385175394,-1,-1,0.0,0.0,0.004272125079296529,0.03184520895592868,0.00029695802368223667,0.03641429205890745,-59.341224670410156
cost_only_3407,cost_only_ablation,2,212,2025-08-01,8,no_season,42,3407,3407,30676.987564847877,0.0,0.0,615.8005998886489,31292.78816473653,46015.76791121711,46015.76791121711,110.15475544406205,70,22414.37563431263,14232.550709882391,11772.363344200516,26004.914054082907,1.0796393201683003,3,4,0,69,24,93,40,20283.58651210341,21533.58651210341,4054.740142214302,728.0489877080347,1083.5380855867877,1250.0,4350.5,1817.4775385175394,2910.500148723141,-1,-1,0.0,0.0,0.004299917025491595,0.03153287491295487,0.00030883296858519316,0.036141624907031655,-30.864994049072266
cost_only_3407,cost_only_ablation,2,213,2025-08-02,8,no_season,42,3407,3407,25586.309398722646,0.0,0.0,2080.55456696568,27666.863965688328,42674.920525490255,42674.920525490255,431.6696870179427,150,21522.663222824245,13197.404669427977,12540.502613077362,25737.907282505337,1.0724586586544205,3,4,0,65,31,96,50,19419.876543003025,20669.876543003025,3412.9759317768658,416.07268062818434,1072.4128034377225,1250.0,3750.0,2910.500148723141,2211.807116017407,-1,-1,0.0,0.0,0.004374459036625922,0.030841500032693148,0.0002897090744227171,0.035505668143741786,-27.940322875976562
cost_only_3407,cost_only_ablation,2,214,2025-08-03,8,no_season,42,3407,3407,53805.94952750266,0.0,0.0,1617.72272071781,55423.67224822047,75636.99913834198,75636.99913834198,463.35351072733823,190,11443.067374103284,17283.23530511779,15465.43001348509,32748.665318602878,1.3624296367676128,3,4,0,58,36,94,59,26754.16669179755,27781.867743649178,3610.6661348479292,903.2118933409251,1364.5277216084532,3750.0,3750.0,2211.807116017407,2306.1291740791407,-1,-1,0.0,0.0,0.0040408329805359244,0.030737124965526164,0.0003045840421691537,0.03508254198823124,-55.386756896972656
cost_only_3407,cost_only_ablation,2,215,2025-08-04,8,no_season,42,3407,3407,49886.02903458532,0.0,0.0,2194.778035249128,52080.80706983445,71951.82114953574,71951.82114953574,567.3287314761897,160,5825.551138884971,16494.204865302578,15216.261206508962,31710.466071811545,1.3202968457727537,3,4,0,64,37,101,81,31947.26498278942,32989.92723067963,3750.0,1202.0581500000028,1321.2694196588143,3750.0,3750.0,2306.1291740791407,1914.5582162052046,-1,-1,0.0,0.0,0.004313583020120859,0.0338397080777213,0.0003090000245720148,0.03846229112241417,-52.23406219482422
cost_only_3407,cost_only_ablation,2,216,2025-08-05,8,no_season,42,3407,3407,52020.15521551247,0.0,0.0,883.470321531688,52903.62553704415,74179.87370481345,74179.87370481345,240.1288629907973,120,7058.055956352738,17335.58256619988,15125.945688081707,32461.52825428159,1.349588514804576,3,4,0,61,36,97,68,30747.601629062738,31670.997761670944,3470.9217463120567,1161.9511660290939,1352.5636772617331,3750.0,3750.0,1914.5582162052046,2416.389145954357,-1,-1,0.0,0.0,0.004182624979875982,0.033284957986325026,0.00029324996285140514,0.03776083292905241,-52.70721435546875
cost_only_3407,cost_only_ablation,2,217,2025-08-06,8,no_season,42,3407,3407,50978.87426830543,0.0,0.0,3072.55100361366,54051.4252719191,72644.71305402629,72644.71305402629,814.9855037076904,190,4952.798182492198,15464.6917527193,15072.190644144188,30536.88239686349,1.2732741123567917,3,4,0,63,37,100,84,34955.45469924213,36130.563690202776,3293.9011914788753,1091.2595803796507,1272.370099869312,3750.0,3740.102727553566,2416.389145954357,1200.0,-1,-1,0.0,0.0,0.004381416947580874,0.032627791981212795,0.00030316703487187624,0.037312375963665545,-54.52750015258789
cost_only_3407,cost_only_ablation,2,218,2025-08-07,8,no_season,42,3407,3407,52352.639920468864,0.0,0.0,2898.0104578161745,55250.650378285034,73744.96794602563,73744.96794602563,727.8415942284746,300,8729.784614035609,18936.05304025136,16581.01336403288,35517.06640428424,1.4767599985401372,3,4,0,64,37,101,59,25729.632614376398,28855.559574189938,3371.220779336018,710.4853976738989,1479.877766845177,3748.1562249087547,3750.0,1200.0,1686.394535606949,-1,-1,0.0,0.0,0.004938416997902095,0.034312166972085834,0.00033179193269461393,0.03958237590268254,-55.06028747558594
cost_only_3407,cost_only_ablation,2,219,2025-08-08,8,no_season,42,3407,3407,24593.883256063837,0.0,0.0,2758.346436124832,27352.22969218867,40429.375157305825,40429.375157305825,588.5323804481217,190,23785.460758846522,14227.725538042578,12770.45000913515,26998.175547177725,1.1232850768853948,3,4,0,70,29,99,54,20181.929583038203,21379.66713991661,3407.7676020177596,533.1305201559612,1124.9239811324053,1250.0,3750.0,1686.394535606949,1722.7638647329743,-1,-1,0.0,0.0,0.004524165997281671,0.03205675003118813,0.0002909590257331729,0.036871875054202974,-27.337995529174805
cost_only_3407,cost_only_ablation,2,220,2025-08-09,8,no_season,42,3407,3407,24143.802205176456,0.0,0.0,2027.735965842296,26171.53817101875,40696.0724108859,40696.0724108859,507.4057320772741,200,20668.60479871833,14064.173088762485,12451.228744517646,26515.401833280128,1.1027997337643882,3,4,0,72,28,100,53,20058.423382379133,21129.082320640235,3451.6251237630386,472.64742000000064,1104.8084097200056,1250.0,3750.0,1722.7638647329743,1940.4624747886,-1,-1,0.0,0.0,0.004202249925583601,0.03332108398899436,0.0003184590023010969,0.03784179291687906,-26.086334228515625
cost_only_3407,cost_only_ablation,2,221,2025-08-10,8,no_season,42,3407,3407,51483.020796854704,0.0,0.0,336.9973327818952,51820.018129636606,73518.33276231415,73518.33276231415,78.06538812497354,60,6729.709219246725,16616.465741141394,15054.395859949003,31670.861601090393,1.3180204205416146,3,4,0,62,37,99,80,32913.47321567221,34134.393319831375,3437.8339579041067,1327.0885388275824,1319.6192333787665,3750.0,3750.0,1940.4624747886,1835.4994242886278,-1,-1,0.0,0.0,0.004718290991149843,0.03439941699616611,0.0003387909382581711,0.039456498925574124,-51.8610954284668
cost_only_3407,cost_only_ablation,2,222,2025-08-11,8,no_season,42,3407,3407,54253.88724664403,0.0,0.0,2096.4323238713364,56350.31957051536,75706.4615878104,75706.4615878104,499.2913183355677,150,9294.45105646359,17121.364860570917,14771.316344221865,31892.68120479278,1.3255453102190367,3,4,0,58,34,92,63,30188.068061186365,31438.068061186365,4122.395719023688,1250.0,1328.8617168663657,3750.0,3750.0,1835.4994242886278,2507.9177451369296,-1,-1,0.0,0.0,0.004502875031903386,0.03425270796287805,0.00031054101418703794,0.03906612400896847,-56.08714294433594
cost_only_3407,cost_only_ablation,2,223,2025-08-12,8,no_season,42,3407,3407,50748.38487232679,0.0,0.0,3685.9911710914207,54434.37604341821,72205.75644089365,72205.75644089365,759.5178923055823,180,4830.61384889797,16149.165543365454,15775.048709064195,31924.21425242965,1.3312002084176764,3,4,0,68,37,105,82,31741.34842464167,32872.03988431306,3622.42473551618,671.8328254965022,1330.1755938512351,3750.0,3750.0,2507.9177451369296,1200.0,-1,-1,0.0,0.0,0.004506416968069971,0.03354212502017617,0.0003073329571634531,0.038355874945409596,-54.9462776184082
cost_only_3407,cost_only_ablation,2,224,2025-08-13,8,no_season,42,3407,3407,54587.8537517569,0.0,0.0,1908.0626500644535,56495.91640182135,76228.79199016426,76228.79199016426,442.5713134145863,150,8357.696166181348,16864.985788082737,14672.298100685228,31537.283888767965,1.3110621045023327,3,4,0,54,34,88,62,27955.339671708185,31705.339671708185,4648.526818346123,705.2738616092282,1314.0534953653319,3750.0,3750.0,1200.0,1733.5701699707529,-1,-1,0.0,0.0,0.004264374962076545,0.03247837501112372,0.0003214169992133975,0.03706416697241366,-56.287086486816406
cost_only_3407,cost_only_ablation,2,225,2025-08-14,8,no_season,42,3407,3407,50024.36079168925,0.0,0.0,6744.455623531905,56768.81641522115,70787.65924446017,70787.65924446017,1271.337930662785,300,4757.925030354252,18019.13195826682,16644.350796831463,34663.48275509828,1.443297323546581,3,4,0,71,37,108,77,30073.885822011314,31254.204326629755,3574.4995879412745,1194.2263007023753,1444.3117814624284,3750.0,3750.0,1733.5701699707529,1283.333473204758,-1,-1,0.0,0.0,0.004457916948013008,0.03244020801503211,0.0003064590273424983,0.03720458399038762,-56.945030212402344
cost_only_3407,cost_only_ablation,2,226,2025-08-15,8,no_season,42,3407,3407,24827.806500578226,0.0,0.0,2771.8363321205616,27599.642832698788,40198.75141569099,40198.75141569099,697.9280255311548,240,21957.348177926255,14976.342540032962,13196.73816007041,28173.08070010337,1.1715995607155592,3,4,0,76,28,104,58,22773.645158930245,23898.426399190892,3750.0,564.8276271086096,1173.8783625043072,1250.0,3750.0,1283.333473204758,1580.5560832566935,-1,-1,0.0,0.0,0.004257457912899554,0.03186354099307209,0.0003059169976040721,0.03642691590357572,-27.483314514160156
cost_only_3407,cost_only_ablation,2,227,2025-08-16,8,no_season,42,3407,3407,28500.224627265496,0.0,0.0,3643.7689537200376,32143.993580985538,47805.47483745157,47805.47483745157,672.8647794810183,160,31017.433702777733,8926.527476453364,8394.901928965173,17321.429405418537,0.7215604640107213,1,2,0,47,15,62,47,15382.453375655838,16366.819328717302,3750.0,340.3605086512528,721.7262252257724,1250.0,3750.0,1580.5560832566935,1200.0,-1,-1,0.0,0.0,0.004414833034388721,0.030662667006254196,0.0002817909698933363,0.03535929101053625,-32.292938232421875
cost_only_3407,cost_only_ablation,2,228,2025-08-17,8,no_season,42,3407,3407,47964.52575261099,0.0,0.0,2183.170994406702,50147.69674701769,70542.78481416847,70542.78481416847,396.7757864596802,150,5995.135078853264,15416.194956505751,13637.163051397536,29053.358007903287,1.20832994569015,3,4,0,83,31,114,71,24477.12737178387,25654.97898065101,3620.0371430346486,675.1366047750809,1210.556583662637,1250.0,3750.0,1200.0,1450.254652891541,-1,-1,0.0,0.0,0.003942750045098364,0.02986008406151086,0.0003036250127479434,0.03410645911935717,-50.04975128173828
cost_only_3407,cost_only_ablation,2,229,2025-08-18,8,no_season,42,3407,3407,48561.35319073323,0.0,0.0,3043.2558481723418,51604.60903890557,71298.57322439086,71298.57322439086,604.9063063508075,150,5813.863291794671,14638.122017876347,12942.621395596014,27580.74341347236,1.1470692794842348,3,4,0,80,30,110,76,30674.624650041555,31426.696913294163,3693.923467554984,650.0957406096218,1149.1976422280152,1250.0,3750.0,1450.254652891541,1694.4756916394508,-1,-1,0.0,0.0,0.003875750000588596,0.02965849998872727,0.00028120807837694883,0.033815458067692816,-51.50902557373047
cost_only_3407,cost_only_ablation,2,230,2025-08-19,8,no_season,42,3407,3407,49797.96629347571,0.0,0.0,1310.754714273165,51108.72100774887,72123.3901036336,72123.3901036336,243.52097173197802,100,6516.655049093106,13975.946760346524,12443.35078407404,26419.29754442056,1.09896627777872,3,4,0,70,31,101,62,28936.891710242642,30075.29493842385,3485.8553972367345,1118.8967030396498,1100.8040643508566,3080.492318936602,3750.0,1694.4756916394508,1836.7795569180344,-1,-1,0.0,0.0,0.0037955830339342356,0.029678666032850742,0.0002758749760687351,0.03375012404285371,-51.05302429199219
cost_only_3407,cost_only_ablation,2,231,2025-08-20,8,no_season,42,3407,3407,48501.900989275025,0.0,0.0,14792.70040611571,63294.60139539074,70932.68524095646,70932.68524095646,2850.1165804212656,350,2391.1269338382776,13450.859510609283,12709.87568973649,26160.73520034577,1.0899162950498287,3,4,0,72,27,99,73,31962.055969986654,33081.495275435824,3458.55523685118,847.9829629715485,1090.0306333477404,3364.3631041938784,3750.0,1836.7795569180344,1200.0,-1,-1,0.0,0.0,0.0038710839580744505,0.029631374985910952,0.0002734159352257848,0.03377587487921119,-63.54383087158203
cost_only_3407,cost_only_ablation,2,232,2025-08-21,8,no_season,42,3407,3407,51874.129782347474,0.0,0.0,3690.90059908471,55565.03038143218,73402.39252493788,73402.39252493788,803.1187910526369,180,6632.276729988016,13006.095568175144,11277.279465505964,24283.375033681106,1.0094150810607614,3,4,0,64,27,91,64,26597.293526473506,27498.482994694015,3569.488545552859,725.1860589295717,1011.8072930700461,3573.9008991266237,3688.50438506098,1200.0,1651.369331294859,-1,-1,0.0,0.0,0.0038667910266667604,0.0305447910213843,0.0002863750560209155,0.034697957104071975,-55.388370513916016
cost_only_3407,cost_only_ablation,2,233,2025-08-22,8,no_season,42,3407,3407,28561.889055708125,0.0,0.0,8068.932540302941,36630.82159601107,47534.35549642095,47534.35549642095,1684.0674674786412,250,27536.04048656199,8800.196231892634,8348.383154555031,17148.579386447665,0.7145236542009198,1,2,0,47,14,61,47,15105.623090978519,16355.623090978519,3750.0,405.96993827511994,714.524141101986,1250.0,3750.0,1651.369331294859,1200.0,-1,-1,0.0,0.0,0.003802957944571972,0.029957166989333928,0.00027970795053988695,0.034039832884445786,-36.80747985839844
cost_only_3407,cost_only_ablation,2,234,2025-08-23,8,no_season,42,3407,3407,29134.495354241684,0.0,0.0,1214.81459756534,30349.309951807023,48527.121964339676,48527.121964339676,264.04347993691215,150,25223.664308840875,9529.53420768671,8492.039222250994,18021.573429937704,0.749662718679142,1,2,0,49,15,64,54,12518.889463434267,13768.889463434267,3337.85865349725,241.65745895657753,750.898892914071,1250.0,3686.9851849479865,1200.0,1289.1146337674177,-1,-1,0.0,0.0,0.00403087493032217,0.029644957976415753,0.0002877499209716916,0.033963582827709615,-30.31443214416504
cost_only_3407,cost_only_ablation,2,235,2025-08-24,8,no_season,42,3407,3407,49752.23054550499,0.0,0.0,4125.148076671078,53877.37862217605,72661.97732364306,72661.97732364306,951.4946431525268,280,7810.653788314022,15701.26809675072,13632.039401602486,29333.307498353206,1.21937341759757,3,4,0,73,30,103,61,27687.0579575735,28597.0851836196,3471.957999099843,618.7055048621642,1222.2211457647168,3660.446237816127,3750.0,1289.1146337674177,1815.2142146273065,-1,-1,0.0,0.0,0.0038549589226022363,0.029627625015564263,0.0003075840650126338,0.03379016800317913,-53.671470642089844
cost_only_3407,cost_only_ablation,2,236,2025-08-25,8,no_season,42,3407,3407,50204.4390746103,0.0,0.0,4122.499452289706,54326.938526900005,73180.13113637145,73180.13113637145,901.5896176292703,240,2364.0332973525965,15282.438901216346,14337.83846123489,29620.277362451234,1.2338168038645867,3,4,0,76,33,109,78,32080.20352102098,33330.20352102098,3455.0010816014205,750.6342500000011,1234.1782234354678,3750.0,3750.0,1815.2142146273065,1200.0,-1,-1,0.0,0.0,0.004043625085614622,0.030405083089135587,0.0002835000632330775,0.034732208237983286,-54.56772232055664
cost_only_3407,cost_only_ablation,2,237,2025-08-26,8,no_season,42,3407,3407,50914.106647291235,0.0,0.0,1991.7039040527536,52905.81055134398,74763.46660459628,74763.46660459628,448.40467776785374,160,7547.966628854491,15390.961003628927,13255.874733452625,28646.835737081557,1.1905861037618934,3,4,0,56,31,87,63,24763.178496606593,28504.774545561297,3277.8469351700815,616.3779650500641,1193.6181557117316,3750.0,3750.0,1200.0,1828.2287998936315,-1,-1,0.0,0.0,0.0037531659472733736,0.030836791032925248,0.00028795807156711817,0.03487791505176574,-52.65992736816406
cost_only_3407,cost_only_ablation,2,238,2025-08-27,8,no_season,42,3407,3407,49795.72416503714,0.0,0.0,2114.9755937281634,51910.6997587653,72596.91154637671,72596.91154637671,424.0267551571698,130,3872.300284459585,15950.723693352682,14716.234542945058,30666.958236297738,1.2768524335563924,3,4,0,76,34,110,80,35400.812355677546,36349.10473404834,3615.4051300530828,999.6044536426033,1277.7899265124058,3750.0,3750.0,1828.2287998936315,1448.1407139448002,-1,-1,0.0,0.0,0.003924167016521096,0.0310567079577595,0.00032833300065249205,0.03530920797493309,-52.05946350097656
cost_only_3407,cost_only_ablation,2,239,2025-08-28,8,no_season,42,3407,3407,51573.6815015697,0.0,0.0,8132.933283147913,59706.61478471762,73892.7081439727,73892.7081439727,1747.1583681539933,280,3653.3846909071403,14540.93788771979,13322.251049833569,27863.18893755336,1.1599012724201734,3,4,0,60,31,91,70,32252.820738898023,33502.82073889802,3254.3767773173863,960.3648597339466,1160.96620573139,3750.0,3750.0,1448.1407139448002,1200.0,-1,-1,0.0,0.0,0.003935249987989664,0.0310748330084607,0.0003059169976040721,0.03531599999405444,-59.803733825683594
cost_only_3407,cost_only_ablation,2,240,2025-08-29,8,no_season,42,3407,3407,30640.609221184066,0.0,0.0,2910.2895288426735,33550.89875002674,49382.81052179775,49382.81052179775,585.6260933925912,150,26505.60977192391,9076.064932664194,8168.4584393977675,17244.52337206196,0.7175259344700399,1,2,0,49,15,64,46,13864.774583053206,14986.677951857986,3079.7748692451482,391.2044087693961,718.5218071692484,1250.0,3750.0,1200.0,1200.0,-1,-1,0.0,0.0,0.004383874940685928,0.031340292072854936,0.0002999999560415745,0.03602416696958244,-33.550899505615234
cost_only_3407,cost_only_ablation,2,241,2025-08-30,8,no_season,42,3407,3407,30596.75601356342,0.0,0.0,1862.3930710294364,32459.149084592857,50065.531889169375,50065.531889169375,384.68932211930326,120,30994.95852375649,9365.616853359383,8423.073999160526,17788.69085251991,0.7401543276619142,1,2,0,49,15,64,50,13748.543896564985,14773.010572737549,3151.2483047978017,328.4878200335759,741.1954521883296,1250.0,3750.0,1200.0,1206.3047055589664,-1,-1,0.0,0.0,0.004317915998399258,0.029794041998684406,0.0002798750065267086,0.03439183300361037,-32.45668029785156
cost_only_3407,cost_only_ablation,2,242,2025-08-31,8,no_season,42,3407,3407,51282.8050476113,0.0,0.0,2936.093131545875,54218.898179157186,72695.30880815357,72695.30880815357,707.0619410006437,200,4289.311233180145,18963.11461953011,16496.67818688938,35459.7928064195,1.4741256562928404,3,4,0,69,37,106,68,38773.573359489914,40023.573359489914,7040.850651009609,1765.734974469706,1477.4913669341456,5000.0,3750.0,1206.3047055589664,1807.2691916622773,-1,-1,0.0,0.0,0.004055125056765974,0.029278500005602837,0.00026704103220254183,0.03360066609457135,-53.98368835449219
cost_only_3407,cost_only_ablation,2,243,2025-09-01,9,no_season,42,3407,3407,52088.75821347105,0.0,0.0,0.0,52088.75821347104,73303.28954047081,73303.28954047081,0.0,0,15962.043144638616,17106.227625675616,13339.115763176753,30445.343388852372,1.2620439598288888,5,6,0,52,37,89,50,33865.38939208212,35115.38939208212,4052.1509802604105,1812.4788695942466,1268.5559745355156,5000.0,3007.472097406374,1807.2691916622773,3974.9990380264576,-1,-1,0.0,0.0,0.004077916964888573,0.02950241696089506,0.0002862090477719903,0.033866542973555624,-51.24034118652344
cost_only_3407,cost_only_ablation,2,244,2025-09-02,9,no_season,42,3407,3407,48769.268455451645,0.0,0.0,349.6818954680613,49118.95035091971,68330.27847986986,68330.27847986986,89.6028557879954,60,13103.173900512615,15638.018988279875,14379.067403134635,30017.086391414516,1.2496831376294686,3,4,0,60,37,97,62,26842.889320842034,28092.889320842034,3750.0,1133.6335361335282,1250.7119329756047,5000.0,3158.9452206382675,3974.9990380264576,3653.658592475024,-1,-1,0.0,0.0,0.0038847080431878567,0.02957549993880093,0.0002779170172289014,0.03373812499921769,-49.244720458984375
cost_only_3407,cost_only_ablation,2,245,2025-09-03,9,no_season,42,3407,3407,50040.6491312023,0.0,0.0,196.91262360945677,50237.56175481176,69817.32113896178,69817.32113896178,43.067586043755625,30,12741.73703844736,15749.246055752363,14178.311619194192,29927.557674946554,1.2452624744753353,5,6,0,57,38,95,50,43464.63289069127,44714.63289069127,4478.527831877045,3122.937731582024,1246.9815697894398,5000.0,3371.4244238733672,3653.658592475024,3649.4525850273617,-1,-1,0.0,0.0,0.003961749956943095,0.02971412497572601,0.00027670792769640684,0.03395258286036551,-50.23920440673828
cost_only_3407,cost_only_ablation,2,246,2025-09-04,9,no_season,42,3407,3407,50033.70584908493,0.0,0.0,304.64549080661436,50338.35133989154,69462.2802661447,69462.2802661447,54.146727816487044,20,14105.22446759592,16076.24301123389,14590.606034868619,30666.849046102507,1.276296350456384,3,4,0,53,37,90,52,29919.936732146663,34919.93673214666,3974.032696685454,1193.3479735967053,1277.7853769209378,5000.0,3135.457883639583,3649.4525850273617,3520.866654391927,-1,-1,0.0,0.0,0.003810291993431747,0.029609750024974346,0.0002941249404102564,0.03371416695881635,-50.38867950439453
cost_only_3407,cost_only_ablation,2,247,2025-09-05,9,no_season,42,3407,3407,29461.785976346502,0.0,0.0,30.580663018481545,29492.366639364984,47398.44786744249,47398.44786744249,6.983480935940065,10,39561.995989056675,7672.8802547343785,6653.706562079287,14326.586816813666,0.5955314952139349,1,2,0,37,15,52,18,8506.85792086687,9756.85792086687,2693.128346548737,187.29478655523158,596.9411173672361,1250.0,3119.5912876557186,3520.866654391927,3786.377460473641,-1,-1,0.0,0.0,0.0038206250173971057,0.029417458921670914,0.0002875420032069087,0.03352562594227493,-29.388450622558594
cost_only_3407,cost_only_ablation,2,248,2025-09-06,9,no_season,42,3407,3407,27494.617955005517,0.0,0.0,1135.071910493235,28629.689865498756,46599.40673997265,46599.40673997265,274.59368241942434,80,38355.769737264825,7343.855999466918,6546.709014339676,13890.565013806594,0.5778262813002263,1,2,0,36,15,51,21,9721.722550101023,10971.722550101023,2852.1278416720984,363.187471777488,578.7735422419414,1250.0,3191.8575,3786.377460473641,3852.533769232863,-1,-1,0.0,0.0,0.0038168339524418116,0.029428499983623624,0.00027191604021936655,0.0335172499762848,-28.603797912597656
cost_only_3407,cost_only_ablation,2,249,2025-09-07,9,no_season,42,3407,3407,49648.41840105956,0.0,0.0,43.917371592856725,49692.33577265243,68919.62627358962,68919.62627358962,20.421935174543933,10,12500.140294671655,15937.55738639015,14458.633088964307,30396.19047535446,1.2650179989774022,5,6,0,60,38,98,63,49501.24830151332,50751.24830151332,4196.9574993405095,3656.6701394650495,1266.5079364731023,5000.0,3078.0114462005868,3852.533769232863,3731.4908021550686,-1,-1,0.0,0.0,0.0038155419752001762,0.029720959020778537,0.00029012502636760473,0.03382662602234632,-49.73971176147461
cost_only_3407,cost_only_ablation,2,250,2025-09-08,9,no_season,42,3407,3407,40993.78138273564,0.0,0.0,18576.55470658018,59570.33608931582,57036.81101164521,57036.81101164521,4245.532324986238,430,3046.5507750326724,12418.060714384446,13577.837686119005,25995.89840050345,1.0872126829159405,3,4,0,68,29,97,73,23522.22505461619,24550.876524567793,3587.551501214296,380.46729094500074,1083.1624333543105,1250.0,3750.0,3731.4908021550686,1200.0,-1,-1,0.0,0.0,0.003795832977630198,0.029607624979689717,0.00027724995743483305,0.03368070791475475,-60.561119079589844
cost_only_3407,cost_only_ablation,2,251,2025-09-09,9,no_season,42,3407,3407,46478.97697794135,0.0,0.0,5023.8186754558865,51502.79565339724,64002.3207503336,64002.3207503336,966.3254985883955,180,9878.45831129183,15461.786417604144,13474.432746640638,28936.21916424478,1.20298490632443,3,4,0,71,28,99,53,36037.850175382744,37287.850175382744,3680.1676372686106,1916.6896591221278,1205.6757985101992,4930.167637268611,3750.0,1200.0,1665.0393130243506,-1,-1,0.0,0.0,0.003732459037564695,0.02957533299922943,0.00027087493799626827,0.033578666974790394,-51.32078552246094
cost_only_3407,cost_only_ablation,2,252,2025-09-10,9,no_season,42,3407,3407,43498.952554159834,0.0,0.0,22714.827706220414,66213.78026038024,60487.63878255583,60487.63878255583,4486.8420652425375,400,3087.0186732977395,10126.385537037033,9554.922012536412,19681.307549573445,0.8199377070932907,3,4,0,63,21,84,65,26227.10305047978,27477.10305047978,3482.918572515253,653.4250951201635,820.0544812322267,1250.0,3750.0,1665.0393130243506,1200.0,-1,-1,0.0,0.0,0.003921750001609325,0.03040399996098131,0.0002905830042436719,0.03461633296683431,-66.39579010009766
cost_only_3407,cost_only_ablation,2,253,2025-09-11,9,no_season,42,3407,3407,47013.975486529256,0.0,0.0,6862.660418752546,53876.6359052818,62800.74481978803,62800.74481978803,1382.3818782954718,260,8697.988931015761,14772.96477449204,12783.912790757644,27556.87756524968,1.1454288425069614,3,4,0,74,27,101,60,20262.488050813903,21114.260992786876,3505.5165525184248,513.4381922163885,1148.2032318854035,1250.0,3750.0,1200.0,1739.437668331274,-1,-1,0.0,0.0,0.003966249991208315,0.02995791705325246,0.0002859169617295265,0.0342100840061903,-53.66550827026367
cost_only_3407,cost_only_ablation,2,254,2025-09-12,9,no_season,42,3407,3407,24613.88182526995,0.0,0.0,3201.8987998590155,27815.780625128966,39940.482439805804,39940.482439805804,683.8346396154844,180,28771.778653970654,8126.377317358278,7825.495091907642,15951.87240926592,0.6649231057333312,1,2,0,45,15,60,58,13786.245677666193,15036.245677666193,3127.8594,292.97386473637584,664.66135038608,1250.0,3687.89,1739.437668331274,1200.0,-1,-1,0.0,0.0,0.004115582909435034,0.030218458035960793,0.00027600000612437725,0.034610040951520205,-28.02690887451172
cost_only_3407,cost_only_ablation,2,255,2025-09-13,9,no_season,42,3407,3407,24785.414237874058,0.0,0.0,3181.4785114946835,27966.892749368744,41423.783922231465,41423.783922231465,673.7252675524771,140,32334.904988001126,9442.716950854596,7687.214232405121,17129.931183259716,0.7108826307575808,1,2,0,49,15,64,50,11726.337967526717,12651.56849071362,3108.4882,279.61721874430106,713.7471326358215,1250.0,3476.34,1200.0,2055.112580806518,-1,-1,0.0,0.0,0.0042530420469120145,0.030363333993591368,0.0002961249556392431,0.034912500996142626,-27.63221549987793
cost_only_3407,cost_only_ablation,2,256,2025-09-14,9,no_season,42,3407,3407,43493.45416214204,0.0,0.0,15189.606650699629,58683.06081284168,59536.203773568384,59536.203773568384,3355.009494818327,450,2414.1211161392357,11889.9842561148,11512.216853867321,23402.201109982117,0.9756154806885772,3,4,0,71,25,96,75,25992.678146876286,26766.645624399836,3371.7319409988886,471.48016677060383,975.0917129159219,1250.0,3750.0,2055.112580806518,1200.0,-1,-1,0.0,0.0,0.004017625004053116,0.03103199996985495,0.00027774996124207973,0.035327374935150146,-59.01774215698242
cost_only_3407,cost_only_ablation,2,257,2025-09-15,9,no_season,42,3407,3407,45849.547071198685,0.0,0.0,5427.022514107413,51276.569585306104,63018.55958686513,63018.55958686513,1310.5200310683695,270,7808.333762384386,14537.152222157772,13083.43699994199,27620.589222099763,1.1492627928649157,3,4,0,73,27,100,65,29688.049574712288,30445.89456865573,4282.93280431325,1299.269225029783,1150.857884254157,2500.0,4282.93280431325,1200.0,1200.0,-1,-1,0.0,0.0,0.003896084032021463,0.030051583074964583,0.00028566690161824226,0.03423333400860429,-51.27656555175781
cost_only_3407,cost_only_ablation,2,258,2025-09-16,9,no_season,42,3407,3407,45814.703810717954,0.0,0.0,3741.1311781376403,49555.8349888556,62840.03613956099,62840.03613956099,1006.9393328821302,240,2912.4917363032873,13857.685314672213,12414.971561865714,26272.656876537923,1.0930451533989154,3,4,0,72,25,97,70,24194.76368006468,25120.612233675827,3698.9328540347087,697.5848601863166,1094.6940365224136,1250.0,3750.0,1200.0,1260.025533764845,-1,-1,0.0,0.0,0.003995875013060868,0.0295627498999238,0.0002949159825220704,0.03385354089550674,-49.53234100341797
cost_only_3407,cost_only_ablation,2,259,2025-09-17,9,no_season,42,3407,3407,44888.08285188241,0.0,0.0,15714.59465432656,60602.67750620897,61904.293306427266,61904.293306427266,3165.412224153345,360,3955.078612603848,12114.53739316028,10960.028875183521,23074.5662683438,0.9602393379484989,3,4,0,72,23,95,73,25438.002018170664,26396.871580286097,3361.8812461952025,658.1692497869145,961.4402611809918,1250.0,3750.0,1260.025533764845,1200.0,-1,-1,0.0,0.0,0.003946917015127838,0.03023183299228549,0.0002788329729810357,0.03445758298039436,-60.62617492675781
cost_only_3407,cost_only_ablation,2,260,2025-09-18,9,no_season,42,3407,3407,45959.27632816811,0.0,0.0,6960.63650984545,52919.91283801355,62472.83237564008,62472.83237564008,1506.1591268947845,350,3610.1043623380683,14128.360235301294,12715.52421177116,26843.88444707245,1.1169449486726135,3,4,0,74,27,101,76,23662.122204323663,24753.574865760424,3750.0,532.8949876591092,1118.4951852946856,1250.0,3750.0,1200.0,1200.0,-1,-1,0.0,0.0,0.0038949999725446105,0.029521040967665613,0.0002874169731512666,0.03370345791336149,-52.91991424560547
cost_only_3407,cost_only_ablation,2,261,2025-09-19,9,no_season,42,3407,3407,25308.56679461414,0.0,0.0,5054.601141031057,30363.167935645193,40562.34853457253,40562.34853457253,1027.1225148293806,210,24242.599221128658,8916.574450201757,7671.054938595168,16587.629388796926,0.6893752976727064,1,2,0,49,15,64,58,12994.932413496586,14244.932413496586,3080.4106,294.3264340302943,691.1512245332052,1250.0,3524.2,1200.0,1573.0033693157402,-1,-1,0.0,0.0,0.003994834027253091,0.029765832936391234,0.00027483294252306223,0.03403549990616739,-30.217180252075195
cost_only_3407,cost_only_ablation,2,262,2025-09-20,9,no_season,42,3407,3407,24827.19939107835,0.0,0.0,2917.0226313408157,27744.222022419166,40934.238464132475,40934.238464132475,598.8943663629351,160,25143.04959886455,8463.406390497814,7718.756892200285,16182.163282698099,0.6735573520321313,1,2,0,47,15,62,57,14020.552650795185,15052.245663876027,3321.9676,252.40159999999997,674.256803445754,1250.0,3552.75,1573.0033693157402,1465.811495103108,-1,-1,0.0,0.0,0.0038966250140219927,0.029634041944518685,0.0002715829759836197,0.0338022499345243,-27.786174774169922
cost_only_3407,cost_only_ablation,2,263,2025-09-21,9,no_season,42,3407,3407,47300.977387108476,0.0,0.0,3549.565297086464,50850.542684194945,64918.06316097324,64918.06316097324,726.511373317969,270,5793.502374308546,16037.139876056714,14473.555199407394,30510.695075464108,1.2696097294033968,3,4,0,72,30,102,63,25622.871655400108,26872.871655400108,3750.0,1082.4940083450238,1271.2789614776714,2500.0,3750.0,1465.811495103108,1423.5114872513652,-1,-1,0.0,0.0,0.003949583973735571,0.02958587498869747,0.00027491606306284666,0.03381037502549589,-50.867095947265625
cost_only_3407,cost_only_ablation,2,264,2025-09-22,9,no_season,42,3407,3407,44302.84137388164,0.0,0.0,13302.763224924554,57605.60459880619,60886.540331823206,60886.540331823206,3272.0191568107575,380,2465.14181387025,12914.394063081721,11834.996271651344,24749.390334733063,1.0302854746428352,3,4,0,72,25,97,78,23644.334309900543,24688.03436619453,3582.943563954813,510.75036723201333,1031.2245972805442,1250.0,3750.0,1423.5114872513652,1200.0,-1,-1,0.0,0.0,0.0038878750056028366,0.030115334084257483,0.00027712504379451275,0.03428033413365483,-57.69308090209961
cost_only_3407,cost_only_ablation,2,265,2025-09-23,9,no_season,42,3407,3407,46201.78444516618,0.0,0.0,12396.302061253662,58598.086506419844,64099.46614798197,64099.46614798197,2645.580412006329,310,3188.496856401939,14399.341202530239,12959.407082277212,27358.74828480745,1.1383678751475863,3,4,0,71,28,99,78,28756.11258645732,30006.11258645732,3515.3438232554336,1249.2616716590078,1139.9478452003104,2500.0,3750.0,1200.0,1200.0,-1,-1,0.0,0.0,0.0038932079914957285,0.029391166986897588,0.0002769998973235488,0.033561374875716865,-58.598087310791016
cost_only_3407,cost_only_ablation,2,266,2025-09-24,9,no_season,42,3407,3407,47190.42018794891,0.0,0.0,5128.046881339638,52318.46706928855,64800.73270522936,64800.73270522936,1040.6810203145953,270,3278.572228449885,14996.163970940663,13496.54757384659,28492.711544787257,1.1855508578381895,3,4,0,72,29,101,71,25411.38475812393,26661.38475812393,3496.949765705531,708.0462098269102,1187.1963143661358,2500.0,3750.0,1200.0,1200.0,-1,-1,0.0,0.0,0.0038241659058257937,0.030012959032319486,0.0003012499073520303,0.03413837484549731,-52.31846618652344
cost_only_3407,cost_only_ablation,2,267,2025-09-25,9,no_season,42,3407,3407,47222.813683679575,0.0,0.0,9928.503276155614,57151.31695983519,63358.60615073295,63358.60615073295,2249.3073581200197,360,3664.52539892635,13946.069146734153,12338.129936807534,26284.199083541687,1.0931639067543608,3,4,0,74,26,100,67,23359.240394824294,24609.240394824294,3489.438556992959,566.8151679802232,1095.174961814237,1250.0,3750.0,1200.0,1424.8719838238803,-1,-1,0.0,0.0,0.0044119170634076,0.029493791982531548,0.00029437500052154064,0.03420008404646069,-57.06330108642578
cost_only_3407,cost_only_ablation,2,268,2025-09-26,9,no_season,42,3407,3407,26380.790541907765,0.0,0.0,1597.5166129008585,27978.307154808623,41762.42192769871,41762.42192769871,301.96522616367906,100,22887.560600870238,9208.364547610425,7725.781494618268,16934.14604222869,0.7033129329695705,1,2,0,48,15,63,54,13009.467394661664,14134.498684004448,3094.9380999999994,270.3040356388674,705.5894184261956,1250.0,3398.2838,1424.8719838238803,2017.00488991116,-1,-1,0.0,0.0,0.003922708099707961,0.029615958919748664,0.0002803340321406722,0.0338190010515973,-27.74655532836914
cost_only_3407,cost_only_ablation,2,269,2025-09-27,9,no_season,42,3407,3407,25835.225848449794,0.0,0.0,5023.443481050023,30858.66932949982,42140.8213290664,42140.8213290664,1029.0850785620937,210,24317.69981363994,7932.502127321889,6881.597783333334,14814.099910655223,0.6158030524488969,1,2,0,45,13,58,55,14918.571479010143,16168.571479010143,3359.9311,305.22983431786315,617.2541629439677,1250.0,3359.9311,2017.00488991116,2288.5961910185224,-1,-1,0.0,0.0,0.004162749974057078,0.03117445798125118,0.00029966700822114944,0.03563687496352941,-30.75237274169922
cost_only_3407,cost_only_ablation,2,270,2025-09-28,9,no_season,42,3407,3407,47067.26589558879,0.0,0.0,16521.104182486313,63588.370078075095,64384.60658539195,64384.60658539195,2907.5825192074526,220,3704.194883118103,11330.980795553016,11230.615740738383,22561.5965362914,0.9411508605651272,3,4,0,71,22,93,69,25178.558294764734,26113.744811198816,3960.160704751969,594.9589870870005,940.0665223454748,1250.0,4673.553963023041,2288.5961910185224,1200.0,-1,-1,0.0,0.0,0.004075709031894803,0.031109874951653183,0.0002864999696612358,0.03547208395320922,-64.01443481445312
cost_only_3407,cost_only_ablation,2,271,2025-09-29,9,no_season,42,3407,3407,49027.36995227849,0.0,0.0,5847.673634689685,54875.04358696817,67127.11704724605,67127.11704724605,1267.7298601935495,360,4306.294842250296,13286.604651893047,11957.944186703739,25244.548838596784,1.050398326754266,3,4,0,69,21,90,63,24699.90516899665,25701.44912227404,3680.9861912304277,525.8826766766024,1051.8562016081994,1250.0,4952.710705796087,1200.0,1200.0,-1,-1,0.0,0.0,0.004113374976441264,0.031094332924112678,0.00030083407182246447,0.035508541972376406,-54.87504577636719
cost_only_3407,cost_only_ablation,2,272,2025-09-30,9,no_season,42,3407,3407,48592.41554821847,0.0,0.0,16458.948807121204,65051.36435533967,66141.51751741038,66141.51751741038,3699.325366248144,410,3189.61483842973,12290.532785621072,11061.479507058955,23352.012292680025,0.9716519314884136,3,4,0,72,21,93,65,26333.056195686313,27067.197040118135,3660.3787075053788,791.8504685184677,973.0005121950011,1250.0,4905.085607730361,1200.0,1200.0,-1,-1,0.0,0.0,0.00413187500089407,0.032981583033688366,0.0003100419417023659,0.0374234999762848,-65.0513687133789
cost_only_3407,cost_only_ablation,2,273,2025-10-01,10,no_season,42,3407,3407,50424.7081134559,0.0,0.0,529.4215022300322,50954.12961568593,69611.51567154564,69611.51567154564,200.1708530458726,80,17274.705879991783,14936.490020088337,12061.030908821946,26997.520928910286,1.1201433950310546,3,4,0,65,24,89,40,42135.921826638056,43385.921826638056,4009.1174860446954,3488.790901655477,1124.8967053712618,4969.578463173226,4293.525354021371,1200.0,2656.5557463666637,-1,-1,0.0,0.0,0.004309667041525245,0.08786999993026257,0.0003467090427875519,0.09252637601457536,-50.384056091308594
cost_only_3407,cost_only_ablation,2,274,2025-10-02,10,no_season,42,3407,3407,44064.897215721154,0.0,0.0,1055.7970177763264,45120.694233497474,60275.07432712198,60275.07432712198,319.94591639325085,120,8607.783216734346,13440.71798454919,13184.264074434966,26624.982058984155,1.1103508020221273,3,4,0,72,27,99,50,23310.702414479958,24289.657443551503,3750.0,970.627884387489,1109.374252457673,1250.0,4368.9623,2656.5557463666637,1510.1058293335545,-1,-1,0.0,0.0,0.005048708058893681,0.0415334579301998,0.0004892919678241014,0.047071457956917584,-45.56939697265625
cost_only_3407,cost_only_ablation,2,275,2025-10-03,10,no_season,42,3407,3407,25719.03361269145,0.0,0.0,137.18744856633563,25856.221061257787,41338.47095453662,41338.47095453662,27.371969093155684,60,30696.60731089498,9151.779412734795,6299.6975,15451.476912734795,0.6384418541525099,1,2,0,47,14,61,53,11600.319794827676,12850.319794827676,2665.7958,265.1259865710961,643.8115380306165,1250.0,2992.0539,1510.1058293335545,3551.781882281399,-1,-1,0.0,0.0,0.005202208063565195,0.040600125095807016,0.00038129102904349566,0.046183624188415706,-25.057140350341797
cost_only_3407,cost_only_ablation,2,276,2025-10-04,10,no_season,42,3407,3407,25253.772856668445,0.0,0.0,1711.6979693227122,26965.470825991157,41583.75634399602,41583.75634399602,420.0221726699327,110,27782.931665186,7077.845018146619,5952.9806,13030.825618146619,0.5412344114932354,1,2,0,37,13,50,43,9972.531727105119,11222.531727105119,2880.1373,169.12819999999977,542.9510674227757,1250.0,2880.1373,3551.781882281399,3991.422716255205,-1,-1,0.0,0.0,0.00513862504158169,0.03678279195446521,0.0003366670571267605,0.04225808405317366,-26.79340362548828
cost_only_3407,cost_only_ablation,2,277,2025-10-05,10,no_season,42,3407,3407,46180.732794106036,0.0,0.0,408.7852535222323,46589.51804762827,63855.45940629029,63855.45940629029,128.9263148427957,80,9230.373354790576,13734.208976854976,13716.157677179124,27450.366654034096,1.145313097371164,3,4,0,68,27,95,48,20341.221861862694,21529.491409835016,3793.8548071487467,267.17068133428194,1143.7652772514207,1250.0,4467.7985,3991.422716255205,2562.737715902761,-1,-1,0.0,0.0,0.00472137494944036,0.03620783402584493,0.00033875007648020983,0.0412679590517655,-47.148681640625
cost_only_3407,cost_only_ablation,2,278,2025-10-06,10,no_season,42,3407,3407,46486.854401916076,0.0,0.0,693.6620882455306,47180.516490161615,64563.78696373374,64563.78696373374,190.44901280537906,140,6063.057337283348,14200.151266439734,13242.081877183951,27442.233143623685,1.142909426432306,3,4,0,73,26,99,59,22627.83152858232,23848.012741799746,3397.682352174682,680.8083016230905,1143.4263809843203,1250.0,4456.337466898913,2562.737715902761,2075.8041540518598,-1,-1,0.0,0.0,0.004801917006261647,0.03620254201814532,0.00034712511114776134,0.04135158413555473,-47.37109375
cost_only_3407,cost_only_ablation,2,279,2025-10-07,10,no_season,42,3407,3407,47703.718368342,0.0,0.0,962.2251561197809,48665.94352446178,65433.710712142485,65433.710712142485,249.93424393408057,130,6162.08551758933,14232.67685726014,12482.680418772909,26715.35727603305,1.1108418040334047,3,4,0,73,26,99,55,22013.413083150695,23263.413083150695,3402.6900266609937,570.3784227141061,1113.139886501377,1250.0,4343.36,2075.8041540518598,2420.206499315679,-1,-1,0.0,0.0,0.0047537090722471476,0.035134042031131685,0.00031583302188664675,0.04020358412526548,-48.531150817871094
cost_only_3407,cost_only_ablation,2,280,2025-10-08,10,no_season,42,3407,3407,47309.64607731164,0.0,0.0,2793.14372205895,50102.7897993706,66392.08232124084,66392.08232124084,510.06071593733793,170,10234.586734363795,11111.883277261553,10922.822641113838,22034.70591837539,0.9189718367923638,3,4,0,58,20,78,55,21963.117472216647,23062.529960310345,3666.978564861003,396.78193661843784,918.1127465989747,1250.0,4411.3,2420.206499315679,1448.198566348626,-1,-1,0.0,0.0,0.004522499977611005,0.033191499998793006,0.00032045901753008366,0.038034458993934095,-50.483219146728516
cost_only_3407,cost_only_ablation,2,281,2025-10-09,10,no_season,42,3407,3407,46951.542275968066,0.0,0.0,8725.392538633336,55676.934814601394,65668.58685356763,65668.58685356763,1806.3819633201524,340,10878.326619900363,10721.223481491037,9884.562967836951,20605.78644932799,0.8579287445609864,3,4,0,57,17,74,57,23724.60382118698,24974.60382118698,3720.6551261604636,654.9450323868094,858.5744353886662,1250.0,4420.54,1448.198566348626,1200.0,-1,-1,0.0,0.0,0.004322750028222799,0.03311070904601365,0.0003202499356120825,0.037753709009848535,-55.774078369140625
cost_only_3407,cost_only_ablation,2,282,2025-10-10,10,no_season,42,3407,3407,26163.897486522204,0.0,0.0,3652.232474835656,29816.12996135786,41162.34999801895,41162.34999801895,698.381381711318,180,29945.82767320446,9178.241412054975,6606.948622195831,15785.190034250805,0.6529824865156456,1,2,0,49,15,64,60,11913.701855964704,12830.968365270193,2546.2145,270.94657553624336,657.716251427117,1250.0,2956.49,1200.0,2942.9089898087423,-1,-1,0.0,0.0,0.004423333099111915,0.03304729191586375,0.0003072499530389905,0.03777787496801466,-29.133983612060547
cost_only_3407,cost_only_ablation,2,283,2025-10-11,10,no_season,42,3407,3407,23711.81292791621,0.0,0.0,2259.7028655377085,25971.515793453917,40247.783076121734,40247.783076121734,445.52598956672887,150,25641.180226786775,7773.380868517111,6827.5656129487625,14600.946481465873,0.6071401112389505,1,2,0,40,15,55,50,9780.016174252916,10907.441926176267,2660.0591,167.42310500601525,608.3727700610781,1250.0,2979.29,2942.9089898087423,3120.499518769093,-1,-1,0.0,0.0,0.0044694580137729645,0.032460291986353695,0.0002947089960798621,0.03722445899620652,-25.902008056640625
cost_only_3407,cost_only_ablation,2,284,2025-10-12,10,no_season,42,3407,3407,44115.556235984026,0.0,0.0,2970.2799396524424,47085.83617563646,62417.16862437954,62417.16862437954,675.0497163241396,260,4431.230445113072,16955.339049547496,16809.307137290227,33764.64618683772,1.4084921854226378,3,4,0,58,36,94,58,22302.85677388197,26052.85677388197,3750.0,518.6894263673591,1406.8602577849051,3750.0,3750.0,3120.499518769093,1487.1810068045452,-1,-1,0.0,0.0,0.004205584060400724,0.031603291048668325,0.000294750090688467,0.036103625199757516,-47.72509002685547
cost_only_3407,cost_only_ablation,2,285,2025-10-13,10,no_season,42,3407,3407,43753.42505494306,0.0,0.0,3330.343109758268,47083.76816470132,62932.11973327161,62932.11973327161,747.8286064450824,270,4666.378264203211,18765.163888486706,16778.989112973224,35544.153001459934,1.4787002101489943,3,4,0,63,36,99,69,23637.933673372696,27301.4426132488,3450.41769965223,552.4678877246843,1481.0063750608306,3750.0,3750.0,1487.1810068045452,1602.7710956046221,-1,-1,0.0,0.0,0.004083000007085502,0.03148095903452486,0.00030824996065348387,0.035872209002263844,-47.03852844238281
cost_only_3407,cost_only_ablation,2,286,2025-10-14,10,no_season,42,3407,3407,43628.008118742735,0.0,0.0,12421.751936878836,56049.76005562158,62769.28057339103,62769.28057339103,2316.2492839509778,340,2948.883038328894,17449.19747017383,16086.379934494054,33535.577404667885,1.3962623126784584,3,4,0,63,34,97,80,25610.110486117737,29360.110486117737,3657.6951826458826,690.3969858318101,1397.3157251944954,3750.0,3750.0,1602.7710956046221,1200.0,-1,-1,0.0,0.0,0.004032749915495515,0.03169458301272243,0.0002949578920379281,0.036022290820255876,-56.2073974609375
cost_only_3407,cost_only_ablation,2,287,2025-10-15,10,no_season,42,3407,3407,45204.01872377343,0.0,0.0,7793.54123059315,52997.559954366574,64642.89256150969,64642.89256150969,1364.1154232023803,240,2289.357803159528,17976.265315525325,16178.638783972787,34154.90409949812,1.4211485555136352,3,4,0,64,35,99,79,26286.9227194138,29848.171149818663,3587.656260786699,437.5550124913112,1423.121004145755,3750.0,3750.0,1200.0,1200.0,-1,-1,0.0,0.0,0.004178249975666404,0.03160541597753763,0.00030429207254201174,0.03608795802574605,-52.99755859375
cost_only_3407,cost_only_ablation,2,288,2025-10-16,10,no_season,42,3407,3407,45901.94489057385,0.0,0.0,10855.560649515612,56757.50554008947,64799.39360438903,64799.39360438903,2651.9131430338684,340,2651.3265983625433,18335.071990603396,16501.564791543053,34836.63678214645,1.4495147138366022,3,4,0,64,35,99,80,24257.2898231512,27843.940995406887,3704.240890243912,481.7716478449222,1451.5265325894352,3750.0,3750.0,1200.0,1200.0,-1,-1,0.0,0.0,0.0042664590291678905,0.03183012502267957,0.0003062090836465359,0.036402793135493994,-56.75750732421875
cost_only_3407,cost_only_ablation,2,289,2025-10-17,10,no_season,42,3407,3407,25863.409107659572,0.0,0.0,870.7884601006717,26734.197567760242,42274.64927757146,42274.64927757146,149.50922112562503,90,23772.794065537164,9373.689979667659,6726.524863174407,16100.214842842066,0.6659601205531401,1,2,0,49,16,65,58,11879.303392860722,13112.22415491744,1912.1486209535587,232.7285310932093,670.8422851184195,1250.0,2934.6311,1200.0,3002.283356352975,-1,-1,0.0,0.0,0.004081874969415367,0.03177795803640038,0.0003092079423367977,0.03616904094815254,-26.028812408447266
cost_only_3407,cost_only_ablation,2,290,2025-10-18,10,no_season,42,3407,3407,23502.611199758743,0.0,0.0,2305.417143051141,25808.028342809885,39618.50044748899,39618.50044748899,512.5257388318422,200,23359.74666917153,7244.787092479291,6550.100841996664,13794.887934475955,0.5740592097527399,1,2,0,40,15,55,56,11983.419538528195,13233.419538528195,2539.6445,248.40534130901978,574.7869972698313,1250.0,2798.4002,3002.283356352975,2970.879347421308,-1,-1,0.0,0.0,0.004070834023877978,0.03177329199388623,0.00029958400409668684,0.0361437100218609,-25.82032012939453
cost_only_3407,cost_only_ablation,2,291,2025-10-19,10,no_season,42,3407,3407,44686.44727346245,0.0,0.0,17112.17396930943,61798.62124277188,62986.479013545424,62986.479013545424,3170.337369943936,390,2389.7553609306997,15613.421489865108,15732.083000639777,31345.504490504893,1.3081359888807207,3,4,0,63,34,97,83,28939.2826762744,32560.63638969309,3654.9152301571285,606.1347970036273,1306.0626871043703,3750.0,3750.0,2970.879347421308,1200.0,-1,-1,0.0,0.0,0.00405649992171675,0.03157962497789413,0.00030383397825062275,0.0359399588778615,-62.49171829223633
cost_only_3407,cost_only_ablation,2,292,2025-10-20,10,no_season,42,3407,3407,47959.91255969566,0.0,0.0,9290.49034309444,57250.4029027901,67491.81946514265,67491.81946514265,1520.0879564494132,250,2775.472910478163,17956.52144447232,16160.869300025079,34117.390744497396,1.419587665454731,3,4,0,65,35,100,84,29393.270035932183,32945.248309875395,3648.863036286156,869.3902612475845,1421.5579476873916,3750.0,3750.0,1200.0,1200.0,-1,-1,0.0,0.0,0.004164583049714565,0.03143133409321308,0.00029441691003739834,0.035890334052965045,-57.250404357910156
cost_only_3407,cost_only_ablation,2,293,2025-10-21,10,no_season,42,3407,3407,48816.731255248975,0.0,0.0,6336.736887164525,55153.468142413505,68596.00702638185,68596.00702638185,1192.4370926812528,300,1466.2549113547664,18596.07857708326,16736.470719374927,35332.54929645819,1.4701490962761539,3,4,0,66,36,102,82,27083.30684473439,30617.80711354683,3543.4307788183,634.6981351261372,1472.1895540190915,3750.0,3750.0,1200.0,1200.0,-1,-1,0.0,0.0,0.004327625036239624,0.031375333899632096,0.00030499999411404133,0.03600795892998576,-55.15346908569336
cost_only_3407,cost_only_ablation,2,294,2025-10-22,10,no_season,42,3407,3407,48219.296967414135,0.0,0.0,9271.665728318007,57490.96269573214,67697.01512391429,67697.01512391429,1706.0290185041795,270,2009.5452207078258,18386.022217106372,16547.419995395732,34933.44221250211,1.4535426829128744,3,4,0,66,36,102,77,26953.021068802438,30615.6098188238,3750.0,680.9210075375377,1455.5600921875878,3750.0,3750.0,1200.0,1200.0,-1,-1,0.0,0.0,0.004235790926031768,0.03180975001305342,0.0003034999826923013,0.03634904092177749,-57.49095916748047
cost_only_3407,cost_only_ablation,2,295,2025-10-23,10,no_season,42,3407,3407,48268.61365744885,0.0,0.0,5005.737440096316,53274.351097545165,67531.12575304514,67531.12575304514,1228.3371796218112,340,3526.3315965505167,18536.34302783093,16682.70872504783,35219.05175287877,1.4654265864531908,3,4,0,63,36,99,66,23312.49238378852,26871.926534020684,3562.6699495560424,475.1146760315013,1467.4604897032814,3750.0,3750.0,1200.0,1200.0,-1,-1,0.0,0.0,0.004163084086030722,0.03150437492877245,0.000317084020934999,0.03598454303573817,-53.27435302734375
cost_only_3407,cost_only_ablation,2,296,2025-10-24,10,no_season,42,3407,3407,25471.98426910217,0.0,0.0,4348.982518403846,29820.96678750602,41517.09040235917,41517.09040235917,890.6731066958739,210,22277.688947978935,8659.681259223074,6949.657414813632,15609.338674036706,0.6475365461095361,1,2,0,49,16,65,65,12638.085077535345,13856.93465726373,2917.2664,210.55123090956297,650.3891114181962,1250.0,2974.5458,1200.0,2089.712847503078,-1,-1,0.0,0.0,0.004154957947321236,0.03140691597945988,0.00029212492518126965,0.03585399885196239,-29.472747802734375
cost_only_3407,cost_only_ablation,2,297,2025-10-25,10,no_season,42,3407,3407,24910.50255322569,0.0,0.0,2335.4623845281426,27245.96493775383,41509.06145052256,41509.06145052256,454.8249928882494,140,21109.483043998676,8175.04859234638,6719.077926267579,14894.126518613959,0.6182525861680218,1,2,0,45,15,60,57,12481.785693846297,13630.611274678262,2799.43,237.74161056971707,620.5886049422484,1250.0,2913.39,2089.712847503078,2762.714900091302,-1,-1,0.0,0.0,0.00428604194894433,0.0326116249198094,0.00029920798260718584,0.03719687485136092,-26.982561111450195
cost_only_3407,cost_only_ablation,2,298,2025-10-26,10,no_season,42,3407,3407,47908.99100803792,0.0,0.0,2828.2087707270343,50737.199778764945,66505.99162647476,66505.99162647476,709.8053573039962,230,2425.0143028794264,17223.692774699794,16977.22211046714,34200.91488516693,1.426474711249721,3,4,0,63,37,100,82,28370.530599331447,31720.222439594047,3482.9161506270057,892.0458451719544,1425.0381202152885,3750.0,3750.0,2762.714900091302,1206.9811623200108,-1,-1,0.0,0.0,0.004247125005349517,0.032426125020720065,0.00029550003819167614,0.03696875006426126,-51.34608840942383
cost_only_3407,cost_only_ablation,2,299,2025-10-27,10,no_season,42,3407,3407,48163.99681374978,0.0,0.0,10400.324059687971,58564.32087343774,67717.47854593047,67717.47854593047,1881.1085934881978,280,4232.362908126637,18202.654767193373,16389.012202568003,34591.666969761376,1.4393370949146598,3,4,0,65,35,100,75,25970.516046021337,29666.585231296114,3623.2803648585614,666.7753645135077,1441.3194570733906,3750.0,3750.0,1206.9811623200108,1200.0,-1,-1,0.0,0.0,0.0044277909910306334,0.03195570805110037,0.00031774991657584906,0.036701248958706856,-58.567054748535156
cost_only_3407,cost_only_ablation,2,300,2025-10-28,10,no_season,42,3407,3407,48982.94093811371,0.0,0.0,6569.6932755352,55552.634213648904,68793.8217116447,68793.8217116447,1155.8453207196253,170,2148.731711279712,18285.136210846038,16456.622589761428,34741.758800607466,1.4455669438173575,5,6,0,67,36,103,91,37497.02671931711,40969.06273741158,4846.882657239719,1440.7953539799505,1447.5732833586444,3750.0,3750.0,1200.0,1200.0,-1,-1,0.0,0.0,0.004261291935108602,0.03180179197806865,0.00029387499671429396,0.036356958909891546,-55.552635192871094
cost_only_3407,cost_only_ablation,2,301,2025-10-29,10,no_season,42,3407,3407,48963.45112528163,0.0,0.0,21446.79067808503,70410.24180336666,68543.10822861976,68543.10822861976,3445.099530918702,300,1059.244619776291,16167.063397621732,14550.357057859552,30717.420455481282,1.2781185853206272,3,4,0,65,33,98,92,30154.23628368002,33814.31012373223,3490.513177227022,699.197256674941,1279.8925189783868,3750.0,3750.0,1200.0,1200.0,-1,-1,0.0,0.0,0.004256124957464635,0.03135125001426786,0.00030270800925791264,0.03591008298099041,-70.41024017333984
cost_only_3407,cost_only_ablation,2,302,2025-10-30,10,no_season,42,3407,3407,50727.75673532031,0.0,0.0,4862.116263719026,55589.87299903933,70392.70063360987,70392.70063360987,1146.3441747231732,300,4420.718174689035,19486.714539424647,17156.20555578063,36642.92009520528,1.5237895474248966,3,4,0,65,37,102,68,24595.227437097274,28118.58824644219,3558.1714410408836,998.2049323586617,1526.7883373002198,3750.0,3750.0,1200.0,1602.4920966630348,-1,-1,0.0,0.0,0.004058249993249774,0.0317150829359889,0.0003055830020457506,0.03607891593128443,-55.432342529296875
cost_only_3407,cost_only_ablation,2,303,2025-10-31,10,no_season,42,3407,3407,26199.571667712844,0.0,0.0,2341.5251346945547,28541.0968024074,42788.80223836204,42788.80223836204,474.36846370173754,170,17489.66782808725,8541.515224866318,6672.304417556459,15213.819642422777,0.6306841347653631,1,2,0,47,15,62,62,11925.084906519702,13008.204459423418,2763.5527,204.2397393601189,633.9091517676156,1250.0,2925.73,1602.4920966630348,2672.4585300440303,-1,-1,0.0,0.0,0.0041603329591453075,0.031644999980926514,0.000288457958959043,0.036093790899030864,-28.12232780456543
cost_only_3407,cost_only_ablation,2,304,2025-11-01,11,no_season,42,3407,3407,23862.11503598397,0.0,0.0,4327.899818881075,28190.01485486504,39778.80701449686,39778.80701449686,990.6749954867232,320,18020.14774469815,6701.504076570367,6496.208244618268,13197.712321188636,0.5502170718824612,1,2,0,41,15,56,57,13034.243256882957,13968.482218726655,2733.22,267.3270702763693,549.9046800495265,1242.2016821794793,2791.1702,2672.4585300440303,2182.4587833844353,-1,-1,0.0,0.0,0.004266166943125427,0.031369457952678204,0.000300833024084568,0.0359364579198882,-28.381793975830078
cost_only_3407,cost_only_ablation,2,305,2025-11-02,11,no_season,42,3407,3407,48001.75913576479,0.0,0.0,21225.65426727712,69227.41340304192,66578.42817957352,66578.42817957352,3853.9067747971912,460,945.1682112197166,16228.250486374967,15537.467676557311,31765.71816293228,1.323891632058023,5,6,0,65,34,99,85,35206.29569181545,38778.2570625537,4780.626380735059,1633.6710112906055,1323.5715901221783,3607.834934820917,3750.0,2182.4587833844353,1200.0,-1,-1,0.0,0.0,0.004410499939695001,0.031992083066143095,0.0003081670729443431,0.03671075007878244,-69.6119384765625
cost_only_3407,cost_only_ablation,2,306,2025-11-03,11,no_season,42,3407,3407,49176.28393746691,0.0,0.0,18851.12386753599,68027.4078050029,68515.63442709793,68515.63442709793,3439.526063714662,330,751.6543162000853,16985.75891279169,15287.183021512512,32272.941934304203,1.3428421487731772,3,4,0,66,34,100,98,28857.902331479214,32449.943621562656,3713.4553700098177,659.2117899937658,1344.705913929342,3654.0203593298847,3750.0,1200.0,1200.0,-1,-1,0.0,0.0,0.0041773749981075525,0.03160037496127188,0.00030262500513345003,0.036080374964512885,-68.02740478515625
cost_only_3407,cost_only_ablation,2,307,2025-11-04,11,no_season,42,3407,3407,48997.4210872149,0.0,0.0,15319.57329248198,64316.99437969688,68473.219472016,68473.219472016,2777.991103668161,470,1849.69648886652,18214.42053484299,16392.978481358685,34607.39901620167,1.439976378756154,3,4,0,66,35,101,77,25549.82420222064,28998.68223863594,3683.021662300356,654.9739390842411,1441.9749590084032,3750.0,3750.0,1200.0,1200.0,-1,-1,0.0,0.0,0.0041777079459279776,0.031552999978885055,0.0003000000724568963,0.03603070799726993,-64.3169937133789
cost_only_3407,cost_only_ablation,2,308,2025-11-05,11,no_season,42,3407,3407,49620.381941043335,0.0,0.0,18333.3176221975,67953.69956324084,69071.10896574974,69071.10896574974,3246.240453335193,320,930.6701171401378,17086.592352781154,15377.933117503035,32464.525470284192,1.3508137321400926,5,6,0,67,34,101,93,37829.31047647575,41443.067679059306,4714.101397675173,1578.1764375936334,1352.6885612618414,3638.5080255132507,3750.0,1200.0,1200.0,-1,-1,0.0,0.0,0.004055624944157898,0.03177216602489352,0.0003088749945163727,0.03613666596356779,-67.95370483398438
cost_only_3407,cost_only_ablation,2,309,2025-11-06,11,no_season,42,3407,3407,48917.964229304256,0.0,0.0,30897.618597512526,79815.58282681677,68558.20856581988,68558.20856581988,5002.300800917573,440,683.2878005859819,15076.370161514562,13568.733145363101,28645.10330687766,1.1918917139546659,3,4,0,64,31,95,88,27480.935964808054,31213.16826735661,3750.0,596.1409915199386,1193.5459711199026,3732.2323025485557,3750.0,1200.0,1200.0,-1,-1,0.0,0.0,0.0041507079731673,0.03163504193071276,0.0003202089574187994,0.03610595886129886,-79.81558227539062
cost_only_3407,cost_only_ablation,2,310,2025-11-07,11,no_season,42,3407,3407,26108.24234364395,0.0,0.0,3662.276956735529,29770.519300379477,42288.718486690384,42288.718486690384,750.2561201148916,230,18416.74020991174,8048.106097762445,6744.3334842022405,14792.439581964685,0.6143439807982707,1,2,0,49,15,64,65,11589.862489797877,12733.361955572302,2663.9836999999998,223.31424132242125,616.3516492485285,1202.8338162000387,2897.97,1200.0,1725.9521326129511,-1,-1,0.0,0.0,0.004208000027574599,0.031659374944865704,0.00031525001395493746,0.03618262498639524,-29.56467056274414
cost_only_3407,cost_only_ablation,2,311,2025-11-08,11,no_season,42,3407,3407,25820.228613824882,0.0,0.0,3134.359005612351,28954.587619437232,40716.75014154907,40716.75014154907,722.4928659018442,270,16662.342945973403,9366.401488806365,8380.708527328861,17747.110016135226,0.7383246294187902,3,4,0,52,23,75,65,16904.13363602468,17601.806321531916,2290.4920994470485,303.5054952919707,739.4629173389678,1250.0,2845.7353,1725.9521326129511,1777.6583370941175,-1,-1,0.0,0.0,0.0044676249381154776,0.030427874997258186,0.0002830829471349716,0.035178582882508636,-28.934350967407227
cost_only_3407,cost_only_ablation,2,312,2025-11-09,11,no_season,42,3407,3407,50055.78766830561,0.0,0.0,18418.421378459752,68474.20904676536,69827.24689352089,69827.24689352089,3213.5293361882077,380,598.8616475577546,16431.122151988373,15336.024753170352,31767.146905158723,1.3230633601971868,3,4,0,61,35,96,95,30215.8862404033,35215.8862404033,3011.6630263101206,1116.565852714613,1323.63112104828,5000.0,3747.2447935879036,1777.6583370941175,1200.0,-1,-1,0.0,0.0,0.003960125031881034,0.029903416987508535,0.00028683303389698267,0.03415037505328655,-68.7002944946289
cost_only_3407,cost_only_ablation,2,313,2025-11-10,11,no_season,42,3407,3407,50829.234990747056,0.0,0.0,29742.942386173054,80572.17737692012,71286.85320780028,71286.85320780028,4941.921381712755,500,797.7619653909018,15725.695241221276,14153.125717099145,29878.820958320423,1.2432253687982557,3,4,0,62,33,95,84,29321.54571713249,34228.5716545129,4251.465711304141,622.0344174689068,1244.9508732633508,5000.0,3750.0,1200.0,1200.0,-1,-1,0.0,0.0,0.004141665995121002,0.030224457965232432,0.00029266695491969585,0.03465879091527313,-80.57217407226562
cost_only_3407,cost_only_ablation,2,314,2025-11-11,11,no_season,42,3407,3407,51883.43430013377,0.0,0.0,9979.480903065494,61862.915203199256,72224.70183490557,72224.70183490557,2015.6833693108106,350,866.8691333831935,18144.964041665153,16330.467637498634,34475.43167916379,1.4344853608379065,3,4,0,62,37,99,94,27856.52849943805,32744.794961105214,4085.295993356273,1002.2469911513256,1436.476319965158,5000.0,3746.1093407674107,1200.0,1200.0,-1,-1,0.0,0.0,0.003797458950430155,0.029938042047433555,0.00028624990954995155,0.03402175090741366,-61.8629150390625
cost_only_3407,cost_only_ablation,2,315,2025-11-12,11,no_season,42,3407,3407,52014.55057779979,0.0,0.0,9285.030360023451,61299.580937823244,72392.92347786977,72392.92347786977,1787.4414536813379,370,1387.448434463652,18369.28747087458,16532.358723787118,34901.6461946617,1.4522196850589395,3,4,0,62,37,99,84,28675.82982560863,33564.34996669392,4303.822499801263,1051.281141133803,1454.2352581109042,5000.0,3750.0,1200.0,1200.0,-1,-1,0.0,0.0,0.003919166978448629,0.03183029207866639,0.0002989169443026185,0.03604837600141764,-61.29957962036133
cost_only_3407,cost_only_ablation,2,316,2025-11-13,11,no_season,42,3407,3407,53092.22357436829,0.0,0.0,14066.67869253359,67158.90226690189,72201.04478385355,72201.04478385355,3198.9572254552995,360,1351.710283594979,16524.204090472016,14871.783681424808,31395.987771896824,1.306353036184065,3,4,0,62,37,99,86,30223.110869264652,34983.17963862262,4363.3830983989965,670.7988105823407,1308.1661571623674,5000.0,3649.318625634663,1200.0,1200.0,-1,-1,0.0,0.0,0.004125999985262752,0.03196991607546806,0.0003107080701738596,0.036406624130904675,-67.15890502929688
cost_only_3407,cost_only_ablation,2,317,2025-11-14,11,no_season,42,3407,3407,24879.017651356797,0.0,0.0,3688.7020058110943,28567.719657167894,36945.17554711671,36945.17554711671,974.6828943908436,260,8877.943776518896,12456.124030727908,11012.664665739245,23468.788696467152,0.9760535268136739,5,6,0,68,33,101,76,27690.369022751813,28711.730717156897,3488.9759419640213,1095.5982351910507,977.8661956861314,1250.0,2846.49,1200.0,1408.5490092662453,-1,-1,0.0,0.0,0.004090290982276201,0.031857167021371424,0.00029691692907363176,0.03624437493272126,-28.486095428466797
cost_only_3407,cost_only_ablation,2,318,2025-11-15,11,no_season,42,3407,3407,24926.844189062467,0.0,0.0,3733.0991267277273,28659.943315790188,37970.17524167607,37970.17524167607,913.0498881632567,230,9725.22443887266,11439.60736215873,10493.49358785872,21933.100950017448,0.9130699121140667,5,6,0,66,29,95,73,26743.991151948096,27993.991151948096,3599.96166912674,842.8378352410468,913.8792062507268,1250.0,2883.8,1408.5490092662453,1200.0,-1,-1,0.0,0.0,0.0041086249984800816,0.031692416057921946,0.0003393749939277768,0.036140416050329804,-28.741565704345703
cost_only_3407,cost_only_ablation,2,319,2025-11-16,11,no_season,42,3407,3407,53403.81984484629,0.0,0.0,18336.78270056311,71740.6025454094,74057.12562936897,74057.12562936897,3152.4605571882894,330,1063.7836874395703,17112.581157843342,15401.323042059,32513.90419990234,1.352868327581658,3,4,0,61,35,96,84,28642.885068989905,33262.99513005156,3941.296272105595,720.5500969537061,1354.7460083292644,5000.0,3710.188159819829,1200.0,1200.0,-1,-1,0.0,0.0,0.004522249917499721,0.0321945829782635,0.0003754999488592148,0.03709233284462243,-71.7406005859375
cost_only_3407,cost_only_ablation,2,320,2025-11-17,11,no_season,42,3407,3407,54370.60722233828,0.0,0.0,3231.164749255846,57601.77197159412,75548.33928727059,75548.33928727059,863.354673654904,290,1783.507764829389,19145.17712201755,17212.745259254778,36357.922381272336,1.5127723489602933,3,4,0,62,38,100,71,27815.489556429617,32815.48955642962,4168.840946450332,642.3209527778932,1514.9134325530135,5000.0,3750.0,1200.0,1218.8831727066688,-1,-1,0.0,0.0,0.004243833012878895,0.031848166952840984,0.00029320805333554745,0.036385208019055426,-57.59437942504883
cost_only_3407,cost_only_ablation,2,321,2025-11-18,11,no_season,42,3407,3407,53598.97245910569,0.0,0.0,20412.36216306736,74011.33462217305,74312.98881955999,74312.98881955999,3418.6787109375923,320,1224.2092832195212,16348.205645057502,14731.299231112771,31079.504876170275,1.2932259362428762,3,4,0,62,34,96,90,29563.87898168737,34384.54802381905,4500.8408813440865,1189.3426599483787,1294.9793698404278,4997.075885470034,3750.0,1218.8831727066688,1200.0,-1,-1,0.0,0.0,0.004314499907195568,0.031208915985189378,0.000305499997921288,0.035828915890306234,-74.01872253417969
cost_only_3407,cost_only_ablation,2,322,2025-11-19,11,no_season,42,3407,3407,53927.296797112685,0.0,0.0,17213.73328311335,71141.03008022603,74812.20353212781,74812.20353212781,3068.719781079635,350,790.2885574625622,17223.231557448795,15500.908401703915,32724.139959152708,1.3616160097506842,3,4,0,62,35,97,91,30395.731740892596,35273.48746220255,4235.691668373622,725.7556768298875,1363.505831631363,4950.445117289623,3739.6052949370296,1200.0,1200.0,-1,-1,0.0,0.0,0.004140708013437688,0.03172954102046788,0.00031354103703051805,0.036183790070936084,-71.14102935791016
cost_only_3407,cost_only_ablation,2,323,2025-11-20,11,no_season,42,3407,3407,55760.86652674728,0.0,0.0,10156.775690951234,65917.64221769852,75680.70474856187,75680.70474856187,2267.3411329017163,280,1418.2266495391063,17367.431985911375,15630.688787320232,32998.12077323161,1.373016054588532,3,4,0,62,38,100,90,29764.01413774836,34625.49435070384,4388.298303626652,1193.454346280316,1374.9216988846501,5000.0,3750.0,1200.0,1200.0,-1,-1,0.0,0.0,0.004390334011986852,0.03413604199886322,0.00032762496266514063,0.03885400097351521,-65.91764068603516
cost_only_3407,cost_only_ablation,2,324,2025-11-21,11,no_season,42,3407,3407,25676.34959949222,0.0,0.0,3187.4274069480966,28863.777006440316,37844.46710827117,37844.46710827117,881.5230880884953,270,8288.939239928633,11556.270524124928,9983.603634360561,21539.874158485487,0.8952867950400912,5,6,0,63,27,90,69,25036.822845803134,26153.49147605957,3514.974921833032,854.7324486874662,897.4947566035621,1250.0,2948.5404,1200.0,1639.5985870193576,-1,-1,0.0,0.0,0.004577291081659496,0.034900416037999094,0.00031837495043873787,0.03979608207009733,-28.691726684570312
cost_only_3407,cost_only_ablation,2,325,2025-11-22,11,no_season,42,3407,3407,24501.629649593022,0.0,0.0,4814.289837154918,29315.91948674794,37280.50556925073,37280.50556925073,1144.4784997744882,220,7287.94748771911,13342.469353246366,12425.262255273596,25767.731608519964,1.0731314269737788,5,6,0,73,33,106,82,28786.72707407766,29767.754066793263,3503.979790839391,997.0388532047967,1073.6554836883317,1250.0,2500.0,1639.5985870193576,1200.0,-1,-1,0.0,0.0,0.004205374978482723,0.03021554194856435,0.00028845900669693947,0.03470937593374401,-29.487972259521484
cost_only_3407,cost_only_ablation,2,326,2025-11-23,11,no_season,42,3407,3407,57814.1439930893,0.0,0.0,1807.9178944675264,59622.06188755683,78930.56201136671,78930.56201136671,369.7403061284034,150,2161.4046685119943,18652.34559582581,16745.54423017601,35397.88982600182,1.4727717588211824,3,4,0,71,44,115,90,26740.603873278673,31582.636566306286,2539.925061383009,672.0417080738489,1474.9120760834091,4869.116463848353,2500.0,1200.0,1243.815260743633,-1,-1,0.0,0.0,0.0039053750224411488,0.029669999959878623,0.00027608301024883986,0.03385145799256861,-59.60491180419922
cost_only_3407,cost_only_ablation,2,327,2025-11-24,11,no_season,42,3407,3407,57613.29206289648,0.0,0.0,2491.9828962142083,60105.27495911068,78371.9283752134,78371.9283752134,537.5933412862378,160,2936.6070265632006,18525.3779600366,16714.40697010015,35239.78493013675,1.466385357594303,5,6,0,73,44,117,91,31690.446173981356,36301.87729368692,3461.82590291874,1249.842707518775,1468.3243720890314,4611.431119705563,2500.0,1243.815260743633,1200.0,-1,-1,0.0,0.0,0.0038288329960778356,0.0296635830309242,0.0002854579361155629,0.0337778739631176,-60.12242126464844
cost_only_3407,cost_only_ablation,2,328,2025-11-25,11,no_season,42,3407,3407,57325.56496419931,0.0,0.0,5750.718243853765,63076.283208053064,77962.51286330969,77962.51286330969,1329.747502248314,190,1345.9802896037422,17776.196092875827,15998.57648358824,33774.77257646406,1.4053316946818413,5,6,0,70,43,113,100,32956.05118164468,37956.05118164468,3408.075930869417,1548.2883706680711,1407.2821906860029,5000.0,2500.0,1200.0,1200.0,-1,-1,0.0,0.0,0.0038783750496804714,0.029730958049185574,0.0002792499726638198,0.033888583071529865,-63.0762825012207
cost_only_3407,cost_only_ablation,2,329,2025-11-26,11,no_season,42,3407,3407,58378.10426001291,0.0,0.0,1948.380221884021,60326.48448189693,79593.25262951374,79593.25262951374,440.0124077461653,140,1462.4149755551816,18131.83178371382,16318.648605342438,34450.48038905626,1.4334471646892297,3,4,0,71,44,115,99,26477.964025597612,31477.964025597612,2367.8184131492703,713.1372502518448,1435.4366828773443,5000.0,2500.0,1200.0,1200.0,-1,-1,0.0,0.0,0.0038230830105021596,0.029344708076678216,0.0002767089754343033,0.03344450006261468,-60.32648468017578
cost_only_3407,cost_only_ablation,2,330,2025-11-27,11,no_season,42,3407,3407,57997.86407066813,0.0,0.0,2044.9461614252498,60042.81023209339,79123.5779241741,79123.5779241741,433.3658449534428,140,1925.0132080840676,18446.41695055559,16595.37912284545,35041.79607340104,1.458036384330595,3,4,0,71,44,115,98,25671.546413730677,30671.546413730677,2428.465433539563,705.3397218213787,1460.07483639171,5000.0,2500.0,1200.0,1206.7421158016746,-1,-1,0.0,0.0,0.003908499958924949,0.02999245806131512,0.00028879207093268633,0.034189750091172755,-60.0401725769043
cost_only_3407,cost_only_ablation,2,331,2025-11-28,11,no_season,42,3407,3407,25767.713572981902,0.0,0.0,1864.0225549032446,27631.736127885146,38556.506688200156,38556.506688200156,586.5231871001126,180,6947.424619252615,12807.628387022158,11533.261680974509,24340.89006799667,1.0128128496921998,5,6,0,70,31,101,75,25641.615751377023,26777.309538737783,3299.662373026252,947.5508860591216,1014.2037528331946,1250.0,2484.269304544203,1206.7421158016746,1200.0,-1,-1,0.0,0.0,0.003861041972413659,0.03201716695912182,0.0003054579719901085,0.03618366690352559,-27.63437271118164
cost_only_3407,cost_only_ablation,2,332,2025-11-29,11,no_season,42,3407,3407,26361.87081422246,0.0,0.0,2828.5452856799466,29190.41609990241,39336.05792136592,39336.05792136592,782.5787596424325,200,3138.3323229806156,13996.73013439725,11945.875876369511,25942.60601076676,1.0779384546174535,5,6,0,73,33,106,84,27968.921559650407,29047.857601220265,3586.1770483898017,818.1711537023853,1080.9419171152817,1250.0,2500.0,1200.0,1886.4053008270982,-1,-1,0.0,0.0,0.0043432500679045916,0.031837290967814624,0.0003000000724568963,0.03648054110817611,-28.921768188476562
cost_only_3407,cost_only_ablation,2,333,2025-11-30,11,no_season,42,3407,3407,59649.39880640498,0.0,0.0,2320.6703567907234,61970.0691631957,81721.71545002286,81721.71545002286,596.2851697410316,200,873.9034099497369,17777.049273190525,16577.78018004305,34354.82945323358,1.4308043489003182,3,4,0,70,44,114,97,26403.902788218067,31240.66804191882,2947.2014072781094,561.103484692549,1431.451227218066,4852.694234253435,2500.0,1886.4053008270982,1276.6803954132038,-1,-1,0.0,0.0,0.004207334015518427,0.031804958009161055,0.000305499997921288,0.03631779202260077,-62.208702087402344
cost_only_3407,cost_only_ablation,2,334,2025-12-01,12,no_season,42,3407,3407,60544.34458708079,0.0,0.0,24396.458375010705,84940.80296209149,82688.46533661251,82688.46533661251,5763.225556231735,460,669.20006927219,15563.085006551484,14079.521916312746,29642.60692286423,1.2335649174635304,5,6,0,70,37,107,88,32417.72268960853,36931.69633556696,3289.408811668395,1277.3990070623472,1235.1086217860095,4701.8056639031365,2500.0,1276.6803954132038,1200.0,-1,-1,0.0,0.0,0.0042667079251259565,0.030781917041167617,0.0003113750135526061,0.03535999997984618,-84.97081756591797
cost_only_3407,cost_only_ablation,2,335,2025-12-02,12,no_season,42,3407,3407,63491.50337091915,0.0,0.0,21090.005161474248,84581.5085323934,86650.33396657024,86650.33396657024,4377.52701495431,420,820.4443339701261,15696.06697554408,14126.460277989663,29822.527253533743,1.2408830487317422,5,6,0,69,37,106,91,32491.351792968482,37257.62360798587,3412.35392443402,1235.0199665730481,1242.6053022305723,4850.545830651818,2500.0,1200.0,1200.0,-1,-1,0.0,0.0,0.004139667027629912,0.031532916938886046,0.0003160000778734684,0.03598858404438943,-84.58150482177734
cost_only_3407,cost_only_ablation,2,336,2025-12-03,12,no_season,42,3407,3407,64913.347740562065,0.0,0.0,6734.029274741992,71647.37701530404,88607.49147870293,88607.49147870293,1724.1731537830651,290,1398.552335731291,17703.637300880342,15933.273570792302,33636.91087167265,1.3995954185074382,5,6,0,69,43,112,94,39549.9085048042,44326.153744169824,3402.8380242811554,2026.6042382065966,1401.53795298636,4776.24523936562,2500.0,1200.0,1200.0,-1,-1,0.0,0.0,0.00416962499730289,0.03156729100737721,0.0002916669473052025,0.0360285829519853,-71.64737701416016
cost_only_3407,cost_only_ablation,2,337,2025-12-04,12,no_season,42,3407,3407,64696.991157521115,0.0,0.0,5523.143167216965,70220.13432473809,89493.33028501211,89493.33028501211,1364.9013212929308,270,2355.3219877277875,17317.008685772496,15585.307817195238,32902.31650296773,1.3690297426990035,3,4,0,65,42,107,86,25714.304695632003,30430.4097821971,2982.774282800886,717.7645163484808,1370.9298542903223,5000.0,2500.0,1200.0,1200.0,-1,-1,0.0,0.0,0.004181291908025742,0.03150841605383903,0.00029716710560023785,0.03598687506746501,-70.22013092041016
cost_only_3407,cost_only_ablation,2,338,2025-12-05,12,no_season,42,3407,3407,30946.824980671692,0.0,0.0,2479.590836945334,33426.415817617024,44734.498533257494,44734.498533257494,934.6417852582242,260,3351.952666859973,10055.599683224093,9050.03971490168,19105.63939812577,0.7949649559463945,3,4,0,59,26,85,68,20119.887559869312,21326.097859777394,3558.463542980037,465.86538659799555,796.0683082552405,1250.0,2500.0,1200.0,1200.0,-1,-1,0.0,0.0,0.004323165980167687,0.03165958297904581,0.0003132499987259507,0.036295998957939446,-33.426414489746094
cost_only_3407,cost_only_ablation,2,339,2025-12-06,12,no_season,42,3407,3407,31295.37889471111,0.0,0.0,4575.099230513747,35870.478125224865,45513.81550608721,45513.81550608721,1497.486768340446,340,2344.517426218062,9407.797320210359,8405.643288667434,17813.440608877794,0.7410560910900158,3,4,0,58,24,82,69,21939.460684116893,22892.62944185826,3323.7772245070673,558.035038576161,742.2266920365747,1250.0,2978.1941,1200.0,1264.6941920955132,-1,-1,0.0,0.0,0.004322584019973874,0.03176583407912403,0.00032829202245920897,0.036416710121557117,-35.845157623291016
cost_only_3407,cost_only_ablation,2,340,2025-12-07,12,no_season,42,3407,3407,62187.09583266462,0.0,0.0,14709.628180061103,76896.72401272572,87475.1780080206,87475.1780080206,2799.6528373855854,330,903.0975910171965,17804.263039108777,16085.211034719781,33889.47407382856,1.4102461729456943,5,6,0,74,38,112,98,38774.240469976045,42388.64693517414,4701.105030430322,1297.5552873722484,1412.0614197428565,3614.406465198099,3750.0,1264.6941920955132,1200.0,-1,-1,0.0,0.0,0.004127667052671313,0.0316139169735834,0.0003059169976040721,0.036047501023858786,-76.92204284667969
cost_only_3407,cost_only_ablation,2,341,2025-12-08,12,no_season,42,3407,3407,66568.03420915519,0.0,0.0,1298.0849860150397,67866.11919517023,94182.7037322636,94182.7037322636,253.55819466308196,90,3968.0541358025125,18123.703912136658,15502.707237679153,33626.411149815816,1.39728931070297,5,6,0,68,40,108,78,34744.475390033054,37244.475390033054,4743.436699546724,1759.8182724236076,1401.1004645756589,2500.0,3750.0,1200.0,2052.3669436423156,-1,-1,0.0,0.0,0.004210666986182332,0.03162341599818319,0.0003042089520022273,0.03613829193636775,-67.53251647949219
cost_only_3407,cost_only_ablation,2,342,2025-12-09,12,no_season,42,3407,3407,65748.16662916724,0.0,0.0,2247.6853121312065,67995.85194129846,92313.58536499676,92313.58536499676,450.95295899301937,180,3876.7570803039525,17757.21167227091,16257.884695251754,34015.09636752267,1.415970221856683,5,6,0,67,40,107,69,33185.199008700845,35685.199008700845,4641.684147878536,1246.5367622483056,1417.295681980111,2500.0,3750.0,2052.3669436423156,1761.0218859440085,-1,-1,0.0,0.0,0.004311542026698589,0.031239832984283566,0.00030275003518909216,0.03585412504617125,-68.10987854003906
cost_only_3407,cost_only_ablation,2,343,2025-12-10,12,no_season,42,3407,3407,65971.63954360006,0.0,0.0,1387.645517829839,67359.28506142991,91750.22837962303,91750.22837962303,307.97858589972225,100,1620.7276455182573,18056.858598953877,16006.997745616041,34063.85634456992,1.4167957205776287,5,6,0,73,41,114,98,35399.50481700457,37899.50481700457,3520.560040486169,1506.3826986007298,1419.3273476904133,2500.0,3748.4366188528925,1761.0218859440085,2018.404928255609,-1,-1,0.0,0.0,0.004097666940651834,0.03172454203013331,0.00030037492979317904,0.03612258390057832,-67.25855255126953
cost_only_3407,cost_only_ablation,2,344,2025-12-11,12,no_season,42,3407,3407,65442.95570546556,0.0,0.0,1695.3001202868832,67138.25582575245,90866.94205153568,90866.94205153568,362.77823138564895,130,3431.677834693205,18079.793140372647,16243.005392144521,34322.79853251717,1.4280678672085068,5,6,0,68,43,111,80,33254.19239723375,35469.74352341711,4750.917078427385,1365.5673372396043,1430.1166055215488,2500.0,3699.1675109698745,2018.404928255609,2048.771684211001,-1,-1,0.0,0.0,0.00397629092913121,0.03129358298610896,0.000293124932795763,0.03556299884803593,-67.12637329101562
cost_only_3407,cost_only_ablation,2,345,2025-12-12,12,no_season,42,3407,3407,32633.646298189204,0.0,0.0,665.0143199563319,33298.660618145535,47381.189922622856,47381.189922622856,176.55002309620426,110,3398.0072619891935,10284.445098106677,9839.125897710142,20123.570995816823,0.8386679431220386,3,4,0,55,27,82,65,19934.32527002683,21184.32527002683,3389.0845694611453,514.7870165787308,838.4821248257009,1250.0,2500.0,2048.771684211001,1434.1036378646381,-1,-1,0.0,0.0,0.004105916945263743,0.031278957962058485,0.00030487508047372103,0.03568974998779595,-33.53923034667969
cost_only_3407,cost_only_ablation,2,346,2025-12-13,12,no_season,42,3407,3407,34277.68881682236,0.0,0.0,757.8253675944666,35035.514184416825,50173.33561369754,50173.33561369754,245.70630728615987,110,5017.9788247842625,10697.560227461767,9095.030514595655,19792.590742057422,0.8223166939986507,5,6,0,55,24,79,59,31103.468638011505,32210.04089511113,6014.730866723745,702.5397553830256,824.6912809190593,3555.9780189315693,2904.32,1434.1036378646381,1995.6964172618818,-1,-1,0.0,0.0,0.00399595801718533,0.02992920798715204,0.00028620893135666847,0.03421137493569404,-34.81571578979492
cost_only_3407,cost_only_ablation,2,347,2025-12-14,12,no_season,42,3407,3407,65851.48819830807,0.0,0.0,2734.7157327255322,68586.20393103361,92204.34443005503,92204.34443005503,566.9322656955773,190,2156.50681466241,17420.30499602242,15584.256914934214,33004.56191095663,1.373066731700531,5,6,0,66,39,105,80,35937.97668921309,38407.826746582265,4654.4634754206745,1562.3115332510774,1375.190079623193,2500.0,3750.0,1995.6964172618818,2094.7996497939166,-1,-1,0.0,0.0,0.0036414170172065496,0.031064875074662268,0.00030170800164341927,0.03500800009351224,-68.54741668701172
cost_only_3407,cost_only_ablation,2,348,2025-12-15,12,no_season,42,3407,3407,65426.79329397648,0.0,0.0,1512.794432999551,66939.58772697602,91738.1048845987,91738.1048845987,314.7527337596773,120,1557.5148838049242,17245.504674478318,16219.719906591541,33465.22458106986,1.3940670092804406,5,6,0,68,40,108,93,35147.35273678483,37647.35273678483,4866.634695656123,1310.4232736596816,1394.3843575445774,2500.0,3698.0997326990814,2094.7996497939166,1358.2359293226243,-1,-1,0.0,0.0,0.004044750006869435,0.031485749990679324,0.000297166989184916,0.035827666986733675,-67.22786712646484
cost_only_3407,cost_only_ablation,2,349,2025-12-16,12,no_season,42,3407,3407,65924.75991557937,0.0,0.0,1464.514886360121,67389.2748019395,92381.6495269084,92381.6495269084,335.83538224119025,170,1308.4100399497343,18564.995779788973,16574.012243922458,35139.00802371143,1.461785179615353,7,8,0,71,40,111,94,41407.5971116312,43907.5971116312,4926.768156706793,2111.1757025743573,1464.1253343213095,2500.0,3717.9235056458583,1358.2359293226243,1499.9944678822972,-1,-1,0.0,0.0,0.0042417499935254455,0.03137191594578326,0.00030987500213086605,0.03592354094143957,-67.33379364013672
cost_only_3407,cost_only_ablation,2,350,2025-12-17,12,no_season,42,3407,3407,65422.55696521794,0.0,0.0,2434.6916305152313,67857.24859573317,92206.94015858538,92206.94015858538,484.7260342500426,220,2204.997359551804,19199.803114771454,16904.98134815451,36104.78446292596,1.5014144789633037,5,6,0,72,40,112,74,33543.87828380964,35945.26933602515,5000.0,1378.298051758524,1504.3660192885818,2500.0,3750.0,1499.9944678822972,1895.1120544468204,-1,-1,0.0,0.0,0.004223166964948177,0.03175229195039719,0.00029687501955777407,0.036272333934903145,-67.70260620117188
cost_only_3407,cost_only_ablation,2,351,2025-12-18,12,no_season,42,3407,3407,64812.9209210578,0.0,0.0,2360.0221255403417,67172.94304659814,90016.61055096611,90016.61055096611,548.3794476929913,180,1872.417916663469,17822.72138279713,16496.416267468176,34319.13765026531,1.4290361519507644,5,6,0,71,43,114,94,36061.30949961405,38561.30949961405,4869.0666635625275,1285.7991593402637,1429.9640687610545,2500.0,3750.0,1895.1120544468204,1414.48061096326,-1,-1,0.0,0.0,0.004028124967589974,0.03188354102894664,0.00029191700741648674,0.0362035830039531,-67.36105346679688
cost_only_3407,cost_only_ablation,2,352,2025-12-19,12,no_season,42,3407,3407,33717.281427968206,0.0,0.0,808.0783593361656,34525.35978730438,48849.124668810524,48849.124668810524,192.37953831043131,100,4780.600991311214,11358.646344280478,10006.134428470737,21364.780772751215,0.8884645776894299,5,6,0,56,28,84,55,35178.79188582021,36144.77338210179,6021.017603376955,905.1741959721926,890.199198864634,3750.0,2461.7162901364964,1414.48061096326,1642.8468969797632,-1,-1,0.0,0.0,0.00401816691737622,0.03146979201119393,0.0003047920763492584,0.03579275100491941,-34.43598175048828
cost_only_3407,cost_only_ablation,2,353,2025-12-20,12,no_season,42,3407,3407,33810.07623036599,0.0,0.0,1168.8870141727652,34978.96324453876,48960.401778287865,48960.401778287865,258.0948928138393,110,4316.09289189676,12998.60142059288,10952.54989138794,23951.151311980822,0.994856556119613,3,4,0,66,31,97,64,18307.493327912693,19340.608727783816,3388.160469762375,533.6070061447883,997.9646379992009,1250.0,2458.117595192051,1642.8468969797632,2429.401681573347,-1,-1,0.0,0.0,0.003795791999436915,0.03145299991592765,0.0002905000001192093,0.03553929191548377,-34.67111587524414
cost_only_3407,cost_only_ablation,2,354,2025-12-21,12,no_season,42,3407,3407,65409.13640035591,0.0,0.0,2764.4464237803404,68173.58282413625,91592.68110400645,91592.68110400645,708.0343276164,280,2180.357189728347,15288.199960071986,14205.623584844157,29493.823544916144,1.2282375831839472,3,4,0,60,35,95,71,27512.228354964624,30003.72565656829,4144.46,575.9429738007723,1228.909314371506,2500.0,4336.801,2429.401681573347,1959.0196039122611,-1,-1,0.0,0.0,0.0040463750483468175,0.02971262508071959,0.0002862500259652734,0.03404525015503168,-68.35768127441406
cost_only_3407,cost_only_ablation,2,355,2025-12-22,12,no_season,42,3407,3407,66386.37651494826,0.0,0.0,1555.0627854592335,67941.4393004075,93188.5254288861,93188.5254288861,357.91172447253894,150,2764.501596515956,16473.062074946112,14628.55360143676,31101.615676382877,1.293648678182657,3,4,0,61,39,100,79,21847.546925382834,24107.767719975145,3480.7532151873265,511.07071548530706,1295.9006531826196,2500.0,2500.0,1959.0196039122611,2166.88904402992,-1,-1,0.0,0.0,0.0037829161155968904,0.029672250035218894,0.0002883330453187227,0.03374349919613451,-67.86007690429688
cost_only_3407,cost_only_ablation,2,356,2025-12-23,12,no_season,42,3407,3407,65625.72629262257,0.0,0.0,2357.025376333015,67982.75166895559,91668.87255286679,91668.87255286679,577.0692304569696,230,3129.477264273549,15611.384191039411,13753.012205322528,29364.396396361943,1.2211336330747395,3,4,0,55,36,91,56,23085.830721166407,25585.830721166407,4289.1291,543.2242205094927,1223.5165165150809,2500.0,4289.1291,2166.88904402992,2480.20073321401,-1,-1,0.0,0.0,0.004092458984814584,0.029260999988764524,0.00029683299362659454,0.0336502919672057,-67.8601303100586
cost_only_3407,cost_only_ablation,2,357,2025-12-24,12,no_season,42,3407,3407,64504.38122312062,0.0,0.0,2820.2100381692494,67324.59126128987,90635.71035741747,90635.71035741747,632.3961799942686,200,2232.2328210993182,15983.003939326978,14801.68953968123,30784.693479008216,1.2818816504698216,3,4,0,62,40,102,76,22332.062557514997,24592.51508052794,3167.174395183157,438.54574799222036,1282.6955616253422,2500.0,2500.0,2480.20073321401,2040.658901768428,-1,-1,0.0,0.0,0.003966749995015562,0.029580165981315076,0.00029645906761288643,0.033843375043943524,-67.49662017822266
cost_only_3407,cost_only_ablation,2,358,2025-12-25,12,no_season,42,3407,3407,64705.00219551687,0.0,0.0,2724.238458087387,67429.24065360427,90832.53252778621,90832.53252778621,643.9236975733213,220,2479.89518874843,16285.15572439033,15101.043221112568,31386.198945502903,1.306973018736165,3,4,0,63,40,103,77,25426.394497468376,27791.196755418063,3500.5713964782226,480.1159446806974,1307.758289395954,2500.0,2500.0,2040.658901768428,1572.216935862103,-1,-1,0.0,0.0,0.0037845830665901303,0.029464999912306666,0.0002816669875755906,0.03353124996647239,-67.61257934570312
cost_only_3407,cost_only_ablation,2,359,2025-12-26,12,no_season,42,3407,3407,33301.916976472385,0.0,0.0,576.1658134757882,33878.08278994818,48258.25504355949,48258.25504355949,138.1913274233948,80,3658.9928656950888,12555.221592348815,10825.390520394347,23380.612112743158,0.9717455234610428,3,4,0,66,31,97,80,20740.063371021683,21844.110695371117,3380.4275450513474,534.543870786735,974.1921713642982,1250.0,2500.0,1572.216935862103,2072.1824287660684,-1,-1,0.0,0.0,0.0038261249428614974,0.02921850001439452,0.00027241604402661324,0.03331704100128263,-33.682403564453125
cost_only_3407,cost_only_ablation,2,360,2025-12-27,12,no_season,42,3407,3407,33658.40225921995,0.0,0.0,1380.934563555529,35039.336822775476,48486.837344555766,48486.837344555766,293.04206514474305,120,3847.2206803037107,12877.228336364778,11283.378673634641,24160.607009999418,1.004589036868491,3,4,0,65,32,97,62,19619.247586473793,20869.247586473793,3592.1877138788204,424.80259462178464,1006.6919587499758,1250.0,2500.0,2072.1824287660684,2394.8684397064185,-1,-1,0.0,0.0,0.0039057080866768956,0.029265583027154207,0.00029704091139137745,0.03346833202522248,-34.91304397583008
cost_only_3407,cost_only_ablation,2,361,2025-12-28,12,no_season,42,3407,3407,65786.60369407482,0.0,0.0,3466.882520656737,69253.48621473156,91530.95102715935,91530.95102715935,729.7281277690633,240,3956.963003140158,15786.670441055121,14292.209039266876,30078.879480322,1.2517442374597278,3,4,0,58,39,97,69,21012.30763254398,23263.852305805103,3293.688466208511,535.8074131922839,1253.2866450134165,2500.0,2500.0,2394.8684397064185,2306.107899186415,-1,-1,0.0,0.0,0.003705583978444338,0.030181624926626682,0.0002966249594464898,0.03418383386451751,-69.28822326660156
cost_only_3407,cost_only_ablation,2,362,2025-12-29,12,no_season,42,3407,3407,65239.855370939775,0.0,0.0,1542.6723367024053,66782.52770764218,91143.01618390912,91143.01618390912,388.8648120830777,210,2420.8813396411197,15290.646501165495,13703.41311148108,28994.05961264658,1.206276944536747,3,4,0,57,39,96,71,21139.13397240295,23639.13397240295,3121.9453971658368,614.2801972375311,1208.0858171936077,2500.0,2500.0,2306.107899186415,2367.423134404947,-1,-1,0.0,0.0,0.0037801669677719474,0.030873167095705867,0.0002930000191554427,0.03494633408263326,-66.75852966308594
cost_only_3407,cost_only_ablation,2,363,2025-12-30,12,no_season,42,3407,3407,64363.861719955275,0.0,0.0,2321.8711516555936,66685.73287161088,90162.57822614939,90162.57822614939,603.9865474048013,320,2962.9565607133554,16241.451106280343,14662.245493439506,30903.69659971985,1.2859732163014563,3,4,0,60,37,97,61,27365.558335785365,29700.893532382684,4429.4027,1598.1532307191344,1287.6540249883271,2500.0,4429.4027,2367.423134404947,2320.0527444343934,-1,-1,0.0,0.0,0.00392008398193866,0.030745166935957968,0.00028008397202938795,0.034945334889926016,-66.70426940917969
cost_only_3407,cost_only_ablation,2,364,2025-12-31,12,no_season,42,3407,3407,63965.71360516409,0.0,0.0,2905.8682518705923,66871.58185703467,89643.13300289022,89643.13300289022,715.6849555250071,200,1251.4990206984614,15234.713359639736,14773.817355256302,30008.530714896042,1.25107870725787,3,4,0,62,40,102,93,27786.315398582447,30286.315398582447,3328.905303212251,956.0696744244761,1250.3554464540018,2500.0,2500.0,2320.0527444343934,1200.0,-1,-1,0.0,0.0,0.0037642500828951597,0.035804125014692545,0.0008821249939501286,0.04045050009153783,-66.87158203125
