run_id,role,scenario,day,date,month,forecast,forecast_seed,seed,rl_seed,planned_cost,up_cost,down_cost,emergency_cost,total_cost,planned_kwh,final_kwh,emergency_kwh,emergency_minutes,surplus_kwh,charge_kwh,discharge_kwh,throughput_kwh,equivalent_full_cycles,direction_reversals,direction_reversals_including_warmup_boundary,simultaneous_slots,charging_slots,discharging_slots,active_slots,power_changes_count,power_ramp_total_kw,power_ramp_total_kw_including_warmup_boundary,power_ramp_max_kw_per_10min,power_ramp_p95_kw_per_10min,mean_absolute_power_kw,max_charge_kw,max_discharge_kw,initial_soc,final_soc,initial_mode,final_mode,initial_power_kw,final_power_kw,risk_seconds,planning_seconds,execution_seconds,compute_seconds,shaped_episode_reward
regularized_2026,stability,2,31,2025-02-01,2,no_season,42,2026,2026,51829.93098265196,0.0,0.0,0.0,51829.93098265196,66654.09223739333,66654.09223739333,0.0,0,32330.888647216267,0.0,54.97234315627372,54.97234315627372,0.00241441406514159,0,1,0,0,1,1,1,329.83405893764234,832.4281178752844,329.83405893764234,0.0,2.290514298178072,0.0,329.83405893764234,1421.7991105135516,1363.8531729501533,1,-1,172.75999999999976,0.0,0.003514750045724213,0.03692999994382262,0.0002352920128032565,0.04068004200235009,-51.852935791015625
regularized_2026,stability,2,32,2025-02-02,2,no_season,42,2026,2026,76091.69509064188,0.0,0.0,29.068487847963013,76120.76357848983,95914.07293658162,95914.07293658162,13.343349941686029,10,17666.385177956854,0.0,95.24684143354727,95.24684143354727,0.0041832910953737016,0,0,0,0,1,1,1,571.4810486012836,1142.9620972025673,571.4810486012836,0.0,3.9686183930644696,0.0,571.4810486012836,1363.8531729501533,1263.4541866611844,-1,-1,0.0,0.0,0.0036406670697033405,0.026019625016488135,0.00023929204326123,0.029899584129452705,-76.16047668457031
regularized_2026,stability,2,33,2025-02-03,2,no_season,42,2026,2026,65452.07771203182,0.0,0.0,6115.750149207969,71567.8278612398,81920.7866665024,81920.7866665024,1580.5392478396354,480,3323.173263222363,0.0,38.76384888031362,38.76384888031362,0.001702528518560539,0,0,0,0,1,1,1,232.5830932818817,465.1661865637634,232.5830932818817,0.0,1.6151603700130674,0.0,232.5830932818817,1263.4541866611844,1222.5935022157314,-1,-1,0.0,0.0,0.0006650000577792525,0.0261605839477852,0.00023570796474814415,0.027061291970312595,-71.58399200439453
regularized_2026,stability,2,34,2025-02-04,2,no_season,42,2026,2026,68147.27838708367,0.0,0.0,3513.0944097786924,71660.37279686237,85737.03445738765,85737.03445738765,874.2296658479662,320,5416.4001732356255,0.0,0.0,0.0,0.0,0,0,0,0,0,0,0,0.0,0.0,0.0,0.0,0.0,0.0,0.0,1222.5935022157314,1222.5935022157314,-1,-1,0.0,0.0,0.0007433339487761259,0.025973333977162838,0.00023658305872231722,0.02695325098466128,-71.66036987304688
regularized_2026,stability,2,35,2025-02-05,2,no_season,42,2026,2026,69312.89320272379,0.0,0.0,2740.1089846868445,72053.00218741065,86648.32141968649,86648.32141968649,647.8836012779835,400,6569.212115827667,0.0,21.43407819653166,21.43407819653166,0.0009413959256554754,0,0,0,0,1,1,1,128.60446917918998,257.20893835837995,128.60446917918998,0.0,0.8930865915221526,0.0,128.60446917918998,1222.5935022157314,1200.0,-1,-1,0.0,0.0,0.0009115829598158598,0.0260137909790501,0.00024099997244775295,0.027166373911313713,-72.06193542480469
regularized_2026,stability,2,36,2025-02-06,2,no_season,42,2026,2026,67806.66798224873,0.0,0.0,2181.6694500939116,69988.33743234264,84781.52791487903,84781.52791487903,551.0194572081808,280,5061.490155420546,0.0,0.0,0.0,0.0,0,0,0,0,0,0,0,0.0,0.0,0.0,0.0,0.0,0.0,0.0,1200.0,1200.0,-1,-1,0.0,0.0,0.0009998339228332043,0.02611645800061524,0.0002382500097155571,0.027354541933164,-69.98833465576172
regularized_2026,stability,2,37,2025-02-07,2,no_season,42,2026,2026,35388.27569095086,0.0,0.0,2701.88740941035,38090.16310036121,47084.949704920786,47084.949704920786,628.0626266293234,220,15907.332664883448,0.0,0.0,0.0,0.0,0,0,0,0,0,0,0,0.0,0.0,0.0,0.0,0.0,0.0,0.0,1200.0,1200.0,-1,-1,0.0,0.0,0.0011747500393539667,0.0259462499525398,0.00023570808116346598,0.027356708073057234,-38.09016036987305
regularized_2026,stability,2,38,2025-02-08,2,no_season,42,2026,2026,34287.46475173631,0.0,0.0,2083.895060967985,36371.3598127043,45539.74995809952,45539.74995809952,615.564002853871,370,14578.15124428672,0.0,0.0,0.0,0.0,0,0,0,0,0,0,0,0.0,0.0,0.0,0.0,0.0,0.0,0.0,1200.0,1200.0,-1,-1,0.0,0.0,0.0013007080415263772,0.026594624971039593,0.00023954198695719242,0.028134874999523163,-36.371360778808594
regularized_2026,stability,2,39,2025-02-09,2,no_season,42,2026,2026,63645.48993236515,0.0,0.0,7818.26775404477,71463.75768640992,79545.854511594,79545.854511594,2106.0324906056608,650,2096.4710355330008,0.0,0.0,0.0,0.0,0,0,0,0,0,0,0,0.0,0.0,0.0,0.0,0.0,0.0,0.0,1200.0,1200.0,-1,-1,0.0,0.0,0.0013729170896112919,0.026239999919198453,0.0002467079320922494,0.027859624940901995,-71.46376037597656
regularized_2026,stability,2,40,2025-02-10,2,no_season,42,2026,2026,65971.14279607158,0.0,0.0,2111.8801533762853,68083.02294944787,82442.00807742865,82442.00807742865,648.2120232288144,310,8763.582517324125,0.0,0.0,0.0,0.0,0,0,0,0,0,0,0,0.0,0.0,0.0,0.0,0.0,0.0,0.0,1200.0,1200.0,-1,-1,0.0,0.0,0.0015256250044330955,0.02607525000348687,0.00024183397181332111,0.02784270897973329,-68.08302307128906
regularized_2026,stability,2,41,2025-02-11,2,no_season,42,2026,2026,63532.43973889941,0.0,0.0,3120.1288242276605,66652.56856312708,79879.22142208074,79879.22142208074,639.0470591688012,360,5297.671347916199,0.0,0.0,0.0,0.0,0,0,0,0,0,0,0,0.0,0.0,0.0,0.0,0.0,0.0,0.0,1200.0,1200.0,-1,-1,0.0,0.0,0.0016668749740347266,0.02590808307286352,0.00023687502834945917,0.027811833075247705,-66.65257263183594
regularized_2026,stability,2,42,2025-02-12,2,no_season,42,2026,2026,64280.96213027266,0.0,0.0,2568.040999206652,66849.00312947932,80624.8086861302,80624.8086861302,603.8300355884771,280,5961.902588385339,0.0,0.0,0.0,0.0,0,0,0,0,0,0,0,0.0,0.0,0.0,0.0,0.0,0.0,0.0,1200.0,1200.0,-1,-1,0.0,0.0,0.001788457971997559,0.026264124899171293,0.00023695908021181822,0.02828954195138067,-66.8489990234375
regularized_2026,stability,2,43,2025-02-13,2,no_season,42,2026,2026,63924.870261968696,0.0,0.0,1949.803867815358,65874.67412978405,80031.27208980317,80031.27208980317,502.48268908574687,360,9204.275762222247,0.0,0.0,0.0,0.0,0,0,0,0,0,0,0,0.0,0.0,0.0,0.0,0.0,0.0,0.0,1200.0,1200.0,-1,-1,0.0,0.0,0.001835834002122283,0.025968124973587692,0.00024083303287625313,0.028044792008586228,-65.87467193603516
regularized_2026,stability,2,44,2025-02-14,2,no_season,42,2026,2026,32374.57534111249,0.0,0.0,2550.596540664521,34925.171881777016,43503.30491043843,43503.30491043843,709.5604156953113,310,14411.063509467074,0.0,0.0,0.0,0.0,0,0,0,0,0,0,0,0.0,0.0,0.0,0.0,0.0,0.0,0.0,1200.0,1200.0,-1,-1,0.0,0.0,0.001872749999165535,0.025711958995088935,0.00022675003856420517,0.027811459032818675,-34.9251708984375
regularized_2026,stability,2,45,2025-02-15,2,no_season,42,2026,2026,33492.13660659795,0.0,0.0,1526.452700089346,35018.589306687296,44817.20842763763,44817.20842763763,473.2988747872996,280,16010.416202424938,0.0,0.0,0.0,0.0,0,0,0,0,0,0,0,0.0,0.0,0.0,0.0,0.0,0.0,0.0,1200.0,1200.0,-1,-1,0.0,0.0,0.0026718750596046448,0.027729958994314075,0.00025779101997613907,0.03065962507389486,-35.018592834472656
regularized_2026,stability,2,46,2025-02-16,2,no_season,42,2026,2026,58772.39992255053,0.0,0.0,19794.00673030805,78566.40665285858,75926.05680043949,75926.05680043949,4514.004527426694,910,1327.212615685733,9791.195528847118,6055.725916666666,15846.921445513784,0.6530016358454176,1,2,0,15,11,26,24,15466.605618895337,17966.605618895337,4507.935154496453,175.28740301637797,660.2883935630744,5000.0,3495.3228,1200.0,4105.448072038235,-1,-1,0.0,0.0,0.0023572080535814166,0.02756487508304417,0.00024862505961209536,0.030170708196237683,-77.46464538574219
regularized_2026,stability,2,47,2025-02-17,2,no_season,42,2026,2026,57635.19996117837,0.0,0.0,13067.835727715632,70703.035688894,73010.62259723662,73010.62259723662,3006.752306409533,750,4276.227787808791,6751.305699170698,6194.02175,12945.327449170698,0.53891346496016,1,2,0,11,11,22,19,14664.872952132648,17164.872952132646,3410.2663,197.8766952536511,539.3886437154457,5000.0,3552.3526,4105.448072038235,3981.226826667371,-1,-1,0.0,0.0,0.0023522910196334124,0.027643874986097217,0.0002652079565450549,0.030261373962275684,-70.78108215332031
regularized_2026,stability,2,48,2025-02-18,2,no_season,42,2026,2026,56140.400748348344,0.0,0.0,14894.806779397019,71035.20752774536,71750.95890424967,71750.95890424967,3340.58369374214,890,2179.3489715017436,6911.315443156728,6090.509599999999,13001.825043156728,0.5406920976745162,1,2,0,11,11,22,20,17180.207350449586,19680.207350449586,3937.326,252.76677020167358,541.7427101315303,4948.205564093078,3937.326,3981.226826667371,4117.9155394417285,-1,-1,0.0,0.0,0.002523709088563919,0.02739420800935477,0.00026129104662686586,0.030179208144545555,-71.01174926757812
regularized_2026,stability,2,49,2025-02-19,2,no_season,42,2026,2026,56028.095031464836,0.0,0.0,20244.614917087805,76272.70994855263,71425.49988571409,71425.49988571409,4659.959958634943,1000,2778.9618125819984,6701.965148433695,6274.7945,12976.759648433694,0.540510689872284,1,2,0,11,11,22,20,17132.58733899819,19632.58733899819,4144.8396,252.2999355214106,540.6983186847373,4806.124115000368,4144.8396,4117.9155394417285,3861.7437833782687,-1,-1,0.0,0.0,0.002664291998371482,0.027256750036031008,0.0002905000001192093,0.0302115420345217,-76.4029541015625
regularized_2026,stability,2,50,2025-02-20,2,no_season,42,2026,2026,57220.94190337405,0.0,0.0,13828.089825787294,71049.03172916135,72717.70749702043,72717.70749702043,3123.408262337567,730,3843.8763943021186,7142.638898389205,6138.533266666666,13281.172165055872,0.5519451846681069,1,2,0,11,11,22,20,15452.176261871464,17952.176261871464,3881.3852686945593,168.03665124910952,553.3821735439947,5000.0,3524.35,3861.7437833782687,4167.263805159218,-1,-1,0.0,0.0,0.0028062500059604645,0.026209665928035975,0.00023883406538516283,0.029254749999381602,-70.95970916748047
regularized_2026,stability,2,51,2025-02-21,2,no_season,42,2026,2026,31239.653131232008,0.0,0.0,1702.5242390634276,32942.17737029543,40936.58401346776,40936.58401346776,506.4977096512472,280,18193.514002136184,0.0,2310.6943123505093,2310.6943123505093,0.10148690282533543,0,0,0,0,14,14,15,3744.01101700264,3744.01101700264,1250.0,153.58689116770012,96.27892968127122,0.0,1250.0,4167.263805159218,1731.5781373511666,-1,-1,0.0,0.0,0.0027232500724494457,0.02579966699704528,0.00023845897521823645,0.02876137604471296,-33.900840759277344
regularized_2026,stability,2,52,2025-02-22,2,no_season,42,2026,2026,32742.02848570247,0.0,0.0,972.4704126358437,33714.49889833832,43791.63863658339,43791.63863658339,279.53836936868345,180,16710.51934828057,0.0,484.1052256618224,484.1052256618224,0.021262154726127126,0,0,0,0,3,3,4,2500.0,2500.0,1128.835550887812,0.0,20.1710510692426,0.0,1250.0,1731.5781373511666,1221.2864239241155,-1,-1,0.0,0.0,0.002810165984556079,0.025761332944966853,0.0002310420386493206,0.028802540968172252,-33.915687561035156
regularized_2026,stability,2,53,2025-02-23,2,no_season,42,2026,2026,57841.70256979336,0.0,0.0,12560.754915381745,70402.45748517511,74986.55278466553,74986.55278466553,2856.4485001767844,710,2768.6098703202188,9744.73224785543,6202.1945166666665,15946.926764522097,0.6575979909252483,1,2,0,15,11,26,23,17553.267352285562,20053.267352285562,4355.16795537022,284.3811500000001,664.4552818550874,5000.0,4133.2173,1221.2864239241155,3928.264096747529,-1,-1,0.0,0.0,0.0029387909453362226,0.025953333009965718,0.000253707985393703,0.029145831940695643,-69.37899017333984
regularized_2026,stability,2,54,2025-02-24,2,no_season,42,2026,2026,55706.35659519235,0.0,0.0,13471.634387777973,69177.99098297031,71049.55239298489,71049.55239298489,2970.4955007208277,770,4894.813875824584,7053.085601214467,6130.885200000001,13183.970801214467,0.5480693726915992,1,2,0,11,11,22,20,15829.990949955936,18329.990949955936,3460.6738668645294,205.68800310895907,549.3321167172694,5000.0,3514.42,3928.264096747529,4156.8881713346145,-1,-1,0.0,0.0,0.0030685419915243983,0.025866999989375472,0.00023933406919240952,0.02917487605009228,-69.11864471435547
regularized_2026,stability,2,55,2025-02-25,2,no_season,42,2026,2026,54967.848330173794,0.0,0.0,10146.48908411515,65114.33741428895,70413.17010737874,70413.17010737874,2324.4612736923873,650,6323.647509404407,6817.143688333388,6224.48305,13041.626738333387,0.5428538162181781,1,2,0,11,11,22,20,17414.16806144968,19914.16806144968,3988.7473,272.1122132821676,543.4011140972244,5000.0,3988.7473,4156.8881713346145,4063.0172971630664,-1,-1,0.0,0.0,0.003009083098731935,0.02589404198806733,0.00023212505038827658,0.02913525013718754,-65.18124389648438
regularized_2026,stability,2,56,2025-02-26,2,no_season,42,2026,2026,54325.63579518368,0.0,0.0,14885.327822559892,69210.96361774358,69541.82866282595,69541.82866282595,3492.289641194755,820,3330.7788128859497,6927.82102446809,6039.329566666667,12967.150591134758,0.5390966842285085,1,2,0,11,11,22,20,15529.46970657494,18029.469706574942,3394.6125,229.58995188733726,540.2979412972816,4997.168750206647,3464.5300000000007,4063.0172971630664,4269.313071271017,-1,-1,0.0,0.0,0.003059874987229705,0.026372249936684966,0.00025466596707701683,0.029686790890991688,-69.15985870361328
regularized_2026,stability,2,57,2025-02-27,2,no_season,42,2026,2026,54441.97553094124,0.0,0.0,17805.056697676548,72247.03222861778,69496.02309491513,69496.02309491513,3718.792330894104,790,5594.948816622137,6662.47562585376,5999.193216666667,12661.668842520427,0.5268451769145416,1,2,0,11,11,22,20,14766.227480872743,17266.227480872745,3717.725986003986,112.06613000000033,527.5695351050177,4946.53665492413,3385.0290000000005,4269.313071271017,4266.1875251542315,-1,-1,0.0,0.0,0.0031756670214235783,0.025982083985581994,0.00025100004859268665,0.02940875105559826,-72.27713012695312
regularized_2026,stability,2,58,2025-02-28,2,no_season,42,2026,2026,30440.499780982966,0.0,0.0,1446.480798589564,31886.980579572526,40224.1255340965,40224.1255340965,385.7217005441594,180,19808.077443255992,0.0,2490.8237586153346,2490.8237586153346,0.1093982823234154,0,0,0,0,14,14,15,3668.270161869339,3668.270161869339,1098.7223821623968,173.88112431593038,103.78432327563893,0.0,1250.0,4266.1875251542315,1640.6287493922623,-1,-1,0.0,0.0,0.0033374170307070017,0.02581866702530533,0.00024449999909847975,0.029400584055110812,-32.9202995300293
regularized_2026,stability,2,59,2025-03-01,3,no_season,42,2026,2026,31197.809175249302,0.0,0.0,1414.8907496618624,32612.699924911165,41995.66663960016,41995.66663960016,326.72850098499737,210,19080.29587391849,0.0,416.6666666666667,416.6666666666667,0.018300217940789235,0,0,0,0,2,2,1,1250.0,2500.0,1250.0,0.0,17.36111111111111,0.0,1250.0,1640.6287493922623,1201.4235188133207,-1,-1,0.0,0.0,0.003616041038185358,0.02681837498676032,0.0002330410061404109,0.030667457031086087,-32.78593063354492
regularized_2026,stability,2,60,2025-03-02,3,no_season,42,2026,2026,57887.422621247,0.0,0.0,15271.187589169927,73158.61021041693,72626.44507284381,72626.44507284381,3548.863494938668,630,3311.8647762313517,5064.87193407116,4559.7352091867,9624.60714325786,0.4004725975020643,1,2,0,13,12,25,24,11420.153570375856,11420.153570375856,4964.227345878084,132.82965387115456,401.0252976357441,2464.2273458780833,2500.0,1201.4235188133207,1200.0,-1,-1,0.0,0.0,0.00371841702144593,0.026298000011593103,0.00023829203564673662,0.03025470906868577,-73.18080139160156
regularized_2026,stability,2,61,2025-03-03,3,no_season,42,2026,2026,58533.79632564635,0.0,0.0,10007.797924780562,68541.5942504269,73475.78601449734,73475.78601449734,2381.2704703379713,650,3311.2638147460257,5286.460367559423,4757.81433080348,10044.274698362902,0.417931388042467,3,4,0,14,12,26,24,19065.685155276442,21274.71286186431,4943.4644587991315,181.0713279679464,418.51144576512087,2500.0,2500.0,1200.0,1200.0,-1,-1,0.0,0.0,0.003489250084385276,0.0265861249063164,0.00025879102759063244,0.030334166018292308,-68.5661392211914
regularized_2026,stability,2,62,2025-03-04,3,no_season,42,2026,2026,59739.1305569686,0.0,0.0,3038.193694387188,62777.32425135581,74992.48997458364,74992.48997458364,847.7343649658012,360,6111.293608078844,5294.727981372793,4765.255183235511,10059.983164608304,0.4185850003040899,3,4,0,14,13,27,26,19243.9686657375,21704.11847569514,4880.494108805486,202.14113149564682,419.16596519201266,2500.0,2500.0,1200.0,1200.0,-1,-1,0.0,0.0,0.003482957952655852,0.026907832943834364,0.00025062495842576027,0.030641415854915977,-62.80198669433594
regularized_2026,stability,2,63,2025-03-05,3,no_season,42,2026,2026,57915.32810128888,0.0,0.0,3975.2628138239234,61890.59091511279,72714.87935079784,72714.87935079784,855.4229220897533,380,6968.801974388234,4710.282818326911,4239.25453649422,8949.537354821132,0.37238055323675356,1,2,0,12,11,23,23,10843.88822858737,10843.88822858737,4604.638957014657,106.86750528303669,372.8973897842138,2500.0,2472.8117414669027,1200.0,1200.0,-1,-1,0.0,0.0,0.0035050000296905637,0.02639083401300013,0.00024324993137270212,0.030139083974063396,-61.91075897216797
regularized_2026,stability,2,64,2025-03-06,3,no_season,42,2026,2026,56465.10386602406,0.0,0.0,5211.828886547704,61676.93275257176,70746.60447223652,70746.60447223652,1428.6639822165193,410,5779.274107453773,4553.4021366593515,4098.061922993415,8651.464059652766,0.3599780463630207,3,4,0,12,11,23,23,20391.32460552771,20391.32460552771,4852.671389348381,238.52372743286602,360.4776691521986,2447.6239039200077,2500.0,1200.0,1200.0,-1,-1,0.0,0.0,0.0034786660689860582,0.02589308307506144,0.00023612508084625006,0.02960787422489375,-61.698516845703125
regularized_2026,stability,2,65,2025-03-07,3,no_season,42,2026,2026,30878.415655024146,0.0,0.0,216.26944882281472,31094.685103846954,41986.579876632255,41986.579876632255,76.72829961035643,60,21141.022642909284,0.0,0.0,0.0,0.0,0,0,0,0,0,0,0,0.0,0.0,0.0,0.0,0.0,0.0,0.0,1200.0,1200.0,-1,-1,0.0,0.0,0.003707541967742145,0.026216582977212965,0.00024149997625499964,0.03016562492121011,-31.09468650817871
regularized_2026,stability,2,66,2025-03-08,3,no_season,42,2026,2026,30150.64135432191,0.0,0.0,989.9730498825792,31140.61440420449,40547.626409121556,40547.626409121556,336.1769720022092,270,21820.663864457092,0.0,0.0,0.0,0.0,0,0,0,0,0,0,0,0.0,0.0,0.0,0.0,0.0,0.0,0.0,1200.0,1200.0,-1,-1,0.0,0.0,0.0034549999982118607,0.026449333992786705,0.00023337500169873238,0.0301377089926973,-31.140613555908203
regularized_2026,stability,2,67,2025-03-09,3,no_season,42,2026,2026,52258.001853918824,0.0,0.0,8792.738115496903,61050.739969415736,67469.51289288892,67469.51289288892,2087.7446434996023,550,5482.835185511542,7408.973008769776,6668.075707892795,14077.048716662572,0.585730745760579,3,4,0,20,17,37,29,20680.565037331435,20680.565037331435,4689.803965098085,214.17593377486068,586.5436965276072,2500.0,2500.0,1200.0,1200.0,-1,-1,0.0,0.0,0.0033259160118177533,0.026112583000212908,0.0002519999397918582,0.02969049895182252,-61.083229064941406
regularized_2026,stability,2,68,2025-03-10,3,no_season,42,2026,2026,51997.70612369538,0.0,0.0,13312.55488984533,65310.26101354071,67682.63389281301,67682.63389281301,3087.8008765291993,720,1949.183922028787,7791.793973134258,7012.614575820828,14804.408548955087,0.6159954003469269,3,4,0,21,17,38,31,21926.023049612217,21926.023049612217,4850.4159863148925,239.19783747645357,616.850356206462,2424.7378134459364,2500.0,1200.0,1200.0,-1,-1,0.0,0.0,0.0033460420090705156,0.02583441697061062,0.00024354096967726946,0.029423999949358404,-65.34445190429688
regularized_2026,stability,2,69,2025-03-11,3,no_season,42,2026,2026,55087.18009854773,0.0,0.0,5178.528040460564,60265.7081390083,69554.59018772683,69554.59018772683,1327.9756417889935,500,6320.433065405719,6232.139641101066,5608.92567699096,11841.065318092027,0.4926938990525921,7,8,0,16,15,31,31,40170.490542128544,40170.490542128544,4849.323809981732,2163.4213784209715,493.3777215871677,2500.0,2500.0,1200.0,1200.0,-1,-1,0.0,0.0,0.003405374940484762,0.026100125047378242,0.00024812505580484867,0.029753625043667853,-60.297821044921875
regularized_2026,stability,2,70,2025-03-12,3,no_season,42,2026,2026,52297.36929175005,0.0,0.0,6439.820116485718,58737.18940823576,68126.44791884295,68126.44791884295,1464.8698408391763,460,6320.717766485119,8350.653098636816,7515.587788773135,15866.24088740995,0.6601770935408764,7,8,0,22,19,41,38,37701.623091752204,40138.03984382275,4797.318897212934,1529.2342416797244,661.093370308748,2500.0,2500.0,1200.0,1200.0,-1,-1,0.0,0.0,0.0036299159983173013,0.02615195792168379,0.00023862498346716166,0.03002049890346825,-58.77735137939453
regularized_2026,stability,2,71,2025-03-13,3,no_season,42,2026,2026,51815.95348085022,0.0,0.0,11133.051903171983,62949.005384022195,68269.25091368967,68269.25091368967,2415.578640927959,480,2239.032925650076,9001.786123008766,8101.607510707886,17103.393633716652,0.7116536789601086,3,4,0,23,21,44,37,22561.18160034751,22561.18160034751,4830.395749827806,355.64907139362134,712.6414014048605,2500.0,2500.0,1200.0,1200.0,-1,-1,0.0,0.0,0.0033793749753385782,0.0261137499473989,0.00023670797236263752,0.029729832895100117,-62.98792266845703
regularized_2026,stability,2,72,2025-03-14,3,no_season,42,2026,2026,28983.37970647491,0.0,0.0,1181.7222943357322,30165.102000810646,39315.58969587864,39315.58969587864,307.150448335129,230,23593.314160880436,0.0,0.0,0.0,0.0,0,0,0,0,0,0,0,0.0,0.0,0.0,0.0,0.0,0.0,0.0,1200.0,1200.0,-1,-1,0.0,0.0,0.0033283329103142023,0.025880416971631348,0.00023312505800276995,0.02944187493994832,-30.16510009765625
regularized_2026,stability,2,73,2025-03-15,3,no_season,42,2026,2026,29757.854010974017,0.0,0.0,948.479563052375,30706.333574026386,40517.85637519517,40517.85637519517,213.42899073994639,150,19807.160215935117,0.0,0.0,0.0,0.0,0,0,0,0,0,0,0,0.0,0.0,0.0,0.0,0.0,0.0,0.0,1200.0,1200.0,-1,-1,0.0,0.0,0.0037736670346930623,0.02661804191302508,0.00024025002494454384,0.030631958972662687,-30.70633316040039
regularized_2026,stability,2,74,2025-03-16,3,no_season,42,2026,2026,48376.79344130615,0.0,0.0,2527.354148981176,50904.147590287335,67123.85145860443,67123.85145860443,843.60708410633,280,2885.6656486265806,17307.459607508375,15576.71364675753,32884.17325426591,1.3682748217772578,5,6,0,71,58,129,107,32734.892040007224,34900.809013815415,3648.001688932179,1221.9557613142742,1370.1738855944127,2500.0,2500.0,1200.0,1200.0,-1,-1,0.0,0.0,0.0035117079969495535,0.026800458086654544,0.00025404198095202446,0.030566208064556122,-50.977195739746094
regularized_2026,stability,2,75,2025-03-17,3,no_season,42,2026,2026,46522.648577098815,0.0,0.0,1302.1424733506692,47824.79105044948,66616.90305175091,66616.90305175091,373.51996280252376,120,6315.068320511539,16677.933387203033,13860.71012649447,30538.643513697505,1.2680228408110936,3,4,0,61,57,118,88,21725.976198414428,24162.782327492565,2391.962536920648,533.0017505603186,1272.4434797373958,2500.0,2500.0,1200.0,2411.6055214108446,-1,-1,0.0,0.0,0.0033513340167701244,0.026285083033144474,0.00025387504138052464,0.029890292091295123,-47.41669845581055
regularized_2026,stability,2,76,2025-03-18,3,no_season,42,2026,2026,45934.89816703667,0.0,0.0,4548.376680745879,50483.27484778256,64373.94383321676,64373.94383321676,950.0521025718579,220,2054.3992367449146,17462.6219338905,15318.983601513464,32781.60553540396,1.363088512862628,6,6,0,67,67,134,104,32305.26584954952,33197.354878454375,3494.711285180361,1199.5653949629318,1365.9002306418317,2500.0,2500.0,2411.6055214108446,2830.4767504127267,-1,-1,0.0,-1250.0,0.0033606250071898103,0.026504291919991374,0.0002460830146446824,0.030110999941825867,-50.39183807373047
regularized_2026,stability,2,77,2025-03-19,3,no_season,42,2026,2026,46014.76325151752,0.0,0.0,858.0147564250898,46872.77800794261,65016.08763274348,65016.08763274348,308.7834376108158,170,4391.699150843798,16752.38190729064,15284.680437780142,32037.062345070786,1.3335071978504933,3,4,0,66,58,124,90,22218.431331446107,25726.151976907167,2361.994256204345,401.66176446947225,1334.8775977112828,2500.0,2500.0,2830.4767504127267,2611.7138380213673,-1,-1,-1250.0,0.0,0.003479458042420447,0.026325666927732527,0.0002589169889688492,0.030064041959121823,-47.02781677246094
regularized_2026,stability,2,78,2025-03-20,3,no_season,42,2026,2026,47961.90585906137,0.0,0.0,1329.2787212340618,49291.184580295434,67452.34743380317,67452.34743380317,467.3669428405983,210,3164.6068866828077,14387.247611912571,11841.101938618292,26228.349550530864,1.0887732871567348,5,6,0,58,48,106,100,28723.49319543749,31223.49319543749,2559.3395307604114,1250.0,1092.8478979387862,2500.0,2493.4597261900567,2611.7138380213673,3779.037974936921,-1,-1,0.0,0.0,0.0034851250238716602,0.026497417013160884,0.0002476670779287815,0.030230209114961326,-48.89331817626953
regularized_2026,stability,2,79,2025-03-21,3,no_season,42,2026,2026,28099.485089758844,0.0,0.0,1175.4636342628155,29274.948724021662,37041.11064386536,37041.11064386536,319.90318978150685,250,27550.604194676922,0.0,2223.054877696722,2223.054877696722,0.09763773301484296,0,0,0,0,12,12,10,2084.3400975535988,3196.899269318532,711.1456995224387,101.4474699405972,92.62728657069675,0.0,1250.0,3779.037974936921,1435.732382580689,-1,-1,0.0,0.0,0.0036422921111807227,0.02656645909883082,0.00024179101455956697,0.03045054222457111,-30.197166442871094
regularized_2026,stability,2,80,2025-03-22,3,no_season,42,2026,2026,28912.80876790251,0.0,0.0,563.5218856341806,29476.330653536686,39344.260081885455,39344.260081885455,153.311419738086,110,23783.0278321887,0.0,166.6560638984947,166.6560638984947,0.0073196214971917185,0,0,0,0,1,1,1,999.9363833909681,1999.8727667819362,999.9363833909681,0.0,6.944002662437279,0.0,999.9363833909681,1435.732382580689,1260.0614666480878,-1,-1,0.0,0.0,0.003374250023625791,0.026240792009048164,0.0002328749978914857,0.02984791703056544,-29.545818328857422
regularized_2026,stability,2,81,2025-03-23,3,no_season,42,2026,2026,45580.22987248203,0.0,0.0,2504.1462874453273,48084.37615992736,65333.17084059147,65333.17084059147,736.6423699411469,240,4932.15333373803,17923.06644382425,15555.126683696344,33478.1931275206,1.3916607078924867,3,4,0,67,57,124,90,21971.25410170949,24300.387737800564,2401.729049466344,448.8385263804561,1394.9247136466915,2500.0,2500.0,1260.0614666480878,1866.8320474397658,-1,-1,0.0,0.0,0.0033840839751064777,0.026375208981335163,0.000266083050519228,0.03002537600696087,-47.918914794921875
regularized_2026,stability,2,82,2025-03-24,3,no_season,42,2026,2026,44730.974204182494,0.0,0.0,1927.1000739022038,46658.07427808469,63266.06767110727,63266.06767110727,576.6777478912015,170,4096.105348225905,17129.630542536583,15381.487555097347,32511.11809763393,1.3526710787233824,6,6,0,71,61,132,107,37655.805712161,38888.12783449263,3449.2010208115976,1265.3541802928569,1354.629920734747,2500.0,2500.0,1866.8320474397658,1903.914953039409,-1,-1,0.0,-1215.3383802944802,0.0033972910605371,0.026437416090629995,0.00025195907801389694,0.03008666622918099,-46.71665954589844
regularized_2026,stability,2,83,2025-03-25,3,no_season,42,2026,2026,45439.30253335822,0.0,0.0,2127.0710484160372,47566.373581774256,64436.311888042925,64436.311888042925,707.8142093543931,270,1884.6321878259446,16467.568679129567,14158.199486224858,30625.768165354428,1.2727733338842533,5,6,0,64,60,124,98,30864.135097648847,34308.16165538145,3554.685965345151,816.3182676438913,1276.0736735564342,2500.0,2500.0,1903.914953039409,2602.3696705972793,-1,-1,-1215.3383802944802,0.0,0.0034324589651077986,0.025879708002321422,0.00024316704366356134,0.029555334011092782,-47.361419677734375
regularized_2026,stability,2,84,2025-03-26,3,no_season,42,2026,2026,44237.273560055364,0.0,0.0,1375.4839201667737,45612.75748022214,62882.2700872406,62882.2700872406,536.9831367864706,250,6639.34480747242,16260.209957176618,15072.856407288631,31333.066364465252,1.3047489710999862,3,4,0,61,58,119,84,22760.85397582471,25260.85397582471,2194.381433242103,582.402682671228,1305.5444318527188,2500.0,2500.0,2602.3696705972793,2139.9735825338394,-1,-1,0.0,0.0,0.0036232919665053487,0.026434707920998335,0.00024229194968938828,0.030300291837193072,-45.86164855957031
regularized_2026,stability,2,85,2025-03-27,3,no_season,42,2026,2026,51112.340386435586,0.0,0.0,1780.4540988784622,52892.79448531406,69517.51013844123,69517.51013844123,436.2459977009899,210,7047.936526843263,10039.97483946691,5851.144630167959,15891.11946963487,0.6538501844381007,4,4,0,31,31,62,62,23081.246753608197,24221.058486402868,2451.9097802899582,915.687863620665,662.1299779014529,2500.0,2500.0,2139.9735825338394,5497.082042118716,-1,-1,0.0,0.0,0.003411417012102902,0.026563083985820413,0.00024179101455956697,0.03021629201248288,-51.615699768066406
regularized_2026,stability,2,86,2025-03-28,3,no_season,42,2026,2026,27163.299780095145,0.0,0.0,860.6154480204348,28023.915228115584,35292.58311588496,35292.58311588496,233.51342848977023,120,28236.238301102276,0.0,3532.0225233942137,3532.0225233942137,0.15512827667973708,0,0,0,0,20,20,19,3448.2135650907876,4509.113017340711,709.4197822649027,150.50415241211545,147.16760514142555,0.0,1250.0,5497.082042118716,1774.0034018050276,-1,-1,0.0,0.0,0.003365666954778135,0.026405167067423463,0.000264291069470346,0.030035125091671944,-29.489036560058594
regularized_2026,stability,2,87,2025-03-29,3,no_season,42,2026,2026,22534.623329668422,0.0,0.0,5277.579837462901,27812.203167131323,30039.136254187182,30039.136254187182,940.379934036087,290,21765.364808475817,9991.750462171669,8484.808265757554,18476.558727929223,0.7676158329842974,2,2,0,49,23,72,23,7029.405097654682,8147.785823797334,2500.0,107.97933999999987,769.8566136637177,1250.0,2500.0,1774.0034018050276,2309.2369736834125,-1,-1,0.0,-2484.5393976401683,0.003417333005927503,0.026316958013921976,0.00023762497585266829,0.029971915995702147,-27.641403198242188
regularized_2026,stability,2,88,2025-03-30,3,no_season,42,2026,2026,47790.969068196144,0.0,0.0,9311.68536058957,57102.65442878571,61858.32179635507,61858.32179635507,1863.5088392361697,490,8671.197498262723,7449.572225691949,7744.558788363438,15194.131014055387,0.6346152706764893,1,2,0,43,19,62,55,9270.66076788929,12615.190448486886,2168.983547298048,254.69654442078163,633.0887922523078,1250.0,2500.0,2309.2369736834125,1213.0399737175644,-1,-1,-2484.5393976401683,-2500.0,0.003477709018625319,0.026431499980390072,0.00023620796855539083,0.03014541696757078,-57.564701080322266
regularized_2026,stability,2,89,2025-03-31,3,no_season,42,2026,2026,48517.71896282841,0.0,0.0,9039.613766587709,57557.33272941611,62760.69014518335,62760.69014518335,1846.1870972629558,450,6542.458068610792,8735.401954617155,7622.372264114975,16357.774218732131,0.6800756574528775,1,2,0,49,19,68,62,10393.542784128267,13862.223582242594,2500.0,251.96200017939444,681.5739257805055,1250.0,2500.0,1213.0399737175644,1465.4840670547183,-1,-1,-2500.0,-2454.4923165434166,0.003508750000037253,0.026107999961823225,0.000237041967920959,0.029853791929781437,-57.494117736816406
regularized_2026,stability,2,90,2025-04-01,4,no_season,42,2026,2026,48785.879964195454,0.0,0.0,7086.065201695581,55871.94516589104,63331.56163489634,63331.56163489634,1303.1688183945625,400,3829.3916594507427,8226.139709428695,7629.652432255208,15855.792141683902,0.6602650484814626,1,2,0,48,19,67,62,10133.64956819622,13611.673374528766,2500.0,237.58412734549296,660.6580059034959,1250.0,2500.0,1465.4840670547183,1227.125603029833,-1,-1,-2454.4923165434166,-2500.0,0.0035072920145466924,0.02590537501964718,0.0002422090619802475,0.02965487609617412,-55.99977111816406
regularized_2026,stability,2,91,2025-04-02,4,no_season,42,2026,2026,48922.83274776666,0.0,0.0,14517.992916623218,63440.82566438987,63354.72192245902,63354.72192245902,3076.3521885222767,400,5238.285022341005,7831.872951842437,7074.419263202145,14906.292215044581,0.6202941552817844,1,2,0,48,18,66,64,12138.69610730782,15482.736636997666,2500.0,296.41634163396964,621.0955089601908,1250.0,2500.0,1227.125603029833,1200.0,-1,-1,-2500.0,0.0,0.003585333935916424,0.026187915937043726,0.00024620897602289915,0.03001945884898305,-63.48445129394531
regularized_2026,stability,2,92,2025-04-03,4,no_season,42,2026,2026,54130.81214825047,0.0,0.0,9700.309139176425,63831.12128742689,71483.09206458744,71483.09206458744,2128.3282696460174,510,9129.233557005462,8618.656510561335,0.0,8618.656510561335,0.34068231180016084,0,1,0,49,0,49,46,6890.0318535397555,7933.471682164314,715.7310752328945,264.57821432022234,359.11068794005564,1250.0,0.0,1200.0,9376.375483203861,-1,1,0.0,0.0,0.003480916959233582,0.026253500021994114,0.0002473329659551382,0.029981749947182834,-60.6498908996582
regularized_2026,stability,2,93,2025-04-04,4,no_season,42,2026,2026,23557.579828184207,0.0,0.0,4667.84979099946,28225.42961918367,30074.149875890675,30074.149875890675,974.7838968875428,350,22471.230818399334,7963.319025991577,5816.4183216126885,13779.737347604267,0.5702379582173355,1,2,0,39,37,76,40,7582.720090803681,8494.046942164148,1250.0,277.4607237286183,574.1557228168444,1250.0,1235.37148053793,9376.375483203861,10800.0,1,1,0.0,0.0,0.00347612495534122,0.02613854210358113,0.00024341698735952377,0.029858084046281874,-27.697603225708008
regularized_2026,stability,2,94,2025-04-05,4,no_season,42,2026,2026,16871.069666917567,0.0,0.0,5702.087834477287,22573.157501394853,20315.29176193427,20315.29176193427,1044.753047149613,340,16645.849473582224,7647.9461719959145,14977.865819827588,22625.811991823502,0.9601473176711943,2,3,0,37,63,100,62,11905.185860147805,12595.425882349016,2500.0,258.32954123211175,942.7421663259793,1250.0,2500.0,10800.0,2267.4219714150995,1,-1,0.0,-2439.2816517973943,0.0035669170320034027,0.03146141697652638,0.0003018750576302409,0.03533020906616002,-25.96059799194336
regularized_2026,stability,2,95,2025-04-06,4,no_season,42,2026,2026,47851.79662293078,0.0,0.0,6154.030286270453,54005.826909201234,62127.791561166,62127.791561166,1102.769591554527,300,8996.77138672291,7564.787753870637,7741.074254539686,15305.862008410324,0.6390165217641367,1,2,0,44,19,63,57,9437.783323627562,13127.064975424957,2500.0,222.25256415294425,637.7442503504302,1250.0,2500.0,2267.4219714150995,1284.2010398640848,-1,-1,-2439.2816517973943,-2226.5648375383867,0.005044542020186782,0.02799187507480383,0.0002737920731306076,0.03331020916812122,-54.42398452758789
regularized_2026,stability,2,96,2025-04-07,4,no_season,42,2026,2026,48022.67578855472,0.0,0.0,4190.915361093977,52213.591149648695,62366.56123843777,62366.56123843777,867.5136126449015,360,8903.6312401459,8891.18589207879,7803.461564475363,16694.647456554154,0.6941870950604937,1,2,0,49,19,68,52,8723.789075927118,12200.353913465504,2389.1954019709156,270.8864348052836,695.6103106897564,1250.0,2500.0,1284.2010398640848,1493.5498697672442,-1,-1,-2226.5648375383867,-2500.0,0.0034556249156594276,0.02623674995265901,0.00024874997325241566,0.029941124841570854,-52.16758728027344
regularized_2026,stability,2,97,2025-04-08,4,no_season,42,2026,2026,47429.47508099055,0.0,0.0,12232.013237149291,59661.48831813984,61937.42474881394,61937.42474881394,2433.2535671092646,540,9468.880669114089,8270.89888735531,7722.294857212861,15993.19374456817,0.666103214098515,1,2,0,48,19,67,52,10348.47828116751,13909.295991898585,2500.0,304.71910156990657,666.3830726903403,1250.0,2500.0,1493.5498697672442,1200.0,-1,-1,-2500.0,-1886.7562826461092,0.0035071669844910502,0.026029416942037642,0.0002636670833453536,0.029800251009874046,-59.81124496459961
regularized_2026,stability,2,98,2025-04-09,4,no_season,42,2026,2026,49212.50991941595,0.0,0.0,8017.646794701325,57230.15671411727,63674.60549764015,63674.60549764015,1747.6292932378874,460,5076.960185602306,9040.583589789268,7829.620001180204,16870.20359096947,0.7012414498073276,1,2,0,49,19,68,52,7941.5532247452065,11057.57028498807,2500.0,191.90975805141022,702.925149623728,1250.0,2500.0,1200.0,1523.5065171494025,-1,-1,-1886.7562826461092,-2500.0,0.0035459590144455433,0.02624741697218269,0.00024783401750028133,0.030041210004128516,-57.13959503173828
regularized_2026,stability,2,99,2025-04-10,4,no_season,42,2026,2026,52903.431114875064,0.0,0.0,9588.908149044863,62492.33926391992,70584.69014708344,70584.69014708344,1982.4516449248424,470,9520.74100119319,8585.76289081509,0.0,8585.76289081509,0.3393820773140905,0,1,0,47,0,47,45,4347.5023306088115,8063.843745087746,1169.6962110320208,114.17570101556397,357.7401204506287,1250.0,0.0,1523.5065171494025,9668.676372687574,-1,1,-2500.0,0.0,0.00353424996137619,0.026006167056038976,0.00024220801424235106,0.029782625031657517,-59.323280334472656
regularized_2026,stability,2,100,2025-04-11,4,no_season,42,2026,2026,22599.500266612842,0.0,0.0,5074.006153987056,27673.5064205999,29036.407659137185,29036.407659137185,1165.3914522923421,330,22999.58681430044,8122.943005411911,6237.380874949495,14360.323880361404,0.5950365455495259,1,2,0,39,39,78,42,7453.65103630112,8448.345173665033,1250.0,215.1432005998306,598.3468283483918,1250.0,1250.0,9668.676372687574,10800.0,1,1,0.0,0.0,0.0034708339953795075,0.027452041977085173,0.00025241600815206766,0.03117529198061675,-27.2612361907959
regularized_2026,stability,2,101,2025-04-12,4,no_season,42,2026,2026,24835.426636352062,0.0,0.0,4.40386420201679,24839.830500554075,30013.783485694243,30013.783485694243,2.0598055201201078,10,27014.72182630912,2243.1401163954797,8267.179201490235,10510.319317885715,0.45176673322660643,6,7,0,12,50,62,62,27379.866553940417,28412.999831691508,3573.671801480894,810.7930774728542,437.92997157857144,1250.0,2487.577884908531,10800.0,4213.657529784398,1,-1,0.0,0.0,0.003749250085093081,0.02787383389659226,0.0002577090635895729,0.03188079304527491,-27.444677352905273
regularized_2026,stability,2,102,2025-04-13,4,no_season,42,2026,2026,47227.497843042074,0.0,0.0,3479.870782073943,50707.36862511602,60570.930595256264,60570.930595256264,770.0769949159305,280,9306.370574081182,6172.850973083043,8414.572440325366,14587.423413408409,0.6135757820342452,17,18,0,34,23,57,52,58242.350136626425,59216.57254777369,3704.6982519618296,3358.971672399824,607.809308892017,1250.0,2500.0,4213.657529784398,1200.0,-1,-1,0.0,0.0,0.003661624970845878,0.027663541957736015,0.0002513750223442912,0.031576541950926185,-51.92878723144531
regularized_2026,stability,2,103,2025-04-14,4,no_season,42,2026,2026,48809.322040174266,0.0,0.0,1851.2394940281097,50660.56153420238,64516.176921995735,64516.176921995735,423.6723314440935,130,11860.852173672487,5509.652797673457,4958.687517906111,10468.340315579568,0.43557629893417454,1,2,0,31,13,44,43,10066.139929925524,11284.986217009733,3259.681018578004,238.4807717740902,436.1808464824819,1250.0,2500.0,1200.0,1200.0,-1,-1,0.0,0.0,0.0036209579557180405,0.02778812509495765,0.0002672910923138261,0.031676374142989516,-50.68385696411133
regularized_2026,stability,2,104,2025-04-15,4,no_season,42,2026,2026,47882.23809767034,0.0,0.0,1128.6053645414909,49010.84346221184,63985.78335879144,63985.78335879144,272.74685807708454,140,12872.125883228266,6229.190126257927,4982.214625950999,11211.404752208924,0.46505183207354445,1,2,0,33,15,48,47,11483.179222014965,12733.179222014965,3278.5321690440715,275.02983927136313,467.14186467537183,1250.0,2420.129032344604,1200.0,1857.8132965590617,-1,-1,0.0,0.0,0.003731000004336238,0.026892957976087928,0.0002559589920565486,0.030879916972480714,-48.77845764160156
regularized_2026,stability,2,105,2025-04-16,4,no_season,42,2026,2026,47650.9087969064,0.0,0.0,1420.9329723003168,49071.84176920671,63709.43629954885,63709.43629954885,288.50702555377575,120,7927.233522704293,5721.071778995511,5429.953926597181,11151.025705592689,0.4646316351231303,1,2,0,32,16,48,48,11175.07199486786,12318.55755492512,3299.890360671784,232.77753974926858,464.6260710663621,1250.0,2464.118835167771,1857.8132965590617,1561.6245409662968,-1,-1,0.0,0.0,0.003529874957166612,0.026128874975256622,0.00023737503215670586,0.02989612496457994,-49.21263122558594
regularized_2026,stability,2,106,2025-04-17,4,no_season,42,2026,2026,55332.851355621686,0.0,0.0,2989.8090372891947,58322.66039291087,68840.25651907684,68840.25651907684,712.3528804533095,190,7447.105148816685,13701.689369457192,4464.527468743735,18166.216838200926,0.7376912091285741,12,13,0,74,12,86,72,48605.957481000914,49645.942118044295,3689.3438657369747,3415.8744537919165,756.9257015917052,1250.0,2500.0,1561.6245409662968,9854.163241641143,-1,1,0.0,0.0,0.003621125011704862,0.025845083058811724,0.00025104195810854435,0.02971725002862513,-55.12400436401367
regularized_2026,stability,2,107,2025-04-18,4,no_season,42,2026,2026,25580.97731630272,0.0,0.0,87.6069545385471,25668.584270841267,33237.83259807636,33237.83259807636,32.79254089992952,30,30590.74103875203,2581.7621901062503,6255.995273215322,8837.757463321574,0.3768196958678352,1,2,0,13,40,53,48,5532.33374136282,6569.533826596755,1164.3059138624617,162.81614502369948,368.2398943050655,1250.0,1250.0,9854.163241641143,5709.039879397325,1,1,0.0,1205.3050123692442,0.003353833919391036,0.025894875056110322,0.00023491703905165195,0.02948362601455301,-27.31001091003418
regularized_2026,stability,2,108,2025-04-19,4,no_season,42,2026,2026,26543.877281294604,0.0,0.0,256.67064141160705,26800.54792270621,33303.101917779415,33303.101917779415,82.0108521268017,70,29803.48509886556,2093.4117294841626,5296.4633084435045,7389.875037927668,0.31537280318481103,2,3,0,11,26,37,36,11347.155755283733,13712.192696564478,3369.0948471738498,204.1078509589411,307.9114599136528,1249.1794555207457,2500.0,5709.039879397325,2112.062090371192,1,-1,1205.3050123692442,0.0,0.0033720419742166996,0.025905999937094748,0.0002371249720454216,0.02951516688335687,-28.22602081298828
regularized_2026,stability,2,109,2025-04-20,4,no_season,42,2026,2026,46837.11172566532,0.0,0.0,787.3308877127454,47624.442613378065,62582.91250987978,62582.91250987978,209.95512573845042,160,10926.292389222934,7740.884349821579,7832.053986759609,15572.938336581186,0.6499732283334949,11,12,0,44,23,67,67,44284.212182014184,45451.35159791036,3641.999146080549,3192.6451623768,648.8724306908828,1250.0,2500.0,2112.062090371192,1200.0,-1,-1,0.0,0.0,0.003345874953083694,0.025972082978114486,0.0002507918979972601,0.02956874982919544,-48.022247314453125
regularized_2026,stability,2,110,2025-04-21,4,no_season,42,2026,2026,48634.369501894624,0.0,0.0,491.228137024238,49125.597638918865,64451.62601143676,64451.62601143676,154.41989515914383,90,15074.176891078643,5926.661983986328,4911.703351802397,10838.365335788723,0.4499964652079878,3,4,0,33,16,49,48,13826.933765667474,14736.988457708027,3415.5020520734934,350.0176131010662,451.5985556578635,1250.0,2500.0,1200.0,1645.1353098057937,-1,-1,0.0,0.0,0.0035243750317022204,0.025866582989692688,0.00023574999067932367,0.029626708012074232,-48.97620391845703
regularized_2026,stability,2,111,2025-04-22,4,no_season,42,2026,2026,46262.63044424642,0.0,0.0,1690.003583861164,47952.63402810758,63106.24028366615,63106.24028366615,427.1205301612084,140,6797.946333802607,10223.055655493608,5640.5704921355145,15863.62614762912,0.6518385628348333,9,10,0,57,22,79,78,47645.44240951494,48792.24071467039,3515.445127219624,2154.873550276567,660.98442281788,1250.0,2500.0,1645.1353098057937,5397.894112585053,-1,-1,0.0,0.0,0.003372124978341162,0.02616629097610712,0.0002417500363662839,0.029780165990814567,-46.525848388671875
regularized_2026,stability,2,112,2025-04-23,4,no_season,42,2026,2026,45132.084049275596,0.0,0.0,501.15278930569315,45633.23683858129,59996.108855075996,59996.108855075996,103.43578155586968,70,11121.931531260298,5013.523124555317,7435.8267358504145,12449.349860405731,0.5247623018004096,3,4,0,28,23,51,49,19596.65838530055,20479.018556456784,3526.271869600932,400.20356084919206,518.7229108502388,1250.0,2500.0,5397.894112585053,2316.0901746865293,-1,-1,0.0,0.0,0.0033950420329347253,0.026171499979682267,0.00024850002955645323,0.029815042042173445,-46.86860275268555
regularized_2026,stability,2,113,2025-04-24,4,no_season,42,2026,2026,49019.88108641715,0.0,0.0,4181.621204254999,53201.50229067214,64400.92062583188,64400.92062583188,944.5510809183056,310,8697.795281214057,15090.261720945815,5532.691995409683,20622.953716355496,0.8394936954346297,2,3,0,79,17,96,66,17981.984353838518,18926.54290225026,3560.7917244013506,486.5266984380424,859.2897381814789,1250.0,2500.0,2316.0901746865293,10800.0,-1,1,0.0,0.0,0.0034433340188115835,0.026009917026385665,0.00023741694167256355,0.029690667986869812,-49.92620849609375
regularized_2026,stability,2,114,2025-04-25,4,no_season,42,2026,2026,23453.077313829537,0.0,0.0,0.0,23453.07731382954,30627.969795270485,30627.969795270485,0.0,0,32849.057615239304,1851.532195977794,6072.977665946619,7924.509861924413,0.3399165918625732,1,2,0,11,42,53,53,8706.74081858536,9651.529512141053,1009.5978822754631,267.1738876931447,330.1879109135172,1226.420701207804,1162.4607625643928,10800.0,6155.0371355520865,1,1,0.0,1226.420701207804,0.003379457979463041,0.026147875003516674,0.0002401669044047594,0.029767499887384474,-25.288923263549805
regularized_2026,stability,2,115,2025-04-26,4,no_season,42,2026,2026,27384.039229861293,0.0,0.0,619.2448635819583,28003.284093443253,36235.63611762237,36235.63611762237,137.71677453773918,40,35731.711237779586,4190.153430899763,3618.705409852577,7808.85884075234,0.3245657917333091,1,2,0,24,23,47,46,6839.569908268793,8784.455946491587,1050.219733249351,226.65267130405175,325.36911836468084,1250.0,1181.1611986708451,6155.0371355520865,6315.715286279994,1,1,1226.420701207804,1138.8265057207843,0.003676209016703069,0.026707957964390516,0.000232999911531806,0.03061716689262539,-27.95787239074707
regularized_2026,stability,2,116,2025-04-27,4,no_season,42,2026,2026,51885.49171512159,0.0,0.0,1565.6551475853419,53451.14686270693,63271.96584285982,63271.96584285982,325.21251383009064,120,11518.105211890554,10410.75984095403,6905.157879488001,17315.917720442027,0.7147995617447902,10,10,0,60,18,78,78,42877.45850623087,42904.64558985804,3537.703634151485,3231.78345002404,721.4965716850844,1250.0,2500.0,6315.715286279994,8913.55376666125,1,1,1138.8265057207843,1013.13515993644,0.0034883340122178197,0.025939542101696134,0.00024262501392513514,0.02967050112783909,-52.47810745239258
regularized_2026,stability,2,117,2025-04-28,4,no_season,42,2026,2026,52194.96258884188,0.0,0.0,3104.4748900147947,55299.43747885668,62890.60266665736,62890.60266665736,683.4185143285848,160,6824.209529331649,7009.991179929835,6882.1468449422,13892.138024872034,0.5793617205194661,1,2,0,38,18,56,53,9171.240541827552,12593.353760490754,1403.6664993002048,283.5003534622106,578.8390843696682,1250.0,2500.0,8913.55376666125,8309.395577955758,1,1,1013.13515993644,947.8262628846926,0.003390165977180004,0.026091999956406653,0.00024262501392513514,0.029724790947511792,-55.56629943847656
regularized_2026,stability,2,118,2025-04-29,4,no_season,42,2026,2026,49432.54813164038,0.0,0.0,581.316242780317,50013.8643744207,60688.85397173351,60688.85397173351,129.52487834361864,60,16554.09838057322,5020.697566614739,8189.630813777502,13210.32838039224,0.5581533659092495,7,8,0,27,22,49,48,27005.513765880336,30332.342291822715,3613.81569972974,998.8655103512069,550.43034918301,1250.0,2500.0,8309.395577955758,4439.81864815429,1,1,947.8262628846926,1250.0,0.0034491249825805426,0.025676165940240026,0.0002300000051036477,0.029355290927924216,-51.561241149902344
regularized_2026,stability,2,119,2025-04-30,4,no_season,42,2026,2026,52553.27896328406,0.0,0.0,839.5203263058008,53392.79928958985,65537.35386032256,65537.35386032256,246.705200293039,110,13552.9717592413,7398.912639826149,3424.679771785172,10823.59241161132,0.44288142876334036,2,2,0,41,10,51,49,11712.200141884308,11728.520044371231,3355.270351467371,255.2124843837767,450.98301715047165,1250.0,2500.0,4439.81864815429,7849.114048109927,1,1,1250.0,786.7776190948327,0.003581124939955771,0.02570983301848173,0.00023345800582319498,0.029524415964260697,-52.08254623413086
regularized_2026,stability,2,120,2025-05-01,5,no_season,42,2026,2026,44842.861098303234,0.0,0.0,19982.15966669481,64825.020764998044,55215.1074205965,55215.1074205965,4134.807417894715,550,5963.87492923834,9551.581452022878,7176.920342770007,16728.501794792883,0.6927735034619321,2,2,0,56,19,75,46,12703.143687228307,12941.546743323506,3285.602189243232,387.92230272703796,697.02090811637,1250.0,2500.0,7849.114048109927,9345.401552029905,1,1,786.7776190948327,0.0,0.003427457995712757,0.026233125012367964,0.0002417090581730008,0.02990229206625372,-64.27554321289062
regularized_2026,stability,2,121,2025-05-02,5,no_season,42,2026,2026,24356.951870512905,0.0,0.0,4872.550942102341,29229.50281261525,31207.519889616284,31207.519889616284,973.0397416848214,260,23250.182006374194,841.9042822943704,6201.846740700796,7043.751022995166,0.30566754157521975,1,2,0,6,37,43,43,6775.401824174245,7842.421892241986,1193.680718132162,223.49532064329858,293.4896259581319,1082.1048557594013,1198.8464571239729,9345.401552029905,3606.781616564379,1,1,0.0,675.3571672898441,0.0033942089648917317,0.026074833003804088,0.0002507499884814024,0.029719791957177222,-31.49126434326172
regularized_2026,stability,2,122,2025-05-03,5,no_season,42,2026,2026,30106.89345950004,0.0,0.0,1328.1202147375548,31435.01367423759,40387.941927601656,40387.941927601656,207.56923454261684,70,30289.262267476304,3241.089377844207,1802.012133176236,5043.101511020443,0.207260622122844,1,2,0,24,11,35,35,6361.669085873307,8088.9126918339825,990.3543834437882,227.30263310698007,210.12922962585176,1126.2697767597174,1250.0,3606.781616564379,4782.061406115584,1,1,675.3571672898441,820.316709518148,0.0034160829382017255,0.025735375005751848,0.0002506669843569398,0.029402124928310513,-30.986831665039062
regularized_2026,stability,2,123,2025-05-04,5,no_season,42,2026,2026,50916.4712256357,0.0,0.0,2174.312112267884,53090.78333790357,63655.2183021038,63655.2183021038,495.66855206129867,240,12807.991314213366,3830.7376927130194,4222.509486094612,8053.247178807631,0.336878028091587,5,6,0,32,11,43,40,19005.330745296047,22325.647454814196,3090.8497333517926,308.43820589531816,335.5519657836513,1073.4955257702127,2500.0,4782.061406115584,3965.3024684963016,1,1,820.316709518148,1073.4955257702127,0.003478082944639027,0.025940374936908484,0.00023908400908112526,0.029657541890628636,-53.43132019042969
regularized_2026,stability,2,124,2025-05-05,5,no_season,42,2026,2026,51526.43124678488,0.0,0.0,8702.41486925135,60228.84611603622,64212.429921621595,64212.429921621595,1966.2023507822964,370,8429.12312972714,6473.156418542676,3799.6540758659294,10272.810494408606,0.42275676861525435,2,2,0,45,10,55,53,14601.479609075352,14780.434592177495,3591.4042208657193,317.8381020896675,428.0337706003586,1250.0,2500.0,3965.3024684963016,6101.090781610035,1,1,1073.4955257702127,1151.726111945469,0.0035638330737128854,0.025992208044044673,0.00022970803547650576,0.029785749153234065,-59.41653060913086
regularized_2026,stability,2,125,2025-05-06,5,no_season,42,2026,2026,54505.201928930306,0.0,0.0,517.1691190700626,55022.371048000365,66362.76048194862,66362.76048194862,214.99387304512868,130,12832.71349238149,5281.613305725544,4406.654809779959,9688.268115505503,0.40231668126042025,1,2,0,40,12,52,50,10166.556047328617,13580.74247572197,2013.4346806524452,285.0053312471581,403.6778381460626,1202.6336997418396,2500.0,6101.090781610035,6466.64709116632,1,1,1151.726111945469,829.8285287012654,0.003370958031155169,0.02583733294159174,0.0002365410327911377,0.029444832005538046,-54.9014892578125
regularized_2026,stability,2,126,2025-05-07,5,no_season,42,2026,2026,48036.96183955636,0.0,0.0,8020.614994125546,56057.5768336819,59170.55810892944,59170.55810892944,1621.7498113742504,460,10524.094426085216,1288.3485645747264,6087.981020356254,7376.32958493098,0.31831375933388706,9,9,0,8,18,26,25,25331.00844769106,25659.35321423303,3348.8820473658743,1805.98410560736,307.34706603879084,1247.8636783120708,2500.0,6466.64709116632,1271.5863977118242,1,-1,829.8285287012654,0.0,0.003360208938829601,0.026142667047679424,0.00023925001733005047,0.029742126003839076,-58.111175537109375
regularized_2026,stability,2,127,2025-05-08,5,no_season,42,2026,2026,59868.376776874116,0.0,0.0,689.1479883679085,60557.524765242015,74365.0597925602,74365.0597925602,280.90084951904487,60,9875.813167658374,9619.30441043745,675.6693360165698,10294.97374645402,0.40991214369559664,2,3,0,53,2,55,41,14270.526101195752,15429.603051125243,3349.453622299747,358.8898798813141,428.9572394355842,1250.0,2207.548350359415,1271.5863977118242,9685.041815108807,-1,1,0.0,0.0,0.003512541064992547,0.026089583057910204,0.000246166018769145,0.029848290141671896,-57.2884521484375
regularized_2026,stability,2,128,2025-05-09,5,no_season,42,2026,2026,27870.59601005079,0.0,0.0,278.99432415890635,28149.590334209697,35527.961147405884,35527.961147405884,77.86078651911373,40,29344.06689375377,3787.6806815583236,6025.311491387103,9812.992172945427,0.4143560573277522,1,2,0,19,39,58,46,7177.812297920921,8206.9888305692,1250.0,221.16420693624113,408.87467387272613,1250.0,1250.0,9685.041815108807,6927.115241128688,1,1,0.0,1250.0,0.0034319579135626554,0.025797415990382433,0.00024387496523559093,0.02947324886918068,-29.2503662109375
regularized_2026,stability,2,129,2025-05-10,5,no_season,42,2026,2026,29710.97327125938,0.0,0.0,2200.848070761301,31911.821342020678,36943.14634797709,36943.14634797709,616.8663064215084,200,20921.894827297692,8429.31457751961,3912.2420337520357,12341.556611271646,0.505025631189243,1,2,0,42,26,68,39,10411.017592306665,12460.45660067488,1250.0,286.601064040748,514.2315254696518,1250.0,1162.8729653886462,6927.115241128688,10800.0,1,1,1250.0,0.0,0.0035510000307112932,0.026204332942143083,0.0002474159700796008,0.030002748942933977,-30.423309326171875
regularized_2026,stability,2,130,2025-05-11,5,no_season,42,2026,2026,52324.213463577486,0.0,0.0,2671.9229352952593,54996.136398872746,65307.44323559908,65307.44323559908,1222.6563536010522,310,10395.035314116065,6509.8519175073025,5858.866725756567,12368.71864326387,0.5146489822434405,1,2,0,36,22,58,52,14111.899171939658,14111.899171939658,2098.5860908767245,473.71752252269033,515.3632768026613,1250.0,2356.7071950793616,10800.0,10800.0,1,1,0.0,0.0,0.003476042067632079,0.02638295793440193,0.00028000003658235073,0.03013900003861636,-55.02379608154297
regularized_2026,stability,2,131,2025-05-12,5,no_season,42,2026,2026,51665.20262234532,0.0,0.0,2371.464285631616,54036.666907976934,64446.896507675,64446.896507675,1037.4591497458136,300,12995.218989282926,5579.414348045621,5021.472913241059,10600.88726128668,0.4410914337411898,1,2,0,33,22,55,53,13860.555923448484,13860.555923448484,2069.703677248414,388.1854208446116,441.70363588694505,1250.0,2500.0,10800.0,10800.0,1,1,0.0,0.0,0.009411499951966107,0.060878625023178756,0.0002780830254778266,0.07056820800062269,-54.06074142456055
regularized_2026,stability,2,132,2025-05-13,5,no_season,42,2026,2026,50778.749635275824,0.0,0.0,1562.4088045936437,52341.15843986946,63638.47540672169,63638.47540672169,635.5030479630309,280,10411.916750489714,7328.489375283322,6595.640437754988,13924.129813038311,0.5793679558559942,1,2,0,38,22,60,47,13929.65565902522,13929.65565902522,2217.758561235666,518.0079200000009,580.1720755432628,1250.0,2500.0,10800.0,10800.0,1,1,0.0,0.0,0.003853042027913034,0.02851712505798787,0.0002645000349730253,0.03263466712087393,-52.37188720703125
regularized_2026,stability,2,133,2025-05-14,5,no_season,42,2026,2026,51125.61524576163,0.0,0.0,2348.4684680825944,53474.08371384423,63949.364423441264,63949.364423441264,959.5295680448633,310,11237.899181113775,6568.460270390144,5911.614243351127,12480.07451374127,0.5192823793689575,1,2,0,35,21,56,47,12741.977460337284,12741.977460337284,2289.400354046421,350.86476000000073,520.0031047392196,1250.0,2500.0,10800.0,10800.0,1,1,0.0,0.0,0.0038696249248459935,0.02810604206752032,0.00026041700039058924,0.0322360839927569,-53.50169372558594
regularized_2026,stability,2,134,2025-05-15,5,no_season,42,2026,2026,44937.824089812944,0.0,0.0,4196.137725765209,49133.96181557815,57321.089093126284,57321.089093126284,1301.1369941608561,450,5188.138997522232,6690.288064315662,6021.25925788409,12711.54732219975,0.528913712146914,1,2,0,40,20,60,43,14396.547854747445,14396.547854747445,2048.3739218353558,453.88966720625547,529.6478050916563,1250.0,2500.0,10800.0,10800.0,1,1,0.0,0.0,0.0038698340067639947,0.02837837499100715,0.00028629100415855646,0.0325345000019297,-49.16236114501953
regularized_2026,stability,2,135,2025-05-16,5,no_season,42,2026,2026,23801.9485432257,0.0,0.0,3789.658173126193,27591.606716351893,30099.923073763042,30099.923073763042,1049.6432626071778,270,27784.78815493807,6492.716480988214,5843.444832889397,12336.16131387761,0.5132943070409022,1,2,0,32,43,75,46,8095.990250431186,8910.961927756945,1250.0,258.0581162734839,514.0067214115671,1250.0,1250.0,10800.0,10800.0,1,1,0.0,0.0,0.003808500012382865,0.028330625034868717,0.000268207979388535,0.03240733302664012,-27.618160247802734
regularized_2026,stability,2,136,2025-05-17,5,no_season,42,2026,2026,26559.373230872592,0.0,0.0,2556.580610220845,29115.953841093433,32577.902975562512,32577.902975562512,568.6864688728733,190,22011.569215669926,6862.211454321216,6175.9903088890915,13038.201763210309,0.5425054495337885,1,2,0,34,41,75,46,8809.354467046844,9936.042212245145,1250.0,292.6352104392102,543.2584068004295,1250.0,1250.0,10800.0,10800.0,1,1,0.0,0.0,0.0037915840512141585,0.02809295803308487,0.0002680830657482147,0.03215262515004724,-29.144115447998047
regularized_2026,stability,2,137,2025-05-18,5,no_season,42,2026,2026,51603.72298091976,0.0,0.0,3126.270533488713,54729.99351440848,64268.23926918363,64268.23926918363,1397.9404049700308,320,11218.897715087502,7711.1385906616,6940.024731595434,14651.163322257034,0.6096190324927862,1,2,0,40,22,62,46,13840.630297930886,13840.630297930886,2372.0786124135084,508.65131,610.4651384273764,1250.0,2500.0,10800.0,10800.0,1,1,0.0,0.0,0.004035750054754317,0.0275626250077039,0.0002689590910449624,0.03186733415350318,-54.76216125488281
regularized_2026,stability,2,138,2025-05-19,5,no_season,42,2026,2026,50565.84427820284,0.0,0.0,1918.3304371772592,52484.17471538011,62415.66559255986,62415.66559255986,885.5783570804653,340,15144.649851826809,6413.7754781351305,5772.397930321615,12186.173408456745,0.5070534727960622,1,2,0,33,21,54,45,12996.50377126952,12996.50377126952,2379.597355941946,485.3416697531357,507.7572253523643,1250.0,2455.7318984196913,10800.0,10800.0,1,1,0.0,0.0,0.0037322090938687325,0.027208457933738828,0.00025408295914530754,0.031194749986752868,-52.51124572753906
regularized_2026,stability,2,139,2025-05-20,5,no_season,42,2026,2026,44027.48648254719,0.0,0.0,5838.747906280993,49866.234388828176,56075.06368654524,56075.06368654524,1672.5922416765588,600,2559.3600930247776,6609.010185303498,5948.109166773144,12557.119352076641,0.5224881316202632,1,2,0,44,21,65,49,14445.36090206984,14445.36090206984,2292.7738564713395,483.55606813556284,523.2133063365268,1250.0,2396.074329339057,10800.0,10800.0,1,1,0.0,0.0,0.0038349999813362956,0.0274585000006482,0.00025925005320459604,0.03155275003518909,-49.89433670043945
regularized_2026,stability,2,140,2025-05-21,5,no_season,42,2026,2026,51240.10776548621,0.0,0.0,1786.30765689853,53026.415422384736,63912.09379587915,63912.09379587915,814.0189450689563,290,12798.459608475405,5650.378491393657,5085.34064225429,10735.719133647948,0.4467016418707517,1,2,0,31,22,53,43,12711.885404749502,12711.885404749502,2201.4975485984623,402.6326637444683,447.32163056866443,1250.0,2275.346774667354,10800.0,10800.0,1,1,0.0,0.0,0.0036876669619232416,0.027597874985076487,0.00025941699277609587,0.031544958939775825,-53.05052947998047
regularized_2026,stability,2,141,2025-05-22,5,no_season,42,2026,2026,45288.70174805084,0.0,0.0,4460.191344282743,49748.89309233357,57325.964680889505,57325.964680889505,1367.3991237548535,500,7176.985601914415,6997.473860632768,6297.726474569487,13295.200335202255,0.5531988816772795,1,2,0,35,22,57,34,12204.993054133607,12204.993054133607,2109.8513357606084,437.64902000000006,553.9666806334274,1250.0,2500.0,10800.0,10800.0,1,1,0.0,0.0,0.003667582990601659,0.02736729197204113,0.0002572080120444298,0.03129208297468722,-49.77802276611328
regularized_2026,stability,2,142,2025-05-23,5,no_season,42,2026,2026,24821.62170056013,0.0,0.0,1436.917627872037,26258.53932843216,31299.198856916355,31299.198856916355,325.28247353510136,140,24539.289512556763,6642.429345613567,5978.1864110522065,12620.615756665775,0.5251301482220161,1,2,0,32,42,74,45,8400.215941645733,9173.314782569096,1250.0,273.6931403780418,525.858989861074,1250.0,1211.013830822009,10800.0,10800.0,1,1,0.0,0.0,0.0036295419558882713,0.027443666011095047,0.000278332969173789,0.03135154093615711,-26.285715103149414
regularized_2026,stability,2,143,2025-05-24,5,no_season,42,2026,2026,27987.813747919714,0.0,0.0,29.682382225661886,28017.496130145377,30902.642749535724,30902.642749535724,13.652705795066282,30,31628.48761023656,7739.244602549277,12205.938140788381,19945.182743337657,0.8420116914709794,6,7,0,38,53,91,66,28501.36976836231,29615.438890080426,4604.785340321563,602.2905300000006,831.0492809724024,1250.0,3455.7649,10800.0,5275.903592628661,1,-1,0.0,0.0,0.00400120799895376,0.026549041969701648,0.0002523750299587846,0.030802624998614192,-30.225706100463867
regularized_2026,stability,2,144,2025-05-25,5,no_season,42,2026,2026,47475.880993980754,0.0,0.0,1584.9164134456473,49060.797407426406,60476.82064349635,60476.82064349635,638.6045561745794,220,12087.632804192497,10727.953680785824,10245.17146864073,20973.125149426553,0.8740328930213914,3,4,0,42,31,73,70,25383.86511631554,27767.7541555649,4449.3276249200535,578.8740200000002,873.8802145594397,2500.0,3750.0,5275.903592628661,4653.97511855735,-1,-1,0.0,0.0,0.0037102500209584832,0.0259925409918651,0.00024329195730388165,0.029946082970127463,-49.35191345214844
regularized_2026,stability,2,145,2025-05-26,5,no_season,42,2026,2026,47351.10693242134,0.0,0.0,1213.206456202291,48564.31338862363,60595.981118749136,60595.981118749136,534.9920340957682,190,6980.948233681988,11272.045487751664,11701.853518588754,22973.899006340416,0.9595182476622631,3,4,0,43,30,73,69,26126.543737465916,28626.543737465916,4641.381453091178,697.0192599999997,957.2457919308506,2500.0,3750.0,4653.97511855735,3012.7397528543484,-1,-1,0.0,0.0,0.003517374978400767,0.026457125088199973,0.00024666707031428814,0.030221167136915028,-49.258544921875
regularized_2026,stability,2,146,2025-05-27,5,no_season,42,2026,2026,48736.21036207446,0.0,0.0,1334.0351811915268,50070.245543265984,63342.613740257315,63342.613740257315,583.4209544287094,150,11575.484064790358,13177.909472059284,10217.726142163627,23395.635614222912,0.969670485766325,3,4,0,48,30,78,62,24186.41115487738,26486.45901047987,4793.752851647694,767.5890702906581,974.8181505926215,2500.0,3714.097321148678,3012.7397528543484,4743.97333319116,-1,-1,0.0,0.0,0.0034678750671446323,0.02632741699926555,0.00023395800963044167,0.030029250076040626,-49.44495391845703
regularized_2026,stability,2,147,2025-05-28,5,no_season,42,2026,2026,47663.638769598714,0.0,0.0,1296.0500622275752,48959.688831826286,60777.70653011899,60777.70653011899,559.2683549730438,230,9122.415546389988,10972.511064986338,11031.775826284294,22004.286891270633,0.9182479472572967,3,4,0,43,31,74,66,26646.16671210891,29126.624448231123,4527.466859802122,685.4033300000002,916.8452871362764,2500.0,3689.95667414701,4743.97333319116,3524.8985690700183,-1,-1,0.0,0.0,0.003506292006932199,0.02622687502298504,0.00025245791766792536,0.029985624947585166,-49.48685073852539
regularized_2026,stability,2,148,2025-05-29,5,no_season,42,2026,2026,48578.79481538841,0.0,0.0,3213.496853913225,51792.29166930163,64796.90931601014,64796.90931601014,961.0713848582687,310,3229.014430387966,15170.75551333767,6751.912742857223,21922.66825619489,0.89622430490385,2,3,0,67,22,89,78,21760.072921640356,23978.70783715966,2341.2649848592305,605.9122400000002,913.4445106747872,2500.0,2500.0,3524.8985690700183,10800.0,-1,1,0.0,0.0,0.0035964999115094543,0.026116291992366314,0.00024808302987366915,0.029960874933749437,-48.99372100830078
regularized_2026,stability,2,149,2025-05-30,5,no_season,42,2026,2026,31784.26819663979,0.0,0.0,93.25173824999028,31877.51993488978,37957.65118613151,37957.65118613151,42.823767157054135,20,30666.84052745535,7374.011591665396,6636.610432498854,14010.62202416425,0.5829668030536538,1,2,0,39,43,82,61,10870.355428957047,11811.798244233338,1248.436859962417,309.4336649965201,583.7759176735103,1250.0,1250.0,10800.0,10800.0,1,1,0.0,0.0,0.0036951249931007624,0.026557874982245266,0.00023850006982684135,0.03049150004517287,-31.908004760742188
regularized_2026,stability,2,150,2025-05-31,5,no_season,42,2026,2026,29911.730557295785,0.0,0.0,258.96556141892984,30170.696118714717,32896.113082722135,32896.113082722135,119.48495291976553,60,27584.51997833029,8328.741763270715,11286.845255959104,19615.587019229817,0.8249465725065148,6,7,0,41,52,93,68,29495.308944320794,30559.87951598607,4380.7429,448.7280112531455,817.3161258012423,1250.0,3750.0,10800.0,6803.9586690250635,1,-1,0.0,-3750.0,0.003471708041615784,0.026437832973897457,0.0002458749804645777,0.03015541599597782,-31.780376434326172
regularized_2026,stability,2,151,2025-06-01,6,no_season,42,2026,2026,46828.284627417015,0.0,0.0,25585.0909419717,72413.3755693887,59098.862159294884,59098.862159294884,8201.892951490441,710,714.460767334895,6120.7126491881445,10759.244605737711,16879.957254925856,0.7144940617272976,10,11,0,44,31,75,76,34954.935047715626,40377.40932521905,4413.075636589797,1329.2580153312397,703.3315522885773,2120.62490837487,3750.0,6803.9586690250635,1269.3369124725361,-1,1,-3750.0,438.52513867390303,0.0034412500681355596,0.026415708009153605,0.00025629193987697363,0.030113250017166138,-74.6219253540039
regularized_2026,stability,2,152,2025-06-02,6,no_season,42,2026,2026,53168.29020212219,0.0,0.0,21217.067187742665,74385.35738986486,68990.80803879167,68990.80803879167,6516.225394201811,560,5824.546468101792,11074.582856927613,10032.903342035934,21107.486198963546,0.8784116871233364,3,3,0,51,25,76,70,25236.241832969477,26401.27110786919,4350.037769746941,653.7380611246605,879.478591623481,2500.0,3750.0,1269.3369124725361,1200.0,1,-1,438.52513867390303,0.0,0.0035858750343322754,0.02626766706816852,0.0002487919991835952,0.03010233410168439,-74.46014404296875
regularized_2026,stability,2,153,2025-06-03,6,no_season,42,2026,2026,53150.64626274978,0.0,0.0,12161.636726811299,65312.28298956108,69450.12264344942,69450.12264344942,4106.465060998272,360,4246.258459304854,11179.62411809502,10061.661706285522,21241.28582438054,0.8838268899432878,3,4,0,51,26,77,76,27789.567912804552,29616.684104095264,4452.758852070703,743.1469836971364,885.0535760158558,2415.9621894012216,3750.0,1200.0,1200.0,-1,-1,0.0,0.0,0.003622833057306707,0.02607533393893391,0.00024041603319346905,0.029938583029434085,-65.36088562011719
regularized_2026,stability,2,154,2025-06-04,6,no_season,42,2026,2026,54120.85388015665,0.0,0.0,10262.0092255868,64382.863105743454,70149.23583958876,70149.23583958876,3382.558349698937,410,2690.9926740281135,11955.406985929161,10759.866287336241,22715.273273265404,0.945157910745619,3,4,0,51,29,80,79,27022.65451873333,28912.341095708245,4647.529116436721,461.32530569912836,946.4697197193917,2500.0,3750.0,1200.0,1200.0,-1,-1,0.0,0.0,0.0037013330729678273,0.026434207917191088,0.0002536249812692404,0.030389165971428156,-64.43427276611328
regularized_2026,stability,2,155,2025-06-05,6,no_season,42,2026,2026,58740.260259476665,0.0,0.0,10551.003638748018,69291.26389822469,76209.48797212238,76209.48797212238,3284.864862109813,440,1904.781680921469,14000.151696812656,7559.898560168594,21560.050256981252,0.8854392858997142,2,3,0,68,21,89,87,21840.261311815277,23809.585153608055,2377.0779286702254,538.5707475578532,898.3354273742187,2375.385930728353,2500.0,1200.0,6512.877308286315,-1,1,0.0,0.0,0.0037020420422777534,0.02620787499472499,0.00023624999448657036,0.030146167031489313,-67.25991821289062
regularized_2026,stability,2,156,2025-06-06,6,no_season,42,2026,2026,34202.10504643145,0.0,0.0,4442.916592520071,38645.02163895152,42217.262228027015,42217.262228027015,1541.6861133555346,310,13369.209456012402,4185.806865767544,4651.063380397394,8836.870246164937,0.3697356807099225,1,2,0,42,25,67,55,8786.854429338764,10036.854429338764,960.2829897256762,295.5146506205056,368.2029269235391,1205.7882271945398,1250.0,6512.877308286315,5581.231096085849,1,1,0.0,0.0,0.003382166032679379,0.026421000016853213,0.00024641596246510744,0.0300495820119977,-39.02943420410156
regularized_2026,stability,2,157,2025-06-07,6,no_season,42,2026,2026,32442.090485187546,0.0,0.0,10226.800498172754,42668.89098336031,40762.31424393802,40762.31424393802,2635.31402571954,420,6355.16958371292,9649.866237492222,3733.920718214248,13383.78695570647,0.5454402063311119,1,2,0,54,18,72,50,14246.708040454243,15366.222609454982,1370.3833896867163,507.95637824883624,557.6577898211029,1250.0,2287.2902526373164,5581.231096085849,10800.0,1,1,0.0,0.0,0.0035117920488119125,0.026232957956381142,0.0002483749995008111,0.029993125004693866,-40.656288146972656
regularized_2026,stability,2,158,2025-06-08,6,no_season,42,2026,2026,62654.80149625214,0.0,0.0,1503.1726239599766,64157.97412021212,77968.5230965848,77968.5230965848,652.4050906323731,310,12904.729340146889,5312.755804036096,4781.480223632485,10094.236027668581,0.420010224825831,1,2,0,27,17,44,33,9518.921788607931,9518.921788607931,2352.9748417517926,440.3226617965962,420.59316781952424,1250.0,2500.0,10800.0,10800.0,1,1,0.0,0.0,0.0035486670676618814,0.02601320797111839,0.00023558305110782385,0.029797458089888096,-64.18016815185547
regularized_2026,stability,2,159,2025-06-09,6,no_season,42,2026,2026,59050.7499424086,0.0,0.0,4207.356499436354,63258.10644184496,74240.77649536608,74240.77649536608,1323.8215294781419,350,4735.236166227791,6774.055283682389,6877.406158399286,13651.461442081676,0.5698273219126591,1,2,0,34,22,56,36,10479.314259409492,10479.314259409492,2315.977782765633,315.6514000000005,568.8108934200698,1250.0,2500.0,10800.0,9977.010489496812,1,1,0.0,1031.9698790624939,0.003634084016084671,0.027138042030856013,0.00024341593962162733,0.03101554198656231,-63.609710693359375
regularized_2026,stability,2,160,2025-06-10,6,no_season,42,2026,2026,61074.76549978224,0.0,0.0,2005.2917469469742,63080.05724672921,76866.02891103845,76866.02891103845,809.7739027042276,250,5654.398447296699,7027.6390673664955,6624.678934253861,13652.318001620355,0.5687511892137875,2,2,0,34,22,56,46,14698.677791806633,15971.704521349637,2266.6652601127225,494.4561423837081,568.8465834008481,2471.707947347017,2450.417223837085,9977.010489496812,9660.989564241672,1,1,1031.9698790624939,1211.3822866327473,0.003526209038682282,0.0261212500045076,0.00024087494239211082,0.029888333985581994,-63.23434066772461
regularized_2026,stability,2,161,2025-06-11,6,no_season,42,2026,2026,60679.47717500523,0.0,0.0,7289.264613857353,67968.74178886258,77897.54789512014,77897.54789512014,1716.0272918190235,380,4446.458761191349,7337.182467478926,8254.512358397787,15591.694825876712,0.6525701029372788,2,2,0,34,22,56,38,12685.552199010384,13974.169912377638,2500.0,293.33294928678697,649.6539510781963,2500.0,2500.0,9660.989564241672,7920.632017039602,1,1,1211.3822866327473,1250.0,0.0034169580321758986,0.026134542073123157,0.0002429590094834566,0.029794459114782512,-68.68396759033203
regularized_2026,stability,2,162,2025-06-12,6,no_season,42,2026,2026,64813.605835892755,0.0,0.0,2853.762437101017,67667.36827299377,82622.6868951561,82622.6868951561,790.368941196542,190,7189.382950651093,10396.731379922876,6625.449927554658,17022.181307477535,0.7019601185808585,2,2,0,46,22,68,52,15499.939827347724,16749.939827347724,2500.0,420.4467296541915,709.2575544782305,2500.0,2500.0,7920.632017039602,10800.0,1,1,1250.0,0.0,0.0034365829778835177,0.02600337495096028,0.00024149997625499964,0.029681457905098796,-66.57792663574219
regularized_2026,stability,2,163,2025-06-13,6,no_season,42,2026,2026,32881.81759810856,0.0,0.0,1492.1024845303682,34373.92008263893,40211.70598581067,40211.70598581067,337.047869877715,210,11435.028823816283,7684.113318721003,6915.701986848899,14599.8153055699,0.6074824971498431,1,2,0,38,27,65,32,9656.935073727615,10115.026239743784,2144.1579677096033,259.9640880940053,608.3256377320793,1250.0,2478.1310611380723,10800.0,10800.0,1,1,0.0,0.0,0.003417417057789862,0.025808874983340502,0.0003607079852372408,0.029587000026367605,-34.405242919921875
regularized_2026,stability,2,164,2025-06-14,6,no_season,42,2026,2026,40004.076916442726,0.0,0.0,67.52871352798012,40071.60562997071,47061.98609570043,47061.98609570043,30.90349834627432,30,20000.669031209953,8988.778128367467,8089.900315530715,17078.67844389818,0.7106253066886642,1,2,0,45,22,67,38,8736.218450132816,11161.538116217358,2068.9445792489,262.21606644872486,711.6116018290909,1250.0,2494.7637914243955,10800.0,10800.0,1,1,0.0,0.0,0.0036357499193400145,0.02635283302515745,0.00024145806673914194,0.030230041011236608,-40.108097076416016
regularized_2026,stability,2,165,2025-06-15,6,no_season,42,2026,2026,60375.08217599086,0.0,0.0,1258.945979661402,61634.02815565227,76253.88069566315,76253.88069566315,442.5506471016301,210,6902.33270013293,6411.889409415715,7244.765100117212,13656.654509532927,0.5716460556145441,1,2,0,32,22,54,38,10184.074824966818,10184.074824966818,2342.057641572713,309.99550544049856,569.0272712305386,1250.0,2494.1239497629167,10800.0,9246.199448570262,1,1,0.0,1250.0,0.003729499992914498,0.026328167063184083,0.00024145795032382011,0.0302991250064224,-62.271610260009766
regularized_2026,stability,2,166,2025-06-16,6,no_season,42,2026,2026,61201.2636173921,0.0,0.0,3877.9904706344723,65079.25408802657,77368.3548209198,77368.3548209198,1296.7191760122992,400,5855.025450711053,7521.891425429995,7405.895695875604,14927.7871213056,0.6225996778856806,2,2,0,35,22,57,45,14563.785486209525,15727.994540002715,2500.0,404.0792841188843,621.9911300544001,2414.209053793191,2500.0,9246.199448570262,8575.592709423532,1,1,1250.0,1250.0,0.003376959008164704,0.02645700005814433,0.00023558293469250202,0.030069542001001537,-65.37481689453125
regularized_2026,stability,2,167,2025-06-17,6,no_season,42,2026,2026,62302.675374798055,0.0,0.0,4586.69676611402,66889.37214091208,79256.45059164031,79256.45059164031,1352.449535060648,250,4375.514527016736,8093.3805759520765,6497.006192934518,14590.386768886596,0.605270867686236,2,2,0,37,22,59,52,14445.26565877231,15695.26565877231,2321.99367796873,377.394545421652,607.9327820369414,2500.0,2466.1276772000697,8575.592709423532,9405.201839298226,1,1,1250.0,1250.0,0.0033667079405859113,0.02627254102844745,0.00024320906959474087,0.0298824580386281,-66.59709930419922
regularized_2026,stability,2,168,2025-06-18,6,no_season,42,2026,2026,62749.92398336912,0.0,0.0,947.9138460588993,63697.837829428005,79467.93136708607,79467.93136708607,429.3764776220107,170,7668.065863911003,7634.824988915869,6333.97390811879,13968.798897034658,0.5799844033514306,2,2,0,36,22,58,49,12787.418762679452,14037.418762679452,2167.4255800729384,378.4470519344036,582.0332873764442,2500.0,2493.1428999825353,9405.201839298226,9971.638059910256,1,1,1250.0,1155.0235292844802,0.0035514170303940773,0.026417499990202487,0.0002499589463695884,0.030218875966966152,-63.506988525390625
regularized_2026,stability,2,169,2025-06-19,6,no_season,42,2026,2026,62152.724998158636,0.0,0.0,1550.3842405771613,63703.1092387358,77615.46671638293,77615.46671638293,659.2178126636427,240,8645.079324782928,8448.918103181732,7078.81709891809,15527.735202099822,0.6448781617441948,2,2,0,44,22,66,54,16914.00476447439,17993.543468489126,2410.6827303767595,550.0575510539496,646.9889667541592,2372.336069131236,2500.0,9971.638059910256,10525.257160219851,1,1,1155.0235292844802,953.7417416490118,0.003377750050276518,0.0260486250044778,0.00024408299941569567,0.029670458054170012,-63.52118682861328
regularized_2026,stability,2,170,2025-06-20,6,no_season,42,2026,2026,31469.913925725225,0.0,0.0,649.8502859956913,32119.76421172091,38540.50764332297,38540.50764332297,165.44035001123325,130,15282.081402420861,7626.417975549465,6603.132234636127,14229.550210185591,0.5914736614554931,1,2,0,37,29,66,31,10728.858545350968,12523.229169043023,1601.2406647883586,459.8786359852042,592.8979254243997,1250.0,2500.0,10525.257160219851,10800.0,1,1,953.7417416490118,0.0,0.0035890830913558602,0.026408958015963435,0.00023466593120247126,0.030232707038521767,-32.043296813964844
regularized_2026,stability,2,171,2025-06-21,6,no_season,42,2026,2026,31354.421623183567,0.0,0.0,386.0105886565743,31740.432211840136,40202.503650162886,40202.503650162886,106.71568763901385,100,20355.58030569146,6188.986321104364,5570.087688993926,11759.074010098291,0.48928232955790024,1,2,0,31,35,66,39,8800.74558555011,8800.74558555011,1250.0,260.3752676261531,489.96141708742874,1250.0,1250.0,10800.0,10800.0,1,1,0.0,0.0,0.003754999954253435,0.02658966602757573,0.00025387504138052464,0.03059854102320969,-31.765811920166016
regularized_2026,stability,2,172,2025-06-22,6,no_season,42,2026,2026,61795.207995818695,0.0,0.0,4623.968363880786,66419.17635969949,75611.73264928942,75611.73264928942,1466.8968487038883,380,8962.387830709087,6589.005672842093,5930.105105557878,12519.110778399972,0.5209066360487816,1,2,0,33,22,55,37,11079.079687031648,11079.079687031648,2249.5530962101598,366.7207952777565,521.6296157666654,1250.0,2254.0271464642865,10800.0,10800.0,1,1,0.0,0.0,0.0034599161008372903,0.025962332962080836,0.00024779094383120537,0.029670040006749332,-66.446533203125
regularized_2026,stability,2,173,2025-06-23,6,no_season,42,2026,2026,62004.188216431794,0.0,0.0,1330.21631910312,63334.40453553491,76513.05629152126,76513.05629152126,534.0266776242476,220,9239.030845891404,7467.661232540976,6720.895109286872,14188.556341827847,0.5903704572342446,1,2,0,40,22,62,50,15825.97007456988,15825.97007456988,2099.058679817618,545.6570350856573,591.1898475761603,1250.0,2500.0,10800.0,10800.0,1,1,0.0,0.0,0.003701582900248468,0.026235291035845876,0.00023150001652538776,0.03016837395261973,-63.36604690551758
regularized_2026,stability,2,174,2025-06-24,6,no_season,42,2026,2026,62415.620434221506,0.0,0.0,10944.422754630325,73360.04318885182,76835.95066368775,76835.95066368775,2968.4232904098008,530,2797.099201302503,9129.73103323395,8391.248530438912,17520.97956367286,0.729432330687434,1,2,0,49,22,71,59,15398.60955121899,15398.60955121899,2310.813400626152,429.39076000000034,730.040815153036,1250.0,2500.0,10800.0,10616.070757346599,1,1,0.0,404.1203802472585,0.003490875009447336,0.02622958307620138,0.0002525000600144267,0.029972958145663142,-73.47025299072266
regularized_2026,stability,2,175,2025-06-25,6,no_season,42,2026,2026,65170.1493919449,0.0,0.0,3024.4235657609993,68194.5729577059,79560.66821279496,79560.66821279496,1098.4140850934164,260,9265.536605481735,7816.337252116065,6860.212926376091,14676.550178492154,0.6102719984738213,2,2,0,40,22,62,43,12608.19487390183,13141.288499953713,2051.923584236778,367.4320347450928,611.5229241038398,1250.0,2414.527959572106,10616.070757346599,10800.0,1,1,404.1203802472585,0.0,0.003459916915744543,0.02624320797622204,0.00023733300622552633,0.029940457898192108,-68.15467071533203
regularized_2026,stability,2,176,2025-06-26,6,no_season,42,2026,2026,62299.18173326524,0.0,0.0,1083.2619610612953,63382.443694326554,76045.06349729424,76045.06349729424,458.639527632669,230,8120.14203275567,8361.771588378931,7525.594429541033,15887.366017919965,0.6610560873340338,1,2,0,44,22,66,50,14156.183144636663,14156.183144636663,2299.1163630384212,433.6313334426489,661.9735840799985,1250.0,2432.800365337491,10800.0,10800.0,1,1,0.0,0.0,0.003572709043510258,0.026303041959181428,0.00024966592900455,0.030125416931696236,-63.417144775390625
regularized_2026,stability,2,177,2025-06-27,6,no_season,42,2026,2026,29644.265735082892,0.0,0.0,820.5302322730495,30464.79596735594,38181.23944537436,38181.23944537436,177.22103506779587,90,18025.562239149964,5612.52374625533,5051.2713716297985,10663.795117885127,0.4437089614986943,1,2,0,27,33,60,37,7570.608735179,7570.608735179,1250.0,248.99983157142447,444.324796578547,1250.0,1250.0,10800.0,10800.0,1,1,0.0,0.0,0.003443750087171793,0.02615824993699789,0.00024037505500018597,0.02984237507916987,-30.48773956298828
regularized_2026,stability,2,178,2025-06-28,6,no_season,42,2026,2026,29873.221677366186,0.0,0.0,1964.9856530319773,31838.20733039817,38881.36090619668,38881.36090619668,454.6528880740965,170,17045.584184026102,5135.034935780037,4621.531442202035,9756.566377982072,0.40596015654003453,3,4,0,26,36,62,43,12314.128677151177,12314.128677151177,1482.1179702233997,464.7301713623477,406.52359908258626,1250.0,1250.0,10800.0,10800.0,1,1,0.0,0.0,0.0035891670268028975,0.026226458023302257,0.0002404589904472232,0.030056084040552378,-31.86038589477539
regularized_2026,stability,2,179,2025-06-29,6,no_season,42,2026,2026,62040.737886700656,0.0,0.0,1813.3028263238668,63854.04071302453,76394.52765445055,76394.52765445055,813.3594996261925,270,7061.1812454601995,8789.373752832023,7910.436377548818,16699.810130380843,0.6948610066362753,1,2,0,47,22,69,54,13553.66711492436,13553.66711492436,2195.7994144061327,339.7983682217682,695.8254220992017,1250.0,2500.0,10800.0,10800.0,1,1,0.0,0.0,0.003450166084803641,0.026180375018157065,0.00024750002194195986,0.029878041124902666,-63.89025115966797
regularized_2026,stability,2,180,2025-06-30,6,no_season,42,2026,2026,61907.22014540314,0.0,0.0,2769.610336647268,64676.830482050405,76246.89474578999,76246.89474578999,976.068972108872,250,6459.449917886335,8858.298166791965,7972.468350112758,16830.766516904725,0.7003099599989181,1,2,0,48,22,70,57,13699.6748697879,13699.6748697879,2199.174857183755,335.0654702917687,701.2819382043634,1250.0,2500.0,10800.0,10800.0,1,1,0.0,0.0,0.003429249976761639,0.0260470409411937,0.00024624995421618223,0.02972254087217152,-64.71332550048828
regularized_2026,stability,2,181,2025-07-01,7,no_season,42,2026,2026,63132.17993698382,0.0,0.0,8800.684986381711,71932.86492336553,78032.05241048554,78032.05241048554,3959.444667161876,360,5710.593943938192,4933.802899480963,7519.44379910507,12453.246698586034,0.5252835883699163,1,2,0,46,22,68,69,17647.56772265446,17647.56772265446,2488.697426335783,392.53002091441175,518.8852791077513,1250.0,2500.0,10800.0,7554.4266923435825,1,1,0.0,376.82366460056596,0.0035076249623671174,0.02615404105745256,0.00024491699878126383,0.02990658301860094,-73.2316665649414
regularized_2026,stability,2,182,2025-07-02,7,no_season,42,2026,2026,61586.493022138544,0.0,0.0,7101.402492111761,68687.89551425031,77870.5922473692,77870.5922473692,3216.7167709165956,300,7841.67565607903,7346.6870914893025,7005.820095949188,14352.50718743849,0.5981025888843949,2,2,0,57,22,79,76,19009.291963131174,20439.717545949443,2500.0,528.4711966467573,598.0211328099371,2008.1748165476918,2500.0,7554.4266923435825,7139.323238516518,1,1,376.82366460056596,59.117907327481134,0.003506917040795088,0.026242709020152688,0.0002424169797450304,0.029992043040692806,-68.88325500488281
regularized_2026,stability,2,183,2025-07-03,7,no_season,42,2026,2026,57654.70813352182,0.0,0.0,21245.79814004341,78900.50627356523,73205.08803683193,73205.08803683193,6263.8820349881735,670,479.75635240070756,7176.449180615322,7947.654394529252,15124.103575144572,0.6327391996310147,2,2,0,52,22,74,72,19499.7128655653,21145.957145387416,2500.0,507.9143286298909,630.1709822976904,1875.219449149777,2500.0,7139.323238516518,5569.937401288266,1,1,59.117907327481134,0.0,0.0035489590372890234,0.025836042012088,0.00024370790924876928,0.029628708958625793,-79.54931640625
regularized_2026,stability,2,184,2025-07-04,7,no_season,42,2026,2026,30746.092320210082,0.0,0.0,23853.00716367988,54599.099483889964,41000.799444278295,41000.799444278295,5719.068041672717,700,12576.206861004532,10546.762754209074,5283.96959592926,15830.732350138333,0.6489721115343638,2,2,0,62,26,88,40,11644.531423278328,12553.121958503089,1885.0221095192646,335.6990550036299,659.6138479224305,1250.0,1250.0,5569.937401288266,10005.682071302293,1,1,0.0,0.0,0.0033391249598935246,0.026347958017140627,0.00024145795032382011,0.02992854092735797,-52.89728927612305
regularized_2026,stability,2,185,2025-07-05,7,no_season,42,2026,2026,26163.51800130769,0.0,0.0,25186.769223438056,51350.28722474575,36692.33128029569,36692.33128029569,6007.491883737253,780,21043.94463203682,342.0329486627928,7476.234383333334,7818.267331996127,0.3418801640268862,1,1,0,4,11,15,16,11752.16642323673,12209.423359270673,4365.7393,294.27190000000104,325.7611388331719,752.3893776741897,4640.7807,10005.682071302293,2449.5200262157455,1,-1,0.0,0.0,0.0034549999982118607,0.026323416968807578,0.0002347499830648303,0.03001316695008427,-54.325782775878906
regularized_2026,stability,2,186,2025-07-06,7,no_season,42,2026,2026,55388.98914246273,0.0,0.0,34874.98308100875,90263.97222347149,71589.34199516036,71589.34199516036,9156.386439609121,600,912.3213442307912,12248.2431998921,12208.817659353404,24457.060859245506,1.0203719806088571,3,4,0,66,27,93,84,36286.76953454398,38360.36314682227,4808.392942002525,708.7872313406351,1019.0442024685625,2188.752047012861,4999.59,2449.5200262157455,1200.0,-1,-1,0.0,0.0,0.003541208920069039,0.02631741703953594,0.00024245900567620993,0.03010108496528119,-90.80979919433594
regularized_2026,stability,2,187,2025-07-07,7,no_season,42,2026,2026,65111.03089882778,0.0,0.0,11682.68946600859,76793.72036483636,84574.3276919756,84574.3276919756,2665.425012927313,330,6153.141835799587,17248.712063754112,9571.583961317458,26820.29602507157,1.102204184397194,7,8,0,76,25,101,76,45379.89435271032,47615.9143357271,5634.591269538652,1794.6920833362587,1117.5123343779824,2483.3076947202153,4755.639,1200.0,7474.22966999921,-1,-1,0.0,-4593.08666519691,0.0035126250004395843,0.0256201250012964,0.00023520796094089746,0.029367957962676883,-74.40164947509766
regularized_2026,stability,2,188,2025-07-08,7,no_season,42,2026,2026,70635.98789800509,0.0,0.0,1080.7091018930253,71716.69699989811,88663.17978538366,88663.17978538366,421.35679447613927,160,11362.133647819262,12566.326759441516,10415.310844067644,22981.63760350916,0.954173579853983,3,4,0,58,25,83,59,22927.85923791308,30020.94590310999,4501.890166996906,663.5083381715143,957.5682334795482,2500.0,4633.411335440067,7474.22966999921,8416.992382558414,-1,-1,-4593.08666519691,-4429.015652326909,0.0036340419901534915,0.026103958021849394,0.00023962499108165503,0.02997762500308454,-71.39988708496094
regularized_2026,stability,2,189,2025-07-09,7,no_season,42,2026,2026,70802.12984579185,0.0,0.0,754.8818740500556,71557.01171984192,87646.35959084738,87646.35959084738,320.8399768106301,120,12757.47531943607,10394.92284271931,9243.923611164038,19638.846453883347,0.8168933636683581,5,6,0,45,25,70,41,29645.567346223954,36574.58299855086,6077.203921040144,935.6780956852112,818.2852689118062,2500.0,4877.57,8416.992382558414,8534.53102534097,-1,-1,-4429.015652326909,-4491.3,0.0034137499751523137,0.026637625065632164,0.00024287495762109756,0.030294249998405576,-71.55790710449219
regularized_2026,stability,2,190,2025-07-10,7,no_season,42,2026,2026,63828.72438872773,0.0,0.0,2772.9810594502133,66601.70544817793,77954.26194676556,77954.26194676556,831.3899099512582,220,10848.928963358103,9673.629488642258,14590.529978616863,24264.159467259124,1.0232074886612315,3,4,0,44,33,77,53,29211.699347271417,36202.99934727142,4597.327380075871,1242.5751820038568,1011.00664446913,2500.0,4699.719011131433,8534.53102534097,2331.9727522790918,-1,-1,-4491.3,0.0,0.0034441250609233975,0.025939167011529207,0.0002435420174151659,0.02962683408986777,-69.08526611328125
regularized_2026,stability,2,191,2025-07-11,7,no_season,42,2026,2026,39067.62888266753,0.0,0.0,98.07111773503087,39165.70000040256,55106.521302434,55106.521302434,21.735620065388048,10,21319.79412973596,9356.740933415476,8067.055290652057,17423.796224067533,0.7241669482239256,5,6,0,48,15,63,35,22683.700934737775,23933.700934737775,4470.90697140902,375.69099907108017,725.9915093361473,1250.0,4470.90697140902,2331.9727522790918,2705.133690338549,-1,-1,0.0,0.0,0.003536792006343603,0.02608183305710554,0.00025512499269098043,0.029873750056140125,-39.05958557128906
regularized_2026,stability,2,192,2025-07-12,7,no_season,42,2026,2026,41966.07247662987,0.0,0.0,1641.369748469467,43607.44222509934,57842.09535775946,57842.09535775946,423.2129139195505,100,22509.386019985264,8662.637668360423,3990.9587500000002,12653.596418360423,0.5177058155123452,3,4,0,42,6,48,17,16864.722247946498,18114.722247946498,5082.17,156.93238687929707,527.233184098351,1250.0,4570.87,2705.133690338549,6716.3934641158185,-1,-1,0.0,-4570.87,0.0035742500331252813,0.02591795800253749,0.000236417050473392,0.029728625086136162,-42.066627502441406
regularized_2026,stability,2,193,2025-07-13,7,no_season,42,2026,2026,68353.95384838812,0.0,0.0,2143.0548619852316,70497.00871037334,85372.1613117985,85372.1613117985,593.3201895773356,200,14095.176388274944,11388.199133643138,8785.61442054225,20173.813554185384,0.8360268771085505,3,4,0,48,25,73,44,20356.580133858315,27077.78478260241,5000.0,584.8280586138741,840.5755647577244,2486.8765416995566,5000.0,6716.3934641158185,8259.337039431752,-1,-1,-4570.87,-4597.46,0.0035290829837322235,0.02569329203106463,0.00023508397862315178,0.029457458993420005,-69.9390869140625
regularized_2026,stability,2,194,2025-07-14,7,no_season,42,2026,2026,64598.542399891114,0.0,0.0,4174.753384047429,68773.29578393856,81230.13385370193,81230.13385370193,995.6323746928152,330,9356.897934026914,9242.662610344869,8181.473532643704,17424.13614298857,0.7246829156026179,3,4,0,40,25,65,40,19253.26505133672,26139.8216264767,4438.3409,520.1012309354661,726.0056726245239,2500.0,4709.36,8259.337039431752,8403.666360869198,-1,-1,-4597.46,-4709.36,0.003549374989233911,0.026017333031632006,0.0002448330633342266,0.029811541084200144,-68.75708770751953
regularized_2026,stability,2,195,2025-07-15,7,no_season,42,2026,2026,63684.264965347415,0.0,0.0,2096.9462239201757,65781.21118926759,79933.99188111526,79933.99188111526,736.076075744033,220,6931.291874329809,9666.660991961598,8676.935492765444,18343.59648472704,0.7632038716731306,3,4,0,51,25,76,67,30635.104900986633,36206.20646649525,4510.0133,991.7644504162207,764.31652019696,2500.0,4568.4,8403.666360869198,8427.973102694827,-1,-1,-4709.36,-4568.4,0.0035405419766902924,0.02591070905327797,0.0002458749804645777,0.02969712601043284,-65.81582641601562
regularized_2026,stability,2,196,2025-07-16,7,no_season,42,2026,2026,65851.95617884387,0.0,0.0,3031.4758350332304,68883.43201387711,82083.8859425661,82083.8859425661,1043.7236347901892,260,9911.207227974048,9573.276449980158,8491.437483931237,18064.713933911393,0.7513653539625225,5,6,0,45,25,70,54,34245.61770688539,40985.90031336364,5768.1789847837945,666.184141324012,752.6964139129745,2500.0,4651.2984,8427.973102694827,8559.219559027268,-1,-1,-4568.4,-4497.77,0.0035076250787824392,0.02605604100972414,0.0002520419657230377,0.029815708054229617,-68.87669372558594
regularized_2026,stability,2,197,2025-07-17,7,no_season,42,2026,2026,58282.895016459275,0.0,0.0,3507.4185088248532,61790.31352528413,72574.77604151216,72574.77604151216,925.9021010831906,300,6012.462826571196,9952.270781707837,15184.471532350351,25136.742314058185,1.060307976570296,3,4,0,47,33,80,53,29091.442439177263,35630.07330560751,4840.644420153247,789.0774693767485,1047.364263085758,2500.0,4840.644420153247,8559.219559027268,1994.934257904873,-1,-1,-4497.77,0.0,0.0035021660150960088,0.02578729100059718,0.0002568749478086829,0.02954633196350187,-64.41706848144531
regularized_2026,stability,2,198,2025-07-18,7,no_season,42,2026,2026,39786.055629970055,0.0,0.0,680.5281665434006,40466.58379651345,55651.91278813595,55651.91278813595,164.14143609676668,30,22549.257547425404,9508.514803956812,7515.966227149493,17024.481031106305,0.7059622173060349,5,6,0,47,13,60,23,20025.160533545033,21275.160533545033,4361.2648,407.7625185616185,709.353376296096,1250.0,4361.2648,1994.934257904873,3092.9794101198,-1,-1,0.0,0.0,0.003623249940574169,0.025764457997865975,0.00023424997925758362,0.029621957917697728,-40.07543182373047
regularized_2026,stability,2,199,2025-07-19,7,no_season,42,2026,2026,33021.51577623781,0.0,0.0,846.0604375557759,33867.57621379358,53486.40651006693,53486.40651006693,201.47285630581246,70,26375.220738490076,8036.812461216006,7906.972883333334,15943.78534454934,0.6649612911539134,1,2,0,39,11,50,25,11716.087939980192,12966.087939980192,4422.81,157.1548845470898,664.3243893562225,1250.0,4450.0148,3092.9794101198,2382.687925465612,-1,-1,0.0,0.0,0.0038777089212089777,0.028860417078249156,0.0002713750582188368,0.03300950105767697,-34.180152893066406
regularized_2026,stability,2,200,2025-07-20,7,no_season,42,2026,2026,60069.96025772739,0.0,0.0,1628.8655572927994,61698.825815020195,81177.73582926375,81177.73582926375,404.3113503884384,120,8611.871761220315,17025.922050205405,16145.72484844021,33171.64689864562,1.3821373422814924,3,4,0,65,33,98,66,29125.499384746916,31555.502409418852,4644.157967709581,802.4917892381983,1382.1519541102339,2500.0,5000.0,2382.687925465612,1515.8074765894453,-1,-1,0.0,0.0,0.0038457910995930433,0.026950167026370764,0.00024574995040893555,0.031041708076372743,-62.1109619140625
regularized_2026,stability,2,201,2025-07-21,7,no_season,42,2026,2026,60074.786529888486,0.0,0.0,897.9950334268417,60972.78156331532,82268.8033016421,82268.8033016421,190.9415199504101,120,6191.379043582105,18086.547583799056,15807.931155788654,33894.478739587714,1.4092261719981707,5,6,0,70,34,104,77,40123.802367090684,42509.63028483577,6012.014967796703,1178.171067070311,1412.2699474828214,2500.0,5000.0,1515.8074765894453,2011.190572925424,-1,-1,0.0,0.0,0.003553624963387847,0.02580800000578165,0.00023854197934269905,0.029600166948512197,-60.85548782348633
regularized_2026,stability,2,202,2025-07-22,7,no_season,42,2026,2026,61412.10070244285,0.0,0.0,1148.9096738111027,62561.01037625395,82955.59108975125,82955.59108975125,344.443217797053,160,7748.053097142043,17173.149206012247,15416.312612272655,32589.461818284908,1.3559208396664117,5,6,0,66,34,100,69,36973.2963750576,39406.4141845719,5000.0,919.4991851036001,1357.8942424285376,2500.0,5000.0,2011.190572925424,2052.850074278063,-1,-1,0.0,0.0,0.0036448329919949174,0.02626000007148832,0.0002533749211579561,0.030158207984641194,-62.618064880371094
regularized_2026,stability,2,203,2025-07-23,7,no_season,42,2026,2026,59146.697273477715,0.0,0.0,2463.608979520568,61610.306252998285,80631.44865488348,80631.44865488348,525.0758072400172,180,5769.4273452185935,17487.131062098117,16316.581061859877,33803.71212395799,1.4078723234797834,3,4,0,70,33,103,77,34176.98059716831,36673.60440941459,4694.91198460516,743.6296311292845,1408.4880051649163,2500.0,5000.0,2052.850074278063,1443.4126496289018,-1,-1,0.0,0.0,0.0035349579993635416,0.027153166010975838,0.0002460419200360775,0.030934165930375457,-61.923973083496094
regularized_2026,stability,2,204,2025-07-24,7,no_season,42,2026,2026,58210.622921710295,0.0,0.0,1434.1365025481286,59644.75942425843,79649.33842261655,79649.33842261655,293.7792129798673,190,4644.826658730344,17351.516960963934,15669.697984097862,33021.2149450618,1.37410026231692,3,4,0,71,33,104,85,31325.010599934307,33620.439670822576,4721.831002845157,772.9555242997953,1375.8839560442416,2500.0,5000.0,1443.4126496289018,1387.1950274362043,-1,-1,0.0,0.0,0.0035627500619739294,0.02640029101166874,0.0002475839573889971,0.030210625031031668,-59.73973083496094
regularized_2026,stability,2,205,2025-07-25,7,no_season,42,2026,2026,34671.361575856616,0.0,0.0,721.4894223031417,35392.85099815976,55445.508391484815,55445.508391484815,115.50696899045641,50,27066.05506588844,9603.75827792017,7614.117550000001,17217.875827920172,0.7140379036193427,1,2,0,48,11,59,18,10973.362526322995,12223.362526322995,4442.19,140.14642125074795,717.4114928300071,1250.0,4442.19,1387.1950274362043,2472.1354941264303,-1,-1,0.0,0.0,0.0035347919911146164,0.026129416888579726,0.0002429169835522771,0.02990712586324662,-35.00520324707031
regularized_2026,stability,2,206,2025-07-26,7,no_season,42,2026,2026,33649.13531701269,0.0,0.0,96.71590356348509,33745.85122057618,54105.426918317455,54105.426918317455,24.013880462690274,10,24633.36468303912,9073.210146686448,8046.225597612083,17119.43574429853,0.7120445587999349,5,6,0,45,13,58,26,20033.878138405686,21283.878138405686,4341.37,433.06290797741036,713.3098226791054,1250.0,4382.8442,2472.1354941264303,2598.2719346557606,-1,-1,0.0,0.0,0.0036109169013798237,0.026102875010110438,0.0002883329289034009,0.030002124840393662,-33.73527908325195
regularized_2026,stability,2,207,2025-07-27,7,no_season,42,2026,2026,57747.77969183266,0.0,0.0,1130.5662333632702,58878.34592519593,78893.84848320484,78893.84848320484,286.73660034955935,180,4809.7915264699195,18490.736610760025,17805.13285367555,36295.86946443558,1.5129212893520259,5,6,0,72,35,107,85,39420.16670179492,41643.63877799509,4753.042696623701,1197.7949290585723,1512.3278943514824,2500.0,5000.0,2598.2719346557606,1371.8669727655372,-1,-1,0.0,0.0,0.003551916917786002,0.02607816702220589,0.00023908296134322882,0.02986916690133512,-59.43955993652344
regularized_2026,stability,2,208,2025-07-28,7,no_season,42,2026,2026,59715.201702135964,0.0,0.0,2741.438371221914,62456.64007335788,81404.36917411114,81404.36917411114,721.5249257859895,200,2570.295702806876,17637.684903060846,16036.963739303927,33674.64864236478,1.4015425475161907,5,6,0,74,34,108,93,41148.99694957791,43397.35912201193,4868.038610864282,1228.9425386902176,1403.1103600985323,2500.0,5000.0,1371.8669727655372,1200.0,-1,-1,0.0,0.0,0.003787584020756185,0.02669533295556903,0.00025295792147517204,0.030735874897800386,-62.60023498535156
regularized_2026,stability,2,209,2025-07-29,7,no_season,42,2026,2026,64385.39324284267,0.0,0.0,864.6666034197194,65250.05984626238,85762.10383471398,85762.10383471398,297.0602772974047,90,6727.0927783443985,17915.292746837156,14652.46736317017,32567.760110007323,1.3517081560379038,5,6,0,65,33,98,68,37392.503498852195,39892.503498852195,4820.730532004566,1085.5324107485803,1356.9900045836387,2500.0,5000.0,1200.0,2750.8822723101516,-1,-1,0.0,0.0,0.0035766669316217303,0.026719541987404227,0.0002457090886309743,0.030541918007656932,-64.71648406982422
regularized_2026,stability,2,210,2025-07-30,7,no_season,42,2026,2026,59960.11235834784,0.0,0.0,716.3573644321182,60676.46972277997,80634.86270478644,80634.86270478644,191.10852640281058,110,6173.78048576097,16803.83742054536,16254.90072511708,33058.73814566244,1.3781537381024354,5,6,0,67,34,101,79,41814.79050565993,44243.49132195087,6060.773531941528,1215.70903486778,1377.447422735935,2500.0,5000.0,2750.8822723101516,1558.2323659069125,-1,-1,0.0,0.0,0.0034847079077735543,0.02620779105927795,0.00025387504138052464,0.02994637400843203,-61.21852111816406
regularized_2026,stability,2,211,2025-07-31,7,no_season,42,2026,2026,57918.942290334555,0.0,0.0,2918.9718488562485,60837.9141391908,79091.13577693014,79091.13577693014,546.6426206135873,190,3405.123809690246,17318.92425519884,15781.265934012026,33100.190189210865,1.3777120452170797,3,4,0,72,33,105,77,32953.20388611485,35453.20388611485,5000.0,692.6726618145027,1379.1745912171193,2500.0,5000.0,1558.2323659069125,1353.491642915148,-1,-1,0.0,0.0,0.00350033410359174,0.025873292004689574,0.00025629205629229546,0.02962991816457361,-60.991539001464844
regularized_2026,stability,2,212,2025-08-01,8,no_season,42,2026,2026,34074.5617599347,0.0,0.0,613.2225890331443,34687.78434896785,54032.55973679968,54032.55973679968,108.96481274592934,60,30510.009657775692,9811.59770730327,7431.442482200024,17243.040189503292,0.7142302938974356,1,2,0,48,11,59,30,11362.948003243897,12612.948003243897,4124.74,180.25269346530706,718.4600078959705,1250.0,4350.5,1353.491642915148,2828.162333595346,-1,-1,0.0,0.0,0.0034970409469679,0.02701312501449138,0.0002394999610260129,0.030749665922485292,-34.147727966308594
regularized_2026,stability,2,213,2025-08-02,8,no_season,42,2026,2026,30836.679253981263,0.0,0.0,2453.531188925801,33290.21044290707,50704.74780944662,50704.74780944662,470.6090740158654,160,29592.18457452656,8280.338755513681,7624.191379911088,15904.53013542477,0.6621676016140248,1,2,0,41,11,52,28,11433.981781436218,12683.981781436218,3977.58,148.2391500000002,662.6887556426987,1250.0,4320.84,2828.162333595346,2646.9780539711655,-1,-1,0.0,0.0,0.003939290996640921,0.028678625007160008,0.0002698330208659172,0.032887749024666846,-33.39556884765625
regularized_2026,stability,2,214,2025-08-03,8,no_season,42,2026,2026,59112.5667254683,0.0,0.0,454.1056956960776,59566.672421164374,78427.22750187185,78427.22750187185,169.4807265174532,80,14137.406501277346,14728.99772073089,13109.175976952272,27838.17369768316,1.1579766213774527,3,4,0,55,30,85,68,26745.035784358126,29022.736836209755,5623.326153242187,1027.5208170353983,1159.9239040701316,2500.0,4828.716233409247,2646.9780539711655,2801.8474102752543,-1,-1,0.0,0.0,0.003874541027471423,0.028504666057415307,0.0002633329713717103,0.03264254005625844,-59.56774139404297
regularized_2026,stability,2,215,2025-08-04,8,no_season,42,2026,2026,53747.31562496903,0.0,0.0,1819.8309439734662,55567.1465689425,72729.49595592747,72729.49595592747,532.5368696923513,120,6973.386384975587,15590.124269605323,14717.132912294424,30307.257181899746,1.2626379466332924,3,4,0,63,33,96,83,30032.021219026163,32324.683466916373,4366.617810606479,663.6541614817811,1262.802382579156,2500.0,4812.327178228871,2801.8474102752543,2078.717709289294,-1,-1,0.0,0.0,0.0038630838971585035,0.028239250066690147,0.00025416607968509197,0.03235650004353374,-55.917449951171875
regularized_2026,stability,2,216,2025-08-05,8,no_season,42,2026,2026,57055.1925380719,0.0,0.0,653.1855162316716,57708.37805430356,76861.6477414839,76861.6477414839,213.66568043604423,70,9587.274982958226,16072.814826634156,13737.086121005774,29809.90094763993,1.2386737985045155,3,4,0,61,31,92,73,32108.883764780185,34282.27989738839,5523.228428352244,1160.2820346635754,1242.0792061516638,2500.0,5000.0,2078.717709289294,2846.568502553892,-1,-1,0.0,0.0,0.0036178750451654196,0.027350459014996886,0.0002617079298943281,0.031230041990056634,-57.47453308105469
regularized_2026,stability,2,217,2025-08-06,8,no_season,42,2026,2026,54701.90306980556,0.0,0.0,2424.70269309626,57126.60576290181,73686.27500975157,73686.27500975157,894.8799496100288,160,6552.466925446293,14763.608047175534,14849.319279926898,29612.927327102436,1.2357727187163778,3,4,0,65,33,98,88,36250.80302519797,38675.91201615862,4737.996520476177,871.266562841137,1233.8719719626015,2500.0,5000.0,2846.568502553892,1200.0,-1,-1,0.0,0.0,0.003939999965950847,0.027265500044450164,0.00026029208675026894,0.03146579209715128,-57.83820343017578
regularized_2026,stability,2,218,2025-08-07,8,no_season,42,2026,2026,53892.1800862934,0.0,0.0,2322.3804563575377,56214.56054265094,75140.22057734216,75140.22057734216,454.4425259671458,170,9796.003668280935,18496.671936865365,16085.997751837,34582.66968870237,1.4376505908364496,3,4,0,70,33,103,59,28524.522875059018,30400.449834872557,4960.062846054391,671.0508800000013,1440.9445703625986,2500.0,4960.062846054391,1200.0,1791.353291972836,-1,-1,0.0,0.0,0.0037033329717814922,0.02685945900157094,0.0003019999712705612,0.030864791944622993,-56.05855941772461
regularized_2026,stability,2,219,2025-08-08,8,no_season,42,2026,2026,30079.083980604188,0.0,0.0,2014.1911236132723,32093.27510421746,49559.547055749565,49559.547055749565,397.0587112919485,140,32682.34422528748,8866.736041754037,7367.64575,16234.381791754036,0.6740793713383783,1,2,0,46,11,57,44,13474.330699980725,14672.068256859133,4072.9091,249.22619330190955,676.4325746564182,1250.0,4321.5931,1791.353291972836,2436.8971619209074,-1,-1,0.0,0.0,0.003739583073183894,0.027482124976813793,0.00026029208675026894,0.031482000136747956,-31.87612533569336
regularized_2026,stability,2,220,2025-08-09,8,no_season,42,2026,2026,29791.271590781547,0.0,0.0,2850.9061087852388,32642.177699566782,48231.891865478625,48231.891865478625,560.2704202886308,200,29150.772644422104,8089.298974678483,7369.838333333333,15459.137308011817,0.6434447723777282,1,2,0,42,11,53,38,13350.188479828757,14420.847418089857,4363.4506,244.2862235282849,644.130721167159,1250.0,4363.4506,2436.8971619209074,2342.5882852846757,-1,-1,0.0,0.0,0.003696374944411218,0.02728183299768716,0.0002572089433670044,0.031235416885465384,-32.712989807128906
regularized_2026,stability,2,221,2025-08-10,8,no_season,42,2026,2026,56647.22849620234,0.0,0.0,217.41074515980404,56864.63924136214,76063.57273518245,76063.57273518245,99.46741276229875,70,8435.548501303714,15966.147430859488,13543.274834218464,29509.42226507795,1.2259451063802114,3,4,0,63,32,95,87,31849.672740471015,34320.592844630184,5763.701337669094,798.6889776176084,1229.5592610449146,2500.0,4932.890706506542,2342.5882852846757,3213.5405358966323,-1,-1,0.0,0.0,0.0037977909669280052,0.028800832922570407,0.00027741596568375826,0.03287603985518217,-56.58984375
regularized_2026,stability,2,222,2025-08-11,8,no_season,42,2026,2026,58398.49865863347,0.0,0.0,483.23010153759196,58881.72876017107,76534.24174994417,76534.24174994417,109.43880753261175,50,11959.80170007485,13690.939588624855,13568.314064556263,27259.25365318112,1.1371093558268834,3,4,0,54,30,84,72,28696.510884852265,31196.510884852265,5853.532865988103,492.79814463318996,1135.8022355492133,2500.0,5000.0,3213.5405358966323,1899.64744074537,-1,-1,0.0,0.0,0.003972125006839633,0.02724020800087601,0.0002561250003054738,0.031468458008021116,-59.45692443847656
regularized_2026,stability,2,223,2025-08-12,8,no_season,42,2026,2026,55116.32282535573,0.0,0.0,1251.7667843122476,56368.08960966798,74314.5699779158,74314.5699779158,249.6500255362314,100,5302.3902114959,16796.804896250433,15295.518754294293,32092.323650544728,1.33573919520068,3,4,0,72,33,105,87,32515.37678131679,34896.068240988185,4819.326499228337,823.817631147663,1337.1801521060302,2500.0,5000.0,1899.64744074537,1711.6032873007962,-1,-1,0.0,0.0,0.0035629590274766088,0.027782667079009116,0.0002662499900907278,0.03161187609657645,-56.51305389404297
regularized_2026,stability,2,224,2025-08-13,8,no_season,42,2026,2026,59121.73493343317,0.0,0.0,1099.7283529690064,60221.46328640218,78134.93862887712,78134.93862887712,279.73063066661086,110,10920.63797210331,14802.949154324067,13429.89731688365,28232.846471207715,1.1749860574629316,3,4,0,54,29,83,65,29721.228947222502,32221.228947222502,6005.944285370759,610.2956398241809,1176.3686029669882,2500.0,5000.0,1711.6032873007962,1598.5591573868714,-1,-1,0.0,0.0,0.0037235839990898967,0.028088167076930404,0.0002442910335958004,0.0320560421096161,-60.32881546020508
regularized_2026,stability,2,225,2025-08-14,8,no_season,42,2026,2026,50404.124095629086,0.0,0.0,5106.264388138106,55510.388483767194,71528.62846432158,71528.62846432158,931.7206993148573,270,5126.93256767495,17852.32028526142,16445.194672633275,34297.51495789469,1.42795647206411,3,4,0,73,33,106,79,29488.88394886462,31919.20245348306,4565.2497785403575,685.7747408122493,1429.063123245612,2500.0,5000.0,1598.5591573868714,1200.0,-1,-1,0.0,0.0,0.0034702919656410813,0.026459290995262563,0.00025691709015518427,0.03018650005105883,-55.741554260253906
regularized_2026,stability,2,226,2025-08-15,8,no_season,42,2026,2026,30594.17498229789,0.0,0.0,1407.4865470618968,32001.661529359786,49583.452092466,49583.452092466,280.5119601437391,120,31128.16517793904,8973.024791337364,7396.952799999999,16369.977591337363,0.6795679840328444,1,2,0,49,11,60,54,15851.46104749951,16976.242287760157,4113.8059,354.92095528016233,682.0823996390568,1250.0,4242.1562,1200.0,1915.4858882816366,-1,-1,0.0,0.0,0.003576791030354798,0.026152584003284574,0.00023708294611424208,0.029966457979753613,-31.75786590576172
regularized_2026,stability,2,227,2025-08-16,8,no_season,42,2026,2026,31783.51980602265,0.0,0.0,2667.47667040568,34450.99647642833,43851.79421460585,43851.79421460585,451.65511769029865,150,22153.76219002199,12101.180231745335,6880.773456137839,18981.95368788317,0.7805483180929416,3,4,0,60,46,106,61,15097.68114290591,16082.047095967373,2007.684370047966,414.91720319220747,790.9147369951322,1250.0,1250.0,1915.4858882816366,6142.70139916273,-1,-1,0.0,-845.3551033682072,0.0037830000510439277,0.02776333293877542,0.00026004097890108824,0.031806373968720436,-32.83790969848633
regularized_2026,stability,2,228,2025-08-17,8,no_season,42,2026,2026,55616.93086398228,0.0,0.0,5763.167566227965,61380.098430210244,70440.26599425542,70440.26599425542,1276.6049385428178,310,6224.3894525377045,14154.069471768005,11826.981608174145,25981.051079942146,1.0789359395651428,3,4,0,60,45,105,66,19315.84490669536,22589.051618930705,2323.635191157814,499.9439679337366,1082.5437949975894,2500.0,2500.0,6142.70139916273,7103.697464225235,-1,-1,-845.3551033682072,-1191.3420509963366,0.003627291996963322,0.02735562506131828,0.00025749998167157173,0.031240417039953172,-61.06066131591797
regularized_2026,stability,2,229,2025-08-18,8,no_season,42,2026,2026,56218.908064721,0.0,0.0,3061.6737676277585,59280.58183234875,70739.9569102392,70739.9569102392,759.4760589189237,240,6045.284749171494,12464.475789680324,11404.443186360368,23868.918976040688,0.9935907766216808,3,4,0,59,45,104,77,24207.256366963924,26150.67068121287,2500.0,640.9733691763437,994.5382906683622,2500.0,2500.0,7103.697464225235,6907.198826554311,-1,-1,-1191.3420509963366,-934.870717487931,0.0035971669713035226,0.027231625048443675,0.00025266699958592653,0.031081459019333124,-59.41065216064453
regularized_2026,stability,2,230,2025-08-19,8,no_season,42,2026,2026,57132.292635656435,0.0,0.0,2779.212309559719,59911.50494521615,71648.21360729402,71648.21360729402,739.3944273145414,210,6896.917458778376,12590.215178527335,11417.184652697155,24007.399831224488,0.9991206742421437,3,4,0,56,46,102,70,22271.010389248608,25594.284334917746,2287.9615654801773,604.5428444214109,1000.3083263010202,2500.0,2500.0,6907.198826554311,6816.556362204761,-1,-1,-934.870717487931,-1009.5304660720942,0.003603791003115475,0.027295082923956215,0.00026033399626612663,0.031159207923337817,-60.00031280517578
regularized_2026,stability,2,231,2025-08-20,8,no_season,42,2026,2026,56304.105138728155,0.0,0.0,10121.147781024094,66425.25291975225,70785.8323881548,70785.8323881548,2133.525480112963,370,1819.2862837824573,12651.685088828803,12202.304571010161,24853.989659838964,1.036033363269108,3,4,0,60,46,106,82,25008.501533770046,28387.47130529131,2394.9773379106737,535.8462901952139,1035.5829024932902,2500.0,2500.0,6816.556362204761,5956.6403156793895,-1,-1,-1009.5304660720942,-1113.71207270296,0.003565915976651013,0.02651570795569569,0.00025504198856651783,0.03033666592091322,-66.81739807128906
regularized_2026,stability,2,232,2025-08-21,8,no_season,42,2026,2026,59492.04936872439,0.0,0.0,3479.2257659501356,62971.27513467451,74177.70520009725,74177.70520009725,813.3599473235081,200,7153.451741314155,13607.90828656882,11614.713363795556,25222.621650364374,1.0480240908083736,3,4,0,61,47,108,78,20384.770601363,23649.67214228647,2247.8157123074575,562.389197680703,1050.9425687651824,2500.0,2500.0,5956.6403156793895,6623.252762020476,-1,-1,-1113.71207270296,-962.6306583433668,0.003804040956310928,0.02636858297046274,0.0002479159738868475,0.030420539900660515,-62.7657470703125
regularized_2026,stability,2,233,2025-08-22,8,no_season,42,2026,2026,29384.47371060899,0.0,0.0,5709.4123613155125,35093.8860719245,40760.94064917175,40760.94064917175,1173.9696162368066,220,20620.611584053397,8944.54029952377,8860.811018168606,17805.351317692373,0.7427354542558643,3,4,0,45,61,106,74,17987.542613143676,20200.173271487045,1805.6734239070418,452.76554506048916,741.8896382371825,1250.0,1250.0,6623.252762020476,5768.673841675606,-1,-1,-962.6306583433668,-509.60942727551424,0.0033706669928506017,0.025633499957621098,0.0002507079625502229,0.029254874913021922,-35.46820831298828
regularized_2026,stability,2,234,2025-08-23,8,no_season,42,2026,2026,30106.1994155779,0.0,0.0,982.654581406716,31088.853996984613,41048.76955814143,41048.76955814143,200.5080209325088,130,17473.331592194452,9876.73838281812,8630.798545938636,18507.536928756756,0.7694815508363536,3,4,0,49,62,111,77,16519.62832489953,18279.237752175046,2009.8780478769047,431.0212373659853,771.1473720315314,1250.0,1250.0,5768.673841675606,6040.910107591096,-1,-1,-509.60942727551424,-1069.4047374952036,0.0034034999553114176,0.02602979203220457,0.0002454170025885105,0.029678708990104496,-31.023176193237305
regularized_2026,stability,2,235,2025-08-24,8,no_season,42,2026,2026,57978.75578781172,0.0,0.0,1765.1867650940121,59743.94255290573,69984.93536134591,69984.93536134591,442.7584620149812,180,9339.388591840328,13484.894124915356,16130.178376728134,29615.07250164349,1.2414831143349794,3,4,0,61,45,106,85,28721.473394123717,31950.905357665022,3854.2180846105475,699.2314291534201,1233.9613542351456,2500.0,4675.1065,6040.910107591096,1831.103028124972,-1,-1,-1069.4047374952036,-663.0569153894521,0.0033572090324014425,0.025571624981239438,0.000254084006883204,0.029182918020524085,-61.45741271972656
regularized_2026,stability,2,236,2025-08-25,8,no_season,42,2026,2026,59927.815538529016,0.0,0.0,2286.837033127189,62214.65257165619,77807.7195931046,77807.7195931046,426.77582800504086,150,2840.989302745881,16772.936461087513,12152.517359390422,28925.45382047794,1.196753447223575,3,4,0,72,46,118,94,24570.030539589956,27733.08745497941,4086.060624511813,513.6834504911202,1205.2272425199142,2500.0,2500.0,1831.103028124972,4933.429654551602,-1,-1,-663.0569153894521,-920.3608709528894,0.003283750033006072,0.025582167087122798,0.00024570804089307785,0.029111625161021948,-61.064048767089844
regularized_2026,stability,2,237,2025-08-26,8,no_season,42,2026,2026,61958.4776771218,0.0,0.0,847.0062450205833,62805.483922142375,77426.63478466876,77426.63478466876,203.4433258139723,90,8519.565555273533,14989.983689542161,11408.289517666306,26398.273207208465,1.0935891746583897,3,4,0,61,46,107,75,21757.28613782175,25169.24305772934,2073.442438804372,447.61502688198993,1099.9280503003529,2500.0,2418.8257860879294,4933.429654551602,7128.783791386771,-1,-1,-920.3608709528894,-909.3019383235794,0.0034326250897720456,0.025702000013552606,0.00023741705808788538,0.029372042161412537,-62.00428771972656
regularized_2026,stability,2,238,2025-08-27,8,no_season,42,2026,2026,57703.47289954817,0.0,0.0,2291.209821428233,59994.6827209764,71239.07613938706,71239.07613938706,483.07944936489514,220,4371.934490904424,12278.661421233266,12842.589190052386,25121.25061128565,1.049409943508974,3,4,0,59,45,104,79,25524.244086637613,28631.838403331985,3505.9362768658966,533.9036920508959,1046.7187754702354,2500.0,4490.53,7128.783791386771,5240.067172653753,-1,-1,-909.3019383235794,-4490.53,0.003276166971772909,0.025861166999675333,0.0002448329469189048,0.029382166918367147,-60.79006576538086
regularized_2026,stability,2,239,2025-08-28,8,no_season,42,2026,2026,59491.55851732034,0.0,0.0,3894.6545317022806,63386.21304902263,74961.90950229038,74961.90950229038,912.4797465263955,270,3832.229193803194,13003.119896590899,11728.754824910666,24731.874721501565,1.029126491246381,3,4,0,56,47,103,74,25084.708282680207,32075.238282680206,2157.0057148527812,662.7856126187522,1030.4947800625653,2500.0,2500.0,5240.067172653753,5212.716719628826,-1,-1,-4490.53,-357.5337906037837,0.003363333991728723,0.025889041949994862,0.00024441699497401714,0.029496792936697602,-63.45299530029297
regularized_2026,stability,2,240,2025-08-29,8,no_season,42,2026,2026,31322.450404047082,0.0,0.0,3325.464879937226,34647.915283984315,42204.07685312164,42204.07685312164,743.2503755644831,160,18245.392469938317,9710.407878249916,7563.69346950211,17274.101347752025,0.7160389472365202,3,4,0,48,59,107,70,15252.248595359695,16731.68575476826,1925.38516401698,372.25422834891305,719.754222823001,1250.0,1250.0,5212.716719628826,6451.98552865998,-1,-1,-357.5337906037837,-832.2911643061707,0.0033597919391468167,0.025478792027570307,0.00023933302145451307,0.029077916988171637,-34.20097732543945
regularized_2026,stability,2,241,2025-08-30,8,no_season,42,2026,2026,26444.272638524097,0.0,0.0,2203.9908599459677,28648.263498470063,42401.239868350865,42401.239868350865,542.543574063458,210,28482.91990289348,4413.1928844192935,8465.049178231788,12878.242062651081,0.5462361534739021,1,2,0,22,15,37,25,12826.851119174655,14683.60895965339,3064.5926753943986,331.4238074146525,536.5934192771283,1250.0,3750.0,6451.98552865998,1715.7626063342482,-1,-1,-832.2911643061707,0.0,0.0035998750245198607,0.027433249983005226,0.0002644170308485627,0.03129754203837365,-30.53074073791504
regularized_2026,stability,2,242,2025-08-31,8,no_season,42,2026,2026,57853.77535831423,0.0,0.0,1217.017929516236,59070.79328783047,78128.51774749305,78128.51774749305,291.5004255129039,140,7909.53041475424,16727.588472890533,12863.723797972149,29591.312270862683,1.2261974693831155,3,4,0,53,30,83,60,33700.4839178953,36200.4839178953,4953.761939310853,1250.0,1232.9713446192784,4982.212519177564,3750.0,1715.7626063342482,4025.3909429265705,-1,-1,0.0,0.0,0.0037356249522417784,0.027188875013962388,0.00025050004478543997,0.031175000010989606,-58.233463287353516
regularized_2026,stability,2,243,2025-09-01,9,no_season,42,2026,2026,57492.573860303644,0.0,0.0,0.0,57492.573860303644,76482.89281164538,76482.89281164538,0.0,0,19810.045495992155,12557.731625852557,9459.018843532667,22016.750469385224,0.9118329825077253,3,4,0,37,30,67,38,23723.685409890655,26223.685409890655,2882.567501546684,1250.0,917.3646028910512,5000.0,2768.1246905487224,4025.3909429265705,5968.019872435247,-1,-1,0.0,0.0,0.003552708076313138,0.02604499994777143,0.0002402908867225051,0.029837998910807073,-56.78173828125
regularized_2026,stability,2,244,2025-09-02,9,no_season,42,2026,2026,51821.96996986987,0.0,0.0,493.51953344061724,52315.48950331049,69508.81772413361,69508.81772413361,100.1539308354627,60,15560.593107736418,13548.8591137951,13558.236416562442,27107.09553035754,1.1310505163620483,3,4,0,48,35,83,45,20796.477497266293,25796.477497266293,4439.874376448855,613.3076823551149,1129.4623137648975,5000.0,2959.291471075943,5968.019872435247,4529.960177539877,-1,-1,0.0,0.0,0.003361999988555908,0.02647145790979266,0.0002542500151321292,0.0300877079134807,-52.93789291381836
regularized_2026,stability,2,245,2025-09-03,9,no_season,42,2026,2026,52221.29227192236,0.0,0.0,0.0,52221.292271922364,70842.16050291192,70842.16050291192,0.0,0,14724.969644137931,14166.871986523161,13597.39837774918,27764.27036427234,1.1571996339453983,3,4,0,47,37,84,57,25128.541081025276,30128.541081025276,4655.21371786351,657.5379059826513,1156.8445985113476,5000.0,3216.69083431175,4529.960177539877,3636.9186413187704,-1,-1,0.0,0.0,0.0033605829812586308,0.026318792020902038,0.00023962499108165503,0.029918999993242323,-52.632568359375
regularized_2026,stability,2,246,2025-09-04,9,no_season,42,2026,2026,52579.058362724536,0.0,0.0,492.2933005054641,53071.35166323001,70466.87022415554,70466.87022415554,89.14851792155348,40,14949.06115692026,15931.810101169986,14250.418066013139,30182.228167183126,1.2556459048651463,3,4,0,53,37,90,45,24999.400504790996,27499.400504790996,2915.38747294081,1222.8616500000016,1257.5928402992968,5000.0,3135.457883639583,3636.9186413187704,3729.90122594012,-1,-1,0.0,0.0,0.003288957988843322,0.025735541945323348,0.00023725000210106373,0.029261749936267734,-53.10102081298828
regularized_2026,stability,2,247,2025-09-05,9,no_season,42,2026,2026,27024.59516551694,0.0,0.0,0.0,27024.59516551694,41390.860721956604,41390.860721956604,0.0,0,33763.7068586464,7452.538469464471,6649.64627282094,14102.184742285412,0.5866433913714337,1,2,0,36,15,51,20,10961.104055676946,12211.104055676946,2670.251413953775,396.90116352492913,587.5910309285588,1250.0,3119.5912876557186,3729.90122594012,3790.6573811454696,-1,-1,0.0,0.0,0.0033078750129789114,0.026183999958448112,0.00025100004859268665,0.02974287502001971,-27.03156280517578
regularized_2026,stability,2,248,2025-09-06,9,no_season,42,2026,2026,25427.791228854185,0.0,0.0,454.2012250127326,25881.992453866922,41164.61136224056,41164.61136224056,111.04856329656539,70,32692.06357380501,7388.495858689939,6525.983206957826,13914.479065647765,0.5786805383688935,1,2,0,36,15,51,20,13071.28019782884,14321.28019782884,3191.8575,484.5557737923507,579.7699610686569,1250.0,3191.8575,3790.6573811454696,3921.0096980010894,-1,-1,0.0,0.0,0.003495000069960952,0.02592258306685835,0.00023258395958691835,0.02965016709640622,-25.861766815185547
regularized_2026,stability,2,249,2025-09-07,9,no_season,42,2026,2026,51083.16643813168,0.0,0.0,43.917371592856725,51127.08380972453,69158.35555314651,69158.35555314651,20.421935174543933,10,12982.02036536745,15166.86698241895,13931.093476132015,29097.960458550966,1.2113839701557456,3,4,0,49,37,86,55,24925.33373396135,27425.33373396135,3506.554713052168,1203.3932800000027,1212.41501910629,5000.0,3350.5162239610404,3921.0096980010894,3624.9011942124957,-1,-1,0.0,0.0,0.003240708028897643,0.02592645795084536,0.00024204200599342585,0.02940920798573643,-51.30685806274414
regularized_2026,stability,2,250,2025-09-08,9,no_season,42,2026,2026,42111.43254158242,0.0,0.0,17376.505259608424,59487.93780119084,58270.56742752425,58270.56742752425,3960.9694547492227,380,3781.2735825564932,13551.570287557803,14496.87652117416,28048.446808731966,1.1723832492724944,3,4,0,58,33,91,77,29990.74807005155,32269.399540003153,4620.690673914716,751.3018617992642,1168.685283697165,5000.0,3750.0,3624.9011942124957,1200.0,-1,-1,0.0,0.0,0.0032788339303806424,0.02580808405764401,0.0002482919953763485,0.029335209983401,-60.499759674072266
regularized_2026,stability,2,251,2025-09-09,9,no_season,42,2026,2026,46958.181031139306,0.0,0.0,4107.641438617519,51065.82246975682,65146.016849415755,65146.016849415755,792.6409218010103,180,10544.153226432294,19049.260912018333,16757.590633900538,35806.85154591888,1.4889902986409085,3,4,0,65,37,102,62,29042.506134121766,31542.506134121766,4316.768067439185,1206.5594916512755,1491.9521477466196,4930.167637268611,3750.0,1200.0,1607.6641674947748,-1,-1,0.0,0.0,0.003210208029486239,0.025517791975289583,0.00023745791986584663,0.02896545792464167,-50.98439025878906
regularized_2026,stability,2,252,2025-09-10,9,no_season,42,2026,2026,43441.14628189783,0.0,0.0,17795.665068508493,61236.81135040633,61350.12807119669,61350.12807119669,3873.5415591515257,380,2740.098907957528,15543.162593066485,14375.590520675798,29918.753113742285,1.2457809028894231,3,4,0,59,33,92,78,34006.3799926026,36506.3799926026,4362.563504206857,639.8943095793145,1246.6147130725954,5000.0,3750.0,1607.6641674947748,1200.0,-1,-1,0.0,0.0,0.003607042017392814,0.02568391605746001,0.00024395796936005354,0.029534916044212878,-61.46370315551758
regularized_2026,stability,2,253,2025-09-11,9,no_season,42,2026,2026,47438.36074105882,0.0,0.0,3853.3334990924673,51291.69424015129,64668.5326423191,64668.5326423191,729.7448004656128,180,9542.485545204228,18913.14224777175,16553.4361335246,35466.57838129635,1.4746431635612873,3,4,0,65,37,102,66,26689.185568944224,28790.958510917197,3215.731075232878,1398.6280501011042,1477.7740992206811,4995.548056633721,3750.0,1200.0,1693.7284027583169,-1,-1,0.0,0.0,0.0033030828926712275,0.026092583080753684,0.0002453330671414733,0.029640999040566385,-51.175350189208984
regularized_2026,stability,2,254,2025-09-12,9,no_season,42,2026,2026,20295.592151491084,0.0,0.0,4599.590884520443,24895.18303601153,33335.72869426027,33335.72869426027,1073.6475565172777,330,21396.45191070086,9347.656004182954,7886.387864106268,17234.043868289224,0.7158728269910583,1,2,0,46,15,61,28,12957.277657349801,14207.277657349801,3136.0188,224.8881999999992,718.0851611787176,1250.0,3687.89,1693.7284027583169,2248.710809152863,-1,-1,0.0,0.0,0.003287374973297119,0.02596037497278303,0.00023424997925758362,0.029481999925337732,-24.715381622314453
regularized_2026,stability,2,255,2025-09-13,9,no_season,42,2026,2026,26857.486059802643,0.0,0.0,590.2855245937263,27447.771584396367,37862.44781788143,37862.44781788143,150.99581307673134,70,25937.574792568455,11367.12272345283,7298.35536839645,18665.47809184928,0.7698725633519524,3,4,0,57,28,85,45,14912.948520116286,15838.17904330319,2209.673481114692,570.8617900000002,777.7282538270533,1250.0,3140.5300000000007,2248.710809152863,5339.3682379663405,-1,-1,0.0,0.0,0.0038025419926270843,0.02649316703900695,0.0002485419390723109,0.030544250970706344,-26.278833389282227
regularized_2026,stability,2,256,2025-09-14,9,no_season,42,2026,2026,42097.90230988061,0.0,0.0,10060.424384904569,52158.32669478517,61428.61780794605,61428.61780794605,2555.07216017845,690,7047.126778820087,5422.321120122371,8585.082680817959,14007.40380094033,0.59139738364207,1,2,0,14,15,29,26,13646.239576646927,15670.207054170476,3750.0,358.04958308005956,583.6418250391804,2500.0,3750.0,5339.3682379663405,1433.961997209956,-1,-1,0.0,0.0,0.0034944999497383833,0.025817290996201336,0.00023974990472197533,0.029551540850661695,-53.71809005737305
regularized_2026,stability,2,257,2025-09-15,9,no_season,42,2026,2026,46020.939549581475,0.0,0.0,7576.071154520991,53597.01070410246,67749.31035105696,67749.31035105696,1543.779625862568,280,13204.867269032195,12431.479136856335,11410.287062302326,23841.76619915866,0.9925431354836668,3,4,0,45,22,67,56,22927.708766507625,24935.55376045107,3364.468895549745,588.6586250005793,993.4069249649442,2500.0,3750.0,1433.961997209956,1200.0,-1,-1,0.0,0.0,0.003562083002179861,0.025860333000309765,0.00023516605142503977,0.029657582053914666,-53.741455078125
regularized_2026,stability,2,258,2025-09-16,9,no_season,42,2026,2026,45621.72303141108,0.0,0.0,4320.250304303403,49941.97333571448,68157.23985567446,68157.23985567446,969.6340626431223,310,8568.89698218591,10662.06952798343,9595.862575185092,20257.932103168525,0.8429106069876007,3,4,0,35,18,53,53,22841.913120522244,25017.76167413339,3379.374673444113,588.3940321914513,844.0805042986883,2500.0,3750.0,1200.0,1200.0,-1,-1,0.0,0.0,0.0033448340836912394,0.026101832976564765,0.00023566698655486107,0.029682334046810865,-49.987693786621094
regularized_2026,stability,2,259,2025-09-17,9,no_season,42,2026,2026,45225.63155410088,0.0,0.0,9048.778932565121,54274.410486666005,67439.0232061179,67439.0232061179,1953.2683737178124,390,8283.193285380743,11489.798944549722,10340.819050094753,21830.617994644475,0.9083483630543955,3,4,0,42,20,62,56,22621.716760148825,24830.58632226426,3750.0,456.4060833059232,909.6090831101865,2500.0,3750.0,1200.0,1200.0,-1,-1,0.0,0.0,0.0032929580193012953,0.025866041891276836,0.0002328749978914857,0.029391874908469617,-54.3232421875
regularized_2026,stability,2,260,2025-09-18,9,no_season,42,2026,2026,46138.980982716304,0.0,0.0,5491.250268610447,51630.23125132675,67579.51294298028,67579.51294298028,1311.8364891991055,350,8572.97895576818,13024.17744372852,11661.858083983992,24686.035527712513,1.0270207240301534,3,4,0,46,23,69,63,23164.166401420196,25505.619062856957,3460.0888397222852,675.8007390629793,1028.584813654688,2500.0,3750.0,1200.0,1263.1418466992816,-1,-1,0.0,0.0,0.0034477919107303023,0.0256650410592556,0.0002576670376583934,0.029370500007644296,-51.660194396972656
regularized_2026,stability,2,261,2025-09-19,9,no_season,42,2026,2026,23972.52611482048,0.0,0.0,2646.6159266493005,26619.142041469786,36299.04254484737,36299.04254484737,654.6655654560211,130,17763.79387034944,11434.315266831869,8345.753343544588,19780.068610376453,0.8185308487559556,3,4,0,58,24,82,46,15968.341745644142,17218.341745644142,2302.846553386653,536.1406324767108,824.1695254323525,1250.0,3271.129,1263.1418466992816,3313.4893131311414,-1,-1,0.0,0.0,0.0033902080031111836,0.0259505829308182,0.00023195799440145493,0.02957274892833084,-25.85987091064453
regularized_2026,stability,2,262,2025-09-20,9,no_season,42,2026,2026,26847.600421408417,0.0,0.0,1024.7404378638164,27872.340859272234,37349.07682523689,37349.07682523689,200.60363073438205,110,19481.445414786904,10977.335382113202,8554.53407426217,19531.869456375374,0.8096368916460791,3,4,0,58,33,91,65,17847.592738486743,18879.285751567582,2248.4843154396513,506.99150900508084,813.8278940156406,1250.0,3336.95,3313.4893131311414,4710.233381844743,-1,-1,0.0,0.0,0.003516457974910736,0.025912250042892992,0.0002304170047864318,0.02965912502259016,-27.368717193603516
regularized_2026,stability,2,263,2025-09-21,9,no_season,42,2026,2026,45600.71327191108,0.0,0.0,3624.7952915742917,49225.508563485375,64969.223194860766,64969.223194860766,986.9714041621249,380,9828.721856284883,10412.483256463407,12572.49799705873,22984.981253522135,0.9637802280350402,3,4,0,39,25,64,44,21453.651803179426,23953.651803179426,3520.359386799135,667.2419718508968,957.707552230089,2500.0,3750.0,4710.233381844743,1335.8058222786995,-1,-1,0.0,0.0,0.0032628750195726752,0.025702583021484315,0.00025270809419453144,0.029218166135251522,-50.59716796875
regularized_2026,stability,2,264,2025-09-22,9,no_season,42,2026,2026,45018.24105104768,0.0,0.0,13050.443038304815,58068.68408935249,66534.77850783576,66534.77850783576,2874.3008963089846,360,7785.725361971707,11381.708742135177,10372.374583295476,21754.08332543065,0.9054616581732094,3,4,0,43,21,64,65,23105.32102202335,25399.021078317335,3612.8562146647455,634.8765140321088,906.4201385596105,2475.6011112978013,3750.0,1335.8058222786995,1200.0,-1,-1,0.0,0.0,0.003394166938960552,0.025914917001500726,0.00024412490893155336,0.02955320884939283,-58.17062759399414
regularized_2026,stability,2,265,2025-09-23,9,no_season,42,2026,2026,46577.733056347584,0.0,0.0,12608.49332559044,59186.22638193802,68526.9860777674,68526.9860777674,2423.06432458409,300,7579.410499032669,12539.798007836522,11285.773687851033,23825.57169568756,0.9913561222735037,3,4,0,48,22,70,63,23995.11059701947,26495.11059701947,3750.0,578.9415792409841,992.7321539869814,2500.0,3750.0,1200.0,1200.0469273591375,-1,-1,0.0,0.0,0.003317333059385419,0.02582633390557021,0.00023016706109046936,0.029373834026046097,-59.239356994628906
regularized_2026,stability,2,266,2025-09-24,9,no_season,42,2026,2026,47025.39856130129,0.0,0.0,8179.077089450169,55204.47565075146,68674.21925365407,68674.21925365407,1454.558202159346,260,7770.769610215002,12948.27264800253,11653.489902404115,24601.762550406645,1.0236527886203226,3,4,0,51,24,75,69,25848.803275295577,28348.803275295577,3692.552448576116,594.758304517477,1025.0734396002767,2500.0,3750.0,1200.0469273591375,1200.0,-1,-1,0.0,0.0,0.003426874987781048,0.025953833013772964,0.00023666699416935444,0.029617374995723367,-55.25956726074219
regularized_2026,stability,2,267,2025-09-25,9,no_season,42,2026,2026,46922.77978221372,0.0,0.0,8458.162753461624,55380.94253567535,68208.53603036422,68208.53603036422,2039.9982107714186,370,8649.353640857564,12637.317002780734,11373.585302502666,24010.9023052834,0.9990676310589887,3,4,0,46,23,69,61,23045.187928155436,25545.187928155436,3307.6347711536946,683.4156302980075,1000.4542627201416,2500.0,3750.0,1200.0,1200.0,-1,-1,0.0,0.0,0.0033676670864224434,0.025851665996015072,0.0002495830412954092,0.029468916123732924,-55.43427276611328
regularized_2026,stability,2,268,2025-09-26,9,no_season,42,2026,2026,25634.037361761988,0.0,0.0,1038.4563748016617,26672.49373656365,38146.785696275474,38146.785696275474,234.41158017055162,80,17071.85750446484,10954.420697030597,7339.324425049414,18293.74512208001,0.7553584657685734,3,4,0,56,22,78,51,16285.005003847065,17410.03629318985,2011.4897463063965,525.5323122903956,762.2393800866671,1250.0,3132.1836999999996,1200.0,3855.948731737827,-1,-1,0.0,0.0,0.0033178330631926656,0.02615362498909235,0.0002412910107523203,0.029712749063037336,-25.67326545715332
regularized_2026,stability,2,269,2025-09-27,9,no_season,42,2026,2026,25341.786524788495,0.0,0.0,3739.492654663575,29081.27917945207,39578.18709316172,39578.18709316172,933.9375544576869,220,24012.323553066864,6255.673691501212,7557.174846948668,13812.84853844988,0.5791922866671635,1,2,0,36,15,51,44,14565.255376750927,15815.255376750927,2194.1600000000003,347.2475359429549,575.5353557687451,1250.0,3335.190600000001,3855.948731737827,1824.640150088306,-1,-1,0.0,0.0,0.003443541005253792,0.026613500085659325,0.00024616695009171963,0.030303208041004837,-29.90719223022461
regularized_2026,stability,2,270,2025-09-28,9,no_season,42,2026,2026,44973.89313752116,0.0,0.0,15572.596686272236,60546.489823793396,64488.09464071036,64488.09464071036,2633.514452700219,220,2743.8499900587985,14827.156143656588,13937.02620697147,28764.18235062806,1.198216288843185,3,4,0,71,31,102,90,27300.33610537983,29485.522621813907,3279.431982653621,517.02559,1198.5075979428357,2500.0,3750.0,1824.640150088306,1200.0,-1,-1,0.0,0.0,0.003540499950759113,0.02631908399052918,0.00027550000231713057,0.030135083943605423,-60.854591369628906
regularized_2026,stability,2,271,2025-09-29,9,no_season,42,2026,2026,46050.55979965514,0.0,0.0,5633.146503686914,51683.706303342056,65764.81360898825,65764.81360898825,1248.871199506011,350,2513.239431034297,17405.53777459955,15664.983997139596,33070.52177173915,1.376028581695825,3,4,0,72,33,105,87,27565.646088575602,29817.19004185299,3750.0,422.25733221215773,1377.9384071557977,2500.0,3750.0,1200.0,1200.0,-1,-1,0.0,0.0,0.0034622090170159936,0.027089125011116266,0.0002566669136285782,0.030808000941760838,-51.756011962890625
regularized_2026,stability,2,272,2025-09-30,9,no_season,42,2026,2026,46561.75236045665,0.0,0.0,17966.318804821454,64528.0711652781,65970.84125222333,65970.84125222333,3385.513754071241,370,2425.9431887123965,15082.37050915496,13574.13345823946,28656.50396739442,1.1923660830870777,3,4,0,70,30,100,83,26679.807349807776,28663.948194239598,3559.1340383394245,426.8675289458552,1194.0209986414343,2500.0,3750.0,1200.0,1200.0,-1,-1,0.0,0.0,0.003644458018243313,0.026410290971398354,0.00024937500711530447,0.03030412399675697,-64.59131622314453
regularized_2026,stability,2,273,2025-10-01,10,no_season,42,2026,2026,47750.12927847208,0.0,0.0,191.3223015333672,47941.45158000545,67899.69781761632,67899.69781761632,53.338501371459984,30,14938.285930767233,17784.213269633332,14430.98441474611,32215.197684379447,1.336799137813862,3,4,0,70,36,106,66,23620.92898495454,26120.92898495454,3387.0654820403524,742.458263299077,1342.2999035158102,2500.0,3727.03082310403,1200.0,2859.992888206233,-1,-1,0.0,0.0,0.003415167098864913,0.026025458006188273,0.0002342909574508667,0.029674916062504053,-47.361610412597656
regularized_2026,stability,2,274,2025-10-02,10,no_season,42,2026,2026,43342.808804893335,0.0,0.0,847.6637894234754,44190.47259431681,62255.75306622892,62255.75306622892,255.22636761278602,110,10955.93361784646,12379.865441450933,12555.602742122352,24935.468183573288,1.0408057887585294,3,4,0,54,28,82,66,25256.060824809232,26235.015853880777,3272.7699217947156,1082.636225975564,1038.9778409822202,2500.0,3451.4144762234464,2859.992888206233,1369.7971108360275,-1,-1,0.0,0.0,0.003330040955916047,0.025661375024355948,0.00023787491954863071,0.029229290899820626,-44.82902908325195
regularized_2026,stability,2,275,2025-10-03,10,no_season,42,2026,2026,23651.26286491048,0.0,0.0,232.48014922677723,23883.74301413726,39030.81477945137,39030.81477945137,71.0122041553876,90,28438.783320008857,9495.39696258396,6649.506998986059,16144.90396157002,0.6673883465877201,1,2,0,48,15,63,43,12265.377512384739,13515.377512384739,2678.7185,314.0251337535648,672.704331732084,1250.0,2992.0539,1369.7971108360275,3368.7258062567125,-1,-1,0.0,0.0,0.003436082974076271,0.025718958000652492,0.00023816595785319805,0.02939320693258196,-23.136486053466797
regularized_2026,stability,2,276,2025-10-04,10,no_season,42,2026,2026,25546.647725081046,0.0,0.0,319.69825616965244,25866.3459812507,40751.489413274874,40751.489413274874,69.47162714598659,50,27249.161061274543,6982.12500366375,6506.307457850765,13488.432461514516,0.561753150719145,1,2,0,38,15,53,48,13518.273660629455,14768.273660629455,2433.3635,439.5804342790118,562.0180192297714,1250.0,2876.9058,3368.7258062567125,3134.300940750597,-1,-1,0.0,0.0,0.0032958330120891333,0.02568495797459036,0.0002313329605385661,0.02921212394721806,-25.988126754760742
regularized_2026,stability,2,277,2025-10-05,10,no_season,42,2026,2026,44751.51083540558,0.0,0.0,225.06313782801817,44976.5739732336,63662.26118472223,63662.26118472223,93.5358637726847,60,7693.267086228872,15983.711867434582,14657.142971835208,30640.854839269792,1.275561072919297,5,6,0,65,34,99,68,29614.688521953452,32052.958069925775,3546.5511138657507,1277.2159104492496,1276.7022849695747,2500.0,3381.6756155298176,3134.300940750597,2847.7961696614234,-1,-1,0.0,0.0,0.003542582970112562,0.025823290925472975,0.00024045794270932674,0.029606331838294864,-45.156700134277344
regularized_2026,stability,2,278,2025-10-06,10,no_season,42,2026,2026,44907.95774074369,0.0,0.0,846.7314284558711,45754.68916919956,64592.43657799376,64592.43657799376,221.274204210041,150,5956.680445952284,14938.398130046762,13814.477043795247,28752.875173842014,1.1972310911016082,5,6,0,60,31,91,65,29209.65205726961,31679.833270487037,3703.494151148964,1144.1621444869988,1198.0364655767505,2500.0,3356.3374668989127,2847.7961696614234,2457.8675944316014,-1,-1,0.0,0.0,0.003350874991156161,0.02600112499203533,0.00025829195510596037,0.02961029193829745,-45.97144317626953
regularized_2026,stability,2,279,2025-10-07,10,no_season,42,2026,2026,45385.9454962546,0.0,0.0,526.6077621721265,45912.55325842673,64719.08337815023,64719.08337815023,139.35432979379488,60,5181.1344853309365,16471.452728807028,14565.712506193951,31037.165235000983,1.2908250494182731,3,4,0,68,34,102,76,23114.814616085823,25614.814616085823,3167.4471570667083,873.8566628090284,1293.215218125041,2500.0,3265.997531169788,2457.8675944316014,2730.4506052886145,-1,-1,0.0,0.0,0.0033601669128984213,0.0260428749024868,0.00023637502454221249,0.029639416839927435,-45.873268127441406
regularized_2026,stability,2,280,2025-10-08,10,no_season,42,2026,2026,42685.905184114934,0.0,0.0,2836.477533561109,45522.38271767605,61794.228694875455,61794.228694875455,521.3985705979317,170,5397.701290832631,16555.821506940672,16116.391198966585,32672.21270590726,1.3622666374784254,3,4,0,68,34,102,67,22757.343812584186,25106.75630067788,3474.2614185087095,392.78381649428235,1361.342196079469,2500.0,3725.3460915886244,2730.4506052886145,1448.5140040866072,-1,-1,0.0,0.0,0.0033628750825300813,0.025778208975680172,0.00023849995341151953,0.029379584011621773,-46.09467697143555
regularized_2026,stability,2,281,2025-10-09,10,no_season,42,2026,2026,42337.88950593275,0.0,0.0,7005.6106012995815,49343.500107232336,61285.17215673435,61285.17215673435,1494.246231313297,320,5607.91566818606,16262.16502742762,14850.64399089937,31112.809018326996,1.2950665664794463,3,4,0,67,31,98,74,26324.381783304525,27574.381783304525,3747.641701142368,1070.2691754412565,1296.3670424302913,2500.0,3750.0,1448.5140040866072,1222.205111903408,-1,-1,0.0,0.0,0.003429583040997386,0.02586295804940164,0.00024279195349663496,0.029535333043895662,-49.50001525878906
regularized_2026,stability,2,282,2025-10-10,10,no_season,42,2026,2026,23594.016895909663,0.0,0.0,3267.1985463700794,26861.21544227974,38749.21104339572,38749.21104339572,674.9281470612613,200,27286.850933696405,9373.47683686902,6579.799496775111,15953.276333644131,0.6595074405061401,1,2,0,49,15,64,50,13680.721750434981,14597.988259740472,2717.52,434.1305851654305,664.7198472351721,1250.0,2828.1091,1222.205111903408,3178.9483793580494,-1,-1,0.0,0.0,0.0033292920561507344,0.026581874932162464,0.00024033396039158106,0.03015150094870478,-26.13030242919922
regularized_2026,stability,2,283,2025-10-11,10,no_season,42,2026,2026,23269.96954853712,0.0,0.0,418.2000841123584,23688.169632649475,35901.56740557723,35901.56740557723,89.76530556768921,60,20333.16306078187,10802.707085101205,9250.851018071487,20053.55810317269,0.83331670650133,3,4,0,54,30,84,58,15561.483295603655,16688.909047527006,2656.611,353.8098276253231,835.5649209655288,1250.0,2873.05,3178.9483793580494,3676.042994061055,-1,-1,0.0,0.0,0.003786750021390617,0.027958334074355662,0.00027291697915643454,0.03201800107490271,-23.537260055541992
regularized_2026,stability,2,284,2025-10-12,10,no_season,42,2026,2026,44520.044391142015,0.0,0.0,2525.907946082525,47045.952337224546,62143.18016787424,62143.18016787424,503.0666462777036,180,4705.840441177591,15019.87198688922,15594.4215972482,30614.29358413742,1.27862772387057,3,4,0,70,33,103,64,23508.21689534241,24758.21689534241,3750.0,1106.8039129625754,1275.5955660057257,2500.0,3750.0,3676.042994061055,1487.1810068045452,-1,-1,0.0,0.0,0.003608625032939017,0.027676249970681965,0.00026124995201826096,0.03154612495563924,-47.969024658203125
regularized_2026,stability,2,285,2025-10-13,10,no_season,42,2026,2026,44404.05908234828,0.0,0.0,2925.4792941183705,47329.53837646665,63002.66904712414,63002.66904712414,541.6788554576243,170,5194.336863710321,15950.595635442354,14627.979896570916,30578.575532013278,1.272971181391988,3,4,0,73,31,104,77,25046.944645599193,26210.453585475298,3557.641777577651,1189.0640834298508,1274.107313833886,2500.0,3750.0,1487.1810068045452,1200.0,-1,-1,0.0,0.0,0.003614207962527871,0.027824667049571872,0.0002715000882744789,0.03171037510037422,-47.50853729248047
regularized_2026,stability,2,286,2025-10-14,10,no_season,42,2026,2026,44546.49268720015,0.0,0.0,12079.011674461302,56625.50436166146,63250.783030432816,63250.783030432816,2078.3435053307467,300,3017.039448106261,15382.578043239577,13844.32023891561,29226.89828215519,1.2160995725483281,3,4,0,72,29,101,81,25188.751271971698,26438.751271971698,3657.6951826458826,991.9200942758412,1217.7874284231325,2500.0,3750.0,1200.0,1200.0,-1,-1,0.0,0.0,0.0034257910447195172,0.026234082994051278,0.0004236249951645732,0.030083499033935368,-56.689449310302734
regularized_2026,stability,2,287,2025-10-15,10,no_season,42,2026,2026,45862.00031377195,0.0,0.0,8973.718667096346,54835.71898086829,64777.14498784334,64777.14498784334,1454.9797581070295,210,2750.746382662293,15613.547132880725,14052.192419592651,29665.739552473373,1.2343592823573692,3,4,0,72,29,101,82,27317.425383088892,28378.673813493755,3587.656260786699,697.5848601863166,1236.0724813530574,2500.0,3750.0,1200.0,1200.0,-1,-1,0.0,0.0,0.0035352499689906836,0.026017499971203506,0.0002419579541310668,0.029794707894325256,-54.90092468261719
regularized_2026,stability,2,288,2025-10-16,10,no_season,42,2026,2026,46528.80060543513,0.0,0.0,13428.945729027968,59957.74633446309,65013.81743640102,65013.81743640102,2396.299200930839,240,2979.1948733921017,14644.488139397525,13180.03932545777,27824.527464855295,1.1577484421954396,3,4,0,70,28,98,80,24046.488158190154,25133.13933044584,3678.9263814837914,711.6447854871392,1159.3553110356374,2500.0,3750.0,1200.0,1200.0,-1,-1,0.0,0.0,0.0037712909979745746,0.026082374970428646,0.00023783405777066946,0.03009150002617389,-60.01862335205078
regularized_2026,stability,2,289,2025-10-17,10,no_season,42,2026,2026,24795.84824552306,0.0,0.0,220.82163594541635,25016.66988146848,39405.845626618415,39405.845626618415,49.604425640622594,60,20259.171018534664,9944.600708126514,6752.520991068805,16697.12169919532,0.6896691121196907,3,4,0,50,16,66,40,14257.93043632487,15490.851198381588,2707.759,511.60388229039626,695.7134041331384,1250.0,2888.3439,1200.0,3516.494504289292,-1,-1,0.0,0.0,0.0032976249931380153,0.02624054194893688,0.00024208298418670893,0.029780249926261604,-24.1467227935791
regularized_2026,stability,2,290,2025-10-18,10,no_season,42,2026,2026,23273.13206902988,0.0,0.0,1835.3305430528028,25108.462612082687,35795.13378032177,35795.13378032177,436.84237206379686,170,18941.453554569922,10106.775829644175,8892.846498495195,18999.62232813937,0.7900838624676405,3,4,0,52,29,81,59,15816.520019994041,17066.52001999404,2722.1329,516.6405494920225,791.6509303391405,1250.0,2798.4002,3516.494504289292,3730.7406585140275,-1,-1,0.0,0.0,0.0032788339303806424,0.02636729192454368,0.00023987505119293928,0.02988600090611726,-25.06622314453125
regularized_2026,stability,2,291,2025-10-19,10,no_season,42,2026,2026,44900.42319778151,0.0,0.0,16762.477138802325,61662.90033658383,62607.8303971855,62607.8303971855,2782.877694706839,300,2560.0628213756627,13457.941316129572,14513.01857894623,27970.959895075805,1.169391206834424,3,4,0,70,32,102,87,28123.261604831998,29244.615318250686,3654.9152301571285,541.1677842396626,1165.456662294825,2500.0,3750.0,3730.7406585140275,1200.0,-1,-1,0.0,0.0,0.0033782500540837646,0.02620908396784216,0.0002604579785838723,0.0298477920005098,-62.71538543701172
regularized_2026,stability,2,292,2025-10-20,10,no_season,42,2026,2026,48554.96978795179,0.0,0.0,8901.694237236386,57456.664025188176,67769.63631589946,67769.63631589946,1399.479843413648,220,3121.309883607757,16070.239090386938,14463.215181348243,30533.454271735187,1.2704639517273808,3,4,0,70,31,101,78,26677.1162458162,28979.094519759412,3598.8487740366586,889.178984975061,1272.2272613222992,2500.0,3750.0,1200.0,1200.0,-1,-1,0.0,0.0,0.0035323749762028456,0.026177459047175944,0.0002524999435991049,0.029962333966977894,-57.52372741699219
regularized_2026,stability,2,293,2025-10-21,10,no_season,42,2026,2026,49381.4344121014,0.0,0.0,6904.725610502473,56286.16002260387,68810.11321252887,68810.11321252887,1137.0819403562937,210,1865.427364281113,16191.864386040404,14572.677947436356,30764.542333476762,1.2800792756112886,3,4,0,72,32,104,87,27295.628665463984,28330.128934276425,3543.4307788183,1159.207437407289,1281.8559305615317,2500.0,3750.0,1200.0,1200.0,-1,-1,0.0,0.0,0.0036487500183284283,0.026312041096389294,0.00024029205087572336,0.030201083165593445,-56.353553771972656
regularized_2026,stability,2,294,2025-10-22,10,no_season,42,2026,2026,48816.62912877134,0.0,0.0,10450.677998868216,59267.30712763955,67960.52422786808,67960.52422786808,1662.3214971255034,200,2484.3736501084036,15835.753748851717,14252.178373966537,30087.932122818256,1.251926257798036,3,4,0,71,30,101,75,25909.1454713288,27071.73422135016,3750.0,1106.6383862876378,1253.6638384507607,2500.0,3750.0,1200.0,1200.0,-1,-1,0.0,0.0,0.0033475839300081134,0.0262993749929592,0.00023962499108165503,0.02988658391404897,-59.333099365234375
regularized_2026,stability,2,295,2025-10-23,10,no_season,42,2026,2026,48827.76022234694,0.0,0.0,5796.469083642363,54624.2293059893,67821.09364820123,67821.09364820123,1205.3727824002945,230,4009.0478814568924,16379.215158112995,14741.29364230169,31120.508800414693,1.2948906546398,3,4,0,72,32,104,77,25449.90113937162,26509.335289603783,3459.1082223065396,1198.3782202709021,1296.6878666839452,2500.0,3750.0,1200.0,1200.0,-1,-1,0.0,0.0,0.0033226250670850277,0.026495708036236465,0.00024637498427182436,0.030064708087593317,-54.69197082519531
regularized_2026,stability,2,296,2025-10-24,10,no_season,42,2026,2026,24310.94296072685,0.0,0.0,3881.0906871011903,28192.03364782804,38735.06170087196,38735.06170087196,832.6544409639389,210,18730.72899278722,9493.32811425845,7076.391681876435,16569.719796134887,0.686055566735143,3,4,0,51,17,68,51,15896.89400244908,17115.743582177463,2890.19,514.1473809247959,690.4049915056203,1250.0,2890.19,1200.0,2746.990048177308,-1,-1,0.0,0.0,0.0034177920315414667,0.026104874908924103,0.0002446250291541219,0.02976729196961969,-27.623327255249023
regularized_2026,stability,2,297,2025-10-25,10,no_season,42,2026,2026,22302.05607829558,0.0,0.0,1598.0269566001832,23900.08303489576,34706.13938939462,34706.13938939462,370.85850847671753,190,13652.706828863355,10812.036829118955,8786.178493444306,19598.21532256326,0.8132768366826023,6,6,0,53,25,78,36,22105.48334133278,23156.657760500817,3312.383069525591,1088.987951630457,816.5923051068025,1250.0,2837.6982000000003,2746.990048177308,3742.7434831792316,-1,-1,0.0,0.0,0.003520792000927031,0.02654512505978346,0.00025829195510596037,0.03032420901581645,-23.554489135742188
regularized_2026,stability,2,298,2025-10-26,10,no_season,42,2026,2026,47418.81563252536,0.0,0.0,2583.7495197531716,50002.565152278534,65725.49445490037,65725.49445490037,544.0990842796227,170,2521.6947572045365,16158.450390277072,16954.863624968282,33113.314015245356,1.383385312435273,3,4,0,69,37,106,86,28184.661232175054,29034.353072437654,3399.7165885415197,1061.935241582701,1379.72141730189,2500.0,3750.0,3742.7434831792316,1200.0,-1,-1,0.0,0.0,0.003405457944609225,0.026248249923810363,0.00024279102217406034,0.029896498890593648,-51.06999206542969
regularized_2026,stability,2,299,2025-10-27,10,no_season,42,2026,2026,48149.09604237191,0.0,0.0,10666.017923975645,58815.11396634755,67716.50783376381,67716.50783376381,1790.2902282624175,220,4302.53877664127,16516.776187182713,14865.098568464437,31381.874755647154,1.3057658088682238,5,6,0,72,32,104,77,32164.76676720276,34610.83595247754,3646.816955563726,1160.4848842349156,1307.5781148186313,2500.0,3750.0,1200.0,1200.0,-1,-1,0.0,0.0,0.0033342080423608422,0.02580579207278788,0.00023216695990413427,0.029372167075052857,-58.885101318359375
regularized_2026,stability,2,300,2025-10-28,10,no_season,42,2026,2026,49013.505327143284,0.0,0.0,7078.439784887692,56091.94511203098,68765.56749320003,68765.56749320003,1116.677351004273,160,2254.2201170968196,16556.030271074716,14900.427243967242,31456.457515041955,1.3088691166822752,3,4,0,71,33,104,87,25604.90130004609,27826.93731814056,3621.8624424598047,711.4429696978875,1310.685729793415,2500.0,3750.0,1200.0,1200.0,-1,-1,0.0,0.0,0.0035867500118911266,0.025941041996702552,0.0002466669538989663,0.029774458962492645,-56.160621643066406
regularized_2026,stability,2,301,2025-10-29,10,no_season,42,2026,2026,48965.00637494326,0.0,0.0,22793.773802700536,71758.7801776438,68554.66230230524,68554.66230230524,3520.7026519751785,250,1304.8920619870082,14582.160922933996,13123.944830640592,27706.10575357459,1.152821043089362,3,4,0,71,29,100,93,29849.08445320426,32259.15829325647,3473.088346694388,719.7910302497213,1154.4210730656077,2500.0,3750.0,1200.0,1200.0,-1,-1,0.0,0.0,0.003430292010307312,0.02619875001255423,0.00023458304349333048,0.02986362506635487,-71.82084655761719
regularized_2026,stability,2,302,2025-10-30,10,no_season,42,2026,2026,50570.35781173424,0.0,0.0,3452.1147090855256,54022.47252081976,70355.771782356,70355.771782356,693.3260923479664,230,4488.606777852149,17726.734468518094,15954.061021666283,33680.79549018438,1.401421409938289,3,4,0,72,34,106,71,23598.14591421839,25871.506723563303,3750.0,634.3542491728892,1403.3664787576824,2500.0,3750.0,1200.0,1200.0,-1,-1,0.0,0.0,0.0033117500133812428,0.026108665973879397,0.0002412919420748949,0.029661707929335535,-54.09520721435547
regularized_2026,stability,2,303,2025-10-31,10,no_season,42,2026,2026,23694.8114430906,0.0,0.0,2211.262531388969,25906.073974479565,37003.38014403155,37003.38014403155,484.5378684451722,190,10662.128458325536,10577.54032299869,7656.04283551417,18233.58315851286,0.7543713991762876,5,6,0,55,19,74,43,21701.120835821013,21701.120835821013,3187.3122706191602,1025.95288253784,759.7326316047024,1250.0,2925.73,1200.0,3164.558097538478,-1,-1,0.0,0.0,0.0034492919221520424,0.026180375018157065,0.000258082989603281,0.02988774992991239,-25.17828369140625
regularized_2026,stability,2,304,2025-11-01,11,no_season,42,2026,2026,21907.821227444074,0.0,0.0,3197.4468686616533,25105.268096105727,33448.18036030308,33448.18036030308,869.0534757242672,350,10419.548408290324,10533.017606322694,9179.370611919006,19712.3882182417,0.8195168370006756,4,4,0,55,27,82,50,18787.112019128253,20037.112019128253,3203.5563648696802,694.9195572627909,821.3495090934042,1250.0,2769.3428,3164.558097538478,3481.1497719029417,-1,-1,0.0,0.0,0.0033873330103233457,0.025575999985449016,0.0002353329909965396,0.0291986659867689,-25.02499008178711
regularized_2026,stability,2,305,2025-11-02,11,no_season,42,2026,2026,47121.778185322335,0.0,0.0,20884.291714056963,68006.06989937929,65398.95733141049,65398.95733141049,3638.372541834421,410,946.6431653208836,14583.914635467552,15289.61186087686,29873.52649634441,1.2480075934011656,3,4,0,69,33,102,87,25383.36075878069,27705.322129518932,3671.681860216936,708.6895692856007,1244.7302706810171,2357.8349348209176,3750.0,3481.1497719029417,1200.0,-1,-1,0.0,0.0,0.0034758750116452575,0.026110125007107854,0.00024133396800607443,0.029827333986759186,-68.96436309814453
regularized_2026,stability,2,306,2025-11-03,11,no_season,42,2026,2026,49212.23963541773,0.0,0.0,19723.982088561457,68936.2217239792,68467.65607369173,68467.65607369173,3411.82940124102,250,879.0490844981128,14955.061071012977,13459.554963911676,28414.616034924657,1.1823013882829532,3,4,0,71,30,101,99,27201.080921623412,29543.122211706854,3596.746140847289,492.9296920062383,1183.9423347885272,2404.020359329884,3750.0,1200.0,1200.0,-1,-1,0.0,0.0,0.003419124986976385,0.026189915952272713,0.0002534158993512392,0.029862456838600338,-68.99916076660156
regularized_2026,stability,2,307,2025-11-04,11,no_season,42,2026,2026,49143.675887539575,0.0,0.0,15188.993988419992,64332.66987595957,68467.18498497765,68467.18498497765,2692.547937193836,390,1950.3551474409512,16293.057413971925,14663.751672574726,30956.80908654665,1.2880792869011048,3,4,0,71,30,101,80,24314.289311283646,26513.14734769895,3717.6543343998483,633.9124916443434,1289.8670452727772,2500.0,3750.0,1200.0,1200.0,-1,-1,0.0,0.0,0.003433916950598359,0.02590166707523167,0.0002417919458821416,0.029577375971712172,-64.40008544921875
regularized_2026,stability,2,308,2025-11-05,11,no_season,42,2026,2026,49360.48827592467,0.0,0.0,18194.67827669932,67555.166552624,68981.46480183682,68981.46480183682,3116.928570803162,280,876.7435400799984,15436.297658933072,13892.667893039761,29328.965551972833,1.2203464810638374,3,4,0,72,30,102,95,28131.483020190033,30495.240222773587,3651.2764637963946,850.1394271487245,1222.0402313322013,2388.508025513251,3715.7307487443104,1200.0,1200.0,-1,-1,0.0,0.0,0.003309000050649047,0.02606858394574374,0.00026629201602190733,0.029643876012414694,-67.62012481689453
regularized_2026,stability,2,309,2025-11-06,11,no_season,42,2026,2026,48986.27281222728,0.0,0.0,30048.296315091913,79034.56912731919,68500.44638123264,68500.44638123264,4966.725063028952,420,692.8048107133257,14047.820835482718,12643.03875193444,26690.85958741716,1.1105777500523721,3,4,0,69,28,97,87,25956.988824925535,28439.22112747409,3574.472465035484,630.7163623654335,1112.119149475715,2482.232302548556,3750.0,1200.0,1200.0,-1,-1,0.0,0.0,0.003333625034429133,0.02616937505081296,0.0002507499884814024,0.029753750073723495,-79.09384155273438
regularized_2026,stability,2,310,2025-11-07,11,no_season,42,2026,2026,23856.85147464822,0.0,0.0,3047.2940050512543,26904.145479699477,36674.869746999575,36674.869746999575,721.1530040217885,310,11451.279842934327,10329.955989070135,7703.674864316434,18033.630853386567,0.7466767926932176,5,6,0,55,19,74,45,22061.794972233103,22061.794972233103,3519.392830608375,753.740044398622,751.4012855577736,1250.0,2897.97,1200.0,2879.470408218197,-1,-1,0.0,0.0,0.0034611669834703207,0.026043333113193512,0.0002429999876767397,0.029747500084340572,-26.28760528564453
regularized_2026,stability,2,311,2025-11-08,11,no_season,42,2026,2026,21015.022668698337,0.0,0.0,3578.0227621391596,24593.045430837494,33168.46747183222,33168.46747183222,804.493864551428,310,10140.124954684416,10007.007955429082,9965.378673729847,19972.386629158933,0.8332463651024564,2,2,0,49,29,78,34,11120.410014137009,12370.410014137009,2263.194376063604,420.59174234822376,832.1827762149555,1250.0,2698.8,2879.470408218197,1868.5202673076194,-1,-1,0.0,0.0,0.0036944999592378736,0.02791524992790073,0.000272250035777688,0.03188199992291629,-25.031234741210938
regularized_2026,stability,2,312,2025-11-09,11,no_season,42,2026,2026,51420.706943373334,0.0,0.0,13835.69460184919,65256.40154522252,69900.33930885747,69900.33930885747,2951.35294620863,270,582.9319855367573,15561.57098199014,14639.627895794129,30201.19887778427,1.2581052179746157,3,4,0,70,37,107,106,28903.40014196496,31403.40014196496,4573.90667434517,578.6155511026865,1258.3832865743445,2500.0,3684.9976723742193,1868.5202673076194,1200.0,-1,-1,0.0,0.0,0.0035687920171767473,0.02665704197715968,0.00025050004478543997,0.030476334039121866,-65.58493041992188
regularized_2026,stability,2,313,2025-11-10,11,no_season,42,2026,2026,52060.37091756376,0.0,0.0,24556.155754417905,76616.52667198167,71341.59102321308,71341.59102321308,4724.920534146553,450,726.5336260357236,14815.348313239005,13333.813481915106,28149.161795154112,1.1712561249642246,3,4,0,71,33,104,92,26137.32205477784,28544.347992158255,4792.036526086802,488.5046439493265,1172.8817414647544,2500.0,2500.0,1200.0,1200.0,-1,-1,0.0,0.0,0.003618749906308949,0.02596079104114324,0.00024049996864050627,0.029820040916092694,-76.6787338256836
regularized_2026,stability,2,314,2025-11-11,11,no_season,42,2026,2026,53038.65327149494,0.0,0.0,7946.8222233770175,60985.475494871964,72399.19856208877,72399.19856208877,1782.7109258674996,220,894.2552185915297,17286.34602698068,15557.711424282606,32844.05745126329,1.3666056466765355,5,6,0,72,38,110,107,35042.414632316475,37430.681093983636,4845.357856525086,1088.2805743317047,1368.5023938026368,2500.0,3612.369944635375,1200.0,1200.0,-1,-1,0.0,0.0,0.0033135830890387297,0.025837583001703024,0.0002503329887986183,0.029401499079540372,-61.05895233154297
regularized_2026,stability,2,315,2025-11-12,11,no_season,42,2026,2026,53198.97096646398,0.0,0.0,8244.61113525331,61443.5821017173,72420.53735826007,72420.53735826007,1723.0563954641707,280,1462.780073477638,17248.259302466016,15523.433372219408,32771.69267468543,1.3635946267244927,3,4,0,71,38,109,93,25230.758085548274,27619.27822663356,4747.056430095754,572.8298282112052,1365.4871947785593,2500.0,3573.8334663716078,1200.0,1200.0,-1,-1,0.0,0.0,0.003319084062241018,0.02584200003184378,0.00023654208052903414,0.029397626174613833,-61.514854431152344
regularized_2026,stability,2,316,2025-11-13,11,no_season,42,2026,2026,53373.31613957103,0.0,0.0,15939.18408848646,69312.5002280575,72034.83606950624,72034.83606950624,3431.721086389372,300,1562.6557752176632,15080.300640112893,13572.270576101602,28652.571216214496,1.1922024455712978,3,4,0,71,35,106,92,25896.640663367456,28156.70943272542,4640.504750564349,513.6806938571789,1193.8571340089372,2500.0,2500.0,1200.0,1200.0,-1,-1,0.0,0.0,0.0033711250871419907,0.025868707918561995,0.00024679198395460844,0.029486624989658594,-69.3756332397461
regularized_2026,stability,2,317,2025-11-14,11,no_season,42,2026,2026,23299.525594886727,0.0,0.0,3139.5982154367452,26439.123810323475,35642.993229552565,35642.993229552565,703.2173664659495,310,7811.889982649849,9186.328216841352,8250.462903472691,17436.791120314043,0.7254861524289206,1,2,0,49,21,70,41,11843.188709861632,11843.188709861632,2500.0,285.6368875426693,726.5329633464185,1250.0,2806.8467,1200.0,1218.1646411609963,-1,-1,0.0,0.0,0.003285083919763565,0.02574616693891585,0.0002319159684702754,0.02926316682714969,-26.469356536865234
regularized_2026,stability,2,318,2025-11-15,11,no_season,42,2026,2026,22576.847738064338,0.0,0.0,4082.4030858978363,26659.250823962175,35773.14596853895,35773.14596853895,967.2755101289575,310,7646.893328555083,8988.737251306658,8107.096017860502,17095.83326916716,0.7113789351216337,1,2,0,49,20,69,37,10133.500159529514,10133.500159529514,2404.4624396144027,283.8617342797701,712.3263862152984,1250.0,2653.56,1218.1646411609963,1200.0,-1,-1,0.0,0.0,0.003447500057518482,0.025880582979880273,0.00023387500550597906,0.029561958042904735,-26.702678680419922
regularized_2026,stability,2,319,2025-11-16,11,no_season,42,2026,2026,54687.5726258476,0.0,0.0,13358.192978486393,68045.765604334,74182.2025609948,74182.2025609948,2857.412693368933,260,1010.9605846483305,15941.10286382063,14346.992577438563,30288.095441259196,1.2602548366176536,3,4,0,70,36,106,93,28137.0089481646,30257.11900922626,4655.621176357381,511.73891789431974,1262.0039767191329,2500.0,3750.0,1200.0,1200.0,-1,-1,0.0,0.0,0.0034305420704185963,0.025927458074875176,0.00026183307636529207,0.029619833221659064,-68.11259460449219
regularized_2026,stability,2,320,2025-11-17,11,no_season,42,2026,2026,55597.57187774021,0.0,0.0,2839.859807034435,58437.43168477464,75699.20043170237,75699.20043170237,621.2486994073663,160,1809.8856260669318,18148.091717094678,16333.28254538521,34481.37426247988,1.4347326252913826,5,6,0,72,41,113,83,36778.590673565006,39278.590673565006,4960.341021592139,1162.7365854475718,1436.7239276033285,2500.0,3686.116204776796,1200.0,1200.0,-1,-1,0.0,0.0,0.0033094999380409718,0.025894999969750643,0.00023991696070879698,0.02944441686850041,-58.514549255371094
regularized_2026,stability,2,321,2025-11-18,11,no_season,42,2026,2026,54869.98201495495,0.0,0.0,16616.419809564424,71486.40182451937,74437.63124670726,74437.63124670726,3344.2724715270297,200,1396.4625320732125,14948.893528277371,13454.004175449634,28402.89770372701,1.18181380121768,3,4,0,71,34,105,100,26835.156536658746,29155.825578790427,4606.464121906378,467.83395270543383,1183.4540709886253,2497.0758854700343,2648.9238709616293,1200.0,1200.0,-1,-1,0.0,0.0,0.0034433749970048666,0.02564970904495567,0.0002417919458821416,0.02933487598784268,-71.54924011230469
regularized_2026,stability,2,322,2025-11-19,11,no_season,42,2026,2026,55197.01511735206,0.0,0.0,12819.445597736225,68016.46071508828,74966.9413475406,74966.9413475406,2766.627483396884,270,755.8673217824909,16093.899091549953,14484.509182394959,30578.408273944908,1.2723344390553148,3,4,0,71,36,107,100,29742.493338442477,32120.249059752434,4659.791633289555,721.9620878786154,1274.1003447477046,2450.4451172896242,3750.0,1200.0,1200.0,-1,-1,0.0,0.0,0.003546916996128857,0.025613290956243873,0.00024758302606642246,0.029407790978439152,-68.08424377441406
regularized_2026,stability,2,323,2025-11-20,11,no_season,42,2026,2026,55852.89070693139,0.0,0.0,11686.7360750275,67539.62678195888,75527.55720326156,75527.55720326156,2451.846101069866,210,1542.7332143021763,16435.94056695919,14792.346510263269,31228.287077222456,1.2993751919687562,5,6,0,72,37,109,102,37853.2915244731,40214.77173742857,4742.957019503005,1226.1841550156528,1301.1786282176026,2500.0,3750.0,1200.0,1200.0,-1,-1,0.0,0.0,0.0033815839560702443,0.026065167039632797,0.00024349999148398638,0.029690250987187028,-67.61042785644531
regularized_2026,stability,2,324,2025-11-21,11,no_season,42,2026,2026,24701.629261780272,0.0,0.0,2787.785977015206,27489.41523879548,37094.32956089027,37094.32956089027,673.3093016894134,310,7558.009830599036,9496.851250878077,8151.606285564094,17648.45753644217,0.733418818731416,1,2,0,49,22,71,43,10217.426462214109,10217.426462214109,2260.3307240129107,190.3769708557753,735.3523973517572,1250.0,2472.58943153386,1200.0,1616.9566820023288,-1,-1,0.0,0.0,0.0032567919697612524,0.025952833937481046,0.00024066597688943148,0.02945029188413173,-27.363664627075195
regularized_2026,stability,2,325,2025-11-22,11,no_season,42,2026,2026,24136.079041271485,0.0,0.0,2938.5631556519893,27074.64219692348,37603.5339029742,37603.5339029742,678.6232217195341,280,7109.954851440025,13310.363435651332,12357.990645730959,25668.35408138229,1.068907724871095,11,12,0,59,38,97,67,47383.29618521675,49614.323177932354,3647.4934547676444,3301.0560426740512,1069.5147533909287,2500.0,2500.0,1616.9566820023288,1217.810249865393,-1,-1,0.0,0.0,0.003626915975473821,0.026554833981208503,0.0002662499900907278,0.030447999946773052,-27.292720794677734
regularized_2026,stability,2,326,2025-11-23,11,no_season,42,2026,2026,55856.10672238667,0.0,0.0,5902.713055505616,61758.819777892284,78239.96319359477,78239.96319359477,1225.1029196974443,210,2386.644774124771,18632.213424154954,16785.888368320855,35418.10179247581,1.473747900511756,5,6,0,75,43,118,87,33410.556541349244,35752.58923437686,4570.197611113736,1218.1930124573291,1475.7542413531587,2500.0,2500.0,1217.810249865393,1200.0,-1,-1,0.0,0.0,0.003390875062905252,0.025860083987936378,0.00024420791305601597,0.029495166963897645,-61.844078063964844
regularized_2026,stability,2,327,2025-11-24,11,no_season,42,2026,2026,55725.987182917685,0.0,0.0,6109.886281930393,61835.873464848075,77465.20422950812,77465.20422950812,1329.7903539420604,200,2855.492636936472,17775.58246513715,15998.024218623434,33773.60668376059,1.4052831831495993,3,4,0,74,42,116,98,23834.553796483753,25945.984916189314,2436.5634182021718,548.2141119536169,1407.2336118233577,2500.0,2500.0,1200.0,1200.0,-1,-1,0.0,0.0,0.0036508330376818776,0.02603341604117304,0.0002465419238433242,0.029930791002698243,-61.9088134765625
regularized_2026,stability,2,328,2025-11-25,11,no_season,42,2026,2026,55213.30545595749,0.0,0.0,9866.357608801383,65079.663064758875,77143.98047031528,77143.98047031528,2095.058675216725,210,1311.8457512408536,17585.32927624479,15826.796348620304,33412.1256248651,1.3902423479243464,5,6,0,75,41,116,106,33559.67420136427,36059.67420136427,4699.527844690447,1217.759556104519,1392.1719010360457,2500.0,2500.0,1200.0,1200.0,-1,-1,0.0,0.0,0.0033670830307528377,0.02638004196342081,0.0002449579769745469,0.029992082971148193,-65.15399932861328
regularized_2026,stability,2,329,2025-11-26,11,no_season,42,2026,2026,56261.78108510848,0.0,0.0,5234.1185135351025,61495.899598643584,78816.17535853019,78816.17535853019,1180.7796707346924,140,1426.1215332405113,18131.666126910364,16318.499514219326,34450.16564112969,1.4334340683690092,5,6,0,75,43,118,112,35994.82048305507,38494.82048305507,4778.106145227768,1211.4612963914612,1435.423568380404,2500.0,2500.0,1200.0,1200.0,-1,-1,0.0,0.0,0.0035204170271754265,0.027626082999631763,0.00024516601115465164,0.03139166603796184,-61.57279968261719
regularized_2026,stability,2,330,2025-11-27,11,no_season,42,2026,2026,56136.823617916896,0.0,0.0,5598.2447180943445,61735.068336011245,78296.23651929178,78296.23651929178,1206.7487337842908,130,1894.2155250425049,18278.76994700225,16450.89295230202,34729.66289930427,1.4450636464690592,5,6,0,75,43,118,109,33364.56155654362,35864.56155654362,4825.148260709236,1074.4157867247018,1447.069287471011,2500.0,2500.0,1200.0,1200.0,-1,-1,0.0,0.0,0.0033433339558541775,0.02648783300537616,0.00025529193226248026,0.030086458893492818,-61.8120002746582
regularized_2026,stability,2,331,2025-11-28,11,no_season,42,2026,2026,26509.705079100073,0.0,0.0,1142.368285409042,27652.073364509117,40069.53872374695,40069.53872374695,275.40144446307664,150,7307.226560748544,14429.324519409918,12312.849461948437,26742.173981358355,1.1111559209400088,5,6,0,62,35,97,66,25815.726931785328,28201.42071914609,4921.433888494674,697.5848601863166,1114.2572492232648,2500.0,2500.0,1200.0,1909.9762448696772,-1,-1,0.0,0.0,0.0033233329886570573,0.026426334050484,0.00025587494019418955,0.03000554197933525,-27.433624267578125
regularized_2026,stability,2,332,2025-11-29,11,no_season,42,2026,2026,25462.722828218466,0.0,0.0,1381.7778345906904,26844.500662809158,38912.26076073634,38912.26076073634,340.20999607064823,160,3657.5397958234053,13390.234665040567,12724.753804056983,26114.98846909755,1.0881733421779864,10,10,0,60,37,97,75,45887.02027539963,47008.08423382977,4823.5498225210595,3118.4432711286604,1088.1245195457313,2500.0,2500.0,1909.9762448696772,1200.0,-1,-1,0.0,0.0,0.0033650000113993883,0.026217374950647354,0.0002444159472361207,0.029826790909282863,-27.184505462646484
regularized_2026,stability,2,333,2025-11-30,11,no_season,42,2026,2026,58284.519035402256,0.0,0.0,5816.780775063868,64101.29981046611,81761.91683289842,81761.91683289842,1255.9332930704136,250,901.9205732843068,18711.01436017844,16839.91292416059,35550.927284339035,1.4792355677570503,5,6,0,75,44,119,105,33824.50321139116,36161.26846509191,4892.984774766067,1242.2378797982278,1481.2886368474599,2500.0,2500.0,1200.0,1200.0,-1,-1,0.0,0.0,0.0035710420925170183,0.026351709035225213,0.00024725007824599743,0.03017000120598823,-64.179931640625
regularized_2026,stability,2,334,2025-12-01,12,no_season,42,2026,2026,59029.24602105425,0.0,0.0,30045.522525438326,89074.76854649256,82048.46023707521,82048.46023707521,6567.46567216141,420,802.0567568678467,15149.414190354342,13634.472771318902,28783.886961673248,1.197666351469884,3,4,0,74,35,109,92,23463.923042804738,25477.89668876316,2500.0,592.6512039359703,1199.328623403052,2323.136645089291,2500.0,1200.0,1200.0,-1,-1,0.0,0.0,0.003381832968443632,0.02645970811136067,0.00025054102297872305,0.030092082102783024,-89.13763427734375
regularized_2026,stability,2,335,2025-12-02,12,no_season,42,2026,2026,62115.9826343213,0.0,0.0,24362.45498836405,86478.43762268535,86110.03687224764,86110.03687224764,5131.660006628755,420,1061.0903819455907,15427.965469307946,13885.168922377145,29313.13439168509,1.219687763636042,3,4,0,74,35,109,96,24626.71802867701,26892.989843694402,2500.0,532.4468095615111,1221.3805996535452,2393.466861707211,2500.0,1200.0,1200.0,-1,-1,0.0,0.0,0.003344833035953343,0.027359166997484863,0.00024816603399813175,0.030952166067436337,-86.54264068603516
regularized_2026,stability,2,336,2025-12-03,12,no_season,42,2026,2026,63524.618919628316,0.0,0.0,10703.03853668328,74227.6574563116,88039.49686480965,88039.49686480965,2492.611719825177,250,1689.9970952372914,16793.629227308713,15114.266304577839,31907.895531886556,1.3276529634667273,3,4,0,74,40,114,100,26395.98661440166,28672.23185376728,2435.879020750481,995.6269154284126,1329.4956471619398,2422.434010443417,2500.0,1200.0,1200.0,-1,-1,0.0,0.0,0.0034769580233842134,0.02594633400440216,0.00026283308397978544,0.02968612511176616,-74.29740905761719
regularized_2026,stability,2,337,2025-12-04,12,no_season,42,2026,2026,63132.14907317166,0.0,0.0,10502.943428303417,73635.09250147508,88786.9902834047,88786.9902834047,2182.0715506401716,250,2417.776580168874,17800.76503875992,16020.688534883922,33821.45357364384,1.40727404039942,3,4,0,74,42,116,93,26030.73093024385,28246.83601680895,2474.2151536329825,774.230891833875,1409.22723223516,2500.0,2500.0,1200.0,1200.0,-1,-1,0.0,0.0,0.003573250025510788,0.02503374998923391,0.00024079205468297005,0.02884779206942767,-73.70858764648438
regularized_2026,stability,2,338,2025-12-05,12,no_season,42,2026,2026,30787.682346356698,0.0,0.0,2943.475124308218,33731.15747066492,45398.07603143566,45398.07603143566,1001.1738595507001,200,3424.1176242409456,13903.708442811636,12240.203859399553,26143.91230221119,1.0871884883675547,7,8,0,63,34,97,82,41740.76077483673,44196.97107474481,4819.547920127496,1699.4838736238494,1089.3296792587996,2500.0,2500.0,1200.0,1487.9082404973142,-1,-1,0.0,0.0,0.004000290995463729,0.024956083041615784,0.00022687495220452547,0.02918324898928404,-33.68000030517578
regularized_2026,stability,2,339,2025-12-06,12,no_season,42,2026,2026,30256.290873712955,0.0,0.0,7700.806239519662,37957.097113232616,44645.16891003567,44645.16891003567,2308.383548312455,250,2316.985422781247,12450.699580311117,11478.763361410913,23929.462941722028,0.9963104050945294,25,26,0,66,34,100,87,97792.89986770718,99996.06862544855,4751.673561600983,4587.181228611102,997.0609559050845,2271.7072204777646,2500.0,1487.9082404973142,1200.0,-1,-1,0.0,0.0,0.003461041022092104,0.02540816704276949,0.00023133307695388794,0.029100541141815484,-38.138938903808594
regularized_2026,stability,2,340,2025-12-07,12,no_season,42,2026,2026,61020.32960053185,0.0,0.0,17425.79757689986,78446.12717743171,86689.77615623547,86689.77615623547,3327.4605390940706,320,746.4971775805698,16180.58267748972,14562.524409740741,30743.107087230463,1.2791873782383296,3,4,0,79,37,116,104,27368.257130077713,29732.66359527581,3278.0610207718396,804.8397440927112,1280.9627953012691,2364.406465198098,2500.0,1200.0,1200.0,-1,-1,0.0,0.0,0.0033764999825507402,0.025205333018675447,0.00022499996703118086,0.028806832968257368,-78.51375579833984
regularized_2026,stability,2,341,2025-12-08,12,no_season,42,2026,2026,65723.34105407512,0.0,0.0,306.6458733602612,66029.98692743538,93369.73490150156,93369.73490150156,49.73051497118661,40,2941.16220885026,17828.308991394115,15197.216900438289,33025.525891832396,1.3721955058173267,3,4,0,75,44,119,94,24438.44932643097,26938.44932643097,3026.764610464913,696.2847550639599,1376.06357882635,2500.0,2500.0,1200.0,2094.1458056229576,-1,-1,0.0,0.0,0.0032791669946163893,0.025589416967704892,0.0002442500554025173,0.0291128340177238,-65.75167083740234
regularized_2026,stability,2,342,2025-12-09,12,no_season,42,2026,2026,64759.85572277497,0.0,0.0,1062.459836409685,65822.31555918466,91459.08419317183,91459.08419317183,218.5427262469538,170,2972.33036735988,17996.40258220348,16679.560296811243,34675.962879014725,1.4439452857253667,3,4,0,75,44,119,84,23537.280055188075,25997.762374205035,3519.7237191295076,874.6085302893283,1444.8317866256132,2500.0,2500.0,2094.1458056229576,1585.2320576733098,-1,-1,0.0,0.0,0.003300708020105958,0.025381125044077635,0.00022816704586148262,0.028910000110045075,-66.09625244140625
regularized_2026,stability,2,343,2025-12-10,12,no_season,42,2026,2026,64235.57105138387,0.0,0.0,281.75756973886257,64517.32862112273,90990.48336354748,90990.48336354748,100.43780425044349,90,774.0531762939463,17320.23170662827,15390.982181790965,32711.21388841924,1.360622260234121,3,4,0,78,44,122,107,28015.2575796339,30386.238172378755,3398.2617057982998,595.8107748063474,1362.9672453508017,2500.0,2500.0,1585.2320576733098,1793.1268889407795,-1,-1,0.0,0.0,0.0031510409899055958,0.025667083100415766,0.00023045798297971487,0.029048582073301077,-64.50765991210938
regularized_2026,stability,2,344,2025-12-11,12,no_season,42,2026,2026,63557.6662257151,0.0,0.0,1794.018669948993,65351.68489566409,89839.30296526516,89839.30296526516,391.9185468532256,210,2628.438782469122,18031.196658613975,16389.66862896472,34420.865287578694,1.4325884486751608,3,4,0,75,43,118,84,22781.58661057339,24847.13773675675,3406.669585795723,579.9351708639182,1434.2027203157788,2500.0,2500.0,1793.1268889407795,1622.7943485195378,-1,-1,0.0,0.0,0.0031999590573832393,0.025759499985724688,0.00023433391470462084,0.029193792957812548,-65.49236297607422
regularized_2026,stability,2,345,2025-12-12,12,no_season,42,2026,2026,31935.287605953057,0.0,0.0,859.1296503514882,32794.41725630454,47168.640839674736,47168.640839674736,209.5493522478314,140,2599.792392095331,14642.185194016838,13578.200877522933,28220.38607153977,1.1751448739145602,25,26,0,67,36,103,88,108916.70523315448,111416.70523315448,4968.0432361561125,4528.88410704124,1175.8494196474903,2500.0,2500.0,1622.7943485195378,1200.910455622682,-1,-1,0.0,0.0,0.0031699170358479023,0.025522207957692444,0.00021933310199528933,0.028911458095535636,-33.0395622253418
regularized_2026,stability,2,346,2025-12-13,12,no_season,42,2026,2026,33321.044431091075,0.0,0.0,643.2698814184154,33964.314312509494,49683.37681171545,49683.37681171545,175.60894652168457,110,4222.771603762977,14272.414704354625,12434.733933213804,26707.148637568433,1.1103067456354871,23,24,0,65,34,99,74,98437.50849037395,98437.50849037395,4895.615076436786,4663.113498844995,1112.7978598986847,2489.5118438093623,2500.0,1200.910455622682,1633.5514661145744,-1,-1,0.0,0.0,0.0031355409882962704,0.025516499998047948,0.00022129097487777472,0.028873331961221993,-33.869285583496094
regularized_2026,stability,2,347,2025-12-14,12,no_season,42,2026,2026,65102.83991308216,0.0,0.0,419.94620343328165,65522.78611651545,91839.3362068262,91839.3362068262,97.4025460033206,80,1523.1133986518428,17642.73740419697,16007.83385001928,33650.57125421625,1.4004628651855746,3,4,0,78,44,122,105,26899.145775941986,29218.995833311168,3310.741450107623,471.81111068689745,1402.1071355923439,2500.0,2500.0,1633.5514661145744,1497.183316166267,-1,-1,0.0,0.0,0.0032007499830797315,0.02530970808584243,0.00023287511430680752,0.02874333318322897,-65.64950561523438
regularized_2026,stability,2,348,2025-12-15,12,no_season,42,2026,2026,64697.80379420136,0.0,0.0,2736.9760154030787,67434.77980960446,91520.82558943727,91520.82558943727,618.4432961964457,110,1177.0505500479803,17745.932174252706,16253.271805333636,33999.20397958634,1.4153217600111596,3,4,0,78,43,121,110,25864.09444231423,28337.476617715205,3383.2942844428558,492.824664041259,1416.633499149431,2500.0,2500.0,1497.183316166267,1200.0,-1,-1,0.0,0.0,0.003075249958783388,0.025343292043544352,0.00023033400066196918,0.02864887600298971,-67.62496185302734
regularized_2026,stability,2,349,2025-12-16,12,no_season,42,2026,2026,64857.606103880644,0.0,0.0,2590.348691938878,67447.95479581952,91680.38928613046,91680.38928613046,610.9213704599027,110,1060.110735694651,18131.08587562381,16317.977288061427,34449.063163685234,1.43338819547699,3,4,0,79,43,122,105,24937.84844738772,27407.19061538495,3376.643594867667,523.0150375716756,1435.377631820218,2500.0,2500.0,1200.0,1200.0,-1,-1,0.0,0.0,0.0030895000090822577,0.025319874985143542,0.00022308295592665672,0.028632457950152457,-67.52253723144531
regularized_2026,stability,2,350,2025-12-17,12,no_season,42,2026,2026,64427.471493340854,0.0,0.0,1474.4906638428506,65901.9621571837,91704.64357471961,91704.64357471961,339.4918848543187,160,1473.3071652261046,18789.13842071023,16410.157193029077,35199.29561373931,1.463448595900393,3,4,0,80,44,124,95,24170.800327344026,26422.19137955954,3627.1010357732475,465.5810922648127,1466.637317239138,2500.0,2500.0,1200.0,1727.117307364568,-1,-1,0.0,0.0,0.003105000010691583,0.025570916011929512,0.00023491692263633013,0.028910832945257425,-65.77153778076172
regularized_2026,stability,2,351,2025-12-18,12,no_season,42,2026,2026,62868.72802156969,0.0,0.0,5436.9323605553445,68305.66038212505,88897.39626657774,88897.39626657774,1259.3500590610606,190,1603.6996734377944,16868.470711444654,15681.69102591031,32550.161737354963,1.3555329234403413,3,4,0,75,41,116,101,24566.06503663942,27066.06503663942,3092.718973422125,537.0416480657448,1356.2567390564568,2500.0,2500.0,1727.117307364568,1200.0,-1,-1,0.0,0.0,0.0031579170608893037,0.025565334013663232,0.0002240829635411501,0.028947334038093686,-68.58267974853516
regularized_2026,stability,2,352,2025-12-19,12,no_season,42,2026,2026,32896.049187469034,0.0,0.0,615.6723342927332,33511.72152176176,48352.59884218704,48352.59884218704,155.31961365108032,110,3806.09197114221,15042.017316348352,13248.582131652442,28290.599448000794,1.1764725985395743,25,26,0,67,35,102,72,107314.18590157447,109530.16739785606,4809.523024982134,4634.158807048891,1178.7749770000332,2500.0,2500.0,1200.0,1504.8788290627915,-1,-1,0.0,0.0,0.0030604589264839888,0.025442291982471943,0.00022054195869714022,0.028723292867653072,-33.47218322753906
regularized_2026,stability,2,353,2025-12-20,12,no_season,42,2026,2026,33198.54951008903,0.0,0.0,551.864579280895,33750.41408936993,49545.45644665165,49545.45644665165,111.33274180700028,50,3980.3570331791348,17184.65222711739,14364.57232183787,31549.22454895526,1.3101825528227697,13,14,0,67,41,108,81,67698.51916746085,69981.63456733197,4895.741384501858,4599.188112057976,1314.5510228731357,2500.0,2458.117595192051,1504.8788290627915,2666.0826626619864,-1,-1,0.0,0.0,0.0036445000441744924,0.02779275004286319,0.0002746249083429575,0.03171187499538064,-33.37372970581055
regularized_2026,stability,2,354,2025-12-21,12,no_season,42,2026,2026,67441.2135911177,0.0,0.0,1978.3916024366945,69419.6051935544,92715.37065885373,92715.37065885373,409.4283644975412,70,4139.015887406818,13388.494049066347,13440.492779788563,26828.986828854908,1.119540168477411,3,4,0,61,36,97,85,26747.865998920126,29089.363300523793,3455.4500022969055,575.9429738007723,1117.874451202288,2500.0,2500.0,2666.0826626619864,1200.0,-1,-1,0.0,0.0,0.0036379999946802855,0.028936458053067327,0.0002630420494824648,0.03283750009723008,-70.05308532714844
regularized_2026,stability,2,355,2025-12-22,12,no_season,42,2026,2026,69203.56927683363,0.0,0.0,261.26539481518085,69464.83467164883,94793.23197087625,94793.23197087625,51.202066044521416,40,4164.079511863489,14526.6893348411,12783.76189311715,27310.45122795825,1.1356873234904588,3,4,0,62,34,96,74,21263.94889833831,23374.16969293062,2882.6582996481593,641.8553754058438,1137.9354678315935,2500.0,2500.0,1200.0,1505.9593320935471,-1,-1,0.0,0.0,0.003563874983228743,0.028827125090174377,0.0002794580068439245,0.032670458080247045,-69.40458679199219
regularized_2026,stability,2,356,2025-12-23,12,no_season,42,2026,2026,68390.46929280672,0.0,0.0,0.0,68390.46929280671,93503.51441970102,93503.51441970102,0.0,0,4204.888929883938,14523.018181601727,12482.485225117973,27005.503406719698,1.1223099795733464,3,4,0,61,35,96,76,19829.336174810865,22233.34236517833,2444.5488767413663,392.67076766734937,1125.2293086133207,2500.0,2482.5589665972593,1505.9593320935471,2126.0093946722363,-1,-1,0.0,0.0,0.0035544579150155187,0.028009540983475745,0.00025341601576656103,0.031817414914257824,-68.20645141601562
regularized_2026,stability,2,357,2025-12-24,12,no_season,42,2026,2026,66434.9415104997,0.0,0.0,2429.532187743453,68864.47369824316,91685.30373192749,91685.30373192749,451.2891991424049,90,3770.1121481532773,13904.111128133562,13392.189661883618,27296.30079001718,1.1378002249028927,3,4,0,62,36,98,79,22583.481263892638,24693.93378690558,2494.846593578403,622.5343989536517,1137.3458662507157,2500.0,2500.0,2126.0093946722363,1200.0,-1,-1,0.0,0.0,0.0035678750136867166,0.02687879092991352,0.00024020799901336432,0.0306868739426136,-69.28662872314453
regularized_2026,stability,2,358,2025-12-25,12,no_season,42,2026,2026,67812.98661419508,0.0,0.0,2403.15669702272,70216.1433112178,92284.58076289606,92284.58076289606,675.1220525751633,100,3746.745953952492,14005.083281853902,12604.574953668509,26609.65823552241,1.107199049775106,3,4,0,63,34,97,85,25919.654021537437,28134.456279487124,2500.0,1097.0077554007785,1108.7357598134338,2500.0,2500.0,1200.0,1200.0,-1,-1,0.0,0.0,0.003320000017993152,0.026963209034875035,0.000261958921328187,0.030545167974196374,-70.27519226074219
regularized_2026,stability,2,359,2025-12-26,12,no_season,42,2026,2026,32838.24537275246,0.0,0.0,3.6510124281340435,32841.8963851806,49336.37103386341,49336.37103386341,1.6763142461588814,10,3239.3762040178726,17250.0735884675,14159.02487770914,31409.09846617664,1.3037408079321133,13,14,0,70,41,111,97,67217.44849045554,69571.49581480498,4954.499049181648,4522.7856937851275,1308.7124360906935,2500.0,2500.0,1200.0,2639.934016672096,-1,-1,0.0,0.0,0.003410374978557229,0.027764374972321093,0.0002657918957993388,0.03144054184667766,-32.35575866699219
regularized_2026,stability,2,360,2025-12-27,12,no_season,42,2026,2026,32744.469000147037,0.0,0.0,724.5126820811221,33468.981682228165,48471.11822016229,48471.11822016229,155.54629802803692,60,3720.8641831573295,16724.12633211239,15157.135063746071,31881.261395858462,1.3267884386322848,15,16,0,66,42,108,80,74043.66381497441,76543.66381497441,4968.664020453129,4531.294809943503,1328.3858914941027,2500.0,2500.0,2639.934016672096,2528.810141020913,-1,-1,0.0,0.0,0.0034542500507086515,0.03573866607621312,0.0002636250574141741,0.03945654118433595,-33.59234619140625
regularized_2026,stability,2,361,2025-12-28,12,no_season,42,2026,2026,67576.37735406685,0.0,0.0,561.6599084540237,68138.03726252087,92717.79592763021,92717.79592763021,88.6814862555022,30,5621.966165521633,13877.373561174441,13502.11706281035,27379.49062398479,1.1415713987164635,3,4,0,61,36,97,73,21257.883298160035,23359.42797142116,2677.0452364620105,435.15893760116313,1140.8121093327,2498.128209866806,2500.0,2528.810141020913,1461.5616084137218,-1,-1,0.0,0.0,0.0035552920307964087,0.030324499937705696,0.00026112492196261883,0.03414091689046472,-68.61537170410156
regularized_2026,stability,2,362,2025-12-29,12,no_season,42,2026,2026,67763.1639296856,0.0,0.0,0.0,67763.1639296856,93057.11345066974,93057.11345066974,0.0,0,3866.4747639843717,14417.553344226946,12750.680924208242,27168.234268435182,1.1299204112197239,3,4,0,63,35,98,83,24147.937554637145,26647.937554637145,2872.5218093750186,512.4005660266694,1132.0097611847993,2500.0,2495.253394693216,1461.5616084137218,1698.855851981211,-1,-1,0.0,0.0,0.0033263330115005374,0.027079166960902512,0.00025808310601860285,0.030663583078421652,-67.73015594482422
regularized_2026,stability,2,363,2025-12-30,12,no_season,42,2026,2026,66798.16879174327,0.0,0.0,922.1586432526411,67720.32743499591,91935.01283605018,91935.01283605018,173.70737778135594,100,4448.827209042676,14907.808343053512,13472.317938264652,28380.12628131816,1.1809941167172076,3,4,0,62,35,97,72,19971.26488655625,22156.60008315357,2426.444509084782,519.8146433034862,1182.5052617215902,2500.0,2500.0,1698.855851981211,1640.5746219541654,-1,-1,0.0,0.0,0.0033465829910710454,0.027509832987561822,0.00024983310140669346,0.03110624908003956,-67.80453491210938
regularized_2026,stability,2,364,2025-12-31,12,no_season,42,2026,2026,66135.12404412514,0.0,0.0,5556.2121396243765,71691.33618374952,91130.8064748091,91130.8064748091,1176.6647117593595,100,2733.9452980516307,13450.687405763267,12523.584450579772,25974.27185634304,1.0817274833435906,3,4,0,63,34,97,93,26916.047483329054,29268.237887709474,2434.599459103822,616.3047134337036,1082.2613273476265,2500.0,2500.0,1640.5746219541654,1200.0,-1,-1,0.0,0.0,0.0034005000488832593,0.027304875082336366,0.0002634169068187475,0.030968792038038373,-71.74933624267578
