date,period,start_slot,end_slot_exclusive,emergency_kwh
2025-02-01,无,,,0.0
2025-02-02,02:50-03:00,17.0,18.0,13.343349941686029
2025-02-03,02:10-02:30,13.0,15.0,23.15295641913565
2025-02-03,03:00-03:30,18.0,21.0,103.50421025538401
2025-02-03,04:00-04:20,24.0,26.0,28.952498853186853
2025-02-03,06:30-06:40,39.0,40.0,17.33113009842964
2025-02-03,09:00-09:50,54.0,59.0,220.01473542917347
2025-02-03,10:30-10:50,63.0,65.0,128.1144838651544
2025-02-03,12:50-14:10,77.0,85.0,434.0729934508516
2025-02-03,14:30-14:50,87.0,89.0,21.691131730715313
2025-02-03,16:10-17:20,97.0,104.0,122.97748585679119
2025-02-03,18:10-18:40,109.0,112.0,42.85240186092153
2025-02-03,20:20-20:40,122.0,124.0,25.641398760369498
2025-02-03,23:50-24:00,143.0,144.0,26.87820761224509
2025-02-04,05:40-05:50,34.0,35.0,11.188468707340007
2025-02-04,06:20-06:30,38.0,39.0,11.047678890817792
2025-02-04,07:00-07:20,42.0,44.0,2.9271875494457618
2025-02-04,07:40-07:50,46.0,47.0,40.117254197505304
2025-02-04,08:00-08:30,48.0,51.0,112.40021150542361
2025-02-04,08:50-09:00,53.0,54.0,35.05363280494862
2025-02-04,09:20-09:30,56.0,57.0,14.049849632613189
2025-02-04,14:10-14:50,85.0,89.0,167.98692965962198
2025-02-04,16:00-16:20,96.0,98.0,4.947252362984273
2025-02-04,17:50-18:00,107.0,108.0,1.8589055140434994
2025-02-04,18:20-18:40,110.0,112.0,18.001725735614855
2025-02-04,20:40-20:50,124.0,125.0,2.7004346802265218
2025-02-04,22:10-22:30,133.0,135.0,143.18063499525135
2025-02-05,01:40-01:50,10.0,11.0,1.3466415667137426
2025-02-05,02:20-02:30,14.0,15.0,12.29612191739659
2025-02-05,03:20-03:30,20.0,21.0,2.0133676953764734
2025-02-05,03:40-04:20,22.0,26.0,48.66993218500227
2025-02-05,06:00-06:30,36.0,39.0,83.0316212414732
2025-02-05,07:00-07:10,42.0,43.0,17.464706542183876
2025-02-05,16:30-16:50,99.0,101.0,6.155089577086301
2025-02-05,17:20-17:40,104.0,106.0,51.9452784806133
2025-02-05,18:00-18:20,108.0,110.0,50.664135103555395
2025-02-05,18:30-19:10,111.0,115.0,71.48237191255396
2025-02-05,19:40-20:30,118.0,123.0,72.02492194759475
2025-02-05,21:00-21:20,126.0,128.0,6.297949228658354
2025-02-05,22:20-22:40,134.0,136.0,16.876495408823075
2025-02-06,02:40-02:50,16.0,17.0,7.5311516835504335
2025-02-06,03:30-04:00,21.0,24.0,33.839100124077845
2025-02-06,07:50-08:20,47.0,50.0,73.53616661876288
2025-02-06,13:30-13:50,81.0,83.0,110.86108033430938
2025-02-06,14:00-14:20,84.0,86.0,50.52306593310783
2025-02-06,15:50-16:10,95.0,97.0,45.7613299726346
2025-02-06,16:20-16:40,98.0,100.0,20.731612531380165
2025-02-06,18:50-19:10,113.0,115.0,9.87325801501811
2025-02-06,21:00-21:20,126.0,128.0,42.98920022192897
2025-02-06,22:40-23:00,136.0,138.0,23.299037382354868
2025-02-06,23:30-23:40,141.0,142.0,0.09563880214307119
2025-02-07,02:10-02:30,13.0,15.0,37.55497666178729
2025-02-07,03:20-03:40,20.0,22.0,56.25203275798731
2025-02-07,04:40-05:00,28.0,30.0,25.974599106022936
2025-02-07,08:30-09:30,51.0,57.0,206.12169568232022
2025-02-07,15:40-15:50,94.0,95.0,10.118908876475047
2025-02-07,18:30-18:50,111.0,113.0,62.461568451083565
2025-02-07,19:10-19:20,115.0,116.0,6.61866610712741
2025-02-07,20:50-21:00,125.0,126.0,18.3067295435323
2025-02-07,22:20-22:30,134.0,135.0,13.897759429599489
2025-02-07,23:10-23:30,139.0,141.0,33.229633864960135
2025-02-08,01:00-01:10,6.0,7.0,1.6718410688050653
2025-02-08,01:50-02:00,11.0,12.0,52.9794286169913
2025-02-08,02:50-03:10,17.0,19.0,19.30736691699707
2025-02-08,03:50-04:40,23.0,28.0,34.441445936216326
2025-02-08,04:50-05:20,29.0,32.0,69.51348973458079
2025-02-08,07:00-07:40,42.0,46.0,139.61063483948237
2025-02-08,16:00-16:20,96.0,98.0,16.26783956967455
2025-02-08,17:20-17:30,104.0,105.0,2.8697122730733895
2025-02-08,18:40-18:50,112.0,113.0,6.8361297187564105
2025-02-08,19:00-19:10,114.0,115.0,24.856238210795823
2025-02-08,20:30-20:50,123.0,125.0,28.11381717160606
2025-02-08,22:10-22:30,133.0,135.0,30.471547587736836
2025-02-08,23:20-23:30,140.0,141.0,0.5490441525354868
2025-02-09,01:30-01:40,9.0,10.0,24.118118100186962
2025-02-09,02:10-02:20,13.0,14.0,21.28037690626377
2025-02-09,03:10-03:30,19.0,21.0,11.046414881292776
2025-02-09,03:50-04:10,23.0,25.0,53.76706876494018
2025-02-09,04:40-05:20,28.0,32.0,33.72393575818023
2025-02-09,05:40-06:30,34.0,39.0,115.17692282983785
2025-02-09,06:50-07:20,41.0,44.0,126.75841272704793
2025-02-09,08:30-10:50,51.0,65.0,797.4983617097646
2025-02-09,12:50-13:10,77.0,79.0,98.80284216901816
2025-02-09,17:00-17:20,102.0,104.0,9.466876497566659
2025-02-09,17:50-18:20,107.0,110.0,27.744642561390947
2025-02-09,19:00-19:10,114.0,115.0,7.115236623352075
2025-02-09,19:20-19:40,116.0,118.0,9.366737815613192
2025-02-09,20:50-21:00,125.0,126.0,14.049638090549138
2025-02-09,21:20-21:30,128.0,129.0,5.894583064755693
2025-02-09,22:10-22:20,133.0,134.0,15.77739760289569
2025-02-09,23:00-23:10,138.0,139.0,1.344227357254681
2025-02-09,23:20-23:50,140.0,143.0,38.33415208410304
2025-02-10,02:40-03:00,16.0,18.0,9.665203731156566
2025-02-10,03:30-03:50,21.0,23.0,29.450509695497885
2025-02-10,04:30-05:20,27.0,32.0,191.11405032884045
2025-02-10,05:40-06:00,34.0,36.0,39.35382090332848
2025-02-10,08:00-08:10,48.0,49.0,22.741129535742743
2025-02-10,18:40-19:00,112.0,114.0,56.95882805064764
2025-02-10,20:40-21:00,124.0,126.0,20.507446340485785
2025-02-10,21:10-22:00,127.0,132.0,73.30348508249801
2025-02-10,23:20-23:50,140.0,143.0,106.91771418814085
2025-02-11,03:00-03:20,18.0,20.0,8.52659186354333
2025-02-11,04:30-05:00,27.0,30.0,31.113770466708274
2025-02-11,05:40-05:50,34.0,35.0,9.428178549090262
2025-02-11,06:00-06:20,36.0,38.0,11.52456907359442
2025-02-11,06:30-06:50,39.0,41.0,22.93303510830674
2025-02-11,07:10-07:20,43.0,44.0,20.703718806350253
2025-02-11,07:50-08:20,47.0,50.0,36.37513533065135
2025-02-11,08:40-09:50,52.0,59.0,236.58502115092688
2025-02-11,10:10-10:20,61.0,62.0,8.35701060571806
2025-02-11,17:10-17:30,103.0,105.0,14.080860735442002
2025-02-11,18:30-18:40,111.0,112.0,1.7125972743564262
2025-02-11,19:30-19:50,117.0,119.0,35.684776837604545
2025-02-11,20:10-20:30,121.0,123.0,52.55378509168895
2025-02-11,20:50-21:00,125.0,126.0,26.381200390700087
2025-02-11,21:20-21:40,128.0,130.0,43.97232362625232
2025-02-11,23:30-23:40,141.0,142.0,7.064883898091921
2025-02-12,04:10-04:20,25.0,26.0,1.498996528155999
2025-02-12,04:30-04:50,27.0,29.0,44.090475761761354
2025-02-12,06:10-06:20,37.0,38.0,1.036344327417055
2025-02-12,06:40-07:00,40.0,42.0,65.06395326941674
2025-02-12,13:10-13:40,79.0,82.0,51.75003902742403
2025-02-12,14:00-14:20,84.0,86.0,11.225132543935445
2025-02-12,14:30-14:50,87.0,89.0,68.92290676974483
2025-02-12,15:30-15:50,93.0,95.0,147.42397554765893
2025-02-12,16:00-16:20,96.0,98.0,31.82867840334268
2025-02-12,17:10-17:20,103.0,104.0,0.9805406200566722
2025-02-12,18:10-18:30,109.0,111.0,17.12044554945828
2025-02-12,19:10-19:20,115.0,116.0,10.083293233538711
2025-02-12,19:50-20:00,119.0,120.0,5.378300752536688
2025-02-12,21:20-21:50,128.0,131.0,66.77054381850985
2025-02-12,23:00-23:20,138.0,140.0,9.039581851759635
2025-02-13,01:40-01:50,10.0,11.0,2.1109809696088178
2025-02-13,02:10-02:20,13.0,14.0,2.7714784415495615
2025-02-13,03:10-03:20,19.0,20.0,25.45833334314591
2025-02-13,03:30-03:50,21.0,23.0,16.883836262280056
2025-02-13,04:10-04:30,25.0,27.0,34.652581593044715
2025-02-13,04:50-05:10,29.0,31.0,27.326227588347024
2025-02-13,05:40-05:50,34.0,35.0,31.017078555952935
2025-02-13,06:20-07:20,38.0,44.0,91.634770941581
2025-02-13,07:40-07:50,46.0,47.0,7.529795490931633
2025-02-13,18:30-18:40,111.0,112.0,11.295489491586977
2025-02-13,19:10-19:50,115.0,119.0,100.50824413385965
2025-02-13,20:20-20:30,122.0,123.0,1.2340321886563288
2025-02-13,20:50-21:00,125.0,126.0,17.4940296860417
2025-02-13,21:30-21:50,129.0,131.0,8.753530206763799
2025-02-13,22:30-22:50,135.0,137.0,4.54488859410219
2025-02-13,23:20-23:30,140.0,141.0,6.541737864598986
2025-02-14,01:00-01:10,6.0,7.0,4.116535452162964
2025-02-14,02:30-03:20,15.0,20.0,87.00653626289807
2025-02-14,05:40-06:20,34.0,38.0,68.94460532091819
2025-02-14,06:50-07:00,41.0,42.0,8.115852738884087
2025-02-14,07:30-07:50,45.0,47.0,28.39135273888411
2025-02-14,15:50-16:20,95.0,98.0,120.68543997720462
2025-02-14,17:00-17:50,102.0,107.0,123.66871847691772
2025-02-14,18:10-18:20,109.0,110.0,8.813357890302825
2025-02-14,22:40-22:50,136.0,137.0,4.777485418594836
2025-02-14,23:40-24:00,142.0,144.0,14.875194677859042
2025-02-15,02:10-02:50,13.0,17.0,93.1761280202752
2025-02-15,03:30-03:50,21.0,23.0,13.1359210493452
2025-02-15,05:50-06:20,35.0,38.0,44.953098469498514
2025-02-15,06:30-07:00,39.0,42.0,30.399351129498484
2025-02-15,15:50-16:00,95.0,96.0,9.892655700800134
2025-02-15,19:30-19:50,117.0,119.0,47.39687490389463
2025-02-15,20:50-21:20,125.0,128.0,112.00833826252762
2025-02-15,22:20-22:40,134.0,136.0,74.5007951455188
2025-02-15,23:00-23:20,138.0,140.0,30.66595069662111
2025-02-15,23:40-24:00,142.0,144.0,9.175285497345556
2025-02-16,02:30-02:50,15.0,17.0,9.27474815584526
2025-02-16,03:30-03:50,21.0,23.0,15.372586712883162
2025-02-16,04:10-04:30,25.0,27.0,91.0499777844052
2025-02-16,04:50-05:00,29.0,30.0,13.659113376118512
2025-02-16,05:40-06:10,34.0,37.0,33.25791840368538
2025-02-16,06:20-07:00,38.0,42.0,66.19041007030353
2025-02-16,08:00-08:20,48.0,50.0,64.24213681410242
2025-02-16,09:40-10:40,58.0,64.0,204.59940333559268
2025-02-16,13:00-13:20,78.0,80.0,13.160035210142647
2025-02-16,13:40-13:50,82.0,83.0,48.183434748174484
2025-02-16,16:20-17:10,98.0,103.0,170.3632404153484
2025-02-16,17:30-17:50,105.0,107.0,76.88128851067188
2025-02-16,18:20-18:30,110.0,111.0,0.8099053205372684
2025-02-16,18:50-19:10,113.0,115.0,16.000856143442206
2025-02-16,19:50-20:00,119.0,120.0,5.106014788271182
2025-02-16,21:10-21:20,127.0,128.0,0.29975159680282104
2025-02-16,21:40-21:50,130.0,131.0,35.67063829776134
2025-02-16,22:40-23:00,136.0,138.0,20.47930654290826
2025-02-16,23:30-23:40,141.0,142.0,3.0672236338677976
2025-02-17,01:30-01:50,9.0,11.0,30.698133641058575
2025-02-17,02:10-02:20,13.0,14.0,16.878227734202255
2025-02-17,03:00-03:30,18.0,21.0,25.409167590110542
2025-02-17,04:20-04:30,26.0,27.0,32.72019368269093
2025-02-17,06:40-07:00,40.0,42.0,38.43833193284456
2025-02-17,14:40-14:50,88.0,89.0,2.429288475941405
2025-02-17,15:40-16:00,94.0,96.0,10.796142501344434
2025-02-17,16:20-16:30,98.0,99.0,10.20167018097527
2025-02-17,16:50-17:20,101.0,104.0,39.431398945450155
2025-02-17,17:30-17:40,105.0,106.0,3.534368100323263
2025-02-17,18:40-18:50,112.0,113.0,6.39230685189159
2025-02-17,19:00-19:20,114.0,116.0,48.929548319964624
2025-02-17,21:30-21:40,129.0,130.0,7.433328631598101
2025-02-17,22:10-22:20,133.0,134.0,4.588176811516291
2025-02-17,23:00-23:20,138.0,140.0,9.351866806944031
2025-02-18,03:50-04:10,23.0,25.0,42.56281648369759
2025-02-18,04:20-04:30,26.0,27.0,12.627179234664368
2025-02-18,04:50-05:00,29.0,30.0,20.950609619621673
2025-02-18,05:50-06:00,35.0,36.0,30.352091452383775
2025-02-18,08:20-08:50,50.0,53.0,108.63018802170376
2025-02-18,13:30-13:40,81.0,82.0,3.5644526027516967
2025-02-18,13:50-14:00,83.0,84.0,15.845003528281921
2025-02-18,17:20-17:50,104.0,107.0,38.73482092924951
2025-02-18,18:30-18:50,111.0,113.0,23.566509252557125
2025-02-18,19:10-19:20,115.0,116.0,8.70686717440799
2025-02-18,19:50-20:10,119.0,121.0,36.61060091821105
2025-02-18,20:30-20:40,123.0,124.0,11.022634605405756
2025-02-19,01:40-01:50,10.0,11.0,3.2425173968190393
2025-02-19,02:20-02:30,14.0,15.0,23.830587099879835
2025-02-19,02:50-03:00,17.0,18.0,36.633513045901964
2025-02-19,03:20-03:30,20.0,21.0,0.1267321330019513
2025-02-19,04:40-05:10,28.0,31.0,32.58894974287614
2025-02-19,05:50-06:00,35.0,36.0,25.029394302076867
2025-02-19,06:20-06:30,38.0,39.0,35.98999066132899
2025-02-19,07:00-07:20,42.0,44.0,22.683307257115644
2025-02-19,08:40-10:10,52.0,61.0,333.45011887585554
2025-02-19,13:20-13:30,80.0,81.0,9.93106430579466
2025-02-19,15:20-15:30,92.0,93.0,61.63801178058708
2025-02-19,16:00-16:10,96.0,97.0,20.01126785577503
2025-02-19,16:40-16:50,100.0,101.0,6.143880710599433
2025-02-19,17:20-17:30,104.0,105.0,2.12281222591173
2025-02-19,19:10-19:20,115.0,116.0,1.3262361611677989
2025-02-19,19:50-20:10,119.0,121.0,39.66826429009973
2025-02-19,20:50-21:00,125.0,126.0,4.191612770042639
2025-02-19,21:10-21:20,127.0,128.0,13.5732973545189
2025-02-19,21:40-22:00,130.0,132.0,16.43803667885038
2025-02-19,22:10-22:30,133.0,135.0,25.63879145403348
2025-02-19,23:30-24:00,141.0,144.0,71.3951747310665
2025-02-20,02:50-03:00,17.0,18.0,26.802090000946237
2025-02-20,03:40-03:50,22.0,23.0,10.499839852222067
2025-02-20,04:00-04:10,24.0,25.0,15.682075682938944
2025-02-20,04:30-05:00,27.0,30.0,25.958938748534024
2025-02-20,05:10-05:20,31.0,32.0,1.545537658788703
2025-02-20,06:00-06:20,36.0,38.0,32.487792972713805
2025-02-20,07:50-08:10,47.0,49.0,46.588567826755025
2025-02-20,16:30-17:50,99.0,107.0,153.69279785967183
2025-02-20,18:20-18:40,110.0,112.0,30.292917618717297
2025-02-20,20:00-20:20,120.0,122.0,19.95966453753988
2025-02-20,20:50-21:10,125.0,127.0,29.69147013115162
2025-02-20,22:10-22:20,133.0,134.0,2.06890338224116
2025-02-20,22:50-23:10,137.0,139.0,46.23402361650483
2025-02-21,01:50-02:00,11.0,12.0,27.827718236966405
2025-02-21,03:50-04:00,23.0,24.0,21.73844905232704
2025-02-21,04:20-04:30,26.0,27.0,6.7792035397054065
2025-02-21,05:10-05:30,31.0,33.0,19.116694451340038
2025-02-21,06:40-06:50,40.0,41.0,0.018467557327880968
2025-02-21,07:00-07:20,42.0,44.0,3.408935444918143
2025-02-21,07:30-07:40,45.0,46.0,9.804663098356684
2025-02-21,08:20-08:30,50.0,51.0,1.875
2025-02-21,15:40-15:50,94.0,95.0,14.10102822455338
2025-02-21,17:40-17:50,106.0,107.0,0.4495425722047912
2025-02-21,19:20-19:30,116.0,117.0,40.58825195567431
2025-02-21,20:50-21:10,125.0,127.0,27.45575933119784
2025-02-21,21:40-22:00,130.0,132.0,32.71176861767907
2025-02-21,22:50-23:10,137.0,139.0,9.412204063996171
2025-02-21,23:40-24:00,142.0,144.0,12.125001810750916
2025-02-22,01:50-02:10,11.0,13.0,25.31095771443222
2025-02-22,03:00-03:40,18.0,22.0,59.74626694065739
2025-02-22,04:00-04:10,24.0,25.0,2.7927361011220455
2025-02-22,07:00-07:10,42.0,43.0,25.89679647429
2025-02-22,15:40-16:00,94.0,96.0,71.90037182059645
2025-02-22,17:10-17:20,103.0,104.0,6.742122144390521
2025-02-22,17:40-18:00,106.0,108.0,36.54262979336261
2025-02-22,19:10-19:20,115.0,116.0,9.550320150392224
2025-02-22,21:50-22:00,131.0,132.0,29.818020122213568
2025-02-22,23:40-24:00,142.0,144.0,24.234589088294342
2025-02-23,03:00-03:20,18.0,20.0,61.43925293434529
2025-02-23,03:50-04:00,23.0,24.0,0.7339499503623301
2025-02-23,04:30-04:50,27.0,29.0,53.581651077382844
2025-02-23,05:00-05:20,30.0,32.0,82.77764239027954
2025-02-23,06:00-06:10,36.0,37.0,6.162425872629456
2025-02-23,09:50-10:10,59.0,61.0,39.29834708099017
2025-02-23,17:20-17:30,104.0,105.0,1.4709533934207002
2025-02-23,18:00-18:10,108.0,109.0,1.2146979495495316
2025-02-23,19:20-19:40,116.0,118.0,28.54591686375079
2025-02-23,20:10-20:20,121.0,122.0,3.2801471371002435
2025-02-23,21:00-21:20,126.0,128.0,9.946771724724726
2025-02-23,21:50-22:00,131.0,132.0,10.523735911855852
2025-02-23,22:20-22:30,134.0,135.0,3.4934709302106057
2025-02-23,23:10-23:30,139.0,141.0,21.835141017382284
2025-02-24,04:50-05:10,29.0,31.0,14.237619114460585
2025-02-24,06:00-06:20,36.0,38.0,55.24466497013282
2025-02-24,14:30-14:40,87.0,88.0,2.380383903902043
2025-02-24,15:30-15:50,93.0,95.0,37.41710479107371
2025-02-24,16:00-16:20,96.0,98.0,47.340472858982935
2025-02-24,16:30-17:00,99.0,102.0,55.90811207185334
2025-02-24,17:10-18:00,103.0,108.0,100.04387322259231
2025-02-24,20:10-21:00,121.0,126.0,59.46095143055504
2025-02-24,21:30-21:40,129.0,130.0,2.8861951424636345
2025-02-24,21:50-22:00,131.0,132.0,11.849633203319627
2025-02-25,02:10-02:20,13.0,14.0,24.5389370211509
2025-02-25,02:50-03:10,17.0,19.0,36.62214117197402
2025-02-25,05:40-06:00,34.0,36.0,35.97183383534923
2025-02-25,06:20-06:30,38.0,39.0,22.967706812696406
2025-02-25,06:50-07:20,41.0,44.0,61.90106824389352
2025-02-25,18:50-19:00,113.0,114.0,41.53854108346616
2025-02-25,21:50-22:00,131.0,132.0,5.555262527237005
2025-02-25,22:30-22:40,135.0,136.0,1.4183368818802364
2025-02-25,23:10-23:40,139.0,142.0,12.75416368478534
2025-02-26,01:30-01:40,9.0,10.0,12.455919771843242
2025-02-26,03:10-03:30,19.0,21.0,39.459501404680054
2025-02-26,04:10-04:30,25.0,27.0,40.88100865756985
2025-02-26,05:40-05:50,34.0,35.0,4.8085702589218045
2025-02-26,06:40-06:50,40.0,41.0,7.653438695052273
2025-02-26,08:40-09:00,52.0,54.0,80.00390241790205
2025-02-26,13:40-13:50,82.0,83.0,4.1121166666666795
2025-02-26,14:30-14:50,87.0,89.0,85.21929744646124
2025-02-26,15:10-15:30,91.0,93.0,34.89041398234849
2025-02-26,15:50-16:30,95.0,99.0,107.57065592468007
2025-02-26,16:50-17:10,101.0,103.0,29.39596049092711
2025-02-26,17:30-17:50,105.0,107.0,32.93912229950547
2025-02-26,18:20-18:30,110.0,111.0,6.059952502549891
2025-02-26,23:10-23:30,139.0,141.0,5.540662952121579
2025-02-27,03:10-03:30,19.0,21.0,43.516397226350136
2025-02-27,06:20-06:40,38.0,40.0,35.96200424033407
2025-02-27,07:40-08:20,46.0,50.0,122.88448929183323
2025-02-27,08:50-09:20,53.0,56.0,303.3042143645749
2025-02-27,09:30-10:00,57.0,60.0,185.39664928906623
2025-02-27,10:10-10:20,61.0,62.0,1.9147234622645648
2025-02-27,17:30-17:50,105.0,107.0,17.800622588179635
2025-02-27,18:10-18:40,109.0,112.0,15.039293198992027
2025-02-27,19:20-19:30,116.0,117.0,2.052044040927967
2025-02-27,20:30-20:40,123.0,124.0,1.6646883904095375
2025-02-27,21:20-21:40,128.0,130.0,20.196563338043575
2025-02-28,01:00-01:10,6.0,7.0,9.627159245763096
2025-02-28,01:30-01:40,9.0,10.0,8.07000388150567
2025-02-28,03:10-03:20,19.0,20.0,13.467233899078678
2025-02-28,04:00-04:10,24.0,25.0,5.031913528020709
2025-02-28,04:30-04:50,27.0,29.0,45.110968886590456
2025-02-28,17:20-17:30,104.0,105.0,2.8921085793023167
2025-02-28,18:30-18:50,111.0,113.0,20.827246912804128
2025-02-28,20:20-20:30,122.0,123.0,21.12168430807651
2025-02-28,21:30-21:50,129.0,131.0,30.63535447912281
2025-03-01,01:30-01:40,9.0,10.0,9.478772390269228
2025-03-01,07:40-07:50,46.0,47.0,0.11089018149559138
2025-03-01,08:50-09:00,53.0,54.0,16.44333333333331
2025-03-01,15:40-15:50,94.0,95.0,9.158304383413359
2025-03-01,16:00-16:20,96.0,98.0,27.163960857965435
2025-03-01,16:50-17:00,101.0,102.0,5.3750178750339614
2025-03-01,18:10-18:30,109.0,111.0,79.52197881224117
2025-03-01,20:50-21:20,125.0,128.0,66.48146661389569
2025-03-01,22:30-22:40,135.0,136.0,0.03281346675885288
2025-03-02,02:30-02:40,15.0,16.0,0.5308318038150901
2025-03-02,12:50-14:50,77.0,89.0,1445.6770740185639
2025-03-02,15:20-15:30,92.0,93.0,24.095211548247846
2025-03-02,16:30-16:50,99.0,101.0,36.029930506427036
2025-03-02,17:00-17:20,102.0,104.0,18.46613005897666
2025-03-02,17:30-18:10,105.0,109.0,90.33630352884325
2025-03-02,18:50-19:00,113.0,114.0,1.7983713605418643
2025-03-02,19:20-19:50,116.0,119.0,8.654999427889834
2025-03-02,20:40-21:00,124.0,126.0,36.35796124164574
2025-03-02,21:20-21:40,128.0,130.0,47.06012909623303
2025-03-02,22:30-22:50,135.0,137.0,13.690926276676123
2025-03-02,23:00-23:20,138.0,140.0,6.380849260342302
2025-03-02,23:30-23:50,141.0,143.0,15.931302196413185
2025-03-03,01:30-01:50,9.0,11.0,41.79538491058895
2025-03-03,03:20-03:30,20.0,21.0,7.164650081176433
2025-03-03,07:10-07:20,43.0,44.0,22.408200609021378
2025-03-03,09:20-10:10,56.0,61.0,310.4502358776918
2025-03-03,15:50-16:40,95.0,100.0,198.58911548152093
2025-03-03,18:20-18:30,110.0,111.0,9.352117215268777
2025-03-03,18:50-19:10,113.0,115.0,30.541935055186855
2025-03-03,20:30-21:30,123.0,129.0,103.2019190288222
2025-03-03,22:20-22:30,134.0,135.0,7.122513377291966
2025-03-03,23:40-23:50,142.0,143.0,10.383567119090799
2025-03-04,01:40-01:50,10.0,11.0,37.584987773802936
2025-03-04,17:10-17:30,103.0,105.0,15.392769954849996
2025-03-04,20:20-20:40,122.0,124.0,14.999580034487167
2025-03-04,20:50-21:00,125.0,126.0,4.23260682323712
2025-03-04,21:40-21:50,130.0,131.0,0.8199863391205326
2025-03-04,22:20-22:30,134.0,135.0,20.19622594752741
2025-03-04,22:50-23:10,137.0,139.0,17.402472793775246
2025-03-04,23:40-24:00,142.0,144.0,33.27532819822261
2025-03-05,13:20-13:50,80.0,83.0,146.6659689025737
2025-03-05,18:30-18:50,111.0,113.0,10.311888134351534
2025-03-05,19:50-20:10,119.0,121.0,13.659931907808414
2025-03-05,20:30-20:40,123.0,124.0,9.528556673743424
2025-03-05,21:10-21:20,127.0,128.0,2.017179305311174
2025-03-05,22:30-22:50,135.0,137.0,16.865690345251096
2025-03-05,23:50-24:00,143.0,144.0,7.744216240292303
2025-03-06,02:30-02:50,15.0,17.0,24.57115511068298
2025-03-06,09:50-10:00,59.0,60.0,1.4054166666666486
2025-03-06,14:40-14:50,88.0,89.0,11.345642154038188
2025-03-06,15:20-16:20,92.0,98.0,213.81580381686587
2025-03-06,16:30-17:00,99.0,102.0,72.93718899414387
2025-03-06,17:20-17:50,104.0,107.0,49.24553505039012
2025-03-06,20:10-20:20,121.0,122.0,0.5842585207248021
2025-03-06,20:40-21:10,124.0,127.0,39.028293165024934
2025-03-06,22:20-23:30,134.0,141.0,48.363359101287074
2025-03-06,23:50-24:00,143.0,144.0,20.89645166197107
2025-03-07,17:00-17:10,102.0,103.0,13.263757783720337
2025-03-07,21:20-21:30,128.0,129.0,7.586044194548549
2025-03-07,22:20-22:40,134.0,136.0,38.95586425483771
2025-03-08,01:50-02:10,11.0,13.0,32.43136012131504
2025-03-08,02:30-03:20,15.0,20.0,55.619075573384066
2025-03-08,04:10-05:20,25.0,32.0,103.91369077872037
2025-03-08,06:50-07:30,41.0,45.0,33.14575922669923
2025-03-08,16:30-16:40,99.0,100.0,6.61914715943675
2025-03-08,17:50-18:00,107.0,108.0,23.294202523175386
2025-03-08,21:30-21:40,129.0,130.0,22.91519170486336
2025-03-08,22:10-22:20,133.0,134.0,2.621981211436321
2025-03-08,22:30-22:50,135.0,137.0,16.336006798831306
2025-03-09,01:30-01:50,9.0,11.0,7.440795180883924
2025-03-09,02:10-02:20,13.0,14.0,17.067368123830875
2025-03-09,02:50-04:00,17.0,24.0,81.79184955797871
2025-03-09,04:30-05:10,27.0,31.0,49.962195332154124
2025-03-09,06:20-06:30,38.0,39.0,1.056602144653084
2025-03-09,07:40-08:30,46.0,51.0,68.96879367700194
2025-03-09,09:40-09:50,58.0,59.0,3.715120194948554
2025-03-09,14:40-14:50,88.0,89.0,27.148128076491986
2025-03-09,16:20-16:30,98.0,99.0,14.11646566044999
2025-03-09,18:30-18:50,111.0,113.0,54.61289902985993
2025-03-09,20:10-20:20,121.0,122.0,12.458562498927677
2025-03-09,20:50-21:00,125.0,126.0,7.098239928372209
2025-03-09,21:40-22:00,130.0,132.0,65.3365097682181
2025-03-10,02:10-02:30,13.0,15.0,39.20828625959916
2025-03-10,04:10-05:10,25.0,31.0,91.8048901711719
2025-03-10,05:40-05:50,34.0,35.0,5.449615138201693
2025-03-10,06:00-06:10,36.0,37.0,3.540140833704754
2025-03-10,06:50-07:00,41.0,42.0,19.8893459174825
2025-03-10,07:20-07:30,44.0,45.0,77.97153642970534
2025-03-10,07:50-08:00,47.0,48.0,19.92783059339149
2025-03-10,08:30-09:20,51.0,56.0,344.60805050340605
2025-03-10,09:30-09:50,57.0,59.0,74.67940180109589
2025-03-10,16:40-17:30,100.0,105.0,116.47880184949383
2025-03-10,17:50-18:00,107.0,108.0,3.3300122713079645
2025-03-10,19:30-20:00,117.0,120.0,56.64854293713097
2025-03-10,21:10-21:20,127.0,128.0,6.591713954238571
2025-03-10,21:50-22:00,131.0,132.0,0.8647539167461673
2025-03-10,22:20-22:30,134.0,135.0,4.419724606928867
2025-03-10,23:00-23:30,138.0,141.0,28.19185334667702
2025-03-11,06:30-06:50,39.0,41.0,26.212252860500598
2025-03-11,15:20-15:30,92.0,93.0,24.086852990871307
2025-03-11,15:50-16:30,95.0,99.0,147.83147078840875
2025-03-11,16:40-17:00,100.0,102.0,31.940394806476206
2025-03-11,17:30-17:50,105.0,107.0,32.1249034470859
2025-03-11,19:20-19:30,116.0,117.0,6.719334111226317
2025-03-11,21:10-21:20,127.0,128.0,14.277459605564331
2025-03-11,22:30-22:50,135.0,137.0,30.99983749342539
2025-03-12,01:30-01:50,9.0,11.0,44.06254345215041
2025-03-12,02:10-02:20,13.0,14.0,4.546901362766107
2025-03-12,02:50-03:10,17.0,19.0,49.016244729016876
2025-03-12,03:30-03:50,21.0,23.0,28.782910280679403
2025-03-12,06:30-06:40,39.0,40.0,25.081204822068912
2025-03-12,16:50-17:00,101.0,102.0,3.54913420486605
2025-03-12,17:20-17:30,104.0,105.0,13.763764980829706
2025-03-12,17:50-18:00,107.0,108.0,36.78238183593271
2025-03-12,18:10-18:30,109.0,111.0,9.739221970939525
2025-03-12,20:00-20:20,120.0,122.0,24.171910097449654
2025-03-12,21:40-22:00,130.0,132.0,23.55876725701512
2025-03-12,22:40-23:00,136.0,138.0,35.947227476113085
2025-03-13,02:50-03:00,17.0,18.0,20.554027326748496
2025-03-13,05:50-06:10,35.0,37.0,74.77715781783422
2025-03-13,07:20-07:30,44.0,45.0,35.814465084460664
2025-03-13,09:10-10:50,55.0,65.0,1294.9870032203328
2025-03-13,13:00-13:40,78.0,82.0,73.0667515678786
2025-03-13,17:00-17:20,102.0,104.0,46.486507193903435
2025-03-13,19:00-20:20,114.0,122.0,124.38315465254732
2025-03-13,21:40-21:50,130.0,131.0,3.590278549758523
2025-03-14,00:50-01:00,5.0,6.0,10.905021718723333
2025-03-14,01:40-02:00,10.0,12.0,20.3460587421485
2025-03-14,02:50-03:10,17.0,19.0,39.90984847655409
2025-03-14,04:00-04:10,24.0,25.0,6.090967690454818
2025-03-14,04:40-04:50,28.0,29.0,16.81807893787368
2025-03-14,05:40-06:00,34.0,36.0,48.62528471255973
2025-03-14,15:40-15:50,94.0,95.0,6.667312186419746
2025-03-14,17:20-17:30,104.0,105.0,34.207310873543065
2025-03-14,18:20-18:30,110.0,111.0,12.250486191000675
2025-03-14,19:40-20:00,118.0,120.0,38.25397357076537
2025-03-14,22:40-23:00,136.0,138.0,29.150274274792196
2025-03-15,01:10-01:20,7.0,8.0,2.94469816531182
2025-03-15,18:10-18:30,109.0,111.0,17.823718616152917
2025-03-15,20:30-21:00,123.0,126.0,93.58185308001367
2025-03-15,23:20-24:00,140.0,144.0,68.10793041472192
2025-03-16,02:30-02:40,15.0,16.0,5.363703987365739
2025-03-16,03:00-03:10,18.0,19.0,19.76352480091259
2025-03-16,04:10-04:30,25.0,27.0,2.8725359252312046
2025-03-16,05:40-06:30,34.0,39.0,173.38788355882002
2025-03-16,06:40-07:10,40.0,43.0,40.56931404540609
2025-03-16,07:20-07:30,44.0,45.0,3.0346733839050444
2025-03-16,07:40-07:50,46.0,47.0,24.79463503199662
2025-03-16,08:20-08:30,50.0,51.0,1.0683492106020367
2025-03-16,09:10-09:20,55.0,56.0,1.522344207984105
2025-03-16,13:40-14:00,82.0,84.0,51.058741788412284
2025-03-16,15:10-15:30,91.0,93.0,56.53596682228408
2025-03-16,15:50-16:10,95.0,97.0,35.473453932621
2025-03-16,16:40-16:50,100.0,101.0,20.779705612055295
2025-03-16,17:20-17:40,104.0,106.0,21.45642738408833
2025-03-16,17:50-18:00,107.0,108.0,7.333591292678079
2025-03-16,21:20-21:40,128.0,130.0,4.378531212126063
2025-03-16,22:30-22:40,135.0,136.0,1.6079539535726326
2025-03-16,23:50-24:00,143.0,144.0,3.7778524525393777
2025-03-17,03:50-04:10,23.0,25.0,49.37623480399168
2025-03-17,06:30-06:40,39.0,40.0,27.789343618687326
2025-03-17,16:20-16:40,98.0,100.0,16.636711346445168
2025-03-17,19:50-20:00,119.0,120.0,23.754803976847825
2025-03-17,20:20-20:30,122.0,123.0,57.37192341185403
2025-03-17,20:50-21:00,125.0,126.0,7.896078620254457
2025-03-18,03:20-03:30,20.0,21.0,25.616886963665593
2025-03-18,03:50-04:00,23.0,24.0,15.258622378196264
2025-03-18,04:20-04:50,26.0,29.0,51.512591326007055
2025-03-18,06:00-06:10,36.0,37.0,18.55343052420426
2025-03-18,06:50-07:10,41.0,43.0,36.95437716861869
2025-03-18,07:30-09:30,45.0,57.0,1113.3848403071684
2025-03-18,09:40-10:00,58.0,60.0,14.749052117308118
2025-03-18,14:10-14:40,85.0,88.0,129.39650176414105
2025-03-18,16:30-16:40,99.0,100.0,15.589358569523029
2025-03-18,17:10-17:20,103.0,104.0,6.290017849059495
2025-03-18,19:00-19:10,114.0,115.0,14.273142468237893
2025-03-18,21:40-21:50,130.0,131.0,17.60659599485814
2025-03-18,22:50-23:00,137.0,138.0,30.844788038753222
2025-03-18,23:30-24:00,141.0,144.0,45.403454218363095
2025-03-19,02:40-02:50,16.0,17.0,7.840421621194537
2025-03-19,03:10-03:20,19.0,20.0,0.14237043614014055
2025-03-19,04:10-04:20,25.0,26.0,1.9612273131839402
2025-03-19,05:50-06:20,35.0,38.0,44.53530548844242
2025-03-19,15:20-15:30,92.0,93.0,13.452347026090195
2025-03-19,18:50-19:00,113.0,114.0,1.9312791417900144
2025-03-19,21:20-21:40,128.0,130.0,23.98766306361381
2025-03-20,01:30-01:40,9.0,10.0,2.3504870555283333
2025-03-20,03:10-03:30,19.0,21.0,25.549884827529127
2025-03-20,03:50-04:00,23.0,24.0,0.23289398374868142
2025-03-20,04:50-05:00,29.0,30.0,3.993318187509203
2025-03-20,15:20-16:20,92.0,98.0,374.11344694677854
2025-03-20,16:30-17:00,99.0,102.0,36.340388303890904
2025-03-20,17:20-17:30,104.0,105.0,0.20449261994644985
2025-03-20,18:40-19:00,112.0,114.0,27.393445340525773
2025-03-20,20:00-20:20,120.0,122.0,27.132754513332657
2025-03-20,21:10-21:40,127.0,130.0,15.811328204321285
2025-03-20,23:30-23:50,141.0,143.0,3.6148638318909434
2025-03-21,00:30-00:40,3.0,4.0,13.241155543808588
2025-03-21,01:10-01:30,7.0,9.0,39.48736141437587
2025-03-21,02:20-02:40,14.0,16.0,14.124325634515287
2025-03-21,03:20-03:50,20.0,23.0,55.20099691615229
2025-03-21,04:20-04:30,26.0,27.0,9.462182337539275
2025-03-21,05:00-05:20,30.0,32.0,11.791566877039827
2025-03-21,06:40-07:00,40.0,42.0,26.177844204210487
2025-03-21,18:50-19:00,113.0,114.0,6.2366843080764625
2025-03-21,19:30-20:00,117.0,120.0,11.702685599713902
2025-03-21,20:20-20:40,122.0,124.0,29.668518616152937
2025-03-21,21:20-21:40,128.0,130.0,35.377694244272504
2025-03-21,22:10-22:30,133.0,135.0,37.08477545031394
2025-03-22,01:30-01:50,9.0,11.0,15.969659007594487
2025-03-22,04:40-04:50,28.0,29.0,7.573769752729106
2025-03-22,07:30-07:40,45.0,46.0,1.3943184308076155
2025-03-22,15:50-16:30,95.0,99.0,108.16861496986743
2025-03-22,22:20-22:30,134.0,135.0,5.972367999411119
2025-03-22,23:20-23:30,140.0,141.0,3.702484111141075
2025-03-23,02:20-02:40,14.0,16.0,1.4342405388316593
2025-03-23,03:20-03:30,20.0,21.0,28.844415381428007
2025-03-23,04:00-04:20,24.0,26.0,21.11121654637725
2025-03-23,04:50-05:20,29.0,32.0,56.62232912035415
2025-03-23,06:00-06:50,36.0,41.0,120.13033715147469
2025-03-23,07:50-08:00,47.0,48.0,9.784859324602508
2025-03-23,17:10-17:20,103.0,104.0,2.786811026800933
2025-03-23,19:10-19:30,115.0,117.0,50.78983511246895
2025-03-23,19:50-20:00,119.0,120.0,7.1690658382091215
2025-03-23,20:20-20:30,122.0,123.0,27.813320738132916
2025-03-23,20:50-21:00,125.0,126.0,3.8618139130970803
2025-03-23,21:50-22:00,131.0,132.0,11.771929965173058
2025-03-24,03:30-03:40,21.0,22.0,12.775509665820437
2025-03-24,04:20-04:30,26.0,27.0,1.8627918004192452
2025-03-24,05:00-05:20,30.0,32.0,41.72820065572273
2025-03-24,05:40-05:50,34.0,35.0,16.166305153491635
2025-03-24,06:10-06:30,37.0,39.0,18.130503858277052
2025-03-24,08:20-08:40,50.0,52.0,43.273181142293424
2025-03-24,14:20-15:00,86.0,90.0,272.9611575890227
2025-03-24,15:10-15:40,91.0,94.0,121.52867000345694
2025-03-24,16:30-17:40,99.0,106.0,108.68916255290526
2025-03-24,19:00-19:10,114.0,115.0,3.910561398843697
2025-03-24,21:20-21:30,128.0,129.0,14.722158362608639
2025-03-24,22:50-23:10,137.0,139.0,57.011209790807584
2025-03-24,23:30-23:50,141.0,143.0,47.17255892495871
2025-03-25,02:40-02:50,16.0,17.0,5.938098075781568
2025-03-25,03:00-03:20,18.0,20.0,23.34375505435844
2025-03-25,03:40-03:50,22.0,23.0,20.914175364840958
2025-03-25,04:00-04:10,24.0,25.0,21.11051434643116
2025-03-25,05:40-05:50,34.0,35.0,18.31269887087842
2025-03-25,06:10-07:00,37.0,42.0,86.90226295551406
2025-03-25,08:50-09:00,53.0,54.0,0.747510584845827
2025-03-25,09:30-10:40,57.0,64.0,314.5131183337302
2025-03-25,16:30-16:50,99.0,101.0,46.81078775852245
2025-03-25,19:20-19:30,116.0,117.0,28.33276990918432
2025-03-25,20:50-21:20,125.0,128.0,23.10657069341721
2025-03-25,22:30-22:50,135.0,137.0,23.8650158569925
2025-03-25,23:10-23:30,139.0,141.0,45.75590998288351
2025-03-26,01:30-01:40,9.0,10.0,2.130210393065113
2025-03-26,04:20-04:30,26.0,27.0,0.23079142894789584
2025-03-26,07:40-07:50,46.0,47.0,39.212444098139144
2025-03-26,08:00-08:10,48.0,49.0,12.40045824115083
2025-03-26,19:20-19:40,116.0,118.0,6.742226489317545
2025-03-26,20:10-20:20,121.0,122.0,1.396494028916095
2025-03-26,22:10-22:20,133.0,134.0,28.072858606752675
2025-03-26,23:20-23:40,140.0,142.0,6.662576763249035
2025-03-27,02:10-03:00,13.0,18.0,108.59884349338108
2025-03-27,04:20-05:00,26.0,30.0,37.668208598689716
2025-03-27,06:30-06:40,39.0,40.0,16.36701822833095
2025-03-27,09:30-09:40,57.0,58.0,31.016200771081294
2025-03-27,14:30-14:40,87.0,88.0,1.2348499999999756
2025-03-27,15:30-15:50,93.0,95.0,5.618933011955676
2025-03-27,16:00-17:20,96.0,104.0,284.0726738113941
2025-03-27,19:40-20:00,118.0,120.0,6.765313840874683
2025-03-27,21:30-21:50,129.0,131.0,26.630135370621815
2025-03-27,22:30-23:20,135.0,140.0,54.87083403939994
2025-03-28,01:00-01:10,6.0,7.0,12.274320428089936
2025-03-28,01:40-02:00,10.0,12.0,9.633221940143699
2025-03-28,03:00-03:20,18.0,20.0,24.03106685763572
2025-03-28,07:30-07:50,45.0,47.0,120.90271843080762
2025-03-28,21:00-21:20,126.0,128.0,46.25467485103343
2025-03-28,23:50-24:00,143.0,144.0,3.7247500842814816
2025-03-29,01:10-01:30,7.0,9.0,14.958516329622398
2025-03-29,02:00-02:20,12.0,14.0,26.448827373404356
2025-03-29,16:00-16:40,96.0,100.0,65.92028491464686
2025-03-29,19:50-20:10,119.0,121.0,13.57199881689462
2025-03-30,01:40-01:50,10.0,11.0,21.21129740656795
2025-03-30,02:50-03:10,17.0,19.0,19.108196818408828
2025-03-30,03:40-04:20,22.0,26.0,60.355783656190624
2025-03-30,05:10-05:20,31.0,32.0,31.849946423994197
2025-03-30,07:00-07:20,42.0,44.0,24.7531178189152
2025-03-30,08:40-08:50,52.0,53.0,3.72828601708909
2025-03-30,09:00-09:10,54.0,55.0,9.759188625756138
2025-03-30,14:10-15:10,85.0,91.0,262.7415186284554
2025-03-30,18:10-18:20,109.0,110.0,35.673152967540204
2025-03-30,21:10-21:20,127.0,128.0,11.671018334470432
2025-03-30,23:20-23:30,140.0,141.0,7.424373428666172
2025-03-31,01:40-01:50,10.0,11.0,14.92130198714267
2025-03-31,04:40-04:50,28.0,29.0,23.563669633895074
2025-03-31,14:00-14:10,84.0,85.0,16.421700000000026
2025-03-31,14:40-14:50,88.0,89.0,12.49203669619942
2025-03-31,15:10-15:20,91.0,92.0,14.0800722311794
2025-03-31,15:30-16:00,93.0,96.0,63.11141745098462
2025-03-31,16:20-17:00,98.0,102.0,124.94662068305456
2025-03-31,19:20-19:40,116.0,118.0,15.503931201725663
2025-03-31,20:00-20:10,120.0,121.0,0.1451852136741536
2025-03-31,20:50-21:00,125.0,126.0,11.355828466737535
2025-03-31,21:20-21:30,128.0,129.0,3.076908369238822
2025-03-31,23:20-23:30,140.0,141.0,13.506956713292766
2025-04-01,02:20-03:00,14.0,18.0,39.65940239793724
2025-04-01,03:20-03:40,20.0,22.0,29.009875226524173
2025-04-01,04:20-05:20,26.0,32.0,62.99301726152396
2025-04-01,05:40-05:50,34.0,35.0,1.7619347388629194
2025-04-01,09:10-09:20,55.0,56.0,11.397401764141044
2025-04-01,15:20-15:30,92.0,93.0,0.13935616839899012
2025-04-01,17:40-18:10,106.0,109.0,46.302594239727114
2025-04-01,20:00-20:20,120.0,122.0,38.72434677102899
2025-04-01,20:40-20:50,124.0,125.0,2.8716350155182226
2025-04-01,21:30-21:50,129.0,131.0,63.01875669984463
2025-04-02,02:30-02:50,15.0,17.0,30.560599758240187
2025-04-02,03:10-03:20,19.0,20.0,6.180069782349733
2025-04-02,04:10-04:20,25.0,26.0,1.4705274280001959
2025-04-02,04:30-05:00,27.0,30.0,16.357448351023663
2025-04-02,05:10-05:20,31.0,32.0,24.410817826524408
2025-04-02,05:50-06:10,35.0,37.0,30.448706187628773
2025-04-02,06:20-06:40,38.0,40.0,8.723838958787496
2025-04-02,07:00-10:10,42.0,61.0,1000.0447917644622
2025-04-02,18:10-18:20,109.0,110.0,3.867702265959906
2025-04-02,19:30-19:40,117.0,118.0,3.6068043627075212
2025-04-02,20:10-20:40,121.0,124.0,45.470662855191904
2025-04-02,21:30-21:50,129.0,131.0,9.543768478359766
2025-04-02,23:00-23:10,138.0,139.0,27.80245321279199
2025-04-03,03:00-03:20,18.0,20.0,18.806080048725562
2025-04-03,04:20-04:30,26.0,27.0,1.771361865115523
2025-04-03,05:00-05:20,30.0,32.0,21.41196912249984
2025-04-03,05:50-06:00,35.0,36.0,9.16548370828184
2025-04-03,06:40-07:00,40.0,42.0,57.61214119424841
2025-04-03,15:10-16:30,91.0,99.0,223.01108736068835
2025-04-03,17:40-18:00,106.0,108.0,11.438782434274685
2025-04-03,18:50-19:00,113.0,114.0,3.225028226255631
2025-04-03,20:20-20:30,122.0,123.0,6.567829006688385
2025-04-03,23:30-23:50,141.0,143.0,64.32987455904356
2025-04-04,03:30-04:00,21.0,24.0,20.51459734946934
2025-04-04,04:30-04:50,27.0,29.0,21.51762498729039
2025-04-04,06:30-06:50,39.0,41.0,3.644917641409819
2025-04-04,17:00-17:20,102.0,104.0,4.28144562397361
2025-04-04,19:50-20:10,119.0,121.0,18.830528478255417
2025-04-04,20:40-21:00,124.0,126.0,19.0466434453877
2025-04-04,21:50-22:00,131.0,132.0,8.48455367792468
2025-04-04,22:50-23:00,137.0,138.0,5.278819572220129
2025-04-05,00:30-00:40,3.0,4.0,2.661769842514218
2025-04-05,01:10-01:20,7.0,8.0,7.197760904361758
2025-04-05,01:30-01:40,9.0,10.0,4.450212333861543
2025-04-05,02:10-02:30,13.0,15.0,4.607808360064837
2025-04-05,03:40-04:00,22.0,24.0,48.546681525552
2025-04-05,05:50-06:00,35.0,36.0,10.605847446461155
2025-04-05,17:10-18:00,103.0,108.0,150.83165212403784
2025-04-05,19:30-19:40,117.0,118.0,1.326434308076557
2025-04-05,23:10-23:30,139.0,141.0,29.936175080981968
2025-04-06,02:30-02:50,15.0,17.0,17.024415244853344
2025-04-06,03:10-03:20,19.0,20.0,2.9750750511116166
2025-04-06,04:20-04:40,26.0,28.0,41.09942603368472
2025-04-06,04:50-05:00,29.0,30.0,12.475206691975245
2025-04-06,05:40-05:50,34.0,35.0,1.478444704551066
2025-04-06,06:30-07:00,39.0,42.0,28.009352439064685
2025-04-06,07:20-07:30,44.0,45.0,46.92283893885505
2025-04-06,07:50-08:00,47.0,48.0,34.342273998459234
2025-04-06,17:50-18:00,107.0,108.0,5.037117603013371
2025-04-06,18:50-19:00,113.0,114.0,34.177691233802875
2025-04-06,20:50-21:00,125.0,126.0,26.82277386302553
2025-04-06,21:30-21:50,129.0,131.0,45.21397971296801
2025-04-07,02:50-03:00,17.0,18.0,1.911715595106557
2025-04-07,03:30-03:40,21.0,22.0,0.5688903362582778
2025-04-07,04:00-04:30,24.0,27.0,67.5136414001322
2025-04-07,05:10-05:20,31.0,32.0,11.462794600886241
2025-04-07,21:00-21:10,126.0,127.0,11.173801198523847
2025-04-07,21:40-21:50,130.0,131.0,6.421575298668131
2025-04-07,22:10-22:20,133.0,134.0,5.858914334967835
2025-04-07,22:50-23:20,137.0,140.0,27.76143786193461
2025-04-08,04:20-04:30,26.0,27.0,12.057487505687618
2025-04-08,06:10-06:50,37.0,41.0,146.8519850991288
2025-04-08,07:00-07:10,42.0,43.0,3.2872492106021127
2025-04-08,07:30-07:40,45.0,46.0,65.94030580743336
2025-04-08,08:00-08:30,48.0,51.0,57.884896126751926
2025-04-08,08:40-08:50,52.0,53.0,25.525025487371636
2025-04-08,09:30-09:40,57.0,58.0,1.1533000000000964
2025-04-08,16:30-17:40,99.0,106.0,206.65090513336725
2025-04-08,18:20-18:40,110.0,112.0,11.718924101091375
2025-04-08,19:50-20:00,119.0,120.0,26.33837248405598
2025-04-08,21:00-21:20,126.0,128.0,25.19297991106623
2025-04-09,03:50-04:00,23.0,24.0,13.103272148692213
2025-04-09,07:50-08:00,47.0,48.0,1.912102738884073
2025-04-09,14:10-14:20,85.0,86.0,20.57316666666672
2025-04-09,14:40-15:00,88.0,90.0,67.47682289590705
2025-04-09,15:10-15:40,91.0,94.0,35.97680361936375
2025-04-09,18:10-18:20,109.0,110.0,4.832554824697354
2025-04-09,20:00-20:20,120.0,122.0,8.85121159133007
2025-04-09,20:40-20:50,124.0,125.0,4.996790604383932
2025-04-09,21:50-22:00,131.0,132.0,14.0003654108217
2025-04-09,22:20-22:50,134.0,137.0,58.615909317717865
2025-04-10,03:30-03:40,21.0,22.0,7.321371802374983
2025-04-10,04:40-05:00,28.0,30.0,20.381045275036286
2025-04-10,15:50-16:20,95.0,98.0,87.8334910870152
2025-04-10,16:40-17:20,100.0,104.0,59.263465172698716
2025-04-10,17:50-18:10,107.0,109.0,35.37461623347241
2025-04-10,19:00-19:20,114.0,116.0,37.567582193868475
2025-04-10,20:30-20:50,123.0,125.0,6.09398383377993
2025-04-10,21:30-22:00,129.0,132.0,43.53751258806176
2025-04-10,22:20-22:30,134.0,135.0,4.718003282687391
2025-04-11,01:10-01:30,7.0,9.0,51.94982236545786
2025-04-11,03:10-03:30,19.0,21.0,25.231550727932415
2025-04-11,05:00-05:10,30.0,31.0,6.809086478602126
2025-04-11,05:40-05:50,34.0,35.0,7.3045786296162305
2025-04-11,06:00-06:10,36.0,37.0,4.392164113127819
2025-04-11,18:40-19:00,112.0,114.0,23.384918616153016
2025-04-11,19:20-19:40,116.0,118.0,17.782668616153046
2025-04-11,22:10-22:30,133.0,135.0,33.35046935287329
2025-04-11,23:00-23:20,138.0,140.0,23.401736883064984
2025-04-12,00:40-00:50,4.0,5.0,9.089532768557092
2025-04-12,02:40-02:50,16.0,17.0,1.8344325429555397
2025-04-12,03:30-03:40,21.0,22.0,6.852325380759055
2025-04-12,05:10-05:20,31.0,32.0,2.1694148488395513
2025-04-12,16:30-16:50,99.0,101.0,28.155632531573076
2025-04-12,17:50-18:00,107.0,108.0,1.6887658772687928
2025-04-12,23:50-24:00,143.0,144.0,2.0598055201201078
2025-04-13,02:20-02:40,14.0,16.0,33.309301892614485
2025-04-13,05:00-05:20,30.0,32.0,18.938739154021505
2025-04-13,05:50-06:10,35.0,37.0,34.68563235051795
2025-04-13,06:20-06:30,38.0,39.0,16.356324535878116
2025-04-13,06:40-07:10,40.0,43.0,90.08999111447929
2025-04-13,08:10-08:20,49.0,50.0,17.604260584845917
2025-04-13,09:20-09:30,56.0,57.0,9.072918430807576
2025-04-13,16:30-16:50,99.0,101.0,54.66028728263825
2025-04-13,17:30-17:50,105.0,107.0,60.05859209219739
2025-04-13,18:30-18:40,111.0,112.0,5.846071405670955
2025-04-13,19:10-19:20,115.0,116.0,22.7478230074546
2025-04-13,20:30-21:20,123.0,128.0,54.15259359320896
2025-04-13,21:50-22:00,131.0,132.0,12.962382384633656
2025-04-13,22:40-23:00,136.0,138.0,11.202740969721617
2025-04-14,02:10-02:20,13.0,14.0,9.642572119586816
2025-04-14,04:40-05:00,28.0,30.0,32.95547088601688
2025-04-14,05:40-06:00,34.0,36.0,12.49099098839099
2025-04-14,18:30-18:50,111.0,113.0,23.174550612449707
2025-04-14,19:00-19:20,114.0,116.0,12.183552615743565
2025-04-14,19:40-19:50,118.0,119.0,4.295268837363778
2025-04-14,20:30-20:50,123.0,125.0,27.77350735764844
2025-04-14,21:20-21:40,128.0,130.0,8.221763191992409
2025-04-15,14:30-14:40,87.0,88.0,5.020466666666683
2025-04-15,15:10-16:20,91.0,98.0,190.9528027660905
2025-04-15,19:00-19:20,114.0,116.0,17.1066912529036
2025-04-15,19:30-19:40,117.0,118.0,3.0673746838143643
2025-04-15,20:30-20:40,123.0,124.0,6.429609596847968
2025-04-15,21:40-21:50,130.0,131.0,32.127576394466814
2025-04-16,01:40-01:50,10.0,11.0,14.77059098933239
2025-04-16,05:00-05:20,30.0,32.0,15.344785467328961
2025-04-16,08:40-09:00,52.0,54.0,30.515608820704998
2025-04-16,09:10-09:50,55.0,59.0,58.42504999999998
2025-04-16,18:40-18:50,112.0,113.0,14.820535227317805
2025-04-16,21:00-21:10,126.0,127.0,2.5757162812171828
2025-04-16,21:30-21:40,129.0,130.0,12.177858650208009
2025-04-16,22:50-23:00,137.0,138.0,21.572329383733972
2025-04-17,02:50-03:00,17.0,18.0,6.880545615710162
2025-04-17,03:50-04:00,23.0,24.0,24.582493292391064
2025-04-17,16:30-16:50,99.0,101.0,16.99764310240073
2025-04-17,17:10-17:20,103.0,104.0,8.68975713637667
2025-04-17,20:20-20:30,122.0,123.0,7.408030782036349
2025-04-17,22:40-23:00,136.0,138.0,29.309288415168908
2025-04-18,01:40-03:00,10.0,18.0,154.00581238420534
2025-04-18,18:20-18:30,110.0,111.0,29.005569659658818
2025-04-18,21:40-21:50,130.0,131.0,19.51092086587687
2025-04-19,01:50-02:20,11.0,14.0,85.1465719652083
2025-04-19,04:00-04:10,24.0,25.0,22.015114501425103
2025-04-19,06:50-07:00,41.0,42.0,6.937505292422941
2025-04-19,07:10-07:30,43.0,45.0,35.93969874001586
2025-04-19,17:20-17:40,104.0,106.0,25.778873618412135
2025-04-19,19:00-19:10,114.0,115.0,32.78619966387117
2025-04-19,22:10-22:30,133.0,135.0,34.03452205971524
2025-04-20,02:10-02:20,13.0,14.0,7.015813711685155
2025-04-20,02:50-03:00,17.0,18.0,12.343367118270862
2025-04-20,03:40-04:10,22.0,25.0,59.33237401308156
2025-04-20,04:40-05:00,28.0,30.0,44.31225040492768
2025-04-20,06:20-06:30,38.0,39.0,6.3804378363583965
2025-04-20,08:20-08:30,50.0,51.0,17.068851314380026
2025-04-20,14:20-14:30,86.0,87.0,2.0062500000000605
2025-04-20,16:20-16:40,98.0,100.0,40.332248368018725
2025-04-20,17:00-17:20,102.0,104.0,20.099403129647044
2025-04-20,22:10-22:20,133.0,134.0,0.3686209039077539
2025-04-20,23:00-23:20,138.0,140.0,27.193194103283304
2025-04-20,23:50-24:00,143.0,144.0,34.476023176125864
2025-04-21,03:10-03:30,19.0,21.0,35.025641901156064
2025-04-21,04:10-04:20,25.0,26.0,3.241687766745713
2025-04-21,05:10-05:20,31.0,32.0,5.749657987751107
2025-04-21,06:10-06:30,37.0,39.0,17.197194103524453
2025-04-21,18:00-18:10,108.0,109.0,13.544312706964092
2025-04-21,20:10-20:20,121.0,122.0,3.4460208208188305
2025-04-21,20:30-20:40,123.0,124.0,11.662883620776938
2025-04-21,21:10-21:20,127.0,128.0,2.179698901937968
2025-04-21,22:30-23:00,135.0,138.0,69.31924447423523
2025-04-22,02:40-02:50,16.0,17.0,15.717032042364167
2025-04-22,03:20-03:50,20.0,23.0,51.057153876715915
2025-04-22,04:10-04:30,25.0,27.0,43.084930827406424
2025-04-22,04:50-05:10,29.0,31.0,57.00064873753877
2025-04-22,06:50-07:00,41.0,42.0,11.329182543935474
2025-04-22,07:10-07:20,43.0,44.0,13.308310584845799
2025-04-22,07:30-07:40,45.0,46.0,1.0445070565639867
2025-04-22,14:20-15:30,86.0,93.0,295.9276404798111
2025-04-22,18:20-18:30,110.0,111.0,8.68760594397952
2025-04-22,21:20-21:40,128.0,130.0,41.494097068860015
2025-04-22,22:10-22:30,133.0,135.0,7.594396534851626
2025-04-22,23:10-23:20,139.0,140.0,21.557611316367
2025-04-22,23:50-24:00,143.0,144.0,40.31833298743311
2025-04-23,03:30-03:40,21.0,22.0,3.028011109844897
2025-04-23,04:10-04:20,25.0,26.0,8.96021435911041
2025-04-23,05:40-05:50,34.0,35.0,9.06144190999953
2025-04-23,18:20-18:40,110.0,112.0,14.54062087835348
2025-04-23,19:50-20:10,119.0,121.0,29.038394391443603
2025-04-24,17:00-17:10,102.0,103.0,6.122818877281929
2025-04-24,17:30-17:50,105.0,107.0,35.99755953895658
2025-04-24,18:20-18:30,110.0,111.0,13.691223391263748
2025-04-24,20:20-20:40,122.0,124.0,32.30697921498836
2025-04-24,21:10-21:20,127.0,128.0,2.3919002737582105
2025-04-24,21:30-21:50,129.0,131.0,31.65757883622382
2025-04-25,00:30-00:50,3.0,5.0,12.79849706972061
2025-04-25,01:20-01:30,8.0,9.0,5.927941659850887
2025-04-25,04:10-04:20,25.0,26.0,3.069772424007226
2025-04-25,18:40-18:50,112.0,113.0,0.19074988154454786
2025-04-25,20:10-20:30,121.0,123.0,4.167861567287389
2025-04-25,21:20-21:30,128.0,129.0,3.083668317655736
2025-04-25,22:40-22:50,136.0,137.0,26.79367233538096
2025-04-25,23:30-23:50,141.0,143.0,53.8263320468933
2025-04-26,00:30-00:50,3.0,5.0,13.676161818766388
2025-04-26,01:00-01:20,6.0,8.0,25.155075958647956
2025-04-26,02:30-02:50,15.0,17.0,9.33940068023071
2025-04-26,04:20-04:30,26.0,27.0,40.50424425514615
2025-04-26,05:00-05:10,30.0,31.0,18.80138029147645
2025-04-26,05:50-06:00,35.0,36.0,12.165845682320139
2025-04-26,16:30-17:20,99.0,104.0,240.13437752763917
2025-04-26,18:30-18:50,111.0,113.0,18.569918616152904
2025-04-26,20:50-21:00,125.0,126.0,11.281394494509811
2025-04-26,21:40-21:50,130.0,131.0,3.078352254935396
2025-04-26,22:20-22:50,134.0,137.0,33.42921570205209
2025-04-26,23:20-23:30,140.0,141.0,3.565242892235915
2025-04-27,03:30-04:00,21.0,24.0,72.67199806545591
2025-04-27,07:00-07:30,42.0,45.0,60.096024285866974
2025-04-27,08:00-08:20,48.0,50.0,98.68759136464041
2025-04-27,16:40-17:10,100.0,103.0,95.09358044800103
2025-04-27,17:20-17:30,104.0,105.0,24.437505948798275
2025-04-27,18:00-18:10,108.0,109.0,15.031564561355708
2025-04-27,18:40-18:50,112.0,113.0,0.5613888766267792
2025-04-27,21:00-21:20,126.0,128.0,9.433589912341859
2025-04-27,21:40-21:50,130.0,131.0,5.794137230794718
2025-04-28,01:40-01:50,10.0,11.0,41.94334044068296
2025-04-28,08:20-08:30,50.0,51.0,0.08126234898696794
2025-04-28,08:50-09:50,53.0,59.0,397.90836680620527
2025-04-28,14:20-15:00,86.0,90.0,49.24850351275155
2025-04-28,16:00-16:10,96.0,97.0,5.480518182206993
2025-04-28,18:20-18:30,110.0,111.0,5.03434276612461
2025-04-28,18:50-19:00,113.0,114.0,2.6939157321629636
2025-04-28,20:50-21:00,125.0,126.0,20.46044643101095
2025-04-28,23:20-23:30,140.0,141.0,1.277189265522452
2025-04-28,23:50-24:00,143.0,144.0,0.3622895192179385
2025-04-29,15:30-15:40,93.0,94.0,0.3932753863235803
2025-04-29,16:10-16:40,97.0,100.0,119.98181950498895
2025-04-29,18:00-18:10,108.0,109.0,8.052022107725065
2025-04-29,20:10-20:30,121.0,123.0,32.14473891797172
2025-04-30,02:20-02:50,14.0,17.0,73.98820480942663
2025-04-30,06:10-06:20,37.0,38.0,0.557940382609786
2025-04-30,07:30-07:50,45.0,47.0,109.69083035408468
2025-04-30,19:20-19:40,116.0,118.0,15.49718744194854
2025-04-30,19:50-20:10,119.0,121.0,5.115807386110873
2025-04-30,20:50-21:10,125.0,127.0,47.25482200166914
2025-04-30,22:10-22:20,133.0,134.0,10.405037880953387
2025-04-30,23:40-24:00,142.0,144.0,48.88926166235342
2025-05-01,02:10-02:20,13.0,14.0,9.167161554888139
2025-05-01,03:10-03:30,19.0,21.0,16.46867948371039
2025-05-01,03:40-04:00,22.0,24.0,47.047841712605646
2025-05-01,04:20-04:40,26.0,28.0,44.27297965322941
2025-05-01,05:10-05:20,31.0,32.0,4.307795516177521
2025-05-01,06:50-07:00,41.0,42.0,3.6057861657009767
2025-05-01,07:40-08:00,46.0,48.0,90.36604639709321
2025-05-01,08:20-08:50,50.0,53.0,144.5534343080763
2025-05-01,14:50-15:00,89.0,90.0,17.9118631735572
2025-05-01,15:20-15:30,92.0,93.0,17.256503486458172
2025-05-01,15:50-21:30,95.0,129.0,2018.664568154958
2025-05-01,21:50-22:00,131.0,132.0,61.36069565973537
2025-05-01,22:10-23:40,133.0,142.0,453.68891640555125
2025-05-02,01:30-01:50,9.0,11.0,14.278803033699091
2025-05-02,02:50-03:00,17.0,18.0,2.7468046750602753
2025-05-02,03:40-03:50,22.0,23.0,4.43601373607288
2025-05-02,04:20-04:40,26.0,28.0,31.838635370682425
2025-05-02,05:00-05:20,30.0,32.0,15.190130631506065
2025-05-02,06:00-06:10,36.0,37.0,11.075360584845896
2025-05-02,06:50-07:00,41.0,42.0,12.081885506646017
2025-05-02,07:20-07:30,44.0,45.0,4.028333333333346
2025-05-02,16:20-17:30,98.0,105.0,490.2901318329756
2025-05-02,17:40-18:40,106.0,112.0,256.3900849998121
2025-05-02,19:00-19:20,114.0,116.0,64.48060421539452
2025-05-02,19:30-20:00,117.0,120.0,160.30250823100005
2025-05-02,20:10-21:20,121.0,128.0,377.1314257717241
2025-05-02,21:30-22:00,129.0,132.0,121.73494115577205
2025-05-02,22:10-22:40,133.0,136.0,179.89275719379594
2025-05-02,22:50-23:20,137.0,140.0,54.25918115842876
2025-05-02,23:40-24:00,142.0,144.0,83.697110002297
2025-05-03,01:10-01:40,7.0,10.0,79.35068969536752
2025-05-03,03:40-04:10,22.0,25.0,38.66611344180251
2025-05-03,05:20-05:30,32.0,33.0,2.0740262955802677
2025-05-03,16:10-16:20,97.0,98.0,21.65235356844778
2025-05-03,18:10-18:30,109.0,111.0,48.65710006421534
2025-05-03,18:50-19:20,113.0,116.0,118.0342811704187
2025-05-03,19:30-20:40,117.0,124.0,262.51407906115605
2025-05-03,20:50-22:00,125.0,132.0,403.11502570184604
2025-05-03,22:10-22:30,133.0,135.0,32.73797154164913
2025-05-03,23:00-23:30,138.0,141.0,63.18375789645603
2025-05-03,23:50-24:00,143.0,144.0,21.61388174697538
2025-05-04,01:40-01:50,10.0,11.0,0.8641280286893789
2025-05-04,03:00-03:20,18.0,20.0,26.847428107104065
2025-05-04,04:00-04:20,24.0,26.0,8.53065136836517
2025-05-04,05:00-05:20,30.0,32.0,19.236643444181027
2025-05-04,06:40-06:50,40.0,41.0,13.325725023608584
2025-05-04,17:20-22:00,104.0,132.0,1406.5476127120392
2025-05-04,22:10-22:20,133.0,134.0,76.62310603019051
2025-05-04,22:30-22:50,135.0,137.0,43.091133442099135
2025-05-04,23:00-23:40,138.0,142.0,66.22028047259994
2025-05-05,02:10-02:20,13.0,14.0,43.0557083433315
2025-05-05,03:40-03:50,22.0,23.0,4.153156271236526
2025-05-05,04:40-05:10,28.0,31.0,35.86508164965346
2025-05-05,06:00-06:50,36.0,41.0,157.73225735320085
2025-05-05,07:00-08:20,42.0,50.0,782.6422960301348
2025-05-05,09:10-09:30,55.0,57.0,49.21289999999999
2025-05-05,16:10-16:50,97.0,101.0,160.93357810616294
2025-05-05,17:00-17:50,102.0,107.0,357.7849282442322
2025-05-05,18:00-21:40,108.0,130.0,856.0080921238659
2025-05-05,22:10-22:50,133.0,137.0,85.36799162626698
2025-05-05,23:00-23:50,138.0,143.0,114.06178945981412
2025-05-06,02:20-02:30,14.0,15.0,12.881876023624613
2025-05-06,03:10-03:20,19.0,20.0,18.24786985262051
2025-05-06,04:00-04:50,24.0,29.0,97.22166270429796
2025-05-06,15:40-15:50,94.0,95.0,10.31628502217609
2025-05-06,17:20-18:00,104.0,108.0,108.71121962178495
2025-05-06,18:20-19:30,110.0,117.0,294.56519127276727
2025-05-06,19:50-21:00,119.0,126.0,197.70085217237397
2025-05-06,21:10-22:00,127.0,132.0,274.8131583352631
2025-05-06,22:10-23:10,133.0,139.0,224.46670114948358
2025-05-06,23:50-24:00,143.0,144.0,20.02857854978913
2025-05-07,02:50-03:00,17.0,18.0,1.0890222288297764
2025-05-07,04:10-04:20,25.0,26.0,12.961557382544584
2025-05-07,05:00-05:20,30.0,32.0,14.651372196232842
2025-05-07,14:30-15:00,87.0,90.0,57.022736991216796
2025-05-07,15:10-15:40,91.0,94.0,83.98457827200477
2025-05-07,15:50-16:00,95.0,96.0,4.603944920363688
2025-05-07,16:10-16:40,97.0,100.0,161.5746972730475
2025-05-07,17:00-18:20,102.0,110.0,439.2141175729797
2025-05-07,18:40-19:00,112.0,114.0,77.86076091036034
2025-05-07,19:10-19:40,115.0,118.0,128.871224549389
2025-05-07,19:50-20:50,119.0,125.0,299.01403322950785
2025-05-07,21:00-22:00,126.0,132.0,149.561483176131
2025-05-07,22:10-23:20,133.0,140.0,149.22481469410752
2025-05-08,04:50-05:10,29.0,31.0,84.55270319798387
2025-05-08,14:30-14:40,87.0,88.0,25.355478374381107
2025-05-08,17:40-17:50,106.0,107.0,1.2676838568313542
2025-05-08,18:40-19:00,112.0,114.0,27.861076780258827
2025-05-08,19:20-19:30,116.0,117.0,8.560437820441848
2025-05-08,19:50-20:20,119.0,122.0,243.12516800615685
2025-05-08,21:30-21:50,129.0,131.0,19.508763085692635
2025-05-08,23:30-23:50,141.0,143.0,10.392164096822057
2025-05-09,00:30-01:10,3.0,7.0,115.79847181893183
2025-05-09,02:30-02:40,15.0,16.0,16.3000419905336
2025-05-09,07:10-07:20,43.0,44.0,16.239451764141016
2025-05-09,16:50-17:30,101.0,105.0,111.46942202100901
2025-05-09,20:00-20:10,120.0,121.0,4.245355689351754
2025-05-09,21:20-21:30,128.0,129.0,20.25235557573501
2025-05-10,02:20-02:30,14.0,15.0,8.092271204878102
2025-05-10,03:00-03:20,18.0,20.0,14.532471833493048
2025-05-10,04:00-04:10,24.0,25.0,1.4585663184873852
2025-05-10,05:20-05:30,32.0,33.0,1.3069358524380732
2025-05-10,07:40-07:50,46.0,47.0,10.63190000000001
2025-05-10,16:10-16:20,97.0,98.0,14.22464651680577
2025-05-10,20:40-21:00,124.0,126.0,32.85544454003175
2025-05-10,22:50-23:10,137.0,139.0,13.602996003458998
2025-05-11,01:30-01:40,9.0,10.0,0.23420247572096287
2025-05-11,02:10-02:40,13.0,16.0,40.02652796023642
2025-05-11,03:10-03:20,19.0,20.0,6.349553496879821
2025-05-11,03:50-04:00,23.0,24.0,18.700262330781698
2025-05-11,04:20-04:40,26.0,28.0,9.177955951314743
2025-05-11,04:50-05:10,29.0,31.0,28.351296510458383
2025-05-11,14:20-14:30,86.0,87.0,4.411156606140317
2025-05-11,17:30-17:40,105.0,106.0,3.207258580862799
2025-05-11,18:30-18:40,111.0,112.0,29.5757885047567
2025-05-11,19:10-19:30,115.0,117.0,105.66296613638872
2025-05-11,19:50-20:00,119.0,120.0,6.449196657063226
2025-05-11,20:20-20:30,122.0,123.0,7.884196657063285
2025-05-11,23:20-23:30,140.0,141.0,5.244227556779606
2025-05-11,23:40-24:00,142.0,144.0,12.174255449432849
2025-05-12,01:40-01:50,10.0,11.0,13.952510804528174
2025-05-12,02:50-03:10,17.0,19.0,37.6819499526124
2025-05-12,05:50-06:10,35.0,37.0,37.22427801879064
2025-05-12,16:30-17:10,99.0,103.0,92.0847370319392
2025-05-12,17:20-17:30,104.0,105.0,21.024296330083985
2025-05-12,19:00-19:30,114.0,117.0,71.26631069573261
2025-05-13,05:50-06:00,35.0,36.0,52.441445077558456
2025-05-13,07:00-07:20,42.0,44.0,92.27960050963043
2025-05-13,08:10-08:40,49.0,52.0,86.40884312878137
2025-05-13,09:10-09:20,55.0,56.0,19.33751951120439
2025-05-13,16:10-16:20,97.0,98.0,0.26989758463361113
2025-05-13,19:00-19:10,114.0,115.0,25.82190594443648
2025-05-13,19:40-19:50,118.0,119.0,6.400846657063312
2025-05-13,21:00-21:10,126.0,127.0,22.818156682428594
2025-05-14,03:30-04:00,21.0,24.0,66.79902150355451
2025-05-14,04:40-05:00,28.0,30.0,31.163883119140678
2025-05-14,05:50-06:00,35.0,36.0,30.197379696847406
2025-05-14,06:20-06:50,38.0,41.0,44.21425468837026
2025-05-14,17:10-17:20,103.0,104.0,2.198248772110105
2025-05-14,17:30-17:40,105.0,106.0,5.052763605074347
2025-05-14,23:40-23:50,142.0,143.0,2.0544624194219523
2025-05-15,04:20-04:40,26.0,28.0,36.36166219190568
2025-05-15,06:50-07:00,41.0,42.0,17.06288228565421
2025-05-15,07:30-07:50,45.0,47.0,73.71608254393539
2025-05-15,14:30-14:40,87.0,88.0,20.409583333333256
2025-05-15,14:50-15:30,89.0,93.0,245.15927571656368
2025-05-15,16:10-16:50,97.0,101.0,382.84876971706996
2025-05-15,17:20-17:30,104.0,105.0,32.48906987902308
2025-05-15,18:50-19:00,113.0,114.0,9.369490487175653
2025-05-15,20:50-21:20,125.0,128.0,58.19637739265454
2025-05-16,00:20-00:30,2.0,3.0,28.10278606516573
2025-05-16,04:40-04:50,28.0,29.0,0.828093765359597
2025-05-16,05:00-05:10,30.0,31.0,2.3324198287554623
2025-05-16,21:00-21:20,126.0,128.0,31.4082986344323
2025-05-16,22:50-23:00,137.0,138.0,6.923150841710196
2025-05-16,23:30-24:00,141.0,144.0,168.99800674406276
2025-05-17,00:00-00:20,0.0,2.0,13.274120695596764
2025-05-17,01:30-01:40,9.0,10.0,16.513155797715
2025-05-17,02:00-02:20,12.0,14.0,13.763708100997349
2025-05-17,03:20-03:50,20.0,23.0,79.36438228964164
2025-05-17,05:00-05:10,30.0,31.0,4.519535454133461
2025-05-17,06:50-07:00,41.0,42.0,0.19999999999996967
2025-05-17,16:50-17:10,101.0,103.0,30.29250780442922
2025-05-17,20:20-20:30,122.0,123.0,20.32187743258328
2025-05-17,22:40-22:50,136.0,137.0,4.415602043602064
2025-05-17,23:40-23:50,142.0,143.0,8.774514224432323
2025-05-18,01:30-01:40,9.0,10.0,15.931943002216485
2025-05-18,02:10-02:30,13.0,15.0,26.03534244486923
2025-05-18,02:50-03:00,17.0,18.0,22.337201191204144
2025-05-18,03:30-04:00,21.0,24.0,52.42808107559472
2025-05-18,04:10-04:30,25.0,27.0,29.73479931335305
2025-05-18,04:50-05:00,29.0,30.0,21.8052770300161
2025-05-18,06:40-07:00,40.0,42.0,49.68926975019474
2025-05-18,07:30-08:40,45.0,52.0,382.95905049346885
2025-05-18,20:20-20:30,122.0,123.0,29.720362342867134
2025-05-18,21:00-21:20,126.0,128.0,20.51472639615622
2025-05-19,03:10-03:20,19.0,20.0,1.5421688357110952
2025-05-19,15:50-16:00,95.0,96.0,11.284964712522026
2025-05-19,16:20-16:30,98.0,99.0,13.853230664823514
2025-05-19,20:10-20:40,121.0,124.0,127.38958111164095
2025-05-19,21:10-21:30,127.0,129.0,61.16960048500107
2025-05-19,23:50-24:00,143.0,144.0,9.83628378080698
2025-05-20,08:50-09:00,53.0,54.0,0.21916666666675155
2025-05-20,14:00-14:10,84.0,85.0,14.661533333333258
2025-05-20,14:40-15:50,88.0,95.0,477.14877150071493
2025-05-20,18:40-18:50,112.0,113.0,5.175179292447297
2025-05-20,22:10-22:20,133.0,134.0,4.176578043280756
2025-05-21,02:40-03:00,16.0,18.0,52.793234312107984
2025-05-21,04:30-04:50,27.0,29.0,18.01986885156748
2025-05-21,15:20-15:30,92.0,93.0,13.148777769104527
2025-05-21,16:50-17:00,101.0,102.0,10.483464804744699
2025-05-21,19:20-19:30,116.0,117.0,17.10805411492595
2025-05-21,19:40-19:50,118.0,119.0,4.3193115987955935
2025-05-21,21:00-21:10,126.0,127.0,43.32172708089854
2025-05-21,21:30-21:40,129.0,130.0,20.886774911456996
2025-05-21,23:20-23:40,140.0,142.0,25.355450755212246
2025-05-22,04:00-04:10,24.0,25.0,4.135394085389748
2025-05-22,04:30-04:40,27.0,28.0,4.070646728122483
2025-05-22,05:40-05:50,34.0,35.0,6.5433103123076535
2025-05-22,06:40-07:00,40.0,42.0,47.74457646211454
2025-05-22,16:50-17:00,101.0,102.0,4.953773575903142
2025-05-22,18:10-18:20,109.0,110.0,13.665443490441703
2025-05-22,20:20-20:30,122.0,123.0,7.809277473162524
2025-05-22,22:20-22:40,134.0,136.0,20.622258333348896
2025-05-23,01:00-01:10,6.0,7.0,4.670373045588519
2025-05-23,03:20-03:30,20.0,21.0,18.50230513700143
2025-05-23,04:10-04:20,25.0,26.0,3.0779461996256146
2025-05-23,06:20-06:30,38.0,39.0,20.185836861615257
2025-05-23,22:10-22:20,133.0,134.0,8.448790834820329
2025-05-24,00:50-01:00,5.0,6.0,2.257315628996537
2025-05-24,02:30-02:40,15.0,16.0,6.561705532657697
2025-05-24,03:50-04:00,23.0,24.0,4.833684633412076
2025-05-25,04:00-04:10,24.0,25.0,11.828324477801175
2025-05-25,04:40-04:50,28.0,29.0,10.636507739251556
2025-05-25,15:50-16:10,95.0,97.0,29.508624256661392
2025-05-25,17:20-17:40,104.0,106.0,42.86453856755236
2025-05-25,20:40-21:00,124.0,126.0,56.79938439435989
2025-05-25,21:30-21:40,129.0,130.0,43.350407254219704
2025-05-26,04:30-04:40,27.0,28.0,8.571484910365825
2025-05-26,04:50-05:20,29.0,32.0,44.79938565515317
2025-05-26,07:00-07:40,42.0,46.0,287.0961158318708
2025-05-26,08:10-08:30,49.0,51.0,85.94791940555069
2025-05-26,14:50-15:00,89.0,90.0,28.30656688319958
2025-05-26,17:10-17:30,103.0,105.0,44.18126687266158
2025-05-26,18:20-18:30,110.0,111.0,33.279896208827495
2025-05-26,18:50-19:00,113.0,114.0,18.552529990396692
2025-05-26,21:30-21:40,129.0,130.0,4.983638392117541
2025-05-26,22:40-23:00,136.0,138.0,46.79189381834601
2025-05-27,02:20-02:30,14.0,15.0,0.7925789229176416
2025-05-27,03:20-04:00,20.0,24.0,42.275477646225795
2025-05-27,04:30-04:40,27.0,28.0,17.38163585600796
2025-05-27,16:00-16:10,96.0,97.0,29.512608240067664
2025-05-27,20:10-20:30,121.0,123.0,26.906830030060405
2025-05-27,22:20-22:30,134.0,135.0,9.249366388058547
2025-05-27,23:40-23:50,142.0,143.0,11.587404004871814
2025-05-28,03:30-03:50,21.0,23.0,18.77433266438993
2025-05-28,05:50-06:00,35.0,36.0,10.716689600499421
2025-05-28,06:40-07:00,40.0,42.0,82.89355612106061
2025-05-28,07:10-07:20,43.0,44.0,2.061098090111898
2025-05-28,07:50-08:00,47.0,48.0,23.183764113127836
2025-05-28,09:30-09:50,57.0,59.0,9.004733333333357
2025-05-28,17:20-17:30,104.0,105.0,4.294956217069853
2025-05-28,19:30-19:40,117.0,118.0,27.292689940175933
2025-05-28,20:00-20:20,120.0,122.0,4.95020964781088
2025-05-28,23:10-23:20,139.0,140.0,5.995225269965431
2025-05-28,23:50-24:00,143.0,144.0,0.4520576478836347
2025-05-29,02:40-03:00,16.0,18.0,13.9537352751164
2025-05-29,04:20-04:30,26.0,27.0,20.632801983678974
2025-05-29,04:40-05:10,28.0,31.0,39.01116894512336
2025-05-29,08:20-08:30,50.0,51.0,37.59542725151243
2025-05-29,15:00-15:20,90.0,92.0,45.77931354106416
2025-05-29,15:50-16:30,95.0,99.0,54.632180432510836
2025-05-29,17:30-17:40,105.0,106.0,24.669046875714912
2025-05-29,20:20-20:30,122.0,123.0,0.6186609384210442
2025-05-30,03:30-03:50,21.0,23.0,42.82376715705419
2025-05-30,16:10-16:50,97.0,101.0,61.52545684272371
2025-05-30,17:20-17:30,104.0,105.0,28.898725166836783
2025-05-30,21:50-22:00,131.0,132.0,25.020211608822535
2025-05-30,22:30-22:40,135.0,136.0,9.47110739200383
2025-05-31,00:40-00:50,4.0,5.0,14.662897397701784
2025-05-31,02:40-02:50,16.0,17.0,4.534540396599596
2025-05-31,03:20-03:30,20.0,21.0,12.221714973032022
2025-05-31,05:00-05:10,30.0,31.0,13.170083485765417
2025-05-31,06:20-06:30,38.0,39.0,27.15688635200246
2025-05-31,07:00-07:20,42.0,44.0,11.981551764141026
2025-05-31,23:40-24:00,142.0,144.0,116.40504316767522
2025-06-01,01:00-01:10,6.0,7.0,31.660308441218945
2025-06-01,01:30-02:00,9.0,12.0,114.80899019482104
2025-06-01,02:10-03:10,13.0,19.0,186.7983404128696
2025-06-01,03:20-03:30,20.0,21.0,9.163143761010701
2025-06-01,03:40-04:00,22.0,24.0,2.533641754037262
2025-06-01,04:10-04:40,25.0,28.0,17.485021392753765
2025-06-01,05:50-06:00,35.0,36.0,4.197939600499353
2025-06-01,07:50-08:00,47.0,48.0,14.486264113127959
2025-06-01,09:00-10:50,54.0,65.0,1237.4438465156788
2025-06-01,12:50-13:10,77.0,79.0,51.08792382373143
2025-06-01,13:20-14:40,80.0,88.0,492.8086403898971
2025-06-01,15:10-18:20,91.0,110.0,1853.3554476159306
2025-06-01,18:30-22:00,111.0,132.0,3642.213575076661
2025-06-01,22:10-22:50,133.0,137.0,288.43227332570876
2025-06-01,23:00-24:00,138.0,144.0,575.4060559058595
2025-06-02,01:30-01:50,9.0,11.0,83.69852678629206
2025-06-02,02:10-03:30,13.0,21.0,148.94257657170056
2025-06-02,04:20-04:50,26.0,29.0,86.20403204630782
2025-06-02,05:50-06:10,35.0,37.0,68.07805065766695
2025-06-02,06:20-06:50,38.0,41.0,23.321735766205165
2025-06-02,07:00-07:10,42.0,43.0,11.218441684605295
2025-06-02,07:40-08:20,46.0,50.0,122.44714507826751
2025-06-02,08:30-08:50,51.0,53.0,54.99696108166535
2025-06-02,13:00-14:00,78.0,84.0,268.04238811198775
2025-06-02,14:20-14:50,86.0,89.0,102.09737480849964
2025-06-02,15:10-21:40,91.0,130.0,2655.017131255029
2025-06-02,21:50-22:00,131.0,132.0,96.02477040138706
2025-06-02,22:10-24:00,133.0,144.0,790.0528812825537
2025-06-03,01:30-01:50,9.0,11.0,96.03880214849073
2025-06-03,02:10-03:10,13.0,19.0,119.77751345311776
2025-06-03,03:30-03:40,21.0,22.0,13.680004712297887
2025-06-03,04:00-04:10,24.0,25.0,5.9722170830914365
2025-06-03,04:40-04:50,28.0,29.0,1.7623798662772288
2025-06-03,05:10-05:20,31.0,32.0,0.4403966227125693
2025-06-03,05:50-06:00,35.0,36.0,34.07377469797359
2025-06-03,06:40-06:50,40.0,41.0,6.21465104721085
2025-06-03,09:20-10:20,56.0,62.0,424.04579420138737
2025-06-03,14:30-14:50,87.0,89.0,18.611009368224444
2025-06-03,16:40-17:00,100.0,102.0,30.667103992965394
2025-06-03,17:20-19:10,104.0,115.0,664.307811425461
2025-06-03,19:20-20:00,116.0,120.0,230.88910643210045
2025-06-03,20:10-20:40,121.0,124.0,143.0531722272035
2025-06-03,20:50-22:00,125.0,132.0,384.2014973108536
2025-06-03,22:10-22:20,133.0,134.0,83.98942416239038
2025-06-03,22:30-24:00,135.0,144.0,437.5764329179493
2025-06-04,01:30-01:50,9.0,11.0,106.18019058489551
2025-06-04,02:10-02:30,13.0,15.0,90.01540377819867
2025-06-04,03:10-03:30,19.0,21.0,7.184684465965461
2025-06-04,03:40-04:30,22.0,27.0,108.1198884140332
2025-06-04,04:40-05:10,28.0,31.0,63.318035227747714
2025-06-04,12:50-14:00,77.0,84.0,613.2531057284973
2025-06-04,14:20-15:00,86.0,90.0,292.9166037236192
2025-06-04,15:10-15:40,91.0,94.0,158.35171242605566
2025-06-04,15:50-16:00,95.0,96.0,23.740581897038
2025-06-04,16:20-17:50,98.0,107.0,216.62361052069684
2025-06-04,18:00-18:20,108.0,110.0,78.39416558339371
2025-06-04,18:40-18:50,112.0,113.0,10.142575279806579
2025-06-04,19:00-19:20,114.0,116.0,82.66376012302987
2025-06-04,19:30-19:50,117.0,119.0,27.182436415382995
2025-06-04,20:00-21:40,120.0,130.0,296.4194444249995
2025-06-04,22:10-24:00,133.0,144.0,608.9080054127858
2025-06-05,01:30-01:50,9.0,11.0,107.71037292043195
2025-06-05,02:10-02:30,13.0,15.0,50.63659423169008
2025-06-05,02:50-03:20,17.0,20.0,85.08962216912926
2025-06-05,04:00-04:10,24.0,25.0,10.488653668043185
2025-06-05,04:50-05:20,29.0,32.0,41.92815743283177
2025-06-05,05:50-06:00,35.0,36.0,2.3829776747265896
2025-06-05,06:20-07:20,38.0,44.0,208.27756547296354
2025-06-05,07:40-08:10,46.0,49.0,44.46587080438417
2025-06-05,08:30-09:20,51.0,56.0,119.9929396349753
2025-06-05,13:40-14:50,82.0,89.0,250.96839647868674
2025-06-05,15:10-15:50,91.0,95.0,694.8242919232354
2025-06-05,16:10-16:50,97.0,101.0,134.0917830240461
2025-06-05,17:50-18:10,107.0,109.0,35.3974197595021
2025-06-05,18:40-19:10,112.0,115.0,181.9997567114607
2025-06-05,19:30-21:00,117.0,126.0,618.3828144739309
2025-06-05,21:20-22:00,128.0,132.0,135.65052691390758
2025-06-05,22:10-24:00,133.0,144.0,725.6433973970816
2025-06-06,00:30-02:10,3.0,13.0,508.41502846636615
2025-06-06,02:50-03:10,17.0,19.0,26.66346009022061
2025-06-06,04:00-04:20,24.0,26.0,65.58207307561645
2025-06-06,05:10-05:30,31.0,33.0,46.2128181985222
2025-06-06,15:10-22:00,91.0,132.0,4033.628930886961
2025-06-06,22:10-22:30,133.0,135.0,92.65883123984389
2025-06-06,22:50-24:00,137.0,144.0,440.75137536629865
2025-06-07,00:50-01:20,5.0,8.0,72.538614416099
2025-06-07,01:40-02:10,10.0,13.0,75.60282868404357
2025-06-07,03:40-03:50,22.0,23.0,13.577489354671059
2025-06-07,05:20-05:30,32.0,33.0,9.386564221746994
2025-06-07,05:40-05:50,34.0,35.0,37.400080774086916
2025-06-07,07:10-07:40,43.0,46.0,93.97875529242286
2025-06-07,16:50-17:50,101.0,107.0,255.69040097599924
2025-06-07,18:20-18:50,110.0,113.0,168.78448620520737
2025-06-07,19:00-20:40,114.0,124.0,311.8522202931556
2025-06-07,21:10-22:00,127.0,132.0,167.4794227135995
2025-06-07,22:10-23:00,133.0,138.0,178.95124091376675
2025-06-07,23:20-23:40,140.0,142.0,130.42915279597975
2025-06-08,04:00-04:10,24.0,25.0,6.404541245601877
2025-06-08,06:20-06:40,38.0,40.0,40.34821279741578
2025-06-08,06:50-07:10,41.0,43.0,17.408497265683025
2025-06-08,22:20-22:30,134.0,135.0,0.8923415780901678
2025-06-08,22:50-23:00,137.0,138.0,37.20922646031602
2025-06-09,03:40-04:10,22.0,25.0,123.34864933780739
2025-06-09,04:30-04:50,27.0,29.0,18.24673961962469
2025-06-09,07:30-08:50,45.0,53.0,541.593226438441
2025-06-09,09:30-09:40,57.0,58.0,1.010900000000068
2025-06-09,13:10-13:30,79.0,81.0,89.04349845006632
2025-06-09,16:10-16:40,97.0,100.0,90.38929324844287
2025-06-09,17:10-17:40,103.0,106.0,102.6826404414602
2025-06-09,23:30-23:50,141.0,143.0,28.288564839718106
2025-06-10,04:30-05:00,27.0,30.0,98.15604960910366
2025-06-10,08:50-09:20,53.0,56.0,174.2648562671662
2025-06-10,14:00-14:20,84.0,86.0,82.60610157917847
2025-06-10,22:30-22:50,135.0,137.0,21.328316189761154
2025-06-11,04:30-04:40,27.0,28.0,3.6760417638786294
2025-06-11,05:50-07:00,35.0,42.0,130.57930148296128
2025-06-11,07:20-07:30,44.0,45.0,1.6268134749299747
2025-06-11,09:10-10:40,55.0,64.0,990.1028026390863
2025-06-11,12:50-14:20,77.0,86.0,341.605566693357
2025-06-11,17:10-17:20,103.0,104.0,52.434233673839685
2025-06-12,03:20-03:40,20.0,22.0,60.16551189840766
2025-06-12,05:50-06:00,35.0,36.0,36.39781700973151
2025-06-12,12:50-13:00,77.0,78.0,4.1255002550838356
2025-06-12,14:30-14:50,87.0,89.0,289.30579059672345
2025-06-12,16:00-16:10,96.0,97.0,15.57840838951904
2025-06-12,17:20-17:30,104.0,105.0,9.929428040642847
2025-06-12,20:50-21:00,125.0,126.0,4.8584838853061
2025-06-13,08:00-08:10,48.0,49.0,13.859816666666726
2025-06-13,20:40-20:50,124.0,125.0,5.870449024291588
2025-06-14,无,,,0.0
2025-06-15,08:10-08:50,49.0,53.0,88.44296429847293
2025-06-15,09:00-09:20,54.0,56.0,91.08359483383319
2025-06-15,10:20-10:40,62.0,64.0,83.28504479874543
2025-06-15,13:10-13:20,79.0,80.0,21.639943712227044
2025-06-15,21:20-21:40,128.0,130.0,27.047086885037515
2025-06-16,03:30-03:40,21.0,22.0,3.0994424545083348
2025-06-16,05:40-07:10,34.0,43.0,251.29769211332714
2025-06-16,14:40-14:50,88.0,89.0,59.98959519699599
2025-06-16,16:30-16:50,99.0,101.0,40.005500940493334
2025-06-16,21:00-21:10,126.0,127.0,6.864701826082978
2025-06-17,03:30-03:40,21.0,22.0,16.795054142139747
2025-06-17,05:00-05:10,30.0,31.0,1.019693104626299
2025-06-17,12:50-13:50,77.0,83.0,686.3161180509221
2025-06-17,14:20-14:30,86.0,87.0,42.769710439065875
2025-06-17,16:50-17:00,101.0,102.0,20.83664200712724
2025-06-17,20:20-20:30,122.0,123.0,12.917973105441092
2025-06-17,22:20-22:30,134.0,135.0,2.564954213976762
2025-06-18,04:30-04:50,27.0,29.0,8.67005142842686
2025-06-18,13:00-13:10,78.0,79.0,1.4658651783934538
2025-06-18,16:40-16:50,100.0,101.0,7.344990880731871
2025-06-18,20:20-20:30,122.0,123.0,13.724046025182474
2025-06-18,21:20-21:40,128.0,130.0,10.965686677588906
2025-06-18,22:50-23:00,137.0,138.0,20.722208038859435
2025-06-19,04:50-05:00,29.0,30.0,27.21098918140615
2025-06-19,06:00-06:20,36.0,38.0,42.07098167789218
2025-06-19,07:40-07:50,46.0,47.0,15.513645350924946
2025-06-19,08:40-09:00,52.0,54.0,68.51110626716616
2025-06-19,17:30-17:40,105.0,106.0,9.905438992837503
2025-06-19,19:10-19:30,115.0,117.0,91.80676064567899
2025-06-19,20:50-21:00,125.0,126.0,38.958490768560864
2025-06-19,21:30-21:40,129.0,130.0,0.3281057705120247
2025-06-19,23:00-23:10,138.0,139.0,16.61605196678613
2025-06-20,无,,,0.0
2025-06-21,02:50-03:00,17.0,18.0,8.896925093592301
2025-06-21,04:00-04:10,24.0,25.0,8.73793624875168
2025-06-21,05:00-05:10,30.0,31.0,0.48000088778769623
2025-06-21,05:40-05:50,34.0,35.0,1.5465094475398473
2025-06-21,06:10-06:20,37.0,38.0,9.300542154038254
2025-06-22,01:00-01:10,6.0,7.0,59.63995692662559
2025-06-22,02:30-02:50,15.0,17.0,11.993075835045602
2025-06-22,13:00-13:30,78.0,81.0,49.76158737990197
2025-06-22,13:40-14:50,82.0,89.0,423.0584784416015
2025-06-23,02:20-02:30,14.0,15.0,2.325668441590892
2025-06-23,03:50-04:00,23.0,24.0,30.82202564775082
2025-06-23,04:20-04:30,26.0,27.0,4.2517355323381025
2025-06-23,06:00-06:10,36.0,37.0,3.1783729338327475
2025-06-23,06:50-07:00,41.0,42.0,0.5212639738263647
2025-06-23,08:30-08:40,51.0,52.0,14.968210584845963
2025-06-23,13:20-13:30,80.0,81.0,48.21301524284734
2025-06-23,16:20-16:40,98.0,100.0,69.1905261377342
2025-06-23,17:30-17:40,105.0,106.0,41.08371694239963
2025-06-23,20:30-20:40,123.0,124.0,2.228753516789425
2025-06-23,21:30-21:50,129.0,131.0,26.94222363648248
2025-06-23,22:10-22:20,133.0,134.0,45.86628322752665
2025-06-23,23:10-23:30,139.0,141.0,5.981859853416836
2025-06-24,06:50-07:00,41.0,42.0,3.5083492106020913
2025-06-24,07:20-07:30,44.0,45.0,70.44319754719066
2025-06-24,07:40-08:20,46.0,50.0,167.35672539629945
2025-06-24,08:40-08:50,52.0,53.0,28.16654744646121
2025-06-24,09:00-10:50,54.0,65.0,1288.102323671038
2025-06-24,13:20-13:30,80.0,81.0,93.99026826667131
2025-06-24,17:20-17:30,104.0,105.0,52.160716649125334
2025-06-24,19:10-19:20,115.0,116.0,2.8425485347351014
2025-06-24,20:40-21:10,124.0,127.0,52.57688212255084
2025-06-24,23:20-23:30,140.0,141.0,16.680417365528342
2025-06-24,23:50-24:00,143.0,144.0,1.9351158309393668
2025-06-25,01:30-01:40,9.0,10.0,2.0773555244034014
2025-06-25,10:30-10:50,63.0,65.0,187.99865140030133
2025-06-25,14:40-14:50,88.0,89.0,61.666343918179166
2025-06-25,21:40-22:00,130.0,132.0,67.62882297658268
2025-06-26,08:40-09:10,52.0,55.0,126.16744637185695
2025-06-26,10:20-10:30,62.0,63.0,12.722901967136615
2025-06-26,16:50-17:00,101.0,102.0,40.952718743828314
2025-06-26,19:00-19:10,114.0,115.0,14.816518920154067
2025-06-26,21:10-21:40,127.0,130.0,42.66614640686771
2025-06-26,22:20-22:30,134.0,135.0,3.6950138768194165
2025-06-26,23:30-23:40,141.0,142.0,37.37911462464922
2025-06-27,04:50-05:00,29.0,30.0,1.6833032976693971
2025-06-28,04:40-05:00,28.0,30.0,44.20271497978979
2025-06-28,07:30-07:50,45.0,47.0,38.02211127068286
2025-06-28,19:50-20:00,119.0,120.0,0.6075229338326835
2025-06-28,20:50-21:10,125.0,127.0,15.528628248787527
2025-06-29,01:50-02:00,11.0,12.0,6.1675522025811915
2025-06-29,03:50-04:00,23.0,24.0,0.9550117780680694
2025-06-29,04:20-04:40,26.0,28.0,58.19969158022434
2025-06-29,16:10-16:30,97.0,99.0,22.68848522823953
2025-06-29,18:20-18:30,110.0,111.0,13.38336235259726
2025-06-29,21:20-22:00,128.0,132.0,70.97314069533218
2025-06-30,04:30-04:40,27.0,28.0,9.49738819826814
2025-06-30,06:40-07:20,40.0,44.0,206.37972795727796
2025-06-30,08:50-09:00,53.0,54.0,9.818448339418921
2025-06-30,10:10-10:40,61.0,64.0,90.69807655920735
2025-06-30,15:30-15:50,93.0,95.0,78.17748504861873
2025-06-30,19:30-19:40,117.0,118.0,19.99044668432441
2025-06-30,22:20-22:30,134.0,135.0,4.558854292118895
2025-06-30,22:50-23:00,137.0,138.0,29.724696856325295
2025-06-30,23:40-24:00,142.0,144.0,154.44998255093856
2025-07-01,01:00-01:10,6.0,7.0,21.21236567635026
2025-07-01,01:30-01:50,9.0,11.0,140.1641787508364
2025-07-01,02:10-05:10,13.0,31.0,1357.5779117760765
2025-07-01,06:00-06:10,36.0,37.0,19.843569636811026
2025-07-01,16:30-17:00,99.0,102.0,80.08353618299691
2025-07-01,17:30-17:50,105.0,107.0,96.64498366400187
2025-07-01,18:20-22:00,110.0,132.0,1440.9446534394287
2025-07-01,22:10-24:00,133.0,144.0,922.2821692578689
2025-07-02,01:30-01:50,9.0,11.0,238.50542641378854
2025-07-02,02:10-05:20,13.0,32.0,1429.6555609854602
2025-07-02,05:40-06:10,34.0,37.0,78.87780105519619
2025-07-02,07:10-07:20,43.0,44.0,7.770396595022362
2025-07-02,15:40-18:30,94.0,111.0,945.6355217656956
2025-07-02,18:50-21:40,113.0,130.0,1154.104102338335
2025-07-02,22:10-24:00,133.0,144.0,717.3007505780695
2025-07-03,01:30-01:50,9.0,11.0,142.29602241119824
2025-07-03,02:10-05:20,13.0,32.0,1083.793376119908
2025-07-03,05:40-06:00,34.0,36.0,157.16785350627447
2025-07-03,07:00-08:20,42.0,50.0,758.027573670123
2025-07-03,09:00-09:30,54.0,57.0,63.53083034496686
2025-07-03,09:40-09:50,58.0,59.0,0.4771271154465353
2025-07-03,13:40-14:50,82.0,89.0,565.4335031289045
2025-07-03,15:10-15:50,91.0,95.0,310.75313866817254
2025-07-03,16:10-19:10,97.0,115.0,1549.6274433573535
2025-07-03,19:20-22:00,116.0,132.0,1599.714084964766
2025-07-03,22:10-24:00,133.0,144.0,664.4574943820288
2025-07-04,00:30-03:20,3.0,20.0,1260.1024591861315
2025-07-04,03:30-04:00,21.0,24.0,144.68188513748788
2025-07-04,04:20-04:40,26.0,28.0,53.517211130503824
2025-07-04,04:50-05:30,29.0,33.0,105.57696654655132
2025-07-04,05:40-05:50,34.0,35.0,4.228529468257875
2025-07-04,06:00-06:20,36.0,38.0,42.293319405550704
2025-07-04,06:30-07:10,39.0,43.0,67.66253902272385
2025-07-04,15:30-16:00,93.0,96.0,34.10351785312631
2025-07-04,16:30-16:50,99.0,101.0,60.561877273097906
2025-07-04,17:00-18:20,102.0,110.0,407.4405878347417
2025-07-04,18:30-19:10,111.0,115.0,297.8211343797686
2025-07-04,19:40-21:20,118.0,128.0,460.68022750093564
2025-07-04,21:30-22:00,129.0,132.0,147.7609994836106
2025-07-04,22:10-24:00,133.0,144.0,637.0885260537341
2025-07-05,00:20-01:30,2.0,9.0,169.491431357529
2025-07-05,02:00-02:30,12.0,15.0,118.55133684542614
2025-07-05,02:50-03:10,17.0,19.0,129.22409994301995
2025-07-05,03:50-04:40,23.0,28.0,131.2417419627509
2025-07-05,05:00-05:30,30.0,33.0,198.2256061706517
2025-07-05,05:40-05:50,34.0,35.0,27.00859694744304
2025-07-05,06:00-06:30,36.0,39.0,138.2169431287813
2025-07-05,07:00-07:30,42.0,45.0,28.010095108849328
2025-07-05,15:40-16:00,94.0,96.0,82.70621303708603
2025-07-05,16:20-19:10,98.0,115.0,1251.8727168420005
2025-07-05,19:30-21:10,117.0,127.0,351.1412381420861
2025-07-05,21:20-21:50,128.0,131.0,147.81437613332025
2025-07-05,22:10-24:00,133.0,144.0,446.2756233761148
2025-07-06,01:30-01:50,9.0,11.0,70.01833777675529
2025-07-06,02:10-03:30,13.0,21.0,298.97966875683824
2025-07-06,03:40-04:50,22.0,29.0,392.98108217518654
2025-07-06,05:00-05:20,30.0,32.0,144.23592514703796
2025-07-06,05:40-06:40,34.0,40.0,224.25805414284497
2025-07-06,08:00-08:20,48.0,50.0,67.91116743497207
2025-07-06,08:30-08:40,51.0,52.0,16.107781215490604
2025-07-06,09:50-10:00,59.0,60.0,40.04883788840649
2025-07-06,12:50-13:10,77.0,79.0,89.94252543714302
2025-07-06,13:20-14:50,80.0,89.0,730.8637034578126
2025-07-06,15:10-16:20,91.0,98.0,597.1920043678222
2025-07-06,16:30-21:30,99.0,129.0,2183.6768050277233
2025-07-06,21:40-22:00,130.0,132.0,73.48667676358764
2025-07-06,22:10-23:00,133.0,138.0,433.5196136466873
2025-07-06,23:10-24:00,139.0,144.0,239.31704571976275
2025-07-07,01:30-01:50,9.0,11.0,52.91431102370814
2025-07-07,02:10-03:40,13.0,22.0,474.9734465681921
2025-07-07,04:10-05:20,25.0,32.0,244.20404884035895
2025-07-07,05:40-05:50,34.0,35.0,0.3258201301856616
2025-07-07,16:20-16:30,98.0,99.0,14.229767714291597
2025-07-07,17:20-17:30,104.0,105.0,13.190997442880303
2025-07-07,18:20-18:50,110.0,113.0,186.69261177199553
2025-07-07,19:00-19:20,114.0,116.0,111.88985208750864
2025-07-07,19:30-22:00,117.0,132.0,624.8930352811196
2025-07-07,22:10-22:40,133.0,136.0,227.06343522029215
2025-07-07,23:00-23:40,138.0,142.0,57.223081670802685
2025-07-08,02:50-03:00,17.0,18.0,30.065026006729
2025-07-08,04:50-05:00,29.0,30.0,42.47143010162483
2025-07-08,06:20-06:40,38.0,40.0,24.038786634044186
2025-07-08,07:00-07:20,42.0,44.0,44.54318538492137
2025-07-08,15:50-16:00,95.0,96.0,28.042959024284755
2025-07-08,17:00-17:10,102.0,103.0,17.708340274912757
2025-07-08,17:30-17:50,105.0,107.0,35.535723871357504
2025-07-08,18:20-18:30,110.0,111.0,5.431713936893061
2025-07-09,02:50-03:00,17.0,18.0,32.587638149943814
2025-07-10,03:20-03:30,20.0,21.0,17.156991051327623
2025-07-10,04:10-04:40,25.0,28.0,35.528099114178644
2025-07-10,15:40-16:00,94.0,96.0,48.05206604525529
2025-07-10,20:50-21:00,125.0,126.0,41.76210069974809
2025-07-11,06:40-07:00,40.0,42.0,40.352042674239584
2025-07-11,07:20-07:40,44.0,46.0,9.000868430807659
2025-07-12,15:30-15:50,93.0,95.0,8.08598776916056
2025-07-12,16:10-16:20,97.0,98.0,20.60693609309982
2025-07-13,19:00-19:10,114.0,115.0,1.2502946588014083
2025-07-13,19:20-19:30,116.0,117.0,23.07867289830392
2025-07-13,23:10-23:20,139.0,140.0,5.481703476976463
2025-07-13,23:30-23:50,141.0,143.0,68.47502341544134
2025-07-14,03:40-03:50,22.0,23.0,21.30323886986571
2025-07-14,17:30-17:40,105.0,106.0,4.993586799152467
2025-07-14,17:50-18:00,107.0,108.0,14.766371787263552
2025-07-14,19:30-19:40,117.0,118.0,1.9360162362294204
2025-07-14,19:50-20:00,119.0,120.0,3.612022616605941
2025-07-14,21:10-21:20,127.0,128.0,2.301924093026514
2025-07-14,22:50-23:00,137.0,138.0,8.018164852796758
2025-07-15,02:10-02:30,13.0,15.0,59.20883295155102
2025-07-15,03:10-03:30,19.0,21.0,40.31080899010965
2025-07-15,07:00-07:10,42.0,43.0,11.946964113127876
2025-07-15,19:00-19:10,114.0,115.0,1.237877746457798
2025-07-15,23:20-23:30,140.0,141.0,12.670037896378517
2025-07-16,02:10-02:30,13.0,15.0,50.76320746312388
2025-07-16,05:50-06:00,35.0,36.0,53.68125710785796
2025-07-16,07:20-07:30,44.0,45.0,15.056911336157668
2025-07-16,15:20-15:40,92.0,94.0,79.02966468119394
2025-07-16,20:10-20:20,121.0,122.0,10.33251048023601
2025-07-16,21:40-22:00,130.0,132.0,64.02088117677545
2025-07-16,22:20-22:30,134.0,135.0,31.19040059043641
2025-07-16,22:50-23:00,137.0,138.0,21.486565759872974
2025-07-17,03:50-04:00,23.0,24.0,7.027564242205926
2025-07-17,08:30-09:10,51.0,55.0,282.201116022271
2025-07-17,14:00-14:30,84.0,87.0,56.148648012647364
2025-07-17,16:30-17:00,99.0,102.0,177.17576985389167
2025-07-17,17:30-17:40,105.0,106.0,16.624670035369263
2025-07-17,20:30-20:40,123.0,124.0,11.820201952313823
2025-07-17,21:00-21:10,126.0,127.0,6.744107052291952
2025-07-17,23:20-23:40,140.0,142.0,74.50562956921453
2025-07-18,15:40-15:50,94.0,95.0,9.396153692140999
2025-07-19,23:50-24:00,143.0,144.0,5.0184346375122
2025-07-20,06:20-06:50,38.0,41.0,169.02878802170375
2025-07-20,07:00-07:30,42.0,45.0,110.8511023530977
2025-07-20,20:30-20:50,123.0,125.0,17.957166923848945
2025-07-20,22:20-22:40,134.0,136.0,14.261885751791397
2025-07-21,06:20-06:30,38.0,39.0,15.218986317550616
2025-07-21,16:00-16:10,96.0,97.0,2.0847834079414724
2025-07-21,16:50-17:00,101.0,102.0,3.5240836785966394
2025-07-21,17:30-17:40,105.0,106.0,55.991843104159784
2025-07-21,20:40-20:50,124.0,125.0,0.013185848110197185
2025-07-21,21:10-21:20,127.0,128.0,14.811090144831951
2025-07-21,21:30-21:40,129.0,130.0,3.258991929802505
2025-07-22,13:20-14:00,80.0,84.0,345.47508038533505
2025-07-22,20:00-20:10,120.0,121.0,12.176370005853073
2025-07-22,22:20-22:30,134.0,135.0,18.588067545796548
2025-07-22,23:00-23:10,138.0,139.0,11.59000318540484
2025-07-23,03:40-03:50,22.0,23.0,1.0932667741136584
2025-07-23,07:00-07:20,42.0,44.0,52.007847381455974
2025-07-23,07:50-08:30,47.0,51.0,153.21426713443708
2025-07-23,14:10-14:20,85.0,86.0,19.37899449936795
2025-07-23,15:30-16:00,93.0,96.0,168.99614890917417
2025-07-23,16:40-17:00,100.0,102.0,27.376822736061968
2025-07-23,21:00-21:10,126.0,127.0,32.411562328231184
2025-07-24,03:00-03:10,18.0,19.0,19.134908174871384
2025-07-24,04:40-04:50,28.0,29.0,6.873863247788904
2025-07-24,05:50-06:00,35.0,36.0,33.46036415054289
2025-07-24,12:50-14:00,77.0,84.0,434.9524774858574
2025-07-24,15:50-16:00,95.0,96.0,20.5288871454253
2025-07-24,16:30-17:00,99.0,102.0,77.77611463870232
2025-07-24,21:50-22:00,131.0,132.0,25.107345799858876
2025-07-25,07:30-07:50,45.0,47.0,92.85376666666662
2025-07-25,21:20-21:30,128.0,129.0,33.858917621887485
2025-07-26,05:40-05:50,34.0,35.0,16.350985679700614
2025-07-27,06:10-06:30,37.0,39.0,37.353222182733475
2025-07-27,07:00-07:20,42.0,44.0,67.25141166513976
2025-07-27,08:30-08:50,51.0,53.0,46.209066932756514
2025-07-27,09:00-09:20,54.0,56.0,32.08399980080151
2025-07-27,13:50-14:00,83.0,84.0,18.36756838721016
2025-07-27,16:20-16:40,98.0,100.0,10.505043985758675
2025-07-27,21:00-21:10,126.0,127.0,3.1802454606207675
2025-07-27,22:20-22:30,134.0,135.0,2.9187054712374447
2025-07-27,23:00-23:10,138.0,139.0,2.9836896044233754
2025-07-28,09:20-09:30,56.0,57.0,22.19812909919412
2025-07-28,09:40-09:50,58.0,59.0,0.9177940704461598
2025-07-28,10:10-10:30,61.0,63.0,67.33185734139592
2025-07-28,13:10-13:20,79.0,80.0,2.5630833333333007
2025-07-28,15:30-15:40,93.0,94.0,1.2896159903741022
2025-07-28,16:10-16:30,97.0,99.0,38.93081170492201
2025-07-28,16:50-17:00,101.0,102.0,38.592265609251854
2025-07-28,17:30-17:50,105.0,107.0,84.10958373371466
2025-07-28,21:00-21:40,126.0,130.0,134.95424324061457
2025-07-28,21:50-22:00,131.0,132.0,4.458368909511364
2025-07-28,23:10-23:30,139.0,141.0,81.32197127546169
2025-07-29,10:40-10:50,64.0,65.0,4.556238909900031
2025-07-29,18:50-19:00,113.0,114.0,29.231557545161763
2025-07-30,02:50-03:00,17.0,18.0,2.2123193680006352
2025-07-30,06:30-06:50,39.0,41.0,70.19787019088551
2025-07-30,07:20-07:30,44.0,45.0,35.646295147171486
2025-07-30,08:50-09:00,53.0,54.0,6.333368375522525
2025-07-30,09:40-09:50,58.0,59.0,0.16463054834799706
2025-07-30,15:20-15:30,92.0,93.0,19.95398541349232
2025-07-30,17:30-17:40,105.0,106.0,29.406972306652392
2025-07-30,18:40-18:50,112.0,113.0,0.9829105125772912
2025-07-30,22:40-23:00,136.0,138.0,3.7763312673022256
2025-07-31,02:10-02:30,13.0,15.0,61.48961777328611
2025-07-31,09:40-10:00,58.0,60.0,123.37221843080755
2025-07-31,13:40-14:40,82.0,88.0,268.46139416723554
2025-07-31,16:40-16:50,100.0,101.0,11.1628227582936
2025-07-31,17:20-17:40,104.0,106.0,106.70885027716452
2025-07-31,22:30-22:50,135.0,137.0,21.297283933046856
2025-07-31,23:30-23:50,141.0,143.0,11.810239949392098
2025-08-01,22:50-23:00,137.0,138.0,19.17755023823247
2025-08-02,15:40-15:50,94.0,95.0,35.227666666666664
2025-08-02,18:10-18:20,109.0,110.0,19.344915291941334
2025-08-02,18:50-19:00,113.0,114.0,8.990954790300748
2025-08-02,23:50-24:00,143.0,144.0,37.100759299078504
2025-08-03,06:30-06:50,39.0,41.0,30.466058894869605
2025-08-03,19:10-19:20,115.0,116.0,5.243015156325214
2025-08-03,19:30-20:10,117.0,121.0,93.38759081712396
2025-08-03,21:30-22:00,129.0,132.0,47.26102612839031
2025-08-03,22:10-22:20,133.0,134.0,47.53892004002853
2025-08-03,22:30-22:50,135.0,137.0,105.36031203704238
2025-08-03,23:30-23:40,141.0,142.0,6.139688833105765
2025-08-04,03:30-03:50,21.0,23.0,76.06010817767833
2025-08-04,04:10-04:30,25.0,27.0,43.65006462336646
2025-08-04,08:40-08:50,52.0,53.0,13.535353528281917
2025-08-04,15:10-15:20,91.0,92.0,31.124523409164823
2025-08-04,15:40-16:00,94.0,96.0,52.186826569434004
2025-08-04,17:00-17:30,102.0,105.0,81.5688420599206
2025-08-04,18:40-19:00,112.0,114.0,95.30655702481181
2025-08-04,22:10-22:40,133.0,136.0,52.62424947072839
2025-08-04,23:00-23:10,138.0,139.0,0.41300210219537803
2025-08-04,23:40-24:00,142.0,144.0,23.318234669952176
2025-08-05,02:10-02:20,13.0,14.0,13.964642094293254
2025-08-05,04:30-04:40,27.0,28.0,20.147896776059383
2025-08-05,17:00-17:10,102.0,103.0,21.01355383689088
2025-08-05,19:40-19:50,118.0,119.0,7.753022595460607
2025-08-05,20:10-20:20,121.0,122.0,2.778451543983124
2025-08-05,21:00-21:20,126.0,128.0,109.54099784756875
2025-08-05,21:40-21:50,130.0,131.0,6.4916953067984196
2025-08-05,22:10-22:30,133.0,135.0,39.93289032869984
2025-08-05,22:50-23:00,137.0,138.0,4.4846601256895156
2025-08-05,23:20-23:30,140.0,141.0,24.03841362144317
2025-08-06,02:30-02:40,15.0,16.0,11.961485793150587
2025-08-06,03:20-03:40,20.0,22.0,27.319187926734685
2025-08-06,14:10-15:00,85.0,90.0,482.1380017484129
2025-08-06,15:10-16:10,91.0,97.0,496.23250809905386
2025-08-06,16:20-16:30,98.0,99.0,27.25576178484664
2025-08-06,17:30-17:50,105.0,107.0,36.69247895684839
2025-08-06,18:20-18:30,110.0,111.0,18.90117172470434
2025-08-06,21:00-21:20,126.0,128.0,76.87457538962656
2025-08-06,21:40-21:50,130.0,131.0,6.912192787566596
2025-08-06,22:20-22:40,134.0,136.0,43.063880076409646
2025-08-06,23:10-23:20,139.0,140.0,37.52152295897167
2025-08-06,23:40-24:00,142.0,144.0,63.89961605688654
2025-08-07,01:40-01:50,10.0,11.0,4.552675720261391
2025-08-07,04:00-04:20,24.0,26.0,7.862214111348862
2025-08-07,05:00-05:10,30.0,31.0,15.950021559271931
2025-08-07,06:40-07:00,40.0,42.0,19.86506427460546
2025-08-07,07:20-07:40,44.0,46.0,98.910178151439
2025-08-07,20:00-20:20,120.0,122.0,36.19169252962172
2025-08-07,21:40-22:00,130.0,132.0,56.49841265439545
2025-08-07,22:10-22:30,133.0,135.0,41.175365711216614
2025-08-07,22:50-23:30,137.0,141.0,73.34416224738425
2025-08-08,01:00-01:20,6.0,8.0,13.71081422554471
2025-08-08,06:30-06:40,39.0,40.0,9.21912372323061
2025-08-08,16:20-16:30,98.0,99.0,0.8187520205549674
2025-08-08,17:00-17:10,102.0,103.0,6.3858784450105475
2025-08-08,18:00-18:10,108.0,109.0,1.1650282668515501
2025-08-08,20:00-20:10,120.0,121.0,6.215184545764487
2025-08-08,20:50-21:10,125.0,127.0,55.3253072316337
2025-08-08,21:40-22:00,130.0,132.0,109.99734831060118
2025-08-08,22:20-22:40,134.0,136.0,17.126527244102704
2025-08-09,00:30-01:00,3.0,6.0,69.68919280210139
2025-08-09,02:30-02:40,15.0,16.0,3.392772353981968
2025-08-09,07:00-07:10,42.0,43.0,12.778271959089551
2025-08-09,19:00-19:10,114.0,115.0,1.3693977407664306
2025-08-09,21:00-22:00,126.0,132.0,200.03690436900365
2025-08-09,22:20-23:00,134.0,138.0,74.70423917772337
2025-08-10,02:30-02:50,15.0,17.0,34.14449278899906
2025-08-10,03:50-04:00,23.0,24.0,0.03205143949378453
2025-08-10,15:20-16:00,92.0,96.0,110.6054320034404
2025-08-10,16:40-16:50,100.0,101.0,1.1865812862116627
2025-08-10,20:10-20:40,121.0,124.0,36.99975792993985
2025-08-10,22:50-23:00,137.0,138.0,31.79561136069765
2025-08-11,03:00-03:20,18.0,20.0,54.48438484503026
2025-08-11,07:20-07:40,44.0,46.0,141.41366460212566
2025-08-11,08:40-08:50,52.0,53.0,19.264373723230705
2025-08-11,18:20-18:30,110.0,111.0,11.811635419167715
2025-08-11,19:00-19:40,114.0,118.0,137.52077167519133
2025-08-11,20:00-20:20,120.0,122.0,31.650463631709385
2025-08-11,22:10-22:20,133.0,134.0,16.54543344324759
2025-08-12,02:50-03:20,17.0,20.0,115.0778189589729
2025-08-12,04:50-05:20,29.0,32.0,18.221241322694368
2025-08-12,14:10-14:50,85.0,89.0,141.25461880844554
2025-08-12,15:20-15:40,92.0,94.0,40.59156624326283
2025-08-12,15:50-16:00,95.0,96.0,13.366820074063696
2025-08-12,16:10-16:40,97.0,100.0,111.23762480834989
2025-08-12,17:20-17:40,104.0,106.0,92.28539504908383
2025-08-12,18:20-18:40,110.0,112.0,12.378293682564731
2025-08-12,19:00-19:40,114.0,118.0,134.28789590579152
2025-08-12,20:30-21:00,123.0,126.0,73.86716747692492
2025-08-13,02:40-03:00,16.0,18.0,64.05065303605738
2025-08-13,04:20-04:50,26.0,29.0,86.78752984076823
2025-08-13,06:30-06:50,39.0,41.0,2.978284222193338
2025-08-13,07:10-07:20,43.0,44.0,29.711218528108702
2025-08-13,14:00-14:10,84.0,85.0,29.609883333333375
2025-08-13,18:40-19:00,112.0,114.0,69.00631927738198
2025-08-13,19:10-19:30,115.0,117.0,119.53003597056818
2025-08-13,20:30-20:50,123.0,125.0,12.373707699425609
2025-08-13,21:10-21:20,127.0,128.0,0.6039411599409732
2025-08-14,02:30-02:40,15.0,16.0,3.2744099475015673
2025-08-14,03:30-03:50,21.0,23.0,107.61408634930035
2025-08-14,07:00-07:10,42.0,43.0,22.29701167218684
2025-08-14,08:00-08:20,48.0,50.0,212.43252469797375
2025-08-14,08:40-09:00,52.0,54.0,117.3364272515126
2025-08-14,16:00-16:30,96.0,99.0,182.63906701533188
2025-08-14,16:40-18:00,100.0,108.0,241.16526830998282
2025-08-14,18:50-19:20,113.0,116.0,64.18117142930134
2025-08-14,20:30-21:20,123.0,128.0,163.21453720047828
2025-08-14,21:30-21:40,129.0,130.0,8.026014214651013
2025-08-14,22:30-22:50,135.0,137.0,31.741992559239407
2025-08-14,23:00-23:10,138.0,139.0,0.29540232739634575
2025-08-14,23:30-23:50,141.0,143.0,10.429367044705032
2025-08-15,00:30-00:50,3.0,5.0,44.301697904929824
2025-08-15,02:30-02:40,15.0,16.0,15.828475656984892
2025-08-15,04:00-04:10,24.0,25.0,24.581967686415055
2025-08-15,04:40-04:50,28.0,29.0,20.43433009286599
2025-08-15,05:00-05:20,30.0,32.0,79.84191070997304
2025-08-15,16:20-16:40,98.0,100.0,15.126559778851373
2025-08-15,19:00-19:10,114.0,115.0,21.8545630165047
2025-08-15,19:50-20:00,119.0,120.0,24.521507186566396
2025-08-15,20:30-20:40,123.0,124.0,19.29930111966064
2025-08-15,21:10-21:40,127.0,130.0,60.38194377754951
2025-08-15,23:00-23:20,138.0,140.0,62.59724892721499
2025-08-15,23:40-24:00,142.0,144.0,29.40617773860879
2025-08-16,01:00-01:20,6.0,8.0,43.45858807957961
2025-08-16,03:40-03:50,22.0,23.0,8.811015729154974
2025-08-16,04:40-05:10,28.0,31.0,27.865886001213426
2025-08-16,18:30-18:50,111.0,113.0,16.036766086411717
2025-08-16,19:20-19:40,116.0,118.0,42.63505682699656
2025-08-16,20:10-20:30,121.0,123.0,108.92430957107126
2025-08-17,02:10-02:30,13.0,15.0,63.24556605726298
2025-08-17,03:00-03:20,18.0,20.0,11.601596549048395
2025-08-17,03:30-03:40,21.0,22.0,28.002622602587394
2025-08-17,06:50-07:40,41.0,46.0,122.8811092462573
2025-08-17,08:20-09:00,50.0,54.0,169.40828476370731
2025-08-17,16:10-16:20,97.0,98.0,55.671775645805724
2025-08-17,17:40-17:50,106.0,107.0,6.4891049651091635
2025-08-17,18:20-18:40,110.0,112.0,40.463472605932
2025-08-17,19:10-19:40,115.0,118.0,85.92642072437707
2025-08-17,21:40-22:00,130.0,132.0,43.77036529444206
2025-08-17,22:40-22:50,136.0,137.0,1.5985804621004718
2025-08-17,23:50-24:00,143.0,144.0,15.223675166056069
2025-08-18,01:30-01:40,9.0,10.0,39.59772128795339
2025-08-18,02:10-02:20,13.0,14.0,34.108804534066735
2025-08-18,03:50-04:00,23.0,24.0,13.693719582319545
2025-08-18,05:10-05:20,31.0,32.0,14.46689673386004
2025-08-18,05:40-06:00,34.0,36.0,10.796993440496408
2025-08-18,14:20-14:30,86.0,87.0,8.03125
2025-08-18,16:20-16:30,98.0,99.0,3.93661408852779
2025-08-18,16:50-17:00,101.0,102.0,10.868033745961725
2025-08-18,17:20-17:40,104.0,106.0,113.10678264138721
2025-08-18,19:00-19:10,114.0,115.0,7.639391502914236
2025-08-18,19:50-20:00,119.0,120.0,15.647088942215873
2025-08-18,20:20-20:40,122.0,124.0,66.03059448739782
2025-08-18,21:40-21:50,130.0,131.0,13.537057538587305
2025-08-18,23:00-23:10,138.0,139.0,9.652026878882339
2025-08-19,02:30-02:40,15.0,16.0,11.391059329418113
2025-08-19,04:20-04:40,26.0,28.0,33.34723387745191
2025-08-19,14:50-15:00,89.0,90.0,14.787286415851753
2025-08-19,15:50-16:00,95.0,96.0,28.72903890343855
2025-08-19,19:20-19:40,116.0,118.0,36.779282259372735
2025-08-19,20:00-20:10,120.0,121.0,25.93618952642271
2025-08-19,21:20-21:40,128.0,130.0,85.53351924399396
2025-08-19,22:40-22:50,136.0,137.0,3.8180589239999563
2025-08-19,23:40-23:50,142.0,143.0,13.925517804460355
2025-08-20,03:00-03:10,18.0,19.0,8.874287503709184
2025-08-20,06:10-06:30,37.0,39.0,58.842980265059396
2025-08-20,06:50-08:20,41.0,50.0,651.4953754054683
2025-08-20,08:40-09:30,52.0,57.0,631.2059474464612
2025-08-20,16:50-17:20,101.0,104.0,22.167123247780523
2025-08-20,17:50-18:00,107.0,108.0,61.766419931992345
2025-08-20,19:30-20:10,117.0,121.0,114.01710619518121
2025-08-20,20:50-21:00,125.0,126.0,34.37771509970037
2025-08-20,22:10-22:20,133.0,134.0,9.39620121539133
2025-08-20,23:00-24:00,138.0,144.0,130.50721146189676
2025-08-21,02:50-03:10,17.0,19.0,97.43910175483813
2025-08-21,04:40-05:00,28.0,30.0,82.53901577225133
2025-08-21,15:10-15:30,91.0,93.0,17.55772299326054
2025-08-21,18:00-18:20,108.0,110.0,121.4780716294971
2025-08-21,21:50-22:00,131.0,132.0,37.9192944001137
2025-08-21,22:10-22:20,133.0,134.0,31.77047929828052
2025-08-21,23:20-23:30,140.0,141.0,0.32437273300774905
2025-08-22,01:30-01:50,9.0,11.0,34.23089060883103
2025-08-22,02:40-02:50,16.0,17.0,5.041281072431616
2025-08-22,03:40-04:00,22.0,24.0,43.594027517108316
2025-08-22,15:50-16:50,95.0,101.0,271.1718828288124
2025-08-22,17:00-17:30,102.0,105.0,59.93354698282258
2025-08-22,18:00-18:20,108.0,110.0,68.31121999274046
2025-08-22,18:50-19:00,113.0,114.0,32.06627128611831
2025-08-22,19:20-19:30,116.0,117.0,9.737691289457985
2025-08-22,20:20-20:30,122.0,123.0,39.660859795448005
2025-08-22,22:10-22:40,133.0,136.0,101.25276707994942
2025-08-23,03:00-03:10,18.0,19.0,11.191914842816686
2025-08-23,21:20-21:50,128.0,131.0,59.08002422558843
2025-08-23,23:40-23:50,142.0,143.0,18.76516092165832
2025-08-24,06:20-07:00,38.0,42.0,81.79920030422471
2025-08-24,07:30-07:40,45.0,46.0,20.029050683780213
2025-08-24,14:30-14:50,87.0,89.0,62.21259021309621
2025-08-24,16:20-16:30,98.0,99.0,10.794698853735895
2025-08-24,17:20-17:30,104.0,105.0,17.082704343792443
2025-08-24,17:50-18:10,107.0,109.0,84.73590443021158
2025-08-24,20:40-21:00,124.0,126.0,13.429590632605027
2025-08-24,21:20-21:30,128.0,129.0,13.470660691683292
2025-08-24,22:20-22:40,134.0,136.0,66.69389012245756
2025-08-24,23:00-23:20,138.0,140.0,67.87995165227926
2025-08-25,04:00-04:20,24.0,26.0,39.053304653775854
2025-08-25,04:50-05:00,29.0,30.0,4.151189348227717
2025-08-25,06:20-06:50,38.0,41.0,63.81968017574172
2025-08-25,07:00-07:10,42.0,43.0,15.559574762298666
2025-08-25,15:10-15:30,91.0,93.0,118.25869775543651
2025-08-25,15:50-16:10,95.0,97.0,16.349447901902067
2025-08-25,16:40-16:50,100.0,101.0,0.8320880856647364
2025-08-25,19:20-19:40,116.0,118.0,37.85643793316456
2025-08-25,22:30-22:50,135.0,137.0,9.941074713616104
2025-08-25,23:00-23:20,138.0,140.0,37.927540441214774
2025-08-26,01:00-01:10,6.0,7.0,6.035119303695865
2025-08-26,02:40-02:50,16.0,17.0,3.5487213002923
2025-08-26,08:20-08:30,50.0,51.0,10.189028365931506
2025-08-26,16:40-17:10,100.0,103.0,81.74237029569167
2025-08-26,20:30-20:40,123.0,124.0,7.9837346486783645
2025-08-26,21:50-22:00,131.0,132.0,1.8317407014765195
2025-08-26,23:20-23:30,140.0,141.0,12.460643596053387
2025-08-27,02:10-02:20,13.0,14.0,6.807336707261243
2025-08-27,04:10-04:20,25.0,26.0,4.9976180914011366
2025-08-27,05:00-05:20,30.0,32.0,16.234651108827165
2025-08-27,08:50-09:00,53.0,54.0,38.32542548737155
2025-08-27,14:10-14:40,85.0,88.0,113.92757972149224
2025-08-27,17:30-17:40,105.0,106.0,8.632515720614947
2025-08-27,18:20-18:30,110.0,111.0,22.254835948814275
2025-08-27,18:50-19:00,113.0,114.0,3.695408604202953
2025-08-27,21:40-21:50,130.0,131.0,26.75258065230844
2025-08-28,02:10-02:20,13.0,14.0,16.061242699028185
2025-08-28,03:10-03:20,19.0,20.0,13.214685278081333
2025-08-28,05:50-06:10,35.0,37.0,34.332838021703765
2025-08-28,09:10-09:20,55.0,56.0,5.9617737232305785
2025-08-28,09:30-11:00,57.0,66.0,331.8776470435972
2025-08-28,17:00-17:30,102.0,105.0,101.92113993911869
2025-08-28,18:20-18:30,110.0,111.0,43.924256433656524
2025-08-28,18:50-19:00,113.0,114.0,52.60016996649392
2025-08-28,19:50-20:10,119.0,121.0,35.31622739389036
2025-08-28,21:10-21:20,127.0,128.0,0.662815795710344
2025-08-28,21:30-21:50,129.0,131.0,33.79172314957668
2025-08-28,22:50-23:00,137.0,138.0,67.19730634730433
2025-08-29,00:40-01:00,4.0,6.0,27.147783470320178
2025-08-29,07:00-07:40,42.0,46.0,123.36335967571524
2025-08-29,15:40-16:00,94.0,96.0,35.53688548270822
2025-08-29,16:50-17:00,101.0,102.0,14.21036975229049
2025-08-29,20:00-20:20,120.0,122.0,91.7758951431316
2025-08-29,22:40-22:50,136.0,137.0,4.000757964613399
2025-08-30,00:40-01:00,4.0,6.0,14.60540953796226
2025-08-30,01:20-01:30,8.0,9.0,2.2723798081723316
2025-08-30,05:20-05:30,32.0,33.0,18.686457772574386
2025-08-30,17:40-17:50,106.0,107.0,1.454482185429356
2025-08-30,20:40-20:50,124.0,125.0,4.310408937117586
2025-08-30,23:20-23:30,140.0,141.0,38.54711692430055
2025-08-31,04:20-04:30,26.0,27.0,21.925539509919645
2025-08-31,05:40-06:00,34.0,36.0,32.64768545951324
2025-08-31,06:20-06:30,38.0,39.0,0.7410466770079438
2025-08-31,07:00-07:50,42.0,47.0,324.76347476743507
2025-08-31,15:40-15:50,94.0,95.0,7.215292426884446
2025-08-31,19:00-19:20,114.0,116.0,27.90221156256689
2025-08-31,20:00-20:20,120.0,122.0,24.461839008952893
2025-08-31,21:30-21:40,129.0,130.0,30.430472741119274
2025-08-31,22:50-23:00,137.0,138.0,42.20186296991426
2025-09-01,无,,,0.0
2025-09-02,06:50-07:20,41.0,44.0,47.432818054346
2025-09-02,07:30-07:40,45.0,46.0,24.90251007174868
2025-09-03,15:40-15:50,94.0,95.0,7.564518913017309
2025-09-04,07:50-08:00,47.0,48.0,19.435432543935462
2025-09-05,无,,,0.0
2025-09-06,无,,,0.0
2025-09-07,无,,,0.0
2025-09-08,04:30-04:50,27.0,29.0,19.93535669981088
2025-09-08,05:40-05:50,34.0,35.0,4.78960060859788
2025-09-08,14:10-15:00,85.0,90.0,468.4035455063629
2025-09-08,15:10-17:10,91.0,103.0,501.81139818569227
2025-09-08,17:30-18:00,105.0,108.0,90.21371770115343
2025-09-08,18:20-18:40,110.0,112.0,40.24317317652981
2025-09-08,20:10-20:20,121.0,122.0,0.9153560421174234
2025-09-08,20:50-21:00,125.0,126.0,15.982311421536679
2025-09-08,21:20-21:50,128.0,131.0,60.332716731123355
2025-09-08,22:40-23:00,136.0,138.0,63.00497732966562
2025-09-08,23:40-24:00,142.0,144.0,85.41521952984124
2025-09-09,03:00-03:20,18.0,20.0,3.9152031661850515
2025-09-09,07:20-07:30,44.0,45.0,0.1242571116603699
2025-09-09,17:30-17:50,105.0,107.0,36.5286473891847
2025-09-09,18:10-18:30,109.0,111.0,71.50939583341801
2025-09-09,20:10-20:30,121.0,123.0,71.42721787467224
2025-09-09,21:10-21:30,127.0,129.0,43.67912670078306
2025-09-09,23:50-24:00,143.0,144.0,27.65916419533505
2025-09-10,01:30-01:50,9.0,11.0,45.38884187778456
2025-09-10,03:30-03:40,21.0,22.0,15.673904712428225
2025-09-10,06:20-06:30,38.0,39.0,7.260730454460145
2025-09-10,07:20-07:30,44.0,45.0,9.773160703450912
2025-09-10,08:10-09:40,49.0,58.0,818.7838703802937
2025-09-10,13:50-14:30,83.0,87.0,166.05248333333338
2025-09-10,17:50-18:00,107.0,108.0,5.8358919195371755
2025-09-10,19:30-19:50,117.0,119.0,51.77240470138247
2025-09-10,20:10-20:40,121.0,124.0,685.7885573537819
2025-09-10,21:20-21:50,128.0,131.0,43.69692036490096
2025-09-10,23:50-24:00,143.0,144.0,17.939323223479278
2025-09-11,16:20-17:00,98.0,102.0,203.50375621143309
2025-09-11,17:20-17:30,104.0,105.0,66.86468259868809
2025-09-11,18:10-18:30,109.0,111.0,42.11510939959123
2025-09-11,20:20-20:30,122.0,123.0,22.400863323729936
2025-09-11,21:00-21:30,126.0,129.0,107.6875616530856
2025-09-11,22:20-22:40,134.0,136.0,42.34919923720929
2025-09-12,03:40-04:00,22.0,24.0,11.681156304337378
2025-09-12,06:30-06:40,39.0,40.0,7.86989215403824
2025-09-12,07:10-07:40,43.0,46.0,130.20628912870805
2025-09-12,16:20-16:30,98.0,99.0,5.079201969005965
2025-09-12,17:50-18:00,107.0,108.0,4.012607420474637
2025-09-12,18:20-18:30,110.0,111.0,8.604024731695631
2025-09-12,21:00-21:20,126.0,128.0,68.4163634429492
2025-09-13,04:10-04:20,25.0,26.0,15.12795228332567
2025-09-13,16:00-16:10,96.0,97.0,16.04350695538858
2025-09-13,16:40-16:50,100.0,101.0,8.819549442407748
2025-09-13,17:00-17:20,102.0,104.0,54.460080483545084
2025-09-13,20:40-21:00,124.0,126.0,10.714964888700024
2025-09-13,21:40-21:50,130.0,131.0,7.234942046673154
2025-09-13,22:40-22:50,136.0,137.0,5.979020524699138
2025-09-14,02:50-03:00,17.0,18.0,10.830749135721362
2025-09-14,04:00-04:20,24.0,26.0,11.084532758670548
2025-09-14,04:40-04:50,28.0,29.0,16.045499747125632
2025-09-14,07:40-07:50,46.0,47.0,2.524507092940894
2025-09-14,09:00-09:20,54.0,56.0,68.02268359955981
2025-09-14,15:20-15:30,92.0,93.0,24.805833823673026
2025-09-14,16:40-16:50,100.0,101.0,11.172988110164965
2025-09-14,17:20-17:30,104.0,105.0,1.7922768470787105
2025-09-14,18:10-18:30,109.0,111.0,109.19208788119568
2025-09-14,19:50-20:00,119.0,120.0,2.1321513378826467
2025-09-14,20:40-21:00,124.0,126.0,58.57451403543644
2025-09-14,21:30-22:00,129.0,132.0,31.130107135544108
2025-09-14,22:10-22:30,133.0,135.0,87.86197106306645
2025-09-14,22:50-23:30,137.0,141.0,109.85973918387117
2025-09-15,01:30-01:50,9.0,11.0,17.485935427805543
2025-09-15,06:20-06:40,38.0,40.0,17.963054391708283
2025-09-15,07:20-07:30,44.0,45.0,27.187993464216618
2025-09-15,14:50-15:00,89.0,90.0,12.933195374878892
2025-09-15,17:50-18:00,107.0,108.0,9.313423690877357
2025-09-15,19:30-19:50,117.0,119.0,43.609931442620905
2025-09-15,22:30-22:50,135.0,137.0,24.213788911878737
2025-09-16,02:30-02:40,15.0,16.0,1.9979920261570214
2025-09-16,03:40-03:50,22.0,23.0,22.443933841147782
2025-09-16,17:20-17:30,104.0,105.0,5.523790438034553
2025-09-16,18:30-18:40,111.0,112.0,6.539650554343893
2025-09-16,19:10-19:20,115.0,116.0,9.945124557576264
2025-09-16,20:30-20:50,123.0,125.0,55.50535537136068
2025-09-16,21:30-21:50,129.0,131.0,39.79087546583605
2025-09-16,23:20-23:30,140.0,141.0,53.77669010616114
2025-09-17,08:10-08:30,49.0,51.0,59.02233527935499
2025-09-17,08:50-09:40,53.0,58.0,122.35604786096269
2025-09-17,09:50-10:00,59.0,60.0,6.2941666666667215
2025-09-17,15:50-16:10,95.0,97.0,52.616162170906364
2025-09-17,16:30-16:50,99.0,101.0,5.3474377858710795
2025-09-17,17:20-17:40,104.0,106.0,47.343161834839634
2025-09-17,18:10-18:30,109.0,111.0,12.753829809074205
2025-09-17,19:10-19:20,115.0,116.0,1.3093708671725608
2025-09-17,19:50-20:10,119.0,121.0,6.385361444748128
2025-09-17,21:10-21:20,127.0,128.0,13.351373464449125
2025-09-17,22:30-22:50,135.0,137.0,83.91342727298093
2025-09-17,23:20-23:40,140.0,142.0,27.329618071709206
2025-09-18,03:40-04:00,22.0,24.0,9.742250353169993
2025-09-18,14:30-14:40,87.0,88.0,0.14251666666662763
2025-09-18,16:40-17:00,100.0,102.0,11.001381838718999
2025-09-18,18:50-19:10,113.0,115.0,39.17752186762414
2025-09-18,19:30-19:40,117.0,118.0,40.19336213502618
2025-09-18,20:10-20:20,121.0,122.0,9.260640013288253
2025-09-18,21:30-21:50,129.0,131.0,87.8171344687986
2025-09-18,22:10-22:20,133.0,134.0,13.709374177070345
2025-09-18,23:00-23:10,138.0,139.0,5.436183863851625
2025-09-18,23:30-23:40,141.0,142.0,31.200110101865334
2025-09-19,01:00-01:10,6.0,7.0,11.345370218350183
2025-09-19,01:30-02:00,9.0,12.0,77.28594413697891
2025-09-19,15:50-16:20,95.0,98.0,69.66056934941447
2025-09-19,16:50-17:10,101.0,103.0,62.53997431417005
2025-09-19,17:30-17:40,105.0,106.0,24.524861552214645
2025-09-19,21:20-21:30,128.0,129.0,7.983679921548173
2025-09-19,22:20-22:40,134.0,136.0,22.290257637274976
2025-09-20,03:10-03:20,19.0,20.0,17.113555408103366
2025-09-20,06:50-07:10,41.0,43.0,107.95344633728371
2025-09-20,16:20-16:30,98.0,99.0,2.062277840565031
2025-09-20,18:00-18:10,108.0,109.0,6.774136665201922
2025-09-20,18:50-19:10,113.0,115.0,57.97797214443483
2025-09-20,19:40-20:00,118.0,120.0,40.391994725742734
2025-09-20,20:20-20:30,122.0,123.0,2.8783545030250934
2025-09-20,22:20-22:30,134.0,135.0,13.497613471278044
2025-09-20,23:40-24:00,142.0,144.0,26.255254193224573
2025-09-21,02:20-02:40,14.0,16.0,6.292053602212036
2025-09-21,03:00-03:20,18.0,20.0,21.848842278907227
2025-09-21,04:20-04:30,26.0,27.0,0.10266218391268467
2025-09-21,05:40-05:50,34.0,35.0,10.04779916899247
2025-09-21,18:40-19:00,112.0,114.0,33.94458985499813
2025-09-21,19:20-19:40,116.0,118.0,18.49513721465587
2025-09-21,20:30-20:40,123.0,124.0,13.033842008764623
2025-09-21,21:00-21:20,126.0,128.0,26.466081387575173
2025-09-21,22:40-22:50,136.0,137.0,14.859528439832388
2025-09-22,02:40-03:10,16.0,19.0,46.570059230231095
2025-09-22,05:00-05:20,30.0,32.0,28.125338284449754
2025-09-22,08:10-08:30,49.0,51.0,41.768239600499214
2025-09-22,14:30-14:40,87.0,88.0,15.022433333333234
2025-09-22,15:10-15:50,91.0,95.0,256.36023607111383
2025-09-22,16:00-16:40,96.0,100.0,153.38989991021674
2025-09-22,16:50-17:40,101.0,106.0,130.53381306390088
2025-09-22,19:50-20:10,119.0,121.0,12.289108567594667
2025-09-22,21:00-21:20,126.0,128.0,54.25908575028609
2025-09-22,21:40-22:00,130.0,132.0,74.94305033112198
2025-09-22,22:50-23:10,137.0,139.0,38.38154441167944
2025-09-22,23:20-23:30,140.0,141.0,5.105149514645063
2025-09-23,02:10-02:20,13.0,14.0,5.248677844087069
2025-09-23,05:00-05:10,30.0,31.0,9.480807815119988
2025-09-23,09:30-09:50,57.0,59.0,48.059099999999795
2025-09-23,10:00-10:10,60.0,61.0,3.388966666666571
2025-09-23,14:20-14:30,86.0,87.0,7.512766248558002
2025-09-23,14:40-15:00,88.0,90.0,114.1362705550566
2025-09-23,18:10-18:20,109.0,110.0,11.257421315960983
2025-09-23,20:00-20:20,120.0,122.0,38.11124867196827
2025-09-23,20:50-21:00,125.0,126.0,37.99735262696572
2025-09-23,21:20-21:30,128.0,129.0,16.421722715863098
2025-09-23,22:20-22:30,134.0,135.0,5.8906427761094164
2025-09-24,01:30-01:40,9.0,10.0,11.203053210111875
2025-09-24,02:10-02:30,13.0,15.0,16.408309579585648
2025-09-24,03:00-03:10,18.0,19.0,13.07397578879204
2025-09-24,03:30-03:50,21.0,23.0,16.56053650295246
2025-09-24,04:10-04:20,25.0,26.0,7.507841650509135
2025-09-24,06:10-06:20,37.0,38.0,9.741535633167132
2025-09-24,06:40-06:50,40.0,41.0,4.152322761013352
2025-09-24,08:50-09:10,53.0,55.0,72.78535029666432
2025-09-24,17:00-17:10,102.0,103.0,8.059241084493124
2025-09-24,18:20-18:30,110.0,111.0,35.83706770670233
2025-09-24,19:40-19:50,118.0,119.0,42.894352091104224
2025-09-25,02:10-02:20,13.0,14.0,3.939463371388001
2025-09-25,02:50-03:20,17.0,20.0,40.67581762759528
2025-09-25,04:30-04:40,27.0,28.0,6.78489285816454
2025-09-25,05:00-05:10,30.0,31.0,3.758281552319886
2025-09-25,14:40-15:00,88.0,90.0,40.84564975115591
2025-09-25,15:30-16:40,93.0,100.0,242.19012258389643
2025-09-25,17:00-17:20,102.0,104.0,17.881888908823953
2025-09-25,17:40-17:50,106.0,107.0,37.96312823247911
2025-09-25,18:30-19:00,111.0,114.0,118.0043014212846
2025-09-25,20:50-21:20,125.0,128.0,67.31985413281257
2025-09-25,21:50-22:00,131.0,132.0,16.217674862643094
2025-09-25,22:30-23:10,135.0,139.0,103.862853081195
2025-09-25,23:20-23:40,140.0,142.0,17.402825692241436
2025-09-26,04:00-04:10,24.0,25.0,10.438985934407583
2025-09-26,19:20-19:30,116.0,117.0,10.144186072217394
2025-09-26,19:50-20:00,119.0,120.0,17.607074847386457
2025-09-26,21:40-22:00,130.0,132.0,54.264561435793155
2025-09-26,23:30-23:40,141.0,142.0,13.700329081639723
2025-09-27,00:30-00:40,3.0,4.0,13.028248906017609
2025-09-27,01:10-01:20,7.0,8.0,9.98937623714761
2025-09-27,04:20-04:40,26.0,28.0,42.79483016576711
2025-09-27,06:30-06:50,39.0,41.0,89.79918447635112
2025-09-27,15:50-16:20,95.0,98.0,74.67497655232842
2025-09-27,17:30-17:40,105.0,106.0,5.34072447209644
2025-09-27,18:10-18:40,109.0,112.0,52.42040586330825
2025-09-27,19:20-19:40,116.0,118.0,46.83867053857625
2025-09-27,21:00-21:50,126.0,131.0,234.6238339711225
2025-09-27,23:10-23:40,139.0,142.0,80.39107835956804
2025-09-28,02:10-02:20,13.0,14.0,15.300495780252504
2025-09-28,04:50-05:00,29.0,30.0,4.215110062447593
2025-09-28,07:00-07:20,42.0,44.0,9.378643194515007
2025-09-28,07:40-08:00,46.0,48.0,30.627978113822053
2025-09-28,08:30-09:30,51.0,57.0,353.76836608958536
2025-09-28,09:40-09:50,58.0,59.0,34.71886889719247
2025-09-28,17:20-17:50,104.0,107.0,133.23148179759937
2025-09-28,19:20-19:30,116.0,117.0,9.21048747171426
2025-09-28,22:10-22:30,133.0,135.0,23.47358207257321
2025-09-28,23:00-24:00,138.0,144.0,125.59023888787397
2025-09-29,02:10-02:30,13.0,15.0,4.051320781130698
2025-09-29,03:00-03:20,18.0,20.0,42.11329274014474
2025-09-29,04:10-04:20,25.0,26.0,28.045373144894597
2025-09-29,04:30-04:50,27.0,29.0,15.124252848401511
2025-09-29,05:50-06:10,35.0,37.0,19.83126646433095
2025-09-29,15:50-16:10,95.0,97.0,60.17257118367178
2025-09-29,18:30-18:50,111.0,113.0,78.63413597418912
2025-09-29,19:10-19:30,115.0,117.0,30.494840984382904
2025-09-29,20:20-20:40,122.0,124.0,30.211356059489844
2025-09-29,22:10-22:40,133.0,136.0,19.646881258432018
2025-09-29,23:40-24:00,142.0,144.0,85.47096097582971
2025-09-30,02:50-03:10,17.0,19.0,24.982264323567733
2025-09-30,03:30-03:40,21.0,22.0,0.766382243268481
2025-09-30,04:20-05:00,26.0,30.0,76.56223945382374
2025-09-30,06:40-07:10,40.0,43.0,49.25698041485879
2025-09-30,09:00-09:10,54.0,55.0,0.11217570950049094
2025-09-30,10:00-10:10,60.0,61.0,16.61844999999994
2025-09-30,13:50-14:30,83.0,87.0,162.64202195908956
2025-09-30,14:40-15:00,88.0,90.0,55.08970515223703
2025-09-30,15:30-15:50,93.0,95.0,23.127238617041485
2025-09-30,17:40-17:50,106.0,107.0,5.450857461440705
2025-09-30,20:00-20:10,120.0,121.0,4.986186345524857
2025-09-30,20:30-20:50,123.0,125.0,20.275485627061585
2025-09-30,22:40-22:50,136.0,137.0,5.417007707893504
2025-09-30,23:00-23:20,138.0,140.0,18.725525283085062
2025-09-30,23:30-24:00,141.0,144.0,45.14223535830797
2025-10-01,02:50-03:00,17.0,18.0,2.028533331477888
2025-10-01,03:50-04:00,23.0,24.0,3.9278308875288985
2025-10-01,04:10-04:30,25.0,27.0,10.071199054719045
2025-10-01,05:00-05:10,30.0,31.0,11.586049462345386
2025-10-01,05:40-05:50,34.0,35.0,27.50275391529692
2025-10-02,02:10-02:30,13.0,15.0,32.827304613108936
2025-10-02,04:30-04:40,27.0,28.0,7.350521040439617
2025-10-02,05:40-06:00,34.0,36.0,51.83732084737187
2025-10-02,09:00-09:20,54.0,56.0,118.0280254972051
2025-10-03,04:20-04:30,26.0,27.0,9.055694461067503
2025-10-03,07:30-07:40,45.0,46.0,0.4356949020195575
2025-10-04,04:50-05:00,29.0,30.0,14.189785498414324
2025-10-04,05:50-06:10,35.0,37.0,49.76067431755564
2025-10-04,07:00-07:10,42.0,43.0,28.077450222100424
2025-10-05,01:00-01:20,6.0,8.0,29.230788707519537
2025-10-05,02:40-03:00,16.0,18.0,37.264551599654055
2025-10-05,04:40-04:50,28.0,29.0,0.7308203084827483
2025-10-05,06:00-06:10,36.0,37.0,7.926324286240515
2025-10-06,01:40-02:00,10.0,12.0,10.240212846787585
2025-10-06,03:20-03:30,20.0,21.0,5.955868457739484
2025-10-06,06:30-06:40,39.0,40.0,23.87901290455011
2025-10-06,07:10-07:20,43.0,44.0,11.098300750137753
2025-10-07,06:00-06:10,36.0,37.0,3.865996657063306
2025-10-07,07:20-07:30,44.0,45.0,10.63412129383272
2025-10-08,02:10-02:20,13.0,14.0,4.850638263000178
2025-10-08,06:00-06:20,36.0,38.0,20.822800613388267
2025-10-08,06:30-06:50,39.0,41.0,30.890408226937552
2025-10-08,07:10-07:30,43.0,45.0,21.90313864417402
2025-10-08,17:40-18:20,106.0,110.0,76.47705166456774
2025-10-09,04:50-05:00,29.0,30.0,5.345087118092465
2025-10-09,06:00-06:20,36.0,38.0,48.55415885690081
2025-10-09,07:40-07:50,46.0,47.0,1.3590842707681645
2025-10-09,15:10-15:20,91.0,92.0,0.3723174100330482
2025-10-09,16:00-17:00,96.0,102.0,105.71154927648035
2025-10-09,17:20-18:10,104.0,109.0,60.25707768534215
2025-10-09,20:30-20:50,123.0,125.0,54.70225789867436
2025-10-09,21:30-21:40,129.0,130.0,0.35853159160819814
2025-10-10,04:40-04:50,28.0,29.0,9.770761798997853
2025-10-10,15:50-16:00,95.0,96.0,6.550275046214594
2025-10-10,17:10-17:20,103.0,104.0,0.9249351494244138
2025-10-10,17:30-17:50,105.0,107.0,36.2783527830901
2025-10-10,21:20-21:30,128.0,129.0,20.70487363527741
2025-10-10,22:20-22:30,134.0,135.0,11.614138005435905
2025-10-11,17:30-18:00,105.0,108.0,40.033310927740445
2025-10-11,19:20-19:30,116.0,117.0,3.0215659265541603
2025-10-12,01:40-01:50,10.0,11.0,18.62080928056514
2025-10-12,06:00-06:20,36.0,38.0,44.70675920545625
2025-10-12,16:50-17:00,101.0,102.0,14.254793040560685
2025-10-12,17:20-17:30,104.0,105.0,1.4980693386212351
2025-10-12,18:00-18:20,108.0,110.0,14.266176306063642
2025-10-12,19:00-19:20,114.0,116.0,4.93174874212184
2025-10-12,19:50-20:00,119.0,120.0,17.865858111582952
2025-10-12,23:30-23:50,141.0,143.0,7.958248113433456
2025-10-13,04:40-05:00,28.0,30.0,9.520411539214365
2025-10-13,15:50-16:00,95.0,96.0,18.00345519156923
2025-10-13,16:30-16:50,99.0,101.0,16.66845080082726
2025-10-13,17:30-17:50,105.0,107.0,20.865734111843267
2025-10-13,21:40-21:50,130.0,131.0,3.1385465916681596
2025-10-13,22:20-22:30,134.0,135.0,1.0960215406872749
2025-10-14,02:10-02:20,13.0,14.0,13.803906805225438
2025-10-14,03:10-03:20,19.0,20.0,6.088010433489444
2025-10-14,04:40-04:50,28.0,29.0,9.350253130401597
2025-10-14,06:10-06:20,37.0,38.0,19.482770667523596
2025-10-14,06:50-07:30,41.0,45.0,181.92327947810477
2025-10-14,07:40-08:00,46.0,48.0,56.55253864502447
2025-10-14,08:20-08:30,50.0,51.0,3.936191972414406
2025-10-14,15:10-15:20,91.0,92.0,9.972572731149484
2025-10-14,16:10-16:20,97.0,98.0,0.020741830730116817
2025-10-14,16:30-16:50,99.0,101.0,17.471596010443477
2025-10-14,17:40-18:10,106.0,109.0,34.43505686633745
2025-10-14,19:00-19:20,114.0,116.0,32.75149615999919
2025-10-14,19:50-20:00,119.0,120.0,4.795994401232406
2025-10-14,23:20-23:40,140.0,142.0,55.95150209535109
2025-10-15,04:00-04:20,24.0,26.0,9.966950274622377
2025-10-15,14:00-14:50,84.0,89.0,96.43084626690971
2025-10-15,17:30-17:50,105.0,107.0,28.955586527771175
2025-10-15,18:40-18:50,112.0,113.0,11.875240544110625
2025-10-15,20:50-21:20,125.0,128.0,29.334756593446286
2025-10-16,02:20-02:40,14.0,16.0,18.532682300416923
2025-10-16,05:00-05:20,30.0,32.0,71.77892909842774
2025-10-16,05:50-06:00,35.0,36.0,10.252466744434855
2025-10-16,06:50-07:00,41.0,42.0,11.330826899658177
2025-10-16,15:10-17:00,91.0,102.0,609.4128608621611
2025-10-16,19:40-19:50,118.0,119.0,6.655249324616761
2025-10-16,21:40-21:50,130.0,131.0,1.0824738196254202
2025-10-17,03:20-03:30,20.0,21.0,4.77897148949404
2025-10-17,19:10-19:20,115.0,116.0,3.5306547970989755
2025-10-17,19:50-20:00,119.0,120.0,22.06465913538483
2025-10-17,21:40-21:50,130.0,131.0,4.242835569698343
2025-10-18,00:50-01:00,5.0,6.0,13.724039556143282
2025-10-18,01:50-02:00,11.0,12.0,3.736566684766103
2025-10-18,02:50-03:00,17.0,18.0,9.877789761699773
2025-10-18,04:50-05:00,29.0,30.0,19.822697069112337
2025-10-18,07:50-08:00,47.0,48.0,21.64166666666665
2025-10-18,16:20-16:50,98.0,101.0,131.06602597572967
2025-10-18,21:30-22:00,129.0,132.0,51.89178481537772
2025-10-18,23:20-23:30,140.0,141.0,2.8415325524519517
2025-10-19,03:10-03:20,19.0,20.0,1.419674775079443
2025-10-19,03:50-04:00,23.0,24.0,8.582890848166016
2025-10-19,04:20-04:30,26.0,27.0,40.07677139595262
2025-10-19,04:50-05:00,29.0,30.0,13.971386939495574
2025-10-19,05:40-06:00,34.0,36.0,13.299665727266301
2025-10-19,06:20-06:40,38.0,40.0,25.568688660202383
2025-10-19,07:20-07:30,44.0,45.0,21.928434492852944
2025-10-19,07:40-07:50,46.0,47.0,8.126105274827978
2025-10-19,08:00-08:40,48.0,52.0,49.08857667180877
2025-10-19,14:40-14:50,88.0,89.0,38.951897900687584
2025-10-19,15:20-16:00,92.0,96.0,204.67865111174348
2025-10-19,16:10-16:40,97.0,100.0,40.097584069974346
2025-10-19,18:30-18:40,111.0,112.0,5.235511621642445
2025-10-19,20:30-20:50,123.0,125.0,10.227550031383657
2025-10-19,21:20-21:30,128.0,129.0,18.142179426365942
2025-10-20,02:20-02:40,14.0,16.0,38.41426432092078
2025-10-20,03:50-04:00,23.0,24.0,4.045843334301253
2025-10-20,06:10-06:20,37.0,38.0,12.581321404260052
2025-10-20,07:50-08:00,47.0,48.0,13.508836219927844
2025-10-20,08:30-08:50,51.0,53.0,53.15586441546395
2025-10-20,09:20-09:30,56.0,57.0,6.342693651095203
2025-10-20,09:40-10:10,58.0,61.0,169.95604262498648
2025-10-20,19:00-19:10,114.0,115.0,19.675146559787095
2025-10-20,21:10-21:30,127.0,129.0,18.283233062393947
2025-10-20,22:40-22:50,136.0,137.0,8.36626597383247
2025-10-20,23:40-24:00,142.0,144.0,29.47218102633792
2025-10-21,02:50-03:00,17.0,18.0,21.76303608573926
2025-10-21,05:40-06:00,34.0,36.0,57.5972327222305
2025-10-21,06:20-06:30,38.0,39.0,11.923445261749407
2025-10-21,06:50-07:00,41.0,42.0,5.448441489674906
2025-10-21,14:10-14:30,85.0,87.0,141.01086086742873
2025-10-21,17:20-17:40,104.0,106.0,21.71576386503068
2025-10-21,19:20-19:30,116.0,117.0,7.449193128781417
2025-10-21,20:40-20:50,124.0,125.0,14.299355794331518
2025-10-21,22:40-22:50,136.0,137.0,4.648630937012058
2025-10-21,23:10-23:20,139.0,140.0,19.22040058845721
2025-10-22,01:30-01:40,9.0,10.0,34.62988864054387
2025-10-22,02:10-02:20,13.0,14.0,2.3489146480878844
2025-10-22,05:50-06:00,35.0,36.0,11.48035770785566
2025-10-22,07:20-07:30,44.0,45.0,27.07002854497864
2025-10-22,08:40-09:20,52.0,56.0,138.5491275954464
2025-10-22,09:30-09:50,57.0,59.0,53.450577009728335
2025-10-22,15:10-15:20,91.0,92.0,9.695687506363356
2025-10-22,15:40-16:20,94.0,98.0,81.2485125411244
2025-10-22,16:30-17:00,99.0,102.0,28.08116592789861
2025-10-22,17:50-18:40,107.0,112.0,64.67810746482854
2025-10-22,20:40-20:50,124.0,125.0,11.611048700787933
2025-10-22,23:00-23:10,138.0,139.0,3.5902770157300665
2025-10-23,02:10-02:20,13.0,14.0,2.181756455190907
2025-10-23,03:20-03:40,20.0,22.0,9.508931805274301
2025-10-23,06:30-06:50,39.0,41.0,23.108724979403632
2025-10-23,14:30-15:00,87.0,90.0,83.00925497870959
2025-10-23,17:00-17:20,102.0,104.0,61.32241917455053
2025-10-23,17:40-17:50,106.0,107.0,26.81037282710838
2025-10-23,19:00-19:10,114.0,115.0,4.211094172355615
2025-10-23,20:10-20:30,121.0,123.0,17.959493783884568
2025-10-23,22:10-22:20,133.0,134.0,56.944442411745285
2025-10-23,23:00-23:20,138.0,140.0,42.2429260017193
2025-10-24,05:40-06:00,34.0,36.0,39.90650194948631
2025-10-24,07:30-07:40,45.0,46.0,27.128626952629446
2025-10-24,15:30-16:00,93.0,96.0,37.9763900392309
2025-10-24,16:20-17:00,98.0,102.0,33.675333300980526
2025-10-24,17:20-17:30,104.0,105.0,1.2555095966208114
2025-10-24,18:20-18:30,110.0,111.0,33.634978408692916
2025-10-24,19:00-19:10,114.0,115.0,0.5532659149080814
2025-10-24,20:10-20:20,121.0,122.0,4.4498509747431285
2025-10-24,20:50-21:20,125.0,128.0,60.965923964990736
2025-10-24,22:50-23:00,137.0,138.0,8.746857978913738
2025-10-25,01:30-01:50,9.0,11.0,34.065006439683884
2025-10-25,05:40-05:50,34.0,35.0,7.662118781585889
2025-10-25,17:00-17:20,102.0,104.0,31.416734942180426
2025-10-25,20:20-20:30,122.0,123.0,11.223350974743141
2025-10-25,21:00-21:20,126.0,128.0,63.78934705279249
2025-10-25,22:50-23:10,137.0,139.0,15.290123516025858
2025-10-26,01:30-01:50,9.0,11.0,26.89215620447385
2025-10-26,02:20-02:30,14.0,15.0,2.6162953341303137
2025-10-26,03:20-03:30,20.0,21.0,9.299386775295261
2025-10-26,07:20-07:30,44.0,45.0,2.1942385316614264
2025-10-26,07:50-08:00,47.0,48.0,6.393937472635685
2025-10-26,08:30-08:40,51.0,52.0,4.6257282548182275
2025-10-26,17:20-18:00,104.0,108.0,82.1635481135736
2025-10-26,19:20-19:30,116.0,117.0,0.43993462844525766
2025-10-26,22:40-22:50,136.0,137.0,13.68677721020515
2025-10-26,23:40-23:50,142.0,143.0,5.330815914336654
2025-10-27,01:30-01:40,9.0,10.0,1.7818839599929106
2025-10-27,03:00-03:10,18.0,19.0,4.2957800850607555
2025-10-27,04:10-04:20,25.0,26.0,1.200143436264625
2025-10-27,05:50-06:10,35.0,37.0,43.54242265140806
2025-10-27,07:40-07:50,46.0,47.0,13.411475999403933
2025-10-27,08:10-08:30,49.0,51.0,23.897539323877538
2025-10-27,15:10-16:40,91.0,100.0,294.5352866919274
2025-10-27,16:50-17:20,101.0,104.0,71.5616737808665
2025-10-27,19:40-20:00,118.0,120.0,4.360557764669352
2025-10-27,22:10-22:20,133.0,134.0,2.8733867168966754
2025-10-27,23:00-23:20,138.0,140.0,13.569406799225362
2025-10-28,07:50-08:10,47.0,49.0,33.03082767203091
2025-10-28,08:40-09:10,52.0,55.0,81.02050906740516
2025-10-28,17:00-17:20,102.0,104.0,8.26480125274395
2025-10-28,18:40-18:50,112.0,113.0,1.3160569736544403
2025-10-28,21:30-21:40,129.0,130.0,12.766203115724807
2025-10-28,22:10-22:30,133.0,135.0,24.834291161352553
2025-10-29,02:30-02:50,15.0,17.0,37.469801805077395
2025-10-29,03:10-03:20,19.0,20.0,4.840375482509671
2025-10-29,04:20-04:40,26.0,28.0,63.42523895256352
2025-10-29,05:10-05:20,31.0,32.0,2.3584551076090747
2025-10-29,06:10-06:30,37.0,39.0,4.602463379378378
2025-10-29,09:20-10:30,56.0,63.0,440.18009589054907
2025-10-29,13:50-14:00,83.0,84.0,0.2598404884211192
2025-10-29,14:10-14:40,85.0,88.0,152.26882133954956
2025-10-29,15:10-15:20,91.0,92.0,8.97513884619832
2025-10-29,17:10-17:30,103.0,105.0,15.769644331770223
2025-10-29,18:50-19:00,113.0,114.0,8.676311713461473
2025-10-29,20:00-20:40,120.0,124.0,294.05743682378767
2025-10-29,21:10-21:20,127.0,128.0,2.2370264084541986
2025-10-29,22:10-22:20,133.0,134.0,29.398527580655696
2025-10-30,02:50-03:20,17.0,20.0,29.059154396730264
2025-10-30,03:50-04:10,23.0,25.0,31.286338964861898
2025-10-30,07:10-07:20,43.0,44.0,13.124952028086454
2025-10-30,16:00-17:00,96.0,102.0,154.28732848338734
2025-10-30,17:20-17:30,104.0,105.0,5.656374488072515
2025-10-30,18:20-18:40,110.0,112.0,60.71867120543686
2025-10-30,19:20-19:30,116.0,117.0,5.029193128781344
2025-10-30,20:40-21:00,124.0,126.0,35.59789714365968
2025-10-30,21:20-21:30,128.0,129.0,48.31109082385444
2025-10-30,21:50-22:00,131.0,132.0,3.976019330548638
2025-10-30,23:10-23:40,139.0,142.0,21.676119151135026
2025-10-31,01:30-01:40,9.0,10.0,9.732920972760951
2025-10-31,04:30-04:40,27.0,28.0,7.77753920637582
2025-10-31,05:10-05:30,31.0,33.0,15.914192218086043
2025-10-31,06:20-06:30,38.0,39.0,0.16335097474319582
2025-10-31,15:20-15:30,92.0,93.0,8.729865509856005
2025-10-31,16:20-16:30,98.0,99.0,15.127110616044604
2025-10-31,18:00-18:10,108.0,109.0,9.88545097474315
2025-10-31,19:20-19:30,116.0,117.0,13.280017641409813
2025-10-31,21:20-21:30,128.0,129.0,1.2538173166893785
2025-11-01,01:50-02:10,11.0,13.0,36.85433260342154
2025-11-01,02:40-03:40,16.0,22.0,218.75991081582765
2025-11-01,04:20-04:40,26.0,28.0,4.645180396761475
2025-11-01,05:10-05:30,31.0,33.0,36.502127530019834
2025-11-01,05:50-06:20,35.0,38.0,42.17853667751518
2025-11-01,07:30-07:40,45.0,46.0,50.438572421482576
2025-11-01,16:00-16:20,96.0,98.0,4.931732807754344
2025-11-01,16:40-17:00,100.0,102.0,35.58727937144266
2025-11-01,17:20-17:30,104.0,105.0,1.3078250371618196
2025-11-01,20:40-20:50,124.0,125.0,12.4216172376793
2025-11-01,21:20-21:40,128.0,130.0,10.68069882213814
2025-11-01,21:50-22:00,131.0,132.0,7.105609775192761
2025-11-01,22:40-22:50,136.0,137.0,0.14230214072586023
2025-11-01,23:40-24:00,142.0,144.0,35.854209123263956
2025-11-02,02:10-02:20,13.0,14.0,6.1399420481930065
2025-11-02,02:40-03:10,16.0,19.0,60.39724700026932
2025-11-02,04:40-05:20,28.0,32.0,113.47024918965565
2025-11-02,05:40-06:00,34.0,36.0,9.999308199851725
2025-11-02,06:30-07:30,39.0,45.0,372.5556783266881
2025-11-02,07:40-09:10,46.0,55.0,218.81246224315026
2025-11-02,09:20-10:00,56.0,60.0,193.82220803152393
2025-11-02,13:20-13:50,80.0,83.0,86.17720245449212
2025-11-02,14:10-14:20,85.0,86.0,5.126468357192607
2025-11-02,15:50-16:00,95.0,96.0,3.809818101001497
2025-11-02,16:40-17:10,100.0,103.0,77.0453134161404
2025-11-02,18:30-18:50,111.0,113.0,9.549589360462733
2025-11-02,19:00-19:50,114.0,119.0,109.20063065059901
2025-11-02,20:20-21:00,122.0,126.0,32.35040743288107
2025-11-02,21:40-22:00,130.0,132.0,12.874471634765541
2025-11-03,01:30-01:40,9.0,10.0,2.340857082913544
2025-11-03,02:20-02:30,14.0,15.0,11.79075515046452
2025-11-03,02:40-03:00,16.0,18.0,40.42505741994876
2025-11-03,03:20-03:30,20.0,21.0,18.251149278707317
2025-11-03,03:50-04:00,23.0,24.0,13.871837859093716
2025-11-03,04:30-04:40,27.0,28.0,7.467962680359506
2025-11-03,05:00-05:20,30.0,32.0,89.88368672042088
2025-11-03,06:30-07:20,39.0,44.0,238.77518741893363
2025-11-03,09:40-09:50,58.0,59.0,14.476188625756237
2025-11-03,15:10-15:40,91.0,94.0,130.9556349712043
2025-11-03,15:50-17:10,95.0,103.0,102.99335473519557
2025-11-03,17:40-18:00,106.0,108.0,52.96065285615134
2025-11-03,19:40-19:50,118.0,119.0,7.2521398917625675
2025-11-03,21:50-22:00,131.0,132.0,1.075623655365007
2025-11-03,23:30-23:50,141.0,143.0,44.53022555424536
2025-11-04,02:10-02:20,13.0,14.0,11.42798536693715
2025-11-04,03:20-04:10,20.0,25.0,56.13139508896313
2025-11-04,05:10-05:20,31.0,32.0,8.64914307850404
2025-11-04,05:40-06:50,34.0,41.0,221.18049115557108
2025-11-04,07:10-07:30,43.0,45.0,12.345717637582766
2025-11-04,07:40-07:50,46.0,47.0,32.175051191687544
2025-11-04,09:50-10:10,59.0,61.0,7.599511316599198
2025-11-04,14:00-14:10,84.0,85.0,50.73008183362173
2025-11-04,15:50-16:00,95.0,96.0,3.37619588889072
2025-11-04,17:10-18:00,103.0,108.0,108.6897346609453
2025-11-04,18:20-18:30,110.0,111.0,4.358622968322379
2025-11-04,18:50-19:20,113.0,116.0,22.13934082903097
2025-11-04,19:30-20:20,117.0,122.0,26.02565645946504
2025-11-04,21:00-21:20,126.0,128.0,30.742861556292382
2025-11-05,02:10-02:20,13.0,14.0,4.9745177791558035
2025-11-05,03:00-03:20,18.0,20.0,17.87094742830959
2025-11-05,03:50-04:00,23.0,24.0,0.07604011310297665
2025-11-05,04:40-05:10,28.0,31.0,68.84306903841969
2025-11-05,06:30-07:10,39.0,43.0,171.26515775730826
2025-11-05,07:40-08:00,46.0,48.0,49.50696994968291
2025-11-05,08:10-08:30,49.0,51.0,62.4799848533454
2025-11-05,08:50-09:00,53.0,54.0,27.543762348986718
2025-11-05,09:20-09:30,56.0,57.0,5.516675487371572
2025-11-05,10:00-10:10,60.0,61.0,4.672503528281936
2025-11-05,14:20-14:50,86.0,89.0,146.02629090228902
2025-11-05,15:30-16:20,93.0,98.0,103.10734842389178
2025-11-05,16:30-17:00,99.0,102.0,38.87862203564316
2025-11-05,18:00-18:10,108.0,109.0,8.880429659575611
2025-11-05,20:50-21:00,125.0,126.0,0.32761643180060673
2025-11-05,21:40-22:00,130.0,132.0,20.30931669482061
2025-11-06,01:30-01:50,9.0,11.0,43.47208705301773
2025-11-06,02:30-02:50,15.0,17.0,31.434792374890435
2025-11-06,03:40-03:50,22.0,23.0,15.033145648652749
2025-11-06,05:10-05:20,31.0,32.0,6.499268642261882
2025-11-06,05:40-05:50,34.0,35.0,14.312795932185622
2025-11-06,06:30-07:30,39.0,45.0,94.84037937543371
2025-11-06,07:40-10:40,46.0,64.0,1558.2007812885058
2025-11-06,13:40-14:00,82.0,84.0,9.780999999999949
2025-11-06,16:50-17:00,101.0,102.0,3.6707553279302374
2025-11-06,17:30-17:50,105.0,107.0,9.80758548853521
2025-11-06,18:00-18:20,108.0,110.0,18.386077237991458
2025-11-06,18:40-19:00,112.0,114.0,5.809755472499319
2025-11-06,20:20-20:40,122.0,124.0,356.2443990717422
2025-11-06,20:50-21:20,125.0,128.0,27.14854539133853
2025-11-06,21:30-21:40,129.0,130.0,18.9080058095401
2025-11-06,23:00-23:10,138.0,139.0,0.7028218673194715
2025-11-07,01:50-02:00,11.0,12.0,3.6659155011919893
2025-11-07,02:20-02:50,14.0,17.0,36.805173792560254
2025-11-07,03:40-03:50,22.0,23.0,5.337658287287638
2025-11-07,05:20-05:30,32.0,33.0,12.142766309676574
2025-11-07,06:10-06:30,37.0,39.0,20.78815681596336
2025-11-07,06:50-07:10,41.0,43.0,22.643983518678624
2025-11-07,07:30-07:50,45.0,47.0,69.91469628860011
2025-11-07,08:20-08:30,50.0,51.0,24.675151883163316
2025-11-07,17:10-17:50,103.0,107.0,28.01262798319118
2025-11-07,19:30-19:40,117.0,118.0,0.04035097474314853
2025-11-07,20:20-20:40,122.0,124.0,35.98256288501557
2025-11-07,21:00-21:10,126.0,127.0,4.918769581154038
2025-11-07,22:40-23:30,136.0,141.0,77.90143999204668
2025-11-07,23:50-24:00,143.0,144.0,2.0591641150072064
2025-11-08,01:00-01:20,6.0,8.0,11.397730710615065
2025-11-08,03:00-03:10,18.0,19.0,9.759569731103795
2025-11-08,15:30-16:00,93.0,96.0,73.24504669951907
2025-11-08,16:20-16:40,98.0,100.0,49.78444189311978
2025-11-08,18:40-19:20,112.0,116.0,51.722157806476844
2025-11-08,21:20-21:40,128.0,130.0,27.213329667344567
2025-11-08,22:20-22:30,134.0,135.0,7.758379364198049
2025-11-09,03:20-03:50,20.0,23.0,35.70820607931
2025-11-09,04:00-04:10,24.0,25.0,0.7321755396179697
2025-11-09,05:50-06:00,35.0,36.0,1.737529990396638
2025-11-09,06:40-07:20,40.0,44.0,95.4284107298115
2025-11-09,08:00-08:50,48.0,53.0,112.35606148501785
2025-11-09,13:50-14:50,83.0,89.0,331.85497342689746
2025-11-09,15:10-15:50,91.0,95.0,125.3049511856654
2025-11-09,16:00-16:20,96.0,98.0,11.93397357214485
2025-11-09,17:00-17:50,102.0,107.0,60.60820347392678
2025-11-09,20:50-21:20,125.0,128.0,69.97310593550185
2025-11-09,23:50-24:00,143.0,144.0,13.705882284030281
2025-11-10,03:50-04:30,23.0,27.0,36.46272457123587
2025-11-10,05:40-07:10,34.0,43.0,154.34750265631715
2025-11-10,07:40-09:10,46.0,55.0,466.0974061046407
2025-11-10,09:30-09:40,57.0,58.0,8.60302531043962
2025-11-10,10:10-10:50,61.0,65.0,89.42464430645099
2025-11-10,13:40-13:50,82.0,83.0,9.12310333739416
2025-11-10,14:20-14:30,86.0,87.0,21.122364434264398
2025-11-10,15:40-16:40,94.0,100.0,159.12191948247937
2025-11-10,17:00-17:20,102.0,104.0,7.590481812743747
2025-11-10,17:30-17:40,105.0,106.0,15.137091156643919
2025-11-10,18:00-18:20,108.0,110.0,23.42273158340072
2025-11-10,18:30-18:50,111.0,113.0,29.393744093480564
2025-11-10,19:20-19:30,116.0,117.0,11.631481713997573
2025-11-10,19:50-20:20,119.0,122.0,36.77879165377669
2025-11-10,20:50-21:00,125.0,126.0,30.82609546075264
2025-11-10,21:20-21:50,128.0,131.0,84.95328390357952
2025-11-11,01:30-01:50,9.0,11.0,40.102006154559376
2025-11-11,06:20-06:30,38.0,39.0,22.477827648788207
2025-11-11,06:40-07:20,40.0,44.0,86.49243168107944
2025-11-11,08:50-09:30,53.0,57.0,57.771154351971575
2025-11-11,10:00-10:20,60.0,62.0,76.54024974496156
2025-11-11,17:10-17:20,103.0,104.0,1.1523604296921803
2025-11-11,21:20-21:50,128.0,131.0,70.48219880833165
2025-11-11,23:10-23:30,139.0,141.0,26.720465697071063
2025-11-11,23:50-24:00,143.0,144.0,4.652618987945857
2025-11-12,04:20-04:40,26.0,28.0,17.680052179533845
2025-11-12,06:10-06:30,37.0,39.0,56.06018141244033
2025-11-12,06:50-07:00,41.0,42.0,11.160286496918957
2025-11-12,08:10-08:20,49.0,50.0,31.674721492541266
2025-11-12,08:50-09:00,53.0,54.0,24.202515877268866
2025-11-12,10:20-10:30,62.0,63.0,22.092083333333296
2025-11-12,13:30-14:10,81.0,85.0,189.65513958243574
2025-11-12,16:50-17:00,101.0,102.0,23.345927463022008
2025-11-12,17:30-17:50,105.0,107.0,26.862193779151994
2025-11-12,18:20-18:30,110.0,111.0,14.302009301941439
2025-11-12,19:40-20:20,118.0,122.0,78.82848734932782
2025-11-12,20:30-20:40,123.0,124.0,4.827790882259933
2025-11-12,21:10-21:20,127.0,128.0,13.37201803182495
2025-11-12,21:30-21:50,129.0,131.0,10.123134308193926
2025-11-12,23:50-24:00,143.0,144.0,5.400445159509445
2025-11-13,03:20-03:30,20.0,21.0,12.273456014888893
2025-11-13,03:50-04:10,23.0,25.0,9.95747864836278
2025-11-13,04:30-05:10,27.0,31.0,30.973114491595425
2025-11-13,05:50-06:30,35.0,39.0,15.134681394124982
2025-11-13,06:50-07:10,41.0,43.0,57.14161864115863
2025-11-13,13:30-14:50,81.0,89.0,325.198080156439
2025-11-13,15:20-15:40,92.0,94.0,40.634852586705506
2025-11-13,17:00-17:40,102.0,106.0,107.30369436744422
2025-11-13,18:50-19:10,113.0,115.0,16.38131923529329
2025-11-13,19:30-20:10,117.0,121.0,34.17376649340133
2025-11-14,01:50-02:00,11.0,12.0,18.0861287308918
2025-11-14,05:10-05:30,31.0,33.0,23.197835256665314
2025-11-14,05:40-05:50,34.0,35.0,11.191455233402792
2025-11-14,07:10-07:30,43.0,45.0,22.596775875839455
2025-11-14,15:30-15:50,93.0,95.0,19.720905175828392
2025-11-14,16:10-16:40,97.0,100.0,50.80503809797125
2025-11-14,18:40-18:50,112.0,113.0,19.488286443586787
2025-11-14,21:10-21:40,127.0,130.0,61.87325775293931
2025-11-14,21:50-22:00,131.0,132.0,7.053132401878884
2025-11-14,23:30-23:50,141.0,143.0,14.694481786698816
2025-11-15,01:50-02:00,11.0,12.0,7.814896132125284
2025-11-15,03:20-03:40,20.0,22.0,57.11073648532147
2025-11-15,03:50-04:20,23.0,26.0,30.89944230173137
2025-11-15,06:50-07:20,41.0,44.0,103.04472542497325
2025-11-15,07:50-08:30,47.0,51.0,129.68244568232018
2025-11-15,08:50-09:00,53.0,54.0,24.219166666666677
2025-11-15,15:50-16:00,95.0,96.0,21.739196679773755
2025-11-15,19:50-20:00,119.0,120.0,7.037176729182022
2025-11-15,20:10-20:30,121.0,123.0,8.199793893919889
2025-11-15,21:40-21:50,130.0,131.0,0.4239354694647659
2025-11-15,22:50-23:20,137.0,140.0,33.3756912707554
2025-11-16,05:50-06:50,35.0,41.0,121.42096179163525
2025-11-16,08:20-08:30,50.0,51.0,36.624743378869994
2025-11-16,08:50-09:00,53.0,54.0,7.688350974743116
2025-11-16,09:50-10:00,59.0,60.0,31.31563949526361
2025-11-16,10:20-10:50,62.0,65.0,193.19794761104345
2025-11-16,13:40-13:50,82.0,83.0,1.9742535282818778
2025-11-16,15:50-16:20,95.0,98.0,34.6236480360908
2025-11-16,16:30-17:00,99.0,102.0,71.72652638694399
2025-11-16,17:40-18:00,106.0,108.0,43.15844886469881
2025-11-16,20:20-20:50,122.0,125.0,43.97999621523934
2025-11-16,21:20-21:30,128.0,129.0,29.46080241895163
2025-11-16,23:10-23:20,139.0,140.0,8.691309365147958
2025-11-16,23:50-24:00,143.0,144.0,5.235615069231017
2025-11-17,02:50-03:20,17.0,20.0,20.61091756689939
2025-11-17,03:30-03:40,21.0,22.0,3.0520129656526933
2025-11-17,05:00-05:20,30.0,32.0,38.42983712279545
2025-11-17,06:20-06:40,38.0,40.0,18.232174928274503
2025-11-17,07:10-07:20,43.0,44.0,9.632722527601572
2025-11-17,07:40-08:10,46.0,49.0,85.79798960358528
2025-11-17,09:10-09:30,55.0,57.0,78.43904969296773
2025-11-17,16:30-17:00,99.0,102.0,51.95467506882039
2025-11-17,20:30-20:40,123.0,124.0,23.870376373037402
2025-11-18,03:10-03:30,19.0,21.0,17.051295628344064
2025-11-18,04:00-04:20,24.0,26.0,31.587574451846308
2025-11-18,04:30-04:50,27.0,29.0,17.332026754578465
2025-11-18,06:00-06:10,36.0,37.0,9.643663542644845
2025-11-18,12:50-13:30,77.0,81.0,79.60075668345337
2025-11-18,13:40-14:20,82.0,86.0,124.95310874539479
2025-11-18,14:30-14:50,87.0,89.0,211.05584545262099
2025-11-18,16:00-16:20,96.0,98.0,13.381311521724115
2025-11-18,16:50-17:10,101.0,103.0,13.635890427700247
2025-11-18,18:50-19:00,113.0,114.0,4.568289329116283
2025-11-18,20:40-21:10,124.0,127.0,49.075356129358624
2025-11-18,22:50-23:00,137.0,138.0,20.06330531165156
2025-11-19,01:30-01:50,9.0,11.0,12.966689632367547
2025-11-19,03:10-03:30,19.0,21.0,56.114304385039645
2025-11-19,03:50-04:00,23.0,24.0,9.878012576196738
2025-11-19,05:00-05:10,30.0,31.0,11.276816636648618
2025-11-19,05:40-06:00,34.0,36.0,97.41207551754837
2025-11-19,06:30-06:50,39.0,41.0,6.352566153179282
2025-11-19,07:00-07:20,42.0,44.0,44.31283218771114
2025-11-19,07:50-08:00,47.0,48.0,3.2429448929224236
2025-11-19,08:20-09:40,50.0,58.0,306.75789226716216
2025-11-19,09:50-10:30,59.0,63.0,145.9266209872072
2025-11-19,16:20-16:30,98.0,99.0,36.7377419806686
2025-11-19,17:40-17:50,106.0,107.0,2.1379499521633534
2025-11-19,18:00-18:20,108.0,110.0,10.782298909923327
2025-11-19,20:40-21:10,124.0,127.0,116.37816746845658
2025-11-19,22:50-23:00,137.0,138.0,4.395793898605348
2025-11-20,01:30-01:40,9.0,10.0,4.766011626106547
2025-11-20,03:30-03:50,21.0,23.0,25.097453643769427
2025-11-20,07:10-07:20,43.0,44.0,11.235219533094664
2025-11-20,12:50-14:20,77.0,86.0,297.2173837816248
2025-11-20,14:30-14:50,87.0,89.0,101.82713617053912
2025-11-20,15:20-15:40,92.0,94.0,12.478402049726355
2025-11-20,16:50-17:00,101.0,102.0,31.166967950281787
2025-11-20,17:50-18:20,107.0,110.0,37.07085247157892
2025-11-20,20:40-21:00,124.0,126.0,25.478198491012222
2025-11-20,21:10-21:30,127.0,129.0,19.722989646583756
2025-11-20,23:20-23:40,140.0,142.0,46.36396220766278
2025-11-21,01:30-01:40,9.0,10.0,12.699653530889293
2025-11-21,02:40-02:50,16.0,17.0,21.309881703694032
2025-11-21,03:20-04:00,20.0,24.0,93.99913888613224
2025-11-21,04:30-04:50,27.0,29.0,16.57738256562493
2025-11-21,05:40-05:50,34.0,35.0,1.6084623829066231
2025-11-21,06:50-07:00,41.0,42.0,15.089184308076483
2025-11-21,07:10-07:50,43.0,47.0,69.79063852105455
2025-11-21,15:50-16:00,95.0,96.0,15.77685997292997
2025-11-21,21:00-21:20,126.0,128.0,42.0840367860406
2025-11-21,21:30-21:40,129.0,130.0,15.728812971464777
2025-11-21,22:20-22:50,134.0,137.0,55.5953450327371
2025-11-22,02:10-02:30,13.0,15.0,34.242855939162894
2025-11-22,02:50-03:10,17.0,19.0,10.079876405564733
2025-11-22,03:30-03:40,21.0,22.0,8.796585709626129
2025-11-22,04:40-04:50,28.0,29.0,4.415675016566297
2025-11-22,05:10-05:30,31.0,33.0,13.533019169038369
2025-11-22,05:50-06:00,35.0,36.0,3.5549031980268637
2025-11-22,06:40-07:10,40.0,43.0,74.24112009088344
2025-11-22,07:40-07:50,46.0,47.0,0.12455346808263812
2025-11-22,08:20-08:30,50.0,51.0,7.726251764140997
2025-11-22,08:40-08:50,52.0,53.0,7.415633333333365
2025-11-22,16:10-16:50,97.0,101.0,89.58734163080936
2025-11-22,20:00-20:20,120.0,122.0,11.288251949486266
2025-11-22,21:30-21:40,129.0,130.0,14.081324659875108
2025-11-22,22:20-22:30,134.0,135.0,17.06441983692963
2025-11-22,23:50-24:00,143.0,144.0,4.830772532246556
2025-11-23,02:50-03:00,17.0,18.0,34.965734115753435
2025-11-23,03:30-03:40,21.0,22.0,19.159229354003514
2025-11-23,04:50-05:00,29.0,30.0,11.256816591749384
2025-11-23,06:50-07:10,41.0,43.0,13.280558228340851
2025-11-23,07:40-08:20,46.0,50.0,147.73618533794945
2025-11-23,08:40-08:50,52.0,53.0,2.96058928327966
2025-11-23,10:10-10:40,61.0,64.0,43.189256880479604
2025-11-23,17:00-17:20,102.0,104.0,18.117743713575464
2025-11-23,18:10-18:20,109.0,110.0,16.60368117422388
2025-11-23,20:50-21:20,125.0,128.0,77.45990970782452
2025-11-24,05:50-06:20,35.0,38.0,74.00898309948724
2025-11-24,06:50-07:10,41.0,43.0,4.853369176079241
2025-11-24,13:10-13:40,79.0,82.0,106.64793907750988
2025-11-24,14:30-14:50,87.0,89.0,14.70308953723844
2025-11-24,15:30-16:20,93.0,98.0,113.3604062849214
2025-11-24,18:40-19:00,112.0,114.0,10.705973800452284
2025-11-24,19:40-20:20,118.0,122.0,70.01578239604578
2025-11-24,20:50-21:00,125.0,126.0,26.890790658798664
2025-11-24,22:50-23:20,137.0,140.0,22.18560782181089
2025-11-24,23:40-24:00,142.0,144.0,26.56651887929968
2025-11-25,02:10-02:40,13.0,16.0,51.75950833179013
2025-11-25,02:50-03:00,17.0,18.0,2.1328210510980625
2025-11-25,03:30-04:10,21.0,25.0,89.04450306878334
2025-11-25,04:40-05:00,28.0,30.0,16.98079685363882
2025-11-25,07:40-07:50,46.0,47.0,37.41492030388997
2025-11-25,08:20-08:30,50.0,51.0,3.948774697973704
2025-11-25,08:50-09:20,53.0,56.0,86.27096323599915
2025-11-25,09:40-09:50,58.0,59.0,12.30687387207604
2025-11-25,10:10-10:50,61.0,65.0,65.89445777188345
2025-11-25,13:20-13:30,80.0,81.0,5.851446930723583
2025-11-25,17:20-17:40,104.0,106.0,25.436651572483242
2025-11-25,20:20-20:30,122.0,123.0,5.823764989757592
2025-11-25,21:20-21:40,128.0,130.0,41.422208988567036
2025-11-25,23:10-23:30,139.0,141.0,23.247157373556547
2025-11-26,02:30-02:50,15.0,17.0,20.462144642778412
2025-11-26,04:10-04:20,25.0,26.0,2.749552234081989
2025-11-26,05:10-05:20,31.0,32.0,2.451153519288596
2025-11-26,06:00-06:20,36.0,38.0,119.54273109100484
2025-11-26,08:20-08:30,50.0,51.0,5.920686758749071
2025-11-26,13:00-13:20,78.0,80.0,28.217960585771742
2025-11-26,13:50-14:20,83.0,86.0,29.307226194387738
2025-11-26,15:50-16:10,95.0,97.0,34.059905252176236
2025-11-26,16:40-17:00,100.0,102.0,15.582151266678238
2025-11-26,18:40-18:50,112.0,113.0,5.1277998183015825
2025-11-26,23:10-23:20,139.0,140.0,4.058913767485251
2025-11-27,05:50-06:00,35.0,36.0,17.631226721530766
2025-11-27,07:40-07:50,46.0,47.0,10.861547087151166
2025-11-27,14:30-14:50,87.0,89.0,53.1091149980345
2025-11-27,15:30-16:40,93.0,100.0,199.1487928993671
2025-11-27,17:30-17:50,105.0,107.0,17.359873742141758
2025-11-27,18:20-18:30,110.0,111.0,10.42731418479957
2025-11-27,19:50-20:00,119.0,120.0,0.14310451944152192
2025-11-27,20:20-20:30,122.0,123.0,27.25924175981106
2025-11-27,21:30-21:40,129.0,130.0,2.174036970829661
2025-11-28,01:10-01:20,7.0,8.0,4.981199135728161
2025-11-28,04:00-04:30,24.0,27.0,54.593948837046185
2025-11-28,04:50-05:00,29.0,30.0,18.613316223660547
2025-11-28,05:50-06:00,35.0,36.0,1.844040367249704
2025-11-28,07:40-08:10,46.0,49.0,46.82653104676814
2025-11-28,08:20-08:40,50.0,52.0,35.311851764140954
2025-11-28,18:20-18:30,110.0,111.0,3.0466843080764647
2025-11-28,18:50-19:00,113.0,114.0,4.31317099334882
2025-11-28,19:20-20:00,116.0,120.0,37.97648339408971
2025-11-28,23:50-24:00,143.0,144.0,38.80758938714672
2025-11-29,01:40-02:00,10.0,12.0,28.189717226927257
2025-11-29,03:30-03:40,21.0,22.0,0.3230550228033735
2025-11-29,04:20-04:30,26.0,27.0,25.421642555103972
2025-11-29,07:10-07:30,43.0,45.0,39.01009815459105
2025-11-29,14:50-15:50,89.0,95.0,170.38074286014137
2025-11-29,20:40-20:50,124.0,125.0,341.0081204239924
2025-11-29,21:20-21:40,128.0,130.0,84.75270277460316
2025-11-29,22:40-23:00,136.0,138.0,21.105581936496662
2025-11-29,23:30-24:00,141.0,144.0,109.90364080874326
2025-11-30,01:30-01:50,9.0,11.0,25.936593637381065
2025-11-30,03:40-04:00,22.0,24.0,74.13578001515884
2025-11-30,05:00-05:20,30.0,32.0,24.310304009023525
2025-11-30,06:00-06:20,36.0,38.0,53.05513210822494
2025-11-30,06:30-07:00,39.0,42.0,71.76503388759659
2025-11-30,08:00-08:50,48.0,53.0,104.32514135497809
2025-11-30,09:00-09:20,54.0,56.0,61.49695018534521
2025-11-30,15:40-16:20,94.0,98.0,90.90870754549485
2025-11-30,16:50-17:00,101.0,102.0,3.8259524193269954
2025-11-30,17:30-17:40,105.0,106.0,0.7360783034291671
2025-11-30,18:50-19:00,113.0,114.0,11.755508788219004
2025-11-30,20:20-20:40,122.0,124.0,21.91600105607938
2025-11-30,21:20-21:40,128.0,130.0,48.59037725220378
2025-12-01,01:30-01:50,9.0,11.0,84.2875040792801
2025-12-01,02:10-05:20,13.0,32.0,1210.6966045699478
2025-12-01,05:40-07:20,34.0,44.0,837.5164713906343
2025-12-01,07:40-10:50,46.0,65.0,1431.871804490007
2025-12-01,12:50-14:00,77.0,84.0,415.42688568059833
2025-12-01,16:20-16:30,98.0,99.0,5.438298937817422
2025-12-01,16:50-17:10,101.0,103.0,7.95768398565076
2025-12-01,17:40-18:00,106.0,108.0,12.336726305269394
2025-12-01,21:30-21:40,129.0,130.0,5.235048419249438
2025-12-01,23:40-24:00,142.0,144.0,42.56221576112523
2025-12-02,01:40-01:50,10.0,11.0,3.4514016824864484
2025-12-02,02:20-03:00,14.0,18.0,84.40578040998116
2025-12-02,03:30-05:20,21.0,32.0,384.4474818439478
2025-12-02,05:40-07:00,34.0,42.0,334.2690182312034
2025-12-02,07:10-07:20,43.0,44.0,11.16110223856424
2025-12-02,07:40-08:30,46.0,51.0,226.70402479308837
2025-12-02,08:40-10:50,52.0,65.0,917.2522959366072
2025-12-02,14:10-14:20,85.0,86.0,22.127974354036326
2025-12-02,14:40-14:50,88.0,89.0,24.600469481452762
2025-12-02,15:50-16:10,95.0,97.0,26.923350223478337
2025-12-02,17:00-17:20,102.0,104.0,17.566949104336345
2025-12-02,18:40-18:50,112.0,113.0,15.405218392379084
2025-12-02,20:30-20:40,123.0,124.0,26.956473083967126
2025-12-02,21:10-21:20,127.0,128.0,2.02779207546439
2025-12-03,01:30-01:50,9.0,11.0,61.32614405455297
2025-12-03,02:10-02:30,13.0,15.0,9.964754285949311
2025-12-03,02:50-03:30,17.0,21.0,46.93432534505894
2025-12-03,03:40-05:00,22.0,30.0,340.33384261559445
2025-12-03,05:40-05:50,34.0,35.0,31.286738673979244
2025-12-03,06:20-06:50,38.0,41.0,38.09036395377484
2025-12-03,08:40-09:10,52.0,55.0,40.75278482616636
2025-12-03,12:50-13:00,77.0,78.0,57.61785539143878
2025-12-03,13:20-13:50,80.0,83.0,114.38337711124615
2025-12-03,14:30-14:50,87.0,89.0,82.76929297217322
2025-12-03,16:20-16:30,98.0,99.0,15.767149924170553
2025-12-03,17:40-17:50,106.0,107.0,2.1056164440246903
2025-12-03,20:50-21:00,125.0,126.0,12.199727965660031
2025-12-03,21:30-21:50,129.0,131.0,9.816899125246323
2025-12-04,02:10-02:20,13.0,14.0,1.1200083540404648
2025-12-04,02:30-03:50,15.0,23.0,237.54756596108314
2025-12-04,04:20-04:30,26.0,27.0,34.33582131642288
2025-12-04,06:30-07:20,39.0,44.0,245.93768090379888
2025-12-04,08:00-09:40,48.0,58.0,630.8950550408532
2025-12-04,09:50-10:50,59.0,65.0,272.5155181508587
2025-12-04,17:10-17:20,103.0,104.0,4.416430910684767
2025-12-04,19:50-20:00,119.0,120.0,0.5600282262556675
2025-12-04,20:30-20:50,123.0,125.0,27.22665874932602
2025-12-05,01:40-01:50,10.0,11.0,31.922742836660575
2025-12-05,02:20-03:00,14.0,18.0,120.69286481417964
2025-12-05,04:10-04:30,25.0,27.0,40.08666616744398
2025-12-05,04:50-05:20,29.0,32.0,93.22782032015152
2025-12-05,06:40-08:00,40.0,48.0,274.9836321114063
2025-12-05,09:10-09:30,55.0,57.0,65.7428471155431
2025-12-05,14:30-14:40,87.0,88.0,32.249449999999946
2025-12-05,22:20-22:30,134.0,135.0,27.767408534324602
2025-12-05,23:20-23:30,140.0,141.0,37.98005512747932
2025-12-05,23:50-24:00,143.0,144.0,10.70001849414325
2025-12-06,01:30-01:40,9.0,10.0,15.312127023289634
2025-12-06,02:10-02:20,13.0,14.0,18.388098804956826
2025-12-06,02:40-02:50,16.0,17.0,28.959537620171318
2025-12-06,03:00-04:20,18.0,26.0,185.75728350272635
2025-12-06,04:30-05:10,27.0,31.0,168.7193385712303
2025-12-06,05:40-06:10,34.0,37.0,69.69957666101033
2025-12-06,06:20-06:30,38.0,39.0,27.2350430401533
2025-12-06,06:40-07:20,40.0,44.0,129.81105302941546
2025-12-06,07:30-07:40,45.0,46.0,14.839698969864628
2025-12-06,08:10-08:30,49.0,51.0,96.39698254393545
2025-12-06,08:50-09:50,53.0,59.0,319.4286820919168
2025-12-06,15:10-15:20,91.0,92.0,13.881110629951024
2025-12-06,16:00-16:20,96.0,98.0,51.31367587492292
2025-12-06,16:30-16:40,99.0,100.0,16.209008931826702
2025-12-07,01:30-01:40,9.0,10.0,7.109475171094687
2025-12-07,02:10-02:50,13.0,17.0,133.2667326463261
2025-12-07,03:00-03:30,18.0,21.0,103.53100539891898
2025-12-07,03:50-04:00,23.0,24.0,17.28831170482499
2025-12-07,04:20-04:50,26.0,29.0,75.30166617286568
2025-12-07,05:00-05:20,30.0,32.0,83.12946692773085
2025-12-07,05:50-06:00,35.0,36.0,62.377873674637044
2025-12-07,06:20-06:40,38.0,40.0,5.777710422400446
2025-12-07,07:00-07:10,42.0,43.0,5.057716628566595
2025-12-07,07:40-08:00,46.0,48.0,97.96731969935149
2025-12-07,10:40-10:50,64.0,65.0,5.468187401066928
2025-12-07,12:50-13:10,77.0,79.0,68.49267620388738
2025-12-07,13:30-13:50,81.0,83.0,39.78051597166882
2025-12-07,14:00-14:10,84.0,85.0,8.20245209191728
2025-12-07,14:30-14:50,87.0,89.0,54.56478351867861
2025-12-07,15:40-15:50,94.0,95.0,8.088510336429067
2025-12-07,16:30-16:50,99.0,101.0,47.7616406023368
2025-12-07,17:10-17:50,103.0,107.0,85.45931274711779
2025-12-07,18:20-18:50,110.0,113.0,47.69190458590185
2025-12-07,19:10-19:30,115.0,117.0,20.569559594822863
2025-12-07,20:10-20:40,121.0,124.0,43.71769604383201
2025-12-07,20:50-21:00,125.0,126.0,15.71509618270511
2025-12-07,21:20-21:40,128.0,130.0,8.817412934364256
2025-12-07,23:20-23:30,140.0,141.0,1.7680345795697576
2025-12-08,13:10-13:40,79.0,82.0,54.51973072325616
2025-12-08,16:00-16:10,96.0,97.0,13.931149037620912
2025-12-08,16:50-17:00,101.0,102.0,1.6003330688365622
2025-12-08,20:30-20:50,123.0,125.0,44.20227681485119
2025-12-09,03:00-03:30,18.0,21.0,53.7405780995133
2025-12-09,07:50-08:10,47.0,49.0,6.893381308887115
2025-12-09,08:30-08:40,51.0,52.0,3.7420887367788964
2025-12-09,14:40-14:50,88.0,89.0,24.26672736917476
2025-12-09,17:30-17:50,105.0,107.0,63.472247149935356
2025-12-09,18:10-18:20,109.0,110.0,7.063531806422816
2025-12-09,19:20-19:50,116.0,119.0,44.844776465114705
2025-12-09,20:10-20:30,121.0,123.0,18.465135323196478
2025-12-09,21:00-21:20,126.0,128.0,19.60834272433192
2025-12-10,10:20-10:40,62.0,64.0,83.30564790102068
2025-12-10,12:50-13:10,77.0,79.0,113.80974010086177
2025-12-10,15:40-16:00,94.0,96.0,61.74852696710832
2025-12-10,16:40-17:00,100.0,102.0,14.519263258579713
2025-12-10,17:20-17:30,104.0,105.0,1.4100755318502252
2025-12-10,18:40-18:50,112.0,113.0,11.795413433312547
2025-12-10,19:00-19:10,114.0,115.0,0.7029909590634134
2025-12-10,20:50-21:00,125.0,126.0,4.141000099356006
2025-12-10,22:20-22:30,134.0,135.0,10.629596829849788
2025-12-10,22:50-23:00,137.0,138.0,16.70403532204091
2025-12-10,23:50-24:00,143.0,144.0,1.7163646507586918
2025-12-11,01:30-01:50,9.0,11.0,22.680395982824507
2025-12-11,08:40-08:50,52.0,53.0,3.7698797709017526
2025-12-11,17:20-17:30,104.0,105.0,32.62565850718238
2025-12-11,18:30-18:40,111.0,112.0,3.431032606815961
2025-12-11,19:10-19:30,115.0,117.0,43.89530791084758
2025-12-11,20:00-20:10,120.0,121.0,0.9235179029316214
2025-12-11,21:20-21:50,128.0,131.0,6.950035856302748
2025-12-11,22:20-22:30,134.0,135.0,34.96253910041412
2025-12-12,01:30-01:40,9.0,10.0,12.924400338372664
2025-12-12,09:40-09:50,58.0,59.0,35.22635136706309
2025-12-12,15:10-15:30,91.0,93.0,1.5135769794537168
2025-12-12,20:10-20:20,121.0,122.0,23.352539188294827
2025-12-12,20:40-21:10,124.0,127.0,17.423521848646203
2025-12-12,22:10-22:20,133.0,134.0,8.713031934659568
2025-12-12,22:50-23:10,137.0,139.0,6.412050608446918
2025-12-13,14:20-14:40,86.0,88.0,9.536004595463588
2025-12-13,14:50-15:00,89.0,90.0,11.79890339487089
2025-12-13,18:00-18:20,108.0,110.0,10.31006353004392
2025-12-13,21:20-21:40,128.0,130.0,18.9763070731031
2025-12-13,23:50-24:00,143.0,144.0,28.57151620822151
2025-12-14,10:20-10:30,62.0,63.0,14.547968133492986
2025-12-14,15:50-16:00,95.0,96.0,18.25949825629357
2025-12-14,17:00-17:30,102.0,105.0,81.68804925169047
2025-12-14,19:50-20:10,119.0,121.0,31.729737904127887
2025-12-14,21:00-21:20,126.0,128.0,25.10357751802121
2025-12-14,21:30-21:50,129.0,131.0,5.677643147051526
2025-12-15,03:30-03:40,21.0,22.0,0.5445124793189962
2025-12-15,06:10-06:30,37.0,39.0,21.821979478190542
2025-12-15,08:40-08:50,52.0,53.0,1.5846147201599479
2025-12-15,09:40-09:50,58.0,59.0,3.0939013630387535
2025-12-15,10:00-10:10,60.0,61.0,29.364969473659528
2025-12-15,14:40-14:50,88.0,89.0,0.8263346047657478
2025-12-15,17:20-17:40,104.0,106.0,36.95745517503019
2025-12-16,04:20-04:30,26.0,27.0,2.5168797558725373
2025-12-16,05:40-06:00,34.0,36.0,17.225488187544215
2025-12-16,10:30-10:50,63.0,65.0,66.78771852640938
2025-12-16,17:10-17:30,103.0,105.0,4.803823001057026
2025-12-16,19:10-19:20,115.0,116.0,0.1616626105845853
2025-12-16,21:30-21:50,129.0,131.0,18.71459066126772
2025-12-16,22:10-22:20,133.0,134.0,0.9441833913662094
2025-12-16,23:00-23:20,138.0,140.0,10.841879559045196
2025-12-17,01:40-01:50,10.0,11.0,5.201121662428932
2025-12-17,05:00-05:10,30.0,31.0,5.571466162324327
2025-12-17,05:40-05:50,34.0,35.0,36.14518616711075
2025-12-17,06:30-06:50,39.0,41.0,3.0096519861549496
2025-12-17,14:40-14:50,88.0,89.0,3.1038539810364796
2025-12-17,16:50-17:00,101.0,102.0,0.4154556859709828
2025-12-17,17:40-17:50,106.0,107.0,7.924528924626884
2025-12-17,18:20-18:40,110.0,112.0,49.755919010186176
2025-12-17,20:10-20:50,121.0,125.0,69.3663881439453
2025-12-17,21:10-21:40,127.0,130.0,47.0469663294009
2025-12-17,23:30-23:40,141.0,142.0,8.78725107283151
2025-12-18,01:40-01:50,10.0,11.0,10.33615465405444
2025-12-18,02:50-03:20,17.0,20.0,38.31479476364416
2025-12-18,03:50-04:00,23.0,24.0,19.628317651527027
2025-12-18,05:40-05:50,34.0,35.0,22.98969792231992
2025-12-18,08:10-08:30,49.0,51.0,16.138770063903507
2025-12-18,09:20-09:40,56.0,58.0,29.784357297100563
2025-12-18,09:50-10:30,59.0,63.0,312.0103759238051
2025-12-18,14:10-14:30,85.0,87.0,29.45753877805157
2025-12-18,16:30-16:50,99.0,101.0,26.444267950347808
2025-12-18,20:50-21:10,125.0,127.0,14.722207135745634
2025-12-19,07:40-07:50,46.0,47.0,9.609899301862868
2025-12-19,14:50-15:00,89.0,90.0,58.028206796671526
2025-12-19,18:30-18:50,111.0,113.0,10.621636819402454
2025-12-19,20:20-20:30,122.0,123.0,10.42915444150401
2025-12-19,22:30-22:40,135.0,136.0,1.4344195608140922
2025-12-19,23:30-23:50,141.0,143.0,52.54697390131719
2025-12-20,01:30-01:50,9.0,11.0,28.569175351004276
2025-12-20,09:20-09:30,56.0,57.0,66.43869641881491
2025-12-20,21:50-22:00,131.0,132.0,1.681944811225037
2025-12-20,22:40-23:00,136.0,138.0,27.163026347384346
2025-12-21,01:30-01:40,9.0,10.0,5.817420799862134
2025-12-21,03:00-03:10,18.0,19.0,8.77091040150708
2025-12-21,03:30-03:50,21.0,23.0,62.210128536121715
2025-12-21,07:50-08:00,47.0,48.0,18.897768003706915
2025-12-21,10:30-10:40,63.0,64.0,47.44178969314652
2025-12-21,16:50-17:00,101.0,102.0,12.685827662426163
2025-12-21,17:20-17:30,104.0,105.0,12.05732438461564
2025-12-21,18:30-18:50,111.0,113.0,11.793062208306878
2025-12-21,19:50-20:00,119.0,120.0,15.932121819621216
2025-12-21,23:30-23:40,141.0,142.0,1.0964111011875275
2025-12-22,01:30-01:50,9.0,11.0,32.93194687641244
2025-12-22,02:20-02:30,14.0,15.0,2.8029816209083265
2025-12-22,03:10-03:30,19.0,21.0,7.9683592601746795
2025-12-22,05:00-05:20,30.0,32.0,18.064828804136937
2025-12-22,08:10-08:40,49.0,52.0,42.524555362040246
2025-12-22,17:00-17:10,102.0,103.0,0.3329202410552625
2025-12-22,20:50-21:30,125.0,129.0,37.08851492052463
2025-12-23,03:00-03:20,18.0,20.0,16.493880263360325
2025-12-23,03:30-03:40,21.0,22.0,6.6282780192352675
2025-12-23,04:30-04:50,27.0,29.0,25.94140540733315
2025-12-23,17:30-17:50,105.0,107.0,10.332851716939672
2025-12-23,22:20-22:30,134.0,135.0,8.664192539851683
2025-12-24,07:50-08:00,47.0,48.0,24.571912874745976
2025-12-24,09:30-10:00,57.0,60.0,83.47645954951918
2025-12-24,12:50-13:50,77.0,83.0,168.1336041217089
2025-12-24,16:50-17:20,101.0,104.0,56.76171582263521
2025-12-24,18:40-19:10,112.0,115.0,47.077997189925554
2025-12-24,19:40-20:00,118.0,120.0,15.857726996943143
2025-12-24,22:40-23:00,136.0,138.0,25.715739463106388
2025-12-24,23:50-24:00,143.0,144.0,5.357929957448391
2025-12-25,05:50-06:10,35.0,37.0,61.39465773609027
2025-12-25,06:50-07:00,41.0,42.0,16.151420984318065
2025-12-25,07:50-08:00,47.0,48.0,6.252677878676309
2025-12-25,10:30-10:40,63.0,64.0,17.424537080188315
2025-12-25,15:50-16:10,95.0,97.0,21.5765415013733
2025-12-25,17:00-17:10,102.0,103.0,5.164215289844151
2025-12-25,17:40-18:00,106.0,108.0,41.68048554355619
2025-12-25,19:40-20:00,118.0,120.0,50.66571049988147
2025-12-25,21:20-21:30,128.0,129.0,9.062860127941462
2025-12-25,23:20-23:40,140.0,142.0,47.86658167513997
2025-12-26,01:30-01:50,9.0,11.0,29.712451247110607
2025-12-26,03:20-03:30,20.0,21.0,1.6763142461588814
2025-12-26,14:30-14:40,87.0,88.0,13.54985176414101
2025-12-26,18:00-18:10,108.0,109.0,1.9439509747431316
2025-12-27,03:20-03:40,20.0,22.0,32.667181777292626
2025-12-27,17:50-18:00,107.0,108.0,7.810172945009867
2025-12-27,20:00-20:30,120.0,123.0,6.146387493552197
2025-12-27,22:30-22:40,135.0,136.0,6.673465995047479
2025-12-27,23:50-24:00,143.0,144.0,17.554360174056683
2025-12-28,03:20-03:30,20.0,21.0,2.79021965545121
2025-12-28,07:50-08:00,47.0,48.0,38.61525853664489
2025-12-28,15:40-15:50,94.0,95.0,4.039062268956286
2025-12-28,17:00-17:10,102.0,103.0,2.8782427392908403
2025-12-28,17:30-17:50,105.0,107.0,111.66886379156517
2025-12-28,20:10-20:40,121.0,124.0,49.61322654958667
2025-12-28,20:50-21:40,125.0,130.0,47.29020528774754
2025-12-29,01:40-01:50,10.0,11.0,11.99773446712743
2025-12-29,02:50-03:00,17.0,18.0,10.688438898855452
2025-12-29,12:50-13:00,77.0,78.0,54.81547619147355
2025-12-29,13:20-13:30,80.0,81.0,1.9734662826775207
2025-12-29,14:20-14:50,86.0,89.0,67.96724269289547
2025-12-29,16:20-16:30,98.0,99.0,23.81351401123584
2025-12-29,16:50-17:00,101.0,102.0,23.01957390940629
2025-12-29,21:20-21:30,128.0,129.0,0.6158466919296188
2025-12-29,22:20-22:40,134.0,136.0,12.213600564649369
2025-12-29,23:50-24:00,143.0,144.0,1.8360732471783194
2025-12-30,04:00-04:10,24.0,25.0,16.18690718629216
2025-12-30,05:00-05:20,30.0,32.0,10.745469295338012
2025-12-30,07:50-08:10,47.0,49.0,34.024238276654614
2025-12-30,08:50-09:30,53.0,57.0,99.66489759238755
2025-12-30,18:30-18:50,111.0,113.0,3.486281054386609
2025-12-30,22:10-22:20,133.0,134.0,8.240887912405697
2025-12-31,01:30-01:50,9.0,11.0,70.85245512173663
2025-12-31,02:50-03:00,17.0,18.0,14.926355798899635
2025-12-31,04:50-05:10,29.0,31.0,34.8194237012151
2025-12-31,09:30-10:20,57.0,62.0,203.45437768102573
2025-12-31,10:40-10:50,64.0,65.0,10.223089751129635
2025-12-31,13:20-14:10,80.0,85.0,144.24104181570075
2025-12-31,14:30-14:50,87.0,89.0,24.750835357452843
2025-12-31,17:20-17:30,104.0,105.0,0.771121257709865
2025-12-31,18:10-18:30,109.0,111.0,11.553313615631055
2025-12-31,19:20-19:30,116.0,117.0,0.8386433199399335
2025-12-31,21:00-21:30,126.0,129.0,54.174537844553015
2025-12-31,21:50-22:00,131.0,132.0,16.575053950703364
2025-12-31,23:40-24:00,142.0,144.0,68.40113252160631
