policy_id,label,date,month,total_cost,planned_cost,emergency_cost,planned_kwh,emergency_kwh
exp004/no_season,exp004 无季节,2025-02-01,2,23571.9689278048,23571.9689278048,0,45697.8815721017,0
exp004/no_season,exp004 无季节,2025-02-02,2,56645.5976743377,56645.5976743377,0,89583.8968946493,0
exp004/no_season,exp004 无季节,2025-02-03,2,55481.0302544604,55481.0302544604,0,88352.7497615701,0
exp004/no_season,exp004 无季节,2025-02-04,2,56884.9825110156,56884.9825110156,0,90535.9564066663,0
exp004/no_season,exp004 无季节,2025-02-05,2,57830.0018085254,57830.0018085254,0,91386.4956626872,0
exp004/no_season,exp004 无季节,2025-02-06,2,57069.2302986982,57069.2302986981,0,90548.3598117296,0
exp004/no_season,exp004 无季节,2025-02-07,2,22253.3732498828,22253.3732498828,0,43160.5896542706,0
exp004/no_season,exp004 无季节,2025-02-08,2,19801.1666926576,19801.1666926576,0,38112.8106561493,0
exp004/no_season,exp004 无季节,2025-02-09,2,51956.5032605836,51956.5032605836,0,83562.0606419753,0
exp004/no_season,exp004 无季节,2025-02-10,2,54526.0578309735,54526.0578309735,0,87498.7365396016,0
exp004/no_season,exp004 无季节,2025-02-11,2,50596.9044125728,50596.9044125728,0,81869.2338578029,0
exp004/no_season,exp004 无季节,2025-02-12,2,51497.0028534553,51497.0028534553,0,82974.1263000341,0
exp004/no_season,exp004 无季节,2025-02-13,2,51334.1169394008,51334.1169394008,0,82797.6073643325,0
exp004/no_season,exp004 无季节,2025-02-14,2,18445.913431625,18445.913431625,0,35595.8258334397,0
exp004/no_season,exp004 无季节,2025-02-15,2,18677.2278078361,18677.2278078361,0,35726.1611378222,0
exp004/no_season,exp004 无季节,2025-02-16,2,50294.5734070462,50209.0195752242,85.5538318220477,81195.5750236875,18.8051064561046
exp004/no_season,exp004 无季节,2025-02-17,2,51124.4333926159,51124.4333926159,0,82610.3776760616,0
exp004/no_season,exp004 无季节,2025-02-18,2,49091.9974302287,48999.6429254425,92.3545047861925,79277.7049030043,20.2999241204951
exp004/no_season,exp004 无季节,2025-02-19,2,48956.0772283039,48775.5925065286,180.484721775325,79292.8275277156,40.63531693714
exp004/no_season,exp004 无季节,2025-02-20,2,49255.0897023247,49148.2425952827,106.847107041931,79385.6020422063,22.8110817766719
exp004/no_season,exp004 无季节,2025-02-21,2,18053.6632383547,18053.6632383547,0,34967.3102274241,0
exp004/no_season,exp004 无季节,2025-02-22,2,18086.4454066713,18086.4454066713,0,34825.4582805828,0
exp004/no_season,exp004 无季节,2025-02-23,2,49070.3723444947,49070.3723444947,0,79598.9283589285,0
exp004/no_season,exp004 无季节,2025-02-24,2,48473.8799966996,48331.8478650722,142.032131627455,78637.2489799336,31.6974110759177
exp004/no_season,exp004 无季节,2025-02-25,2,47146.7295596932,47101.5204726091,45.2090870840506,76629.5815770256,10.3228877917686
exp004/no_season,exp004 无季节,2025-02-26,2,45737.1575916946,45737.1575916946,0,74653.9250464886,0
exp004/no_season,exp004 无季节,2025-02-27,2,46279.5590503805,46279.5590503805,0,75178.6029224245,0
exp004/no_season,exp004 无季节,2025-02-28,2,17413.1343403652,17413.1343403652,0,33989.814136646,0
exp004/no_season,exp004 无季节,2025-03-01,3,17237.8431252235,17237.8431252235,0,33405.7724727811,0
exp004/no_season,exp004 无季节,2025-03-02,3,55851.9695308323,48205.1025136252,7646.86701720704,77945.4541853222,1132.48551869902
exp004/no_season,exp004 无季节,2025-03-03,3,49538.4867282939,49538.4867282939,0,81002.0746737195,0
exp004/no_season,exp004 无季节,2025-03-04,3,50138.856784053,50138.856784053,0,80946.1759302837,0
exp004/no_season,exp004 无季节,2025-03-05,3,48086.1620331633,48086.1620331633,0,78369.6654617297,0
exp004/no_season,exp004 无季节,2025-03-06,3,45680.4248167877,45572.9787535465,107.446063241116,74799.3052549007,23.278141100459
exp004/no_season,exp004 无季节,2025-03-07,3,17071.0958872783,17071.0958872783,0,33172.7637735645,0
exp004/no_season,exp004 无季节,2025-03-08,3,16223.493608737,16223.493608737,0,31095.1021682241,0
exp004/no_season,exp004 无季节,2025-03-09,3,42880.1286221928,42880.1286221928,0,70517.914199837,0
exp004/no_season,exp004 无季节,2025-03-10,3,46856.2283190965,42247.2751476603,4608.95317143622,69847.0003350928,660.687094529274
exp004/no_season,exp004 无季节,2025-03-11,3,44840.6939080295,44840.6939080295,0,74472.1169802065,0
exp004/no_season,exp004 无季节,2025-03-12,3,43043.5704140214,43043.5704140214,0,71220.7008326209,0
exp004/no_season,exp004 无季节,2025-03-13,3,52551.4189369029,41161.5464539062,11389.8724829967,68488.8618528095,1867.09681587887
exp004/no_season,exp004 无季节,2025-03-14,3,15594.8435132251,15594.8435132251,0,30220.7669397872,0
exp004/no_season,exp004 无季节,2025-03-15,3,15593.1284399243,15593.1284399243,0,30250.2517920314,0
exp004/no_season,exp004 无季节,2025-03-16,3,43385.1269414156,43377.6657614156,7.46117999999994,72174.738071182,1.63999999999999
exp004/no_season,exp004 无季节,2025-03-17,3,41824.4421870196,41824.4421870196,0,69558.9557713716,0
exp004/no_season,exp004 无季节,2025-03-18,3,43751.11623026,38339.0787951192,5412.0374351408,63993.375194033,1074.56504160098
exp004/no_season,exp004 无季节,2025-03-19,3,41376.9455048357,41376.9455048357,0,68748.0785018522,0
exp004/no_season,exp004 无季节,2025-03-20,3,41372.410151713,40139.8194920296,1232.5906596834,66406.0834624074,176.690174839937
exp004/no_season,exp004 无季节,2025-03-21,3,15441.8790719026,15441.8790719026,0,29908.6145460163,0
exp004/no_season,exp004 无季节,2025-03-22,3,15412.5006334999,15412.5006334999,0,30085.0658333987,0
exp004/no_season,exp004 无季节,2025-03-23,3,40600.1350841443,40372.9911097213,227.143974422957,67321.711098268,35.2334267633609
exp004/no_season,exp004 无季节,2025-03-24,3,40624.5665576666,38714.401549244,1910.16500842264,65112.1191410867,273.819525289943
exp004/no_season,exp004 无季节,2025-03-25,3,38735.3669124965,38735.3669124965,0,64881.6845410527,0
exp004/no_season,exp004 无季节,2025-03-26,3,40055.4231098935,40055.4231098935,0,67200.1426118184,0
exp004/no_season,exp004 无季节,2025-03-27,3,37959.1755080743,37320.342823621,638.83268445329,62388.9017372021,120.662348233446
exp004/no_season,exp004 无季节,2025-03-28,3,15185.8152081647,15185.8152081647,0,29834.9905958744,0
exp004/no_season,exp004 无季节,2025-03-29,3,14479.220178356,14479.220178356,0,28651.1996640407,0
exp004/no_season,exp004 无季节,2025-03-30,3,35967.5033007191,35967.5033007191,0,59787.2231738884,0
exp004/no_season,exp004 无季节,2025-03-31,3,36882.6066332387,36408.9257853962,473.680847842524,61240.9671030014,67.9014976838481
exp004/no_season,exp004 无季节,2025-04-01,4,38485.6057137979,38485.6057137979,0,64664.7771557814,0
exp004/no_season,exp004 无季节,2025-04-02,4,44210.93925153,39738.120110666,4472.81914086401,67014.0950079575,917.882703849494
exp004/no_season,exp004 无季节,2025-04-03,4,41340.2433585094,40236.416590324,1103.82676818542,67590.0773667431,158.232048191717
exp004/no_season,exp004 无季节,2025-04-04,4,14328.8556025427,14328.8556025427,0,28536.4760892476,0
exp004/no_season,exp004 无季节,2025-04-05,4,13910.4224318763,13910.4224318763,0,27754.9461341764,0
exp004/no_season,exp004 无季节,2025-04-06,4,38065.1253732977,38065.1253732977,0,64274.6254005907,0
exp004/no_season,exp004 无季节,2025-04-07,4,36300.4995042823,36300.4995042823,0,61330.3575082737,0
exp004/no_season,exp004 无季节,2025-04-08,4,38490.8797378031,36328.1734198716,2162.70631793148,61254.8595765634,392.261161503693
exp004/no_season,exp004 无季节,2025-04-09,4,37401.3663844792,37401.3663844792,0,62644.642758976,0
exp004/no_season,exp004 无季节,2025-04-10,4,39364.6795059088,39273.521116394,91.1583895148069,66650.4906993355,26.4464356468084
exp004/no_season,exp004 无季节,2025-04-11,4,14073.9270668295,14073.9270668295,0,27961.1396818583,0
exp004/no_season,exp004 无季节,2025-04-12,4,13653.1317399006,13653.1317399006,0,27344.0948817254,0
exp004/no_season,exp004 无季节,2025-04-13,4,35975.0746022033,35975.0746022033,0,60941.2203430747,0
exp004/no_season,exp004 无季节,2025-04-14,4,35845.898710685,35845.898710685,0,61043.972842823,0
exp004/no_season,exp004 无季节,2025-04-15,4,34896.7387925729,34896.7387925729,0,59284.4416954402,0
exp004/no_season,exp004 无季节,2025-04-16,4,34902.8120690781,34902.8120690781,0,58576.2141828524,0
exp004/no_season,exp004 无季节,2025-04-17,4,36868.2535169637,36868.2535169637,0,62663.9646136462,0
exp004/no_season,exp004 无季节,2025-04-18,4,13618.3590657265,13618.3590657265,0,27289.6623642598,0
exp004/no_season,exp004 无季节,2025-04-19,4,12723.4430999141,12723.4430999141,0,25685.4894718109,0
exp004/no_season,exp004 无季节,2025-04-20,4,34822.2242796948,34822.2242796948,0,59083.0170385938,0
exp004/no_season,exp004 无季节,2025-04-21,4,35226.4594377386,35226.4594377386,0,59619.5098100789,0
exp004/no_season,exp004 无季节,2025-04-22,4,32418.4865668406,32418.4865668407,0,54355.6303080296,0
exp004/no_season,exp004 无季节,2025-04-23,4,35161.3445306717,35161.3445306717,0,59957.6668589611,0
exp004/no_season,exp004 无季节,2025-04-24,4,34213.5425058782,34213.5425058782,0,58127.7773726599,0
exp004/no_season,exp004 无季节,2025-04-25,4,12462.8876324676,12462.8876324676,0,25682.3027565729,0
exp004/no_season,exp004 无季节,2025-04-26,4,12180.6020487986,12180.6020487986,0,25335.1691266948,0
exp004/no_season,exp004 无季节,2025-04-27,4,32573.7682641642,31846.3029145774,727.465349586763,53315.2491478446,104.80150425124
exp004/no_season,exp004 无季节,2025-04-28,4,47039.487391811,34077.8691881527,12961.6182036582,57469.2194657887,1912.60792729738
exp004/no_season,exp004 无季节,2025-04-29,4,36799.0512726241,36799.0512726241,0,63306.1245646902,0
exp004/no_season,exp004 无季节,2025-04-30,4,33420.9351045922,33420.9351045922,0,55805.0800535139,0
exp004/no_season,exp004 无季节,2025-05-01,5,48654.2755788362,32537.1575691941,16117.1180096421,55296.0653287246,2883.23841640902
exp004/no_season,exp004 无季节,2025-05-02,5,23220.0325687031,12850.0964973253,10369.9360713778,26268.0696484116,2126.94179066646
exp004/no_season,exp004 无季节,2025-05-03,5,19773.8385792387,13277.5745093524,6496.2640698863,26857.5126085148,1415.17953242106
exp004/no_season,exp004 无季节,2025-05-04,5,45433.5558684248,34082.9404512558,11350.615417169,58067.4418798829,2114.07711649028
exp004/no_season,exp004 无季节,2025-05-05,5,46336.8382710331,33148.2456033912,13188.592667642,56739.1663796867,2265.36884444982
exp004/no_season,exp004 无季节,2025-05-06,5,45268.0644449709,34505.0403235578,10763.0241214131,59182.8601930024,2140.18987119819
exp004/no_season,exp004 无季节,2025-05-07,5,50585.3425554352,33945.9150723183,16639.427483117,58036.3576231412,2838.6832922456
exp004/no_season,exp004 无季节,2025-05-08,5,37869.3750986068,37202.4994010481,666.875697558626,61330.079833939,98.5657232416322
exp004/no_season,exp004 无季节,2025-05-09,5,14393.0738952787,14025.3762009881,367.69769429061,27565.4697749957,66.307429961842
exp004/no_season,exp004 无季节,2025-05-10,5,14598.3769675539,14598.3769675539,0,28017.4207408049,0
exp004/no_season,exp004 无季节,2025-05-11,5,39955.2816251503,38605.1105210589,1350.17110409138,64668.783245284,194.966563087689
exp004/no_season,exp004 无季节,2025-05-12,5,38382.7798912801,36968.6173555297,1414.16253575037,62186.0632359509,212.193092414918
exp004/no_season,exp004 无季节,2025-05-13,5,36051.8879404992,35811.8831589669,240.004781532337,59473.1585544931,35.3292161699265
exp004/no_season,exp004 无季节,2025-05-14,5,36806.7058351145,36806.7058351145,0,61411.0921075975,0
exp004/no_season,exp004 无季节,2025-05-15,5,36647.7593537892,35845.9403524288,801.819001360329,59833.2019207206,142.604754281696
exp004/no_season,exp004 无季节,2025-05-16,5,14112.3550145427,14015.8484992302,96.5065153124517,27200.3735851273,45.1511677698121
exp004/no_season,exp004 无季节,2025-05-17,5,15349.6690471226,13882.9611707667,1466.70787635587,27289.6457368439,239.932582423666
exp004/no_season,exp004 无季节,2025-05-18,5,37641.8251425521,37606.5064442187,35.3186983333334,62461.5750758772,5.23666666666668
exp004/no_season,exp004 无季节,2025-05-19,5,36360.6412097248,35553.8845067739,806.756702950879,59941.6056337552,118.35589567679
exp004/no_season,exp004 无季节,2025-05-20,5,38593.8235803174,33775.9365905382,4817.88698977916,55976.6142514518,696.021504933796
exp004/no_season,exp004 无季节,2025-05-21,5,37182.1574132944,37182.1574132944,0,62500.9541739623,0
exp004/no_season,exp004 无季节,2025-05-22,5,36112.728949105,34962.6040850339,1150.12486407112,57990.5730816966,164.954102504461
exp004/no_season,exp004 无季节,2025-05-23,5,13586.8305330449,13586.8305330449,0,26545.6935463468,0
exp004/no_season,exp004 无季节,2025-05-24,5,13894.9724910495,13894.9724910495,0,26929.0132130744,0
exp004/no_season,exp004 无季节,2025-05-25,5,35953.0244851569,33895.1262040641,2057.89828109277,56787.6602322769,335.418102958358
exp004/no_season,exp004 无季节,2025-05-26,5,41686.2992094563,33534.2613569279,8152.0378525284,55414.8318234469,1182.0701867335
exp004/no_season,exp004 无季节,2025-05-27,5,37059.3961055086,37059.3961055086,0,62555.5965390626,0
exp004/no_season,exp004 无季节,2025-05-28,5,34643.9541642195,34643.9541642195,0,57647.9565028666,0
exp004/no_season,exp004 无季节,2025-05-29,5,36422.3114448917,34926.7699711867,1495.54147370497,58738.807005848,251.943991099751
exp004/no_season,exp004 无季节,2025-05-30,5,13551.1906796222,13551.1906796222,0,26781.4567382509,0
exp004/no_season,exp004 无季节,2025-05-31,5,14161.0006741397,14161.0006741397,0,27387.4423426381,0
exp004/no_season,exp004 无季节,2025-06-01,6,101637.001284472,36650.0746011715,64986.9266833007,61266.9308125229,10852.3987415419
exp004/no_season,exp004 无季节,2025-06-02,6,70119.4443405597,41660.6129493484,28458.8313912113,70089.119097587,5026.45196674202
exp004/no_season,exp004 无季节,2025-06-03,6,60204.4784344141,41186.2681904507,19018.2102439635,68436.723873773,3706.21187347072
exp004/no_season,exp004 无季节,2025-06-04,6,65082.7134242848,40768.2808440668,24314.432580218,68326.8209845858,4375.15501931459
exp004/no_season,exp004 无季节,2025-06-05,6,68727.8094898143,41252.5474911424,27475.261998672,68726.4920207075,5119.46981901976
exp004/no_season,exp004 无季节,2025-06-06,6,49485.6351006829,14612.0386933753,34873.5964073077,28477.58996545,6395.14278267425
exp004/no_season,exp004 无季节,2025-06-07,6,35603.2170124899,15942.2544884899,19660.962524,30034.8680979503,4026.43676638786
exp004/no_season,exp004 无季节,2025-06-08,6,51141.8283062148,50958.2762756226,183.552030592218,82521.0853587063,27.218257108061
exp004/no_season,exp004 无季节,2025-06-09,6,49536.2798212766,45379.3570844567,4156.9227368199,73670.6981213724,600.255440425922
exp004/no_season,exp004 无季节,2025-06-10,6,48687.7441495834,48191.3515448362,496.392604747249,77875.1600516134,73.6155728401552
exp004/no_season,exp004 无季节,2025-06-11,6,56524.526435969,48828.0069857183,7696.51945025073,79545.3912950413,1520.48926507277
exp004/no_season,exp004 无季节,2025-06-12,6,51234.2464752855,51234.2464752856,0,82029.424957073,0
exp004/no_season,exp004 无季节,2025-06-13,6,20064.0779692782,20064.0779692782,0,34645.5884040134,0
exp004/no_season,exp004 无季节,2025-06-14,6,20157.5049572818,20157.5049572818,0,35088.1940118558,0
exp004/no_season,exp004 无季节,2025-06-15,6,48632.726236517,48223.1799133709,409.546323146111,78146.5063228803,60.3121630495108
exp004/no_season,exp004 无季节,2025-06-16,6,48358.4461687911,48202.1802407259,156.265928065201,78220.9542958166,23.1660897077575
exp004/no_season,exp004 无季节,2025-06-17,6,52112.8053014367,48827.1005390502,3285.70476238652,79073.7057481858,473.439803256709
exp004/no_season,exp004 无季节,2025-06-18,6,51462.5500284513,51109.1883402982,353.361688153088,82534.2151604829,52.4064969879813
exp004/no_season,exp004 无季节,2025-06-19,6,48707.0384415777,47971.2704100242,735.768031553513,77642.5361338886,109.275718933556
exp004/no_season,exp004 无季节,2025-06-20,6,19321.7831389124,19321.7831389124,0,33537.2187939266,0
exp004/no_season,exp004 无季节,2025-06-21,6,19325.9803316646,19325.9803316646,0,33694.8336252764,0
exp004/no_season,exp004 无季节,2025-06-22,6,45245.3410126799,44657.5236970223,587.81731565754,72298.0082293542,86.7922326142779
exp004/no_season,exp004 无季节,2025-06-23,6,47159.5416640646,47061.799420772,97.7422432925612,76515.4788081485,14.3558932852619
exp004/no_season,exp004 无季节,2025-06-24,6,63279.5166412936,47141.8356505434,16137.6809907501,76295.5349555129,3031.55224534625
exp004/no_season,exp004 无季节,2025-06-25,6,51049.8016990132,50989.9272210978,59.8744779153586,82048.9231827262,8.89268942750016
exp004/no_season,exp004 无季节,2025-06-26,6,48006.1726686357,47661.1143558315,345.058312804129,77322.1036625188,51.1479125745768
exp004/no_season,exp004 无季节,2025-06-27,6,18170.6041206672,18170.6041206672,0,32547.8126747262,0
exp004/no_season,exp004 无季节,2025-06-28,6,18081.3084218761,18081.3084218761,0,32459.8689935349,0
exp004/no_season,exp004 无季节,2025-06-29,6,46153.3804667904,46078.2914863075,75.0889804828576,74727.5087684282,11.1062922328334
exp004/no_season,exp004 无季节,2025-06-30,6,47869.2931981105,47307.7791443268,561.514053783739,76858.8653063569,83.3573808221504
exp004/no_season,exp004 无季节,2025-07-01,7,65101.2203923192,49842.3968517436,15258.8235405756,80458.3520196235,3166.56101818926
exp004/no_season,exp004 无季节,2025-07-02,7,71140.268929974,44997.0989957582,26143.1699342158,73706.0408613295,4912.44721322867
exp004/no_season,exp004 无季节,2025-07-03,7,123531.531248957,41697.6884758021,81833.8427731546,67614.6728941101,13721.2976098828
exp004/no_season,exp004 无季节,2025-07-04,7,49226.8325809981,18368.9066506942,30857.9259303039,32843.8065132799,7576.95396555256
exp004/no_season,exp004 无季节,2025-07-05,7,52320.7167559271,18377.4043316949,33943.3124242322,33246.4203179049,7673.22054136434
exp004/no_season,exp004 无季节,2025-07-06,7,116713.415133035,42684.8100204361,74028.6051125985,69030.0456621339,12535.9673595441
exp004/no_season,exp004 无季节,2025-07-07,7,66990.4597759819,46636.9257163757,20353.5340596062,75539.4762584319,4035.20786846242
exp004/no_season,exp004 无季节,2025-07-08,7,53410.2789446438,52907.5835484308,502.69539621301,84671.8348819786,73.7645035116313
exp004/no_season,exp004 无季节,2025-07-09,7,54268.8316470531,53940.2639243985,328.567722654661,85092.8606345649,48.7236295487195
exp004/no_season,exp004 无季节,2025-07-10,7,52995.348909482,52639.9997747832,355.34913469882,83367.4661879315,52.7113111748387
exp004/no_season,exp004 无季节,2025-07-11,7,25642.2523533566,25642.2523533566,0,42804.5091069735,0
exp004/no_season,exp004 无季节,2025-07-12,7,25435.057547065,25435.057547065,0,42611.2608533435,0
exp004/no_season,exp004 无季节,2025-07-13,7,54784.7276733302,54092.6134959959,692.114177334255,85645.5797974274,102.811068461559
exp004/no_season,exp004 无季节,2025-07-14,7,51472.2140616281,51328.0990582536,144.115003374517,81571.7988295602,21.3969671395985
exp004/no_season,exp004 无季节,2025-07-15,7,51941.7787706635,51886.0328388855,55.7459317779958,82498.3614733211,8.2924405768681
exp004/no_season,exp004 无季节,2025-07-16,7,52299.0549589257,52042.9225959605,256.132362965269,82759.9615559033,37.9486553397921
exp004/no_season,exp004 无季节,2025-07-17,7,51044.6120558388,50947.0211133777,97.5909424611219,80863.3816906668,14.4440083565636
exp004/no_season,exp004 无季节,2025-07-18,7,25529.5337390645,25529.5337390645,0,42667.2441187572,0
exp004/no_season,exp004 无季节,2025-07-19,7,25128.3515651346,25128.3515651346,0,41926.6657561185,0
exp004/no_season,exp004 无季节,2025-07-20,7,51576.2957913247,51576.2957913247,0,81410.2282934242,0
exp004/no_season,exp004 无季节,2025-07-21,7,53316.9835005421,53316.9835005421,0,84300.2791929083,0
exp004/no_season,exp004 无季节,2025-07-22,7,54081.2012888112,53699.5903191013,381.610969709935,84725.9028049221,56.5710475782678
exp004/no_season,exp004 无季节,2025-07-23,7,52969.6207494956,52937.14883596,32.4719135355803,84092.3160032903,4.81921658384874
exp004/no_season,exp004 无季节,2025-07-24,7,52308.0651375831,52297.9867577244,10.0783798587708,82997.2002926912,1.4967637774223
exp004/no_season,exp004 无季节,2025-07-25,7,24806.2994429352,24806.2994429352,0,41370.1790338232,0
exp004/no_season,exp004 无季节,2025-07-26,7,25020.9957168393,25020.9957168393,0,41658.9587768108,0
exp004/no_season,exp004 无季节,2025-07-27,7,51852.9160426242,51456.2323656269,396.68367699733,82029.385969135,78.2551489563915
exp004/no_season,exp004 无季节,2025-07-28,7,53039.4449652521,53039.4449652521,0,83629.6429337839,0
exp004/no_season,exp004 无季节,2025-07-29,7,56464.3939948659,56094.1887809777,370.205213888241,88953.9801466557,54.9330478598412
exp004/no_season,exp004 无季节,2025-07-30,7,53967.0867539735,53967.0867539735,0,85803.0610949791,0
exp004/no_season,exp004 无季节,2025-07-31,7,51981.561166321,51952.3201816088,29.2409847121842,82472.0013729887,4.25136543527935
exp004/no_season,exp004 无季节,2025-08-01,8,23803.928362588,23803.928362588,0,40632.1769866443,0
exp004/no_season,exp004 无季节,2025-08-02,8,23182.6960535048,23182.6960535048,0,39503.3346120236,0
exp004/no_season,exp004 无季节,2025-08-03,8,49419.5228244977,47480.2475804914,1939.27524400627,75395.7346897965,429.04170174531
exp004/no_season,exp004 无季节,2025-08-04,8,46056.4572092658,45604.2850260596,452.172183206195,72301.8023624524,67.1192401754754
exp004/no_season,exp004 无季节,2025-08-05,8,47067.5892192953,46918.7537696389,148.835449656401,74316.3603396263,22.0745449123734
exp004/no_season,exp004 无季节,2025-08-06,8,49372.2523959429,47134.4674322096,2237.78496373329,75282.8703064686,390.650289186521
exp004/no_season,exp004 无季节,2025-08-07,8,48671.1797038104,48536.1010273887,135.078676421755,76715.9689926441,19.992403821765
exp004/no_season,exp004 无季节,2025-08-08,8,23663.9570832387,23663.9570832387,0,40518.5375353856,0
exp004/no_season,exp004 无季节,2025-08-09,8,23051.7860255839,23051.7860255839,0,39426.155982813,0
exp004/no_season,exp004 无季节,2025-08-10,8,47795.9035295687,47662.6761115148,133.227418053862,75502.3875016034,19.5972825198344
exp004/no_season,exp004 无季节,2025-08-11,8,48893.7906535665,47888.2886618016,1005.50199176496,76089.6146471061,149.164373088081
exp004/no_season,exp004 无季节,2025-08-12,8,47503.2825400491,46433.5335518316,1069.74898821756,73929.9340224716,158.272174605294
exp004/no_season,exp004 无季节,2025-08-13,8,49294.9273385109,48083.9609491738,1210.96638933711,76613.0291382811,178.955682012509
exp004/no_season,exp004 无季节,2025-08-14,8,48146.4609160714,46072.8780398287,2073.58287624274,73823.6933277753,345.644768321824
exp004/no_season,exp004 无季节,2025-08-15,8,23282.2612242738,23282.2612242738,0,40018.9506718385,0
exp004/no_season,exp004 无季节,2025-08-16,8,23220.0849805432,23129.0160945285,91.0688860147827,39794.2584144217,13.054599486064
exp004/no_season,exp004 无季节,2025-08-17,8,46756.7114440318,45685.3654236679,1071.34602036389,71850.5083607595,158.995065104661
exp004/no_season,exp004 无季节,2025-08-18,8,47515.5601828762,46336.2130340032,1179.347148873,73489.5913211728,173.594480754418
exp004/no_season,exp004 无季节,2025-08-19,8,47833.6984565918,47035.7421447505,797.956311841261,74246.6299626034,118.250660656956
exp004/no_season,exp004 无季节,2025-08-20,8,51090.4780147221,46659.4205710475,4431.05744367457,73839.974529402,810.875243463743
exp004/no_season,exp004 无季节,2025-08-21,8,50438.7081258374,50280.9408303482,157.767295489169,80248.2237944587,23.3983549605275
exp004/no_season,exp004 无季节,2025-08-22,8,25454.6488243455,22713.8690112486,2740.77981309687,39356.0212059114,508.954178494999
exp004/no_season,exp004 无季节,2025-08-23,8,23664.5556676567,23664.5556676567,0,40350.5634320661,0
exp004/no_season,exp004 无季节,2025-08-24,8,48786.2123169514,48693.8361811098,92.3761358415105,77361.5221104552,13.7112713986888
exp004/no_season,exp004 无季节,2025-08-25,8,47599.6818639392,47053.3406458185,546.341218120629,73649.6558153701,81.0191355918413
exp004/no_season,exp004 无季节,2025-08-26,8,51107.4921806437,50805.7476009876,301.744579656099,80794.2874991634,43.6391351937322
exp004/no_season,exp004 无季节,2025-08-27,8,47236.4797675676,46990.1672476543,246.312519913305,73785.2312179426,36.285462516343
exp004/no_season,exp004 无季节,2025-08-28,8,49550.5574431237,48587.5372154397,963.020227684004,76564.9665273993,142.883167709523
exp004/no_season,exp004 无季节,2025-08-29,8,24095.5371836962,24095.5371836962,0,40885.5624921322,0
exp004/no_season,exp004 无季节,2025-08-30,8,24261.1362400636,24261.1362400636,0,41227.922584744,0
exp004/no_season,exp004 无季节,2025-08-31,8,47620.5069291406,46727.5063077347,893.000621405884,73212.960664625,131.94126249734
exp004/no_season,exp004 无季节,2025-09-01,9,48259.2903815428,48259.2903815428,0,76468.0728580254,0
exp004/no_season,exp004 无季节,2025-09-02,9,45975.9244788458,45975.9244788458,0,71660.2745778235,0
exp004/no_season,exp004 无季节,2025-09-03,9,45395.7487611444,45395.7487611444,0,70894.4841986382,0
exp004/no_season,exp004 无季节,2025-09-04,9,46790.7563819156,46790.7563819156,0,72507.8621287619,0
exp004/no_season,exp004 无季节,2025-09-05,9,22957.8110890593,22957.8110890593,0,37705.4241953217,0
exp004/no_season,exp004 无季节,2025-09-06,9,22502.5838973017,22502.5838973017,0,36974.4142619246,0
exp004/no_season,exp004 无季节,2025-09-07,9,44948.8751245702,44948.8751245702,0,68801.0922503179,0
exp004/no_season,exp004 无季节,2025-09-08,9,43077.3303674275,37872.3705025745,5204.95986485296,60978.9181434592,752.214132675353
exp004/no_season,exp004 无季节,2025-09-09,9,42568.5151971042,42507.5477654375,60.9674316666664,69201.2528926177,9.09961666666663
exp004/no_season,exp004 无季节,2025-09-10,9,51053.5050730137,38741.2647444666,12312.2403285471,62003.5035533325,1927.52494619694
exp004/no_season,exp004 无季节,2025-09-11,9,42884.3675860925,42884.3675860925,0,69610.1827358011,0
exp004/no_season,exp004 无季节,2025-09-12,9,17599.0129986285,17599.0129986285,0,31805.9139137462,0
exp004/no_season,exp004 无季节,2025-09-13,9,17867.5613532298,17867.5613532298,0,32511.4311372614,0
exp004/no_season,exp004 无季节,2025-09-14,9,38732.3047304127,38732.3047304127,0,61770.9731975608,0
exp004/no_season,exp004 无季节,2025-09-15,9,42817.5072643444,42809.6136581944,7.89360614999954,69830.490764077,1.1717666666666
exp004/no_season,exp004 无季节,2025-09-16,9,40623.0136875434,40567.6319398767,55.3817476666671,64730.7260810448,8.23826666666673
exp004/no_season,exp004 无季节,2025-09-17,9,41455.4338950706,41455.4338950706,0,67668.9383583747,0
exp004/no_season,exp004 无季节,2025-09-18,9,42061.2435313939,41927.413151484,133.830379909952,67897.9758982529,34.474595546098
exp004/no_season,exp004 无季节,2025-09-19,9,18030.3028082853,18030.3028082853,0,33053.9002817405,0
exp004/no_season,exp004 无季节,2025-09-20,9,17969.6837695358,17969.6837695358,0,32422.4803649767,0
exp004/no_season,exp004 无季节,2025-09-21,9,43285.4775294307,43285.4775294307,0,69374.3121399028,0
exp004/no_season,exp004 无季节,2025-09-22,9,41303.2248802725,41229.7030402725,73.521839999999,67038.5217590486,10.9066666666665
exp004/no_season,exp004 无季节,2025-09-23,9,43671.2422108726,43559.6757667059,111.566444166667,70500.9372702522,16.6093666666667
exp004/no_season,exp004 无季节,2025-09-24,9,43303.9048175559,43303.9048175559,0,69957.9625224197,0
exp004/no_season,exp004 无季节,2025-09-25,9,42626.904890492,42523.4074588253,103.497431666666,68301.6971875803,15.3716666666666
exp004/no_season,exp004 无季节,2025-09-26,9,18676.8822665867,18676.8822665867,0,33952.5065208567,0
exp004/no_season,exp004 无季节,2025-09-27,9,18382.4642260939,18382.4642260939,0,33164.3290433019,0
exp004/no_season,exp004 无季节,2025-09-28,9,44813.8573882301,44130.8014027904,683.055985439712,71096.6798407778,140.872071252174
exp004/no_season,exp004 无季节,2025-09-29,9,45635.3170602604,45536.580393404,98.7366668564106,73253.7797516997,18.3293655543148
exp004/no_season,exp004 无季节,2025-09-30,9,44881.8982222482,44746.1272272561,135.77099499209,71627.049200792,20.0948708639221
exp004/no_season,exp004 无季节,2025-10-01,10,46655.4119789506,46655.4119789506,0,74694.0966398685,0
exp004/no_season,exp004 无季节,2025-10-02,10,37984.467621367,37984.467621367,0,59645.88165795,0
exp004/no_season,exp004 无季节,2025-10-03,10,16638.2019511137,16638.2019511137,0,30134.7505127796,0
exp004/no_season,exp004 无季节,2025-10-04,10,17825.2867337086,17825.2867337086,0,31604.9529477997,0
exp004/no_season,exp004 无季节,2025-10-05,10,42247.7022867037,42247.7022867037,0,67237.1788200241,0
exp004/no_season,exp004 无季节,2025-10-06,10,41520.5664474906,41520.5664474906,0,65921.6206874307,0
exp004/no_season,exp004 无季节,2025-10-07,10,43093.4564688919,43093.4564688919,0,68621.3500426645,0
exp004/no_season,exp004 无季节,2025-10-08,10,39775.4672149093,39775.4672149093,0,64961.5689004594,0
exp004/no_season,exp004 无季节,2025-10-09,10,39386.1265897769,39386.1265897769,0,65163.5220906071,0
exp004/no_season,exp004 无季节,2025-10-10,10,16252.8663060831,16252.8663060831,0,31417.4240810467,0
exp004/no_season,exp004 无季节,2025-10-11,10,16844.5768285069,16844.5768285069,0,32308.8940729549,0
exp004/no_season,exp004 无季节,2025-10-12,10,41977.5774748431,41892.2105968088,85.3668780343335,68553.4081830824,18.2252088032309
exp004/no_season,exp004 无季节,2025-10-13,10,41753.5404131554,41753.5404131554,0,68763.7278116264,0
exp004/no_season,exp004 无季节,2025-10-14,10,40600.0994955029,40600.0994955029,0,66485.6095412353,0
exp004/no_season,exp004 无季节,2025-10-15,10,42543.7797927194,42543.7797927194,0,69448.1827605806,0
exp004/no_season,exp004 无季节,2025-10-16,10,43449.3993296196,43449.3993296196,0,70979.4149438092,0
exp004/no_season,exp004 无季节,2025-10-17,10,17650.5016922822,17650.5016922822,0,33457.0741150745,0
exp004/no_season,exp004 无季节,2025-10-18,10,17117.3993731239,17117.3993731239,0,32313.6059641907,0
exp004/no_season,exp004 无季节,2025-10-19,10,43022.3903468887,43022.3903468887,0,70294.7594151267,0
exp004/no_season,exp004 无季节,2025-10-20,10,45373.403187244,45373.403187244,0,73391.5291905,0
exp004/no_season,exp004 无季节,2025-10-21,10,46057.6048221858,46057.6048221858,0,74433.7972364817,0
exp004/no_season,exp004 无季节,2025-10-22,10,45757.4646710652,45757.4646710652,0,74518.49563287,0
exp004/no_season,exp004 无季节,2025-10-23,10,45666.7133495981,45666.7133495981,0,73921.5046265058,0
exp004/no_season,exp004 无季节,2025-10-24,10,17357.3944948333,17357.3944948333,0,32976.1392680034,0
exp004/no_season,exp004 无季节,2025-10-25,10,17641.3779736758,17641.3779736758,0,33465.8592969783,0
exp004/no_season,exp004 无季节,2025-10-26,10,46010.9431510652,46010.9431510652,0,74234.5027084339,0
exp004/no_season,exp004 无季节,2025-10-27,10,45684.6645241535,45601.4088942858,83.2556298677122,73969.5069681661,17.7744726446866
exp004/no_season,exp004 无季节,2025-10-28,10,45055.8109699726,45055.8109699726,0,72714.0216755382,0
exp004/no_season,exp004 无季节,2025-10-29,10,46443.6404779959,46443.6404779959,0,74725.875006945,0
exp004/no_season,exp004 无季节,2025-10-30,10,47599.9862001961,47599.9862001961,0,76826.0207302023,0
exp004/no_season,exp004 无季节,2025-10-31,10,18577.4367343901,18577.4367343901,0,34813.6231495312,0
exp004/no_season,exp004 无季节,2025-11-01,11,16897.3601656234,16897.3601656234,0,31687.0332365888,0
exp004/no_season,exp004 无季节,2025-11-02,11,46171.9056771681,45245.2734176383,926.632259529773,73644.7260397517,176.348619458582
exp004/no_season,exp004 无季节,2025-11-03,11,45954.7682436765,45954.7682436765,0,74556.8261098257,0
exp004/no_season,exp004 无季节,2025-11-04,11,46020.8382721609,45855.4447770743,165.393495086617,74408.0846970476,34.9723018711702
exp004/no_season,exp004 无季节,2025-11-05,11,46148.7953539467,46134.9147017717,13.8806521749998,74612.8694020477,3.22768333333329
exp004/no_season,exp004 无季节,2025-11-06,11,51706.8128106337,45558.0343615134,6148.77844912028,73810.8255936224,1273.57990409868
exp004/no_season,exp004 无季节,2025-11-07,11,18175.223894968,17624.6310080642,550.592886903808,33212.5284082564,101.262654791069
exp004/no_season,exp004 无季节,2025-11-08,11,17209.2824681825,17209.2824681825,0,32903.5200636407,0
exp004/no_season,exp004 无季节,2025-11-09,11,48652.4252776416,46793.6638748878,1858.76140275377,75710.6195857773,288.640905776101
exp004/no_season,exp004 无季节,2025-11-10,11,49414.7813316054,47635.2904879203,1779.49084368506,77345.0033220473,363.628605813895
exp004/no_season,exp004 无季节,2025-11-11,11,48408.8330739824,48399.8477998158,8.98527416666696,77699.313194673,2.05166666666673
exp004/no_season,exp004 无季节,2025-11-12,11,47608.0942222907,47556.5329089573,51.5613133333332,76409.9427499093,11.7733333333333
exp004/no_season,exp004 无季节,2025-11-13,11,49331.152727302,47498.8992803169,1832.25344698513,76368.835268404,263.31158104718
exp004/no_season,exp004 无季节,2025-11-14,11,17955.4601300361,17955.4601300361,0,33648.5358828406,0
exp004/no_season,exp004 无季节,2025-11-15,11,19629.4853714064,17649.640815775,1979.84455563136,33256.9882982837,346.924681499473
exp004/no_season,exp004 无季节,2025-11-16,11,49730.4211801286,49267.9331554187,462.488024709904,79376.240423712,112.254317551346
exp004/no_season,exp004 无季节,2025-11-17,11,50269.8025244866,50269.8025244866,0,80225.5921501838,0
exp004/no_season,exp004 无季节,2025-11-18,11,48701.0197691176,48701.0197691176,0,77944.4821670909,0
exp004/no_season,exp004 无季节,2025-11-19,11,52449.593642178,49352.493597295,3097.100044883,79228.5125632331,635.722341343357
exp004/no_season,exp004 无季节,2025-11-20,11,49894.8028568169,49633.9339004581,260.868956358799,79593.9882134068,54.3707029972428
exp004/no_season,exp004 无季节,2025-11-21,11,20949.8352062448,18301.6555378453,2648.17966839956,34131.5244402401,474.34871360455
exp004/no_season,exp004 无季节,2025-11-22,11,19224.4302060893,18236.5579379481,987.872268141151,34313.9579382574,184.805440173631
exp004/no_season,exp004 无季节,2025-11-23,11,51443.2831370882,51001.63747493,441.645662158237,81686.8147205475,89.7745019124377
exp004/no_season,exp004 无季节,2025-11-24,11,50190.7571695536,50102.5121708869,88.244998666666,80138.9664733498,18.8396666666665
exp004/no_season,exp004 无季节,2025-11-25,11,52679.9950594399,49836.6102553046,2843.38480413533,80040.4993274943,585.216916858093
exp004/no_season,exp004 无季节,2025-11-26,11,51317.3765102476,51162.836517581,154.539992666667,81668.9338595329,32.9931666666666
exp004/no_season,exp004 无季节,2025-11-27,11,50393.8930139616,50393.8930139616,0,80739.6986960671,0
exp004/no_season,exp004 无季节,2025-11-28,11,19405.0074697394,18656.7259796204,748.281490118933,34727.5718995759,141.628711019867
exp004/no_season,exp004 无季节,2025-11-29,11,25194.6994060122,18697.6899579643,6497.00944804792,35238.1126699957,1109.37934840556
exp004/no_season,exp004 无季节,2025-11-30,11,53133.094903476,53104.6965921427,28.3983113333337,85134.7849495985,6.0628333333334
exp004/no_season,exp004 无季节,2025-12-01,12,75367.8645406834,53270.7509017918,22097.1136388916,84716.0735302119,4450.46908782593
exp004/no_season,exp004 无季节,2025-12-02,12,69423.936088421,56114.8609827139,13309.0751057071,88910.3510802052,2724.70236013211
exp004/no_season,exp004 无季节,2025-12-03,12,59881.3940976151,56824.3112582928,3057.0828393223,89393.4802522357,630.556118290296
exp004/no_season,exp004 无季节,2025-12-04,12,70103.3649982464,56758.8804556454,13344.484542601,89533.786000931,2741.54208991016
exp004/no_season,exp004 无季节,2025-12-05,12,32177.9946994527,21771.9467496028,10406.0479498499,40462.0444554637,1745.51054875097
exp004/no_season,exp004 无季节,2025-12-06,12,38628.7023463433,23043.2398044662,15585.4625418772,43205.8012270083,2597.38156182365
exp004/no_season,exp004 无季节,2025-12-07,12,68343.4443898689,55514.6779610739,12828.766428795,88222.4027761683,2424.45589908652
exp004/no_season,exp004 无季节,2025-12-08,12,59453.675822166,59453.675822166,0,93801.7773492053,0
exp004/no_season,exp004 无季节,2025-12-09,12,59689.8981942195,59217.5949738642,472.303220355282,93107.695656162,81.1014760624134
exp004/no_season,exp004 无季节,2025-12-10,12,58702.6483371638,58501.3532123909,201.295124772901,92230.0347642468,42.9750479873828
exp004/no_season,exp004 无季节,2025-12-11,12,58575.1080379071,58295.5514949312,279.556542975962,92443.5436942442,52.6415347946129
exp004/no_season,exp004 无季节,2025-12-12,12,24269.321020396,23906.547624719,362.773395677035,45648.237413112,71.6933461521505
exp004/no_season,exp004 无季节,2025-12-13,12,24871.7907429332,24871.7907429332,0,47892.442025659,0
exp004/no_season,exp004 无季节,2025-12-14,12,59837.1342150031,59824.0785196854,13.0556953177004,94024.3049752475,2.78729618225884
exp004/no_season,exp004 无季节,2025-12-15,12,59884.3188496003,59807.9345464888,76.3843031114217,94269.102300415,13.1504352434229
exp004/no_season,exp004 无季节,2025-12-16,12,59770.6252600805,59723.1434746452,47.4817854353111,93637.363720538,10.1370165318768
exp004/no_season,exp004 无季节,2025-12-17,12,59484.3765702919,59484.3765702919,0,93726.5567241556,0
exp004/no_season,exp004 无季节,2025-12-18,12,61422.6322596927,57979.2549837389,3443.37727595386,91803.5257221967,707.244118999766
exp004/no_season,exp004 无季节,2025-12-19,12,24647.1230278011,24647.1230278011,0,46925.1209918474,0
exp004/no_season,exp004 无季节,2025-12-20,12,25381.9831321765,24819.8066207455,562.176511430993,47424.2271757277,117.47828610261
exp004/no_season,exp004 无季节,2025-12-21,12,60391.5653471928,60033.8523087684,357.713038424353,94135.7061850685,69.9526431375477
exp004/no_season,exp004 无季节,2025-12-22,12,60632.0419128124,60484.5327532857,147.509159526765,95031.7359978448,26.7117282464718
exp004/no_season,exp004 无季节,2025-12-23,12,60171.0126669296,60153.1491991566,17.8634677729827,94335.5037986915,3.81372070302791
exp004/no_season,exp004 无季节,2025-12-24,12,58950.7757873332,58398.204911502,552.570875831262,92266.2140173301,83.8830258147852
exp004/no_season,exp004 无季节,2025-12-25,12,59161.2218258664,58277.4538134255,883.768012440872,92069.5467376996,160.782036727084
exp004/no_season,exp004 无季节,2025-12-26,12,24758.3790582232,24758.3790582232,0,47213.2399069037,0
exp004/no_season,exp004 无季节,2025-12-27,12,24380.3229353315,24380.3229353315,0,46553.4450402456,0
exp004/no_season,exp004 无季节,2025-12-28,12,60362.8385006022,59782.6015980254,580.236902576734,94040.3753814668,100.265267053074
exp004/no_season,exp004 无季节,2025-12-29,12,59446.697595246,59446.697595246,0,93433.3776788123,0
exp004/no_season,exp004 无季节,2025-12-30,12,59054.3986493684,58749.9164956632,304.482153705186,92678.7008939812,52.5259423846865
exp004/no_season,exp004 无季节,2025-12-31,12,58577.4314165907,58274.5327170812,302.898699509475,91695.0445213547,86.946632137983
exp006/primary,exp006 正式·树DP,2025-02-01,2,38272.9771687233,38272.9771687233,0,65449.8940661599,0
exp006/primary,exp006 正式·树DP,2025-02-02,2,60979.2564395502,60950.1879517022,29.068487847963,94548.2061488563,13.343349941686
exp006/primary,exp006 正式·树DP,2025-02-03,2,57162.8553457826,52041.0380624431,5121.81728333951,83140.9803544808,1195.18363419236
exp006/primary,exp006 正式·树DP,2025-02-04,2,57535.5705071048,55083.2212918255,2452.34921527924,88147.7653258079,565.460166235837
exp006/primary,exp006 正式·树DP,2025-02-05,2,58100.6771528689,55898.6034873009,2202.07366556806,88792.3172267227,440.268632807031
exp006/primary,exp006 正式·树DP,2025-02-06,2,56547.2116517565,54693.5779141019,1853.63373765459,87284.6128240626,419.040641619268
exp006/primary,exp006 正式·树DP,2025-02-07,2,23626.9540594086,21647.3247007673,1979.62935864125,41435.2375388832,470.536570480896
exp006/primary,exp006 正式·树DP,2025-02-08,2,20948.0508653092,19456.7090582588,1491.3418070504,37144.2479001767,427.488535797251
exp006/primary,exp006 正式·树DP,2025-02-09,2,56681.4272574188,50658.8378459331,6022.58941148575,81680.3754072485,1411.26594554401
exp006/primary,exp006 正式·树DP,2025-02-10,2,54584.3543644592,52774.6126039353,1809.74176052397,84480.5693610572,550.012187856338
exp006/primary,exp006 正式·树DP,2025-02-11,2,53451.2913380168,50645.2359581674,2806.05537984945,82030.0187619381,566.997458809026
exp006/primary,exp006 正式·树DP,2025-02-12,2,53561.2044715486,51328.7842567317,2232.42021481682,82839.0264757151,532.213208004717
exp006/primary,exp006 正式·树DP,2025-02-13,2,52582.3798742334,50938.0953593254,1644.28451490791,82142.6389837962,389.757035352051
exp006/primary,exp006 正式·树DP,2025-02-14,2,20096.6506695998,18292.7733369648,1803.87733263496,35271.6324359024,469.395078954626
exp006/primary,exp006 正式·树DP,2025-02-15,2,21427.1205824362,19745.5856863818,1681.53489605441,37929.6281537571,465.304398875325
exp006/primary,exp006 正式·树DP,2025-02-16,2,53127.4551430559,49276.0808207967,3851.37432225923,79776.7896941507,887.667989860864
exp006/primary,exp006 正式·树DP,2025-02-17,2,51009.214983608,49879.4041850126,1129.81079859537,80863.6350671475,287.232150206856
exp006/primary,exp006 正式·树DP,2025-02-18,2,50201.9036617116,48500.3760017959,1701.52765991568,78904.3412644096,353.173773822936
exp006/primary,exp006 正式·树DP,2025-02-19,2,51760.7875965073,48551.9543990377,3208.83319746962,78885.6663527385,785.653560833303
exp006/primary,exp006 正式·树DP,2025-02-20,2,50619.7335983639,48720.4746478318,1899.25895053213,78777.432051703,441.504619888725
exp006/primary,exp006 正式·树DP,2025-02-21,2,19179.8397537599,18385.210297442,794.629456317878,35543.9547031652,227.412687956998
exp006/primary,exp006 正式·树DP,2025-02-22,2,19230.9494565135,18237.3002414736,993.649215039897,34990.5799532853,292.534810349751
exp006/primary,exp006 正式·树DP,2025-02-23,2,49692.4968689778,48679.9881424158,1012.50872656196,78843.8696773921,324.304104233984
exp006/primary,exp006 正式·树DP,2025-02-24,2,49527.2372948741,47736.8688247408,1790.36847013331,77971.1915217916,386.769010709336
exp006/primary,exp006 正式·树DP,2025-02-25,2,47906.7754444868,46978.9581662431,927.817278243654,76567.493586963,243.267991262433
exp006/primary,exp006 正式·树DP,2025-02-26,2,47334.7621897045,45305.9177760408,2028.84441366369,74082.6945338608,490.99052347123
exp006/primary,exp006 正式·树DP,2025-02-27,2,49925.810837801,46270.6257688411,3655.18506895997,75644.304904761,749.731689430976
exp006/primary,exp006 正式·树DP,2025-02-28,2,18444.080216308,17838.3135925142,605.76662379382,34664.3307997828,156.783673720264
exp006/primary,exp006 正式·树DP,2025-03-01,3,18679.5602299977,17595.4002643346,1084.15996566313,33918.240634308,213.766537914407
exp006/primary,exp006 正式·树DP,2025-03-02,3,55509.5815979928,47351.5961466941,8157.98545129874,76757.8457823922,1745.01002032462
exp006/primary,exp006 正式·树DP,2025-03-03,3,52078.8536709769,48690.6289061798,3388.22476479713,79236.6167197363,741.00963875566
exp006/primary,exp006 正式·树DP,2025-03-04,3,50162.4032127699,49730.0290154176,432.374197352326,80446.3040288678,143.903957865023
exp006/primary,exp006 正式·树DP,2025-03-05,3,48663.4128427692,47738.0856546263,925.327188142872,77723.0449434466,206.793431509332
exp006/primary,exp006 正式·树DP,2025-03-06,3,47411.5707225937,45502.499764857,1909.07095773668,74428.655487655,482.193104241796
exp006/primary,exp006 正式·树DP,2025-03-07,3,17551.2674137671,17371.2052855508,180.062128216276,33441.7548747736,59.8056662331066
exp006/primary,exp006 正式·树DP,2025-03-08,3,17514.1092165927,16634.4950468155,879.614169777164,31492.0879438503,296.896415097862
exp006/primary,exp006 正式·树DP,2025-03-09,3,44593.1648514675,43026.6792995382,1566.4855519293,70604.6347416671,410.773529173771
exp006/primary,exp006 正式·树DP,2025-03-10,3,47031.0046120194,43034.7434106901,3996.26120132928,70962.5077457837,893.604500530282
exp006/primary,exp006 正式·树DP,2025-03-11,3,46348.4000181634,45044.2169798306,1304.18303833284,74195.5976964438,314.192506103559
exp006/primary,exp006 正式·树DP,2025-03-12,3,44657.2626743118,43584.1061802919,1073.15649401983,72079.7942096175,299.002212469828
exp006/primary,exp006 正式·树DP,2025-03-13,3,50760.1212609378,42627.2989791241,8132.8222818137,70917.7312614251,1673.65934541346
exp006/primary,exp006 正式·树DP,2025-03-14,3,16961.1486996766,15988.2000141222,972.948685554348,30810.5002061555,263.224617374835
exp006/primary,exp006 正式·树DP,2025-03-15,3,17236.2359281388,16389.0460203565,847.189907782282,31628.6413195161,182.4582002762
exp006/primary,exp006 正式·树DP,2025-03-16,3,45360.9444879711,43369.5336866502,1991.41080132089,71478.7192658016,474.779188602601
exp006/primary,exp006 正式·树DP,2025-03-17,3,43649.4365157792,42764.1569367781,885.279579001131,71013.6267810162,182.82509577808
exp006/primary,exp006 正式·树DP,2025-03-18,3,47940.9196539544,40664.9279700757,7275.99168387872,67974.0627739646,1535.4336596881
exp006/primary,exp006 正式·树DP,2025-03-19,3,43869.1579068703,43467.2722569926,401.885649877755,71998.6761533905,93.8506140904551
exp006/primary,exp006 正式·树DP,2025-03-20,3,44611.7233818377,42409.6734617631,2202.0499200746,70346.8576328973,516.737303815002
exp006/primary,exp006 正式·树DP,2025-03-21,3,16990.6086787713,15995.3776503978,995.231028373499,30705.4286168357,289.555791146171
exp006/primary,exp006 正式·树DP,2025-03-22,3,16278.4611875811,15754.9679267412,523.493260839962,30661.1130451991,142.781214271551
exp006/primary,exp006 正式·树DP,2025-03-23,3,43454.343011169,42002.6607811965,1451.6822299725,69774.1942948614,342.12017465695
exp006/primary,exp006 正式·树DP,2025-03-24,3,43487.7779250445,40519.557949862,2968.21997518259,68112.2602999705,759.931970898628
exp006/primary,exp006 正式·树DP,2025-03-25,3,43872.9301631266,41102.5148460448,2770.4153170818,68579.6302596132,659.653187787381
exp006/primary,exp006 正式·树DP,2025-03-26,3,42038.0805707054,41661.6923097454,376.388260960005,69657.4609104241,96.8480600495383
exp006/primary,exp006 正式·树DP,2025-03-27,3,42190.8129811453,40088.8261942626,2101.98678688268,67026.5244655117,572.843011165729
exp006/primary,exp006 正式·树DP,2025-03-28,3,16503.1544532808,15708.7335694929,794.420883787942,30449.0108197901,216.820752591992
exp006/primary,exp006 正式·树DP,2025-03-29,3,15529.466577964,15065.7320284621,463.734549501862,29449.7940731611,120.899627434568
exp006/primary,exp006 正式·树DP,2025-03-30,3,40973.0966508238,38964.1017905351,2008.99486028873,64756.0982565486,488.275880126054
exp006/primary,exp006 正式·树DP,2025-03-31,3,40221.4215807505,38927.092061657,1294.32951909351,65186.1778835977,313.125628647125
exp006/primary,exp006 正式·树DP,2025-04-01,4,41623.6171349613,40445.3640879756,1178.25304698572,67671.8513007629,295.878320283507
exp006/primary,exp006 正式·树DP,2025-04-02,4,46047.7685658024,40224.761642846,5823.00692295634,67400.7345368974,1208.48819123203
exp006/primary,exp006 正式·树DP,2025-04-03,4,42156.708336387,40630.429452574,1526.27888381309,67892.8899695581,417.339637525822
exp006/primary,exp006 正式·树DP,2025-04-04,4,15459.0999202161,15077.9952420074,381.104678208675,29701.7209084992,101.599130775931
exp006/primary,exp006 正式·树DP,2025-04-05,4,15493.0117286326,14436.2775837438,1056.73414488877,28591.1912384962,260.164341925912
exp006/primary,exp006 正式·树DP,2025-04-06,4,41093.5628110003,39842.1188291847,1251.44398181563,66758.6383655247,295.578595515365
exp006/primary,exp006 正式·树DP,2025-04-07,4,39501.0526753778,39175.1226741423,325.930001235477,66084.5132742087,132.672770626478
exp006/primary,exp006 正式·树DP,2025-04-08,4,41200.2256963507,38484.7462150858,2715.47948126487,65017.6587912363,582.601430866556
exp006/primary,exp006 正式·树DP,2025-04-09,4,40125.5971241567,39337.3758867456,788.221237411042,65863.8545823522,230.338999818465
exp006/primary,exp006 正式·树DP,2025-04-10,4,41208.6378172754,39793.1594862997,1415.47833097574,66884.8989278335,302.091071468995
exp006/primary,exp006 正式·树DP,2025-04-11,4,15450.0193626045,14830.9338293231,619.085533281439,29135.2814386458,193.606995782981
exp006/primary,exp006 正式·树DP,2025-04-12,4,14497.4029813529,14311.733239545,185.669741807965,28234.0066050081,51.8499094700732
exp006/primary,exp006 正式·树DP,2025-04-13,4,39287.423117928,37329.8969504617,1957.52616746635,62949.690838021,441.68765879869
exp006/primary,exp006 正式·树DP,2025-04-14,4,38064.8613809314,37447.6484762022,617.212904729178,63393.6909065022,130.737676609193
exp006/primary,exp006 正式·树DP,2025-04-15,4,38321.956883699,37252.8912303196,1069.06565337933,63257.6762901383,254.70452136079
exp006/primary,exp006 正式·树DP,2025-04-16,4,37929.3044417796,37213.505697757,715.798744022625,62646.8967940287,170.202474819843
exp006/primary,exp006 正式·树DP,2025-04-17,4,38280.0926897308,37980.1406719321,299.952017798773,63921.7496219222,93.8677583440839
exp006/primary,exp006 正式·树DP,2025-04-18,4,14961.0590235616,14369.0863035673,591.972719994295,28430.913518879,202.522302909741
exp006/primary,exp006 正式·树DP,2025-04-19,4,14169.2467613135,13347.2197637612,822.026997552336,26685.3163634266,242.638485841071
exp006/primary,exp006 正式·树DP,2025-04-20,4,37427.7054980854,36621.3612415662,806.344256519158,62070.9743845159,270.928834079686
exp006/primary,exp006 正式·树DP,2025-04-21,4,37848.7515185564,37331.0485085532,517.703010003245,63288.791686553,161.36634228391
exp006/primary,exp006 正式·树DP,2025-04-22,4,36728.1687716052,34599.9546739623,2128.21409764289,58670.6431534697,608.121450000673
exp006/primary,exp006 正式·树DP,2025-04-23,4,36873.6500157639,36534.2702353307,339.379780433211,62099.3163565377,64.6286826487519
exp006/primary,exp006 正式·树DP,2025-04-24,4,36047.8454836897,35363.6161795936,684.229304096081,60040.4858440276,122.168060132473
exp006/primary,exp006 正式·树DP,2025-04-25,4,13377.624372841,13115.9241161379,261.700256703019,26716.7647114333,109.858495302341
exp006/primary,exp006 正式·树DP,2025-04-26,4,14420.9672853609,12736.7067084607,1684.26057690015,26119.7005681193,429.700610174113
exp006/primary,exp006 正式·树DP,2025-04-27,4,36130.1840844532,34455.1479198523,1675.03616460096,58186.2503285995,381.807380693882
exp006/primary,exp006 正式·树DP,2025-04-28,4,38813.3611950795,36351.0512490618,2462.30994601776,61684.0905711231,524.490175004873
exp006/primary,exp006 正式·树DP,2025-04-29,4,38205.0182492475,37414.3056662233,790.712583024188,63615.1261848523,160.571855917009
exp006/primary,exp006 正式·树DP,2025-04-30,4,37125.5883089856,36062.0889991564,1063.4993098292,61000.0901690611,311.399091919156
exp006/primary,exp006 正式·树DP,2025-05-01,5,47787.0964656452,33634.9066944139,14152.1897712313,57239.0785422415,2928.67227167174
exp006/primary,exp006 正式·树DP,2025-05-02,5,22305.8287893893,13470.6015066909,8835.22728269843,27170.3216805147,1883.85471143305
exp006/primary,exp006 正式·树DP,2025-05-03,5,19834.2134976997,14530.2297836624,5303.98371403729,28546.0098170777,1091.59928018391
exp006/primary,exp006 正式·树DP,2025-05-04,5,43895.0320084253,35359.1833738529,8535.8486345724,59968.4120089504,1661.28670862888
exp006/primary,exp006 正式·树DP,2025-05-05,5,47438.1441448877,34644.3033665928,12793.8407782949,58809.6207148061,2646.8177792079
exp006/primary,exp006 正式·树DP,2025-05-06,5,42423.2733691088,36856.9284547494,5566.34491435939,62515.0677278831,1258.95339470418
exp006/primary,exp006 正式·树DP,2025-05-07,5,45071.9977316356,37153.8441324939,7918.15359914173,63193.7945107497,1579.63434339672
exp006/primary,exp006 正式·树DP,2025-05-08,5,41384.5684142568,39068.4293681888,2316.13904606801,64380.0438729626,420.623475218569
exp006/primary,exp006 正式·树DP,2025-05-09,5,16720.9731252082,15724.0743696773,996.898755530902,29792.3002946549,284.305098859702
exp006/primary,exp006 正式·树DP,2025-05-10,5,16804.0426647446,16435.7824963017,368.26016844291,30146.0409913141,96.7052322695931
exp006/primary,exp006 正式·树DP,2025-05-11,5,40604.590898869,39312.07858616,1292.51231270897,64850.0182156708,277.44884487388
exp006/primary,exp006 正式·树DP,2025-05-12,5,39908.8989888532,38615.3366899169,1293.56229893628,64262.4265797437,273.234082833687
exp006/primary,exp006 正式·树DP,2025-05-13,5,39061.8599887282,37564.4796076361,1497.38038109218,61773.5218791579,305.778215095737
exp006/primary,exp006 正式·树DP,2025-05-14,5,39376.146754844,38793.2560142035,582.890740640511,64144.7354538885,181.680013804519
exp006/primary,exp006 正式·树DP,2025-05-15,5,40873.4896581922,37278.6949442602,3594.79471393207,61789.3436209242,875.613193547315
exp006/primary,exp006 正式·树DP,2025-05-16,5,16479.0213736068,15891.1378389921,587.883534614651,29509.209118666,238.592755879486
exp006/primary,exp006 正式·树DP,2025-05-17,5,16107.4963245615,15524.6070266581,582.889297903401,28923.2577915598,191.439403843131
exp006/primary,exp006 正式·树DP,2025-05-18,5,41369.1798555349,38662.0994486775,2707.08040685735,63385.1040117313,651.156053039941
exp006/primary,exp006 正式·树DP,2025-05-19,5,38887.4855498011,37606.5120544046,1280.97349539645,62502.6037483724,225.075829590506
exp006/primary,exp006 正式·树DP,2025-05-20,5,39354.7765155581,37458.4798216078,1896.29669395028,62073.2102733475,501.381228836443
exp006/primary,exp006 正式·树DP,2025-05-21,5,39555.0602942625,38806.4022072701,748.658086992451,64100.0809534576,205.436664198814
exp006/primary,exp006 正式·树DP,2025-05-22,5,38178.180609937,37737.2199441387,440.960665798373,61969.2240184713,109.544680460791
exp006/primary,exp006 正式·树DP,2025-05-23,5,16440.9732743215,16276.9976799796,163.975594341925,29816.2656263762,54.8852520786511
exp006/primary,exp006 正式·树DP,2025-05-24,5,16392.7325410435,16363.0501588178,29.682382225662,29738.4041412129,13.6527057950663
exp006/primary,exp006 正式·树DP,2025-05-25,5,38158.4585546183,37274.399536798,884.059017820304,61847.6786575674,194.987786689846
exp006/primary,exp006 正式·树DP,2025-05-26,5,39488.4068635651,37037.4112040562,2450.99565950889,61464.3270346875,602.510697968489
exp006/primary,exp006 正式·树DP,2025-05-27,5,38655.768091641,38176.7041170131,479.063974627932,63629.0947853202,137.70590108821
exp006/primary,exp006 正式·树DP,2025-05-28,5,38441.792020106,37566.5929435538,875.199076552186,62422.0207900258,189.619312645429
exp006/primary,exp006 正式·树DP,2025-05-29,5,39002.5902800829,38129.6533271384,872.936952944445,62772.0312193496,236.892335243142
exp006/primary,exp006 正式·树DP,2025-05-30,5,16825.6119255541,16241.7802820377,583.831643516352,29965.3912189946,167.739268167441
exp006/primary,exp006 正式·树DP,2025-05-31,5,16713.9964308352,16201.5101875405,512.486243294651,29285.5804994687,200.132717536918
exp006/primary,exp006 正式·树DP,2025-06-01,6,80885.4093009416,38118.870480359,42766.5388205827,63349.0236415349,8521.88141232381
exp006/primary,exp006 正式·树DP,2025-06-02,6,61467.1787433973,42690.4640083347,18776.7147350626,70464.8720771252,4510.14201553217
exp006/primary,exp006 正式·树DP,2025-06-03,6,54953.0798989198,42771.5706550698,12181.5092438499,70402.4115156367,2695.30109166971
exp006/primary,exp006 正式·树DP,2025-06-04,6,53664.1010598008,42782.5825522648,10881.518507536,70054.3503511267,2783.41420400615
exp006/primary,exp006 正式·树DP,2025-06-05,6,57833.2654390511,43422.1038959263,14411.1615431247,70934.991752879,3447.93114069103
exp006/primary,exp006 正式·树DP,2025-06-06,6,39692.3346668367,16392.6421313683,23299.6925354684,31088.0775405551,5213.91251732383
exp006/primary,exp006 正式·树DP,2025-06-07,6,26910.9202221348,20445.9456423226,6464.97457981221,37607.8656165899,1515.67125664078
exp006/primary,exp006 正式·树DP,2025-06-08,6,54607.007829299,54265.8699378112,341.137891487815,85693.0005994217,102.262819347107
exp006/primary,exp006 正式·树DP,2025-06-09,6,53104.452912945,48588.3052653575,4516.14764758748,77139.5737362947,994.603512375561
exp006/primary,exp006 正式·树DP,2025-06-10,6,52875.2025836132,51317.0391724238,1558.16341118938,80692.8615775782,376.35532364521
exp006/primary,exp006 正式·树DP,2025-06-11,6,58832.0837248927,51660.0199510904,7172.06377380234,82929.2967088677,1520.02475972805
exp006/primary,exp006 正式·树DP,2025-06-12,6,55681.8056778751,53772.1946321533,1909.61104572174,85538.7599811861,420.360940075414
exp006/primary,exp006 正式·树DP,2025-06-13,6,25471.1991216498,25354.350947706,116.848173943828,43396.3342161762,19.7302656909583
exp006/primary,exp006 正式·树DP,2025-06-14,6,25800.9539901518,25800.9539901518,0,44717.4937151484,0
exp006/primary,exp006 正式·树DP,2025-06-15,6,52615.0272828976,51060.8900257871,1554.13725711047,81730.575544311,311.498634528316
exp006/primary,exp006 正式·树DP,2025-06-16,6,53249.486037715,51712.4158477762,1537.07018993884,82051.533459196,361.256932531408
exp006/primary,exp006 正式·树DP,2025-06-17,6,56154.9499517001,52759.8269395033,3395.12301219676,83534.9812782962,783.220145063299
exp006/primary,exp006 正式·树DP,2025-06-18,6,53663.0868489954,53415.9220514654,247.164797529961,84825.9885721475,62.892848229183
exp006/primary,exp006 正式·树DP,2025-06-19,6,53034.7700123957,51481.9868813378,1552.78313105795,82018.2970069872,310.921570621765
exp006/primary,exp006 正式·树DP,2025-06-20,6,23791.0815195568,23791.0815195568,0,39703.0369829448,0
exp006/primary,exp006 正式·树DP,2025-06-21,6,23451.0853005485,23366.2947865376,84.7905140109732,38948.4075814994,28.9619138317098
exp006/primary,exp006 正式·树DP,2025-06-22,6,51762.8263789803,49264.5950550993,2498.23132388094,77838.4864769691,544.453098583175
exp006/primary,exp006 正式·树DP,2025-06-23,6,51238.2590876675,50091.5146311692,1146.74445649829,80230.715750993,295.573655671381
exp006/primary,exp006 正式·树DP,2025-06-24,6,59144.7450968913,50620.3064343986,8524.43866249274,80521.4717545245,1777.76309204114
exp006/primary,exp006 正式·树DP,2025-06-25,6,54567.395165594,53258.0202068164,1309.37495877755,84114.3991050221,319.371173819467
exp006/primary,exp006 正式·树DP,2025-06-26,6,51808.4476456069,50518.1558097968,1290.29183581011,80694.1171810019,278.399860911312
exp006/primary,exp006 正式·树DP,2025-06-27,6,22139.9148487514,22136.2157897547,3.6990589966285,37997.0510519339,1.6833032976694
exp006/primary,exp006 正式·树DP,2025-06-28,6,22588.0475753294,22278.373088303,309.674487026419,38054.3819563482,98.3609774330929
exp006/primary,exp006 正式·树DP,2025-06-29,6,50657.9597943929,50071.0413886297,586.918405763143,80102.2194011935,172.367243837043
exp006/primary,exp006 正式·树DP,2025-06-30,6,52539.4402844478,50353.2921261032,2186.14815834461,80746.7020066018,603.295106486498
exp006/primary,exp006 正式·树DP,2025-07-01,7,66753.3246892668,52076.5709733005,14676.7537159663,83263.0391834433,4078.75336838437
exp006/primary,exp006 正式·树DP,2025-07-02,7,66048.1799121222,48844.2223171928,17203.9575949293,79149.4303644903,4571.84955973157
exp006/primary,exp006 正式·树DP,2025-07-03,7,77358.5147709541,46515.563647445,30842.951123509,75692.3995819364,6895.27844766914
exp006/primary,exp006 正式·树DP,2025-07-04,7,34383.9585307607,21428.8001209471,12955.1584098136,37449.8065892446,3723.51978027622
exp006/primary,exp006 正式·树DP,2025-07-05,7,34894.6506994659,21529.0674132193,13365.5832862467,38158.6703069382,3219.78001899506
exp006/primary,exp006 正式·树DP,2025-07-06,7,72476.6229750769,48348.5574182868,24128.0655567901,78532.8566393107,5602.53922895807
exp006/primary,exp006 正式·树DP,2025-07-07,7,60106.3646318441,52178.2927812505,7928.07185059357,83887.659001132,2007.60040775134
exp006/primary,exp006 正式·树DP,2025-07-08,7,61108.926832173,60248.4650524162,860.461779756846,95195.5734322401,227.837165234767
exp006/primary,exp006 正式·树DP,2025-07-09,7,60736.6992201358,60665.7070504261,70.9921697096526,94359.948435543,32.5876381499438
exp006/primary,exp006 正式·树DP,2025-07-10,7,58406.7517533178,57905.5278134184,501.223939899356,91078.6762891654,142.49925691051
exp006/primary,exp006 正式·树DP,2025-07-11,7,30575.9314768479,30374.0499933751,201.881483472791,50205.7016207569,49.3529111050472
exp006/primary,exp006 正式·树DP,2025-07-12,7,30014.4341040055,29895.4064371113,119.027666894154,49893.5572589175,28.6929238622604
exp006/primary,exp006 正式·树DP,2025-07-13,7,57435.3509502972,57114.1269474264,321.224002870738,89844.0227278251,98.2856944495231
exp006/primary,exp006 正式·树DP,2025-07-14,7,56084.7145656624,55857.8164118876,226.898153774893,88581.2625692348,56.9313252549404
exp006/primary,exp006 正式·树DP,2025-07-15,7,55419.3416211591,55119.0692629371,300.272358221946,87668.2061938042,125.374521697625
exp006/primary,exp006 正式·树DP,2025-07-16,7,56417.5209877591,55383.5038113232,1034.01717643592,87718.2503600945,325.561398595654
exp006/primary,exp006 正式·树DP,2025-07-17,7,57396.2697460399,54464.6329529453,2931.63679309466,86458.5721725299,632.247706740206
exp006/primary,exp006 正式·树DP,2025-07-18,7,30464.4122195806,30427.6591644138,36.7530551668095,50484.0257231717,9.396153692141
exp006/primary,exp006 正式·树DP,2025-07-19,7,30340.07879144,30329.349378185,10.7294132550011,50476.338223884,5.0184346375122
exp006/primary,exp006 正式·树DP,2025-07-20,7,56457.089240656,55134.6906448315,1322.39859582451,86493.4763443893,312.098943050442
exp006/primary,exp006 正式·树DP,2025-07-21,7,55563.0104673124,55112.6108223709,450.399644941462,87126.6682732546,94.9029644309932
exp006/primary,exp006 正式·树DP,2025-07-22,7,57685.9127771191,56007.6768417262,1678.23593539298,88375.5599724802,387.82952112239
exp006/primary,exp006 正式·树DP,2025-07-23,7,57026.0120843871,54925.3237427846,2100.68834160246,87095.8218799238,454.478909762842
exp006/primary,exp006 正式·树DP,2025-07-24,7,57341.7896351743,54688.2946324724,2653.49500270192,86340.1680541235,617.833960643047
exp006/primary,exp006 正式·树DP,2025-07-25,7,29140.66529185,28626.0749313659,514.59036048402,48700.8148554516,126.712684288554
exp006/primary,exp006 正式·树DP,2025-07-26,7,30000.0755941143,29953.4098809844,46.6657131298656,49661.6500720825,16.3509856797006
exp006/primary,exp006 正式·树DP,2025-07-27,7,54438.7859320691,53434.9445307917,1003.84140127743,84161.1745289487,220.852953490682
exp006/primary,exp006 正式·树DP,2025-07-28,7,56647.162674545,54621.7402705804,2025.42240396459,86123.9567679514,476.66772430822
exp006/primary,exp006 正式·树DP,2025-07-29,7,56827.0997239083,56612.0814725117,215.018251396625,88776.1217997315,33.7877964550618
exp006/primary,exp006 正式·树DP,2025-07-30,7,55356.5656949421,54651.5845968713,704.98109807081,86503.1166567765,168.674683129952
exp006/primary,exp006 正式·树DP,2025-07-31,7,57101.9034995721,54386.8492789905,2715.05422058164,85815.2257761783,604.302427289226
exp006/primary,exp006 正式·树DP,2025-08-01,8,28361.4027721444,28320.7751319647,40.6276401796955,47541.5971612044,19.1775502382325
exp006/primary,exp006 正式·树DP,2025-08-02,8,26444.4577857009,26046.4141652303,398.043620470588,44151.6018910703,100.664296047987
exp006/primary,exp006 正式·树DP,2025-08-03,8,51504.3671747935,50184.7296329014,1319.63754189205,79974.0851738378,335.396611906886
exp006/primary,exp006 正式·树DP,2025-08-04,8,50046.5304235916,48209.3663049943,1837.16411859728,77210.3420889008,469.787761635534
exp006/primary,exp006 正式·树DP,2025-08-05,8,49617.310446634,48698.0239350326,919.286511601393,77666.5218477777,250.146224076887
exp006/primary,exp006 正式·树DP,2025-08-06,8,53813.7596302869,48512.6351090624,5301.12452122448,77759.3656824617,1328.77238330321
exp006/primary,exp006 正式·树DP,2025-08-07,8,50218.2933603246,49100.6926583417,1117.60070198289,77893.2799065335,354.349786959545
exp006/primary,exp006 正式·树DP,2025-08-08,8,25152.203695634,24385.3263756683,766.877319965639,41876.9556550416,219.963964013294
exp006/primary,exp006 正式·树DP,2025-08-09,8,25228.2426854224,24050.4179340976,1177.82475132482,41149.697258367,361.970778402666
exp006/primary,exp006 正式·树DP,2025-08-10,8,49470.9187799494,48646.341292007,824.577487942413,77616.5879513625,214.763926808782
exp006/primary,exp006 正式·树DP,2025-08-11,8,50891.4572470246,48908.1324884346,1983.32475859,78189.9556745264,412.690727339703
exp006/primary,exp006 正式·树DP,2025-08-12,8,51304.5069844461,47721.8485190902,3582.65846535592,76439.8423409316,752.568442330154
exp006/primary,exp006 正式·树DP,2025-08-13,8,50780.7939449677,48817.7942394015,1962.99970556614,77963.4182193242,414.651573067778
exp006/primary,exp006 正式·树DP,2025-08-14,8,52821.7658935147,47169.5365709083,5652.22932260642,75675.1855447971,1164.64728001956
exp006/primary,exp006 正式·树DP,2025-08-15,8,25485.1564055286,24083.210406316,1401.94599921259,41250.7040121226,418.175683596125
exp006/primary,exp006 正式·树DP,2025-08-16,8,25420.7450282877,24124.2657459923,1296.47928229542,41528.818052455,247.731622294428
exp006/primary,exp006 正式·树DP,2025-08-17,8,49912.0349311112,47039.5193401868,2872.51559092442,74336.0659187677,644.282574082686
exp006/primary,exp006 正式·树DP,2025-08-18,8,49331.578301017,47719.4538541887,1612.12444682831,75869.5546874227,361.11297540457
exp006/primary,exp006 正式·树DP,2025-08-19,8,49561.0024847971,48424.6601104769,1136.34237432023,76464.4964679807,254.24718628441
exp006/primary,exp006 正式·树DP,2025-08-20,8,55960.828568932,47792.1325821131,8168.69598681892,75578.8791620527,1722.65036777264
exp006/primary,exp006 正式·树DP,2025-08-21,8,51752.4933677847,50384.3281736998,1368.16519408496,79947.6506597436,389.028058581249
exp006/primary,exp006 正式·树DP,2025-08-22,8,26823.1201721105,23984.2958963717,2838.8242757388,41428.0204772932,665.00043845372
exp006/primary,exp006 正式·树DP,2025-08-23,8,25339.7547618533,25006.9677729931,332.786988860159,42615.9186310124,89.0370999900634
exp006/primary,exp006 正式·树DP,2025-08-24,8,50540.5046215914,48727.315511633,1813.18910995844,77100.0598695881,438.128241927866
exp006/primary,exp006 正式·树DP,2025-08-25,8,49961.813304772,48671.5018962578,1290.3114085142,76422.6486209093,343.749035771043
exp006/primary,exp006 正式·树DP,2025-08-26,8,51064.7695142695,50521.9534887389,542.816025530539,79928.575193612,123.79135821182
exp006/primary,exp006 正式·树DP,2025-08-27,8,49761.853654964,48607.3546214082,1154.49903355582,76458.4607653531,241.627952042294
exp006/primary,exp006 正式·树DP,2025-08-28,8,52952.5995643014,49536.4064105132,3416.19315378825,77839.9867512749,736.861825791392
exp006/primary,exp006 正式·树DP,2025-08-29,8,26905.0829139364,25537.9249052615,1367.15800867492,43138.1934334512,296.035051488779
exp006/primary,exp006 正式·树DP,2025-08-30,8,25834.7038039756,25642.9104553344,191.793348641184,43259.5785057414,79.8762551655565
exp006/primary,exp006 正式·树DP,2025-08-31,8,50267.0616316457,48208.071983844,2058.98964780166,75642.5774884755,512.289425123314
exp006/primary,exp006 正式·树DP,2025-09-01,9,49457.3007063743,49457.3007063743,0,77845.0391879972,0
exp006/primary,exp006 正式·树DP,2025-09-02,9,47763.4859491669,47484.3955578311,279.090391335786,74327.3610537696,72.3353281260947
exp006/primary,exp006 正式·树DP,2025-09-03,9,47001.5625282042,46971.9739124759,29.5886157282672,73911.3194531098,7.56451891301731
exp006/primary,exp006 正式·树DP,2025-09-04,9,47996.8459657599,47883.9552558284,112.890709931449,74832.1958655266,19.4354325439355
exp006/primary,exp006 正式·树DP,2025-09-05,9,25332.238755582,25332.238755582,0,42140.3029616707,0
exp006/primary,exp006 正式·树DP,2025-09-06,9,24269.4266572175,24269.4266572175,0,40584.5035971385,0
exp006/primary,exp006 正式·树DP,2025-09-07,9,47241.8159311855,47241.8159311855,0,73460.5111135161,0
exp006/primary,exp006 正式·树DP,2025-09-08,9,43969.1283825009,38360.6371355098,5608.49124699114,62047.1494772891,1351.04737293243
exp006/primary,exp006 正式·树DP,2025-09-09,9,43779.8445193777,42386.9423013388,1392.9022180389,68636.0607323893,254.843012271238
exp006/primary,exp006 正式·树DP,2025-09-10,9,50691.3744315898,40046.044045392,10645.3303861978,64784.03498128,1867.96608902483
exp006/primary,exp006 正式·树DP,2025-09-11,9,44589.7003596111,42339.341982795,2250.35837681609,68509.6220120683,484.921172423737
exp006/primary,exp006 正式·树DP,2025-09-12,9,19490.7830324724,18517.8431437617,972.939888710669,33413.612333951,235.869535151209
exp006/primary,exp006 正式·树DP,2025-09-13,9,19454.1800561094,18958.793128137,495.386927972377,34254.0164103798,118.380016624739
exp006/primary,exp006 正式·树DP,2025-09-14,9,42315.4960666786,40197.3038574008,2118.19220927775,64529.482886752,545.029641751931
exp006/primary,exp006 正式·树DP,2025-09-15,9,42909.1466938071,42244.458799538,664.687894269016,68025.5828661641,152.707322703986
exp006/primary,exp006 正式·树DP,2025-09-16,9,43138.9625170152,42309.2294494156,829.733067599627,67998.0486913673,195.523412360617
exp006/primary,exp006 正式·树DP,2025-09-17,9,43169.3618269982,41298.7472532703,1870.61457372799,66670.9628807592,438.022292528736
exp006/primary,exp006 正式·树DP,2025-09-18,9,42858.1017129424,41681.2546492328,1176.84706370955,66981.8432973177,247.68047548608
exp006/primary,exp006 正式·树DP,2025-09-19,9,19606.110419787,18630.6985629618,975.411856825246,34015.9085358068,275.630657129951
exp006/primary,exp006 正式·树DP,2025-09-20,9,20040.1473203522,18740.6911093616,1299.45621099066,33955.577209726,274.904605288859
exp006/primary,exp006 正式·树DP,2025-09-21,9,44189.8539558909,43508.2686668693,681.585289021606,69524.6745111773,145.090536139851
exp006/primary,exp006 正式·树DP,2025-09-22,9,44223.0725024153,40863.0270954718,3360.04540694346,65836.3191653357,856.747958069072
exp006/primary,exp006 正式·树DP,2025-09-23,9,44341.4089686826,42981.3136274738,1360.09534120884,68715.0582714422,297.504977236356
exp006/primary,exp006 正式·树DP,2025-09-24,9,44538.7071272172,43412.5292078269,1126.17791939034,69687.0156086158,238.223586305096
exp006/primary,exp006 正式·树DP,2025-09-25,9,45480.6118018036,42529.0050253076,2951.60677649598,67902.5291970749,716.846754076
exp006/primary,exp006 正式·树DP,2025-09-26,9,19644.3416336873,19204.6111040448,439.730529642462,34787.1891334016,106.155137371444
exp006/primary,exp006 正式·树DP,2025-09-27,9,21819.0649124545,19069.152663372,2749.91224908241,34429.9683978885,649.901329542283
exp006/primary,exp006 正式·树DP,2025-09-28,9,46752.7540166689,43460.3132427543,3292.44077391454,69398.8850359761,739.515252367576
exp006/primary,exp006 正式·树DP,2025-09-29,9,46109.6315816362,44441.5287009677,1668.10288066854,71026.3978818685,413.796252414898
exp006/primary,exp006 正式·树DP,2025-09-30,9,46647.0240336488,44682.0072103879,1965.01682326093,70875.8682357609,509.154755656701
exp006/primary,exp006 正式·树DP,2025-10-01,10,45517.9982991745,45379.3147088383,138.683590336164,72464.6979085756,55.1163666513681
exp006/primary,exp006 正式·树DP,2025-10-02,10,40907.5605537695,40068.5578702059,839.002683563541,64222.2547891177,210.043171998126
exp006/primary,exp006 正式·树DP,2025-10-03,10,17991.4114216595,17970.148966781,21.2624548785658,32940.7048095049,9.49138936308706
exp006/primary,exp006 正式·树DP,2025-10-04,10,19247.4203418806,18873.0108177688,374.409524111873,33850.8859965371,92.0279100380704
exp006/primary,exp006 正式·树DP,2025-10-05,10,43123.9566484569,42941.2488004746,182.707847982335,68345.083637455,75.1524849018969
exp006/primary,exp006 正式·树DP,2025-10-06,10,43250.4238245155,43068.3883162803,182.035508235149,68905.4932519013,51.1733949592149
exp006/primary,exp006 正式·树DP,2025-10-07,10,43499.4593446212,43440.7074046945,58.7519399267132,69663.5377147637,14.500117950896
exp006/primary,exp006 正式·树DP,2025-10-08,10,41204.7760213059,40413.1186624526,791.65735885331,66384.9289633357,154.944037412068
exp006/primary,exp006 正式·树DP,2025-10-09,10,40985.4837692421,39577.2699566669,1408.21381257523,65589.9025954547,276.6600641079
exp006/primary,exp006 正式·树DP,2025-10-10,10,17403.9066363139,17042.6495018507,361.257134463197,32930.0999161367,85.8433364184403
exp006/primary,exp006 正式·树DP,2025-10-11,10,17690.4853650837,17437.8134121689,252.671952914824,33266.2097320443,43.0548768542946
exp006/primary,exp006 正式·树DP,2025-10-12,10,42247.4243201113,41670.0587695748,577.365550536513,68089.9045331804,124.102462138405
exp006/primary,exp006 正式·树DP,2025-10-13,10,41430.5861398551,41135.4391281266,295.147011728482,67655.0518483272,69.2926197758096
exp006/primary,exp006 正式·树DP,2025-10-14,10,42719.4149912655,40866.8361649694,1852.57882629603,67219.238375534,446.535911227427
exp006/primary,exp006 正式·树DP,2025-10-15,10,42755.0428666581,41892.3125608247,862.730305833385,68465.9789018187,176.56338020686
exp006/primary,exp006 正式·树DP,2025-10-16,10,45084.3863361418,42330.0447237228,2754.34161241895,69059.3094837129,729.045489049341
exp006/primary,exp006 正式·树DP,2025-10-17,10,18259.8149199948,18060.462938304,199.351981690814,34146.1291299557,34.6171209916762
exp006/primary,exp006 正式·树DP,2025-10-18,10,18472.7516974236,17436.4470914145,1036.3046060091,32802.6072030534,254.602103081947
exp006/primary,exp006 正式·树DP,2025-10-19,10,44203.2586270687,42178.9026226164,2024.35600445232,68696.2613278104,499.395568947449
exp006/primary,exp006 正式·树DP,2025-10-20,10,45858.8415716205,44195.0258971893,1663.81567443123,71474.950824124,373.801692593307
exp006/primary,exp006 正式·树DP,2025-10-21,10,46144.2436481514,44786.0489685147,1358.19467963668,72344.2229679178,305.076360740436
exp006/primary,exp006 正式·树DP,2025-10-22,10,46826.1334508958,44654.873111475,2171.2603394208,72612.2944703979,466.433693303374
exp006/primary,exp006 正式·树DP,2025-10-23,10,45934.8812959631,44633.1197703108,1301.76152565226,71946.7335595883,327.299416589942
exp006/primary,exp006 正式·树DP,2025-10-24,10,18565.5852120879,17500.6058068524,1064.97940523558,33417.7902529946,248.293239081197
exp006/primary,exp006 正式·树DP,2025-10-25,10,18482.0692035442,17835.2040163825,646.865187161717,33899.8687404129,163.446681707012
exp006/primary,exp006 正式·树DP,2025-10-26,10,45232.6276255821,44580.4620010503,652.165624531803,72053.2655523828,153.642818439575
exp006/primary,exp006 正式·树DP,2025-10-27,10,46309.1540127774,44328.6881855082,1980.46582726926,71917.6481965393,475.029557209593
exp006/primary,exp006 正式·树DP,2025-10-28,10,45392.4133824811,44619.6232173498,772.790165131224,72247.7120145814,161.232689242912
exp006/primary,exp006 正式·树DP,2025-10-29,10,50513.8327821816,45033.3325342952,5480.50024788644,72688.3054706009,1064.51917814999
exp006/primary,exp006 正式·树DP,2025-10-30,10,48455.0702351324,46665.7155831533,1789.35465197912,75497.8426981851,408.723139144554
exp006/primary,exp006 正式·树DP,2025-10-31,10,18915.2887679473,18586.0235783005,329.265189646871,34881.7877439576,81.864265430709
exp006/primary,exp006 正式·树DP,2025-11-01,11,18768.6228552252,17345.7428303303,1422.88002489494,32611.0536399689,497.409934760387
exp006/primary,exp006 正式·树DP,2025-11-02,11,49639.3218729114,43804.4363269434,5834.88554596799,71158.3813700475,1311.33099644687
exp006/primary,exp006 正式·树DP,2025-11-03,11,47794.0552381813,44927.2880109808,2866.76722720051,72784.7421117986,777.050313900522
exp006/primary,exp006 正式·树DP,2025-11-04,11,47364.7144573048,44719.6148692428,2645.09958806206,72529.6598199447,595.571789032413
exp006/primary,exp006 正式·树DP,2025-11-05,11,48641.0525770928,45506.5242516552,3134.52832543768,73641.4257120288,730.279252431986
exp006/primary,exp006 正式·树DP,2025-11-06,11,56515.1297797872,44932.1620870378,11582.9676927494,72867.2102821128,2214.25219598184
exp006/primary,exp006 正式·树DP,2025-11-07,11,19439.1905236291,18131.3031142238,1307.88740940524,34435.2148300592,344.88841792828
exp006/primary,exp006 正式·树DP,2025-11-08,11,18819.9577115495,17770.4619443164,1049.4957672331,34020.8165686292,230.880655872377
exp006/primary,exp006 正式·树DP,2025-11-09,11,50488.1648853067,46557.6109519829,3930.55393332386,75082.9275973398,859.343473702321
exp006/primary,exp006 正式·树DP,2025-11-10,11,52955.0537128933,47243.6700981136,5711.3836147797,76467.2906143336,1184.0363915816
exp006/primary,exp006 正式·树DP,2025-11-11,11,50048.5804691026,48451.4207549562,1597.15971414637,77716.6922879796,386.391313504401
exp006/primary,exp006 正式·树DP,2025-11-12,11,50563.6676568164,47906.8273441568,2656.84031265953,77077.7036576744,529.586986649704
exp006/primary,exp006 正式·树DP,2025-11-13,11,50942.0565046652,47897.7119909436,3044.3445137216,76781.6220065365,649.172062029414
exp006/primary,exp006 正式·树DP,2025-11-14,11,19718.4113977282,18746.8312479983,971.580149729936,35117.0931183377,248.707296755703
exp006/primary,exp006 正式·树DP,2025-11-15,11,20146.5957585249,18403.0437782292,1743.55198029574,34565.1545982105,423.547206736234
exp006/primary,exp006 正式·树DP,2025-11-16,11,52506.2116414359,49528.3028091631,2977.90883227275,79255.6190789558,629.098243136141
exp006/primary,exp006 正式·树DP,2025-11-17,11,52087.1694485295,50579.1677455168,1508.00170301269,80687.3581702652,330.019755849634
exp006/primary,exp006 正式·树DP,2025-11-18,11,52214.4687468943,49550.0480705444,2664.42067634984,79106.3837866936,591.948423978434
exp006/primary,exp006 正式·树DP,2025-11-19,11,53883.2327363095,50009.9580759164,3873.27466039312,80078.3191770749,864.6727074458
exp006/primary,exp006 正式·树DP,2025-11-20,11,53137.8753857606,50425.1457776261,2712.72960813456,80402.1440293089,612.42457757198
exp006/primary,exp006 正式·树DP,2025-11-21,11,20206.6487772534,19106.1041024772,1100.54467477616,35682.2264716875,360.259396661551
exp006/primary,exp006 正式·树DP,2025-11-22,11,20264.7633014383,19122.4182579581,1142.34504348017,35801.9135714241,300.982584703773
exp006/primary,exp006 正式·树DP,2025-11-23,11,53800.1983110469,51990.2715833167,1809.92672773029,82497.6019954271,384.72970438718
exp006/primary,exp006 正式·树DP,2025-11-24,11,53478.9847177752,51363.6922314819,2115.29248629337,81663.6772348126,469.938460731643
exp006/primary,exp006 正式·树DP,2025-11-25,11,52979.2162855941,51201.4223941596,1777.79389143451,81498.9943032315,467.534849042221
exp006/primary,exp006 正式·树DP,2025-11-26,11,53386.4584476269,52239.4878566578,1146.97059096903,83046.7906275673,267.480225130704
exp006/primary,exp006 正式·树DP,2025-11-27,11,53372.5650043218,51811.6205466955,1560.94445762629,82505.5008588375,338.114252883107
exp006/primary,exp006 正式·树DP,2025-11-28,11,20935.4849475386,19928.6469316122,1006.83801592647,37095.0291230337,246.314815457255
exp006/primary,exp006 正式·树DP,2025-11-29,11,23779.577947727,20125.0005532241,3654.57739450289,37692.9079996704,820.095301763403
exp006/primary,exp006 正式·树DP,2025-11-30,11,56642.9036543045,54098.0235797956,2544.88007450889,86139.4821012496,592.757560562461
exp006/primary,exp006 正式·树DP,2025-12-01,12,69963.9593542604,54485.5524126882,15478.4069415722,86267.3150779424,4053.32924361958
exp006/primary,exp006 正式·树DP,2025-12-02,12,66459.7603990102,57609.0585116223,8850.70188738793,90225.4063819575,2097.29933185099
exp006/primary,exp006 正式·树DP,2025-12-03,12,61941.6867770823,59139.8002609247,2801.88651615762,92549.2254447934,863.348872689036
exp006/primary,exp006 正式·树DP,2025-12-04,12,65524.608248251,59062.3355073138,6462.27274093722,92838.1595895326,1454.55476761332
exp006/primary,exp006 正式·树DP,2025-12-05,12,27000.0645978227,24618.918966552,2381.14563127062,45690.0352583825,735.353505521332
exp006/primary,exp006 正式·树DP,2025-12-06,12,29917.1321826305,25585.5639192235,4331.56826340703,47487.5888104816,1155.95121729537
exp006/primary,exp006 正式·树DP,2025-12-07,12,61784.1560615652,57699.9754640228,4084.1805975424,90885.0938353626,1046.90506124102
exp006/primary,exp006 正式·树DP,2025-12-08,12,63308.8660947779,62714.0496771784,594.816417599552,98202.1843463657,114.253489644565
exp006/primary,exp006 正式·树DP,2025-12-09,12,63207.4249980787,62031.1459981788,1176.27899989989,96934.0405078416,242.096808983355
exp006/primary,exp006 正式·树DP,2025-12-10,12,62734.280915896,61375.7099627113,1358.5709531847,96174.324009762,320.482655053802
exp006/primary,exp006 正式·树DP,2025-12-11,12,61552.0212742836,60895.4832085916,656.538065692037,95596.4869554723,149.238367638221
exp006/primary,exp006 正式·树DP,2025-12-12,12,27980.6821091246,27504.7348075673,475.947301557281,52001.7722504104,105.565472264937
exp006/primary,exp006 正式·树DP,2025-12-13,12,28687.0315233459,28378.8056912383,308.225832107631,53783.9908179361,79.192794801703
exp006/primary,exp006 正式·树DP,2025-12-14,12,62774.3233368488,61881.9949069949,892.328429853886,96318.3343392576,177.006474210678
exp006/primary,exp006 正式·树DP,2025-12-15,12,62066.5331000192,61616.2883415985,450.244758420733,96201.5469395777,94.1937672941637
exp006/primary,exp006 正式·树DP,2025-12-16,12,62115.6774255571,61633.0094640901,482.667961467056,96079.9146087479,121.996225693147
exp006/primary,exp006 正式·树DP,2025-12-17,12,62531.229871355,61308.235883787,1222.99398756799,96226.1278893939,236.327789126017
exp006/primary,exp006 正式·树DP,2025-12-18,12,62205.8293258406,59899.160706613,2306.66861922764,94076.1012832786,519.8264821405
exp006/primary,exp006 正式·树DP,2025-12-19,12,28377.3474849034,27889.3799150036,487.967569899814,52372.128394224,142.670290821572
exp006/primary,exp006 正式·树DP,2025-12-20,12,28451.1346048358,28006.014495906,445.120108929857,52626.7150675792,123.852842928429
exp006/primary,exp006 正式·树DP,2025-12-21,12,62775.1315224467,61961.2244631437,813.907059303004,96470.3643061842,196.702764610502
exp006/primary,exp006 正式·树DP,2025-12-22,12,62907.4116577429,62368.2436233015,539.168034441417,97543.5257476123,141.714107085253
exp006/primary,exp006 正式·树DP,2025-12-23,12,62109.7528724112,61932.0970019318,177.655870479396,96606.8574508711,68.0606079467201
exp006/primary,exp006 正式·树DP,2025-12-24,12,62548.2021505122,60521.2597953106,2026.94235520155,95171.1523738454,426.953085976033
exp006/primary,exp006 正式·树DP,2025-12-25,12,62081.9733003127,60774.8352786169,1307.13802169584,95299.1303152939,277.239688317009
exp006/primary,exp006 正式·树DP,2025-12-26,12,27712.5557036805,27558.6387942688,153.916909411644,51714.7784454187,46.8825682321536
exp006/primary,exp006 正式·树DP,2025-12-27,12,28029.8259798428,27817.7756941275,212.050285715263,52216.2019920067,70.8515683849589
exp006/primary,exp006 正式·树DP,2025-12-28,12,63188.8303123732,61796.5542755596,1392.2760368136,96414.4704126601,256.895078829243
exp006/primary,exp006 正式·树DP,2025-12-29,12,62317.9820195109,61435.9115752872,882.070444223672,95852.039370126,208.940966957429
exp006/primary,exp006 正式·树DP,2025-12-30,12,61498.1576759361,60698.3262213434,799.831454592668,95259.6954679337,172.348681317465
exp006/primary,exp006 正式·树DP,2025-12-31,12,62750.9672755713,60175.6166742338,2575.35060133744,94402.7359433564,655.581381737304
exp006/greedy_execution,exp006 旧执行·重新规划,2025-02-01,2,38272.9771687233,38272.9771687233,0,65449.8940661599,0
exp006/greedy_execution,exp006 旧执行·重新规划,2025-02-02,2,59653.4425065326,59653.4425065326,0,91475.0903109673,0
exp006/greedy_execution,exp006 旧执行·重新规划,2025-02-03,2,51350.9010839188,51350.9010839188,0,81540.2387538278,0
exp006/greedy_execution,exp006 旧执行·重新规划,2025-02-04,2,54910.3641143034,54910.3641143035,0,87748.2256472839,0
exp006/greedy_execution,exp006 旧执行·重新规划,2025-02-05,2,56905.3568413837,55698.2908219244,1207.06601945926,88328.0420426497,173.031252789458
exp006/greedy_execution,exp006 旧执行·重新规划,2025-02-06,2,54621.316681394,54522.0270329437,99.2896484502392,86871.0408745966,17.0486950783804
exp006/greedy_execution,exp006 旧执行·重新规划,2025-02-07,2,21476.4064294719,21476.4064294719,0,41030.0960007052,0
exp006/greedy_execution,exp006 旧执行·重新规划,2025-02-08,2,19397.6806759021,19397.6806759021,0,37011.6138575694,0
exp006/greedy_execution,exp006 旧执行·重新规划,2025-02-09,2,54064.6483033583,50454.9729152848,3609.67538807346,81238.3245331467,768.690109046775
exp006/greedy_execution,exp006 旧执行·重新规划,2025-02-10,2,52754.296041294,52754.296041294,0,84426.9939884282,0
exp006/greedy_execution,exp006 旧执行·重新规划,2025-02-11,2,50657.7328763628,50657.7328763628,0,82059.4371192721,0
exp006/greedy_execution,exp006 旧执行·重新规划,2025-02-12,2,51248.5376859365,51248.5376859365,0,82642.1705470571,0
exp006/greedy_execution,exp006 旧执行·重新规划,2025-02-13,2,50846.7700970493,50846.7700970493,0,81930.7813904372,0
exp006/greedy_execution,exp006 旧执行·重新规划,2025-02-14,2,18210.770961667,18210.770961667,0,35068.7143014238,0
exp006/greedy_execution,exp006 旧执行·重新规划,2025-02-15,2,19627.943440375,19627.943440375,0,37656.0424167991,0
exp006/greedy_execution,exp006 旧执行·重新规划,2025-02-16,2,49359.0851007823,49333.3280293027,25.7570714795988,79913.1874605044,5.66151697540363
exp006/greedy_execution,exp006 旧执行·重新规划,2025-02-17,2,49826.2391844795,49826.2391844795,0,80740.0748343725,0
exp006/greedy_execution,exp006 旧执行·重新规划,2025-02-18,2,48382.580347634,48367.1140427627,15.4663048713103,78595.3259063415,3.3995614619871
exp006/greedy_execution,exp006 旧执行·重新规划,2025-02-19,2,48379.4311402484,48339.85158124,39.5795590083481,78408.8082654015,9.03746067093232
exp006/greedy_execution,exp006 旧执行·重新规划,2025-02-20,2,48714.0638693224,48688.4683983078,25.5954710145951,78703.651046017,5.46444727040887
exp006/greedy_execution,exp006 旧执行·重新规划,2025-02-21,2,18363.0829018527,18363.0829018527,0,35493.2995669972,0
exp006/greedy_execution,exp006 旧执行·重新规划,2025-02-22,2,18221.9343206642,18221.9343206642,0,34962.9773139457,0
exp006/greedy_execution,exp006 旧执行·重新规划,2025-02-23,2,48494.3682725906,48494.3682725906,0,78394.1653333291,0
exp006/greedy_execution,exp006 旧执行·重新规划,2025-02-24,2,47646.6501557208,47620.6779991292,25.972156591593,77701.5808112456,5.93107024242818
exp006/greedy_execution,exp006 旧执行·重新规划,2025-02-25,2,46900.2108861065,46900.2108861065,0,76390.6663760527,0
exp006/greedy_execution,exp006 旧执行·重新规划,2025-02-26,2,45200.3113445803,45200.3113445803,0,73837.2183689758,0
exp006/greedy_execution,exp006 旧执行·重新规划,2025-02-27,2,47061.9844384316,45977.2983554821,1084.68608294954,74965.7816490622,218.022232917827
exp006/greedy_execution,exp006 旧执行·重新规划,2025-02-28,2,17624.3646154209,17624.3646154209,0,34165.4735058438,0
exp006/greedy_execution,exp006 旧执行·重新规划,2025-03-01,3,17423.1520748152,17423.1520748152,0,33515.145909657,0
exp006/greedy_execution,exp006 旧执行·重新规划,2025-03-02,3,53741.7899558357,47278.8164721599,6462.97348367581,76602.499441627,963.282779085291
exp006/greedy_execution,exp006 旧执行·重新规划,2025-03-03,3,48705.8214216321,48705.8214216321,0,79260.4336082244,0
exp006/greedy_execution,exp006 旧执行·重新规划,2025-03-04,3,49658.9919271298,49658.9919271298,0,80281.4241540448,0
exp006/greedy_execution,exp006 旧执行·重新规划,2025-03-05,3,47620.3730919891,47620.3730919891,0,77459.5088833104,0
exp006/greedy_execution,exp006 旧执行·重新规划,2025-03-06,3,45344.8200851529,45344.8200851529,0,74072.9741492594,0
exp006/greedy_execution,exp006 旧执行·重新规划,2025-03-07,3,17432.4060899146,17432.4060899146,0,33584.6707206456,0
exp006/greedy_execution,exp006 旧执行·重新规划,2025-03-08,3,16486.6580938387,16486.6580938387,0,31136.8745328861,0
exp006/greedy_execution,exp006 旧执行·重新规划,2025-03-09,3,42862.9731150422,42862.9731150422,0,70224.7338226092,0
exp006/greedy_execution,exp006 旧执行·重新规划,2025-03-10,3,42912.8264171342,42912.8264171342,0,70680.3476973027,0
exp006/greedy_execution,exp006 旧执行·重新规划,2025-03-11,3,44910.7197715644,44910.7197715644,0,73880.4967178958,0
exp006/greedy_execution,exp006 旧执行·重新规划,2025-03-12,3,43334.0848937762,43334.0848937762,0,71502.5582444051,0
exp006/greedy_execution,exp006 旧执行·重新规划,2025-03-13,3,46018.4992775042,42527.9517538011,3490.5475237031,70684.6811021738,726.040456910898
exp006/greedy_execution,exp006 旧执行·重新规划,2025-03-14,3,15810.2480211485,15810.2480211485,0,30382.2757401625,0
exp006/greedy_execution,exp006 旧执行·重新规划,2025-03-15,3,16227.277076351,16227.277076351,0,31226.5851517583,0
exp006/greedy_execution,exp006 旧执行·重新规划,2025-03-16,3,43355.4329161982,43355.4329161981,0,71446.3069981516,0
exp006/greedy_execution,exp006 旧执行·重新规划,2025-03-17,3,42602.4630393254,42602.4630393254,0,70674.2432912719,0
exp006/greedy_execution,exp006 旧执行·重新规划,2025-03-18,3,44971.1086469063,40393.6080507123,4577.50059619397,67331.7485053305,912.43478153639
exp006/greedy_execution,exp006 旧执行·重新规划,2025-03-19,3,43312.0215926056,43312.0215926056,0,71631.21506015,0
exp006/greedy_execution,exp006 旧执行·重新规划,2025-03-20,3,42076.461276518,42076.461276518,0,69573.4027433383,0
exp006/greedy_execution,exp006 旧执行·重新规划,2025-03-21,3,15926.4462679516,15926.4462679516,0,30561.5604993755,0
exp006/greedy_execution,exp006 旧执行·重新规划,2025-03-22,3,15654.0720682314,15654.0720682314,0,30440.2534364368,0
exp006/greedy_execution,exp006 旧执行·重新规划,2025-03-23,3,41794.3140557571,41794.3140557571,0,69281.0061934674,0
exp006/greedy_execution,exp006 旧执行·重新规划,2025-03-24,3,40324.3120386806,40324.3120386806,0,67667.7154833604,0
exp006/greedy_execution,exp006 旧执行·重新规划,2025-03-25,3,41049.5455381784,41049.5455381784,0,68446.296746185,0
exp006/greedy_execution,exp006 旧执行·重新规划,2025-03-26,3,41477.5596931729,41477.5596931729,0,69230.733634231,0
exp006/greedy_execution,exp006 旧执行·重新规划,2025-03-27,3,39855.5442678901,39855.5442678901,0,66485.1837526367,0
exp006/greedy_execution,exp006 旧执行·重新规划,2025-03-28,3,15663.6666162995,15663.6666162995,0,30343.4917239661,0
exp006/greedy_execution,exp006 旧执行·重新规划,2025-03-29,3,14862.3528398722,14862.3528398722,0,28973.3992280541,0
exp006/greedy_execution,exp006 旧执行·重新规划,2025-03-30,3,38780.1730056836,38780.1730056836,0,64326.9072463166,0
exp006/greedy_execution,exp006 旧执行·重新规划,2025-03-31,3,38704.0241535737,38704.0241535737,0,64668.8814698967,0
exp006/greedy_execution,exp006 旧执行·重新规划,2025-04-01,4,40140.0253966531,40140.0253966531,0,66979.5849216268,0
exp006/greedy_execution,exp006 旧执行·重新规划,2025-04-02,4,43507.0876440539,39939.8509064774,3567.23673757654,66778.2478526738,734.049141368199
exp006/greedy_execution,exp006 旧执行·重新规划,2025-04-03,4,40435.5980463915,40435.5980463915,0,67447.0090347226,0
exp006/greedy_execution,exp006 旧执行·重新规划,2025-04-04,4,14855.3898009883,14855.3898009883,0,29164.1103259697,0
exp006/greedy_execution,exp006 旧执行·重新规划,2025-04-05,4,14239.7010230013,14239.7010230013,0,28143.4716764482,0
exp006/greedy_execution,exp006 旧执行·重新规划,2025-04-06,4,39774.0747557609,39774.0747557609,0,66601.2302329424,0
exp006/greedy_execution,exp006 旧执行·重新规划,2025-04-07,4,38945.0217924408,38945.0217924408,0,65575.6948977336,0
exp006/greedy_execution,exp006 旧执行·重新规划,2025-04-08,4,38312.717513053,38312.717513053,0,64618.1662583913,0
exp006/greedy_execution,exp006 旧执行·重新规划,2025-04-09,4,39293.7976524057,39293.7976524057,0,65762.0509213692,0
exp006/greedy_execution,exp006 旧执行·重新规划,2025-04-10,4,39657.4602345304,39657.4602345304,0,66571.7718956045,0
exp006/greedy_execution,exp006 旧执行·重新规划,2025-04-11,4,14633.8781094644,14633.8781094644,0,28684.8747536655,0
exp006/greedy_execution,exp006 旧执行·重新规划,2025-04-12,4,14197.6707986878,14197.6707986878,0,27965.4980342521,0
exp006/greedy_execution,exp006 旧执行·重新规划,2025-04-13,4,37118.0488107462,37118.0488107462,0,62472.9230993767,0
exp006/greedy_execution,exp006 旧执行·重新规划,2025-04-14,4,37330.3234793672,37330.3234793672,0,63119.1260520222,0
exp006/greedy_execution,exp006 旧执行·重新规划,2025-04-15,4,37009.274378431,37009.274378431,0,62696.0808403551,0
exp006/greedy_execution,exp006 旧执行·重新规划,2025-04-16,4,36886.2316771756,36886.2316771756,0,61887.4206348457,0
exp006/greedy_execution,exp006 旧执行·重新规划,2025-04-17,4,37753.5630005263,37753.5630005263,0,63405.1927540588,0
exp006/greedy_execution,exp006 旧执行·重新规划,2025-04-18,4,14068.6810347033,14068.6810347033,0,27724.786988767,0
exp006/greedy_execution,exp006 旧执行·重新规划,2025-04-19,4,13034.2280507868,13034.2280507868,0,25947.2440792921,0
exp006/greedy_execution,exp006 旧执行·重新规划,2025-04-20,4,36445.578481301,36445.578481301,0,61655.1121254291,0
exp006/greedy_execution,exp006 旧执行·重新规划,2025-04-21,4,37094.7979218173,37094.7979218173,0,62727.9042511374,0
exp006/greedy_execution,exp006 旧执行·重新规划,2025-04-22,4,34415.1123237545,34415.1123237545,0,58241.7683018377,0
exp006/greedy_execution,exp006 旧执行·重新规划,2025-04-23,4,36455.4527048005,36455.4527048005,0,61907.2623935367,0
exp006/greedy_execution,exp006 旧执行·重新规划,2025-04-24,4,35108.1839772125,35108.1839772125,0,59447.7839332846,0
exp006/greedy_execution,exp006 旧执行·重新规划,2025-04-25,4,13007.4537494572,13007.4537494572,0,26442.5477127017,0
exp006/greedy_execution,exp006 旧执行·重新规划,2025-04-26,4,12614.4033690731,12614.4033690731,0,25807.8915569382,0
exp006/greedy_execution,exp006 旧执行·重新规划,2025-04-27,4,34462.2899498434,34462.2899498434,0,58203.0630169025,0
exp006/greedy_execution,exp006 旧执行·重新规划,2025-04-28,4,36175.1060986833,36175.1060986832,0,61206.8266443166,0
exp006/greedy_execution,exp006 旧执行·重新规划,2025-04-29,4,37128.5255258106,37128.5255258106,0,62951.7653784473,0
exp006/greedy_execution,exp006 旧执行·重新规划,2025-04-30,4,35710.6082519064,35710.6082519064,0,60184.4118264641,0
exp006/greedy_execution,exp006 旧执行·重新规划,2025-05-01,5,47851.3368171089,33432.4526780872,14418.8841390217,56769.5266026515,2530.20674375602
exp006/greedy_execution,exp006 旧执行·重新规划,2025-05-02,5,21407.3232290528,13459.6334218978,7947.68980715507,27144.7628173437,1678.06642120965
exp006/greedy_execution,exp006 旧执行·重新规划,2025-05-03,5,17418.4771759317,14559.9496130858,2858.52756284594,28609.2228538707,621.124409642258
exp006/greedy_execution,exp006 旧执行·重新规划,2025-05-04,5,44225.1782707034,35482.4795825718,8742.69868813167,60253.9675028134,1571.88855580398
exp006/greedy_execution,exp006 旧执行·重新规划,2025-05-05,5,42769.9854846513,34634.2900422199,8135.69544243141,58786.8304953651,1341.45441416428
exp006/greedy_execution,exp006 旧执行·重新规划,2025-05-06,5,42237.8724768278,36854.2162622645,5383.65621456336,62497.5101565474,1097.5795282572
exp006/greedy_execution,exp006 旧执行·重新规划,2025-05-07,5,45593.897078245,37131.6177587414,8462.2793195036,63142.2541750667,1397.08431873349
exp006/greedy_execution,exp006 旧执行·重新规划,2025-05-08,5,39627.4012310098,39022.6187716044,604.782459405398,64273.7667583776,88.3581781157339
exp006/greedy_execution,exp006 旧执行·重新规划,2025-05-09,5,15476.9930220427,15476.9930220427,0,29210.6587041779,0
exp006/greedy_execution,exp006 旧执行·重新规划,2025-05-10,5,16016.9040694883,16016.9040694883,0,29165.1335048431,0
exp006/greedy_execution,exp006 旧执行·重新规划,2025-05-11,5,39140.3863194933,39048.8322558683,91.5540636249993,64245.6264000925,13.6190499999999
exp006/greedy_execution,exp006 旧执行·重新规划,2025-05-12,5,38360.780891702,38360.780891702,0,63682.2365313147,0
exp006/greedy_execution,exp006 旧执行·重新规划,2025-05-13,5,37178.4235462856,37178.4235462856,0,60877.9031647229,0
exp006/greedy_execution,exp006 旧执行·重新规划,2025-05-14,5,38310.7043530528,38310.7043530528,0,63024.9762560545,0
exp006/greedy_execution,exp006 旧执行·重新规划,2025-05-15,5,36939.7076053575,36939.7076053575,0,61002.8520486132,0
exp006/greedy_execution,exp006 旧执行·重新规划,2025-05-16,5,15549.0041415261,15549.0041415261,0,28703.419623911,0
exp006/greedy_execution,exp006 旧执行·重新规划,2025-05-17,5,15488.9430336248,15488.9430336248,0,28849.1829877778,0
exp006/greedy_execution,exp006 旧执行·重新规划,2025-05-18,5,38310.0304515425,38291.3628062413,18.667645301237,62524.4313360563,2.76783235247046
exp006/greedy_execution,exp006 旧执行·重新规划,2025-05-19,5,37650.1080040968,37198.2040224301,451.903981666667,61554.9377925784,67.0033333333333
exp006/greedy_execution,exp006 旧执行·重新规划,2025-05-20,5,37118.6621646254,37118.6621646254,0,61284.9874163145,0
exp006/greedy_execution,exp006 旧执行·重新规划,2025-05-21,5,38531.8861088111,38531.8861088111,0,63463.2362533466,0
exp006/greedy_execution,exp006 旧执行·重新规划,2025-05-22,5,37513.3588504417,37513.3588504417,0,61447.7821350433,0
exp006/greedy_execution,exp006 旧执行·重新规划,2025-05-23,5,15992.1097605475,15992.1097605475,0,29186.4175539583,0
exp006/greedy_execution,exp006 旧执行·重新规划,2025-05-24,5,15828.0991814716,15828.0991814716,0,28527.6515915919,0
exp006/greedy_execution,exp006 旧执行·重新规划,2025-05-25,5,36873.4091388292,36873.4091388292,0,60916.5321749444,0
exp006/greedy_execution,exp006 旧执行·重新规划,2025-05-26,5,36715.8166847221,36715.8166847221,0,60718.8906736135,0
exp006/greedy_execution,exp006 旧执行·重新规划,2025-05-27,5,37815.3275270483,37815.3275270483,0,62790.3800302056,0
exp006/greedy_execution,exp006 旧执行·重新规划,2025-05-28,5,37114.14700621,37114.14700621,0,61372.5736284028,0
exp006/greedy_execution,exp006 旧执行·重新规划,2025-05-29,5,37725.2570781095,37725.2570781095,0,61857.4207197246,0
exp006/greedy_execution,exp006 旧执行·重新规划,2025-05-30,5,15788.6163778425,15788.6163778425,0,28905.004003498,0
exp006/greedy_execution,exp006 旧执行·重新规划,2025-05-31,5,15868.6887473357,15868.6887473357,0,28531.6198033257,0
exp006/greedy_execution,exp006 旧执行·重新规划,2025-06-01,6,86927.064483632,37695.6925041035,49231.3719795285,62365.5094377439,8170.64665239477
exp006/greedy_execution,exp006 旧执行·重新规划,2025-06-02,6,62658.4031077646,42690.4640083347,19967.9390994299,70464.8720771252,3645.64682078118
exp006/greedy_execution,exp006 旧执行·重新规划,2025-06-03,6,52430.662287082,42771.5706550698,9659.09163201218,70402.4115156367,1937.40089646693
exp006/greedy_execution,exp006 旧执行·重新规划,2025-06-04,6,54636.603503128,42782.5825522648,11854.0209508632,70054.3503511267,2146.72439642848
exp006/greedy_execution,exp006 旧执行·重新规划,2025-06-05,6,55413.1211638566,43447.0115183027,11966.1096455539,70992.843879108,2315.84953257493
exp006/greedy_execution,exp006 旧执行·重新规划,2025-06-06,6,40364.9747293331,16392.6421313683,23972.3325979648,31088.0775405551,3992.29993395283
exp006/greedy_execution,exp006 旧执行·重新规划,2025-06-07,6,26006.5231525768,20445.9456423226,5560.57751025427,37607.8656165899,1062.26536071828
exp006/greedy_execution,exp006 旧执行·重新规划,2025-06-08,6,54241.7480723702,54241.7480723702,0,85620.6078980977,0
exp006/greedy_execution,exp006 旧执行·重新规划,2025-06-09,6,48273.1773212264,48273.1773212264,0,76409.9379980619,0
exp006/greedy_execution,exp006 旧执行·重新规划,2025-06-10,6,50780.1359084591,50780.1359084591,0,79445.5268745332,0
exp006/greedy_execution,exp006 旧执行·重新规划,2025-06-11,6,52894.9666167429,51253.8031337968,1641.16348294605,82001.3056449266,340.903939953348
exp006/greedy_execution,exp006 旧执行·重新规划,2025-06-12,6,53203.1385966962,53203.1385966962,0,84249.8145174346,0
exp006/greedy_execution,exp006 旧执行·重新规划,2025-06-13,6,24778.9219720378,24778.9219720378,0,42045.7798828652,0
exp006/greedy_execution,exp006 旧执行·重新规划,2025-06-14,6,25027.6839779235,25027.6839779235,0,42902.1028833584,0
exp006/greedy_execution,exp006 旧执行·重新规划,2025-06-15,6,50389.1473787685,50389.1473787685,0,80169.743694791,0
exp006/greedy_execution,exp006 旧执行·重新规划,2025-06-16,6,51176.8356248603,51176.8356248603,0,80846.89367154,0
exp006/greedy_execution,exp006 旧执行·重新规划,2025-06-17,6,52353.0438542332,52353.0438542332,0,82651.405165528,0
exp006/greedy_execution,exp006 旧执行·重新规划,2025-06-18,6,53083.0115498066,53083.0115498066,0,84056.09692759,0
exp006/greedy_execution,exp006 旧执行·重新规划,2025-06-19,6,51415.1128280836,51159.8346875148,255.278140568823,81255.6744550641,37.9017006648857
exp006/greedy_execution,exp006 旧执行·重新规划,2025-06-20,6,23516.6157506192,23516.6157506192,0,39056.5671684408,0
exp006/greedy_execution,exp006 旧执行·重新规划,2025-06-21,6,22689.0298682283,22689.0298682283,0,37415.0464635098,0
exp006/greedy_execution,exp006 旧执行·重新规划,2025-06-22,6,48225.5592914549,48225.5592914549,0,75461.0331628001,0
exp006/greedy_execution,exp006 旧执行·重新规划,2025-06-23,6,49761.5901747506,49761.5901747506,0,79469.4498047018,0
exp006/greedy_execution,exp006 旧执行·重新规划,2025-06-24,6,54472.6693549463,50464.3085520219,4008.36080292441,80159.7165560865,849.568384111552
exp006/greedy_execution,exp006 旧执行·重新规划,2025-06-25,6,53014.8839763499,53014.8839763499,0,83567.5156946465,0
exp006/greedy_execution,exp006 旧执行·重新规划,2025-06-26,6,50272.7591825923,50272.7591825923,0,80043.9283697365,0
exp006/greedy_execution,exp006 旧执行·重新规划,2025-06-27,6,21893.5047392511,21893.5047392511,0,37428.0191726257,0
exp006/greedy_execution,exp006 旧执行·重新规划,2025-06-28,6,21416.5017800163,21416.5017800163,0,36095.5404284034,0
exp006/greedy_execution,exp006 旧执行·重新规划,2025-06-29,6,49394.50676484,49394.50676484,0,78526.8619297891,0
exp006/greedy_execution,exp006 旧执行·重新规划,2025-06-30,6,50088.4127718094,50088.4127718094,0,80143.1859817248,0
exp006/greedy_execution,exp006 旧执行·重新规划,2025-07-01,7,62812.9344589905,51928.5253213254,10884.4091376651,82943.8148259313,2402.34592915152
exp006/greedy_execution,exp006 旧执行·重新规划,2025-07-02,7,63918.0313368875,48844.2223171928,15073.8090196946,79149.4303644903,2754.4150753964
exp006/greedy_execution,exp006 旧执行·重新规划,2025-07-03,7,81409.0578475942,46515.563647445,34893.4942001491,75692.3995819364,6251.154156726
exp006/greedy_execution,exp006 旧执行·重新规划,2025-07-04,7,36373.2728804897,21428.8001209471,14944.4727595426,37449.8065892446,3229.57291130255
exp006/greedy_execution,exp006 旧执行·重新规划,2025-07-05,7,36833.3127422027,21547.0734877652,15286.2392544376,38199.9094862102,2855.2814249657
exp006/greedy_execution,exp006 旧执行·重新规划,2025-07-06,7,75326.8969379061,48349.4889870427,26977.4079508634,78535.0495977758,4617.94496048057
exp006/greedy_execution,exp006 旧执行·重新规划,2025-07-07,7,57948.4183482,52178.2927812505,5770.12556694953,83887.659001132,1092.94953792258
exp006/greedy_execution,exp006 旧执行·重新规划,2025-07-08,7,60223.4958047168,60223.4958047168,0,95132.7146880591,0
exp006/greedy_execution,exp006 旧执行·重新规划,2025-07-09,7,59938.9440337483,59938.9440337483,0,92648.7080383674,0
exp006/greedy_execution,exp006 旧执行·重新规划,2025-07-10,7,57301.8823848272,57301.8823848272,0,89721.5000713484,0
exp006/greedy_execution,exp006 旧执行·重新规划,2025-07-11,7,29834.5953182549,29834.5953182549,0,48940.9261726773,0
exp006/greedy_execution,exp006 旧执行·重新规划,2025-07-12,7,28996.1057007133,28996.1057007133,0,47789.9749762971,0
exp006/greedy_execution,exp006 旧执行·重新规划,2025-07-13,7,56376.3220965048,56376.3220965048,0,88127.1849900919,0
exp006/greedy_execution,exp006 旧执行·重新规划,2025-07-14,7,55513.1275469684,55513.1275469684,0,87783.4415783523,0
exp006/greedy_execution,exp006 旧执行·重新规划,2025-07-15,7,54797.2542005755,54797.2542005755,0,86917.6215591533,0
exp006/greedy_execution,exp006 旧执行·重新规划,2025-07-16,7,54920.3771840283,54920.3771840283,0,86637.3908583329,0
exp006/greedy_execution,exp006 旧执行·重新规划,2025-07-17,7,54193.6096854803,54193.6096854803,0,85814.3979407036,0
exp006/greedy_execution,exp006 旧执行·重新规划,2025-07-18,7,30200.4158348048,30200.4158348048,0,49951.6892532377,0
exp006/greedy_execution,exp006 旧执行·重新规划,2025-07-19,7,29325.6698946099,29325.6698946099,0,48103.071576538,0
exp006/greedy_execution,exp006 旧执行·重新规划,2025-07-20,7,54348.3670574781,54348.3670574781,0,84663.0598372842,0
exp006/greedy_execution,exp006 旧执行·重新规划,2025-07-21,7,54824.0123339158,54824.0123339158,0,86431.7367190592,0
exp006/greedy_execution,exp006 旧执行·重新规划,2025-07-22,7,55775.6806825392,55775.6806825392,0,87848.2031496888,0
exp006/greedy_execution,exp006 旧执行·重新规划,2025-07-23,7,54714.4111281812,54714.4111281812,0,86595.0233900253,0
exp006/greedy_execution,exp006 旧执行·重新规划,2025-07-24,7,54322.1589210686,54322.1589210686,0,85507.2365689025,0
exp006/greedy_execution,exp006 旧执行·重新规划,2025-07-25,7,28277.161441192,28277.161441192,0,47880.7581426846,0
exp006/greedy_execution,exp006 旧执行·重新规划,2025-07-26,7,29179.0377886434,29179.0377886434,0,47839.6305155505,0
exp006/greedy_execution,exp006 旧执行·重新规划,2025-07-27,7,52502.8177969565,52502.8177969565,0,81992.9695111477,0
exp006/greedy_execution,exp006 旧执行·重新规划,2025-07-28,7,54380.716108903,54380.716108903,0,85565.1720905034,0
exp006/greedy_execution,exp006 旧执行·重新规划,2025-07-29,7,56611.1732643046,56595.8285717784,15.3446925262334,88697.8482801362,2.27902755476509
exp006/greedy_execution,exp006 旧执行·重新规划,2025-07-30,7,54335.226713664,54335.226713664,0,85763.698639726,0
exp006/greedy_execution,exp006 旧执行·重新规划,2025-07-31,7,54088.7695032582,54088.7695032582,0,85121.0387326173,0
exp006/greedy_execution,exp006 旧执行·重新规划,2025-08-01,8,28007.9974859283,28007.9974859283,0,46809.2734842954,0
exp006/greedy_execution,exp006 旧执行·重新规划,2025-08-02,8,25254.2889098434,25254.2889098434,0,42318.4777467943,0
exp006/greedy_execution,exp006 旧执行·重新规划,2025-08-03,8,49794.3937674983,49480.49653516,313.897232338337,78337.8492193828,117.581336098664
exp006/greedy_execution,exp006 旧执行·重新规划,2025-08-04,8,48236.9813702254,48173.5957329454,63.3856372799589,77126.9180472468,9.41417455516989
exp006/greedy_execution,exp006 旧执行·重新规划,2025-08-05,8,48583.8043041033,48583.8043041033,0,77401.5514260317,0
exp006/greedy_execution,exp006 旧执行·重新规划,2025-08-06,8,49878.4087430283,48419.9899831432,1458.41875988514,77543.904558939,209.103613805635
exp006/greedy_execution,exp006 旧执行·重新规划,2025-08-07,8,49281.4145074752,49281.4145074752,0,78312.4548968795,0
exp006/greedy_execution,exp006 旧执行·重新规划,2025-08-08,8,24299.4921163495,24299.4921163495,0,41675.9397877006,0
exp006/greedy_execution,exp006 旧执行·重新规划,2025-08-09,8,23851.5575118768,23851.5575118768,0,40682.872814793,0
exp006/greedy_execution,exp006 旧执行·重新规划,2025-08-10,8,48630.6974774221,48558.6690604478,72.0284169743836,77415.4303226195,10.6639680448418
exp006/greedy_execution,exp006 旧执行·重新规划,2025-08-11,8,48967.2528326686,48663.081827269,304.171005399608,77606.1713539294,45.1508044364781
exp006/greedy_execution,exp006 旧执行·重新规划,2025-08-12,8,47911.4831539276,47507.6428474521,403.840306475556,75965.5916519776,59.9651777563015
exp006/greedy_execution,exp006 旧执行·重新规划,2025-08-13,8,49208.0932470512,48558.8413046232,649.251942428008,77364.5914968572,96.3424513292194
exp006/greedy_execution,exp006 旧执行·重新规划,2025-08-14,8,48130.0889027063,46911.3339702389,1218.75493246737,75075.9619808331,201.63477467019
exp006/greedy_execution,exp006 旧执行·重新规划,2025-08-15,8,24090.3421071344,24090.3421071344,0,41267.2318395716,0
exp006/greedy_execution,exp006 旧执行·重新规划,2025-08-16,8,23910.8533343509,23910.8533343509,0,41028.779695161,0
exp006/greedy_execution,exp006 旧执行·重新规划,2025-08-17,8,46791.7262095984,46745.1476284807,46.5785811176559,73653.2617692856,6.92753879527163
exp006/greedy_execution,exp006 旧执行·重新规划,2025-08-18,8,47689.3658406448,47555.2636354991,134.102205145667,75488.5143281727,19.8831944763388
exp006/greedy_execution,exp006 旧执行·重新规划,2025-08-19,8,48217.622587648,48217.622587648,0,75984.1547296567,0
exp006/greedy_execution,exp006 旧执行·重新规划,2025-08-20,8,50433.8377113674,47637.0721109923,2796.76560037509,75224.9510137308,545.500829744528
exp006/greedy_execution,exp006 旧执行·重新规划,2025-08-21,8,50266.0899360878,50266.0899360878,0,79673.2202410986,0
exp006/greedy_execution,exp006 旧执行·重新规划,2025-08-22,8,23776.6560680122,23776.6560680122,0,40941.3105182192,0
exp006/greedy_execution,exp006 旧执行·重新规划,2025-08-23,8,24896.8960885212,24896.8960885212,0,42358.1072235704,0
exp006/greedy_execution,exp006 旧执行·重新规划,2025-08-24,8,48438.4023068991,48438.4023068991,0,76455.6798028165,0
exp006/greedy_execution,exp006 旧执行·重新规划,2025-08-25,8,48515.0221833936,48515.0221833936,0,76059.8494791382,0
exp006/greedy_execution,exp006 旧执行·重新规划,2025-08-26,8,50329.8268977483,50329.8268977483,0,79482.55288251,0
exp006/greedy_execution,exp006 旧执行·重新规划,2025-08-27,8,48291.6112679661,48291.6112679661,0,75726.1283612061,0
exp006/greedy_execution,exp006 旧执行·重新规划,2025-08-28,8,49468.6260860501,49295.3061232811,173.319962769017,77281.0228705439,25.7417510590158
exp006/greedy_execution,exp006 旧执行·重新规划,2025-08-29,8,25294.2584751892,25294.2584751892,0,42567.4567263583,0
exp006/greedy_execution,exp006 旧执行·重新规划,2025-08-30,8,25292.5693673126,25292.5693673126,0,42446.5731960621,0
exp006/greedy_execution,exp006 旧执行·重新规划,2025-08-31,8,47896.5239026856,47896.5239026856,0,74899.7245251596,0
exp006/greedy_execution,exp006 旧执行·重新规划,2025-09-01,9,49045.5372597349,49045.5372597349,0,76896.4843612476,0
exp006/greedy_execution,exp006 旧执行·重新规划,2025-09-02,9,46097.2557298321,46097.2557298321,0,71102.7320902306,0
exp006/greedy_execution,exp006 旧执行·重新规划,2025-09-03,9,45737.429037646,45737.429037646,0,71041.5858097111,0
exp006/greedy_execution,exp006 旧执行·重新规划,2025-09-04,9,46739.3691977943,46739.3691977943,0,72171.7304171986,0
exp006/greedy_execution,exp006 旧执行·重新规划,2025-09-05,9,24164.100886573,24164.100886573,0,39442.2873041817,0
exp006/greedy_execution,exp006 旧执行·重新规划,2025-09-06,9,22910.1934707165,22910.1934707165,0,37507.1389005217,0
exp006/greedy_execution,exp006 旧执行·重新规划,2025-09-07,9,45762.06889311,45762.06889311,0,70005.5259950151,0
exp006/greedy_execution,exp006 旧执行·重新规划,2025-09-08,9,42232.0239158614,37254.7466182545,4977.27729760691,59469.9456328191,718.029515099127
exp006/greedy_execution,exp006 旧执行·重新规划,2025-09-09,9,42505.5285603264,42505.5285603264,0,68899.6575824555,0
exp006/greedy_execution,exp006 旧执行·重新规划,2025-09-10,9,41973.1480558863,39878.7482188594,2094.39983702694,64395.683869104,420.578274815369
exp006/greedy_execution,exp006 旧执行·重新规划,2025-09-11,9,42002.5647604221,42002.5647604221,0,67727.7748505513,0
exp006/greedy_execution,exp006 旧执行·重新规划,2025-09-12,9,18385.7916467977,18385.7916467977,0,33100.9173327565,0
exp006/greedy_execution,exp006 旧执行·重新规划,2025-09-13,9,18593.5480250282,18593.5480250282,0,33398.5539783168,0
exp006/greedy_execution,exp006 旧执行·重新规划,2025-09-14,9,39863.4345353168,39863.4345353168,0,63754.481064898,0
exp006/greedy_execution,exp006 旧执行·重新规划,2025-09-15,9,42294.3364193171,42294.3364193171,0,68141.4339524881,0
exp006/greedy_execution,exp006 旧执行·重新规划,2025-09-16,9,41976.9375687229,41976.9375687229,0,67233.1622183343,0
exp006/greedy_execution,exp006 旧执行·重新规划,2025-09-17,9,41175.5709657593,41175.5709657593,0,66384.9080508642,0
exp006/greedy_execution,exp006 旧执行·重新规划,2025-09-18,9,41494.6774990955,41494.6774990955,0,66558.6338298552,0
exp006/greedy_execution,exp006 旧执行·重新规划,2025-09-19,9,18532.6873510123,18532.6873510123,0,33786.3267811578,0
exp006/greedy_execution,exp006 旧执行·重新规划,2025-09-20,9,18423.9905292732,18423.9905292732,0,33213.8946847011,0
exp006/greedy_execution,exp006 旧执行·重新规划,2025-09-21,9,43161.6944676152,43161.6944676152,0,68721.3280592353,0
exp006/greedy_execution,exp006 旧执行·重新规划,2025-09-22,9,40595.2072253108,40595.2072253108,0,65215.2377145137,0
exp006/greedy_execution,exp006 旧执行·重新规划,2025-09-23,9,43006.983173161,43006.3793535883,0.60381957267183,68773.2825816122,0.0901223242793776
exp006/greedy_execution,exp006 旧执行·重新规划,2025-09-24,9,43096.8659089139,43096.8659089139,0,68954.5451763338,0
exp006/greedy_execution,exp006 旧执行·重新规划,2025-09-25,9,42218.2325040165,42218.2325040165,0,67181.1167387769,0
exp006/greedy_execution,exp006 旧执行·重新规划,2025-09-26,9,19168.3420178547,19168.3420178547,0,34702.1076948806,0
exp006/greedy_execution,exp006 旧执行·重新规划,2025-09-27,9,18844.2057198246,18844.2057198246,0,33903.2858717325,0
exp006/greedy_execution,exp006 旧执行·重新规划,2025-09-28,9,43940.8607771828,43498.1731868768,442.68759030603,69449.7126933443,92.782656695638
exp006/greedy_execution,exp006 旧执行·重新规划,2025-09-29,9,44287.8526756914,44287.8526756914,0,70669.3268123055,0
exp006/greedy_execution,exp006 旧执行·重新规划,2025-09-30,9,44541.0405860361,44541.0405860361,0,70548.7157182799,0
exp006/greedy_execution,exp006 旧执行·重新规划,2025-10-01,10,45141.8965486793,45141.8965486793,0,71913.6202988396,0
exp006/greedy_execution,exp006 旧执行·重新规划,2025-10-02,10,39408.6099813147,39408.6099813147,0,62687.019776022,0
exp006/greedy_execution,exp006 旧执行·重新规划,2025-10-03,10,17274.1752003252,17274.1752003252,0,31305.9642533532,0
exp006/greedy_execution,exp006 旧执行·重新规划,2025-10-04,10,18133.3341686262,18133.3341686262,0,32120.0055158622,0
exp006/greedy_execution,exp006 旧执行·重新规划,2025-10-05,10,42288.6632113791,42288.6632113791,0,66828.2731487645,0
exp006/greedy_execution,exp006 旧执行·重新规划,2025-10-06,10,42473.6914679065,42473.6914679065,0,67522.7933810733,0
exp006/greedy_execution,exp006 旧执行·重新规划,2025-10-07,10,42768.2286671393,42768.2286671393,0,68099.7055776907,0
exp006/greedy_execution,exp006 旧执行·重新规划,2025-10-08,10,39810.8854742606,39810.8854742606,0,64984.4881795647,0
exp006/greedy_execution,exp006 旧执行·重新规划,2025-10-09,10,39260.1980303057,39260.1980303057,0,64854.4426656037,0
exp006/greedy_execution,exp006 旧执行·重新规划,2025-10-10,10,16834.519734293,16834.519734293,0,32448.6841140837,0
exp006/greedy_execution,exp006 旧执行·重新规划,2025-10-11,10,17245.6969107526,17245.6969107526,0,32816.3402109403,0
exp006/greedy_execution,exp006 旧执行·重新规划,2025-10-12,10,41318.8536705106,41318.8536705106,0,67269.7864056304,0
exp006/greedy_execution,exp006 旧执行·重新规划,2025-10-13,10,40945.8717962141,40945.871796214,0,67215.0541584072,0
exp006/greedy_execution,exp006 旧执行·重新规划,2025-10-14,10,40538.2132479134,40538.2132479134,0,66456.586848002,0
exp006/greedy_execution,exp006 旧执行·重新规划,2025-10-15,10,41720.2164414868,41720.2164414868,0,68058.2507555877,0
exp006/greedy_execution,exp006 旧执行·重新规划,2025-10-16,10,42764.5493992619,42109.4119056688,655.137493593119,68537.1302502059,93.9130581412154
exp006/greedy_execution,exp006 旧执行·重新规划,2025-10-17,10,17963.0383237459,17963.0383237459,0,33918.3252759657,0
exp006/greedy_execution,exp006 旧执行·重新规划,2025-10-18,10,17197.021306969,17197.021306969,0,32241.9648457524,0
exp006/greedy_execution,exp006 旧执行·重新规划,2025-10-19,10,42015.4809458998,42015.4809458998,0,68322.974183063,0
exp006/greedy_execution,exp006 旧执行·重新规划,2025-10-20,10,44021.3526002113,44021.3526002113,0,71072.368470679,0
exp006/greedy_execution,exp006 旧执行·重新规划,2025-10-21,10,44667.634389213,44667.634389213,0,72069.3774323008,0
exp006/greedy_execution,exp006 旧执行·重新规划,2025-10-22,10,44411.0047026949,44411.0047026949,0,72046.8142960039,0
exp006/greedy_execution,exp006 旧执行·重新规划,2025-10-23,10,44529.6150657612,44529.6150657612,0,71702.5863663998,0
exp006/greedy_execution,exp006 旧执行·重新规划,2025-10-24,10,17290.6104080376,17290.6104080376,0,32926.9123346736,0
exp006/greedy_execution,exp006 旧执行·重新规划,2025-10-25,10,17631.278030893,17631.278030893,0,33419.2139808309,0
exp006/greedy_execution,exp006 旧执行·重新规划,2025-10-26,10,44422.7254976492,44422.7254976492,0,71694.187813154,0
exp006/greedy_execution,exp006 旧执行·重新规划,2025-10-27,10,44127.3654092408,44127.3654092408,0,71450.5080896843,0
exp006/greedy_execution,exp006 旧执行·重新规划,2025-10-28,10,44453.5584430735,44453.5584430735,0,71876.78663689,0
exp006/greedy_execution,exp006 旧执行·重新规划,2025-10-29,10,44769.6939182004,44769.6939182004,0,72072.6268683037,0
exp006/greedy_execution,exp006 旧执行·重新规划,2025-10-30,10,46448.279662446,46448.279662446,0,74993.8042585331,0
exp006/greedy_execution,exp006 旧执行·重新规划,2025-10-31,10,18594.0953309786,18594.0953309786,0,34892.8625512316,0
exp006/greedy_execution,exp006 旧执行·重新规划,2025-11-01,11,17094.1398777178,17094.1398777178,0,32029.146410177,0
exp006/greedy_execution,exp006 旧执行·重新规划,2025-11-02,11,47689.127391832,43746.9736312104,3942.15376062158,71033.667371739,800.861115235096
exp006/greedy_execution,exp006 旧执行·重新规划,2025-11-03,11,44814.0630170753,44814.0630170753,0,72521.167872965,0
exp006/greedy_execution,exp006 旧执行·重新规划,2025-11-04,11,45253.5185385328,44642.191196604,611.327341928805,72350.5272492727,94.3442739592313
exp006/greedy_execution,exp006 旧执行·重新规划,2025-11-05,11,45339.3849758036,45339.3849758036,0,73273.7340645175,0
exp006/greedy_execution,exp006 旧执行·重新规划,2025-11-06,11,52560.2043882004,44735.4225710688,7824.7818171316,72411.1105561708,1612.63944707295
exp006/greedy_execution,exp006 旧执行·重新规划,2025-11-07,11,17858.6608638245,17858.6608638245,0,33801.2985305275,0
exp006/greedy_execution,exp006 旧执行·重新规划,2025-11-08,11,17685.5024030354,17685.5024030354,0,33807.2996763508,0
exp006/greedy_execution,exp006 旧执行·重新规划,2025-11-09,11,46426.2697121419,46426.2697121419,0,74778.4337062968,0
exp006/greedy_execution,exp006 旧执行·重新规划,2025-11-10,11,50141.196578084,47149.1484803003,2992.04809778373,76243.816893408,584.654507965113
exp006/greedy_execution,exp006 旧执行·重新规划,2025-11-11,11,48305.8736736382,48305.8736736382,0,77378.7571505216,0
exp006/greedy_execution,exp006 旧执行·重新规划,2025-11-12,11,47792.1219452035,47764.7329890509,27.3889561525959,76748.4943451573,6.25390025176296
exp006/greedy_execution,exp006 旧执行·重新规划,2025-11-13,11,47687.7582934555,47687.7582934555,0,76294.4154502765,0
exp006/greedy_execution,exp006 旧执行·重新规划,2025-11-14,11,18422.0488357607,18422.0488357607,0,34359.2639718737,0
exp006/greedy_execution,exp006 旧执行·重新规划,2025-11-15,11,18240.6841250892,18240.6841250892,0,34186.1654191065,0
exp006/greedy_execution,exp006 旧执行·重新规划,2025-11-16,11,49408.4519134663,49408.4519134663,0,78981.0748307248,0
exp006/greedy_execution,exp006 旧执行·重新规划,2025-11-17,11,50430.2159522395,50430.2159522395,0,80341.4081741462,0
exp006/greedy_execution,exp006 旧执行·重新规划,2025-11-18,11,49187.6008056788,49187.6008056788,0,78265.647631735,0
exp006/greedy_execution,exp006 旧执行·重新规划,2025-11-19,11,51399.9627630809,49731.9260454909,1668.03671758998,79433.1978009599,345.860811966432
exp006/greedy_execution,exp006 旧执行·重新规划,2025-11-20,11,50289.4686839145,50289.4686839145,0,80087.4433259529,0
exp006/greedy_execution,exp006 旧执行·重新规划,2025-11-21,11,18931.8170563012,18931.8170563012,0,35283.1945882548,0
exp006/greedy_execution,exp006 旧执行·重新规划,2025-11-22,11,19078.1261315172,19078.1261315172,0,35698.8234643238,0
exp006/greedy_execution,exp006 旧执行·重新规划,2025-11-23,11,51897.5722270221,51897.5722270221,0,82285.2097950712,0
exp006/greedy_execution,exp006 旧执行·重新规划,2025-11-24,11,51210.316405723,51150.3807347197,59.9356710033695,81171.1615901785,12.7958307009756
exp006/greedy_execution,exp006 旧执行·重新规划,2025-11-25,11,51124.1945281063,51124.1945281063,0,81326.4458009905,0
exp006/greedy_execution,exp006 旧执行·重新规划,2025-11-26,11,52176.0466790574,52024.5170930825,151.52958597488,82547.7736520813,32.3504666897695
exp006/greedy_execution,exp006 旧执行·重新规划,2025-11-27,11,51471.8224331299,51471.8224331299,0,81717.3240079645,0
exp006/greedy_execution,exp006 旧执行·重新规划,2025-11-28,11,19587.4859314315,19587.4859314315,0,36298.9154579538,0
exp006/greedy_execution,exp006 旧执行·重新规划,2025-11-29,11,19884.2774383629,19884.2774383629,0,37133.4672391524,0
exp006/greedy_execution,exp006 旧执行·重新规划,2025-11-30,11,53715.2269246458,53715.2269246458,0,85253.7472552476,0
exp006/greedy_execution,exp006 旧执行·重新规划,2025-12-01,12,71498.443271759,54325.7921403645,17172.6511313945,85902.7604868648,3533.31636656986
exp006/greedy_execution,exp006 旧执行·重新规划,2025-12-02,12,65841.3875506437,57395.2209990969,8446.16655154687,89769.6814870755,1737.60675081568
exp006/greedy_execution,exp006 旧执行·重新规划,2025-12-03,12,58631.6798246723,58631.6798246723,0,91364.6350534274,0
exp006/greedy_execution,exp006 旧执行·重新规划,2025-12-04,12,61798.6280966557,58801.229214696,2997.39888195965,92274.8990692144,612.569069301897
exp006/greedy_execution,exp006 旧执行·重新规划,2025-12-05,12,24217.2889845966,24217.2889845966,0,44770.910140579,0
exp006/greedy_execution,exp006 旧执行·重新规划,2025-12-06,12,25250.0284806262,25250.0284806262,0,46637.4270371523,0
exp006/greedy_execution,exp006 旧执行·重新规划,2025-12-07,12,57531.7930656239,57141.2446509712,390.548414652655,89587.7917814496,74.9158857452205
exp006/greedy_execution,exp006 旧执行·重新规划,2025-12-08,12,62602.0368335155,62602.0368335155,0,97904.5883866187,0
exp006/greedy_execution,exp006 旧执行·重新规划,2025-12-09,12,61628.1333208651,61628.1333208651,0,95998.6167515086,0
exp006/greedy_execution,exp006 旧执行·重新规划,2025-12-10,12,61194.9908920809,61194.9908920809,0,95719.566574629,0
exp006/greedy_execution,exp006 旧执行·重新规划,2025-12-11,12,60709.7139800905,60709.7139800905,0,95167.0683914443,0
exp006/greedy_execution,exp006 旧执行·重新规划,2025-12-12,12,27303.1263522002,27303.1263522002,0,51534.2108027214,0
exp006/greedy_execution,exp006 旧执行·重新规划,2025-12-13,12,28126.1143627018,28126.1143627018,0,53197.7410584281,0
exp006/greedy_execution,exp006 旧执行·重新规划,2025-12-14,12,61654.5456950734,61654.5456950734,0,95800.1039975006,0
exp006/greedy_execution,exp006 旧执行·重新规划,2025-12-15,12,61348.0045729198,61348.0045729198,0,95634.7161064206,0
exp006/greedy_execution,exp006 旧执行·重新规划,2025-12-16,12,61313.7191611237,61313.7191611237,0,95398.1929358971,0
exp006/greedy_execution,exp006 旧执行·重新规划,2025-12-17,12,61117.7380091268,61117.7380091268,0,95825.5238094498,0
exp006/greedy_execution,exp006 旧执行·重新规划,2025-12-18,12,60587.0304956308,59753.6953278948,833.335167736047,93780.5527439816,169.394281479022
exp006/greedy_execution,exp006 旧执行·重新规划,2025-12-19,12,27573.1151627744,27573.1151627744,0,51624.2644769209,0
exp006/greedy_execution,exp006 旧执行·重新规划,2025-12-20,12,27851.0910604108,27851.0910604108,0,52282.3333631017,0
exp006/greedy_execution,exp006 旧执行·重新规划,2025-12-21,12,61836.499637613,61836.499637613,0,96193.3242043922,0
exp006/greedy_execution,exp006 旧执行·重新规划,2025-12-22,12,62070.6915225768,62070.6915225768,0,96853.2348066553,0
exp006/greedy_execution,exp006 旧执行·重新规划,2025-12-23,12,61675.144687015,61675.144687015,0,96010.5771207881,0
exp006/greedy_execution,exp006 旧执行·重新规划,2025-12-24,12,60243.7476460722,60243.7476460722,0,94586.1707012194,0
exp006/greedy_execution,exp006 旧执行·重新规划,2025-12-25,12,60657.6681680859,60576.2970234306,81.3711446553103,94826.9494696801,17.3721487308519
exp006/greedy_execution,exp006 旧执行·重新规划,2025-12-26,12,27352.5938309503,27352.5938309503,0,51232.8088084395,0
exp006/greedy_execution,exp006 旧执行·重新规划,2025-12-27,12,27585.3929888058,27585.3929888058,0,51676.6431024747,0
exp006/greedy_execution,exp006 旧执行·重新规划,2025-12-28,12,61636.9797634043,61569.2368046434,67.7429587608828,95887.1703199741,11.6627285462482
exp006/greedy_execution,exp006 旧执行·重新规划,2025-12-29,12,61232.6492037719,61232.6492037719,0,95435.826532269,0
exp006/greedy_execution,exp006 旧执行·重新规划,2025-12-30,12,60461.490256758,60461.490256758,0,94710.1690693227,0
exp006/greedy_execution,exp006 旧执行·重新规划,2025-12-31,12,59957.8189377712,59957.8189377712,0,93945.1884531254,0
