run_id,day,date,month,scenario,forecast,seed,planned_kwh,final_kwh,emergency_kwh,emergency_minutes,surplus_kwh,up_cost,down_cost,total_cost,planned_cost,emergency_cost,simultaneous_slots,throughput_kwh,direction_reversals,equivalent_full_cycles,initial_soc,final_soc,final_mode,max_balance_error,max_state_error,risk_seconds,planning_seconds,execution_seconds,compute_seconds,charge_kwh,discharge_kwh,direction_reversals_including_warmup_boundary,charging_slots,discharging_slots,active_slots,power_changes_count,power_ramp_total_kw,power_ramp_total_kw_including_warmup_boundary,power_ramp_max_kw_per_10min,power_ramp_p95_kw_per_10min,mean_absolute_power_kw,max_charge_kw,max_discharge_kw,initial_mode,initial_power_kw,final_power_kw
primary_grid25,31,2025-02-01,2,2,no_season,42,65581.22141188884,65581.22141188884,0.0,0,26132.558609199332,0.0,0.0,38290.9275315594,38290.9275315594,0.0,0,28101.235162884233,7,1.1613749778074096,1421.7991105135516,5018.258302696431,-1,0.0,9.094947017729282e-13,0.005190000054426491,0.10977724997792393,0.00029920798260718584,0.1152664580149576,16585.861016120198,11515.374146764038,7,22,32,54,51,87452.32354954019,92201.3381254325,6984.004439106335,4854.096208358465,1170.8847984535098,4921.774575892316,3276.048145916303,1,172.75999999999976,0.0
primary_grid25,32,2025-02-02,2,2,no_season,42,94712.37338446968,94712.37338446968,13.343349941686029,10,17453.208966081886,0.0,0.0,60905.19736959721,60876.12888174926,29.068487847963013,0,35577.676124643025,9,1.4868406250124169,5018.258302696431,2057.8757550218106,-1,0.0,7.958078640513122e-13,0.0049545420333743095,0.1072285840054974,0.00030083395540714264,0.11248395999427885,17246.95297148626,18330.723153156774,10,23,38,61,63,104317.15197190744,109261.32058271782,7278.459957351952,4832.474286071589,1482.4031718601263,4944.168610810374,4561.840101958959,-1,0.0,0.0
primary_grid25,33,2025-02-03,2,2,no_season,42,83121.91428713806,83121.91428713806,1203.5539427615658,380,2490.5997223368186,0.0,0.0,57044.869383451354,51891.42222825452,5153.447155196828,0,42766.415241950686,9,1.7808540954779564,2057.8757550218106,1424.0853677045375,-1,0.0,8.242295734817162e-13,0.0008865420240908861,0.10290870897006243,0.0002835000632330775,0.1040787510573864,22192.183624756755,20574.23161719394,10,31,45,76,78,122989.29506386335,127841.01478879948,7159.856804071839,4901.530373260988,1781.9339684146123,4901.530373260988,4907.906648290891,-1,0.0,0.0
primary_grid25,34,2025-02-04,2,2,no_season,42,88081.15942549845,88081.15942549845,593.2836673041655,220,4875.599857217809,0.0,0.0,57500.887912842634,54896.54635460875,2604.3415582338907,0,45948.087881857915,9,1.9114424440044828,1424.0853677045375,1610.0019191765678,-1,0.0,9.094947017729282e-13,0.001002624980174005,0.10792341595515609,0.00027666694950312376,0.10920270788483322,24276.033583721357,21672.054298136558,10,32,45,77,76,119748.98867003972,124656.30368585113,6861.95258208808,4895.144525720577,1914.5036617440799,4907.315015811408,4896.6279568569125,-1,0.0,0.0
primary_grid25,35,2025-02-05,2,2,no_season,42,88815.5293251524,88815.5293251524,457.4358321265096,310,6579.844123201102,0.0,0.0,57981.70533110885,55718.34409649823,2263.361234610619,0,43579.59590141696,9,1.8140661153149846,1610.0019191765678,1260.5486848413002,-1,0.0,9.094947017729282e-13,0.001131707918830216,0.10118454194162041,0.00027537497226148844,0.10259162483271211,22762.14497608071,20817.45092533624,10,31,42,73,76,120440.76742441976,125325.37548431354,6900.9720820588245,4901.530373260988,1815.816495892373,4901.530373260988,4980.587314765197,-1,0.0,0.0
primary_grid25,36,2025-02-06,2,2,no_season,42,87276.3467780692,87276.3467780692,393.1068979257038,220,4740.964467589391,0.0,0.0,56253.5413088116,54547.19545860781,1706.3458502037847,0,43417.871315791905,9,1.8057530471840262,1260.5486848413002,1633.3462528906923,-1,0.0,9.094947017729282e-13,0.0012760000536218286,0.10296883306000382,0.00032191607169806957,0.10456674918532372,23037.651653765377,20380.219662026528,10,31,45,76,72,110491.19089154703,115350.46569623414,7224.577073260988,4901.530373260988,1809.0779714913292,4992.928515433807,4980.587314765197,-1,0.0,0.0
primary_grid25,37,2025-02-07,2,2,no_season,42,41380.85817951398,41380.85817951398,449.8442775740615,190,8094.13237545214,0.0,0.0,23412.017145519356,21539.880717075117,1872.1364284442366,0,34243.7900342249,5,1.424564625448822,1633.3462528906923,1762.1103965839134,-1,0.0,9.094947017729282e-13,0.0015274171018972993,0.10222599992994219,0.00028112507425248623,0.10403454210609198,18087.340224597072,16156.449809627831,6,37,42,79,77,77580.40250442555,82429.14653956184,7881.640198840184,4016.0926284138473,1426.8245847593707,4901.530373260988,3216.2246999999998,-1,0.0,0.0
primary_grid25,38,2025-02-08,2,2,no_season,42,37139.43613607694,37139.43613607694,449.87099717439446,290,4470.546347809836,0.0,0.0,20988.58837223485,19395.902072220644,1592.6863000142093,0,32700.415311535216,5,1.3610229877820663,1762.1103965839134,1582.3848753366794,-1,0.0,7.958078640513122e-13,0.0017958329990506172,0.1007895419606939,0.0002809589495882392,0.10286633390933275,17121.006690155024,15579.408621380193,6,39,39,78,80,66796.37491894385,71779.42630206708,7889.882762120106,4551.871029189,1362.5173046473008,4983.051383123229,3030.45,-1,0.0,0.0
primary_grid25,39,2025-02-09,2,2,no_season,42,81698.3540363696,81698.3540363696,1440.4734135237932,490,1374.4724852149352,0.0,0.0,56669.423286101664,50503.53214023559,6165.8911458660705,0,46019.86957102439,9,1.9153050176749022,1582.3848753366794,1368.9296254591416,-1,0.0,9.094947017729282e-13,0.0017353750299662352,0.1021122500533238,0.0002861670218408108,0.10413379210513085,24114.40428451809,21905.465286506296,10,32,48,80,77,115542.63791021545,120397.46223087581,6838.982173260989,4814.247371644638,1917.4945654593494,4901.530373260988,4980.587314765197,-1,0.0,0.0
primary_grid25,40,2025-02-10,2,2,no_season,42,84504.1693688843,84504.1693688843,570.2467774619579,250,8537.06179578606,0.0,0.0,54533.514980147476,52647.549520579356,1885.9654595681309,0,39479.529933323895,9,1.6424087326763328,1368.9296254591416,1501.9607776451794,-1,0.0,9.094947017729282e-13,0.0018768749432638288,0.10465091606602073,0.00028149993158876896,0.10680929094087332,20845.123350275368,18634.40658304852,10,27,41,68,66,120685.57536118152,125625.49815404133,6759.613107558551,4901.150159226772,1644.9804138884954,4939.922792859811,4980.587314765197,-1,0.0,0.0
primary_grid25,41,2025-02-11,2,2,no_season,42,82009.1693024806,82009.1693024806,583.4824094511328,330,5168.507246715566,0.0,0.0,53366.57929400671,50481.56083410627,2885.018459900447,0,44025.53848719257,9,1.832104396779844,1501.9607776451794,1388.216855629605,-1,0.0,9.094947017729282e-13,0.0021632499992847443,0.10350462491624057,0.00028262496925890446,0.10595049988478422,23114.542909537697,20910.995577654867,10,30,44,74,68,115221.04868819664,120110.1780147698,7241.981862680641,4901.530373260988,1834.3974369663572,4901.530373260988,4980.587314765197,-1,0.0,0.0
primary_grid25,42,2025-02-12,2,2,no_season,42,82825.56175116214,82825.56175116214,588.7341706329125,270,5773.223120878552,0.0,0.0,53680.026547304944,51179.007069838575,2501.019477466371,0,42267.953381206375,9,1.7583949846170168,1388.216855629605,1538.1321808344874,-1,0.0,8.810729923425242e-13,0.0021934169344604015,0.10123895900323987,0.0003129589604213834,0.10374533489812165,22321.145024394766,19946.808356811605,10,30,44,74,67,115453.55426161402,120429.60778329308,6883.937462948283,4901.530373260988,1761.164724216932,4976.053521679065,4975.248158151719,-1,0.0,0.0
primary_grid25,43,2025-02-13,2,2,no_season,42,82129.66822699565,82129.66822699565,401.1467623089824,290,9240.996835466727,0.0,0.0,52508.59475274702,50787.53893787692,1721.0558148700989,0,39220.93893057095,9,1.6321689890060085,1538.1321808344874,1434.0671399312246,-1,0.0,9.094947017729282e-13,0.0022775830002501607,0.10049458302091807,0.00028245802968740463,0.10305462405085564,20590.639033871095,18630.29989669985,10,27,40,67,70,114961.30454629762,119937.89359840265,6979.823436210734,4824.4512545041325,1634.2057887737897,4976.589052105026,4980.587314765197,-1,0.0,0.0
primary_grid25,44,2025-02-14,2,2,no_season,42,35301.11312531056,35301.11312531056,462.89525023682717,230,4247.683271892049,0.0,0.0,20025.94595090399,18294.40786777978,1731.538083124213,0,32362.85388334655,5,1.3465586587146683,1434.0671399312246,1445.2978936440873,-1,0.0,6.821210263296962e-13,0.0024370000464841723,0.1047733339946717,0.00031354196835309267,0.10752387600950897,17038.688585167612,15324.165298178936,6,47,38,85,86,66439.73175202473,71136.97533734674,7821.263376271312,3403.2873234709623,1348.4522451394396,4901.530373260988,3214.0725,-1,0.0,0.0
primary_grid25,45,2025-02-15,2,2,no_season,42,38132.819979118125,38132.819979118125,478.0898654799092,230,7284.539662804053,0.0,0.0,21488.432366859008,19752.339709010932,1736.0926578480758,0,31731.198555464973,5,1.3194746135396802,1445.2978936440873,1822.0360534340643,-1,0.0,9.094947017729282e-13,0.002839375054463744,0.10597591707482934,0.00031516700983047485,0.10913045913912356,16888.738818629477,14842.459736835495,6,41,37,78,77,72494.23769778319,77357.49834074297,7935.764860308887,3130.6548835666977,1322.1332731443738,4901.530373260988,3130.6548835666954,-1,0.0,0.0
primary_grid25,46,2025-02-16,2,2,no_season,42,79802.33266949102,79802.33266949102,888.0746347494071,400,3450.3406603432913,0.0,0.0,52990.499990927055,49141.22261927565,3849.2773716514093,0,42764.77254351131,9,1.7802481090736737,1822.0360534340643,1433.4074550062185,-1,0.0,9.094947017729282e-13,0.0030989160295575857,0.1047960000578314,0.0002924579894170165,0.10818737407680601,22313.73004370423,20451.04249980708,10,31,44,75,67,112792.74270616635,117615.40864322074,7025.432357034901,4901.530373260988,1781.8655226463047,4901.530373260988,4980.587314765197,-1,0.0,0.0
primary_grid25,47,2025-02-17,2,2,no_season,42,80809.44380201801,80809.44380201801,297.4081395774184,250,7959.7857149760175,0.0,0.0,50903.07974852412,49719.601337700384,1183.4784108237277,0,38058.2084220381,9,1.5836483542520536,1433.4074550062185,1393.4915903287106,-1,0.0,9.094947017729282e-13,0.002957708085887134,0.10297012503724545,0.00031587493140250444,0.10624370805453509,20010.70574099542,18047.502681042683,10,26,39,65,64,109726.2547473372,114574.61170630812,6909.576687467909,4901.530373260988,1585.7586842515875,4901.530373260988,4973.78184713171,-1,0.0,0.0
primary_grid25,48,2025-02-18,2,2,no_season,42,78820.48203565237,78820.48203565237,415.72983064732455,200,4928.414058165839,0.0,0.0,50317.82890179781,48305.21323387114,2012.615667926666,0,41667.04221773797,9,1.7336690796744898,1393.4915903287106,1416.931881434595,-1,0.0,9.094947017729282e-13,0.003609459032304585,0.10231854196172208,0.00028250005561858416,0.10621050104964525,21941.726121269254,19725.316096468723,10,29,44,73,72,110410.21604981483,115352.9092200893,7338.776831667006,4900.83849183397,1736.1267590724156,4942.693170274473,4980.587314765197,-1,0.0,0.0
primary_grid25,49,2025-02-19,2,2,no_season,42,78904.97051658778,78904.97051658778,792.6038365581334,370,4551.8197550286095,0.0,0.0,51650.12161184935,48409.145276372554,3240.976335476792,0,43419.51083998223,9,1.8066801122221308,1416.931881434595,1398.0955764305409,-1,0.0,9.094947017729282e-13,0.003443332971073687,0.10234991693869233,0.00028741604182869196,0.10608066595159471,22842.969027383107,20576.541812599124,10,30,44,74,68,111797.27298564238,116749.83062110131,7671.514568255137,4901.530373260988,1809.1462849992597,4952.557635458928,4980.587314765197,-1,0.0,0.0
primary_grid25,50,2025-02-20,2,2,no_season,42,78661.05242105277,78661.05242105277,459.317261224302,290,5848.038988549825,0.0,0.0,50506.63339638647,48505.0341294563,2001.5992669301686,0,40310.68914631278,9,1.6769380483910996,1398.0955764305409,1555.89603035041,-1,0.0,7.958078640513122e-13,0.0037597919581457973,0.10172766598407179,0.00028254196513444185,0.10576999990735203,21294.943053353345,19015.746092959438,10,29,39,68,70,104215.94636550479,109129.52137098418,6906.014644487667,4894.682989521838,1679.6120477630325,4913.575005479385,4980.587314765197,-1,0.0,0.0
primary_grid25,51,2025-02-21,2,2,no_season,42,35906.57520342768,35906.57520342768,227.34608608865307,200,8540.228084102067,0.0,0.0,19322.438370369386,18523.649500814947,798.7888695544398,0,31223.678541911024,5,1.2983268106506634,1555.89603035041,1946.5171018321669,-1,0.0,6.252776074688882e-13,0.003805709071457386,0.10024383303243667,0.00028775003738701344,0.10433729214128107,16628.554856995983,14595.123684915045,6,45,37,82,84,68188.08852236153,73052.32912550097,8041.1980775544,2846.0498941515416,1300.9866059129595,4901.530373260988,3139.6677042934116,-1,0.0,0.0
primary_grid25,52,2025-02-22,2,2,no_season,42,34988.344667517944,34988.344667517944,282.3781673181858,170,6022.509291200105,0.0,0.0,19128.24870921046,18166.894911826905,961.3537973835573,0,30472.05634089088,5,1.2683492061301482,1946.5171018321669,1745.8972636331707,-1,0.0,9.094947017729282e-13,0.003535291994921863,0.1022884170524776,0.0002998750424012542,0.10612358408980072,15937.753500596787,14534.30284029409,6,40,37,77,71,56443.3451247154,61366.90328011395,7886.440913207914,2693.869999157551,1269.669014203787,4923.5581553985485,3181.83,-1,0.0,0.0
primary_grid25,53,2025-02-23,2,2,no_season,42,78851.61854029511,78851.61854029511,333.94065374745685,230,5873.276056288207,0.0,0.0,49612.78504515527,48544.05175985796,1068.7332852973104,0,40850.99775234554,9,1.7005774596385885,1745.8972636331707,1375.7611954227698,-1,0.0,9.094947017729282e-13,0.0036402500700205564,0.102051040972583,0.0002817499917000532,0.1059730410343036,21315.713603383294,19535.28414896225,10,28,42,70,69,110921.90029786705,115849.3786542448,6878.949554527472,4861.526987100831,1702.1249063477308,4927.478356377757,4980.587314765197,-1,0.0,0.0
primary_grid25,54,2025-02-24,2,2,no_season,42,77965.97151200044,77965.97151200044,386.7690107085475,240,7966.222159464042,0.0,0.0,49375.2936445592,47584.925174430726,1790.3684701284756,0,39143.13531409082,9,1.6284326386568246,1375.7611954227698,1499.2520840950733,-1,0.0,9.094947017729282e-13,0.004051500000059605,0.10310000006575137,0.00028725003357976675,0.10743875009939075,20663.310030334553,18479.825283756265,10,27,39,66,62,108442.74841193078,113339.46456263088,7060.356597301166,4894.470177266994,1630.9639714204507,4901.530373260988,4980.587314765197,-1,0.0,0.0
primary_grid25,55,2025-02-25,2,2,no_season,42,76578.17751370362,76578.17751370362,243.26799126190713,150,9064.682281354224,0.0,0.0,47757.399995831525,46829.58271759022,927.8172782413069,0,38210.70215689212,9,1.5900720470470922,1499.2520840950733,1423.4974911469126,-1,0.0,9.094947017729282e-13,0.003689749981276691,0.10195287503302097,0.000290375086478889,0.10593300010077655,20073.071073585044,18137.63108330707,10,28,36,64,58,106997.1449656038,111903.40557438046,8023.26137966698,4883.663645375313,1592.1125898705047,4906.260608776657,4980.587314765197,-1,0.0,0.0
primary_grid25,56,2025-02-26,2,2,no_season,42,73887.47168136292,73887.47168136292,578.2161532403768,270,3355.4985704439277,0.0,0.0,47469.08617198351,45062.514817806434,2406.5713541770715,0,39962.92781889728,9,1.6623924287215843,1423.4974911469126,1615.7932538263512,-1,0.0,9.094947017729282e-13,0.00447691697627306,0.10400837496854365,0.0002963750157505274,0.10878166696056724,21129.134524861656,18833.793294035626,10,30,39,69,68,107081.83251216705,111992.86558578869,7803.602490084928,4896.381514201749,1665.1219924540535,4911.033073621636,4864.658089731011,-1,0.0,0.0
primary_grid25,57,2025-02-27,2,2,no_season,42,75641.93161825079,75641.93161825079,760.2325024347899,240,7506.426158629,0.0,0.0,49871.33832652552,46152.02880928302,3719.3095172424933,0,41057.569897565794,9,1.7088480157418222,1615.7932538263512,1393.7144827997313,-1,0.0,7.958078640513122e-13,0.004282666021026671,0.10363812500145286,0.0002727500395849347,0.10819354106206447,21498.36182981119,19559.208067754607,10,28,41,69,62,110206.67730209831,115166.43625085484,7788.245457597933,4893.690856340207,1710.7320790652416,4959.758948756529,4948.564819875107,-1,0.0,0.0
primary_grid25,58,2025-02-28,2,2,no_season,42,34601.6526365578,34601.6526365578,177.31285453631284,140,9630.778166508673,0.0,0.0,18472.596274765445,17727.050754120544,745.5455206449014,0,30583.244090521555,5,1.2719955409416712,1393.7144827997313,1640.0051909952124,-1,0.0,9.094947017729282e-13,0.004433332942426205,0.10225974989589304,0.0002803750103339553,0.1069734578486532,16219.418932553495,14363.825157968062,6,40,36,76,69,58721.48564105111,63662.76911556213,7976.707143247302,2592.5956528525553,1274.3018371050648,4941.283474511016,3119.0229999999992,-1,0.0,0.0
primary_grid25,59,2025-03-01,3,2,no_season,42,33950.30395738993,33950.30395738993,221.80392707330645,130,8795.88833815221,0.0,0.0,18692.109008002615,17549.27363395819,1142.8353740444272,0,28912.170199454835,5,1.2025741829534882,1640.0051909952124,1836.0373365365413,-1,0.0,9.094947017729282e-13,0.004308208008296788,0.10552458302117884,0.0002975830575451255,0.11013037408702075,15314.811906216264,13597.358293238573,6,43,36,79,74,56485.484894715046,61324.67216952519,7764.704473260988,2552.126106190384,1204.673758310618,4901.530373260988,2863.1741,-1,0.0,0.0
primary_grid25,60,2025-03-02,3,2,no_season,42,76788.86042562216,76788.86042562216,1836.6170311581895,360,4617.509315131882,0.0,0.0,55767.092799653234,47229.75665287148,8537.336146781749,0,38533.25212195138,9,1.6041578600378512,1836.0373365365413,1457.107312572195,-1,0.0,9.094947017729282e-13,0.004665791988372803,0.10058116703294218,0.0002845419803634286,0.10553150100167841,20091.45659846659,18441.795523484787,10,28,43,71,70,105712.086428087,110701.92443884187,6997.186064849936,4876.559822002788,1605.5521717479742,4989.838010754877,4565.7185798726705,-1,0.0,0.0
primary_grid25,61,2025-03-03,3,2,no_season,42,79211.5565634675,79211.5565634675,742.0257839536092,250,5582.555568438352,0.0,0.0,51892.05875400145,48507.4471797381,3384.6115742633556,0,43424.76990925402,9,1.8067074953183564,1457.107312572195,1525.568139317762,-1,0.0,9.094947017729282e-13,0.004299250082112849,0.10185508395079523,0.0002940000267699361,0.10644833405967802,22889.32502745172,20535.444881802297,10,30,44,74,67,112439.03029346553,117295.61007518476,7827.043849383188,4900.401935827609,1809.3654128855842,4901.530373260988,4890.245998927201,-1,0.0,0.0
primary_grid25,62,2025-03-04,3,2,no_season,42,80436.92967158784,80436.92967158784,143.90395786502302,120,9345.851210018911,0.0,0.0,50021.19860068801,49588.82440333569,432.37419735232595,0,38234.00370294963,9,1.5908245041631246,1525.568139317762,1548.8088527290975,-1,0.0,9.094947017729282e-13,0.004531749989837408,0.10008895792998374,0.0002738339826464653,0.10489454190246761,20134.764094525126,18099.2396084245,10,26,39,65,63,108102.39105413866,113000.3281988548,6946.315265812493,4901.530373260988,1593.083487622901,4901.530373260988,4804.28879507006,-1,0.0,0.0
primary_grid25,63,2025-03-05,3,2,no_season,42,77704.10751847093,77704.10751847093,192.57162334004462,120,9981.01488582315,0.0,0.0,48448.13578691098,47587.79497611915,860.3408107918234,0,37008.99618107464,9,1.5402614177688914,1548.8088527290975,1385.9334421298418,-1,0.0,9.094947017729282e-13,0.004321333020925522,0.10111066699028015,0.0002768340054899454,0.10570883401669562,19397.094210197894,17611.901970876745,10,26,40,66,64,108991.08127384167,113900.14512391215,6834.241489595746,4901.530373260988,1542.0415075447766,4909.06385007048,4908.010415073114,-1,0.0,0.0
primary_grid25,64,2025-03-06,3,2,no_season,42,74381.20535233077,74381.20535233077,526.8915621097657,270,6819.358619061255,0.0,0.0,47394.95211481463,45328.3324820782,2066.6196327364332,0,37950.93445747193,9,1.5787663983141527,1385.9334421298418,1536.8091151433619,-1,0.0,7.958078640513122e-13,0.0042377919889986515,0.10370587499346584,0.0002841249806806445,0.10822779196314514,20049.50930975894,17901.425147712987,10,30,39,69,67,100535.28210020674,105525.77719688426,7366.944554536882,4729.586658334193,1581.2889357279973,4990.495096677522,4574.060975068074,-1,0.0,0.0
primary_grid25,65,2025-03-07,3,2,no_season,42,33365.24715982831,33365.24715982831,59.87175981878812,50,10739.395630699877,0.0,0.0,17486.236602480632,17305.770444175087,180.46615830554742,0,27828.98829717653,5,1.157277980644478,1536.8091151433619,1835.9779247530505,-1,0.0,8.526512829121202e-13,0.004387874971143901,0.12039245804771781,0.0003055419074371457,0.12508587492629886,14796.21302639521,13032.77527078132,6,42,34,76,69,51713.574784593024,56597.39240010558,7411.138184303143,2371.7082451262845,1159.541179049022,4901.530373260988,2739.187,-1,0.0,0.0
primary_grid25,66,2025-03-08,3,2,no_season,42,31618.4594865966,31618.4594865966,299.5034822743073,230,11406.041313729977,0.0,0.0,17520.165608748575,16635.619850130308,884.5457586182673,0,27500.795531197386,5,1.144275294560532,1835.9779247530505,1837.3516761338897,-1,0.0,8.526512829121202e-13,0.004879458108916879,0.11076725006569177,0.0003201250219717622,0.11596683319658041,14474.788834835825,13026.006696361565,6,42,35,77,79,51870.19614419078,56860.40990805702,7545.918673260989,2611.0661874250645,1145.8664804665577,4990.213763866245,2779.140360961969,-1,0.0,0.0
primary_grid25,67,2025-03-09,3,2,no_season,42,70575.62161306286,70575.62161306286,409.62501413968744,280,5875.779638205742,0.0,0.0,44430.17921968844,42872.32343149332,1557.8557881951247,0,39471.22840588714,9,1.6430171325139047,1837.3516761338897,1535.4420938360195,-1,0.0,8.313350008393172e-13,0.004943332984112203,0.10995958396233618,0.00031050003599375486,0.11521341698244214,20623.58517244197,18847.643233445167,10,30,41,71,67,102835.34935356586,107816.8747508276,7312.806016532792,4649.821120332556,1644.634516911964,4981.525397261738,4656.989844009046,-1,0.0,0.0
primary_grid25,68,2025-03-10,3,2,no_season,42,70881.16963369325,70881.16963369325,932.7995093752401,360,1739.8527071087851,0.0,0.0,47018.74261468981,42887.13607035448,4131.606544335333,0,40151.598392762986,9,1.6708428189365938,1535.4420938360195,1454.1323636711236,-1,0.0,9.094947017729282e-13,0.004592792014591396,0.10867479199077934,0.00029862497467547655,0.11356620898004621,21091.82168936135,19059.776703401636,10,33,41,74,79,111446.61527034413,116440.21792648749,7165.940825721364,4887.801103946043,1672.9832663651246,4993.602656143355,4838.28482005762,-1,0.0,0.0
primary_grid25,69,2025-03-11,3,2,no_season,42,74184.85438920051,74184.85438920051,314.19250610355886,150,8501.293707789428,0.0,0.0,46207.50209168482,44903.319053352636,1304.1830383321812,0,36405.475777925945,9,1.5144789072616422,1454.1323636711236,1597.0872143797883,-1,0.0,8.810729923425242e-13,0.004629959003068507,0.1058307079365477,0.00029858294874429703,0.1107592498883605,19232.155082720295,17173.320695205646,10,26,38,64,61,104182.05225208821,109057.44726270743,7136.947600504789,4901.530373260988,1516.8948240802476,4901.530373260988,4677.386283861681,-1,0.0,0.0
primary_grid25,70,2025-03-12,3,2,no_season,42,72006.33836441414,72006.33836441414,298.47830461064825,190,8037.074303581938,0.0,0.0,44467.455157557604,43397.80884619607,1069.646311361545,0,39074.26335053963,9,1.6263304042472773,1597.0872143797883,1372.4433633065305,-1,0.0,7.105427357601002e-13,0.004756667069159448,0.1040669159265235,0.0003009579377248883,0.10912454093340784,20453.23551632457,18621.02783421506,10,27,38,65,60,104742.22100522777,109662.17345228007,7138.030577747681,4881.501452942233,1628.0943062724846,4919.952447052298,4701.241170073432,-1,0.0,0.0
primary_grid25,71,2025-03-13,3,2,no_season,42,70804.85861455563,70804.85861455563,1769.9156647987966,300,2951.208538335528,0.0,0.0,51045.632719197005,42462.071281052944,8583.561438144054,0,39884.67694323099,9,1.6596048521277187,1372.4433633065305,1351.1680767399741,-1,0.0,9.094947017729282e-13,0.004800125025212765,0.10791029199026525,0.00032329210080206394,0.11303370911628008,20981.31233379161,18903.364609439377,10,30,38,68,61,103948.17146472167,108808.36325735862,7153.6669396767775,4652.370851796459,1661.8615393012915,4901.530373260988,4695.9823253500435,-1,0.0,0.0
primary_grid25,72,2025-03-14,3,2,no_season,42,30662.44122143036,30662.44122143036,271.31958682102845,200,13169.050937028614,0.0,0.0,16875.9739089274,15872.478222967868,1003.4956859595311,0,27317.643996508952,5,1.1360042235837124,1351.1680767399741,1649.094154125677,-1,0.0,9.094947017729282e-13,0.00463450001552701,0.10769208299461752,0.00029800005722790956,0.11262458306737244,14526.463942199196,12791.180054309754,6,47,34,81,65,61279.77817535014,66173.92098265076,7551.11551735138,2675.780817141365,1138.2351665212063,4901.530373260988,2846.049894151541,-1,0.0,0.0
primary_grid25,73,2025-03-15,3,2,no_season,42,31623.769702001417,31623.769702001417,183.90290997897574,110,9399.382611496347,0.0,0.0,17241.908494745087,16388.87329150571,853.0352032393746,0,27364.1107378235,5,1.1384944889615087,1649.094154125677,1693.1036472351925,-1,0.0,7.389644451905042e-13,0.004717582953162491,0.10913379094563425,0.00029858294874429703,0.11414995684754103,14424.137794153776,12939.972943669725,6,45,34,79,62,54374.85042057306,59282.109866177896,7521.354310112519,2671.879680028811,1140.1712807426456,4907.259445604843,2846.049894151541,-1,0.0,0.0
primary_grid25,74,2025-03-16,3,2,no_season,42,71445.58501009905,71445.58501009905,481.9256159369516,300,6665.476624256713,0.0,0.0,45266.13522414223,43231.361190249096,2034.7740338931262,0,36686.77834645579,11,1.5265407919909442,1693.1036472351925,1673.1800306415555,-1,0.0,9.094947017729282e-13,0.004717165953479707,0.10828366701025516,0.00030404108110815287,0.11330487404484302,19298.882707450863,17387.89563900492,12,27,38,65,62,104615.2209315877,109526.28464322789,7371.312392862388,4665.064786347921,1528.6157644356579,4911.06371164019,4553.679830642466,-1,0.0,0.0
primary_grid25,75,2025-03-17,3,2,no_season,42,70886.90805031339,70886.90805031339,181.97622597577072,80,11364.102684683445,0.0,0.0,43432.271664557964,42550.64265014051,881.6290144174578,0,36468.25687914721,9,1.5175643792418894,1673.1800306415555,1600.3473015942618,-1,0.0,7.958078640513122e-13,0.004548582946881652,0.10839041601866484,0.00030999991577118635,0.11324899888131768,19157.45351870979,17310.803360437418,10,30,34,64,59,97322.44850528256,102235.48937543236,6983.904034785057,4740.376841227312,1519.5107032978003,4913.040870149788,4721.930200850067,-1,0.0,0.0
primary_grid25,76,2025-03-18,3,2,no_season,42,67870.14021720865,67870.14021720865,1610.5156181363277,330,6372.079276917365,0.0,0.0,48160.38276867547,40462.0577438062,7698.325024869269,0,38767.26298059327,7,1.6131906628487516,1600.3473015942618,1542.5030589797504,-1,0.0,9.094947017729282e-13,0.0047637090319767594,0.10951670806389302,0.00030162499751895666,0.11458204209338874,20374.940586177105,18392.32239441616,8,30,39,69,63,91276.91261764336,96176.2464627586,7387.182475210475,4666.924306494454,1615.3026241913858,4901.530373260988,4695.9823253500435,-1,0.0,0.0
primary_grid25,77,2025-03-19,3,2,no_season,42,71891.25496385543,71891.25496385543,93.85061409092935,100,10351.676981272636,0.0,0.0,43687.05048466606,43285.164834786,401.88564988005703,0,37931.0450602114,9,1.5778928794297082,1542.5030589797504,1714.3285635126522,-1,0.0,6.821210263296962e-13,0.004816291038878262,0.10292683297302574,0.00027774996124207973,0.10802087397314608,20049.501603442557,17881.543456768835,10,28,36,64,60,100760.02156211308,105708.96675358994,7082.793131422033,4901.530373260988,1580.4602108421414,4948.945191476858,4838.28482005762,-1,0.0,0.0
primary_grid25,78,2025-03-20,3,2,no_season,42,70170.74856639816,70170.74856639816,553.4915075706908,260,6677.973284483855,0.0,0.0,44512.27653716193,42184.61869100726,2327.657846154676,0,38128.338656209155,9,1.586850978482617,1714.3285635126522,1544.643686627151,-1,0.0,9.094947017729282e-13,0.004337833961471915,0.10193341702688485,0.00028629100415855646,0.10655754199251533,19982.82181451375,18145.516841695404,10,28,40,68,65,99703.13580860507,104672.15827227775,7238.787965526943,4895.987962138427,1588.680777342048,4969.02246367268,4846.106262035374,-1,0.0,0.0
primary_grid25,79,2025-03-21,3,2,no_season,42,30667.038311345306,30667.038311345306,291.12379012168356,230,17438.58946167574,0.0,0.0,16958.22780267166,15958.141362730974,1000.0864399406795,0,26650.349777394258,5,1.1087089044996286,1544.643686627151,1628.2176551597158,-1,0.0,9.094947017729282e-13,0.00468512496445328,0.10096958302892745,0.0003587499959394336,0.10601345798932016,14068.228950259421,12582.120827134837,6,46,33,79,64,60375.659753243075,65311.06642674371,7740.653473260988,2661.0566510316926,1110.4312407247608,4935.406673500631,2952.2391000000002,-1,0.0,0.0
primary_grid25,80,2025-03-22,3,2,no_season,42,30611.06692398541,30611.06692398541,142.78121427155082,100,13146.44786263921,0.0,0.0,16229.272109967977,15705.778849128013,523.4932608399619,0,25903.835672216414,5,1.0770337297970103,1628.2176551597158,1991.5620212592469,-1,0.0,9.094947017729282e-13,0.004161083954386413,0.10108000005129725,0.0002802090020850301,0.10552129300776869,13815.018107250417,12088.817564965995,6,47,32,79,51,56614.67842772414,61495.858562925736,7709.782073260988,2642.4916538608295,1079.3264863423506,4901.530373260988,2808.2517,-1,0.0,0.0
primary_grid25,81,2025-03-23,3,2,no_season,42,69724.43555944336,69724.43555944336,356.6195447321534,220,9916.275062885608,0.0,0.0,43366.92513504463,41845.493253097186,1521.431881947451,0,37364.145839478864,9,1.555936599357956,1991.5620212592469,1419.2947907751654,-1,0.0,9.094947017729282e-13,0.00439670798368752,0.10244966694153845,0.00028866599313914776,0.10713504091836512,19379.602882051047,17984.542957427813,10,26,37,63,58,98688.4082209162,103643.30505751491,7063.751658745411,4901.530373260988,1556.8394099782859,4954.896836598707,4879.320781813946,-1,0.0,0.0
primary_grid25,82,2025-03-24,3,2,no_season,42,68038.30718663879,68038.30718663879,775.4712544947508,310,8592.15307522534,0.0,0.0,43402.58531395511,40371.69196202319,3030.8933519319153,0,38415.080416195626,9,1.597967856081085,1419.2947907751654,1620.8561000438085,-1,0.0,9.094947017729282e-13,0.004445499973371625,0.10633475007489324,0.00030258309561759233,0.11108283314388245,20319.104349385252,18095.97606681037,10,30,36,66,63,98270.61359770244,103208.22688231998,6932.009333160426,4864.260454638383,1600.6283506748175,4937.61328461755,4695.9823253500435,-1,0.0,0.0
primary_grid25,83,2025-03-25,3,2,no_season,42,68600.37458223608,68600.37458223608,697.288137247579,290,6466.226128630261,0.0,0.0,43917.504787614045,40968.97761040959,2948.527177204455,0,38980.57765078159,9,1.622313581467662,1620.8561000438085,1450.3222639426176,-1,0.0,7.958078640513122e-13,0.004684125073254108,0.10851729195564985,0.0003036670386791229,0.11350508406758308,20430.944762484167,18549.63288829743,10,28,39,67,66,98173.31450954039,103101.05320731625,7252.961961526566,4795.828988828606,1624.1907354492332,4927.738697775862,4801.155,-1,0.0,0.0
primary_grid25,84,2025-03-26,3,2,no_season,42,69654.92943716107,69654.92943716107,86.80058946452311,100,12264.90612753707,0.0,0.0,41867.117836347476,41543.60677539512,323.51106095235286,0,36924.829058632415,7,1.5365320117002539,1450.3222639426176,1391.0971545238008,-1,0.0,9.094947017729282e-13,0.004528959048911929,0.11020516697317362,0.0003118750173598528,0.1150460010394454,19404.54904552714,17520.28001310527,8,26,33,59,54,96626.16858131826,101525.66077844641,7209.993065183906,4742.649129169636,1538.5345441096838,4901.530373260988,4619.221225374942,-1,0.0,0.0
primary_grid25,85,2025-03-27,3,2,no_season,42,66924.0720342348,66924.0720342348,580.1221880426767,310,6563.738768258992,0.0,0.0,42075.38194351716,39938.835763332274,2136.546180184884,0,37645.99318633612,9,1.5658773365842136,1391.0971545238008,1633.5311601328217,-1,0.0,8.01136934569513e-13,0.004743749974295497,0.108178292051889,0.0003541249316185713,0.11327616695780307,19934.729620177306,17711.263566158814,10,31,36,67,63,87504.61111075935,92462.44802274296,6998.779690065369,4324.392741874977,1568.583049430672,4957.836911983621,4495.11399287631,-1,0.0,0.0
primary_grid25,86,2025-03-28,3,2,no_season,42,30354.30557172178,30354.30557172178,226.08010876648524,110,18007.487415042542,0.0,0.0,16446.753801085302,15615.425123585828,831.3286774994722,0,25653.19751479104,5,1.0665214800877432,1633.5311601328217,2034.9367175860682,-1,0.0,9.094947017729282e-13,0.004606875008903444,0.10775337496306747,0.00030058296397328377,0.1126608329359442,13702.107506785049,11951.090008005993,6,46,32,78,50,53003.902173998016,57851.476753052324,7627.496373260989,2213.594362117866,1068.8832297829601,4901.530373260988,2903.24,-1,0.0,0.0
primary_grid25,87,2025-03-29,3,2,no_season,42,29627.899472407018,29627.899472407018,120.89962743456823,100,20936.340374726562,0.0,0.0,15554.499907205533,15090.76535770367,463.7345495018621,0,24831.2522140631,5,1.033644349253709,2034.9367175860682,1832.9983611248304,-1,0.0,9.094947017729282e-13,0.0042964579770341516,0.10829595802351832,0.0002994160167872906,0.11289183201733977,12968.250877922399,11863.001336140704,6,42,33,75,54,53624.67521910464,58603.09342915599,7364.028214501328,2134.346107097532,1034.6355089192957,4978.418210051347,2875.9894,-1,0.0,0.0
primary_grid25,88,2025-03-30,3,2,no_season,42,64622.06605404323,64622.06605404323,530.5610533251024,240,8093.580745920514,0.0,0.0,41025.15371955484,38794.631881349094,2230.5218382057415,0,36188.899155935615,5,1.5062008810675664,1832.9983611248304,1641.4806757236938,-1,0.0,9.094947017729282e-13,0.004900583066046238,0.10894904204178602,0.00029683392494916916,0.11414645903278142,18951.162908691716,17237.736247243898,6,27,34,61,56,84406.526199978,89167.46077879143,7195.30680038623,4427.188724235732,1507.8707981639843,4901.530373260988,4569.4748,-1,0.0,0.0
primary_grid25,89,2025-03-31,3,2,no_season,42,65088.40079614107,65088.40079614107,312.108231458752,180,6721.282201884902,0.0,0.0,40052.69693405961,38763.13697298519,1289.5599610744214,0,35042.00418531124,9,1.458315619183179,1641.4806757236938,1524.8403446137759,-1,0.0,9.094947017729282e-13,0.004811374936252832,0.10658183298073709,0.0002907499438151717,0.1116839578608051,18384.920763846414,16657.083421464835,10,29,36,65,66,94251.472112152,99206.88342309037,6817.457932188869,4543.730288644546,1460.0835077213019,4955.411310938374,4776.2825,-1,0.0,0.0
primary_grid25,90,2025-04-01,4,2,no_season,42,67673.8089984366,67673.8089984366,295.8783202828729,230,5940.483844448423,0.0,0.0,41493.772627230006,40315.51958024851,1178.2530469814992,0,35578.60157509176,7,1.4805017107977523,1524.8403446137759,1472.5618665038066,-1,0.0,7.958078640513122e-13,0.004655707976780832,0.10810058400966227,0.0002948750043287873,0.11305116699077189,18699.476766348067,16879.12480874369,8,26,39,65,69,90264.01985735327,95166.55997993662,6996.604569316853,4743.416490252569,1482.44173229549,4902.540122583352,4484.490000000001,-1,0.0,0.0
primary_grid25,91,2025-04-02,4,2,no_season,42,67311.40177970391,67311.40177970391,1231.4566386020224,390,5981.114341659551,0.0,0.0,45981.88937891345,40037.10983450815,5944.779544405304,0,38662.92891687108,5,1.6085216088645435,1472.5618665038066,1564.2065672687186,-1,0.0,7.958078640513122e-13,0.00467529206071049,0.10893220896832645,0.0003002498997375369,0.11390775092877448,20394.668796758735,18268.26012011235,6,30,40,70,62,87097.4424559066,91908.43346903044,7417.913025451968,4585.30260724415,1610.9553715362954,4901.530373260988,4553.679830642466,-1,0.0,0.0
primary_grid25,92,2025-04-03,4,2,no_season,42,67877.5387070057,67877.5387070057,423.4321406516581,230,10644.469712571616,0.0,0.0,42062.76223248159,40495.288888783165,1567.473343698433,0,35771.09334980014,9,1.4885934628437556,1564.2065672687186,1474.363789740084,-1,0.0,7.389644451905042e-13,0.004713624948635697,0.10752454202156514,0.000298958970233798,0.11253712594043463,18782.032109109605,16989.06124069053,10,26,35,61,60,94060.06015807038,99029.8541937367,7073.819131235648,4716.2850844135155,1490.4622229083388,4969.794035666311,4553.679830642466,-1,0.0,0.0
primary_grid25,93,2025-04-04,4,2,no_season,42,29756.401640651722,29756.401640651722,86.14458309582807,150,21592.431988700577,0.0,0.0,15336.771083580206,15057.37270557946,279.39837800074486,0,25027.270443573958,5,1.0402550114640476,1474.363789740084,1977.1478743720095,-1,0.0,8.526512829121202e-13,0.004953457973897457,0.10898116696625948,0.00031166605185717344,0.11424629099201411,13423.291214310466,11603.979229263492,6,40,32,72,51,51246.81332571166,56152.36744595685,7388.880406140609,2637.830667827151,1042.802935148915,4905.554120245192,2988.352388859118,-1,0.0,0.0
primary_grid25,94,2025-04-05,4,2,no_season,42,28468.966742997072,28468.966742997072,292.3437031243842,180,15584.301308547065,0.0,0.0,15588.802468431211,14333.299073167975,1255.503395263237,0,23908.240652744316,5,0.9950714479282375,1977.1478743720095,1851.5394797127071,-1,0.0,4.547473508864641e-13,0.0048929579788818955,0.10915416700299829,0.0002947079483419657,0.11434183293022215,12520.567403492685,11387.673249251633,6,44,31,75,47,45688.38478747293,50576.33081044701,7383.4721482246405,1989.4082993840168,996.1766938643466,4901.530373260988,2926.2443,-1,0.0,0.0
primary_grid25,95,2025-04-06,4,2,no_season,42,66748.56737323565,66748.56737323565,295.57859551541605,170,11128.997705983298,0.0,0.0,40935.13120732964,39683.68722551441,1251.4439818152255,0,35505.2195176448,7,1.478132244409869,1851.5394797127071,1487.4110289472442,-1,0.0,9.094947017729282e-13,0.004749374929815531,0.10794954199809581,0.0003094170242547989,0.11300833395216614,18505.14575687295,17000.073760771855,8,28,35,63,58,87314.42490798689,92206.21875664033,7200.974189952289,4529.982429769808,1479.3841465685337,4901.530373260988,4411.377335934889,-1,0.0,0.0
primary_grid25,96,2025-04-07,4,2,no_season,42,65989.48244093827,65989.48244093827,132.67277062621474,120,10878.171822207534,0.0,0.0,39353.09063428159,39027.16063304668,325.93000123490265,0,34882.77004637295,7,1.4510712025220183,1487.4110289472442,1652.9693335221596,-1,0.0,9.094947017729282e-13,0.004755708039738238,0.10828733304515481,0.000290708034299314,0.11333374911919236,18442.01707619828,16440.752970174668,8,25,35,60,57,87162.71518813544,92143.8652052457,6909.576687467909,4577.836525955193,1453.448751932206,4981.150017110261,4336.965726758827,-1,0.0,0.0
primary_grid25,97,2025-04-08,4,2,no_season,42,64937.99948136723,64937.99948136723,595.7936285531894,240,9386.735787511552,0.0,0.0,41123.727721669246,38390.94872915193,2732.77899251731,0,37682.8618659397,5,1.5683590816843844,1652.9693335221596,1463.2615846751828,-1,0.0,9.094947017729282e-13,0.004633417003788054,0.10873087507206947,0.00029799994081258774,0.11366229201667011,19738.362785840953,17944.499080098747,6,29,37,66,59,83026.29153173664,87909.0421908722,7189.804364711382,4357.717602548624,1570.1192444141543,4901.530373260988,4411.377335934889,-1,0.0,0.0
primary_grid25,98,2025-04-09,4,2,no_season,42,65817.96400695089,65817.96400695089,271.43783695390806,160,4944.45421555697,0.0,0.0,40251.34027164156,39243.872694854,1007.4675767875677,0,36510.58795827605,9,1.5189705036815797,1463.2615846751828,1552.411866288766,-1,0.0,5.684341886080801e-13,0.0047807920491322875,0.10573637497145683,0.0002835000632330775,0.11080066708382219,19260.612284978608,17249.975673297442,10,27,38,65,65,91783.00318600444,96758.77381636032,7028.8370505669845,4332.914776211788,1521.274498261502,4975.770630355883,4411.377335934889,-1,0.0,0.0
primary_grid25,99,2025-04-10,4,2,no_season,42,66791.46793055063,66791.46793055063,308.1323583137197,200,10791.443435015608,0.0,0.0,41077.16979236131,39620.84330038524,1456.3264919760677,0,35997.11292775323,9,1.4979042270023346,1552.411866288766,1505.280605178506,-1,0.0,8.171241461241152e-13,0.006563500035554171,0.11697104095946997,0.00032774999272078276,0.12386229098774493,18922.315940800985,17074.796986952246,10,28,39,67,64,91324.61002647471,96210.88641796714,7124.455472190568,4894.099818515769,1499.8797053230514,4901.530373260988,4463.629974869951,-1,0.0,0.0
primary_grid25,100,2025-04-11,4,2,no_season,42,29050.072974423474,29050.072974423474,215.84438348227366,160,22250.468374895238,0.0,0.0,15513.301444077943,14763.464190006485,749.8372540714581,0,24205.63305810569,5,1.0062372549872853,1505.280605178506,1930.688350261291,-1,0.0,9.094947017729282e-13,0.004648083937354386,0.11065170797519386,0.00030587497167289257,0.11560566688422114,12952.215937224766,11253.41712088092,6,45,31,76,49,48389.50778836224,53257.64068204691,7462.975277997375,1977.5416789979938,1008.568044087737,4901.530373260988,2846.049894151541,-1,0.0,0.0
primary_grid25,101,2025-04-12,4,2,no_season,42,28202.23207820605,28202.23207820605,65.09455783022935,80,17981.29098745824,0.0,0.0,14524.265669306837,14257.055249869569,267.21041943726664,0,22757.29203761442,5,0.9467676464976006,1930.688350261291,1993.8988462104005,-1,0.0,6.252776074688882e-13,0.00462366605643183,0.1101943749235943,0.00029679201543331146,0.11511483299545944,12009.083568096226,10748.208469518195,6,43,31,74,43,41568.724358562555,45327.481264855625,7265.5467581700605,2149.304536705045,948.2205015672675,4901.530373260988,2856.9236,-1,0.0,0.0
primary_grid25,102,2025-04-13,4,2,no_season,42,62851.7345256017,62851.7345256017,449.91187551960127,280,7436.539318298474,0.0,0.0,39172.22955865663,37193.724959408566,1978.5045992480655,0,35892.77613372502,5,1.4941190932285935,1993.8988462104005,1693.1371085919982,-1,0.0,4.547473508864641e-13,0.004437207942828536,0.10917370801325887,0.0003180410712957382,0.11392895702738315,18740.762366607258,17152.013767117758,6,26,39,65,60,82625.02808757496,87565.14554549615,6969.450407274346,4567.9100801132245,1495.532338905209,4940.117457921192,4411.377335934889,-1,0.0,0.0
primary_grid25,103,2025-04-14,4,2,no_season,42,63323.87574076689,63323.87574076689,154.23058087105505,140,9324.95578100126,0.0,0.0,38084.62505957062,37336.1635368393,748.4615227313204,0,35434.91440507621,5,1.474935173167525,1693.1371085919982,1452.9274231076627,-1,0.0,9.094947017729282e-13,0.004551333957351744,0.1077375418972224,0.00029975001234561205,0.11258862586691976,18530.01657285645,16904.897832219758,6,28,36,64,61,84751.68475126698,89696.61986089534,7042.833042503614,4411.377335934889,1476.4547668781754,4944.935109628359,4411.377335934889,-1,0.0,0.0
primary_grid25,104,2025-04-15,4,2,no_season,42,63079.12156648681,63079.12156648681,247.93668977756693,130,11304.684740893666,0.0,0.0,38091.26889391252,37068.98986560135,1022.2790283111708,0,33842.571572190165,7,1.407929277054863,1452.9274231076627,1554.8253584087688,-1,0.0,9.094947017729282e-13,0.004782709060236812,0.10925062501337379,0.0003107920056208968,0.1143441260792315,17862.75812711377,15979.813445076397,8,27,33,60,57,82306.29752097701,87189.31324484755,7096.168980516433,4425.607585405647,1410.107148841257,4901.530373260988,4411.377335934889,-1,0.0,0.0
primary_grid25,105,2025-04-16,4,2,no_season,42,62736.87386312171,62736.87386312171,161.78809148650987,120,5132.456559043449,0.0,0.0,37849.12299423109,37175.06800592512,674.0549883059582,0,36554.4547340057,7,1.5208535783308113,1554.8253584087688,1617.607149453938,-1,0.0,7.958078640513122e-13,0.004731165943667293,0.10915937495883554,0.00030979199800640345,0.11420033290050924,19270.53408978524,17283.920644220467,8,33,38,71,73,85149.93380971652,90020.9459367808,8521.313525094058,4540.95666141174,1523.1022805835714,4901.530373260988,4375.496171101771,-1,0.0,0.0
primary_grid25,106,2025-04-17,4,2,no_season,42,63890.7678437891,63890.7678437891,98.71021320932152,90,9402.294772215495,0.0,0.0,38217.98641952056,37907.59649025976,310.3899292607929,0,34376.58786744648,7,1.4305712144342626,1617.607149453938,1527.0284436781246,-1,0.0,8.810729923425242e-13,0.004827208002097905,0.10838920797687024,0.000301457941532135,0.11351787392050028,18047.7144011147,16328.873466331774,8,26,35,61,60,84758.51092138798,89706.79778690252,6858.533082598047,4385.503090000001,1432.3578278102698,4948.2868655145385,4505.26,-1,0.0,0.0
primary_grid25,107,2025-04-18,4,2,no_season,42,28483.573866651124,28483.573866651124,198.15216667608814,100,20615.603242314377,0.0,0.0,14883.108486505194,14318.547446036486,564.5610404687072,0,23334.623222029226,5,0.9698658053185201,1527.0284436781246,2011.5675592487964,-1,0.0,9.094947017729282e-13,0.004776124958880246,0.10888445796445012,0.0003124999348074198,0.11397308285813779,12523.314414854362,10811.308807174864,6,42,30,72,46,43518.74605480813,48407.44742381263,7339.647676057899,2023.8577025077645,972.275967584551,4901.530373260988,2825.0144,-1,0.0,0.0
primary_grid25,108,2025-04-19,4,2,no_season,42,26716.808019688193,26716.808019688193,269.13336143758,130,19049.631426534695,0.0,0.0,14275.617697228261,13311.6341658091,963.9835314191607,0,22665.09930876539,5,0.9431608548143282,2011.5675592487964,1970.241021554592,-1,0.0,9.094947017729282e-13,0.0045522500295192,0.10879937501158565,0.00030508299823850393,0.11365670803934336,11908.365006678237,10756.734302087156,6,47,31,78,42,46694.67993387398,47352.35775161648,7259.033773260988,2223.081195098374,944.3791378652248,4901.530373260988,2762.0769,-1,0.0,0.0
primary_grid25,109,2025-04-20,4,2,no_season,42,62072.75521727146,62072.75521727146,307.9489023337875,200,8959.267519585403,0.0,0.0,37534.5627513731,36561.21182988312,973.3509214899888,0,35141.18055866554,5,1.4630337741684483,1970.241021554592,1583.8613964106235,-1,0.0,9.094947017729282e-13,0.004680083016864955,0.10910554090514779,0.0003123750211670995,0.11409799894317985,18302.436137676024,16838.74442098952,6,27,36,63,61,83681.87509570719,88613.50389141445,6909.576687467909,4259.50284020446,1464.215856611064,4931.628795707262,4269.710582082192,-1,0.0,0.0
primary_grid25,110,2025-04-21,4,2,no_season,42,63421.970124970125,63421.970124970125,161.36634228348743,130,13413.620134683468,0.0,0.0,37854.390000727755,37336.68699072728,517.7030100004787,0,33174.649566522065,5,1.3805659580726073,1583.8613964106235,1490.5037640657388,-1,0.0,9.094947017729282e-13,0.0046410830691456795,0.10873712506145239,0.0002964999293908477,0.11367470805998892,17413.72775787944,15760.921808642626,6,27,33,60,54,82840.90696332415,87646.44763681269,7016.994583850654,4420.290291656598,1382.2770652717527,4901.530373260988,4411.377335934889,-1,0.0,0.0
primary_grid25,111,2025-04-22,4,2,no_season,42,58826.92666467,58826.92666467,627.115529898134,260,5383.348841281617,0.0,0.0,36853.80258936239,34648.738444453884,2205.064144908505,0,35048.669579472735,5,1.4581766454135605,1490.5037640657388,1563.702434220385,-1,0.0,9.094947017729282e-13,0.004757374990731478,0.10835795802995563,0.00030795903876423836,0.11342329205945134,18483.216808046294,16565.45277142644,6,32,36,68,72,89924.59570982435,94886.18555258654,8521.742673260987,4552.503716519736,1460.3612324780306,4961.589842762193,4373.085360886447,-1,0.0,0.0
primary_grid25,112,2025-04-23,4,2,no_season,42,62043.45306600025,62043.45306600025,64.62868264848908,70,8647.619509680004,0.0,0.0,36783.90623289274,36444.5264524613,339.37978043143926,0,34607.16247328896,7,1.4394414316513526,1563.702434220385,1803.1502277984102,-1,0.0,9.094947017729282e-13,0.004840707988478243,0.1092122500995174,0.0003287079744040966,0.11438166606239974,18333.85399779552,16273.30847549344,8,29,35,64,65,80676.73663065721,85582.07925483544,8459.694443399734,3907.686883203758,1441.9651030537063,4905.342624178233,4411.377335934889,-1,0.0,0.0
primary_grid25,113,2025-04-24,4,2,no_season,42,60217.73868876784,60217.73868876784,122.16806013247265,90,11729.21959140377,0.0,0.0,36088.053694298214,35403.824390202135,684.229304096081,0,33949.69646097031,5,1.4131947704591838,1803.1502277984102,1536.5350265541422,-1,0.0,9.094947017729282e-13,0.004627458052709699,0.1073293749941513,0.00030162499751895666,0.11225845804437995,17735.138459233425,16214.558001736892,6,30,34,64,59,85627.2129341927,90503.37806588245,8428.256685355182,4269.847371026007,1414.570685873763,4901.530373260988,4334.7842635757615,-1,0.0,0.0
primary_grid25,114,2025-04-25,4,2,no_season,42,26708.407359646928,26708.407359646928,105.93041804312975,100,23318.837947072054,0.0,0.0,13323.699872307443,13088.49253267917,235.2073396282712,0,22521.805532343093,5,0.9364276338983157,1536.5350265541422,1846.7489784332456,-1,0.0,7.958078640513122e-13,0.004930709023028612,0.11080499994568527,0.00033491605427116156,0.11607062502298504,12008.47385648055,10513.331675862544,6,49,30,79,46,46546.198233421674,49477.40809701841,7044.612068630528,1962.8615754593295,938.4085638476289,4901.530373260988,2941.25,-1,0.0,0.0
primary_grid25,115,2025-04-26,4,2,no_season,42,26091.411411015957,26091.411411015957,429.7006101741131,220,25299.306195683763,0.0,0.0,14368.116469807528,12683.855892907379,1684.2605769001493,0,22201.621783395854,5,0.9238225288952644,1846.7489784332456,1829.8313130348488,-1,0.0,8.526512829121202e-13,0.005142874899320304,0.11037050001323223,0.0002927090972661972,0.11580608400981873,11676.616987784415,10525.00479561144,6,47,30,77,42,50789.26115411644,51284.16406888824,7255.472373260988,2578.5744086840045,925.0675743081605,4901.530373260988,2846.049894151541,-1,0.0,0.0
primary_grid25,116,2025-04-27,4,2,no_season,42,58381.67469865261,58381.67469865261,358.09029824272164,170,8708.458296491099,0.0,0.0,36055.91531831327,34510.801331379684,1545.1139869335916,0,34953.801995610964,5,1.4552283582617267,1829.8313130348488,1447.4630777042466,-1,0.0,9.094947017729282e-13,0.004661208018660545,0.10883979208301753,0.0002932909410446882,0.11379429104272276,18205.818756340934,16747.98323927003,6,33,35,68,65,89082.09889937985,93953.07336608207,8345.906878057716,4263.99356730939,1456.4084164837902,4901.530373260988,4399.054933843609,-1,0.0,0.0
primary_grid25,117,2025-04-28,4,2,no_season,42,61793.91049591522,61793.91049591522,456.02449626571354,180,3562.2056979862805,0.0,0.0,38497.82591945532,36361.063040544366,2136.7628789109494,0,35861.688473064154,7,1.491774442374113,1447.4630777042466,1626.0152408407262,-1,0.0,9.094947017729282e-13,0.00462699995841831,0.11350070789922029,0.00030670908745378256,0.11843441694509238,18963.725225296068,16897.96324776809,8,38,41,79,79,88975.04996616644,93892.62524483031,8305.886041947344,4584.898638315453,1494.2370197110065,4917.575278663876,4331.1507267017305,-1,0.0,0.0
primary_grid25,118,2025-04-29,4,2,no_season,42,63509.16266358057,63509.16266358057,160.5718559168493,70,14809.9711097588,0.0,0.0,38058.50962109992,37267.79703807685,790.7125830230732,0,30814.371626370794,7,1.2825814131196214,1626.0152408407262,1430.484895485884,-1,0.0,9.094947017729282e-13,0.004672874929383397,0.1129403340164572,0.00030683400109410286,0.1179200429469347,16120.460659721373,14693.910966649424,8,24,33,57,56,82553.90677302811,87449.01619942846,7226.444787871194,4199.849151331314,1283.932151098783,4901.530373260988,4411.377335934889,-1,0.0,0.0
primary_grid25,119,2025-04-30,4,2,no_season,42,61178.11250061792,61178.11250061792,339.1473299136586,160,11473.913760278057,0.0,0.0,37273.16066963671,36095.75456351246,1177.4061061242426,0,32670.527873172636,5,1.3592381567722855,1430.484895485884,1497.5680427767866,-1,0.0,9.094947017729282e-13,0.004637249978259206,0.10917037504259497,0.0002989160129800439,0.11410654103383422,17228.50975504641,15442.018118126227,6,31,32,63,58,91083.59337109333,95950.43421942758,8299.189019857218,4425.744355232078,1361.2719947155265,4901.530373260988,4411.377335934889,-1,0.0,0.0
primary_grid25,120,2025-05-01,5,2,no_season,42,57474.57682792359,57474.57682792359,2866.3030914912565,610,7769.047440385306,0.0,0.0,47520.03703043861,33706.75217584564,13813.284854592963,0,35294.57654587958,5,1.4692216527622892,1497.5680427767866,1200.0,-1,0.0,9.094947017729282e-13,0.00463450001552701,0.11577520798891783,0.00030149996746331453,0.12071120797190815,18427.515112454563,16867.061433425024,6,38,35,73,66,86798.03029521223,91714.94171646812,8146.357973260989,3320.3915431767987,1470.6073560783161,4916.911421255894,4411.377335934889,-1,0.0,0.0
primary_grid25,121,2025-05-02,5,2,no_season,42,27152.308634722784,27152.308634722784,1870.0640911468186,480,13425.574786520478,0.0,0.0,22171.540356176894,13419.721386576659,8751.818969600234,0,24251.866621625966,5,1.0090278742545036,1200.0,1230.1055496522285,-1,0.0,8.526512829121202e-13,0.0049319579266011715,0.10978287493344396,0.00032587500754743814,0.11504070786759257,12779.172238820876,11472.694382805086,6,49,31,80,44,45350.19574554496,50251.72611880595,6955.679505231061,2540.551374900466,1010.4944425677485,4901.530373260988,3130.6548835666954,-1,0.0,0.0
primary_grid25,122,2025-05-03,5,2,no_season,42,28470.612991081773,28470.612991081773,1117.8449248457405,340,19296.46618747036,0.0,0.0,19926.768102214584,14444.382911587356,5482.38519062723,0,23441.222110359013,5,0.9749442572376177,1230.1055496522285,1421.4422890987337,-1,0.0,9.094947017729282e-13,0.004721625009551644,0.10815954196732491,0.00029770901892334223,0.1131788759957999,12433.021094408079,11008.20101595093,6,43,31,74,38,41492.709134778575,46361.94917682332,7073.440279166825,1734.653434017224,976.7175879316253,4901.530373260988,2988.352388859118,-1,0.0,0.0
primary_grid25,123,2025-05-04,5,2,no_season,42,59944.04006489303,59944.04006489303,1645.3154334459555,420,8373.247239414908,0.0,0.0,43772.279133736054,35311.571687957476,8460.707445778584,0,32348.94960922505,5,1.3464903648335278,1421.4422890987337,1200.0,-1,0.0,9.094947017729282e-13,0.004735292051918805,0.10777795792091638,0.0002794580068439245,0.11279270797967911,16915.1952674079,15433.75434181715,6,30,33,63,60,89518.41595013492,94384.68999527766,8163.118404484133,4421.612552494433,1347.872900384377,4901.530373260988,4411.377335934889,-1,0.0,0.0
primary_grid25,124,2025-05-05,5,2,no_season,42,58895.37405956635,58895.37405956635,2612.0756859500707,610,4559.987359111245,0.0,0.0,47016.845670664145,34653.24125251499,12363.604418149154,0,35557.656141698346,5,1.479515548221601,1200.0,1200.0,-1,0.0,9.094947017729282e-13,0.004277792060747743,0.10133162490092218,0.00029733299743384123,0.10590674995910376,18714.555864051763,16843.100277646583,6,44,36,80,70,86155.81030539732,91001.88122132739,8102.149904091644,4214.386081313194,1481.5690059040976,4901.530373260988,4553.679830642466,-1,0.0,0.0
primary_grid25,125,2025-05-06,5,2,no_season,42,62491.4552096943,62491.4552096943,1263.8026284584007,390,8996.273478558242,0.0,0.0,42382.47130662564,36793.2816520547,5589.189654570933,0,35889.137865628094,5,1.4933081436207734,1200.0,1200.0,-1,0.0,5.684341886080801e-13,0.004562582937069237,0.10076933400705457,0.0002877078950405121,0.10561962483916432,18889.019929277943,17000.11793635015,6,30,38,68,63,77483.73951310135,82385.26988636234,7011.344076547384,3836.539729184869,1495.3807444011707,4901.530373260988,4553.679830642466,-1,0.0,0.0
primary_grid25,126,2025-05-07,5,2,no_season,42,63138.79673084945,63138.79673084945,1598.6976326285496,470,7823.256970942397,0.0,0.0,45075.312270522314,37082.260327776625,7993.051942745691,0,35081.43740817639,5,1.4597006026640986,1200.0,1200.0,-1,0.0,9.094947017729282e-13,0.00456829194445163,0.10295625007711351,0.00028004206251353025,0.10780458408407867,18463.914425355993,16617.522982820396,6,28,36,64,58,74505.32016675593,79406.85054001692,7658.759570180055,4381.3356981632905,1461.7265586740161,4901.530373260988,4695.9823253500435,-1,0.0,0.0
primary_grid25,127,2025-05-08,5,2,no_season,42,64422.04305929986,64422.04305929986,420.62347521835704,140,6852.264019295293,0.0,0.0,41371.82761700053,39055.688570933744,2316.13904606679,0,35432.28286951355,7,1.4736422176410633,1200.0,1499.448157851909,-1,0.0,9.094947017729282e-13,0.004249666933901608,0.10062862501945347,0.0003011670196428895,0.10517945897299796,18798.086492368235,16634.196377145312,8,31,39,70,73,88228.52152611062,93130.05189937161,8148.118581935865,3937.2945155881494,1476.3451195630648,4901.530373260988,4896.24,-1,0.0,0.0
primary_grid25,128,2025-05-09,5,2,no_season,42,29686.374741676234,29686.374741676234,284.3050988597022,120,19631.920956949732,0.0,0.0,16652.367092287383,15655.468336756481,996.8987555309019,0,22915.07605345949,5,0.9520807085837131,1499.448157851909,2133.6435531648326,-1,0.0,9.094947017729282e-13,0.004838916938751936,0.10520983301103115,0.0003160421038046479,0.11036479205358773,12377.224543522847,10537.851509936645,6,49,30,79,45,47811.9797460851,50819.63367943875,6872.096026902864,1976.9252594633715,954.7948355608122,4901.530373260988,3270.137337297957,-1,0.0,0.0
primary_grid25,129,2025-05-10,5,2,no_season,42,30166.019151619697,30166.019151619697,96.70523226911881,110,16871.343979335586,0.0,0.0,16785.64206205718,16417.381893617166,368.2601684400104,0,21587.482422250217,5,0.8979371543647696,2133.6435531648326,2267.981581786485,-1,0.0,9.094947017729282e-13,0.0050127910217270255,0.10695150005631149,0.0002901660045608878,0.1122544570825994,11428.908771735058,10158.573650515158,6,45,29,74,45,50699.085638999204,50960.64677486078,6924.662044796825,2492.8430347694875,899.4784342604257,4901.530373260988,3308.2466766682055,-1,0.0,0.0
primary_grid25,130,2025-05-11,5,2,no_season,42,64585.001416624465,64585.001416624465,282.1115979192177,200,8491.19769819595,0.0,0.0,40432.41101681985,39108.45076619659,1323.9602506232534,0,32408.34687161947,7,1.3502634730492364,2267.981581786485,1452.9857619948693,-1,0.0,9.094947017729282e-13,0.0046938329469412565,0.1093567080097273,0.00033408403396606445,0.11438462499063462,16650.091552316935,15758.255319302534,8,26,41,67,70,84699.14027884303,89645.05902635666,7683.1339024729805,4812.030511298181,1350.347786317478,4945.918747513622,4838.28482005762,-1,0.0,0.0
primary_grid25,131,2025-05-12,5,2,no_season,42,64344.12755353174,64344.12755353174,253.49405156610646,130,10778.76632409007,0.0,0.0,39811.58931121683,38607.834284529155,1203.7550266876697,0,30674.29115516613,5,1.2757240155343135,1452.9857619948693,1726.5886472420295,-1,0.0,9.094947017729282e-13,0.004657624987885356,0.10620816599112004,0.0002804999239742756,0.11114629090297967,16280.975601420285,14393.31555374584,6,25,33,58,57,82002.15109605185,86884.79785240293,8045.357089483365,4411.377335934891,1278.0954647985884,4901.530373260988,4695.9823253500435,-1,0.0,0.0
primary_grid25,132,2025-05-13,5,2,no_season,42,61804.4903700009,61804.4903700009,303.71309781452294,100,7344.500155118746,0.0,0.0,39039.10711025198,37533.426481146824,1505.6806291051664,0,33540.36944275303,5,1.395865657020946,1726.5886472420295,1595.615061363077,-1,0.0,9.094947017729282e-13,0.004360749968327582,0.10514854197390378,0.0003012500237673521,0.10981054196599871,17587.429994391518,15952.939448361512,6,39,35,74,66,81417.56593815311,86309.0488240474,8144.826240080708,3952.847075210474,1397.515393448043,4901.530373260988,4856.070305163769,-1,0.0,0.0
primary_grid25,133,2025-05-14,5,2,no_season,42,64006.26361818745,64006.26361818745,206.9256319930206,130,9175.627953936506,0.0,0.0,39390.57288550648,38698.64042361111,691.9324618953711,0,33146.957783757854,5,1.3785966706621058,1595.615061363077,1874.837852173816,-1,0.0,9.094947017729282e-13,0.004880542051978409,0.10884191701188684,0.000306583009660244,0.11402904207352549,17585.18514833424,15561.772635423613,6,27,33,60,54,87057.22049053159,91986.48365077807,8209.950074397588,4569.491218943309,1381.1232409899105,4929.263160246489,4906.736517400639,-1,0.0,0.0
primary_grid25,134,2025-05-15,5,2,no_season,42,61951.284373280825,61951.284373280825,878.0956920992754,190,8308.472193874695,0.0,0.0,40926.05341146614,37332.650894807564,3593.4025166585748,0,33191.37083673461,5,1.3810373581338469,1874.837852173816,1883.7855873602348,-1,0.0,7.958078640513122e-13,0.004698500037193298,0.10956675000488758,0.00030275003518909216,0.11456800007726997,17473.61021245334,15717.760624281267,6,30,34,64,60,88258.43687109351,93160.99275725127,7930.969269237103,4431.150845821891,1382.973784863942,4902.555886157762,4695.9823253500435,-1,0.0,0.0
primary_grid25,135,2025-05-16,5,2,no_season,42,29502.070543539652,29502.070543539652,238.59275587948605,90,25435.320580041545,0.0,0.0,16450.392207347686,15862.508672733036,587.8835346146512,0,20762.703402283718,5,0.8628220320046369,1883.7855873602348,2381.537795708606,-1,0.0,9.094947017729282e-13,0.0047857919707894325,0.10916079103481025,0.0002929999027401209,0.1142395829083398,11176.269794163989,9586.433608119729,6,40,28,68,43,52473.84089848924,52473.84089848924,6613.39529165086,2402.9772338508988,865.1126417618216,4901.530373260988,3290.522317925086,-1,0.0,0.0
primary_grid25,136,2025-05-17,5,2,no_season,42,28874.381055141304,28874.381055141304,191.43940384343574,150,17990.016552268447,0.0,0.0,16057.632515087515,15474.74321718206,582.8892979054556,0,20706.88945520785,5,0.8626076259958456,2381.537795708606,1918.0639562828296,-1,0.0,9.094947017729282e-13,0.00481112499255687,0.10901437501888722,0.0002960419515147805,0.11412154196295887,10666.947139295406,10039.942315912444,6,46,26,72,43,44012.983262499474,44012.983262499474,6800.80067986578,1598.4566878887968,862.7870606336604,4901.530373260988,3530.2022816948656,-1,0.0,0.0
primary_grid25,137,2025-05-18,5,2,no_season,42,63468.189299706966,63468.189299706966,644.6340186090858,210,8741.052919807174,0.0,0.0,41256.03087829989,38640.76207859547,2615.26879970442,0,32918.66173593385,5,1.3697910127252617,1918.0639562828296,1881.0538146629508,-1,0.0,8.810729923425242e-13,0.00465487502515316,0.10896504099946469,0.00029404100496321917,0.11391395702958107,17307.13201722136,15611.529718712489,6,31,33,64,66,90576.4467335474,95521.8444990019,8121.52303061877,4814.755035550728,1371.6109056639104,4945.397765454507,4876.663839917853,-1,0.0,0.0
primary_grid25,138,2025-05-19,5,2,no_season,42,62652.740686821104,62652.740686821104,230.08036898865163,90,13928.993424221713,0.0,0.0,38968.39226134207,37652.507099104085,1315.8851622379875,0,32072.85907303553,5,1.335064681568343,1881.0538146629508,1631.2734858323743,-1,0.0,9.094947017729282e-13,0.004703208105638623,0.10814533289521933,0.00030858302488923073,0.11315712402574718,16755.735077311787,15317.123995723741,6,31,33,64,59,89325.6277620668,94188.87044959288,8080.760978369661,4569.491218943309,1336.3691280431472,4901.530373260988,4980.587314765197,-1,0.0,0.0
primary_grid25,139,2025-05-20,5,2,no_season,42,62082.38659400008,62082.38659400008,498.2635601408482,110,6499.771175090982,0.0,0.0,39317.82722677935,37431.965369956204,1885.8618568231468,0,32707.276942083045,5,1.3612831836922026,1631.2734858323743,1463.0889155253876,-1,0.0,9.094947017729282e-13,0.00490924995392561,0.10442916699685156,0.00028487504459917545,0.10962329199537635,17130.38055223316,15576.896389849884,6,28,32,60,58,86849.6010069229,91711.45437198569,8061.125138593121,4594.9011659941625,1362.803205920127,4901.530373260988,4896.218307369933,-1,0.0,0.0
primary_grid25,140,2025-05-21,5,2,no_season,42,64188.363916344475,64188.363916344475,205.4366642002883,120,10993.468911073174,0.0,0.0,39565.072919700346,38816.414832697956,748.6580870023868,0,31145.230631032526,7,1.2950442005938692,1463.0889155253876,1862.13571655757,-1,0.0,7.958078640513122e-13,0.004453458008356392,0.10861679189838469,0.0002977079711854458,0.11336795787792653,16591.473508585394,14553.757122447136,8,30,35,65,63,87785.9165365778,92762.77922252368,7997.25970663509,4110.960958218893,1297.7179429596886,4976.862685945878,4837.76986273822,-1,0.0,0.0
primary_grid25,141,2025-05-22,5,2,no_season,42,62174.700181101885,62174.700181101885,107.54085052676191,100,9872.235391914533,0.0,0.0,38226.77436354986,37799.32852874155,427.44583480831545,0,31827.426032468466,5,1.3244842462030535,1862.13571655757,1780.2693867845624,-1,0.0,7.958078640513122e-13,0.004763167002238333,0.10860416700597852,0.000294207944534719,0.11366154195275158,16710.40042775796,15117.02560471051,6,28,33,61,57,86708.11496262027,91691.00620816939,7927.813972028544,4545.543743413654,1326.142751352853,4982.891245549128,4980.587314765197,-1,0.0,0.0
primary_grid25,142,2025-05-23,5,2,no_season,42,29742.79027636348,29742.79027636348,57.79387491954836,60,21674.319914402236,0.0,0.0,16386.73376509174,16210.021311328946,176.712453762791,0,20915.917315711184,5,0.8689612101892926,1780.2693867845624,2385.5859568818596,-1,0.0,9.094947017729282e-13,0.004708459018729627,0.10979262494947761,0.00032599992118775845,0.114827083889395,11310.616334629325,9605.30098108186,6,49,26,75,40,42903.45041369079,42903.45041369079,6728.78412499759,1581.13883008419,871.4965548212994,4901.530373260988,3284.1208897148417,-1,0.0,0.0
primary_grid25,143,2025-05-24,5,2,no_season,42,29645.26193860451,29645.26193860451,13.65270579506631,30,24525.562844341053,0.0,0.0,16336.798048901946,16307.115666676285,29.68238222566195,0,20246.931503420914,6,0.8417650392741635,2385.5859568818596,2699.243129227312,-1,0.0,9.094947017729282e-13,0.0051290420815348625,0.1085463750641793,0.0002982920268550515,0.11397370917256922,10812.890960073051,9434.040543347863,6,45,25,70,37,39495.48695054521,39495.48695054521,6640.316087618392,1581.1388300841895,843.6221459758714,4901.530373260988,3305.290973814898,-1,0.0,0.0
primary_grid25,144,2025-05-25,5,2,no_season,42,61975.0066965879,61975.0066965879,194.98778668984608,90,12883.186597484626,0.0,0.0,38180.90462523166,37296.84560741136,884.0590178203039,0,30009.10199864744,5,1.2504856763096188,2699.243129227312,1860.4518442634158,-1,0.0,9.094947017729282e-13,0.004628916969522834,0.10973516595549881,0.00035258405841886997,0.11471666698344052,15375.44985055361,14633.652148093826,6,27,33,60,56,90532.26868234278,95438.58592667598,8176.874199121029,4763.466418223362,1250.3792499436431,4906.3172443332005,4783.26239722105,-1,0.0,0.0
primary_grid25,145,2025-05-26,5,2,no_season,42,61539.83188314765,61539.83188314765,630.339592094748,190,5846.697669513669,0.0,0.0,39655.222031008205,37046.59793044758,2608.6241005606275,0,32901.362071038864,5,1.368963698982891,1860.4518442634158,1872.4587062095918,-1,0.0,8.810729923425242e-13,0.004810167010873556,0.10812812496442348,0.00031591602601110935,0.11325420800130814,17322.50146338379,15578.860607655071,6,42,34,76,68,89873.64935390544,94867.19034293132,7977.6184027072795,4569.491218943309,1370.8900862932858,4993.54098902589,4777.5443,-1,0.0,0.0
primary_grid25,146,2025-05-27,5,2,no_season,42,63541.897595048154,63541.897595048154,140.88389207679728,120,13027.810145469437,0.0,0.0,38611.657394226444,38111.292603021444,500.36479120499735,0,31508.793158106106,5,1.3119114390571343,1872.4587062095918,1478.1587126277054,-1,0.0,7.958078640513122e-13,0.0048643340123817325,0.109728500014171,0.0003036250127479434,0.11489645903930068,16386.698599880812,15122.094558225293,6,26,32,58,52,81302.79515007358,86220.39807649724,8084.297625498858,4585.30260724415,1312.8663815877544,4917.602926423653,4838.28482005762,-1,0.0,0.0
primary_grid25,147,2025-05-28,5,2,no_season,42,62419.88393065267,62419.88393065267,215.59175673974622,160,8291.044294692292,0.0,0.0,38531.977723140306,37551.91971373665,980.0580094036588,0,33369.282666671425,5,1.3877694235804399,1478.1587126277054,1792.9242359010404,-1,0.0,9.094947017729282e-13,0.00510391709394753,0.10949316702317446,0.00030504202004522085,0.11490212613716722,17719.944979685773,15649.337686985651,6,30,35,65,61,88845.48035388149,93727.0332743875,7897.805610141602,4585.30260724415,1390.3867777779758,4901.530373260988,4915.3284862388555,-1,0.0,0.0
primary_grid25,148,2025-05-29,5,2,no_season,42,62856.959558826136,62856.959558826136,236.89233524314213,150,7103.300704166417,0.0,0.0,38992.96735693536,38120.030403990924,872.936952944445,0,34489.829110060964,5,1.4349412995710444,1792.9242359010404,1858.188218129786,-1,0.0,9.094947017729282e-13,0.0046880829613655806,0.10805799998342991,0.0003157909959554672,0.11306187394075096,18185.128399981913,16304.70071007905,6,28,34,62,61,84777.5776041782,89723.85903891671,8124.808578235032,4425.356733129029,1437.076212919207,4946.28143473851,4959.541974253641,-1,0.0,0.0
primary_grid25,149,2025-05-30,5,2,no_season,42,29984.614846560038,29984.614846560038,167.73926816744105,90,21532.27609514517,0.0,0.0,16819.139948105232,16235.308304588882,583.8316435163515,0,20980.880549675723,5,0.8709722695523063,1858.188218129786,2779.052419682914,-1,0.0,6.821210263296962e-13,0.004692833055742085,0.11395608400925994,0.000302916974760592,0.11895183403976262,11502.362651295683,9478.51789838004,6,42,27,69,43,49567.13937057744,50464.03583009114,6726.2706507691,2591.5710172196823,874.2033562364884,4901.530373260988,3174.68958627942,-1,0.0,0.0
primary_grid25,150,2025-05-31,5,2,no_season,42,29227.936239371105,29227.936239371105,178.49083735940846,90,20113.080499049516,0.0,0.0,16570.56477149742,16152.859142440167,417.7056290572505,0,21068.0199885911,6,0.8770669647611158,2779.052419682914,2574.090212029231,-1,0.0,7.247535904753022e-13,0.004557584063149989,0.11621741706039757,0.00032824999652802944,0.12110325112007558,10986.092508136047,10081.927480455053,6,44,28,72,40,42016.401923897545,42016.401923897545,6590.352084432579,2356.9934376432843,877.8341661912959,4901.530373260988,3307.6821,-1,0.0,0.0
primary_grid25,151,2025-06-01,6,2,no_season,42,63284.80720315349,63284.80720315349,8590.387914549288,900,395.05577713159266,0.0,0.0,80993.03988776545,38044.9662180976,42948.07366966785,0,30922.476454188796,7,1.2896640989934494,2574.090212029231,1200.0,-1,0.0,7.958078640513122e-13,0.005396499997004867,0.12166658299975097,0.00036520801950246096,0.1274282910162583,15588.894747379989,15333.581706808807,8,25,39,64,71,85038.86003250006,89418.61868761548,8067.477345649525,4256.598074473181,1288.4365189245332,4901.530373260988,4980.587314765197,-1,0.0,0.0
primary_grid25,152,2025-06-02,6,2,no_season,42,70379.60442299083,70379.60442299083,4577.422290213476,860,4357.841590713376,0.0,0.0,61643.60338714323,42513.90371677168,19129.699670371552,0,37209.17577732779,7,1.5482334909726587,1200.0,1200.0,-1,0.0,9.094947017729282e-13,0.006118291988968849,0.11530462501104921,0.0003375830128788948,0.12176050001289696,19583.776724909363,17625.399052418426,8,27,41,68,64,86552.19457242095,90857.27935925656,6347.536097102326,4523.982571123275,1550.3823240553247,4901.530373260988,4980.587314765197,-1,0.0,0.0
primary_grid25,153,2025-06-03,6,2,no_season,42,70381.42162616191,70381.42162616191,2740.4531155781724,590,2895.0314135628387,0.0,0.0,55070.26204350849,42660.32793478483,12409.934108723664,0,38655.05340203438,7,1.608394892445645,1200.0,1200.0,-1,0.0,9.094947017729282e-13,0.0053968330612406135,0.11330795800313354,0.00042870803736150265,0.11913349910173565,20344.764948439148,18310.288453595233,8,31,41,72,68,85352.474596825,89881.12116137771,7407.4529339966475,4424.106753410649,1610.627225084766,4901.530373260988,4980.587314765197,-1,0.0,0.0
primary_grid25,154,2025-06-04,6,2,no_season,42,69908.64305699692,69908.64305699692,2800.5965752959964,660,1123.547180651533,0.0,0.0,53581.18823876694,42608.379623134344,10972.808615632592,0,35922.8596577044,9,1.4946020079883082,1200.0,1249.8238668667354,-1,0.0,9.094947017729282e-13,0.004997667041607201,0.11446449998766184,0.00031933304853737354,0.11978150007780641,18931.645646339563,16991.214011364842,10,29,40,69,74,94909.9878511084,99501.20480134532,8111.242198331894,4602.1963634304575,1496.7858190710167,4901.530373260988,4980.587314765197,-1,0.0,0.0
primary_grid25,155,2025-06-05,6,2,no_season,42,70873.65074465852,70873.65074465852,3484.3471929592397,700,1201.8570536880634,0.0,0.0,57684.1220744452,43260.3854332567,14423.73664118852,0,39074.975884813015,7,1.6259766748680715,1249.8238668667354,1200.0,-1,0.0,7.958078640513122e-13,0.005118333036080003,0.11337987496517599,0.0002945830347016454,0.11879279103595763,20540.899376038025,18534.076508774982,8,32,44,76,72,88558.4988345223,93230.46701332107,7888.339679571978,4331.9178782078225,1628.1239952005424,4901.530373260988,4980.587314765197,-1,0.0,0.0
primary_grid25,156,2025-06-06,6,2,no_season,42,31129.83823202079,31129.83823202079,5023.347434428172,660,4046.0550027006534,0.0,0.0,38520.5648984101,16392.373649620877,22128.19124878923,0,23790.57001121786,5,0.9898998430150793,1200.0,1200.0,-1,0.0,8.952838470577262e-13,0.004692583926953375,0.10526633309200406,0.0003132089041173458,0.11027212592307478,12521.352637483084,11269.217373734775,6,41,31,72,59,45694.64909111157,50228.373239986126,6795.926368677035,2051.354588004388,991.2737504674107,4763.4694686770345,3415.2598729818496,-1,0.0,0.0
primary_grid25,157,2025-06-07,6,2,no_season,42,37700.333316847085,37700.333316847085,1565.3929362692256,430,6865.8217732560715,0.0,0.0,27120.09068583176,20451.041188311545,6669.049497520216,0,24008.232967320648,5,0.9989350415128341,1200.0,1209.813706204169,-1,0.0,7.958078640513122e-13,0.005104542011395097,0.10810037492774427,0.00033137493301182985,0.1135362918721512,12640.812140257114,11367.420827063532,6,47,28,75,73,60912.670715982764,65794.68652024402,6755.580351499636,2844.11319254026,1000.3430403050269,4901.530373260988,3699.864862397004,-1,0.0,0.0
primary_grid25,158,2025-06-08,6,2,no_season,42,85740.9520911325,85740.9520911325,102.26281934784407,70,18222.584279721497,0.0,0.0,54477.0330034508,54135.89511195975,341.1378914910439,0,29910.70374436683,9,1.2426601887358446,1209.813706204169,2072.469147014562,-1,0.0,9.094947017729282e-13,0.0051073330687358975,0.11654212500434369,0.00034783396404236555,0.12199729203712195,16173.205554229502,13737.498190137327,10,22,32,54,57,100052.83443467053,105050.41136315414,9007.509683141867,4901.530373260988,1246.2793226819513,4997.576928483608,4719.937583014661,-1,0.0,0.0
primary_grid25,159,2025-06-09,6,2,no_season,42,77252.87656509878,77252.87656509878,922.6562276012365,250,5310.425845311925,0.0,0.0,52655.307423169055,48538.27210239225,4117.035320776795,0,37743.92807787433,7,1.5706028220360229,2072.469147014562,2018.2657045724197,-1,0.0,9.094947017729282e-13,0.00530091708060354,0.12054208293557167,0.0003352499334141612,0.12617824994958937,19838.161145964543,17905.76693190979,8,31,43,74,74,98968.98923664854,103886.52612962357,8871.590949937396,4836.384628664203,1572.6636699114306,4917.536892975029,4854.036423129068,-1,0.0,0.0
primary_grid25,160,2025-06-10,6,2,no_season,42,80614.35485465682,80614.35485465682,426.8788011845696,130,7274.894492238058,0.0,0.0,52917.110470236854,51103.690458357785,1813.4200118790718,0,37609.62232573045,9,1.564525736887595,2018.2657045724197,2186.9406119928403,-1,0.0,9.094947017729282e-13,0.0051102080615237355,0.11977083294186741,0.00032404193188995123,0.1252050829352811,19878.758628000218,17730.863697730227,10,27,42,69,70,107357.07768416096,112301.19948139717,8836.030617156623,4901.530373260988,1567.0675969054355,4944.12179723621,4752.130122828847,-1,0.0,0.0
primary_grid25,161,2025-06-11,6,2,no_season,42,82963.23359303386,82963.23359303386,1522.2019516562661,280,6669.36064279908,0.0,0.0,58692.99779465559,51519.40918408503,7173.58861057056,0,43148.64372915529,9,1.7965527500718108,2186.9406119928403,1646.8393668802466,-1,0.0,7.958078640513122e-13,0.005327374907210469,0.1191008749883622,0.000319667044095695,0.12474791693966836,22440.136157189834,20708.507571965456,10,30,49,79,71,109243.58622083286,114227.71141599487,8982.580894731746,4901.530373260988,1797.8601553814703,4984.125195162012,4963.207713390135,-1,0.0,0.0
primary_grid25,162,2025-06-12,6,2,no_season,42,85617.08913698203,85617.08913698203,407.93080902327233,90,11329.709626375909,0.0,0.0,55472.345423608465,53626.87234971571,1845.4730738927578,0,37719.141093253114,9,1.5688866772715497,1646.8393668802466,1904.8979706542204,-1,0.0,9.094947017729282e-13,0.0051292909774929285,0.11860491591505706,0.0003287079744040966,0.12406291486695409,19981.02998977459,17738.111103478528,10,25,42,67,67,110071.98710207266,114993.50707434681,8708.206965567486,4901.530373260988,1571.6308788855467,4921.519972274156,4881.129267975145,-1,0.0,0.0
primary_grid25,163,2025-06-13,6,2,no_season,42,43515.62250423513,43515.62250423513,19.730265690958312,20,13405.018668639761,0.0,0.0,25506.64352247756,25389.795348533735,116.84817394382814,0,22878.45083908415,5,0.9506718997418733,1904.8979706542204,2486.5956145379164,-1,0.0,9.094947017729282e-13,0.005175667000003159,0.11647508305031806,0.000297625083476305,0.12194837513379753,12331.735620185236,10546.715218898913,6,36,27,63,59,70553.16927553507,75423.72216243605,7281.779417125949,3794.0360171644456,953.2687849618396,4901.530373260988,3787.7614418259604,-1,0.0,0.0
primary_grid25,164,2025-06-14,6,2,no_season,42,45033.583049988345,45033.583049988345,0.0,0,17757.96599097218,0.0,0.0,25913.191526455455,25913.191526455455,0.0,0,21604.58729004535,5,0.899063832830082,2486.5956145379164,2431.710310829174,-1,0.0,5.684341886080801e-13,0.004919665982015431,0.11374391696881503,0.00028525001835078,0.11894883296918124,11343.430799530757,10261.156490514593,6,30,26,56,58,67313.38823942251,72299.69539007357,7117.1142628999005,3392.0752769495066,900.191137085223,4986.307150651054,3932.4897999999994,-1,0.0,0.0
primary_grid25,165,2025-06-15,6,2,no_season,42,81693.01052167716,81693.01052167716,332.9863364397262,120,9856.28944934688,0.0,0.0,52578.75487133842,50906.75980733186,1671.9950640065504,0,38252.832469451474,9,1.5926923077984956,2431.710310829174,1960.4832925751664,-1,0.0,8.810729923425242e-13,0.004649457987397909,0.11852733395062387,0.0003172500291839242,0.1234940419672057,19897.78277244408,18355.04969700739,10,27,52,79,70,99033.48128185907,103892.5719230643,8864.78961724514,4901.530373260988,1593.8680195604782,4901.530373260988,4888.4125155613,-1,0.0,0.0
primary_grid25,166,2025-06-16,6,2,no_season,42,82097.22896305415,82097.22896305415,362.83941735602275,140,7682.644873172096,0.0,0.0,53113.95166102264,51570.48955415646,1543.4621068661775,0,39205.83727254523,9,1.6312686994135561,1960.4832925751664,1980.4164909928395,-1,0.0,8.757439218243235e-13,0.005028250045143068,0.1150384999345988,0.0003067079233005643,0.12037345790304244,20644.603981558317,18561.233290986907,10,28,46,74,73,110755.58127148077,115748.92336391925,8471.563777368785,4893.641610824302,1633.5765530227177,4993.342092438492,4972.3301299795385,-1,0.0,0.0
primary_grid25,167,2025-06-17,6,2,no_season,42,83679.3496894149,83679.3496894149,783.2201450627733,120,7974.955473661397,0.0,0.0,56047.89500098268,52652.771988788794,3395.123012193884,0,39294.78779356486,9,1.6354912787720253,1980.4164909928395,1762.5709748329177,-1,0.0,9.094947017729282e-13,0.004868249990977347,0.11011750006582588,0.00031308294273912907,0.11529883299954236,20572.695468857233,18722.09232470762,10,28,46,74,72,113874.23766138712,118741.51113772178,8551.1943587146,4901.530373260988,1637.2828247318691,4901.530373260988,4980.587314765197,-1,0.0,0.0
primary_grid25,168,2025-06-18,6,2,no_season,42,84940.77887567262,84940.77887567262,62.89284822892016,80,12227.510535515337,0.0,0.0,53546.02800091816,53298.86320338996,247.164797528188,0,35734.04574135247,9,1.4869273290603324,1762.5709748329177,1729.5562552051008,-1,0.0,7.958078640513122e-13,0.004850458004511893,0.10923600010573864,0.0002975420793518424,0.11438400018960238,18790.90801486934,16943.13772648314,10,26,46,72,72,104050.94179035549,109031.08022086354,8934.250605584311,4901.530373260988,1488.9185725563532,4980.138430508057,4980.587314765197,-1,0.0,0.0
primary_grid25,169,2025-06-19,6,2,no_season,42,82010.55099183689,82010.55099183689,331.5936171853671,130,12105.267331190864,0.0,0.0,52970.31027426734,51307.86193619007,1662.4483380772733,0,37320.808524301974,9,1.5528495967713674,1729.5562552051008,1742.6944623921936,-1,0.0,4.547473508864641e-13,0.004612541990354657,0.10918341705109924,0.0002877080114558339,0.11408366705290973,19649.090801066683,17671.71772323529,10,26,42,68,64,107450.63471316107,112323.34879832383,8365.077677182297,4892.68037707114,1555.0336885125823,4901.530373260988,4980.587314765197,-1,0.0,0.0
primary_grid25,170,2025-06-20,6,2,no_season,42,39741.55294409602,39741.55294409602,0.0,0,14945.354163505917,0.0,0.0,23778.534780082977,23778.534780082977,0.0,0,21332.002178895345,5,0.884806219262841,1742.6944623921936,3017.3421004403654,-1,0.0,9.094947017729282e-13,0.004784709075465798,0.11714762495830655,0.00030499999411404133,0.12223733402788639,11863.810054742728,9468.19212415262,6,37,24,61,62,61842.74199745887,63153.85733827159,7014.034889643535,3166.935628199879,888.8334241206395,4901.530373260988,3786.1453533141375,-1,0.0,0.0
primary_grid25,171,2025-06-21,6,2,no_season,42,39017.25699324132,39017.25699324132,27.186810396100327,60,18745.332578718626,0.0,0.0,23457.13638117951,23377.846372637916,79.29000854159327,0,20607.528004159434,5,0.8577209548766296,3017.3421004403654,2896.939309783206,-1,0.0,9.094947017729282e-13,0.004818957997485995,0.1104675839887932,0.00031991605646908283,0.11560645804274827,10785.949414539115,9821.57858962032,6,43,25,68,64,52413.232329178354,52413.232329178354,7315.792779323589,2367.422354109987,858.6470001733097,4949.96318266348,3960.836761968446,-1,0.0,0.0
primary_grid25,172,2025-06-22,6,2,no_season,42,77840.87159004042,77840.87159004042,572.9676395573781,130,10091.274836706249,0.0,0.0,51743.49495096233,49094.999518072524,2648.4954328898048,0,33873.6883138045,9,1.4114625502309686,2896.939309783206,1978.0633379656379,-1,0.0,7.958078640513122e-13,0.005109291058033705,0.11753029096871614,0.0003356250235810876,0.12297520705033094,17369.45580334802,16504.23251045648,10,24,44,68,71,108497.37551102752,113418.26338888303,8581.904066345942,4901.530373260988,1411.4036797418541,4920.887877855514,4895.21949960801,-1,0.0,0.0
primary_grid25,173,2025-06-23,6,2,no_season,42,80320.93044557658,80320.93044557658,310.5434600700733,170,11745.93028932874,0.0,0.0,51227.03943672756,49998.6646368424,1228.3747998851557,0,37527.53482898607,9,1.561811393389237,1978.0633379656379,1826.978137834234,-1,0.0,9.094947017729282e-13,0.005082332994788885,0.1184686659835279,0.00032937503419816494,0.12388037401251495,19675.896222651994,17851.638606334076,10,28,42,70,64,98909.38564274806,103791.54176558049,7932.477779174842,4734.823107239502,1563.6472845410865,4901.530373260988,4980.587314765197,-1,0.0,0.0
primary_grid25,174,2025-06-24,6,2,no_season,42,80587.31495495002,80587.31495495002,1811.005747415416,270,3920.4943871421347,0.0,0.0,59215.457413912416,50512.05186036324,8703.405553549183,0,42651.448854456976,9,1.774759149141667,1826.978137834234,1791.1494468152632,-1,0.0,9.094947017729282e-13,0.005369833088479936,0.1128352910745889,0.00029808294493705034,0.11850320710800588,22430.241459840145,20221.20739461684,10,30,50,80,81,108701.79765470157,113590.81718579869,8858.922199748764,4837.652784051876,1777.1437022690407,4901.530373260988,4980.587314765197,-1,0.0,0.0
primary_grid25,175,2025-06-25,6,2,no_season,42,84123.1821260633,84123.1821260633,297.36061507905805,60,11970.310139090638,0.0,0.0,54307.89023737903,53086.44746076966,1221.442776609376,0,36371.0249661463,9,1.513142532517883,1791.1494468152632,1889.8329858855413,-1,0.0,9.094947017729282e-13,0.004741708980873227,0.10739062493667006,0.0002928330795839429,0.11242516699712723,19191.91810076568,17179.10686538062,10,25,43,68,72,112456.41912939807,117413.92531589151,8726.593498129236,4901.530373260988,1515.4593735894293,4957.506186493439,4959.058994939822,-1,0.0,0.0
primary_grid25,176,2025-06-26,6,2,no_season,42,80664.80322744345,80664.80322744345,299.8618958145896,110,11637.146500794457,0.0,0.0,51766.82792479479,50364.55568323363,1402.272241561149,0,37194.81581703786,9,1.548025754887413,1889.8329858855413,1712.0995510030727,-1,0.0,9.094947017729282e-13,0.004925417015329003,0.10895920800976455,0.00029908400028944016,0.114183709025383,19487.475303084062,17707.3405139538,10,26,44,70,65,106147.71393237868,111113.54614884921,8703.36748556948,4897.918562638876,1549.7839923765775,4965.832216470526,4980.587314765197,-1,0.0,0.0
primary_grid25,177,2025-06-27,6,2,no_season,42,38185.97147726845,38185.97147726845,1.6833032976693971,10,16526.754135515934,0.0,0.0,22182.539637182526,22178.840578185896,3.6990589966285,0,22280.011660097236,5,0.9254734246522672,1712.0995510030727,2429.716755668171,-1,0.0,7.958078640513122e-13,0.004716374911367893,0.10225604206789285,0.0002817499917000532,0.1072541669709608,12084.633219240375,10195.37844085686,6,39,25,64,67,64694.67700720903,67622.31650469881,7000.6512752104745,3044.4015773406586,928.3338191707181,4901.530373260988,3848.9300000000003,-1,0.0,0.0
primary_grid25,178,2025-06-28,6,2,no_season,42,38208.83170262512,38208.83170262512,86.53061704448056,70,15053.778817411961,0.0,0.0,22578.57709260413,22309.711433738226,268.865658865901,0,21182.683592261856,5,0.8806203900611242,2429.716755668171,2779.9815251451537,-1,0.0,9.094947017729282e-13,0.0043496249709278345,0.10250208305660635,0.0003560830373317003,0.10720779106486589,11323.670488926411,9859.013103335445,6,36,27,63,62,61693.94337545768,61693.94337545768,7224.867866373026,2658.104628987262,882.611816344244,4901.530373260988,3768.0617,-1,0.0,0.0
primary_grid25,179,2025-06-29,6,2,no_season,42,79999.73816999956,79999.73816999956,172.36724383704257,110,9892.61358964236,0.0,0.0,50460.39148989236,49873.47308412922,586.9184057631427,0,35964.65926922298,9,1.498385543561831,2779.9815251451537,1897.6050367390922,-1,0.0,9.094947017729282e-13,0.004521833034232259,0.10635991604067385,0.00028262496925890446,0.11116437404416502,18488.191280041945,17476.46798918104,10,25,46,71,71,104631.77649754778,109501.80093944859,8348.449439580207,4901.530373260988,1498.5274695509577,4901.530373260988,4957.197801768498,-1,0.0,0.0
primary_grid25,180,2025-06-30,6,2,no_season,42,80841.37722166406,80841.37722166406,616.3587100984018,180,9814.801159550974,0.0,0.0,52488.09665044346,50235.957849828585,2252.138800614871,0,37611.74664761114,9,1.5654546696910796,1897.6050367390922,1682.992759528467,-1,0.0,9.094947017729282e-13,0.00439766701310873,0.10041912505403161,0.00027849990874528885,0.10509529197588563,19688.498718244646,17923.247929366487,10,25,44,69,66,109315.96471838726,114218.21612696578,8607.40849533164,4901.530373260988,1567.1561103171307,4902.251408578517,4980.587314765197,-1,0.0,0.0
primary_grid25,181,2025-07-01,7,2,no_season,42,83347.06269516857,83347.06269516857,4054.428673552179,590,7025.879579244384,0.0,0.0,66576.74497571873,51960.29266374337,14616.452311975348,0,37836.4306475972,9,1.5753920811929154,1682.992759528467,1200.0,-1,0.0,8.526512829121202e-13,0.004499542061239481,0.10078316705767065,0.0002727500395849347,0.10555545915849507,19672.749201870112,18163.68144572708,10,28,41,69,60,105233.10725436028,109406.20381730412,8106.900157049182,4882.3668622081905,1576.517943649883,4901.530373260988,4980.587314765197,-1,0.0,0.0
primary_grid25,182,2025-07-02,7,2,no_season,42,79087.20616108089,79087.20616108089,4584.80375037273,700,8943.030377338073,0.0,0.0,65874.33147644834,48642.08192917156,17232.24954727678,0,34660.05018152873,9,1.4421671367021485,1200.0,1200.0,-1,0.0,5.684341886080801e-13,0.004700124962255359,0.09766358300112188,0.0002883329289034009,0.10265204089228064,18242.131674488806,16417.918507039925,10,26,37,63,57,86920.25776919535,91429.03738987619,7948.868061737481,4616.852676718651,1444.1687575636972,4901.530373260988,4980.587314765197,-1,0.0,0.0
primary_grid25,183,2025-07-03,7,2,no_season,42,75782.97485216496,75782.97485216496,6799.752795785507,910,795.0028829274629,0.0,0.0,76611.9030800187,46446.386045363295,30165.517034655397,0,38518.810802103566,7,1.6027259854703229,1200.0,1200.0,-1,0.0,9.094947017729282e-13,0.004420874989591539,0.09770770790055394,0.00027637509629130363,0.10240495798643678,20273.05831689661,18245.752485206947,8,28,48,76,70,89744.3786851749,94151.2712455865,8126.0780062839285,4406.1016518608185,1604.9504500876485,4901.530373260988,4980.587314765197,-1,0.0,0.0
primary_grid25,184,2025-07-04,7,2,no_season,42,37318.045020066565,37318.045020066565,3747.236862730222,740,10855.272577660384,0.0,0.0,34414.22758901268,21358.959374153957,13055.268214858716,0,24511.389704081615,5,1.0198065736070026,1200.0,1239.1229205978798,-1,0.0,2.2737367544323206e-13,0.0043002919992432,0.09828050003852695,0.0002885420108214021,0.10286933404859155,12920.265771275672,11591.12393280594,6,43,25,68,62,64062.74504551877,68922.86595400554,7084.562216795168,3368.6248844413635,1021.3079043367338,4901.530373260988,4269.0748412273115,-1,0.0,0.0
primary_grid25,185,2025-07-05,7,2,no_season,42,38188.21988031773,38188.21988031773,3254.3964524421,690,11357.4294160426,0.0,0.0,34902.213873381756,21529.82745282697,13372.386420554787,0,24709.029364437753,5,1.028127730508917,1239.1229205978798,1233.7471901677827,-1,0.0,9.094947017729282e-13,0.004466000013053417,0.10057008301373571,0.00038374995347112417,0.10541983298026025,13002.068157244157,11706.961207193597,6,44,27,71,52,65077.431228707035,69555.01122840297,7810.825820615897,3258.727128803516,1029.5428901849064,4733.39265414453,4126.772346519734,-1,0.0,0.0
primary_grid25,186,2025-07-06,7,2,no_season,42,78460.53401601789,78460.53401601789,5644.178992855038,890,2230.7850979729956,0.0,0.0,72540.35861615601,48166.94082121408,24373.41779494194,0,40159.28877046492,7,1.6710585034050884,1233.7471901677827,1200.0,-1,0.0,9.094947017729282e-13,0.004439249983988702,0.10083024995401502,0.0002847089199349284,0.10555420885793865,21119.61756568243,19039.671204782495,8,30,47,77,69,92769.53269063396,97489.33458806024,7893.470698563232,4659.490997073392,1673.3036987693717,4901.530373260988,4980.587314765197,-1,0.0,0.0
primary_grid25,187,2025-07-07,7,2,no_season,42,83851.62100867499,83851.62100867499,2007.6004077485984,480,10547.896199697858,0.0,0.0,59916.12228885412,51988.050438277765,7928.071850576358,0,34988.65270495364,9,1.4557074357389235,1200.0,1260.418152639786,-1,0.0,9.094947017729282e-13,0.004406541003845632,0.09824537497479469,0.00028124998789280653,0.10293316596653312,18445.24757750635,16543.405127447284,10,26,35,61,59,94435.9531517126,99337.48352497359,9312.907709195877,4868.974355265071,1457.860529373068,4901.530373260988,4980.587314765197,-1,0.0,0.0
primary_grid25,188,2025-07-08,7,2,no_season,42,95217.48074891533,95217.48074891533,231.24778176147487,120,17013.98924661137,0.0,0.0,60990.07463240732,60111.11196330112,878.9626691061906,0,36957.24960135931,9,1.5357346501450508,1260.418152639786,2179.9264603684355,-1,0.0,9.094947017729282e-13,0.004282625042833388,0.11245695897378027,0.00032308301888406277,0.11706266703549773,19910.300934379036,17046.948666980275,10,26,41,67,62,102974.35876403285,107968.11283759621,8589.904582524461,4901.530373260988,1539.885400056638,4993.754073563368,4917.193910562943,-1,0.0,0.0
primary_grid25,189,2025-07-09,7,2,no_season,42,94382.00620359252,94382.00620359252,32.587638149943814,10,18359.433476315317,0.0,0.0,60590.728812204565,60519.736642494914,70.9921697096526,0,32988.65149882698,9,1.37205066312447,2179.9264603684355,2440.4781185340767,-1,0.0,9.094947017729282e-13,0.005094749969430268,0.1193376659648493,0.00034866598434746265,0.12478108191862702,17492.543423793726,15496.108075033248,10,25,34,59,56,107691.34144883405,112561.71415096142,8554.457140229733,4901.530373260988,1374.5271457844574,4901.530373260988,4846.888841995869,-1,0.0,0.0
primary_grid25,190,2025-07-10,7,2,no_season,42,91150.45044304006,91150.45044304006,145.8943233989869,80,17312.866312526432,0.0,0.0,58291.92579329297,57783.383787577695,508.5420057152688,0,34298.04288075508,9,1.428587392741631,2440.4781185340767,1764.2357642038442,-1,0.0,9.094947017729282e-13,0.005242916056886315,0.13321487500797957,0.0003617920447140932,0.13881958310957998,17713.948975667172,16584.09390508791,10,23,38,61,58,105455.55388287052,110417.30592221643,8564.403245769969,4901.530373260988,1429.0851200314619,4961.75203934591,4975.746846999878,-1,0.0,0.0
primary_grid25,191,2025-07-11,7,2,no_season,42,50381.9426869468,50381.9426869468,58.99795793863449,30,15601.476867840325,0.0,0.0,30663.657548635732,30430.527438376426,233.13011025930894,0,23905.50455148635,5,0.9923488621452783,1764.2357642038442,2828.2126152696796,-1,0.0,9.094947017729282e-13,0.005345875048078597,0.11915308295283467,0.0003293330082669854,0.12482829100918025,13113.09558926573,10792.40896222062,6,36,24,60,60,55644.96943450348,60614.578812538406,8708.58727326099,2640.5018462405997,996.0626896452645,4969.609378034925,4437.489976675804,-1,0.0,0.0
primary_grid25,192,2025-07-12,7,2,no_season,42,50022.865270847935,50022.865270847935,28.69292386226038,30,18111.89795085283,0.0,0.0,30044.645941570285,29925.618274676126,119.02766689415392,0,22434.355684719183,5,0.9341836864255829,2828.2126152696796,2502.422417557496,-1,0.0,9.094947017729282e-13,0.005530000082217157,0.11680333304684609,0.0003319589886814356,0.12266529211774468,11644.88629762161,10789.46938709757,6,38,25,63,64,60628.364250572165,65509.57626083711,8605.462066033337,2972.5410005582785,934.7648201966325,4901.530373260988,4333.451691213802,-1,0.0,0.0
primary_grid25,193,2025-07-13,7,2,no_season,42,89866.21809859268,89866.21809859268,98.28569444899745,50,19700.188141900657,0.0,0.0,57274.556060990726,56953.33205812354,321.2240028671893,0,33030.85412526989,9,1.3760072214839558,2502.422417557496,1759.5220006029667,-1,0.0,9.094947017729282e-13,0.005158709012903273,0.11567670805379748,0.0002994580427184701,0.12113487510941923,17013.72468820546,16017.129437064437,10,22,34,56,55,103490.13984696774,108326.68415511983,8588.305102148948,4901.530373260988,1376.2855885529125,4901.530373260988,4980.587314765197,-1,0.0,0.0
primary_grid25,194,2025-07-14,7,2,no_season,42,88573.10956438689,88573.10956438689,56.93132525441467,70,15395.725043413513,0.0,0.0,55916.62120929916,55689.723055527815,226.89815377134838,0,32894.52242595401,9,1.3693744678039597,1759.5220006029667,1454.445139010304,-1,0.0,8.881784197001252e-13,0.004828709061257541,0.1070269999327138,0.0003279589582234621,0.11218366795219481,17160.579527757574,15733.942898196441,10,24,35,59,56,97447.93200783068,102447.35384452634,8815.861517103624,4901.530373260988,1370.6051010814174,4999.421836695664,4980.587314765197,-1,0.0,0.0
primary_grid25,195,2025-07-15,7,2,no_season,42,87596.55683206997,87596.55683206997,128.131180129379,70,12747.051314349364,0.0,0.0,55263.495127872564,54952.06932963645,311.4257982361097,0,34338.20842552999,9,1.4278504377827959,1454.445139010304,1876.3418756101828,-1,0.0,8.242295734817162e-13,0.004798665991984308,0.10715837508905679,0.00029962509870529175,0.11225666617974639,18283.39727002332,16054.811155506672,10,25,37,62,57,97819.55677970126,102604.71519089187,8811.175411318392,4667.018813465948,1430.758684397083,4901.530373260988,4980.587314765197,-1,0.0,0.0
primary_grid25,196,2025-07-16,7,2,no_season,42,87696.44032003188,87696.44032003188,325.5613985956543,110,14333.01124265778,0.0,0.0,56234.05757745195,55200.04040101604,1034.017176435918,0,33440.32192252665,9,1.3918670460104507,1876.3418756101828,1670.4666815142432,-1,0.0,6.830092047493963e-13,0.004775000037625432,0.10752924997359514,0.00030216702725738287,0.11260641703847796,17497.37450758154,15942.947414945113,10,25,34,59,55,97383.6074227003,102248.53363591255,9099.077816578392,4700.28876748005,1393.3467467719436,4901.530373260988,4973.301255341855,-1,0.0,0.0
primary_grid25,197,2025-07-17,7,2,no_season,42,86502.36351485703,86502.36351485703,639.8956809339372,160,12430.120216032466,0.0,0.0,57310.24480081143,54338.22261523559,2972.0221855758455,0,36305.81481343343,7,1.510467982210117,1670.4666815142432,1751.4695060853846,-1,0.0,9.094947017729282e-13,0.0051958749536424875,0.10946183302439749,0.00033041706774383783,0.11498812504578382,19148.76886326263,17157.045950170803,8,26,39,65,60,96729.4605877169,101500.52305095714,9128.699690128129,4859.946574795353,1512.7422838930597,4901.530373260988,4980.587314765197,-1,0.0,0.0
primary_grid25,198,2025-07-18,7,2,no_season,42,50547.392386985404,50547.392386985404,9.396153692140999,10,17038.7840434025,0.0,0.0,30469.48094641066,30432.72789124385,36.75305516680952,0,22848.133654362267,5,0.9483995342173115,1751.4695060853846,2794.1376933780784,-1,0.0,8.526512829121202e-13,0.00503370794467628,0.10689462500158697,0.000288125011138618,0.11221645795740187,12545.945025818659,10302.18862854361,6,38,25,63,59,55033.17822451559,59925.41462524599,8787.408869328432,2941.88717705712,952.0055689317612,4901.530373260988,4397.083774406758,-1,0.0,0.0
primary_grid25,199,2025-07-19,7,2,no_season,42,50483.043731865786,50483.043731865786,5.0184346375122,10,22238.83338713996,0.0,0.0,30319.221138034656,30308.491724779647,10.729413255001084,0,20798.580125378776,5,0.8654684284143666,2794.1376933780784,2765.846098671057,-1,0.0,4.547473508864641e-13,0.0048331249272450805,0.10967999999411404,0.00030883296858519316,0.11482195788994431,10932.494927371059,9866.085198007717,6,29,22,51,50,60299.35572731124,65237.96258310735,8478.465524167132,3535.4694018323685,866.6075052241157,4938.606855796108,4386.453165614777,-1,0.0,0.0
primary_grid25,200,2025-07-20,7,2,no_season,42,86395.88812633227,86395.88812633227,330.9022857217421,100,13598.779743769039,0.0,0.0,56361.64665689516,54957.66819746302,1403.9784594321345,0,32743.923394887708,9,1.3639441839362239,2765.846098671057,2079.562971261842,-1,0.0,9.094947017729282e-13,0.004979124991223216,0.10830991598777473,0.0003067080397158861,0.11359574901871383,16890.977923253005,15852.945471634699,10,25,35,60,57,97024.76009635834,101984.18482497113,9027.864767602263,4901.530373260988,1364.3301414536545,4959.424728612792,4980.587314765197,-1,0.0,0.0
primary_grid25,201,2025-07-21,7,2,no_season,42,87212.4704214033,87212.4704214033,94.90296443173031,70,11689.957969519586,0.0,0.0,55453.78659107334,55003.386946128645,450.3996449446906,0,35689.29162440962,9,1.4855433406744938,2079.562971261842,1828.4972903225303,-1,0.0,9.094947017729282e-13,0.004848583019338548,0.10749320802278817,0.0002965000458061695,0.11263829108793288,18658.478845362533,17030.812779047083,10,26,37,63,57,101920.71048819367,106793.38209728403,8734.223659935917,4901.530373260988,1487.053817683734,4901.530373260988,4942.526164279145,-1,0.0,0.0
primary_grid25,202,2025-07-22,7,2,no_season,42,88386.35296155108,88386.35296155108,407.34597693279227,70,13402.112264311994,0.0,0.0,57618.344028383784,55858.072535548665,1760.27149283511,0,34783.58538198755,9,1.4478217721056608,1828.4972903225303,1593.8991742528488,-1,0.0,9.094947017729282e-13,0.004887667018920183,0.10928670794237405,0.00029333296697586775,0.1144677079282701,18190.01371974638,16593.571662241164,10,26,41,67,68,108308.80947391212,113188.22104105698,9249.702694971043,4901.530373260988,1449.3160575828142,4901.530373260988,4980.587314765197,-1,0.0,0.0
primary_grid25,203,2025-07-23,7,2,no_season,42,87133.9325638176,87133.9325638176,475.41290179999754,140,11360.373781125792,0.0,0.0,57020.64526730345,54798.36183295271,2222.2834343507398,0,37309.686484750884,9,1.5522646407547587,1593.8991742528488,1662.7514617660222,-1,0.0,9.094947017729282e-13,0.0049370829947292805,0.10880783305037767,0.00029975001234561205,0.11404466605745256,19671.055526288008,17638.630958462883,10,27,36,63,61,104924.66235995956,109864.77774315815,9058.611099232196,4901.530373260988,1554.5702701979537,4940.115383198581,4915.573297292799,-1,0.0,0.0
primary_grid25,204,2025-07-24,7,2,no_season,42,86331.41324984533,86331.41324984533,663.6714959270862,150,11450.735624225903,0.0,0.0,57365.53640275756,54523.7128468733,2841.823555884269,0,34284.15063129204,9,1.4262552683273964,1662.7514617660222,1786.3709395681299,-1,0.0,8.526512829121202e-13,0.004845957970246673,0.10898854199331254,0.0003037919523194432,0.11413829191587865,18106.01387641928,16178.136754872765,10,26,39,65,61,106947.70663314461,111926.70356405966,9245.752063513472,4884.735170750296,1428.5062763038352,4978.99693091504,4930.736214804142,-1,0.0,0.0
primary_grid25,205,2025-07-25,7,2,no_season,42,48838.686242565855,48838.686242565855,126.7126842885541,30,20849.093060266638,0.0,0.0,29184.959174715576,28670.368814231555,514.5903604840203,0,23111.944363993767,5,0.9607964830373955,1786.3709395681299,2181.486746387577,-1,0.0,7.958078640513122e-13,0.004978792043402791,0.1096079999115318,0.0003260830417275429,0.11491287499666214,12361.465331957435,10750.47903203633,6,35,23,58,60,58939.39121469353,63927.119334620096,8219.49362912267,2893.4840590540734,962.9976818330737,4987.7281199265635,4287.7245,-1,0.0,0.0
primary_grid25,206,2025-07-26,7,2,no_season,42,49699.68150810877,49699.68150810877,16.350985679700614,10,19486.3466073912,0.0,0.0,29999.161055306697,29952.49534217683,46.66571312986555,0,22514.253059129813,5,0.93552957091327,2181.486746387577,2757.919315519267,-1,0.0,6.821210263296962e-13,0.0055556249571964145,0.11707441706676036,0.00032641703728586435,0.12295645906124264,12137.42368943021,10376.829369699606,6,37,22,59,60,55793.50462868758,60654.00921557134,8225.364373624394,2827.1986632185212,938.0938774637424,4901.530373260988,4348.058731382393,-1,0.0,0.0
primary_grid25,207,2025-07-27,7,2,no_season,42,84048.22975191756,84048.22975191756,227.75477480225567,160,9414.842953322861,0.0,0.0,54263.59943431211,53222.780839374645,1040.8185949374551,0,37909.86359072452,7,1.5791875652112142,2757.919315519267,1937.4779770783375,-1,0.0,9.094947017729282e-13,0.005278333090245724,0.11686475004535168,0.00029520795214921236,0.12243829108774662,19542.907682060744,18366.955908663786,8,28,39,67,61,99606.9777664051,104458.42199056529,9195.366653533245,4820.401953781828,1579.577649613522,4901.530373260988,4887.75791544492,-1,0.0,0.0
primary_grid25,208,2025-07-28,7,2,no_season,42,86183.86508922074,86183.86508922074,487.3732909748864,190,6802.8233488091055,0.0,0.0,56590.112353714816,54511.5956918669,2078.516661847924,0,37486.96183826391,9,1.5599224441493977,1937.4779770783375,1877.9352573121678,-1,0.0,8.810729923425242e-13,0.004839667002670467,0.10866566700860858,0.00031299993861466646,0.11381833394989371,19700.249818158547,17786.712020105362,10,28,39,67,67,106689.42719554955,111670.15379550112,9172.541100907714,4899.359894034028,1561.9567432609963,4980.726599951568,4848.989089451598,-1,0.0,0.0
primary_grid25,209,2025-07-29,7,2,no_season,42,88901.10456675205,88901.10456675205,81.72727421156557,20,11314.42284630097,0.0,0.0,56946.615271996416,56540.078806963276,406.5364650331377,0,35416.46287368283,9,1.4742222916901853,1877.9352573121678,1612.7063323677817,-1,0.0,9.094947017729282e-13,0.004788125050254166,0.10924304195214063,0.0002975000534206629,0.11432866705581546,18507.812959172737,16908.649914510093,10,26,43,69,72,107586.31034885414,112469.2765248649,9082.13335129914,4901.530373260988,1475.685953070118,4901.530373260988,4980.587314765197,-1,0.0,0.0
primary_grid25,210,2025-07-30,7,2,no_season,42,86474.3315549216,86474.3315549216,224.71864194466514,100,10369.868765949175,0.0,0.0,55395.34399200833,54498.274762482164,897.0692295261678,0,36428.437838913145,9,1.5150700471207583,1612.7063323677817,1921.7758822672117,-1,0.0,9.094947017729282e-13,0.004797499976120889,0.10469770804047585,0.00030454201623797417,0.10979975003283471,19327.182609915122,17101.255228998027,10,25,36,61,58,103912.74835732041,108892.0307116112,9005.166681336897,4901.530373260988,1517.8515766213811,4979.282354290786,4835.545982390171,-1,0.0,0.0
primary_grid25,211,2025-07-31,7,2,no_season,42,85700.64179494759,85700.64179494759,623.3401213512437,170,10146.278648853695,0.0,0.0,57003.82112545038,54182.81001535359,2821.0111100967806,0,36469.673387168834,9,1.5184227110184774,1921.7758822672117,1484.4202131292486,-1,0.0,9.094947017729282e-13,0.0051687079248949885,0.1084018750116229,0.00030862505082041025,0.1138792079873383,18976.190193973653,17493.483193195185,10,26,38,64,60,105776.98590602723,110698.90739024851,9217.692980379239,4901.530373260988,1519.5697244653684,4921.921484221286,4959.092784149389,-1,0.0,0.0
primary_grid25,212,2025-08-01,8,2,no_season,42,47724.14063681057,47724.14063681057,19.17755023823247,10,24347.204328578213,0.0,0.0,28429.085364154766,28388.457723975072,40.62764017969549,0,22299.208537892522,5,0.9257133213265017,1484.4202131292486,2456.8796811254674,-1,0.0,6.821210263296962e-13,0.0049258749932050705,0.10773787496145815,0.00030158308800309896,0.11296533304266632,12221.981364848223,10077.227173044299,6,34,23,57,52,66230.47822101769,71072.42993521338,8063.985485777093,4079.9351054343815,929.133689078855,4901.530373260988,4336.181729017528,-1,0.0,0.0
primary_grid25,213,2025-08-02,8,2,no_season,42,44222.461254325295,44222.461254325295,100.66429604872451,40,22540.39175871297,0.0,0.0,26461.397969930327,26063.354349454774,398.0436204755523,0,22124.22486800621,5,0.9212429929984859,2456.8796811254674,2147.7271656425237,-1,0.0,8.810729923425242e-13,0.0049128750106319785,0.10844962496776134,0.00028483301866799593,0.11364733299706131,11489.96686316697,10634.258004839245,6,38,24,62,37,51678.75094494949,53690.72050019464,8051.042245527597,3550.4242509642663,921.8427028335923,4901.530373260988,4256.298097920166,-1,0.0,0.0
primary_grid25,214,2025-08-03,8,2,no_season,42,79675.37834324587,79675.37834324587,351.97906263806044,140,16318.445675983927,0.0,0.0,51339.694406323026,49950.062339897464,1389.632066425562,0,32539.494238304986,5,1.3557847317827867,2147.7271656425237,1303.3836905092026,-1,0.0,9.094947017729282e-13,0.004735791007988155,0.11061899992637336,0.00030149996746331453,0.11565629090182483,16704.46299243583,15835.031245869157,6,26,30,56,49,82833.56465692775,87749.46969681655,8963.982630355438,4727.605101951728,1355.8122599293745,4915.905039888809,4980.587314765197,-1,0.0,0.0
primary_grid25,215,2025-08-04,8,2,no_season,42,77297.90131841486,77297.90131841486,469.7877616346366,190,10151.976445173477,0.0,0.0,50038.14666267815,48200.98254408561,1837.1641185925416,0,34664.642539364664,7,1.4415333864255717,1303.3836905092026,1679.507680180543,-1,0.0,9.094947017729282e-13,0.004845709074288607,0.10908458405174315,0.00029399991035461426,0.11422429303638637,18432.350045453677,16232.29249391098,8,30,33,63,59,81659.45388030133,86539.58391574997,9312.907709195877,4523.899897869778,1444.3601058068607,4901.530373260988,4980.587314765197,-1,0.0,0.0
primary_grid25,216,2025-08-05,8,2,no_season,42,77585.33150976847,77585.33150976847,250.14622407636125,120,10867.21888953225,0.0,0.0,49511.489315532715,48592.202803933666,919.2865115990484,0,34507.74752388761,7,1.4358305330189147,1679.507680180543,1679.2592086784325,-1,0.0,9.094947017729282e-13,0.004521333030425012,0.10881304100621492,0.00030845904257148504,0.11364283307921141,18161.848317433432,16345.89920645418,8,29,34,63,60,87072.31305374119,91918.7304869394,9247.36708131087,4752.98217196931,1437.822813495317,4901.530373260988,4980.587314765197,-1,0.0,0.0
primary_grid25,217,2025-08-06,8,2,no_season,42,77695.99834305418,77695.99834305418,1371.5977594086157,260,9264.73169180525,0.0,0.0,53931.45322580639,48411.41977332456,5520.033452481822,0,33836.13727004106,7,1.4080878911865096,1679.2592086784325,1586.7468002792723,-1,0.0,9.094947017729282e-13,0.004832166014239192,0.11038154200650752,0.0003012500237673521,0.11551495804451406,17762.30120701597,16073.836063025086,8,25,34,59,56,85554.26506691595,90428.85783926933,9195.185732587222,4436.098487071844,1409.8390529183773,4901.530373260988,4970.690042317567,-1,0.0,0.0
primary_grid25,218,2025-08-07,8,2,no_season,42,78134.7944314678,78134.7944314678,390.1459005289813,170,13385.453927716582,0.0,0.0,50432.839037329846,49172.41251852401,1260.4265188058225,0,35283.67493687649,7,1.468347243359085,1586.7468002792723,1481.0659577012916,-1,0.0,9.094947017729282e-13,0.004748290986754,0.11466333398129791,0.0003314169589430094,0.11974304192699492,18517.588045578348,16766.086891298146,8,33,32,65,58,86169.39081248999,90830.66874036953,9078.297498249101,4588.679477680447,1470.1531223698537,4901.530373260988,4980.587314765197,-1,0.0,0.0
primary_grid25,219,2025-08-08,8,2,no_season,42,41790.060787560964,41790.060787560964,240.104936855929,140,24694.491301391357,0.0,0.0,25183.842518451485,24331.9501521137,851.8923663377866,0,24235.301481454877,5,1.0077788558750531,1481.0659577012916,1766.4224521792835,-1,0.0,4.547473508864641e-13,0.005085750017315149,0.12821879098191857,0.00036520801950246096,0.13366974901873618,12897.902327240205,11337.399154214669,6,44,26,70,43,58129.45953843456,62992.6254266429,7863.027757581061,3590.3138614873174,1009.8042283939529,4901.530373260988,4233.414669393307,-1,0.0,0.0
primary_grid25,220,2025-08-09,8,2,no_season,42,41042.381653339806,41042.381653339806,386.09743841040574,170,21097.116673375145,0.0,0.0,25268.019143600228,23991.666001454243,1276.353142145985,0,23558.173540405194,5,0.9798577863265611,1766.4224521792835,1936.1872944264305,-1,0.0,9.094947017729282e-13,0.00580066698603332,0.13504008296877146,0.00042191706597805023,0.14126266702078283,12483.803479390128,11074.370061015066,6,43,24,67,47,70701.33581199365,75657.1153609596,7728.929358770409,3588.210714814046,981.5905641835496,4955.779548965944,4126.772346519734,-1,0.0,0.0
primary_grid25,221,2025-08-10,8,2,no_season,42,77871.45850374828,77871.45850374828,214.7639268082567,120,11369.723603749588,0.0,0.0,49535.8135466519,48711.2360587131,824.5774879388066,0,32794.32544749147,7,1.3652262057207913,1936.1872944264305,1621.6139431075685,-1,0.0,9.094947017729282e-13,0.006152958958409727,0.13289749994874,0.0003671250306069851,0.13941758393775672,17103.102612149203,15691.222835342265,8,32,32,64,58,86004.40135314742,90993.29094693197,9253.025153937046,4723.1301252346975,1366.4302269788113,4988.889593784552,4980.587314765197,-1,0.0,0.0
primary_grid25,222,2025-08-11,8,2,no_season,42,78221.79778752549,78221.79778752549,408.38550243063537,130,12533.2137841146,0.0,0.0,50746.52475867324,48862.06786088676,1884.4568977864715,0,35399.88032650244,7,1.473669724242251,1621.6139431075685,1293.7240634379573,-1,0.0,9.094947017729282e-13,0.005665624979883432,0.13319312501698732,0.00036812503822147846,0.13922687503509223,18467.798249505315,16932.082076997132,8,28,36,64,61,86991.62734290442,91914.5730202994,9292.503749699943,4899.489977311395,1474.9950136042685,4922.945677394979,4980.587314765197,-1,0.0,0.0
primary_grid25,223,2025-08-12,8,2,no_season,42,76496.99722937684,76496.99722937684,776.2855247798399,270,7680.163215906981,0.0,0.0,51399.28328174961,47694.82573947538,3704.4575422742223,0,33243.753121006725,7,1.3830544896302501,1293.7240634379573,1376.7438003182406,-1,0.0,6.821210263296962e-13,0.006266958080232143,0.13386416691355407,0.0003692090976983309,0.14050033409148455,17538.164504628206,15705.588616378514,8,29,37,66,62,86397.4100911307,91338.63297236526,9210.793142167302,4826.241105976578,1385.1563800419467,4941.222881234551,4980.587314765197,-1,0.0,0.0
primary_grid25,224,2025-08-13,8,2,no_season,42,78000.00844175254,78000.00844175254,403.38410736301313,160,10307.878811496204,0.0,0.0,50682.1159198915,48764.05130938488,1918.0646105066176,0,33991.03921153674,7,1.4139228814440805,1376.7438003182406,1562.5335291178567,-1,0.0,9.094947017729282e-13,0.005755749996751547,0.1331144169671461,0.00036583293695002794,0.13923599990084767,17982.78674957804,16008.252461958702,8,25,34,59,59,84537.86222181979,89428.36383350044,9059.190705413495,4831.849986632292,1416.2933004806976,4901.530373260988,4980.587314765197,-1,0.0,0.0
primary_grid25,225,2025-08-14,8,2,no_season,42,75599.89680189482,75599.89680189482,1143.3092403475002,350,8827.249063564113,0.0,0.0,52562.31986629901,47055.35135395082,5506.968512348196,0,36776.77395644128,5,1.5301230325600959,1562.5335291178567,1616.6548548132446,-1,0.0,9.094947017729282e-13,0.006096916040405631,0.13356604205910116,0.00038229196798056364,0.14004525006748736,19383.219975893076,17393.553980548197,6,28,33,61,53,85327.51361573816,90307.88887374263,8608.923485262301,4869.907596659306,1532.3655815183865,4980.375258004471,4980.587314765197,-1,0.0,0.0
primary_grid25,226,2025-08-15,8,2,no_season,42,41375.67249477619,41375.67249477619,418.01762472317546,190,23243.69006582234,0.0,0.0,25515.678925853797,24114.83554533891,1400.8433805148904,0,24411.712421500964,5,1.0155133431349108,1616.6548548132446,1722.247407098404,-1,0.0,6.821210263296962e-13,0.006290292018093169,0.14033383294008672,0.000378292053937912,0.1470024170121178,12900.992795922324,11510.719625578637,6,44,25,69,42,58847.55545549908,63801.865161149944,7711.316285855328,3552.1424545171108,1017.1546842292069,4954.309705650865,4242.1562,-1,0.0,0.0
primary_grid25,227,2025-08-16,8,2,no_season,42,41452.38249172803,41452.38249172803,247.73162229442755,120,23641.398393002473,0.0,0.0,25383.032145728597,24086.55286343318,1296.479282295421,0,23936.402456375246,5,0.9962540806316864,1722.247407098404,1591.6911546191754,-1,0.0,9.094947017729282e-13,0.006542542017996311,0.15373249992262572,0.0005648330552503467,0.16083987499587238,12532.918905364284,11403.483551010962,6,44,25,69,40,63878.119257363636,68797.05855670513,8101.839536218407,3417.5418923174093,997.3501023489686,4918.939299341499,4269.0748412273115,-1,0.0,0.0
primary_grid25,228,2025-08-17,8,2,no_season,42,74384.31588565794,74384.31588565794,637.5840015231217,240,10000.28465740327,0.0,0.0,49813.32526371714,47023.93979634883,2789.3854673683063,0,34923.25602006876,5,1.4530789765139018,1591.6911546191754,1609.8718599057343,-1,0.0,9.094947017729282e-13,0.007204499910585582,0.1516546249622479,0.00040241703391075134,0.15926154190674424,18389.738816589947,16533.517203478812,6,35,31,66,59,90574.32862924298,95528.40875476312,8729.621922010665,4667.965631435211,1455.135667502865,4954.080125520138,4980.587314765197,-1,0.0,0.0
primary_grid25,229,2025-08-18,8,2,no_season,42,75767.86764556562,75767.86764556562,361.11297540351904,170,9766.605168633054,0.0,0.0,49223.631490851556,47611.5070440304,1612.1244468211503,0,34954.720692107505,7,1.4541457852581376,1609.8718599057343,1738.587954656744,-1,0.0,8.526512829121202e-13,0.006295708008110523,0.16095499997027218,0.00046270911116153,0.16771341708954424,18461.490263888463,16493.230428219045,8,32,33,65,60,90039.39813453567,94838.67952997028,8589.440688763836,4650.2703244643,1456.4466955044793,4901.530373260988,4980.587314765197,-1,0.0,0.0
primary_grid25,230,2025-08-19,8,2,no_season,42,76418.60825400316,76418.60825400316,254.24718628362152,120,10630.035881958716,0.0,0.0,49472.2195204579,48335.87714614297,1136.3423743149144,0,32739.436931589622,7,1.3622480395253325,1738.587954656744,1740.6220226498801,-1,0.0,8.242295734817162e-13,0.008073083008639514,0.179590875050053,0.00045600009616464376,0.18811995815485716,17232.298219958848,15507.138711630776,8,30,33,63,62,85351.82057137933,90325.52705673192,9042.587910699825,4459.855311867084,1364.143205482901,4973.706485352603,4980.587314765197,-1,0.0,0.0
primary_grid25,231,2025-08-20,8,2,no_season,42,75714.97373445213,75714.97373445213,1671.4341115329007,330,4949.301696796728,0.0,0.0,55697.141282897566,47803.26456865114,7893.876714246428,0,38337.10358390122,7,1.595673345591987,1740.6220226498801,1508.973746295579,-1,0.0,9.094947017729282e-13,0.007768125040456653,0.1733232500264421,0.0004928340204060078,0.18158420908730477,20061.759333211427,18275.3442506898,8,38,38,76,76,103955.34314743133,108916.18505723601,9312.907709195877,4825.534939807251,1597.3793159958846,4960.841909804687,4980.587314765197,-1,0.0,0.0
primary_grid25,232,2025-08-21,8,2,no_season,42,79989.8719543349,79989.8719543349,389.02805858124907,110,12780.172452925115,0.0,0.0,51679.465428095056,50311.3002340101,1368.1651940849622,0,31966.053635085955,9,1.3299149973495896,1508.973746295579,1580.958718741971,-1,0.0,9.094947017729282e-13,0.007496875012293458,0.17498491692822427,0.0004816250875592232,0.18296341702807695,16860.18135587183,15105.872279214125,10,26,35,61,62,90527.54185890587,95323.50674551238,8851.704457702894,4821.535671929707,1331.9189014619149,4901.530373260988,4904.124568909573,-1,0.0,0.0
primary_grid25,233,2025-08-22,8,2,no_season,42,41429.394034124845,41429.394034124845,670.1023673997528,220,19623.239035757535,0.0,0.0,26835.35093592122,23962.11670040506,2873.2342355161627,0,24297.0072518529,5,1.011044840529515,1580.958718741971,1547.810886184408,-1,0.0,9.094947017729282e-13,0.0073882919969037175,0.17179299995768815,0.00046429201029241085,0.17964558396488428,12771.347608809981,11525.65964304292,6,42,25,67,42,63575.02160605463,68438.8657329937,8111.242198331894,3557.5623676894265,1012.3753021605377,4901.530373260988,4406.847993908539,-1,0.0,0.0
primary_grid25,234,2025-08-23,8,2,no_season,42,42564.13923580062,42564.13923580062,89.03709999006344,50,18531.90057466537,0.0,0.0,25294.875706176543,24962.088717316386,332.7869888601588,0,23977.903962171724,5,0.9969715099756701,1547.810886184408,1877.5425607097895,-1,0.0,7.958078640513122e-13,0.007693208986893296,0.17137041699606925,0.00048462499398738146,0.17954825097694993,12784.586786648515,11193.317175523205,6,41,24,65,44,64633.874212299605,69549.24975698981,7711.6350381156135,3379.3964264741217,999.0793317571552,4915.375544690213,4147.804317576634,-1,0.0,0.0
primary_grid25,235,2025-08-24,8,2,no_season,42,77219.61233893747,77219.61233893747,449.85297710403586,180,12209.380700061123,0.0,0.0,50583.798780847166,48714.43652550443,1869.362255342731,0,34873.23232071858,7,1.4512766455690107,1877.5425607097895,1768.4532152623715,-1,0.0,9.094947017729282e-13,0.007182458066381514,0.17373304103966802,0.0004844579380005598,0.1813999570440501,18299.863726682815,16573.36859403576,8,27,36,63,60,88809.91643612139,93655.3934695635,9250.886820118367,4813.028702531503,1453.0513466966074,4901.530373260988,4908.286969103403,-1,0.0,0.0
primary_grid25,236,2025-08-25,8,2,no_season,42,76419.04860615428,76419.04860615428,407.94363685133476,190,4222.635218196555,0.0,0.0,50180.80426660678,48619.57749476609,1561.2267718406893,0,36095.907960909804,7,1.5020620831672338,1768.4532152623715,1699.8435006779832,-1,0.0,9.094947017729282e-13,0.007300416938960552,0.16170283395331353,0.00041574996430426836,0.16941900085657835,18963.588984526097,17132.318976383707,8,34,39,73,71,95934.00392434833,100876.93979985279,9043.463527640859,4576.750633067371,1503.9961650379087,4942.935875504456,4980.587314765197,-1,0.0,0.0
primary_grid25,237,2025-08-26,8,2,no_season,42,79741.52814748284,79741.52814748284,117.7562389078609,80,12432.192149916056,0.0,0.0,50871.2546733751,50341.44734750552,529.8073258695892,0,35303.46925449386,7,1.4688508346180176,1699.8435006779832,1740.0958144248489,-1,0.0,9.094947017729282e-13,0.0062701249262318015,0.1657874999800697,0.0004913749871775508,0.17254899989347905,18600.871553817582,16702.597700676277,8,31,35,66,60,87417.6490218207,92320.16918370138,8966.390724192022,4612.656162248009,1470.9778856039109,4902.520161880679,4980.587314765197,-1,0.0,0.0
primary_grid25,238,2025-08-27,8,2,no_season,42,76561.9159177691,76561.9159177691,252.66433290538487,130,7051.282322840685,0.0,0.0,49827.38797635827,48615.92589083144,1211.462085526829,0,37183.19397799305,7,1.5473892823538413,1740.0958144248489,1632.084962962151,-1,0.0,9.094947017729282e-13,0.007459874963387847,0.18338662502355874,0.000496583990752697,0.19134308397769928,19516.171519580093,17667.022458412954,8,33,38,71,66,96529.00735669443,101491.46967789922,9222.78490300983,4862.17082173668,1549.2997490830435,4962.462321204794,4980.587314765197,-1,0.0,0.0
primary_grid25,239,2025-08-28,8,2,no_season,42,77854.08174323801,77854.08174323801,736.8618257906035,250,5868.499059380434,0.0,0.0,52908.61839337279,49492.425239589866,3416.193153782933,0,35820.13216799438,7,1.4902845323006215,1632.084962962151,1701.5606686426736,-1,0.0,9.094947017729282e-13,0.007301041972823441,0.1730364999966696,0.000475957989692688,0.18081349995918572,18887.39084715461,16932.741320839763,8,32,36,68,67,98596.84928156575,103453.57041463008,9197.317241971428,4640.4139464127,1492.5055069997657,4901.530373260988,4980.587314765197,-1,0.0,0.0
primary_grid25,240,2025-08-29,8,2,no_season,42,43134.727655815645,43134.727655815645,330.06234719815956,130,19140.235720832192,0.0,0.0,27034.634804673136,25520.939885684304,1513.6949189888355,0,25501.209662676403,5,1.060139640055809,1701.5606686426736,2129.318544503478,-1,0.0,8.810729923425242e-13,0.007342000026255846,0.17586320789996535,0.0004753329558297992,0.183680540882051,13635.271797429008,11865.937865247397,6,46,26,72,45,56726.97299926805,61618.632837361736,8105.843842848003,3479.376204830835,1062.5504026115168,4901.530373260988,4191.96,-1,0.0,0.0
primary_grid25,241,2025-08-30,8,2,no_season,42,43361.431328411825,43361.431328411825,73.91972741971335,60,24018.212236417065,0.0,0.0,25838.307448558295,25659.234264918356,179.07318363993622,0,23138.772800524464,5,0.9634675263543598,2129.318544503478,1815.4723917768745,-1,0.0,8.810729923425242e-13,0.007378125097602606,0.17644983297213912,0.0007989170262590051,0.18462687509600073,12021.595893302801,11117.176907221663,6,39,24,63,41,54829.16376376832,59703.38126341373,7456.096852131479,3363.21464980672,964.1155333551861,4901.530373260988,4179.29,-1,0.0,0.0
primary_grid25,242,2025-08-31,8,2,no_season,42,75766.71389230141,75766.71389230141,487.19417163931047,160,8007.54443492754,0.0,0.0,50174.96893863677,48223.14679135849,1951.8221472782725,0,36576.39617632991,7,1.522618656979152,1815.4723917768745,1489.6879165407781,-1,0.0,9.094947017729282e-13,0.008656415971927345,0.17609820794314146,0.0004949580179527402,0.18524958193302155,19088.06836100488,17488.32781532503,8,35,34,69,67,97270.38593785337,102232.174196392,9118.94104753218,4901.530373260988,1524.0165073470798,4961.788258538641,4980.587314765197,-1,0.0,0.0
primary_grid25,243,2025-09-01,9,2,no_season,42,77564.88839356849,77564.88839356849,0.0,0,20597.203392986914,0.0,0.0,49234.7036834731,49234.7036834731,0.0,0,30820.05391248346,5,1.278498918506087,1489.6879165407781,3263.5889135540638,-1,0.0,9.094947017729282e-13,0.007832916919142008,0.16605962498579174,0.000472458079457283,0.17436499998439103,17106.80218986585,13713.251722617606,6,27,29,56,55,76591.15853435145,81557.90824991821,8724.561049399894,4145.570103878366,1284.1689130201441,4966.749715566766,4238.059412170374,-1,0.0,0.0
primary_grid25,244,2025-09-02,9,2,no_season,42,74431.13722393836,74431.13722393836,68.88582339156136,40,18817.440421724754,0.0,0.0,47748.48668165783,47485.06760095166,263.4190807061735,0,33954.383155857126,5,1.4131613928045736,3263.5889135540638,3101.117706055545,-1,0.0,9.094947017729282e-13,0.00720037508290261,0.17032495804596692,0.00045841699466109276,0.17798375012353063,17789.604965731145,16164.778190125977,6,30,34,64,60,87976.2752014467,92949.97562220016,8875.584161879087,4840.499939091358,1414.7659648273798,4973.700420753457,4543.2275,-1,0.0,0.0
primary_grid25,245,2025-09-03,9,2,no_season,42,73958.55947042903,73958.55947042903,7.564518913017309,10,16747.092175557926,0.0,0.0,46953.05068638791,46923.46207065965,29.588615728267204,0,28868.171006060227,7,1.2008396613035708,3101.117706055545,3253.26572593585,-1,0.0,9.094947017729282e-13,0.00783045799471438,0.17432958306744695,0.0005543750012293458,0.18271441606339067,15269.742784922171,13598.428221138052,8,25,31,56,61,88549.0783498261,93443.53972930691,8401.889108936932,4879.792386835192,1202.8404585858427,4901.530373260988,4397.826211998807,-1,0.0,0.0
primary_grid25,246,2025-09-04,9,2,no_season,42,74862.1951885937,74862.1951885937,25.97555698252654,20,19518.897935718447,0.0,0.0,47975.29548029638,47834.28223527899,141.01324501739077,0,33056.1560767866,7,1.3760810630172897,3253.26572593585,2956.7643460206896,-1,0.0,9.094947017729282e-13,0.006416082964278758,0.17740887496620417,0.0006202090298756957,0.18444516696035862,17249.93166832219,15806.224408464415,8,28,33,61,57,85234.48022715862,90115.35633607727,8724.10966581653,4826.038544463418,1377.339836532775,4901.530373260988,4391.986953136555,-1,0.0,0.0
primary_grid25,247,2025-09-05,9,2,no_season,42,42271.71894003583,42271.71894003583,0.0,0,33740.11662739348,0.0,0.0,25368.7128689202,25368.7128689202,0.0,0,21547.949745668375,5,0.895327997761761,2956.7643460206896,3530.79798560574,-1,0.0,8.810729923425242e-13,0.007459833985194564,0.19054229208268225,0.0006694999756291509,0.19867162604350597,11627.645195822035,9920.30454984634,6,37,23,60,35,52543.542133246156,57086.06325987655,7454.431673260988,2899.4259030386497,897.831239402849,4901.530373260988,3496.3636341777183,-1,0.0,0.0
primary_grid25,248,2025-09-06,9,2,no_season,42,40683.07628927006,40683.07628927006,0.0,0,31599.119052632726,0.0,0.0,24297.29000379087,24297.29000379087,0.0,0,21014.295330955698,5,0.8738179945676617,3530.79798560574,3788.012478323295,-1,0.0,9.094947017729282e-13,0.00733008305542171,0.17461500002536923,0.0004943750100210309,0.18243945809081197,11188.584433796515,9825.710897159184,6,43,26,69,44,61717.728419954656,61717.728419954656,7623.734800806828,3303.0907985768436,875.5956387898208,4901.530373260988,3530.5056,-1,0.0,0.0
primary_grid25,249,2025-09-07,9,2,no_season,42,73470.30360906219,73470.30360906219,0.0,0,17405.951162495054,0.0,0.0,47182.03970780409,47182.039707804084,0.0,0,30504.103554875306,7,1.2703453475584272,3788.012478323295,3285.2052819506653,-1,0.0,9.094947017729282e-13,0.00722012494225055,0.17380112502723932,0.0006316249491646886,0.18165287491865456,15803.736192387889,14700.36736248742,8,26,30,56,55,94949.8504029949,99927.19652025394,8369.205738785924,4897.972146064715,1271.0043147864712,4977.346117259045,4292.1784,-1,0.0,0.0
primary_grid25,250,2025-09-08,9,2,no_season,42,62234.23467444943,62234.23467444943,1439.7294712783291,350,4173.942944294456,0.0,0.0,44368.68945598311,38399.0286552419,5969.660800741218,0,32633.454638852065,5,1.361385098483362,3285.2052819506653,1669.867844897952,-1,0.0,9.094947017729282e-13,0.007114500040188432,0.17295849998481572,0.0005027500446885824,0.18057575006969273,16368.953153476017,16264.501485376048,6,29,36,65,68,90887.56848405307,95882.66887006587,8591.172258340013,4734.075217408094,1359.7272766188362,4995.10038601279,4760.213747208366,-1,0.0,0.0
primary_grid25,251,2025-09-09,9,2,no_season,42,68360.99493383919,68360.99493383919,254.71875516031525,110,13612.885528720934,0.0,0.0,43568.19349887785,42175.76619151478,1392.4273073630761,0,34191.54925793993,7,1.4224527549093389,1669.867844897952,1770.4459158204454,-1,0.0,9.094947017729282e-13,0.008597624953836203,0.17460833303630352,0.0004819160094484687,0.1836878739995882,18045.771575775918,16145.777682164015,8,29,33,62,58,84848.89002040989,89782.87899252633,7993.627376676284,4409.139331819212,1424.647885747497,4933.98897211644,4912.4121,-1,0.0,0.0
primary_grid25,252,2025-09-10,9,2,no_season,42,64859.420297876444,64859.420297876444,1796.1556294217419,280,3905.517007864876,0.0,0.0,50285.094802322055,40049.15157999392,10235.943222328133,0,36820.90127287038,7,1.5331843473426676,1770.4459158204454,1265.864662344648,-1,0.0,9.094947017729282e-13,0.007688625017181039,0.17386462492868304,0.00047433399595320225,0.18202758394181728,19127.480771151844,17693.420501718538,8,39,37,76,76,91608.1799561104,96538.51288669845,8412.283000377567,3362.375654142887,1534.2042197029325,4930.332930588052,4849.782499999999,-1,0.0,0.0
primary_grid25,253,2025-09-11,9,2,no_season,42,68394.02016824608,68394.02016824608,488.9500321558913,130,12884.610995953335,0.0,0.0,44487.111136038235,42209.58011475863,2277.5310212795994,0,35335.19114975777,7,1.4688480158911699,1265.864662344648,1909.2829599219003,-1,0.0,9.094947017729282e-13,0.007979291025549173,0.17163058300502598,0.0004866250092163682,0.18009649903979152,18918.732285436534,16416.45886432124,8,27,32,59,55,92158.25839538992,97019.3386589949,8367.32342510657,4740.708908029531,1472.2996312399073,4901.530373260988,4881.060546604919,-1,0.0,0.0
primary_grid25,254,2025-09-12,9,2,no_season,42,33399.255887247404,33399.255887247404,318.841000744859,120,20616.293601053956,0.0,0.0,19779.807525106695,18498.389482649985,1281.418042456707,0,24512.578224560326,5,1.0193708307204743,1909.2829599219003,2169.6552273276534,-1,0.0,7.958078640513122e-13,0.007355791982263327,0.16469674999825656,0.0006285830168053508,0.17268112499732524,13031.36265574932,11481.215568811007,6,48,27,75,43,50187.234578316515,55030.054358014975,7471.731465482758,3065.360351556071,1021.357426023347,4901.530373260988,3499.3338999999996,-1,0.0,0.0
primary_grid25,255,2025-09-13,9,2,no_season,42,34151.09207116975,34151.09207116975,118.3800166247394,90,25003.16713444466,0.0,0.0,19394.710496135398,18899.323568163018,495.3869279723772,0,24382.63388783187,5,1.0145878884366035,2169.6552273276534,2145.528737567627,-1,0.0,5.471179065352771e-13,0.009018999990075827,0.17427045793738216,0.0004831659607589245,0.1837726238882169,12820.918678924183,11561.715208907688,6,41,29,70,46,49553.18386161811,54463.74806850502,7510.478391789142,3109.5097942756834,1015.9430786596612,4910.564206886904,3355.421695450237,-1,0.0,0.0
primary_grid25,256,2025-09-14,9,2,no_season,42,64714.17004286151,64714.17004286151,559.4673429801163,240,3790.272396438696,0.0,0.0,42429.513422048614,40237.55870463255,2191.954717416057,0,35531.48124341812,5,1.479493790608658,2145.528737567627,1658.8164325371008,-1,0.0,7.958078640513122e-13,0.0077708750031888485,0.16991591698024422,0.0004886250244453549,0.17817541700787842,18457.760741410526,17073.7205020076,6,35,32,67,68,91000.76158148414,95766.443900375,7501.716054158476,4578.6110688959725,1480.4783851424222,4901.530373260988,4980.587314765197,-1,0.0,0.0
primary_grid25,257,2025-09-15,9,2,no_season,42,68010.4719929421,68010.4719929421,148.33571878781942,110,11360.781528893622,0.0,0.0,42804.531835288144,42158.644023657005,645.8878116311382,0,36534.860447075785,9,1.5205973601513476,1658.8164325371008,1466.6582584651185,-1,0.0,6.821210263296962e-13,0.007252707961015403,0.16361450008116663,0.00041566696017980576,0.17128287500236183,19132.927998289375,17401.93244878641,10,30,33,63,62,103818.84762556068,108498.29724117588,7907.166885158396,4746.197703231768,1522.285851961491,4901.530373260988,4918.5802517159955,-1,0.0,0.0
primary_grid25,258,2025-09-16,9,2,no_season,42,67999.72750400254,67999.72750400254,195.5234123610917,100,6659.977231531371,0.0,0.0,43095.293123621035,42265.56005601803,829.7330676030028,0,35771.25489809584,7,1.4880500267115175,1466.6582584651185,1627.687520636288,-1,0.0,8.384404281969182e-13,0.0069459580117836595,0.1553854999365285,0.00048329203855246305,0.16281474998686463,18907.379299797383,16863.87559829846,8,34,35,69,71,96300.8642609443,101231.00099362145,7640.6660631951845,4588.755361364372,1490.4689540873267,4930.136732677148,4980.587314765197,-1,0.0,0.0
primary_grid25,259,2025-09-17,9,2,no_season,42,66604.48234065677,66604.48234065677,428.01231554879814,230,4994.699864207366,0.0,0.0,43015.32265980893,41199.59135370267,1815.73130610626,0,37342.78176531942,7,1.5535461504970598,1627.687520636288,1740.110164053201,-1,0.0,9.094947017729282e-13,0.006720208912156522,0.15014254197012633,0.00044312491081655025,0.1573058757930994,19710.229078658806,17632.552686660612,8,36,35,71,70,89078.6091420145,93963.14214233673,7708.286283605942,4374.270152464694,1555.9492402216424,4901.530373260988,4980.587314765197,-1,0.0,0.0
primary_grid25,260,2025-09-18,9,2,no_season,42,66924.23734917314,66924.23734917314,247.68047548729152,140,6548.8661317556325,0.0,0.0,42764.41478800353,41587.56772428462,1176.8470637189096,0,36739.689939766744,9,1.5292843023201277,1740.110164053201,1473.0727342990322,-1,0.0,6.821210263296962e-13,0.007027000072412193,0.15004650002811104,0.00041083304677158594,0.15748433314729482,19203.34525800243,17536.344681764313,10,29,34,63,65,103202.653067423,108166.73225523857,8111.242198331894,4897.196857718214,1530.8204141569477,4964.079187815573,4949.0082999999995,-1,0.0,0.0
primary_grid25,261,2025-09-19,9,2,no_season,42,33883.61363231705,33883.61363231705,275.63065712995143,130,16226.824559435261,0.0,0.0,19518.27134990938,18542.859493084135,975.4118568252464,0,25881.04232197348,5,1.075852398333923,1473.0727342990322,1942.6308339246345,-1,0.0,9.094947017729282e-13,0.006532332976348698,0.1465998749481514,0.0005104170413687825,0.1536426249658689,13856.054867659277,12024.9874543142,6,42,31,73,54,67518.24850946065,72431.9679812644,7529.531473260988,3320.391543176798,1078.3767634155615,4913.719471803746,3259.7074772148862,-1,0.0,0.0
primary_grid25,262,2025-09-20,9,2,no_season,42,33884.53767192888,33884.53767192888,282.4000111999576,150,17407.359670879465,0.0,0.0,20059.699405805237,18681.895956472898,1377.8034493323398,0,25992.825146713963,5,1.082090862411661,1942.6308339246345,1688.3792909058911,-1,0.0,5.684341886080801e-13,0.0069036249769851565,0.1557529589626938,0.00042212498374283314,0.1630787089234218,13553.484712815005,12439.340433898957,6,42,31,73,51,77430.40701743246,82378.54408920184,7439.608868990281,3320.391543176798,1083.0343811130817,4948.137071769386,3272.9573782742727,-1,0.0,0.0
primary_grid25,263,2025-09-21,9,2,no_season,42,69390.78145165398,69390.78145165398,145.09053614216472,140,9571.993479945562,0.0,0.0,44059.495396272294,43377.91010723512,681.5852890371722,0,33963.392794454274,9,1.4134240790031702,1688.3792909058911,1577.06905001904,-1,0.0,9.094947017729282e-13,0.006230709026567638,0.14986758306622505,0.0004377920413389802,0.15653608413413167,17819.89190948576,16143.500884968515,10,31,29,60,64,100413.44229305016,105388.46848383838,8026.627344545666,4819.408450049379,1415.1413664355946,4975.0261907882195,4838.28482005762,-1,0.0,0.0
primary_grid25,264,2025-09-22,9,2,no_season,42,65923.96399922416,65923.96399922416,856.7479580685463,300,4036.4738633370475,0.0,0.0,44216.94055514384,40856.89514820393,3360.045406939911,0,37028.24687865043,7,1.5403069573839063,1577.06905001904,1758.683880292484,-1,0.0,7.958078640513122e-13,0.006736958050169051,0.1508372079115361,0.0004125409759581089,0.15798670693766326,19579.232544636383,17449.01433401405,8,34,33,67,68,92157.9057887565,97046.35034071152,7587.007741227312,4585.30260724415,1542.8436199437679,4901.530373260988,4980.587314765197,-1,0.0,0.0
primary_grid25,265,2025-09-23,9,2,no_season,42,68733.59924248098,68733.59924248098,308.69226539814997,140,5016.662686193493,0.0,0.0,44360.25268574977,42936.76775891076,1423.4849268390187,0,37544.62468630822,9,1.5623383335255892,1758.683880292484,1691.5712221361205,-1,0.0,9.094947017729282e-13,0.006226791068911552,0.14933120901696384,0.0004119579680263996,0.1559699580539018,19726.81896233026,17817.805723977952,10,35,36,71,70,96672.43600489279,101519.04469684878,7478.885197113568,4576.615602492992,1564.359361929509,4901.530373260988,4969.485474584906,-1,0.0,0.0
primary_grid25,266,2025-09-24,9,2,no_season,42,69555.54955736976,69555.54955736976,229.30987812128683,140,6634.750379552646,0.0,0.0,44356.49125149258,43275.44944010311,1081.041811389459,0,38277.66526883838,7,1.5925334742949544,1691.5712221361205,1763.9415219407592,-1,0.0,9.094947017729282e-13,0.006739666918292642,0.15187029109802097,0.00039850000757724047,0.15900845802389085,20182.27461238839,18095.39065644998,8,32,34,66,67,97108.45708023988,102063.29572538381,7610.433538155729,4696.986160015682,1594.9027195349322,4954.838645143924,4854.243204181221,-1,0.0,0.0
primary_grid25,267,2025-09-25,9,2,no_season,42,67859.2911755329,67859.2911755329,720.610104958173,320,6217.154383608597,0.0,0.0,45417.95029205345,42445.821963196955,2972.1283288564964,0,36388.41742518362,9,1.5138364108140374,1763.9415219407592,1876.2152659795156,-1,0.0,6.821210263296962e-13,0.006301374989561737,0.14961087505798787,0.0004052909789606929,0.1563175410265103,19207.85771103305,17180.55971415058,10,30,33,63,68,101308.79352893695,106280.26385844234,7605.652142103718,4656.547875786394,1516.1840593826512,4971.470329505387,4980.587314765197,-1,0.0,0.0
primary_grid25,268,2025-09-26,9,2,no_season,42,34773.793971443054,34773.793971443054,112.39783878307833,60,15734.966995917308,0.0,0.0,19632.22318945315,19150.407026591878,481.81616286127235,0,25950.320563048743,5,1.0795645009461698,1876.2152659795156,1967.5167789490622,-1,0.0,7.958078640513122e-13,0.0067125000059604645,0.15135308296885341,0.00041508302092552185,0.1584806659957394,13703.650938678787,12246.669624369957,6,40,30,70,54,78520.4532591059,83414.29761545052,7526.715273260988,3320.391543176798,1081.2633567936978,4901.530373260988,3272.9573782742727,-1,0.0,0.0
primary_grid25,269,2025-09-27,9,2,no_season,42,34543.15250194708,34543.15250194708,636.8657160192801,230,16039.235437465599,0.0,0.0,21780.99642686324,19092.31395787145,2688.6824689917903,0,26305.487763355937,5,1.0946417084903728,1967.5167789490622,1922.4354706979711,-1,0.0,4.547473508864641e-13,0.006818832946009934,0.1510237909387797,0.00040658307261765003,0.1582492069574073,13822.484146928347,12483.003616427592,6,35,31,66,45,57188.07970567781,62136.93812444976,7653.315129863018,2609.9730370579864,1096.0619901398309,4948.8584187719525,3284.0,-1,0.0,0.0
primary_grid25,270,2025-09-28,9,2,no_season,42,69422.00555945342,69422.00555945342,718.4279290269561,270,4880.082110499927,0.0,0.0,46590.69155914774,43421.611565596846,3169.0799935508976,0,38499.09866399737,9,1.602462578713364,1922.4354706979711,1668.5374280669353,-1,0.0,7.958078640513122e-13,0.006497040973044932,0.15148079104255885,0.0004080840153619647,0.15838591603096575,20135.910437655573,18363.188226341794,10,39,38,77,74,94715.14855174074,99618.08494887681,7810.825820615897,4744.82087783888,1604.1291109998901,4902.93639713608,4980.587314765197,-1,0.0,0.0
primary_grid25,271,2025-09-29,9,2,no_season,42,71114.47399710493,71114.47399710493,413.7962524159493,220,6875.919820948105,0.0,0.0,46098.59595019906,44430.493069522854,1668.1028806762033,0,37395.92822550911,9,1.5561704024240137,1668.5374280669353,1592.6843754420984,-1,0.0,9.094947017729282e-13,0.007161124958656728,0.14186795894056559,0.0003642500378191471,0.14939333393704146,19644.193527040938,17751.734698468164,10,30,37,67,65,98720.80156858059,103663.2048355439,7209.993065183906,4838.28482005762,1558.1636760628794,4942.403266963312,4980.587314765197,-1,0.0,0.0
primary_grid25,272,2025-09-30,9,2,no_season,42,70811.23186187778,70811.23186187778,529.6096946166479,310,3682.5485099422785,0.0,0.0,46660.84222064589,44584.284615236276,2076.557605409623,0,38962.47311066858,9,1.620779014493621,1592.6843754420984,1778.4035830215244,-1,0.0,9.094947017729282e-13,0.005587165942415595,0.13266174995806068,0.00035729107912629843,0.13860620697960258,20599.295695277033,18363.177415391547,10,33,36,69,65,102579.49124694159,107311.4305368554,7581.927173260989,4832.713189152174,1623.4363796111907,4901.530373260988,4980.587314765197,-1,0.0,0.0
primary_grid25,273,2025-10-01,10,2,no_season,42,72378.55969109741,72378.55969109741,55.11636665136814,60,20279.131296419604,0.0,0.0,45389.96163022748,45251.27803989132,138.68359033616406,0,32316.2686449455,9,1.3429053068487062,1778.4035830215244,2571.6700354775057,-1,0.0,9.094947017729282e-13,0.005996832973323762,0.12935395899694413,0.0003201669314876199,0.1356709589017555,17404.64593647067,14911.622708474826,10,27,30,57,57,94694.90514060788,99574.90936476187,7510.122425519869,4771.249522312412,1346.511193539396,4901.530373260988,4791.910290653329,-1,0.0,0.0
primary_grid25,274,2025-10-02,10,2,no_season,42,64163.49343573155,64163.49343573155,214.8181610645173,70,10815.03180225306,0.0,0.0,40852.63786541199,39981.2488466832,871.3890187287905,0,35579.131788635954,5,1.4804971635677993,2571.6700354775057,2531.5251889016968,-1,0.0,9.094947017729282e-13,0.005190833006054163,0.11807824997231364,0.0003228329587727785,0.12359191593714058,18705.814233256147,16873.317555379806,6,36,32,68,64,89862.46609814238,94785.05701624064,7122.107190020654,4751.17583124896,1482.4638245264978,4922.590918098262,4973.47,-1,0.0,0.0
primary_grid25,275,2025-10-03,10,2,no_season,42,32879.396518479494,32879.396518479494,9.055694461067503,10,23331.384627450323,0.0,0.0,17929.330903112044,17909.571377797998,19.75952531404929,0,24390.424344615687,5,1.0138572886822192,2531.5251889016968,2988.3657118407473,-1,0.0,9.094947017729282e-13,0.005089458078145981,0.11720370803959668,0.000329792033880949,0.1226229581516236,13065.16911505296,11325.255229562727,6,41,30,71,48,52235.991854192565,57096.25330926912,7672.267273260988,2541.2394212634476,1016.2676810256536,4901.530373260988,2890.968111957956,-1,0.0,0.0
primary_grid25,276,2025-10-04,10,2,no_season,42,33814.4593564201,33814.4593564201,99.68405029853986,60,19315.645253055587,0.0,0.0,19236.490056431896,18832.62263068557,403.86742574632774,0,24611.345924215915,5,1.023596463025838,2988.3657118407473,3195.8349890029917,-1,0.0,9.094947017729282e-13,0.0051397919887676835,0.11678491602651775,0.0003185829846188426,0.12224329099990427,13056.930822272814,11554.4151019431,6,42,30,72,54,56579.810822517706,61554.92289485462,7527.554519122794,2325.348986474916,1025.4727468423298,4975.11207233692,2846.049894151541,-1,0.0,0.0
primary_grid25,277,2025-10-05,10,2,no_season,42,68352.12084089729,68352.12084089729,75.15248490189686,60,12461.769517186018,0.0,0.0,43065.04914535831,42882.34129737597,182.70784798233538,0,33445.28722647257,7,1.392787675350356,3195.8349890029917,2664.3628343750465,-1,0.0,9.094947017729282e-13,0.004986874992027879,0.11728400003630668,0.0003325419966131449,0.1226034170249477,17337.414984209536,16107.872242263034,8,25,31,56,53,94264.86471298923,99192.73692871061,7312.12523597771,4901.530373260988,1393.5536344363568,4927.872215721378,4838.28482005762,-1,0.0,0.0
primary_grid25,278,2025-10-06,10,2,no_season,42,68870.59968255808,68870.59968255808,57.43921522134775,60,9463.353621378987,0.0,0.0,43197.08555003065,42987.608881957385,209.4766680732631,0,35849.54072752298,9,1.4920014648914837,2664.3628343750465,2508.9054635129332,-1,0.0,9.094947017729282e-13,0.004793499945662916,0.11051274999044836,0.00029437500052154064,0.11560062493663281,18790.55837696171,17058.982350561273,10,29,33,62,61,92757.10479754713,97725.91051325473,7488.5785518638095,4874.052335934891,1493.7308636467908,4992.368913822805,4735.375300000001,-1,0.0,0.0
primary_grid25,279,2025-10-07,10,2,no_season,42,69377.37521606301,69377.37521606301,14.500117950896026,20,9524.664378604753,0.0,0.0,43295.07806079471,43236.32612086799,58.751939926713185,0,36756.185205237685,9,1.5290312381181874,2508.9054635129332,2670.240966827191,-1,0.0,8.526512829121202e-13,0.0046163329388946295,0.12865808291826397,0.0003552919952198863,0.1336297078523785,19425.916580323417,17330.268624914264,10,30,35,65,62,95061.67440481769,99906.8816814379,7145.388778544022,4901.530373260988,1531.5077168849036,4901.530373260988,4838.28482005762,-1,0.0,0.0
primary_grid25,280,2025-10-08,10,2,no_season,42,66349.99027793045,66349.99027793045,154.9440374125935,110,9225.703024538901,0.0,0.0,41138.389409794676,40346.732050938925,791.6573588557513,0,35807.7417492526,7,1.4923015734195493,2670.240966827191,1584.8542559533125,-1,0.0,4.547473508864641e-13,0.005786499939858913,0.11867404100485146,0.00032174994703382254,0.1247822908917442,18304.23868669504,17503.503062557564,8,29,32,61,60,97989.06405516822,102920.69319700195,7328.363999794028,4893.512508383952,1491.9892395521917,4931.629141833735,4838.28482005762,-1,0.0,0.0
primary_grid25,281,2025-10-09,10,2,no_season,42,65636.9518043427,65636.9518043427,276.6600641076881,190,8236.961620006883,0.0,0.0,40970.528351332105,39562.31453875839,1408.213812573721,0,38149.34110879488,9,1.5875530107262672,1584.8542559533125,1493.536195686932,-1,0.0,9.094947017729282e-13,0.005268209031783044,0.11877025000285357,0.0003250419395044446,0.12436350097414106,20033.004836952525,18116.336271842356,10,34,34,68,66,98444.37533049287,103441.69579984479,7462.975277997375,4495.87868889549,1589.5558795331199,4997.320469351925,4838.28482005762,-1,0.0,0.0
primary_grid25,282,2025-10-10,10,2,no_season,42,32807.106529331635,32807.106529331635,105.65583121868995,80,21685.756054925474,0.0,0.0,17389.457253992332,16948.038765567326,441.4184884250068,0,27576.995494862407,5,1.1465002776441766,1493.536195686932,1926.1103177469035,-1,0.0,6.252776074688882e-13,0.0051597090205177665,0.11873795802239329,0.0004007909446954727,0.12429845798760653,14730.195441910299,12846.800052952109,6,44,32,76,50,52573.479264054535,57483.156834580026,7630.453673260989,2460.9719770223405,1149.0414789526003,4909.677570525491,2824.531901803057,-1,0.0,0.0
primary_grid25,283,2025-10-11,10,2,no_season,42,33228.25079056596,33228.25079056596,51.47014468857583,50,17814.21513685397,0.0,0.0,17668.2548041135,17358.922852869815,309.3319512436857,0,27607.884000927726,5,1.1489402488991942,1926.1103177469035,1832.125743636936,-1,0.0,9.094947017729282e-13,0.005197542021051049,0.119435083004646,0.00033366703428328037,0.12496629205998033,14483.53810799748,13124.345892930247,6,43,33,76,53,54835.04403335598,59729.552140603526,7478.984337669068,2564.6846902835896,1150.3285000386554,4901.530373260988,2970.710442991267,-1,0.0,0.0
primary_grid25,284,2025-10-12,10,2,no_season,42,68033.27252329528,68033.27252329528,120.78585366686741,110,8134.100319653092,0.0,0.0,42132.923230043714,41574.09000830757,558.8332217361472,0,36264.04212389432,9,1.5097938894465865,1832.125743636936,1427.9338107698127,-1,0.0,9.094947017729282e-13,0.005107790930196643,0.11917466600425541,0.0003242919920012355,0.12460674892645329,18884.522098935013,17379.520024959307,10,29,33,62,62,99344.77038313259,104201.23359656324,7327.308535949499,4901.530373260988,1511.0017551622632,4901.530373260988,4980.587314765197,-1,0.0,0.0
primary_grid25,285,2025-10-13,10,2,no_season,42,67587.02301441187,67587.02301441187,80.29749817893486,100,8470.176399685592,0.0,0.0,41397.8337680508,41052.6200620273,345.21370602350083,0,38707.377387854765,9,1.6102810228818398,1427.9338107698127,1560.6361605697048,-1,0.0,9.094947017729282e-13,0.005091791972517967,0.11632495804224163,0.0003063339972868562,0.12172308401204646,20438.563100379994,18268.814287474775,10,32,36,68,65,97523.98298290366,102406.95830765157,7244.987888838772,4771.01657607528,1612.8073911606152,4901.530373260988,4821.4525,-1,0.0,0.0
primary_grid25,286,2025-10-14,10,2,no_season,42,67128.24259210592,67128.24259210592,450.2087498919409,240,4854.978144395902,0.0,0.0,42606.86879832773,40742.98662786887,1863.882170458852,0,39825.63608592914,9,1.6574231605824188,1560.6361605697048,1413.9907141629328,-1,0.0,9.094947017729282e-13,0.00477487500756979,0.11002387490589172,0.000315624987706542,0.11511437490116805,20887.64000009888,18937.99608583026,10,38,35,73,69,104253.00423244922,109245.37950279955,7194.028699434987,4596.483757301436,1659.401503580381,4992.375270350324,4861.259907443008,-1,0.0,0.0
primary_grid25,287,2025-10-15,10,2,no_season,42,68596.46307859548,68596.46307859548,200.28046265886027,130,4725.4415937417825,0.0,0.0,42882.60400486351,41890.54444841864,992.0595564448699,0,38283.35043980095,9,1.5926292735349914,1413.9907141629328,1550.5450952857987,-1,0.0,9.094947017729282e-13,0.004747959086671472,0.10955720790661871,0.000296834041364491,0.11460200103465468,20217.314368656756,18066.03607114419,10,33,34,67,71,102260.27769102772,107231.43690160263,7503.908176729562,4831.63362392707,1595.1396016583728,4971.15921057492,4848.0545,-1,0.0,0.0
primary_grid25,288,2025-10-16,10,2,no_season,42,69049.50031225737,69049.50031225737,771.3944183383136,200,4679.392873977806,0.0,0.0,45141.47568401708,42252.087559119944,2889.38812489714,0,40080.25000512124,9,1.6675518469280506,1550.5450952857987,1616.1781270455756,-1,0.0,9.094947017729282e-13,0.0046344168949872255,0.10862712503876537,0.0003085000207647681,0.11357004195451736,21127.63945586956,18952.61054925168,10,30,38,68,66,106594.17178208231,111492.25467005341,7572.864167878899,4901.096201846263,1670.010416880052,4901.530373260988,4815.257627020179,-1,0.0,0.0
primary_grid25,289,2025-10-17,10,2,no_season,42,34096.33724448638,34096.33724448638,34.617120991413344,40,16367.979472900039,0.0,0.0,18178.29816114915,17978.94617946011,199.35198168904213,0,27764.443898373993,5,1.1545951363449634,1616.1781270455756,1914.0800747003814,-1,0.0,6.821210263296962e-13,0.004791916930116713,0.11172720801550895,0.000300041981972754,0.11681916692759842,14761.609737142539,13002.834161231453,6,38,33,71,50,51526.890282766275,56484.2150795565,7530.193087339188,2529.8221281347037,1156.8518290989166,4957.324796790228,2909.490932121989,-1,0.0,0.0
primary_grid25,290,2025-10-18,10,2,no_season,42,32787.98229485447,32787.98229485447,232.96043641528084,110,15196.815683176925,0.0,0.0,18257.233421828303,17346.634436652537,910.5989851757654,0,26951.78874178596,5,1.1207121960537685,1914.0800747003814,2243.5553125462084,-1,0.0,8.526512829121202e-13,0.0047869590343907475,0.1185922920703888,0.0002959580160677433,0.12367520912084728,14349.66126160606,12602.127480179899,6,42,34,76,53,47991.64016391088,52962.234208823254,7416.572872621129,1829.8809258661772,1122.9911975744149,4970.594044912372,2798.4002,-1,0.0,0.0
primary_grid25,291,2025-10-19,10,2,no_season,42,68768.11060363095,68768.11060363095,547.03788127261,270,3973.3407684530785,0.0,0.0,44374.69355255638,42149.62168459478,2225.0718679616025,0,40355.60089321247,9,1.6806195434252689,2243.5553125462084,1574.7345142848817,-1,0.0,8.810729923425242e-13,0.004931541974656284,0.11351283290423453,0.0002977499971166253,0.11874212487600744,20905.84303816481,19449.75785504766,10,36,39,75,74,109664.5011373515,114606.79129293628,7361.094196246442,4742.316664385482,1681.4833705505198,4942.290155584774,4838.28482005762,-1,0.0,0.0
primary_grid25,292,2025-10-20,10,2,no_season,42,71423.82179393742,71423.82179393742,368.21665567221805,170,5199.3359991418065,0.0,0.0,45726.16184126931,44095.785144883186,1630.3766963861233,0,40226.96405085784,9,1.673724164254575,1574.7345142848817,1609.494140743967,-1,0.0,9.094947017729282e-13,0.005138374981470406,0.11800045799463987,0.00033841608092188835,0.12347724905703217,21189.4420673295,19037.521983528335,10,32,37,69,66,101582.37300428379,106485.5824566368,7475.9505752829045,4639.179409920008,1676.1235021190766,4903.209452353013,4838.28482005762,-1,0.0,0.0
primary_grid25,293,2025-10-21,10,2,no_season,42,72295.30199597322,72295.30199597322,316.7666129004941,130,4002.3504776583877,0.0,0.0,46049.09330470492,44629.34135812151,1419.7519465834125,0,38439.76280203984,9,1.5991645955372338,1609.494140743967,1733.6576021378871,-1,0.0,9.094947017729282e-13,0.005198874976485968,0.11495033302344382,0.0003040001029148698,0.12045320810284466,20293.449791627583,18146.313010412265,10,28,40,68,73,106445.27214162526,111444.87017954039,7481.590339644156,4858.034009600562,1601.656783418327,4999.598037915125,4838.28482005762,-1,0.0,0.0
primary_grid25,294,2025-10-22,10,2,no_season,42,72565.49642645636,72565.49642645636,463.63110400077534,250,5551.160990319218,0.0,0.0,46690.937177598964,44534.19425076594,2156.742926833022,0,39442.76516864133,9,1.64150642154081,1733.6576021378871,1580.58026790056,-1,0.0,8.668621376273222e-13,0.004775583045557141,0.1110413339920342,0.00033133302349597216,0.11614825006108731,20682.917504389625,18759.847664251713,10,30,38,68,61,100795.53612942157,105642.31101902002,7531.724549993494,4901.530373260988,1643.448548693389,4901.530373260988,4954.523700000001,-1,0.0,0.0
primary_grid25,295,2025-10-23,10,2,no_season,42,71966.22483071382,71966.22483071382,342.8725736311779,170,6986.793614573857,0.0,0.0,45949.30028757268,44556.38823363774,1392.912053934948,0,38018.32214795789,9,1.582028910348583,1580.58026790056,1522.3419823784013,-1,0.0,7.958078640513122e-13,0.005179499974474311,0.11943062499631196,0.000330875045619905,0.12494100001640618,19980.564452197857,18037.757695760036,10,29,35,64,61,99661.88714239563,104528.12480261723,7530.241037959964,4541.030720001793,1584.0967561649122,4901.530373260988,4891.411038264031,-1,0.0,0.0
primary_grid25,296,2025-10-24,10,2,no_season,42,33350.147062994336,33350.147062994336,271.75623938485535,190,13453.555702384328,0.0,0.0,18601.945870984884,17420.598855866672,1181.3470151182134,0,29339.140375685598,5,1.2203215661218252,1522.3419823784013,1726.7569022742246,-1,0.0,9.094947017729282e-13,0.004999249940738082,0.11968750006053597,0.0003273329930379987,0.12501408299431205,15543.718629506897,13795.421746178703,6,40,35,75,50,49937.64745682277,54855.98860957399,7473.453520739432,2684.2401600288104,1222.4641823202332,4918.341152751219,2846.049894151541,-1,0.0,0.0
primary_grid25,297,2025-10-25,10,2,no_season,42,33905.70254059277,33905.70254059277,192.37581200450813,130,13319.557166556055,0.0,0.0,18618.683029833563,17782.250993527312,836.4320363062487,0,28522.160142481982,5,1.1870420722534336,1726.7569022742246,1605.5109846028893,-1,0.0,8.242295734817162e-13,0.005378917092457414,0.1189471249235794,0.0003297909861430526,0.12465583300217986,14951.124297594937,13571.035844887047,6,38,36,74,58,58589.01185101817,63479.4305986534,7609.963336939132,2684.7938147397967,1188.4233392700828,4901.530373260988,2846.049894151541,-1,0.0,0.0
primary_grid25,298,2025-10-26,10,2,no_season,42,72110.92509923963,72110.92509923963,153.64281843957542,140,5553.446185390363,0.0,0.0,45175.89639066692,44523.73076613512,652.165624531803,0,38389.25676969496,9,1.597014054468514,1605.5109846028893,1752.0365866051168,-1,0.0,8.526512829121202e-13,0.005110915983095765,0.11851841700263321,0.000338125042617321,0.1239674580283463,20278.033242658566,18111.223527036396,10,30,39,69,71,103682.57857792499,108448.94626445758,7594.65096904535,4701.658259899795,1599.552365403957,4901.530373260988,4886.247794047714,-1,0.0,0.0
primary_grid25,299,2025-10-27,10,2,no_season,42,71775.3181586874,71775.3181586874,475.94661046922846,250,6829.178286769659,0.0,0.0,46122.59439150729,44141.51278028491,1981.0816112223797,0,39226.700075728804,9,1.6326088444348037,1752.0365866051168,1556.7075139494086,-1,0.0,9.094947017729282e-13,0.005265541025437415,0.11888366600032896,0.0003363339928910136,0.12448554101865739,20548.102445724544,18678.597630004253,10,30,38,68,64,105124.87366554572,110013.52353415798,7889.882762120106,4669.102965238614,1634.4458364887,4901.530373260988,4980.587314765197,-1,0.0,0.0
primary_grid25,300,2025-10-28,10,2,no_season,42,72161.28772680067,72161.28772680067,152.0283193511188,120,4305.336257671412,0.0,0.0,45207.107507425746,44485.82836345088,721.279143974868,0,40627.72122068522,9,1.6907010895316217,1556.7075139494086,1453.821885859948,-1,0.0,8.526512829121202e-13,0.00526216602884233,0.1159227080643177,0.00033195805735886097,0.1215168321505189,21331.639654582796,19296.081566102424,10,37,37,74,75,106725.88005783511,111584.98838806113,7968.190410405385,4682.819134394359,1692.8217175285506,4901.530373260988,4858.47838595553,-1,0.0,0.0
primary_grid25,301,2025-10-29,10,2,no_season,42,72671.7820737468,72671.7820737468,1079.7846361013312,280,2586.56868183288,0.0,0.0,50438.7156943696,44903.25385128288,5535.46184308672,0,40018.01500819006,9,1.6656628751621798,1453.821885859948,1200.0,-1,0.0,9.094947017729282e-13,0.005188458017073572,0.11825241695623845,0.00032658304553478956,0.12376745801884681,20935.378118102657,19082.636890087404,10,32,41,73,74,112207.73615321695,117085.09479792867,8005.8483759135925,4847.983696654947,1667.417292007919,4901.530373260988,4838.28482005762,-1,0.0,0.0
primary_grid25,302,2025-10-30,10,2,no_season,42,75513.28170097788,75513.28170097788,408.72313914455447,230,8594.694922054317,0.0,0.0,48322.859938839574,46533.505286860454,1789.3546519791234,0,38724.92849536275,9,1.6102013677153364,1200.0,1702.033956827626,-1,0.0,9.094947017729282e-13,0.005182249937206507,0.11446158308535814,0.00032083294354379177,0.11996466596610844,20632.21038171544,18092.71811364731,10,29,36,65,61,100958.24581298814,105859.77618624913,7858.408121703628,4803.342865910398,1613.5386873067812,4901.530373260988,4894.051466213112,-1,0.0,0.0
primary_grid25,303,2025-10-31,10,2,no_season,42,34902.22564989886,34902.22564989886,81.86426543070897,100,9401.806445383772,0.0,0.0,18869.760517299695,18540.495327652825,329.2651896468707,0,29608.04788599338,5,1.231695989376273,1702.033956827626,1821.8731476820665,-1,0.0,4.547473508864641e-13,0.005085667013190687,0.1170442079892382,0.00035450002178549767,0.12248437502421439,15643.01964463625,13965.02824135713,6,40,36,76,55,55331.76682330672,60220.43332409221,7659.778646249839,2521.791634101966,1233.6686619163909,4901.530373260988,2901.1973,-1,0.0,0.0
primary_grid25,304,2025-11-01,11,2,no_season,42,32497.635272993437,32497.635272993437,523.148591814168,300,8939.164049062258,0.0,0.0,18780.635377466722,17254.138029290232,1526.49734817649,0,28936.55759122728,5,1.2039867387285201,1821.8731476820665,1836.4980849594049,-1,0.0,9.094947017729282e-13,0.005257749930024147,0.11701299995183945,0.0003065420314669609,0.12257729191333055,15237.069486819648,13699.488104407632,6,44,37,81,59,46423.02474361841,51328.57002918811,7637.646307557543,2242.1776527103166,1205.68989963447,4905.5452855696985,2828.251538734577,-1,0.0,0.0
primary_grid25,305,2025-11-02,11,2,no_season,42,71110.97316228483,71110.97316228483,1364.731506789306,470,2027.8169304311496,0.0,0.0,49800.36045058647,43648.20489508449,6152.1555555019895,0,42059.09903058821,9,1.751268001780778,1836.4980849594049,1273.584900356463,-1,0.0,9.094947017729282e-13,0.004764540935866535,0.10827237495686859,0.0003134160069748759,0.11335033189971,21855.301417948933,20203.797612639275,10,36,42,78,73,111089.04250049655,116075.96648236227,7720.19032947647,4728.252379090621,1752.462459607842,4986.923981865719,4864.27,-1,0.0,0.0
primary_grid25,306,2025-11-03,11,2,no_season,42,72749.60645098309,72749.60645098309,777.0503139003107,320,1509.5986979458382,0.0,0.0,47651.983647140296,44785.2164199407,2866.767227199599,0,40609.253410054574,9,1.6888839699099523,1273.584900356463,1648.9037498112577,-1,0.0,9.094947017729282e-13,0.004897459060885012,0.11359099997207522,0.0003274169284850359,0.11881587596144527,21560.69059682941,19048.56281322517,10,35,42,77,79,104960.66133709296,109871.14158633328,7751.187903769871,4893.103629413047,1692.052225418941,4910.480249240327,4817.26293478157,-1,0.0,0.0
primary_grid25,307,2025-11-04,11,2,no_season,42,72424.72692490912,72424.72692490912,596.0223000652163,390,3669.43452231414,0.0,0.0,47192.17067394177,44540.92342542384,2651.247248517927,0,40763.793531816234,9,1.696959081829338,1648.9037498112577,1274.1642119055614,-1,0.0,9.094947017729282e-13,0.005382834002375603,0.1104606658918783,0.00031070795375853777,0.11615420784801245,21267.518100571546,19496.275431244685,10,30,41,71,67,110429.25539249492,115336.57709713222,7682.326088921395,4837.015143555503,1698.4913971590095,4907.321704637306,4838.28482005762,-1,0.0,0.0
primary_grid25,308,2025-11-05,11,2,no_season,42,73665.58809577077,73665.58809577077,736.8766306362304,330,2236.3293088269074,0.0,0.0,48583.85095654101,45401.517005823596,3182.333950717407,0,41338.08453976985,9,1.7193468140562078,1274.1642119055614,1587.024527871045,-1,0.0,9.094947017729282e-13,0.004769542021676898,0.10836333292536438,0.0002912080381065607,0.11342408298514783,21913.099945341637,19424.98459442821,10,32,40,72,76,109883.63653631389,114790.45289761423,7989.172263121974,4772.947245667508,1722.420189157077,4906.8163613003435,4939.97,-1,0.0,0.0
primary_grid25,309,2025-11-06,11,2,no_season,42,72702.53131301898,72702.53131301898,2348.5851526241463,470,1947.7837265737082,0.0,0.0,57251.53354973397,44765.128730499026,12486.404819234947,0,40185.71357703629,9,1.6729213254045148,1587.024527871045,1205.2059589342623,-1,0.0,9.094947017729282e-13,0.0048649999080225825,0.10744070797227323,0.0003054160624742508,0.11261112394277006,20959.73088305285,19225.98269398344,10,35,38,73,75,113249.43425919913,118233.02872374718,7939.0883736918995,4701.858926238204,1674.4047323765121,4983.594464548052,4876.086405599046,-1,0.0,0.0
primary_grid25,310,2025-11-07,11,2,no_season,42,34443.267150464395,34443.267150464395,322.82922498776037,270,9406.637371108529,0.0,0.0,19325.26029296797,18083.55194884589,1241.7083441220834,0,32056.475878092308,5,1.3330582452853281,1205.2059589342623,1559.5113069317165,-1,0.0,9.094947017729282e-13,0.004596834070980549,0.10755604098085314,0.0002977909753099084,0.1124506660271436,17048.7365495513,15007.739328541007,6,43,39,82,65,57854.807950816365,62723.41294880221,7573.322573260988,2793.877590095832,1335.6864949205128,4901.530373260988,2949.65,-1,0.0,0.0
primary_grid25,311,2025-11-08,11,2,no_season,42,33855.24933862737,33855.24933862737,280.46665953523893,190,8738.77093195359,0.0,0.0,18979.805922166714,17633.608744398734,1346.1971777679807,0,30448.790938438295,5,1.266934240703353,1559.5113069317165,1562.685728767584,-1,0.0,9.094947017729282e-13,0.00470387504901737,0.10870175005402416,0.0002954159863293171,0.11370104108937085,16027.26445232366,14421.526486114637,6,39,37,76,57,57842.506435771094,62589.66859069033,7672.140773260988,2669.3049347939586,1268.6996224349289,4901.530373260988,2840.6891705363414,-1,0.0,0.0
primary_grid25,312,2025-11-09,11,2,no_season,42,75061.42059956865,75061.42059956865,911.2143490772653,360,2433.8949595488566,0.0,0.0,50612.77635106211,46412.8565663385,4199.919784723605,0,41694.08221905382,9,1.73485108469912,1562.685728767584,1560.1796811940317,-1,0.0,9.094947017729282e-13,0.004723540972918272,0.10891458299010992,0.000339541002176702,0.1139776649652049,21943.002512408773,19751.07970664504,10,31,41,72,74,110075.26425689862,115054.67691979866,8129.153443069715,4739.828493205186,1737.253425793909,4979.412662900036,4804.714461396638,-1,0.0,0.0
primary_grid25,313,2025-11-10,11,2,no_season,42,76436.79150630723,76436.79150630723,1201.9576073401104,500,1687.0570477932288,0.0,0.0,52903.999199828686,47094.890438625385,5809.10876120331,0,42759.42760979367,9,1.7795187754908484,1560.1796811940317,1402.7142095922268,-1,0.0,9.094947017729282e-13,0.004843082977458835,0.10929383302573115,0.0003002079902216792,0.11443712399341166,22426.33828782389,20333.089321969775,10,34,42,76,78,114138.70166835608,119133.96396777044,7911.872386387216,4830.875226714503,1781.642817074736,4995.262299414362,4838.28482005762,-1,0.0,0.0
primary_grid25,314,2025-11-11,11,2,no_season,42,77708.45926364188,77708.45926364188,405.130454897506,200,4102.9951719034425,0.0,0.0,49956.88724552475,48268.15556579061,1688.7316797341375,0,42613.73328816872,9,1.7726528601404752,1402.7142095922268,1611.750746832731,-1,0.0,9.094947017729282e-13,0.004495500004850328,0.11113474995363504,0.0003022500313818455,0.11593249998986721,22532.654084069,20081.07920409972,10,30,40,70,65,111269.08442082384,116153.4486253678,7570.490402551404,4817.571941421258,1775.5722203403632,4901.530373260988,4838.28482005762,-1,0.0,0.0
primary_grid25,315,2025-11-12,11,2,no_season,42,77051.6503302676,77051.6503302676,536.6610432294972,250,4562.788798376081,0.0,0.0,50452.82190650956,47758.01609714817,2694.805809361398,0,42653.818952368296,9,1.7751643842642058,1611.750746832731,1436.104286000263,-1,0.0,9.094947017729282e-13,0.0049831250216811895,0.11548870906699449,0.0003265420673415065,0.12079837615601718,22361.676888744656,20292.142063623643,10,29,42,71,64,112507.93184837778,117493.2578562483,7270.706963138315,4901.530373260988,1777.242456348679,4985.326007870528,4905.9511,-1,0.0,0.0
primary_grid25,316,2025-11-13,11,2,no_season,42,76758.39171052561,76758.39171052561,638.0490639565086,340,2871.4548738408,0.0,0.0,50689.85852396241,47735.81948090588,2954.0390430565276,0,41747.26076496769,9,1.7372078612711812,1436.104286000263,1367.9000880287913,-1,0.0,9.094947017729282e-13,0.005129917059093714,0.11451225006021559,0.00030079204589128494,0.11994295916520059,21938.187674471166,19809.073090496517,10,31,43,74,71,111883.70320383503,116873.11778900294,6997.391489166258,4876.752056346276,1739.46919854032,4989.414585167902,4980.587314765197,-1,0.0,0.0
primary_grid25,317,2025-11-14,11,2,no_season,42,35006.779691511016,35006.779691511016,288.7391960624717,230,5714.941602417852,0.0,0.0,19829.28146581829,18641.074617953345,1188.206847864946,0,31043.40733640096,5,1.2909177616106697,1367.9000880287913,1716.6418860109738,-1,0.0,4.547473508864641e-13,0.004907499998807907,0.10846033308189362,0.00029158301185816526,0.1136594160925597,16512.764660778295,14530.642675622665,6,39,37,76,63,56161.25871123708,61107.6928705295,7558.647260846361,2693.0544637747394,1293.4753056833733,4946.434159292419,2835.56,-1,0.0,0.0
primary_grid25,318,2025-11-15,11,2,no_season,42,34586.983048687965,34586.983048687965,383.30984125206874,230,5216.666956436383,0.0,0.0,19924.64296044273,18382.67482423003,1541.9681362126971,0,31164.85439260002,7,1.2969521714468857,1716.6418860109738,1617.9886749476066,-1,0.0,7.958078640513122e-13,0.004701290978118777,0.1085555839817971,0.00029841705691069365,0.11355529201682657,16353.296704718501,14811.557687881515,8,43,38,81,80,59503.56641195098,64457.95813950925,7575.690335864861,2683.8877371640815,1298.5355996916674,4954.391727558264,2846.049894151541,-1,0.0,0.0
primary_grid25,319,2025-11-16,11,2,no_season,42,79226.96142206644,79226.96142206644,655.7797317772558,270,3185.390925362045,0.0,0.0,52472.8418720874,49365.86971845829,3106.9721536291095,0,43898.4826286778,9,1.82667292175957,1617.9886749476066,1570.2819443284495,-1,0.0,9.094947017729282e-13,0.004758708993904293,0.10868008295074105,0.00029574998188763857,0.11373454192653298,23080.644236913053,20817.838391764737,10,32,45,77,74,113278.83168967946,118144.81563716511,7273.9692264732275,4828.797987077115,1829.1034428615744,4901.530373260988,4838.28482005762,-1,0.0,0.0
primary_grid25,320,2025-11-17,11,2,no_season,42,80685.2779612031,80685.2779612031,328.10370301293943,180,6026.320299595203,0.0,0.0,51921.84923435244,50423.353069463,1498.4961648894418,0,41745.88661628432,9,1.7367943467525941,1570.2819443284495,1664.5677287337653,-1,0.0,9.094947017729282e-13,0.004629916977137327,0.10720520897302777,0.0003089170204475522,0.11214404297061265,22018.596823785912,19727.289792498406,10,30,44,74,69,110709.88943701016,115641.2594143703,6879.815246405047,4874.767904866464,1739.41194234518,4931.369977360137,4731.4359,-1,0.0,0.0
primary_grid25,321,2025-11-18,11,2,no_season,42,79129.6348887436,79129.6348887436,561.8135568947747,260,2619.1119861508396,0.0,0.0,51954.31378144409,49432.91033791467,2521.4034435294307,0,42181.851432489755,9,1.7552252734430471,1664.5677287337653,1626.201735727681,-1,0.0,9.094947017729282e-13,0.005071540945209563,0.10787366703152657,0.0002948329783976078,0.11324004095513374,22181.81802932198,20000.033403167774,10,31,45,76,78,111238.41132676529,116205.92117676634,7215.315781453151,4900.535803020371,1757.5771430204063,4967.509850001049,4838.28482005762,-1,0.0,0.0
primary_grid25,322,2025-11-19,11,2,no_season,42,80059.8329261736,80059.8329261736,911.5766487507398,330,3397.614796437223,0.0,0.0,53980.179632833766,49847.608302757035,4132.571330076737,0,44505.16414950532,9,1.8521122850728007,1626.201735727681,1489.1178551747776,-1,0.0,9.094947017729282e-13,0.004720583092421293,0.11569362506270409,0.0003368330653756857,0.12075104122050107,23355.323663996227,21149.8404855091,10,30,45,75,72,113953.73701496056,118847.6669441314,7068.824210024912,4901.530373260988,1854.381839562722,4901.530373260988,4814.1378,-1,0.0,0.0
primary_grid25,323,2025-11-20,11,2,no_season,42,80374.08113565588,80374.08113565588,649.5149111814793,270,3797.396635278296,0.0,0.0,53133.542261069866,50252.525859403286,2881.016401666577,0,42455.133162078266,9,1.7660758696506709,1489.1178551747776,1688.0362419518272,-1,0.0,8.526512829121202e-13,0.0052570829866454005,0.10956441704183817,0.0003048330545425415,0.11512633308302611,22444.128270152003,20011.004891926263,10,30,44,74,72,109624.17383372647,114594.52893393849,7144.532524886112,4830.329403641372,1768.9638817532611,4970.355100212024,4771.7239010112635,-1,0.0,0.0
primary_grid25,324,2025-11-21,11,2,no_season,42,35682.928496329514,35682.928496329514,366.36462550689953,240,5355.6723269747945,0.0,0.0,20224.647036391863,19075.667406149125,1148.9796302427367,0,31462.204708698217,5,1.3087276112975863,1688.0362419518272,1861.6080300171031,-1,0.0,8.526512829121202e-13,0.004755125031806529,0.1151334170717746,0.0003215000033378601,0.12021004210691899,16645.720718446584,14816.483990251636,6,40,38,78,72,54483.129089801434,59460.32491267721,7706.638441626867,2601.8192687045203,1310.9251961957589,4977.195822875781,2846.8152999999998,-1,0.0,0.0
primary_grid25,325,2025-11-22,11,2,no_season,42,36020.770236805234,36020.770236805234,279.82094554555573,210,4527.37309819694,0.0,0.0,20209.05107253551,19164.414373647392,1044.6366988881164,0,31897.963852133864,7,1.3275152120311335,1861.6080300171031,1735.9823105887988,-1,0.0,9.094947017729282e-13,0.005117250024341047,0.11310795799363405,0.0003111669793725014,0.1185363749973476,16725.67622647719,15172.287625656676,8,40,40,80,75,57464.3319677964,62450.56059606251,7552.119437537185,2682.91079619953,1329.0818271722446,4986.228628266109,2988.352388859118,-1,0.0,0.0
primary_grid25,326,2025-11-23,11,2,no_season,42,82439.10117122192,82439.10117122192,383.2865374863696,180,5452.994872751554,0.0,0.0,53629.72882160645,51827.96704408691,1801.7617775195426,0,42753.84883898393,9,1.7791892744329467,1735.9823105887988,1622.9195875732385,-1,0.0,7.958078640513122e-13,0.004743166035041213,0.1108557500410825,0.0003244170220568776,0.11592333309818059,22445.57269580366,20308.276143180272,10,30,42,72,74,117081.3980896603,122071.58411506574,7071.316099390901,4840.0543147956505,1781.410368290997,4990.186025405429,4777.609742899036,-1,0.0,0.0
primary_grid25,327,2025-11-24,11,2,no_season,42,81598.22206872077,81598.22206872077,503.13304824362746,270,5887.143253360913,0.0,0.0,53454.99768957104,51194.28817859679,2260.70951097425,0,40147.890188884456,9,1.6706436853683408,1622.9195875732385,1562.056542825257,-1,0.0,9.094947017729282e-13,0.004978832905180752,0.11204250005539507,0.0002993750385940075,0.11732070799916983,21100.079176243973,19047.811012640483,10,29,42,71,66,120354.81115056342,125180.93032701297,7059.153497751868,4822.595734487812,1672.8287578701857,4901.530373260988,4838.28482005762,-1,0.0,0.0
primary_grid25,328,2025-11-25,11,2,no_season,42,81464.50788054723,81464.50788054723,491.45604010638374,310,3429.4452470880065,0.0,0.0,52933.300167243455,51027.59670445018,1905.7034627932728,0,44547.212339338745,9,1.8535321050919253,1562.056542825257,1575.3430417158274,-1,0.0,9.094947017729282e-13,0.0046443329192698,0.11037754209246486,0.0003164170775562525,0.11533829208929092,23452.53527311884,21094.677066219905,10,32,46,78,78,113248.85537490985,118232.24735910891,7017.196671203245,4788.485559024889,1856.133847472448,4983.391984199059,4790.415,-1,0.0,0.0
primary_grid25,329,2025-11-26,11,2,no_season,42,83054.64677860778,83054.64677860778,265.0360081435491,180,4198.098953478899,0.0,0.0,53219.12902055778,52086.65175066833,1132.4772698894553,0,44007.81169799963,9,1.8310125795436465,1575.3430417158274,1623.1256026983292,-1,0.0,9.094947017729282e-13,0.004446582985110581,0.11670754197984934,0.00032599992118775845,0.12148012488614768,23185.86432396937,20821.947374030256,10,31,46,77,77,120097.12604610132,124996.48683305336,7241.291843298559,4901.530373260988,1833.658820749984,4901.530373260988,4918.01,-1,0.0,0.0
primary_grid25,330,2025-11-27,11,2,no_season,42,82502.37078274801,82502.37078274801,332.77492925018726,170,4790.564265877565,0.0,0.0,53186.30562326581,51652.362608110925,1533.9430151548931,0,43267.29852162633,9,1.8003351436379917,1623.1256026983292,1609.5692884258976,-1,0.0,8.242295734817162e-13,0.005216166959144175,0.11114116595126688,0.0002995419781655073,0.11665687488857657,22765.49361720682,20501.804904419514,10,29,47,76,75,114171.68156723915,119085.06666992685,7002.108155406808,4901.530373260988,1802.8041050677639,4913.3851026876955,4810.416603380801,-1,0.0,0.0
primary_grid25,331,2025-11-28,11,2,no_season,42,37009.00166356911,37009.00166356911,283.93370075939777,200,4623.890675199162,0.0,0.0,21101.13805484359,19832.131405113,1269.0066497305909,0,32750.469202119595,5,1.3626586228694009,1609.5692884258976,1633.6999673510388,-1,0.0,6.821210263296962e-13,0.004706124891526997,0.11026441701687872,0.0003542080521583557,0.11532474996056408,17249.13767062447,15501.331531495123,6,42,40,82,81,64861.342474632234,69860.4652368758,7703.790073260989,3267.7841788591218,1364.6028834216497,4999.122762243559,3066.075,-1,0.0,0.0
primary_grid25,332,2025-11-29,11,2,no_season,42,37944.82491653114,37944.82491653114,669.1448968940342,190,2434.0228272624836,0.0,0.0,23006.836374542356,20167.496670576584,2839.339703965777,0,31426.479067755077,5,1.3085079047314498,1633.6999673510388,1229.6115720762805,-1,0.0,8.526512829121202e-13,0.005526249995455146,0.12172187503892928,0.0003921670140698552,0.12764029204845428,16338.487976958884,15087.991090796191,6,43,40,83,85,65527.8723147424,70374.37926320662,7527.850129433142,3540.53609726209,1309.4366278231282,4901.530373260988,2984.9234769927107,-1,0.0,0.0
primary_grid25,333,2025-11-30,11,2,no_season,42,86139.0102198481,86139.0102198481,617.0642560938065,290,3847.9826738827555,0.0,0.0,56622.468692997645,53948.8871643492,2673.581528648441,0,46437.93895855173,9,1.9317510436454686,1229.6115720762805,1449.077387088642,-1,0.0,9.094947017729282e-13,0.005910916952416301,0.12460616696625948,0.00033662503119558096,0.13085370894987136,24550.601321972106,21887.337636579625,10,32,46,78,72,115957.21767629642,120829.58190684725,7389.7118719362825,4901.530373260988,1934.9141232729885,4901.530373260988,4838.28482005762,-1,0.0,0.0
primary_grid25,334,2025-12-01,12,2,no_season,42,86313.49387773838,86313.49387773838,4065.3718951665796,650,1462.163249806606,0.0,0.0,69897.65119643763,54347.083986156504,15550.567210281126,0,47439.694619216956,9,1.9736486894129242,1449.077387088642,1570.1940121541772,-1,0.0,9.094947017729282e-13,0.00509787502232939,0.11805529205594212,0.0003600000636652112,0.12351316714193672,25028.734704490987,22410.959914725965,10,33,43,76,77,121604.43482998395,126325.77396559838,7394.911179044908,4729.010499157121,1976.653942467373,4901.530373260988,4980.587314765197,-1,0.0,0.0
primary_grid25,335,2025-12-02,12,2,no_season,42,90302.58077350112,90302.58077350112,2072.0312645312483,500,1430.7908892205664,0.0,0.0,66137.51009785535,57454.70072583359,8682.80937202176,0,47603.81097699494,9,1.981181002874345,1570.1940121541772,1370.4646500289043,-1,0.0,9.094947017729282e-13,0.005436499952338636,0.1193711250089109,0.00032279198057949543,0.12513041694182903,24954.911087903372,22648.899889091565,10,34,42,76,79,116323.37054450343,121255.29665376419,7423.003252881968,4862.633969542771,1983.4921240414556,4931.92610926076,4980.587314765197,-1,0.0,0.0
primary_grid25,336,2025-12-03,12,2,no_season,42,92445.34554051943,92445.34554051943,876.3399347010331,340,3206.338311423831,0.0,0.0,61784.42414220645,58915.505382338364,2868.9187598680974,0,46480.31324818618,9,1.9328837025290517,1370.4646500289043,1877.4336309864966,-1,0.0,7.958078640513122e-13,0.005117999971844256,0.11919212492648512,0.0003237500786781311,0.12463387497700751,24716.455922658075,21763.857325528108,10,34,43,77,81,118408.32534320804,123338.5397882583,7605.277772704952,4799.138317646558,1936.6797186744245,4930.214445050271,4923.045136942119,-1,0.0,0.0
primary_grid25,337,2025-12-04,12,2,no_season,42,92867.34608202576,92867.34608202576,1460.0005835194706,360,5335.3107398418315,0.0,0.0,65375.066673985115,58889.12703762114,6485.939636363971,0,46537.792322471934,9,1.9368889771655835,1877.4336309864966,1648.5861329315567,-1,0.0,9.094947017729282e-13,0.005254707997664809,0.1208278329577297,0.0003409580094739795,0.12642349896486849,24379.309749087664,22158.48257338427,10,32,43,75,71,118027.59765782909,122913.73639728669,7635.071220670639,4898.310663566827,1939.0746801029973,4901.530373260988,4980.587314765197,-1,0.0,0.0
primary_grid25,338,2025-12-05,12,2,no_season,42,45519.85907321376,45519.85907321376,761.9057904169227,270,2732.3780422364475,0.0,0.0,26998.734915507994,24480.60333257202,2518.131582935976,0,36428.445700430995,7,1.5150443922905124,1648.5861329315567,1969.503447236478,-1,0.0,8.810729923425242e-13,0.004985292092896998,0.12055720901116729,0.00031795899849385023,0.12586046010255814,19333.102419245948,17095.343281185043,8,44,43,87,83,68382.5102726729,73292.98272642386,7804.575725961181,3232.0479183916777,1517.8519041846246,4910.47245375096,3557.5623676894265,-1,0.0,0.0
primary_grid25,339,2025-12-06,12,2,no_season,42,47515.87390369899,47515.87390369899,1131.115651448815,350,3142.315729163816,0.0,0.0,29749.43832018505,25533.769405746098,4215.66891443896,0,35345.555422909674,5,1.4707347352777693,1969.503447236478,1949.225961237142,-1,0.0,9.094947017729282e-13,0.00499895797111094,0.11499308294150978,0.00033187505323439837,0.12032391596585512,18592.7992161135,16752.75620679617,6,42,42,84,81,76056.36929592528,80992.66292121031,7847.318707344834,3651.8996759683455,1472.7314759545698,4936.293625285032,3415.2598729818496,-1,0.0,0.0
primary_grid25,340,2025-12-07,12,2,no_season,42,90977.42431537487,90977.42431537487,1039.324281024847,470,2355.3464431213015,0.0,0.0,61604.21001567304,57560.124739166386,4044.0852765066547,0,47419.615128787664,9,1.9741483810399003,1949.225961237142,1461.5016603290355,-1,0.0,9.094947017729282e-13,0.00510774995200336,0.11516599997412413,0.00034708401653915644,0.12062083394266665,24714.168016033043,22705.44711275462,10,34,44,78,77,116022.99155577616,120929.41738001292,7580.172331725016,4794.49162907841,1975.8172970328196,4906.425824236769,4980.587314765197,-1,0.0,0.0
primary_grid25,341,2025-12-08,12,2,no_season,42,98229.23310157523,98229.23310157523,114.25348964403912,70,7900.508215456018,0.0,0.0,63162.57470017672,62567.758282580144,594.8164175965851,0,45542.21948179489,9,1.8945258230271527,1461.5016603290355,1660.5859305382037,-1,0.0,9.094947017729282e-13,0.005359000060707331,0.11451666697394103,0.00031270901672542095,0.12018837605137378,24068.993370445736,21473.22611134915,10,33,40,73,71,121794.13705538402,126781.03842462672,7537.888156030567,4569.491218943309,1897.5924784081205,4986.9013692427,4564.485648297163,-1,0.0,0.0
primary_grid25,342,2025-12-09,12,2,no_season,42,96956.47636765294,96956.47636765294,242.59656139401,180,7534.974318859246,0.0,0.0,63035.12871503222,61860.86722346765,1174.2614915645684,0,45994.76301455682,9,1.914110972554,1660.5859305382037,1515.2518399452833,-1,0.0,9.094947017729282e-13,0.005098958965390921,0.11657520802691579,0.0003007079940289259,0.12197487498633564,24135.203679038925,21859.559335517893,10,33,39,72,67,122824.56789499611,127817.2608479594,7936.716075082094,4868.421885140257,1916.4484589398676,4992.692952963295,4980.587314765197,-1,0.0,0.0
primary_grid25,343,2025-12-10,12,2,no_season,42,96188.77157436026,96188.77157436026,378.07420249502513,160,5789.627295862438,0.0,0.0,62808.23476867872,61219.58558346736,1588.6491852113659,0,45208.13875825874,9,1.8810392215733345,1515.2518399452833,1525.4903207079424,-1,0.0,9.094947017729282e-13,0.004706125007942319,0.11319200007710606,0.0003072089748457074,0.11820533405989408,23798.86938629247,21409.26937196627,10,32,39,71,69,124897.99557859042,129861.17872938895,7903.619440894936,4800.369560230848,1883.6724482607808,4963.183150798541,4818.165699170828,-1,0.0,0.0
primary_grid25,344,2025-12-11,12,2,no_season,42,95655.9286732306,95655.9286732306,144.4914163905445,100,7428.850474607178,0.0,0.0,61379.35260665555,60749.0428269714,630.3097796841593,0,45580.38655480116,9,1.8965255831443968,1525.4903207079424,1536.8532713842797,-1,0.0,9.094947017729282e-13,0.004661542014218867,0.111967624980025,0.0003043749602511525,0.11693354195449501,23995.350734907566,21585.03581989359,10,32,41,73,70,125771.25288027368,130535.23331927703,7431.039736261067,4901.530373260988,1899.182773116715,4901.530373260988,4949.120127750948,-1,0.0,0.0
primary_grid25,345,2025-12-12,12,2,no_season,42,52081.88181212752,52081.88181212752,105.56547226467414,110,6280.244654012828,0.0,0.0,27960.642859485197,27484.695557928488,475.947301556707,0,34807.99442272464,5,1.4475306332455153,1536.8532713842797,1898.1434609152066,-1,0.0,7.958078640513122e-13,0.004671333008445799,0.11388499999884516,0.0003212919691577554,0.11887762497644871,18500.391784885334,16307.602637839303,6,28,42,70,68,73300.75968397423,78285.4372696468,4934.368757020051,4161.60139354072,1450.3331009468602,4984.677585672566,3746.324850631775,-1,0.0,0.0
primary_grid25,346,2025-12-13,12,2,no_season,42,53631.12947397828,53631.12947397828,93.55952412959545,70,7967.484232764528,0.0,0.0,28569.00463470915,28198.783962287234,370.22067242191406,0,35029.73735121351,7,1.4572968741138315,1898.1434609152066,2013.3040688581852,-1,0.0,9.094947017729282e-13,0.005001332960091531,0.1131757500115782,0.00031712499912828207,0.11849420797079802,18494.204366611768,16535.53298460174,8,30,45,75,71,74943.90634859804,79857.17850600518,5180.538051900453,3778.9218039012144,1459.572389633896,4913.272157407132,3803.43,-1,0.0,0.0
primary_grid25,347,2025-12-14,12,2,no_season,42,96350.13197951484,96350.13197951484,235.43321497388322,130,5773.026921144935,0.0,0.0,62861.470784705685,61740.05798614232,1121.412798563367,0,45221.080426850196,9,1.882360516145191,2013.3040688581852,1666.5831216866459,-1,0.0,9.094947017729282e-13,0.005104915937408805,0.11267854203470051,0.00030025001615285873,0.11808370798826218,23627.448450097003,21593.631976753197,10,32,41,73,72,120821.99465479232,125797.49659158256,7716.1879054064475,4871.689476690462,1884.2116844520917,4975.501936790245,4748.2876798984125,-1,0.0,0.0
primary_grid25,348,2025-12-15,12,2,no_season,42,96240.48836538091,96240.48836538091,92.85628124782437,90,4392.613216197327,0.0,0.0,61905.16071645603,61461.549220082095,443.6114963739291,0,46992.53125262198,9,1.9553129632533488,1666.5831216866459,1664.4625277447708,-1,0.0,9.094947017729282e-13,0.004693707916885614,0.10962412494700402,0.0003024160396307707,0.1146202489035204,24731.852358193355,22260.67889442862,10,33,39,72,75,127178.15752145112,132132.92090722948,7889.882762120106,4899.073346405586,1958.0221355259155,4954.7633857783385,4952.299358458565,-1,0.0,0.0
primary_grid25,349,2025-12-16,12,2,no_season,42,96119.59892857698,96119.59892857698,121.99622569262118,130,4475.044082557896,0.0,0.0,61965.560195325845,61482.892233861276,482.66796146456704,0,46495.94852990325,9,1.934862781526463,1664.4625277447708,1565.6300983888418,-1,0.0,9.094947017729282e-13,0.00484570802655071,0.10651583399157971,0.00029912497848272324,0.11166066699661314,24422.204134140808,22073.74439576245,10,33,39,72,74,125562.23932244704,130530.41452192274,7339.235186531704,4884.001283248404,1937.3311887459688,4968.175199475699,4980.587314765197,-1,0.0,0.0
primary_grid25,350,2025-12-17,12,2,no_season,42,96247.5972964869,96247.5972964869,240.11884737083875,180,5772.405933071592,0.0,0.0,62387.34529946914,61138.95122166084,1248.3940778082995,0,45806.954999652015,9,1.905730561050077,1565.6300983888418,1678.3571139805276,-1,0.0,8.526512829121202e-13,0.00460458395536989,0.10905470803845674,0.0002895829966291785,0.1139488749904558,24165.20907188575,21641.745927766264,10,32,40,72,68,125651.2353292176,130612.02616356447,7747.58026741253,4895.183432196154,1908.6231249855005,4960.790834346871,4920.758873137428,-1,0.0,0.0
primary_grid25,351,2025-12-18,12,2,no_season,42,94123.55489513533,94123.55489513533,513.1569508981343,200,4804.935253320922,0.0,0.0,62019.49708042848,59748.849803509,2270.647276919481,0,48122.406977087434,9,2.0024688973575984,1678.3571139805276,1611.0151419630174,-1,0.0,9.094947017729282e-13,0.004533875035122037,0.10940624994691461,0.00029125006403774023,0.11423137504607439,25293.958301566654,22828.448675520784,10,34,42,76,69,122371.4610592573,127251.75917943177,7513.171082289118,4867.368170563932,2005.1002907119769,4901.530373260988,4980.587314765197,-1,0.0,0.0
primary_grid25,352,2025-12-19,12,2,no_season,42,52211.009377471,52211.009377471,133.0707382366189,80,7349.309291114985,0.0,0.0,28157.311423409592,27734.088035918357,423.2233874912398,0,34872.33640897138,9,1.4504489485653564,1611.0151419630174,1862.356899960043,-1,0.0,9.094947017729282e-13,0.004574583959765732,0.11352779099252075,0.00034187501296401024,0.11844424996525049,18479.357966782005,16392.97844218937,10,28,42,70,68,79512.89704283104,84502.87542439398,5382.058591726778,4814.049824205463,1453.014017040474,4989.978381562941,3756.5816999999997,-1,0.0,0.0
primary_grid25,353,2025-12-20,12,2,no_season,42,52626.787727396506,52626.787727396506,119.1133158224917,60,7799.176061210908,0.0,0.0,28316.652377127983,27894.518974661918,422.1334024660633,0,35631.098143215815,7,1.4820991310095522,1862.356899960043,2077.707152954606,-1,0.0,9.094947017729282e-13,0.004906165995635092,0.11848745902534574,0.0003231670707464218,0.12371679209172726,18860.73543761195,16770.36270560386,8,30,45,75,69,74269.70392908227,79251.19628796652,4982.830235272459,4277.994851812167,1484.6290893006587,4981.4923588842485,3666.3034468513833,-1,0.0,0.0
primary_grid25,354,2025-12-21,12,2,no_season,42,96495.44713662977,96495.44713662977,271.3294813797985,130,5790.27611261709,0.0,0.0,62941.90725897605,61829.86646618082,1112.0407927952253,0,45031.74494476404,9,1.8746694257407852,2077.707152954606,1645.7352385224472,-1,0.0,9.094947017729282e-13,0.004870417062193155,0.11520899995230138,0.00032033398747444153,0.12039975100196898,23485.231791744918,21546.51315301912,10,33,38,71,72,125638.95878816988,130523.36762280884,7761.972567249253,4894.360199438927,1876.322706031835,4901.530373260988,4980.587314765197,-1,0.0,0.0
primary_grid25,355,2025-12-22,12,2,no_season,42,97570.67150640703,97570.67150640703,141.71410708572682,150,6384.530085268218,0.0,0.0,62741.79814173505,62202.63010729108,539.1680344439753,0,46881.23160878541,9,1.9508463597817252,1645.7352385224472,1568.6235639067404,-1,0.0,9.094947017729282e-13,0.004967416985891759,0.11509466695133597,0.0003272920148447156,0.12038937595207244,24635.830026838314,22245.401581947102,10,34,40,74,72,123798.37388237588,128637.09777012019,7650.705245626334,4898.219242034917,1953.384650366059,4901.530373260988,4980.587314765197,-1,0.0,0.0
primary_grid25,356,2025-12-23,12,2,no_season,42,96680.34806106957,96680.34806106957,68.0606079467201,80,6956.404744255191,0.0,0.0,61968.94816670522,61791.292296225816,177.65587047939647,0,45262.778859276266,9,1.8830021407408537,1568.6235639067404,1720.4939290629927,-1,0.0,9.094947017729282e-13,0.005011041066609323,0.11921108397655189,0.00043583393562585115,0.12465795897878706,23898.345125352018,21364.43373392425,10,32,39,71,67,123750.79015425507,128692.64865033446,7824.092773260989,4771.461943493979,1885.9491191365112,4941.8584960794005,4787.922595414172,-1,0.0,0.0
primary_grid25,357,2025-12-24,12,2,no_season,42,95223.08332902585,95223.08332902585,433.444534488761,210,5700.893739728233,0.0,0.0,62441.33058723289,60370.62937760624,2070.7012096266617,0,47209.30383667277,9,1.9651704365948086,1720.4939290629927,1336.3360907002498,-1,0.0,9.094947017729282e-13,0.005205625086091459,0.11594712501391768,0.0003742920234799385,0.12152704212348908,24655.189321896236,22554.114514776535,10,33,41,74,68,129211.85263964653,134052.33443084147,7677.123673260989,4901.530373260988,1967.054326528032,4901.530373260988,4980.587314765197,-1,0.0,0.0
primary_grid25,358,2025-12-25,12,2,no_season,42,95300.32548552583,95300.32548552583,277.23968831622096,150,5216.8722301169155,0.0,0.0,61892.371352969,60585.23333127711,1307.1380216918851,0,46090.25710043295,9,1.9174967783684551,1336.3360907002498,1458.9474353814464,-1,0.0,9.094947017729282e-13,0.005284167011268437,0.11450895806774497,0.0003302919212728739,0.12012341700028628,24319.250755412373,21771.006345020574,10,33,40,73,74,127062.00002973761,132049.94855325692,7338.470561226356,4901.530373260988,1920.427379184706,4987.948523519322,4980.587314765197,-1,0.0,0.0
primary_grid25,359,2025-12-26,12,2,no_season,42,51649.840437459425,51649.840437459425,76.96410310010694,70,6116.600600922559,0.0,0.0,27762.71120553658,27430.006279880272,332.70492565630695,0,35826.780484678704,7,1.4891390543961882,1458.9474353814464,2176.9040054551097,-1,0.0,6.750155989720952e-13,0.004829582991078496,0.11519491707440466,0.00032820808701217175,0.12035270815249532,19214.68099549117,16612.09948918753,8,29,44,73,71,72537.8037493375,77382.7455725534,4995.9983074715965,2970.1099921959635,1492.7825201949458,4901.530373260988,3910.0700000000006,-1,0.0,0.0
primary_grid25,360,2025-12-27,12,2,no_season,42,52110.07835604556,52110.07835604556,68.5380461305001,70,7336.674225661894,0.0,0.0,27853.205273852775,27656.655587242385,196.54968661038913,0,33967.387859604845,7,1.4139712499984913,2176.9040054551097,1891.8848223612822,-1,0.0,9.094947017729282e-13,0.004928582930006087,0.11749404098372906,0.0003399580018594861,0.12276258191559464,17735.260484726175,16232.12737487867,8,29,44,73,70,75562.62302449625,80452.11140992618,5138.443033403786,4467.358498234643,1415.3078274835352,4901.530373260988,3838.436340031339,-1,0.0,0.0
primary_grid25,361,2025-12-28,12,2,no_season,42,96456.94517380188,96456.94517380188,256.8950788287169,140,7667.256999771296,0.0,0.0,63027.73937150681,61635.463334696564,1392.276036810244,0,43407.646714759714,9,1.8062489890984055,1891.8848223612822,1844.5347128843314,-1,0.0,8.526512829121202e-13,0.004918750026263297,0.12080504198092967,0.0003262909594923258,0.1260500829666853,22822.48760880951,20585.159105950206,10,30,39,69,70,121650.28465762013,126504.68459405124,6965.961192635061,4901.530373260988,1808.6519464483217,4901.530373260988,4980.587314765197,-1,0.0,0.0
primary_grid25,362,2025-12-29,12,2,no_season,42,95901.53005382135,95901.53005382135,203.10162748517598,130,6461.785268119263,0.0,0.0,62132.74748636521,61282.51896028401,850.2285260811948,0,44461.90389949944,9,1.8504970162232082,1844.5347128843314,1623.2078947439986,-1,0.0,9.094947017729282e-13,0.004870665958151221,0.11819779104553163,0.00033962505403906107,0.12340808205772191,23290.49202301002,21171.41187648942,10,33,41,74,74,120264.3581843698,125200.45406833536,7537.004962849027,4585.30260724415,1852.5793291458103,4936.095883965558,4548.933225333216,-1,0.0,0.0
primary_grid25,363,2025-12-30,12,2,no_season,42,95289.47268019973,95289.47268019973,177.43219816292776,120,6830.983966677524,0.0,0.0,61352.20617366769,60526.58349636049,825.622677307206,0,45315.883993416006,9,1.8854867041499552,1623.2078947439986,1649.7164213321257,-1,0.0,9.094947017729282e-13,0.004762500058859587,0.11690779204946011,0.00029620900750160217,0.1219665011158213,23863.701152550573,21452.182840865433,10,31,41,72,67,123430.30760519062,128328.50744387995,7424.615031008021,4901.530373260988,1888.1618330590002,4901.530373260988,4980.587314765197,-1,0.0,0.0
primary_grid25,364,2025-12-31,12,2,no_season,42,94467.7554540706,94467.7554540706,653.6222294859872,280,4154.8291922796025,0.0,0.0,62575.297348763226,60012.71260848102,2562.584740282214,0,47481.01556317852,9,1.9760264305088289,1649.7164213321257,1470.5928945854748,-1,0.0,9.094947017729282e-13,0.00461258296854794,0.1088510409463197,0.0003096669679507613,0.1137732908828184,24900.570560561082,22580.44500261743,10,34,42,76,73,124609.03458201414,129512.35846424777,7889.882762120106,4826.240442227342,1978.3756484657715,4903.323882233626,4915.186773867822,-1,0.0,0.0
