day,date,month,scenario,planned_kwh,final_kwh,emergency_kwh,emergency_minutes,charge_kwh,discharge_kwh,surplus_kwh,initial_soc,final_soc,planned_cost,up_cost,down_cost,emergency_cost,total_cost,violations,max_balance_error,max_state_error,solve_execute_seconds,solver_calls,timeout_count,fallback_count,incumbent_count,gap_certified_count,weight,updates,name,seed,case_id,exploratory
31,2025-02-01,2,2,45697.88157210172,45697.88157210172,0.0,0,19143.336943674807,16036.873053989355,8213.241749082941,1421.7991105135516,2678.4146720689496,23571.968927804817,0.0,0.0,0.0,23571.968927804814,0,0.0,8.810729923425242e-13,0.03681858291383833,1,0,0,0,1,0.0,0,no_season,42,no_season_seed_42,False
32,2025-02-02,2,2,89583.89689464931,89583.89689464931,0.0,0,21178.175792567592,19271.51683610465,9320.959988186381,2678.4146720689496,2455.833940198012,56645.5976743377,0.0,0.0,0.0,56645.597674337696,0,0.0,8.881784197001252e-13,0.01482741697691381,1,0,0,0,1,0.0,0,no_season,42,no_season_seed_42,False
33,2025-02-03,2,2,88352.74976157011,88352.74976157011,0.0,0,22548.20532728327,20290.526586562784,5878.154520849635,2455.833940198012,2458.846755958589,55481.03025446045,0.0,0.0,0.0,55481.03025446045,0,0.0,9.094947017729282e-13,0.019181084004230797,1,0,0,0,1,0.0,0,no_season,42,no_season_seed_42,False
34,2025-02-04,2,2,90535.95640666632,90535.95640666632,0.0,0,23077.991285771146,20681.008505541075,6944.109676436238,2458.846755958589,2552.8545790500543,56884.98251101562,0.0,0.0,0.0,56884.98251101562,0,0.0,9.094947017729282e-13,0.017203915980644524,1,0,0,0,1,0.0,0,no_season,42,no_season_seed_42,False
35,2025-02-05,2,2,91386.49566268717,91386.49566268717,0.0,0,22286.717866670115,20317.398132835366,8668.748945519084,2552.8545790500543,2279.4735114532964,57830.00180852536,0.0,0.0,0.0,57830.00180852536,0,0.0,9.094947017729282e-13,0.01511191704776138,1,0,0,0,1,0.0,0,no_season,42,no_season_seed_42,False
36,2025-02-06,2,2,90548.35981172962,90548.35981172962,0.0,0,21558.984874402555,19328.800129425028,8047.117850085424,2279.4735114532964,2357.7781023425073,57069.23029869817,0.0,0.0,0.0,57069.23029869815,0,0.0,9.094947017729282e-13,0.013559999992139637,1,0,0,0,1,0.0,0,no_season,42,no_season_seed_42,False
37,2025-02-07,2,2,43160.58965427063,43160.58965427063,0.0,0,18098.889516509647,16544.616893773855,9800.63736486817,2357.7781023425073,2088.3348335082683,22253.373249882778,0.0,0.0,0.0,22253.37324988278,0,0.0,8.526512829121202e-13,0.04280649998690933,1,0,0,0,1,0.0,0,no_season,42,no_season_seed_42,False
38,2025-02-08,2,2,38112.81065614931,38112.81065614931,0.0,0,17730.18156335574,15940.812134319734,4746.278510446638,2088.3348335082683,2105.570588300229,19801.166692657618,0.0,0.0,0.0,19801.166692657614,0,0.0,9.094947017729282e-13,0.05600729200523347,1,0,0,0,1,0.0,0,no_season,42,no_season_seed_42,False
39,2025-02-09,2,2,83562.06064197532,83562.06064197532,0.0,0,24496.04572642409,22383.843703254126,1894.4426521386918,2105.570588300229,1749.9170734066963,51956.50326058359,0.0,0.0,0.0,51956.503260583566,0,0.0,8.881784197001252e-13,0.04365220898762345,1,0,0,0,1,0.0,0,no_season,42,no_season_seed_42,False
40,2025-02-10,2,2,87498.73653960155,87498.73653960155,0.0,0,20524.695748854057,18403.835195453914,11051.238402868064,1749.9170734066963,1822.0074945780962,54526.057830973514,0.0,0.0,0.0,54526.05783097354,0,0.0,8.739675649849232e-13,0.012983916909433901,1,0,0,0,1,0.0,0,no_season,42,no_season_seed_42,False
41,2025-02-11,2,2,81869.23385780287,81869.23385780287,0.0,0,23614.73129625679,21273.780182091396,4307.685610304157,1822.0074945780962,1800.375390900866,50596.90441257284,0.0,0.0,0.0,50596.904412572825,0,0.0,9.023892744153272e-13,0.01810562505852431,1,0,0,0,1,0.0,0,no_season,42,no_season_seed_42,False
42,2025-02-12,2,2,82974.12630003406,82974.12630003406,0.0,0,21916.93053941564,19720.541436044026,5511.001063329111,1800.375390900866,1805.3254616354327,51497.00285345533,0.0,0.0,0.0,51497.00285345533,0,0.0,9.094947017729282e-13,0.020540624973364174,1,0,0,0,1,0.0,0,no_season,42,no_season_seed_42,False
43,2025-02-13,2,2,82797.60736433248,82797.60736433248,0.0,0,20684.398349399802,18602.092917616028,9385.822915882021,1805.3254616354327,1819.9410840167752,51334.116939400774,0.0,0.0,0.0,51334.11693940077,0,0.0,8.917311333789257e-13,0.018629750004038215,1,0,0,0,1,0.0,0,no_season,42,no_season_seed_42,False
44,2025-02-14,2,2,35595.82583343967,35595.82583343967,0.0,0,17502.714720686672,15664.234207484067,3955.543503570393,1819.9410840167752,1912.9215774176837,18445.913431624966,0.0,0.0,0.0,18445.913431624962,0,0.0,8.544276397515205e-13,0.049888665904290974,1,0,0,0,1,0.0,0,no_season,42,no_season_seed_42,False
45,2025-02-15,2,2,35726.1611378222,35726.1611378222,0.0,0,16836.553648701436,15355.847409056494,4965.363798177266,1912.9215774176837,1698.994415800889,18677.227807836094,0.0,0.0,0.0,18677.22780783609,0,0.0,7.958078640513122e-13,0.04622441600076854,1,0,0,0,1,0.0,0,no_season,42,no_season_seed_42,False
46,2025-02-16,2,2,81195.57502368753,81195.57502368753,18.805106456104568,10,22626.07253469078,20378.643351473627,3589.571846926478,1698.994415800889,1682.9953249735047,50209.019575224185,0.0,0.0,85.55383182204773,50294.57340704624,0,0.0,9.094947017729282e-13,0.01790816697757691,1,0,0,0,1,0.0,0,no_season,42,no_season_seed_42,False
47,2025-02-17,2,2,82610.37767606162,82610.37767606162,0.0,0,19332.824072971292,17329.15930898813,9422.84974541179,1682.9953249735047,1757.184843046257,51124.433392615865,0.0,0.0,0.0,51124.43339261586,0,0.0,9.094947017729282e-13,0.014486166997812688,1,0,0,0,1,0.0,0,no_season,42,no_season_seed_42,False
48,2025-02-18,2,2,79277.70490300431,79277.70490300431,20.29992412049512,10,21324.225879357382,18861.78767761426,4744.178842048345,1757.184843046257,2105.0518440628725,48999.64292544245,0.0,0.0,92.35450478619255,49091.99743022865,0,0.0,9.094947017729282e-13,0.014301290968433022,1,0,0,0,1,0.0,0,no_season,42,no_season_seed_42,False
49,2025-02-19,2,2,79292.82752771565,79292.82752771565,40.63531693714003,20,22874.029247768554,21081.518685669696,4661.624899220609,2105.0518440628725,1583.3894898346755,48775.592506528636,0.0,0.0,180.48472177532526,48956.077228303926,0,0.0,9.094947017729282e-13,0.014416791032999754,1,0,0,0,1,0.0,0,no_season,42,no_season_seed_42,False
50,2025-02-20,2,2,79385.60204220627,79385.60204220627,22.811081776671926,10,20996.88436154553,18740.885504696816,6159.280533800897,1583.3894898346755,1748.155140305565,49148.24259528271,0.0,0.0,106.8471070419313,49255.089702324665,0,0.0,9.094947017729282e-13,0.014106959104537964,1,0,0,0,1,0.0,0,no_season,42,no_season_seed_42,False
51,2025-02-21,2,2,34967.31022742413,34967.31022742413,0.0,0,16783.22261892027,14941.832576707106,7565.658151877638,1748.155140305565,1920.043673239825,18053.663238354653,0.0,0.0,0.0,18053.663238354653,0,0.0,9.094947017729282e-13,0.0507902919780463,1,0,0,0,1,0.0,0,no_season,42,no_season_seed_42,False
52,2025-02-22,2,2,34825.45828058279,34825.45828058279,0.0,0,16689.67083966818,14836.010708259779,5127.035265841052,1920.043673239825,2114.7272392108016,18086.44540667134,0.0,0.0,0.0,18086.445406671344,0,0.0,9.094947017729282e-13,0.048917624983005226,1,0,0,0,1,0.0,0,no_season,42,no_season_seed_42,False
53,2025-02-23,2,2,79598.92835892853,79598.92835892853,0.0,0,21317.719370228413,19616.053738403964,6365.409043770749,2114.7272392108016,1661.3553857353202,49070.37234449472,0.0,0.0,0.0,49070.37234449472,0,0.0,9.023892744153272e-13,0.015640291036106646,1,0,0,0,1,0.0,0,no_season,42,no_season_seed_42,False
54,2025-02-24,2,2,78637.24897993365,78637.24897993365,31.69741107591767,20,19956.211026517143,17813.551718382398,8323.253466208158,1661.3553857353202,1816.3472631987347,48331.84786507215,0.0,0.0,142.0321316274546,48473.8799966996,0,0.0,9.094947017729282e-13,0.013997166068293154,1,0,0,0,1,0.0,0,no_season,42,no_season_seed_42,False
55,2025-02-25,2,2,76629.58157702563,76629.58157702563,10.322887791768608,10,19412.51858287354,17553.911649167792,8959.974297778319,1816.3472631987347,1729.2318636218306,47101.520472609125,0.0,0.0,45.20908708405062,47146.72955969316,0,0.0,8.668621376273222e-13,0.02492829191032797,1,0,0,0,1,0.0,0,no_season,42,no_season_seed_42,False
56,2025-02-26,2,2,74653.92504648856,74653.92504648856,0.0,0,21353.428367931658,18641.789920292314,3127.4385655158912,1729.2318636218306,2336.700775565814,45737.15759169458,0.0,0.0,0.0,45737.15759169458,0,0.0,9.041656312547275e-13,0.028775167069397867,1,0,0,0,1,0.0,0,no_season,42,no_season_seed_42,False
57,2025-02-27,2,2,75178.60292242453,75178.60292242453,0.0,0,21249.009270107836,19572.751609926618,6545.761062243316,2336.700775565814,1863.7892488724503,46279.5590503805,0.0,0.0,0.0,46279.55905038047,0,0.0,8.435474541101939e-13,0.017904834006913006,1,0,0,0,1,0.0,0,no_season,42,no_season_seed_42,False
58,2025-02-28,2,2,33989.814136645975,33989.814136645975,0.0,0,16303.81464619011,14595.270014278207,8988.675954734079,1863.7892488724503,1946.1804614652208,17413.134340365174,0.0,0.0,0.0,17413.134340365166,0,0.0,9.094947017729282e-13,0.06388516700826585,1,0,0,0,1,0.0,0,no_season,42,no_season_seed_42,False
59,2025-03-01,3,2,33405.77247278107,33405.77247278107,0.0,0,15408.02783768895,13951.964965798074,8290.943667556858,1946.1804614652208,1856.856751379725,17237.843125223502,0.0,0.0,0.0,17237.843125223502,0,0.0,9.023892744153272e-13,0.046128666028380394,1,0,0,0,1,0.0,0,no_season,42,no_season_seed_42,False
60,2025-03-02,3,2,77945.45418532216,77945.45418532216,1132.4855186990217,60,19592.75948139771,18012.24859705957,5139.121753016387,1856.856751379725,1457.6033181423459,48205.10251362521,0.0,0.0,7646.867017207038,55851.969530832255,0,0.0,9.094947017729282e-13,0.01808687497396022,1,0,0,0,1,0.0,0,no_season,42,no_season_seed_42,False
61,2025-03-03,3,2,81002.07467371949,81002.07467371949,0.0,0,23607.606616291127,21130.91107177532,6508.2324958703575,1457.6033181423459,1579.8094148712896,49538.486728293865,0.0,0.0,0.0,49538.48672829388,0,0.0,8.810729923425242e-13,0.014521292061544955,1,0,0,0,1,0.0,0,no_season,42,no_season_seed_42,False
62,2025-03-04,3,2,80946.17593028369,80946.17593028369,0.0,0,19263.44852137702,17215.97290057347,9699.242376146802,1579.8094148712896,1707.4924561083074,50138.85678405301,0.0,0.0,0.0,50138.856784053016,0,0.0,9.094947017729282e-13,0.02599687490146607,1,0,0,0,1,0.0,0,no_season,42,no_season_seed_42,False
63,2025-03-05,3,2,78369.6654617297,78369.6654617297,0.0,0,18788.69378272989,16974.572112934475,10425.071775267617,1707.4924561083074,1639.242378753071,48086.1620331633,0.0,0.0,0.0,48086.16203316332,0,0.0,8.952838470577262e-13,0.013853415963239968,1,0,0,0,1,0.0,0,no_season,42,no_season_seed_42,False
64,2025-03-06,3,2,74799.30525490071,74799.30525490071,23.278141100459003,20,20259.25999147627,18570.066265707173,7192.735536898739,1639.242378753071,1284.2953968988643,45572.978753546544,0.0,0.0,107.44606324111618,45680.42481678765,0,0.0,9.094947017729282e-13,0.01853429200127721,1,0,0,0,1,0.0,0,no_season,42,no_season_seed_42,False
65,2025-03-07,3,2,33172.76377356448,33172.76377356448,0.0,0,15410.192046106682,13279.492380480217,10119.778574604681,1284.2953968988643,1905.8731797348812,17071.095887278265,0.0,0.0,0.0,17071.095887278258,0,0.0,9.094947017729282e-13,0.04515079199336469,1,0,0,0,1,0.0,0,no_season,42,no_season_seed_42,False
66,2025-03-08,3,2,31095.1021682241,31095.1021682241,0.0,0,15006.330870238004,13519.901257282369,10545.533038601798,1905.8731797348812,1890.9014034873692,16223.493608737,0.0,0.0,0.0,16223.493608736999,0,0.0,7.389644451905042e-13,0.07309233408886939,1,0,0,0,1,0.0,0,no_season,42,no_season_seed_42,False
67,2025-03-09,3,2,70517.91419983702,70517.91419983702,0.0,0,20882.32556700808,19032.60708736911,5334.6706701980565,1890.9014034873692,1639.4854909779367,42880.12862219287,0.0,0.0,0.0,42880.128622192846,0,0.0,9.094947017729282e-13,0.01854704099241644,1,0,0,0,1,0.0,0,no_season,42,no_season_seed_42,False
68,2025-03-10,3,2,69847.00033509277,69847.00033509277,660.6870945292744,10,21444.584440868653,19364.732182463347,385.76372121674046,1639.4854909779367,1571.384591748102,42247.27514766026,0.0,0.0,4608.953171436218,46856.22831909647,0,0.0,9.094947017729282e-13,0.032870208960957825,1,0,0,0,1,0.0,0,no_season,42,no_season_seed_42,False
69,2025-03-11,3,2,74472.11698020648,74472.11698020648,0.0,0,19319.35860425652,17171.168661571315,8385.00823752129,1571.384591748102,1799.3364094979695,44840.69390802955,0.0,0.0,0.0,44840.693908029534,0,0.0,9.094947017729282e-13,0.01504816603846848,1,0,0,0,1,0.0,0,no_season,42,no_season_seed_42,False
70,2025-03-12,3,2,71220.70083262093,71220.70083262093,0.0,0,20404.696309523235,18602.552166515216,6983.022006279583,1799.3364094979695,1548.119287372966,43043.570414021415,0.0,0.0,0.0,43043.57041402142,0,0.0,9.094947017729282e-13,0.014772000024095178,1,0,0,0,1,0.0,0,no_season,42,no_season_seed_42,False
71,2025-03-13,3,2,68488.8618528095,68488.8618528095,1867.0968158788673,90,21155.13492913504,19110.352475204425,765.5581980910879,1548.119287372966,1473.562225887602,41161.5464539062,0.0,0.0,11389.87248299671,52551.418936902905,0,0.0,8.668621376273222e-13,0.03136608307249844,1,0,0,0,1,0.0,0,no_season,42,no_season_seed_42,False
72,2025-03-14,3,2,30220.766939787245,30220.766939787245,0.0,0,15130.004597245672,13205.94050461326,12267.276863821502,1473.562225887602,1906.8613403049794,15594.843513225069,0.0,0.0,0.0,15594.843513225063,0,0.0,6.821210263296962e-13,0.04501820798031986,1,0,0,0,1,0.0,0,no_season,42,no_season_seed_42,False
73,2025-03-15,3,2,30250.25179203145,30250.25179203145,0.0,0,14395.5619562293,13503.821703187903,8434.386388990057,1906.8613403049794,1329.4126346017533,15593.128439924318,0.0,0.0,0.0,15593.128439924318,0,0.0,9.094947017729282e-13,0.05151104100514203,1,0,0,0,1,0.0,0,no_season,42,no_season_seed_42,False
74,2025-03-16,3,2,72174.73807118199,72174.73807118199,1.6399999999999864,10,20165.21211500969,17873.59782724411,6533.716850083067,1329.4126346017533,1619.3861977812728,43377.665761415614,0.0,0.0,7.461179999999938,43385.12694141561,0,0.0,9.094947017729282e-13,0.014218374970369041,1,0,0,0,1,0.0,0,no_season,42,no_season_seed_42,False
75,2025-03-17,3,2,69558.95577137163,69558.95577137163,0.0,0,19208.97181743827,16915.23315314429,9407.085673744321,1619.3861977812728,2012.3956281320789,41824.44218701956,0.0,0.0,0.0,41824.442187019566,0,0.0,8.526512829121202e-13,0.01863458298612386,1,0,0,0,1,0.0,0,no_season,42,no_season_seed_42,False
76,2025-03-18,3,2,63993.37519403298,63993.37519403298,1074.565041600984,80,20855.645819474244,19114.105262910714,2200.4413124037687,2012.3956281320789,1649.762464787846,38339.078795119174,0.0,0.0,5412.037435140798,43751.11623025996,0,0.0,8.810729923425242e-13,0.0484944999916479,1,0,0,0,1,0.0,0,no_season,42,no_season_seed_42,False
77,2025-03-19,3,2,68748.07850185219,68748.07850185219,0.0,0,20807.946385281077,18226.295782147645,6700.957448718753,1649.762464787846,2177.711007399018,41376.94550483573,0.0,0.0,0.0,41376.945504835734,0,0.0,9.023892744153272e-13,0.030221458990126848,1,0,0,0,1,0.0,0,no_season,42,no_season_seed_42,False
78,2025-03-20,3,2,66406.0834624074,66406.0834624074,176.69017483993696,10,20230.1141594434,18728.82311879232,2872.5207799295786,2177.711007399018,1627.769444850836,40139.81949202957,0.0,0.0,1232.5906596834002,41372.41015171298,0,0.0,9.059419880941277e-13,0.03200391703285277,1,0,0,0,1,0.0,0,no_season,42,no_season_seed_42,False
79,2025-03-21,3,2,29908.614546016284,29908.614546016284,0.0,0,14449.222895091832,13082.471428733692,16508.39856299148,1627.769444850836,1545.3701622749995,15441.879071902586,0.0,0.0,0.0,15441.879071902586,0,0.0,7.389644451905042e-13,0.050278999959118664,1,0,0,0,1,0.0,0,no_season,42,no_season_seed_42,False
80,2025-03-22,3,2,30085.065833398665,30085.065833398665,0.0,0,14565.464114670356,12387.199171638666,12025.601157033641,1545.3701622749995,2306.128292040479,15412.500633499918,0.0,0.0,0.0,15412.50063349992,0,0.0,7.958078640513122e-13,0.04462383303325623,1,0,0,0,1,0.0,0,no_season,42,no_season_seed_42,False
81,2025-03-23,3,2,67321.71109826797,67321.71109826797,35.23342676336087,30,19940.226891400638,18684.215729867054,7331.213246831084,2306.128292040479,1528.1958364749116,40372.991109721326,0.0,0.0,227.14397442295737,40600.135084144276,0,0.0,9.094947017729282e-13,0.03725112497340888,1,0,0,0,1,0.0,0,no_season,42,no_season_seed_42,False
82,2025-03-24,3,2,65112.11914108672,65112.11914108672,273.8195252899434,10,20862.508367984174,18983.660870524916,5508.594085584076,1528.1958364749116,1309.5735209293937,38714.401549244,0.0,0.0,1910.1650084226449,40624.56655766663,0,0.0,8.979483823168266e-13,0.029447374981828034,1,0,0,0,1,0.0,0,no_season,42,no_season_seed_42,False
83,2025-03-25,3,2,64881.68454105272,64881.68454105272,0.0,0,22064.95080003163,19710.831825052403,1577.4408494068266,1309.5735209293937,1465.1827693260152,38735.36691249646,0.0,0.0,0.0,38735.36691249645,0,0.0,8.544276397515205e-13,0.06794983393047005,1,0,0,0,1,0.0,0,no_season,42,no_season_seed_42,False
84,2025-03-26,3,2,67200.14261181842,67200.14261181842,0.0,0,19986.196810021862,17866.898185578902,9488.2891207088,1465.1827693260152,1592.3895449578322,40055.42310989349,0.0,0.0,0.0,40055.42310989347,0,0.0,8.917311333789257e-13,0.048296457971446216,1,0,0,0,1,0.0,0,no_season,42,no_season_seed_42,False
85,2025-03-27,3,2,62388.90173720209,62388.90173720209,120.6623482334463,60,20395.546988157337,18619.661512621242,2016.689209899432,1592.3895449578322,1314.4577801407845,37320.342823621046,0.0,0.0,638.83268445329,37959.17550807433,0,0.0,8.419931418757187e-13,0.03748458297923207,1,0,0,0,1,0.0,0,no_season,42,no_season_seed_42,False
86,2025-03-28,3,2,29834.99059587437,29834.99059587437,0.0,0,14639.144099770027,12506.37089454823,16880.336623985906,1314.4577801407845,2019.4968554773684,15185.81520816467,0.0,0.0,0.0,15185.815208164671,0,0.0,8.526512829121202e-13,0.04036345798522234,1,0,0,0,1,0.0,0,no_season,42,no_season_seed_42,False
87,2025-03-29,3,2,28651.199664040658,28651.199664040658,0.0,0,13411.056697286738,12321.971546029908,19854.905329450496,2019.4968554773684,1753.843903654846,14479.220178356025,0.0,0.0,0.0,14479.220178356029,0,0.0,8.233413950620161e-13,0.048187167034484446,1,0,0,0,1,0.0,0,no_season,42,no_season_seed_42,False
88,2025-03-30,3,2,59787.223173888386,59787.223173888386,0.0,0,20574.997075159295,18578.540303549325,2445.1467022784245,1753.843903654846,1689.498999479345,35967.503300719065,0.0,0.0,0.0,35967.503300719065,0,0.0,8.526512829121202e-13,0.037526250001974404,1,0,0,0,1,0.0,0,no_season,42,no_season_seed_42,False
89,2025-03-31,3,2,61240.96710300144,61240.96710300144,67.9014976838481,10,19632.00227742049,17665.682183313867,2391.159023245342,1689.498999479345,1692.7876273818147,36408.92578539619,0.0,0.0,473.6808478425244,36882.60663323872,0,0.0,9.094947017729282e-13,0.04567170899827033,1,0,0,0,1,0.0,0,no_season,42,no_season_seed_42,False
90,2025-04-01,4,2,64664.77715578139,64664.77715578139,0.0,0,20313.57514886716,18118.44342214178,2260.793912389344,1692.7876273818147,1865.4208045181722,38485.60571379796,0.0,0.0,0.0,38485.60571379794,0,0.0,9.094947017729282e-13,0.036860625026747584,1,0,0,0,1,0.0,0,no_season,42,no_season_seed_42,False
91,2025-04-02,4,2,67014.09500795748,67014.09500795748,917.8827038494939,70,20626.97965431169,18691.486677045912,5561.149334541196,1865.4208045181722,1731.334973739038,39738.12011066596,0.0,0.0,4472.819140864005,44210.93925152997,0,0.0,8.837375276016246e-13,0.03057312499731779,1,0,0,0,1,0.0,0,no_season,42,no_season_seed_42,False
92,2025-04-03,4,2,67590.07736674315,67590.07736674315,158.2320481917169,10,18863.28146467306,17133.216065964676,10154.713749559816,1731.334973739038,1566.6195749541882,40236.41659032401,0.0,0.0,1103.8267681854172,41340.243358509426,0,0.0,9.094947017729282e-13,0.017528541036881506,1,0,0,0,1,0.0,0,no_season,42,no_season_seed_42,False
93,2025-04-04,4,2,28536.47608924762,28536.47608924762,0.0,0,13847.540083583268,12090.287970165773,20348.421725830125,1566.6195749541882,1959.2670536487371,14328.855602542719,0.0,0.0,0.0,14328.855602542717,0,0.0,7.389644451905042e-13,0.0642958750249818,1,0,0,0,1,0.0,0,no_season,42,no_season_seed_42,False
94,2025-04-05,4,2,27754.946134176374,27754.946134176374,0.0,0,12986.639834354592,11996.019659857078,14720.210976345528,1959.2670536487371,1634.5603685295196,13910.422431876314,0.0,0.0,0.0,13910.422431876317,0,0.0,7.389644451905042e-13,0.05654108303133398,1,0,0,0,1,0.0,0,no_season,42,no_season_seed_42,False
95,2025-04-06,4,2,64274.62540059071,64274.62540059071,0.0,0,19719.313710338756,17751.28941907097,7896.524842656262,1634.5603685295196,1630.4419448425806,38065.125373297655,0.0,0.0,0.0,38065.12537329766,0,0.0,8.828493491819245e-13,0.027866457938216627,1,0,0,0,1,0.0,0,no_season,42,no_season_seed_42,False
96,2025-04-07,4,2,61330.35750827373,61330.35750827373,0.0,0,19459.545479130717,17530.638490928133,6158.73123673781,1630.4419448425806,1612.4722390982904,36300.49950428231,0.0,0.0,0.0,36300.499504282314,0,0.0,8.617551117140465e-13,0.03332237503491342,1,0,0,0,1,0.0,0,no_season,42,no_season_seed_42,False
97,2025-04-08,4,2,61254.85957656336,61254.85957656336,392.2611615036932,70,20709.86777120609,18930.884853965737,5514.944204160041,1612.4722390982904,1304.6731448375306,36328.173419871644,0.0,0.0,2162.7063179314828,38490.87973780313,0,0.0,9.023892744153272e-13,0.030424042022787035,1,0,0,0,1,0.0,0,no_season,42,no_season_seed_42,False
98,2025-04-09,4,2,62644.64275897599,62644.64275897599,0.0,0,20135.24967871939,17779.80074432496,1154.882807914894,1304.6731448375306,1665.092651774277,37401.36638447925,0.0,0.0,0.0,37401.36638447924,0,0.0,8.952838470577262e-13,0.06166708399541676,1,0,0,0,1,0.0,0,no_season,42,no_season_seed_42,False
99,2025-04-10,4,2,66650.49069933551,66650.49069933551,26.44643564680835,50,19723.905334447456,17850.103504099257,10342.497404634125,1665.092651774277,1561.1710339918836,39273.52111639399,0.0,0.0,91.15838951480686,39364.67950590879,0,0.0,9.094947017729282e-13,0.013814540929161012,1,0,0,0,1,0.0,0,no_season,42,no_season_seed_42,False
100,2025-04-11,4,2,27961.139681858287,27961.139681858287,0.0,0,13373.621908562245,11905.270217645835,21176.13782427521,1561.1710339918836,1699.2460905775317,14073.927066829521,0.0,0.0,0.0,14073.927066829521,0,0.0,9.094947017729282e-13,0.04049679194577038,1,0,0,0,1,0.0,0,no_season,42,no_season_seed_42,False
101,2025-04-12,4,2,27344.094881725425,27344.094881725425,0.0,0,12736.563883012912,11218.55537992838,16800.925828640895,1699.2460905775317,1956.815835175515,13653.131739900557,0.0,0.0,0.0,13653.131739900553,0,0.0,7.958078640513122e-13,0.0496778340311721,1,0,0,0,1,0.0,0,no_season,42,no_season_seed_42,False
102,2025-04-13,4,2,60941.22034307473,60941.22034307473,0.0,0,19861.680526769087,18253.245636841206,5056.426969813512,1956.815835175515,1558.6501211535149,35975.074602203305,0.0,0.0,0.0,35975.07460220331,0,0.0,8.952838470577262e-13,0.029263666947372258,1,0,0,0,1,0.0,0,no_season,42,no_season_seed_42,False
103,2025-04-14,4,2,61043.97284282299,61043.97284282299,0.0,0,19814.229249501757,17704.751214881107,6406.463008202338,1558.6501211535149,1693.6320586806348,35845.89871068501,0.0,0.0,0.0,35845.89871068501,0,0.0,9.094947017729282e-13,0.03200316696893424,1,0,0,0,1,0.0,0,no_season,42,no_season_seed_42,False
104,2025-04-15,4,2,59284.44169544025,59284.44169544025,0.0,0,19192.22142230573,17222.27459228727,7175.066032088456,1693.6320586806348,1747.1005743508565,34896.73879257289,0.0,0.0,0.0,34896.7387925729,0,0.0,8.881784197001252e-13,0.03092399996239692,1,0,0,0,1,0.0,0,no_season,42,no_season_seed_42,False
105,2025-04-16,4,2,58576.2141828524,58576.2141828524,0.0,0,19740.60664351983,17719.729441196454,775.7450305290264,1747.1005743508565,1796.4495384019776,34902.81206907806,0.0,0.0,0.0,34902.81206907806,0,0.0,8.810729923425242e-13,0.030449208919890225,1,0,0,0,1,0.0,0,no_season,42,no_season_seed_42,False
106,2025-04-17,4,2,62663.964613646225,62663.964613646225,0.0,0,19045.454639122363,17149.867520578726,7900.035145102591,1796.4495384019776,1787.0066132582508,36868.253516963676,0.0,0.0,0.0,36868.25351696367,0,0.0,7.958078640513122e-13,0.04784920800011605,1,0,0,0,1,0.0,0,no_season,42,no_season_seed_42,False
107,2025-04-18,4,2,27289.66236425978,27289.66236425978,0.0,0,13163.17068554842,11343.372699128337,19115.747194506363,1787.0066132582508,2317.7220995536954,13618.359065726456,0.0,0.0,0.0,13618.359065726458,0,0.0,9.094947017729282e-13,0.04352354200091213,1,0,0,0,1,0.0,0,no_season,42,no_season_seed_42,False
108,2025-04-19,4,2,25685.489471810895,25685.489471810895,0.0,0,12244.033985018506,11333.533162365431,17990.30939915782,2317.7220995536954,1986.8397318617274,12723.443099914124,0.0,0.0,0.0,12723.443099914128,0,0.0,8.526512829121202e-13,0.044604666996747255,1,0,0,0,1,0.0,0,no_season,42,no_season_seed_42,False
109,2025-04-20,4,2,59083.01703859376,59083.01703859376,0.0,0,19699.064885181426,17926.806438505024,5353.013708584022,1986.8397318617274,1778.5004027643336,34822.22427969482,0.0,0.0,0.0,34822.22427969483,0,0.0,9.050538096744276e-13,0.0527799999108538,1,0,0,0,1,0.0,0,no_season,42,no_season_seed_42,False
110,2025-04-21,4,2,59619.50981007885,59619.50981007885,0.0,0,18401.717700241843,16667.54503814245,9368.42676464613,1778.5004027643336,1666.7675324348857,35226.45943773863,0.0,0.0,0.0,35226.459437738624,0,0.0,8.881784197001252e-13,0.037063166964799166,1,0,0,0,1,0.0,0,no_season,42,no_season_seed_42,False
111,2025-04-22,4,2,54355.63030802958,54355.63030802958,0.0,0,19346.37528065603,17449.621377743977,305.9470884508578,1666.7675324348857,1626.8346852651352,32418.486566840646,0.0,0.0,0.0,32418.48656684065,0,0.0,9.094947017729282e-13,0.04637012502644211,1,0,0,0,1,0.0,0,no_season,42,no_season_seed_42,False
112,2025-04-23,4,2,59957.66685896111,59957.66685896111,0.0,0,18851.311629151114,16531.681313821762,6238.119826965093,1626.8346852651352,2084.8370062790104,35161.3445306717,0.0,0.0,0.0,35161.34453067169,0,0.0,8.633094239485217e-13,0.02973295794799924,1,0,0,0,1,0.0,0,no_season,42,no_season_seed_42,False
113,2025-04-24,4,2,58127.77737265993,58127.77737265993,0.0,0,17768.238119754613,16418.537773705903,9687.970326611217,2084.8370062790104,1634.6093414677325,34213.542505878155,0.0,0.0,0.0,34213.542505878184,0,0.0,8.597567102697212e-13,0.05706116696819663,1,0,0,0,1,0.0,0,no_season,42,no_season_seed_42,False
114,2025-04-25,4,2,25682.302756572866,25682.302756572866,0.0,0,12210.217557267564,10958.25045390893,22429.978003214237,1634.6093414677325,1667.2286019685453,12462.887632467631,0.0,0.0,0.0,12462.887632467631,0,0.0,7.958078640513122e-13,0.06518812500871718,1,0,0,0,1,0.0,0,no_season,42,no_season_seed_42,False
115,2025-04-26,4,2,25335.169126694775,25335.169126694775,0.0,0,12314.718861890153,11331.432154668246,24281.688786139537,1667.2286019685453,1405.6184529576838,12180.60204879856,0.0,0.0,0.0,12180.602048798555,0,0.0,9.094947017729282e-13,0.06683895795140415,1,0,0,0,1,0.0,0,no_season,42,no_season_seed_42,False
116,2025-04-27,4,2,53315.2491478446,53315.2491478446,104.80150425124037,20,19286.265434717658,17365.3677008718,2925.681734916652,1405.6184529576838,1397.4715722844558,31846.302914577413,0.0,0.0,727.4653495867633,32573.76826416417,0,0.0,9.094947017729282e-13,0.043261292041279376,1,0,0,0,1,0.0,0,no_season,42,no_season_seed_42,False
117,2025-04-28,4,2,57469.21946578869,57469.21946578869,1912.6079272973825,50,17680.849384635294,15667.273904047248,746.2845958313573,1397.4715722844558,1656.2413246654455,34077.86918815271,0.0,0.0,12961.61820365825,47039.48739181095,0,0.0,9.07718344933528e-13,0.029962708009406924,1,0,0,0,1,0.0,0,no_season,42,no_season_seed_42,False
118,2025-04-29,4,2,63306.124564690246,63306.124564690246,0.0,0,17770.61800391296,15757.433219766668,13859.726063877288,1656.2413246654455,1905.1368035256842,36799.05127262406,0.0,0.0,0.0,36799.051272624056,0,0.0,9.094947017729282e-13,0.03354883298743516,1,0,0,0,1,0.0,0,no_season,42,no_season_seed_42,False
119,2025-04-30,4,2,55805.080053513855,55805.080053513855,0.0,0,17548.49238215167,16036.44473133167,6036.177969360513,1905.1368035256842,1649.2014583012995,33420.93510459221,0.0,0.0,0.0,33420.935104592194,0,0.0,9.094947017729282e-13,0.05435637489426881,1,0,0,0,1,0.0,0,no_season,42,no_season_seed_42,False
120,2025-05-01,5,2,55296.06532872459,55296.06532872459,2883.2384164090236,210,18719.26289580151,17262.46732306211,5711.129372394218,1649.2014583012995,1211.615260996228,32537.157569194136,0.0,0.0,16117.118009642092,48654.27557883622,0,0.0,8.810729923425242e-13,0.054878750001080334,1,0,0,0,1,0.0,0,no_season,42,no_season_seed_42,False
121,2025-05-02,5,2,26268.06964841158,26268.06964841158,2126.941790666461,170,12993.079324105373,11704.790595804456,12816.402627443793,1211.615260996228,1200.0,12850.096497325316,0.0,0.0,10369.936071377819,23220.032568703136,0,0.0,9.023892744153272e-13,0.04652716708369553,1,0,0,0,1,0.0,0,no_season,42,no_season_seed_42,False
122,2025-05-03,5,2,26857.5126085148,26857.5126085148,1415.1795324210593,130,12771.191860704334,11494.072674633897,18128.401304865423,1200.0,1200.0,13277.574509352375,0.0,0.0,6496.264069886298,19773.838579238673,0,0.0,9.094947017729282e-13,0.03501283307559788,1,0,0,0,1,0.0,0,no_season,42,no_season_seed_42,False
123,2025-05-04,5,2,58067.441879882914,58067.441879882914,2114.0771164902817,210,17314.376370420738,15548.279851065383,6680.755143684505,1200.0,1236.5336697552336,34082.94045125577,0.0,0.0,11350.615417168992,45433.555868424766,0,0.0,9.094947017729282e-13,0.0559129579924047,1,0,0,0,1,0.0,0,no_season,42,no_season_seed_42,False
124,2025-05-05,5,2,56739.166379686656,56739.166379686656,2265.368844449819,210,20056.85443422579,18072.155448731908,1943.8294386426019,1236.5336697552336,1214.4120007305698,33148.24560339117,0.0,0.0,13188.592667641982,46336.83827103315,0,0.0,9.094947017729282e-13,0.06492204102687538,1,0,0,0,1,0.0,0,no_season,42,no_season_seed_42,False
125,2025-05-06,5,2,59182.860193002445,59182.860193002445,2140.1898711981867,190,19746.543187919713,17785.561293512328,6491.985803126576,1214.4120007305698,1200.0,34505.040323557834,0.0,0.0,10763.024121413053,45268.06444497088,0,0.0,8.5087492607272e-13,0.05853045801632106,1,0,0,0,1,0.0,0,no_season,42,no_season_seed_42,False
126,2025-05-07,5,2,58036.35762314124,58036.35762314124,2838.6832922455974,180,19277.704862205454,17274.05000346935,3803.5401066507306,1200.0,1279.989151987279,33945.91507231823,0.0,0.0,16639.427483116964,50585.342555435214,0,0.0,9.094947017729282e-13,0.04591962497215718,1,0,0,0,1,0.0,0,no_season,42,no_season_seed_42,False
127,2025-05-08,5,2,61330.07983393903,61330.07983393903,98.56572324163221,30,19402.107750792602,17178.03838685051,3378.063793238567,1279.989151987279,1579.2023767232288,37202.49940104816,0.0,0.0,666.8756975586264,37869.37509860678,0,0.0,9.094947017729282e-13,0.06263716600369662,1,0,0,0,1,0.0,0,no_season,42,no_season_seed_42,False
128,2025-05-09,5,2,27565.46977499575,27565.46977499575,66.30742996184202,20,13197.259853733538,11663.135940909506,17598.267442133558,1579.2023767232288,1805.1976355111237,14025.376200988067,0.0,0.0,367.69769429061046,14393.073895278678,0,0.0,8.029132914089132e-13,0.04614379198756069,1,0,0,0,1,0.0,0,no_season,42,no_season_seed_42,False
129,2025-05-10,5,2,28017.420740804915,28017.420740804915,0.0,0,12224.388548834393,11267.823490214678,14939.810398851867,1805.1976355111237,1524.9420467281464,14598.376967553912,0.0,0.0,0.0,14598.376967553908,0,0.0,7.958078640513122e-13,0.055274915997870266,1,0,0,0,1,0.0,0,no_season,42,no_season_seed_42,False
130,2025-05-11,5,2,64668.78324528404,64668.78324528404,194.96656308768877,30,18232.25017076836,16400.8048078548,7548.225362124848,1524.9420467281464,1533.6070520609144,38605.11052105888,0.0,0.0,1350.1711040913835,39955.28162515025,0,0.0,9.094947017729282e-13,0.013877916964702308,1,0,0,0,1,0.0,0,no_season,42,no_season_seed_42,False
131,2025-05-12,5,2,62186.063235950875,62186.063235950875,212.1930924149184,30,17115.67361144312,15195.099914278067,8546.487397867404,1533.6070520609144,1753.919074471596,36968.61735552976,0.0,0.0,1414.1625357503676,38382.77989128011,0,0.0,9.094947017729282e-13,0.031438083038665354,1,0,0,0,1,0.0,0,no_season,42,no_season_seed_42,False
132,2025-05-13,5,2,59473.1585544931,59473.1585544931,35.32921616992651,20,18578.59966544394,16538.62748520432,4339.302823756741,1753.919074471596,1945.8822028090076,35811.883158966906,0.0,0.0,240.00478153233695,36051.88794049924,0,0.0,9.094947017729282e-13,0.050177541095763445,1,0,0,0,1,0.0,0,no_season,42,no_season_seed_42,False
133,2025-05-14,5,2,61411.09210759748,61411.09210759748,0.0,0,17885.75302608815,16251.65496586035,6762.845264036345,1945.8822028090076,1783.0488919470413,36806.70583511451,0.0,0.0,0.0,36806.705835114524,0,0.0,8.775202786637237e-13,0.035401166998781264,1,0,0,0,1,0.0,0,no_season,42,no_season_seed_42,False
134,2025-05-15,5,2,59833.20192072063,59833.20192072063,142.604754281696,50,18677.558783921377,16968.787355095963,5501.976962843584,1783.0488919470413,1615.464567554024,35845.94035242883,0.0,0.0,801.8190013603287,36647.75935378917,0,0.0,8.952838470577262e-13,0.03451762499753386,1,0,0,0,1,0.0,0,no_season,42,no_season_seed_42,False
135,2025-05-16,5,2,27200.37358512728,27200.37358512728,45.15116776981206,20,11676.387784949264,10902.89330262462,23756.523737239113,1615.464567554024,1200.0,14015.848499230235,0.0,0.0,96.50651531245174,14112.355014542682,0,0.0,8.526512829121202e-13,0.052150791976600885,1,0,0,0,1,0.0,0,no_season,42,no_season_seed_42,False
136,2025-05-17,5,2,27289.645736843944,27289.645736843944,239.93258242366602,10,12559.528130300157,11074.541801028303,15595.79290666242,1200.0,1441.4225239471261,13882.961170766695,0.0,0.0,1466.7078763558702,15349.669047122567,0,0.0,9.094947017729282e-13,0.041250667069107294,1,0,0,0,1,0.0,0,no_season,42,no_season_seed_42,False
137,2025-05-18,5,2,62461.57507587722,62461.57507587722,5.236666666666679,10,18739.271191018383,16501.57989945081,6552.9523509763185,1441.4225239471261,1824.8636293331328,37606.50644421874,0.0,0.0,35.318698333333415,37641.82514255208,0,0.0,9.094947017729282e-13,0.03367929207161069,1,0,0,0,1,0.0,0,no_season,42,no_season_seed_42,False
138,2025-05-19,5,2,59941.605633755156,59941.605633755156,118.35589567678984,40,17377.174709344188,16050.152781168545,11217.72305125631,1824.8636293331328,1391.95251600087,35553.88450677393,0.0,0.0,806.756702950879,36360.64120972482,0,0.0,9.094947017729282e-13,0.030112000065855682,1,0,0,0,1,0.0,0,no_season,42,no_season_seed_42,False
139,2025-05-20,5,2,55976.614251451785,55976.614251451785,696.0215049337959,30,17781.062598564175,16168.266359108642,532.4447002633802,1391.95251600087,1217.7004544956353,33775.936590538186,0.0,0.0,4817.886989779162,38593.82358031736,0,0.0,9.094947017729282e-13,0.03621524991467595,1,0,0,0,1,0.0,0,no_season,42,no_season_seed_42,False
140,2025-05-21,5,2,62500.95417396234,62500.95417396234,0.0,0,17402.385426444747,15432.084434635675,9168.037898819943,1217.7004544956353,1460.2075689745852,37182.157413294364,0.0,0.0,0.0,37182.157413294364,0,0.0,9.094947017729282e-13,0.04644399997778237,1,0,0,0,1,0.0,0,no_season,42,no_season_seed_42,False
141,2025-05-22,5,2,57990.573081696566,57990.573081696566,164.95410250446093,20,17970.637020460617,15867.812776352217,5236.072123425961,1460.2075689745852,1782.5074794828245,34962.60408503391,0.0,0.0,1150.1248640711194,36112.72894910503,0,0.0,8.668621376273222e-13,0.030660374904982746,1,0,0,0,1,0.0,0,no_season,42,no_season_seed_42,False
142,2025-05-23,5,2,26545.693546346767,26545.693546346767,0.0,0,12299.98963205395,11013.34955012293,18838.104581082414,1782.5074794828245,1842.2124609471514,13586.83053304486,0.0,0.0,0.0,13586.830533044858,0,0.0,7.958078640513122e-13,0.05499524995684624,1,0,0,0,1,0.0,0,no_season,42,no_season_seed_42,False
143,2025-05-24,5,2,26929.01321307436,26929.01321307436,0.0,0,11688.437650075446,10505.595088512868,21991.669268178448,1842.2124609471514,1856.9684881522278,13894.972491049488,0.0,0.0,0.0,13894.97249104949,0,0.0,7.958078640513122e-13,0.0398848750628531,1,0,0,0,1,0.0,0,no_season,42,no_season_seed_42,False
144,2025-05-25,5,2,56787.6602322769,56787.6602322769,335.4181029583584,30,16835.115966011723,15416.504186709419,7159.45637259962,1856.9684881522278,1577.7395633432575,33895.12620406414,0.0,0.0,2057.8982810927746,35953.02448515691,0,0.0,8.846257060213247e-13,0.05257062497548759,1,0,0,0,1,0.0,0,no_season,42,no_season_seed_42,False
145,2025-05-26,5,2,55414.83182344695,55414.83182344695,1182.070186733504,40,17462.82702023763,15768.002339480996,322.2443794238163,1577.7395633432575,1523.4980463134202,33534.26135692794,0.0,0.0,8152.037852528398,41686.29920945633,0,0.0,9.094947017729282e-13,0.06573458400089294,1,0,0,0,1,0.0,0,no_season,42,no_season_seed_42,False
146,2025-05-27,5,2,62555.596539062586,62555.596539062586,0.0,0,17418.185860833826,15565.395698622831,11312.439076851588,1523.4980463134202,1640.4723583474383,37059.396105508604,0.0,0.0,0.0,37059.3961055086,0,0.0,9.094947017729282e-13,0.03575375000946224,1,0,0,0,1,0.0,0,no_season,42,no_season_seed_42,False
147,2025-05-28,5,2,57647.95650286655,57647.95650286655,0.0,0,18584.27572897784,16523.864037007857,3313.72071089657,1640.4723583474383,1853.3823141643668,34643.95416421953,0.0,0.0,0.0,34643.954164219525,0,0.0,9.094947017729282e-13,0.04782270803116262,1,0,0,0,1,0.0,0,no_season,42,no_season_seed_42,False
148,2025-05-29,5,2,58738.80700584802,58738.80700584802,251.9439910997512,60,19057.820273688623,17432.707050447865,3255.5142737070173,1853.3823141643668,1557.5314177642028,34926.769971186695,0.0,0.0,1495.541473704975,36422.31144489167,0,0.0,8.606448886894214e-13,0.048100291984155774,1,0,0,0,1,0.0,0,no_season,42,no_season_seed_42,False
149,2025-05-30,5,2,26781.4567382509,26781.4567382509,0.0,0,12233.929115977771,11098.479447279682,19049.773802886142,1557.5314177642028,1464.8311003027177,13551.190679622174,0.0,0.0,0.0,13551.19067962217,0,0.0,8.526512829121202e-13,0.047298707999289036,1,0,0,0,1,0.0,0,no_season,42,no_season_seed_42,False
150,2025-05-31,5,2,27387.442342638074,27387.442342638074,0.0,0,12724.505678412785,11047.40095460313,17321.156068828415,1464.8311003027177,1891.374032807077,14161.000674139692,0.0,0.0,0.0,14161.000674139696,0,0.0,7.958078640513122e-13,0.04770858306437731,1,0,0,0,1,0.0,0,no_season,42,no_season_seed_42,False
151,2025-06-01,6,2,61266.930812522936,61266.930812522936,10852.398741541889,380,15192.589046581657,14329.225139553393,31.139347036556956,1891.374032807077,1200.0,36650.074601171546,0.0,0.0,64986.9266833007,101637.00128447224,0,0.0,7.958078640513122e-13,0.031056458014063537,1,0,0,0,1,0.0,0,no_season,42,no_season_seed_42,False
152,2025-06-02,6,2,70089.11909758698,70089.11909758698,5026.451966742017,300,21021.893177448575,18919.70385970372,4372.574296584159,1200.0,1200.0,41660.61294934839,0.0,0.0,28458.83139121126,70119.44434055965,0,0.0,9.094947017729282e-13,0.014598708017729223,1,0,0,0,1,0.0,0,no_season,42,no_season_seed_42,False
153,2025-06-03,6,2,68436.72387377304,68436.72387377304,3706.2118734707237,350,20838.992374697904,18755.093137228112,1866.6696764406333,1200.0,1200.0,41186.26819045065,0.0,0.0,19018.210243963462,60204.478434414115,0,0.0,9.094947017729282e-13,0.013730333070270717,1,0,0,0,1,0.0,0,no_season,42,no_season_seed_42,False
154,2025-06-04,6,2,68326.8209845858,68326.8209845858,4375.1550193145895,290,19475.652390078998,17528.087151071097,1109.149948225813,1200.0,1200.0,40768.2808440668,0.0,0.0,24314.432580218025,65082.713424284826,0,0.0,9.094947017729282e-13,0.013793791993521154,1,0,0,0,1,0.0,0,no_season,42,no_season_seed_42,False
155,2025-06-05,6,2,68726.49202070755,68726.49202070755,5119.469819019761,360,20901.444405374205,18811.299964836777,606.4993825232144,1200.0,1200.0,41252.54749114237,0.0,0.0,27475.261998671973,68727.80948981435,0,0.0,9.094947017729282e-13,0.014480583951808512,1,0,0,0,1,0.0,0,no_season,42,no_season_seed_42,False
156,2025-06-06,6,2,28477.58996545001,28477.58996545001,6395.142782674251,330,13039.398606630766,11735.458745967691,2713.7974874611864,1200.0,1200.0,14612.038693375267,0.0,0.0,34873.59640730765,49485.63510068291,0,0.0,8.810729923425242e-13,0.06976083293557167,1,0,0,0,1,0.0,0,no_season,42,no_season_seed_42,False
157,2025-06-07,6,2,30034.86809795031,30034.86809795031,4026.4367663878593,280,12909.800781923868,11612.699119267294,1637.6900350149272,1200.0,1206.4527165986462,15942.254488489945,0.0,0.0,19660.96252400001,35603.21701248994,0,0.0,8.384404281969182e-13,0.03969175007659942,1,0,0,0,1,0.0,0,no_season,42,no_season_seed_42,False
158,2025-06-08,6,2,82521.08535870633,82521.08535870633,27.21825710806104,40,17171.668789114447,15096.181406597741,15287.892966631021,1206.4527165986462,1584.155691175714,50958.276275622615,0.0,0.0,183.5520305922183,51141.82830621482,0,0.0,9.094947017729282e-13,0.01399354194290936,1,0,0,0,1,0.0,0,no_season,42,no_season_seed_42,False
159,2025-06-09,6,2,73670.69812137244,73670.69812137244,600.255440425922,70,21528.872147845537,19276.741084507892,1086.1097651273908,1584.155691175714,1688.767892905232,45379.35708445664,0.0,0.0,4156.922736819895,49536.27982127656,0,0.0,9.094947017729282e-13,0.021382291917689145,1,0,0,0,1,0.0,0,no_season,42,no_season_seed_42,False
160,2025-06-10,6,2,77875.16005161338,77875.16005161338,73.61557284015521,40,21191.236069904484,19111.86565052774,4250.960971743456,1688.767892905232,1646.8643538681363,48191.35154483618,0.0,0.0,496.3926047472487,48687.74414958342,0,0.0,9.094947017729282e-13,0.01465679204557091,1,0,0,0,1,0.0,0,no_season,42,no_season_seed_42,False
161,2025-06-11,6,2,79545.39129504134,79545.39129504134,1520.489265072768,120,23793.193033469746,21442.592955698834,2630.8341656765283,1646.8643538681363,1616.5916320492972,48828.00698571834,0.0,0.0,7696.519450250728,56524.52643596905,0,0.0,9.094947017729282e-13,0.014407415990717709,1,0,0,0,1,0.0,0,no_season,42,no_season_seed_42,False
162,2025-06-12,6,2,82029.42495707299,82029.42495707299,0.0,0,21167.974946958035,18508.98340136389,6918.041978145515,1616.5916320492972,2188.114343593299,51234.24647528553,0.0,0.0,0.0,51234.246475285545,0,0.0,8.997247391562269e-13,0.014276250032708049,1,0,0,0,1,0.0,0,no_season,42,no_season_seed_42,False
163,2025-06-13,6,2,34645.58840401343,34645.58840401343,0.0,0,12868.072241290367,11653.102842417433,5085.3053051405,2188.114343593299,2112.3906269391455,20064.07796927819,0.0,0.0,0.0,20064.077969278194,0,0.0,8.526512829121202e-13,0.04290491703432053,1,0,0,0,1,0.0,0,no_season,42,no_season_seed_42,False
164,2025-06-14,6,2,35088.19401185583,35088.19401185583,0.0,0,12110.345350412967,11320.066348898712,8104.572260341574,2112.3906269391455,1668.875352250886,20157.504957281846,0.0,0.0,0.0,20157.504957281843,0,0.0,7.958078640513122e-13,0.06114562496077269,1,0,0,0,1,0.0,0,no_season,42,no_season_seed_42,False
165,2025-06-15,6,2,78146.50632288035,78146.50632288035,60.31216304951079,40,21780.633003594325,19203.071318723058,5002.2824677252665,1668.875352250886,2089.9836244559333,48223.17991337088,0.0,0.0,409.5463231461114,48632.726236516995,0,0.0,8.313350008393172e-13,0.014694708050228655,1,0,0,0,1,0.0,0,no_season,42,no_season_seed_42,False
166,2025-06-16,6,2,78220.95429581663,78220.95429581663,23.166089707757465,20,22579.731011160096,20268.159903257336,3238.496460954967,2089.9836244559333,2146.4808842863713,48202.18024072586,0.0,0.0,156.2659280652007,48358.44616879105,0,0.0,9.094947017729282e-13,0.014952541911043227,1,0,0,0,1,0.0,0,no_season,42,no_season_seed_42,False
167,2025-06-17,6,2,79073.70574818576,79073.70574818576,473.43980325670907,40,22306.245501149548,20636.20900241585,3240.097836042112,2146.4808842863713,1555.569193806284,48827.100539050145,0.0,0.0,3285.7047623865246,52112.80530143669,0,0.0,9.094947017729282e-13,0.01444912503939122,1,0,0,0,1,0.0,0,no_season,42,no_season_seed_42,False
168,2025-06-18,6,2,82534.2151604829,82534.2151604829,52.40649698798131,20,20769.497591281717,18164.45172948241,9053.18489567157,1555.569193806284,2112.2313631059164,51109.18834029819,0.0,0.0,353.36168815308815,51462.55002845127,0,0.0,9.094947017729282e-13,0.014364083064720035,1,0,0,0,1,0.0,0,no_season,42,no_season_seed_42,False
169,2025-06-19,6,2,77642.53613388863,77642.53613388863,109.27571893355616,20,20623.252976670978,18727.663956910794,7596.718633062001,2112.2313631059164,1936.4758941843643,47971.2704100242,0.0,0.0,735.7680315535132,48707.03844157771,0,0.0,9.094947017729282e-13,0.014665374998003244,1,0,0,0,1,0.0,0,no_season,42,no_season_seed_42,False
170,2025-06-20,6,2,33537.21879392663,33537.21879392663,0.0,0,12098.289445010356,10829.945982925261,9868.29448184154,1936.4758941843643,1998.1556114348941,19321.783138912415,0.0,0.0,0.0,19321.783138912408,0,0.0,8.455458555545192e-13,0.044454208109527826,1,0,0,0,1,0.0,0,no_season,42,no_season_seed_42,False
171,2025-06-21,6,2,33694.83362527643,33694.83362527643,0.0,0,12977.356094642111,11127.39960068172,12510.136731316044,1998.1556114348941,2580.247533608461,19325.980331664578,0.0,0.0,0.0,19325.980331664585,0,0.0,8.100187187665142e-13,0.051778791937977076,1,0,0,0,1,0.0,0,no_season,42,no_season_seed_42,False
172,2025-06-22,6,2,72298.0082293542,72298.0082293542,86.79223261427785,50,19464.212141589847,18336.580493886213,3799.8277142648312,2580.247533608461,1717.1675488148855,44657.52369702231,0.0,0.0,587.8173156575397,45245.341012679855,0,0.0,9.094947017729282e-13,0.014573041931726038,1,0,0,0,1,0.0,0,no_season,42,no_season_seed_42,False
173,2025-06-23,6,2,76515.4788081485,76515.4788081485,14.355893285261914,30,20978.743078435713,19057.31948080032,7547.125103798387,1717.1675488148855,1531.1721691441596,47061.799420772026,0.0,0.0,97.7422432925612,47159.541664064614,0,0.0,9.094947017729282e-13,0.014634500024840236,1,0,0,0,1,0.0,0,no_season,42,no_season_seed_42,False
174,2025-06-24,6,2,76295.5349555129,76295.5349555129,3031.5522453462468,160,22566.948675291405,20094.403219050477,585.749494618229,1531.1721691441596,1758.6986673499869,47141.83565054343,0.0,0.0,16137.680990750137,63279.516641293565,0,0.0,9.094947017729282e-13,0.014107916969805956,1,0,0,0,1,0.0,0,no_season,42,no_season_seed_42,False
175,2025-06-25,6,2,82048.92318272623,82048.92318272623,8.892689427500159,10,19934.36061550604,17804.313023155064,9490.346913136087,1758.6986673499869,1902.6998646737934,50989.92722109781,0.0,0.0,59.87447791535857,51049.80169901316,0,0.0,9.094947017729282e-13,0.013169832993298769,1,0,0,0,1,0.0,0,no_season,42,no_season_seed_42,False
176,2025-06-26,6,2,77322.10366251881,77322.10366251881,51.14791257457682,30,20911.424699866686,19016.320182159223,7930.763224052591,1902.6998646737934,1696.0577189945673,47661.11435583151,0.0,0.0,345.0583128041294,48006.172668635656,0,0.0,9.094947017729282e-13,0.013872375013306737,1,0,0,0,1,0.0,0,no_season,42,no_season_seed_42,False
177,2025-06-27,6,2,32547.812674726152,32547.812674726152,0.0,0,12990.839891586573,11259.910916875404,11045.23783334832,1696.0577189945673,2151.2623024840464,18170.604120667223,0.0,0.0,0.0,18170.604120667223,0,0.0,9.094947017729282e-13,0.07092650001868606,1,0,0,0,1,0.0,0,no_season,42,no_season_seed_42,False
178,2025-06-28,6,2,32459.868993534936,32459.868993534936,0.0,0,12270.24830399334,11363.556981463747,9776.251554338678,2151.2623024840464,1813.6011372374257,18081.308421876125,0.0,0.0,0.0,18081.30842187612,0,0.0,8.313350008393172e-13,0.041910958010703325,1,0,0,0,1,0.0,0,no_season,42,no_season_seed_42,False
179,2025-06-29,6,2,74727.50876842825,74727.50876842825,11.106292232833425,20,20873.690238025265,18785.466711015768,3382.623000318241,1813.6011372374257,1814.501862704744,46078.29148630754,0.0,0.0,75.08898048285761,46153.380466790375,0,0.0,9.094947017729282e-13,0.014044874929822981,1,0,0,0,1,0.0,0,no_season,42,no_season_seed_42,False
180,2025-06-30,6,2,76858.86530635692,76858.86530635692,83.35738082215039,30,21559.684199320356,19459.774957558155,4964.629462083537,1814.501862704744,1755.4103004467922,47307.77914432679,0.0,0.0,561.5140537837392,47869.29319811052,0,0.0,9.094947017729282e-13,0.015194499981589615,1,0,0,0,1,0.0,0,no_season,42,no_season_seed_42,False
181,2025-07-01,7,2,80458.3520196235,80458.3520196235,3166.561018189258,340,21831.18569262367,20174.975598960387,3102.1589108161515,1755.4103004467922,1200.0,49842.39685174359,0.0,0.0,15258.823540575597,65101.2203923192,0,0.0,9.094947017729282e-13,0.014673124998807907,1,0,0,0,1,0.0,0,no_season,42,no_season_seed_42,False
182,2025-07-02,7,2,73706.04086132947,73706.04086132947,4912.447213228671,360,19921.113508915838,17929.002158024254,3721.6103569999027,1200.0,1200.0,44997.09899575825,0.0,0.0,26143.169934215763,71140.268929974,0,0.0,9.094947017729282e-13,0.01481283304747194,1,0,0,0,1,0.0,0,no_season,42,no_season_seed_42,False
183,2025-07-03,7,2,67614.67289411006,67614.67289411006,13721.297609882826,460,15755.515706595492,14179.964135935945,0.0,1200.0,1200.0,41697.688475802075,0.0,0.0,81833.84277315461,123531.53124895667,0,0.0,4.547473508864641e-13,0.03425754210911691,1,0,0,0,1,0.0,0,no_season,42,no_season_seed_42,False
184,2025-07-04,7,2,32843.806513279866,32843.806513279866,7576.953965552562,570,12315.253247045743,11083.727922341166,10308.367687461185,1200.0,1200.0,18368.906650694218,0.0,0.0,30857.92593030388,49226.83258099811,0,0.0,8.952838470577262e-13,0.03921199997421354,1,0,0,0,1,0.0,0,no_season,42,no_season_seed_42,False
185,2025-07-05,7,2,33246.42031790486,33246.42031790486,7673.220541364335,590,12184.927718080122,10966.434946272107,10911.068120794516,1200.0,1200.0,18377.404331694896,0.0,0.0,33943.312424232245,52320.71675592714,0,0.0,9.094947017729282e-13,0.03641041601076722,1,0,0,0,1,0.0,0,no_season,42,no_season_seed_42,False
186,2025-07-06,7,2,69030.04566213385,69030.04566213385,12535.967359544067,420,17237.84724831711,15514.062523485401,48.24674684620868,1200.0,1200.0,42684.81002043616,0.0,0.0,74028.60511259853,116713.41513303465,0,0.0,5.684341886080801e-13,0.05081908300053328,1,0,0,0,1,0.0,0,no_season,42,no_season_seed_42,False
187,2025-07-07,7,2,75539.47625843194,75539.47625843194,4035.2078684624203,340,20030.266014308803,17985.800501034137,4120.735846953012,1200.0,1243.6804483950962,46636.92571637567,0.0,0.0,20353.53405960625,66990.45977598193,0,0.0,9.094947017729282e-13,0.019137667026370764,1,0,0,0,1,0.0,0,no_season,42,no_season_seed_42,False
188,2025-07-08,7,2,84671.8348819786,84671.8348819786,73.76450351163135,20,22750.285939892176,19608.924284525438,6032.850713456825,1243.6804483950962,2156.875677148239,52907.583548430826,0.0,0.0,502.69539621301,53410.27894464383,0,0.0,9.094947017729282e-13,0.014599208952859044,1,0,0,0,1,0.0,0,no_season,42,no_season_seed_42,False
189,2025-07-09,7,2,85092.86063456486,85092.86063456486,48.72362954871949,20,19326.22652221364,17217.364727979337,8973.997453212598,2156.875677148239,2342.6480443598302,53940.26392439852,0.0,0.0,328.567722654661,54268.83164705315,0,0.0,9.094947017729282e-13,0.013899708050303161,1,0,0,0,1,0.0,0,no_season,42,no_season_seed_42,False
190,2025-07-10,7,2,83367.46618793145,83367.46618793145,52.71131117483867,40,19650.735253031555,18035.723513182384,8951.542375923793,2342.6480443598302,1973.6505230865723,52639.9997747832,0.0,0.0,355.34913469881985,52995.34890948201,0,0.0,9.094947017729282e-13,0.032088665990158916,1,0,0,0,1,0.0,0,no_season,42,no_season_seed_42,False
191,2025-07-11,7,2,42804.50910697349,42804.50910697349,0.0,0,13758.149504708148,11918.644371354258,8446.226823619609,1973.6505230865723,2462.422891943419,25642.2523533566,0.0,0.0,0.0,25642.25235335659,0,0.0,9.094947017729282e-13,0.04959654191043228,1,0,0,0,1,0.0,0,no_season,42,no_season_seed_42,False
192,2025-07-12,7,2,42611.26085334353,42611.26085334353,0.0,0,13009.103280059284,11938.66400181704,10456.578241767951,2462.422891943419,2219.4850746156635,25435.057547065004,0.0,0.0,0.0,25435.057547065,0,0.0,9.094947017729282e-13,0.06936191709246486,1,0,0,0,1,0.0,0,no_season,42,no_season_seed_42,False
193,2025-07-13,7,2,85645.57979742737,85645.57979742737,102.81106846155876,30,18406.99330397334,16578.107522641323,14651.784684556918,2219.4850746156635,2207.0325005168097,54092.61349599587,0.0,0.0,692.114177334255,54784.727673330155,0,0.0,9.094947017729282e-13,0.01872833294328302,1,0,0,0,1,0.0,0,no_season,42,no_season_seed_42,False
194,2025-07-14,7,2,81571.7988295602,81571.7988295602,21.396967139598473,20,18261.146316511855,16489.02030284754,8013.390566368827,2207.0325005168097,2150.1235003290544,51328.09905825361,0.0,0.0,144.11500337451707,51472.214061628125,0,0.0,9.094947017729282e-13,0.01414966699667275,1,0,0,0,1,0.0,0,no_season,42,no_season_seed_42,False
195,2025-07-15,7,2,82498.36147332106,82498.36147332106,8.292440576868103,10,19142.50528141793,16642.5223565517,7257.620405698364,2150.1235003290544,2767.5396579952458,51886.03283888549,0.0,0.0,55.74593177799582,51941.77877066351,0,0.0,9.094947017729282e-13,0.013727667042985559,1,0,0,0,1,0.0,0,no_season,42,no_season_seed_42,False
196,2025-07-16,7,2,82759.96155590331,82759.96155590331,37.94865533979214,20,18669.76277139721,17300.853503970247,9294.437560482824,2767.5396579952458,2242.5309319680696,52042.92259596048,0.0,0.0,256.1323629652686,52299.05495892574,0,0.0,9.094947017729282e-13,0.018718916922807693,1,0,0,0,1,0.0,0,no_season,42,no_season_seed_42,False
197,2025-07-17,7,2,80863.3816906668,80863.3816906668,14.444008356563586,10,20877.21663966193,18972.18939647752,6252.382389172307,2242.5309319680696,2049.9541034761833,50947.02111337768,0.0,0.0,97.59094246112186,51044.61205583879,0,0.0,9.023892744153272e-13,0.01815258397255093,1,0,0,0,1,0.0,0,no_season,42,no_season_seed_42,False
198,2025-07-18,7,2,42667.244118757204,42667.244118757204,0.0,0,13122.2052058556,11281.364361503958,9552.155174405567,2049.9541034761833,2607.168850328334,25529.533739064464,0.0,0.0,0.0,25529.533739064456,0,0.0,9.094947017729282e-13,0.0714657079661265,1,0,0,0,1,0.0,0,no_season,42,no_season_seed_42,False
199,2025-07-19,7,2,41926.66575611846,41926.66575611846,0.0,0,12167.469090794137,11171.552286044012,13747.929901368338,2607.168850328334,2374.393481790612,25128.351565134602,0.0,0.0,0.0,25128.351565134588,0,0.0,8.135714324453147e-13,0.07285762496758252,1,0,0,0,1,0.0,0,no_season,42,no_season_seed_42,False
200,2025-07-20,7,2,81410.22829342422,81410.22829342422,0.0,0,18822.579579668036,17138.58497542744,7636.255472516956,2374.393481790612,2165.4055570177975,51576.29579132474,0.0,0.0,0.0,51576.295791324745,0,0.0,8.668621376273222e-13,0.017932207905687392,1,0,0,0,1,0.0,0,no_season,42,no_season_seed_42,False
201,2025-07-21,7,2,84300.27919290832,84300.27919290832,0.0,0,19318.508504040896,16966.848969738625,7958.870308606059,2165.4055570177975,2607.922764563102,53316.983500542075,0.0,0.0,0.0,53316.98350054211,0,0.0,9.094947017729282e-13,0.014393000048585236,1,0,0,0,1,0.0,0,no_season,42,no_season_seed_42,False
202,2025-07-22,7,2,84725.90280492205,84725.90280492205,56.57104757826778,20,18670.04021372881,17331.463928153335,9648.752950258178,2607.922764563102,2050.9110232546077,53699.5903191013,0.0,0.0,381.61096970993515,54081.20128881122,0,0.0,9.023892744153272e-13,0.017959832912310958,1,0,0,0,1,0.0,0,no_season,42,no_season_seed_42,False
203,2025-07-23,7,2,84092.31600329027,84092.31600329027,4.819216583848743,20,20920.93832532117,18693.95084970283,7653.600627589106,2050.9110232546077,2193.1014079313677,52937.14883596004,0.0,0.0,32.471913535580285,52969.62074949563,0,0.0,9.094947017729282e-13,0.018300499999895692,1,0,0,0,1,0.0,0,no_season,42,no_season_seed_42,False
204,2025-07-24,7,2,82997.20029269117,82997.20029269117,1.4967637774223022,20,19529.766469224945,17242.40742580479,7094.866013048441,2193.1014079313677,2545.5714020640726,52297.9867577244,0.0,0.0,10.078379858770793,52308.065137583144,0,0.0,9.094947017729282e-13,0.01449450000654906,1,0,0,0,1,0.0,0,no_season,42,no_season_seed_42,False
205,2025-07-25,7,2,41370.17903382319,41370.17903382319,0.0,0,12569.620686746077,11396.363040090602,13691.601820501046,2545.5714020640726,2457.3391941279365,24806.299442935247,0.0,0.0,0.0,24806.29944293524,0,0.0,6.821210263296962e-13,0.06762483296915889,1,0,0,0,1,0.0,0,no_season,42,no_season_seed_42,False
206,2025-07-26,7,2,41658.95877681085,41658.95877681085,0.0,0,13047.42085830069,11467.678184547713,11610.124536391198,2457.3391941279365,2747.2152660352003,25020.995716839298,0.0,0.0,0.0,25020.995716839294,0,0.0,7.389644451905042e-13,0.04786558297928423,1,0,0,0,1,0.0,0,no_season,42,no_season_seed_42,False
207,2025-07-27,7,2,82029.38596913501,82029.38596913501,78.25514895639154,30,21281.46286901563,19621.047804375827,6762.036253451584,2747.2152660352003,2254.1832676613367,51456.23236562688,0.0,0.0,396.68367699732966,51852.916042624216,0,0.0,9.094947017729282e-13,0.01466575008817017,1,0,0,0,1,0.0,0,no_season,42,no_season_seed_42,False
208,2025-07-28,7,2,83629.64293378386,83629.64293378386,0.0,0,20552.86089432978,18594.33698573648,3716.241791857234,2254.1832676613367,2152.1869733885055,53039.44496525203,0.0,0.0,0.0,53039.444965252056,0,0.0,9.094947017729282e-13,0.018470957991667092,1,0,0,0,1,0.0,0,no_season,42,no_season_seed_42,False
209,2025-07-29,7,2,88953.98014665568,88953.98014665568,54.93304785984117,20,19722.162747157596,17459.257725171567,10676.762222529498,2152.1869733885055,2458.59981724021,56094.18878097766,0.0,0.0,370.2052138882415,56464.39399486592,0,0.0,9.094947017729282e-13,0.015136457979679108,1,0,0,0,1,0.0,0,no_season,42,no_season_seed_42,False
210,2025-07-30,7,2,85803.06109497906,85803.06109497906,0.0,0,19750.717400060494,17587.19800348946,9536.287648408024,2458.59981724021,2657.2410887290503,53967.0867539735,0.0,0.0,0.0,53967.086753973505,0,0.0,8.86402062860725e-13,0.01599550002720207,1,0,0,0,1,0.0,0,no_season,42,no_season_seed_42,False
211,2025-07-31,7,2,82472.00137298871,82472.00137298871,4.251365435279354,20,19982.241917111864,18617.008027110536,6416.022581755995,2657.2410887290503,1990.010725328939,51952.32018160883,0.0,0.0,29.24098471218423,51981.561166321015,0,0.0,9.094947017729282e-13,0.014616041909903288,1,0,0,0,1,0.0,0,no_season,42,no_season_seed_42,False
212,2025-08-01,8,2,40632.17698664431,40632.17698664431,0.0,0,12899.676509356661,11639.43000768442,18120.5708183054,1990.010725328939,1958.6818832121821,23803.928362587976,0.0,0.0,0.0,23803.928362587973,0,0.0,9.094947017729282e-13,0.051675708033144474,1,0,0,0,1,0.0,0,no_season,42,no_season_seed_42,False
213,2025-08-02,8,2,39503.334612023595,39503.334612023595,0.0,0,12980.234233313613,11611.058992796663,17207.134438173307,1958.6818832121821,2033.682483867639,23182.69605350479,0.0,0.0,0.0,23182.69605350479,0,0.0,8.206768598029157e-13,0.07582558295689523,1,0,0,0,1,0.0,0,no_season,42,no_season_seed_42,False
214,2025-08-03,8,2,75395.73468979655,75395.73468979655,429.0417017453101,120,17943.775928394658,16742.63766057528,11784.158140389156,2033.682483867639,1408.353328986173,47480.24758049145,0.0,0.0,1939.2752440062686,49419.522824497704,0,0.0,9.094947017729282e-13,0.05380141700152308,1,0,0,0,1,0.0,0,no_season,42,no_season_seed_42,False
215,2025-08-04,8,2,72301.80236245242,72301.80236245242,67.1192401754754,30,19429.309526875077,17095.830356681072,4619.787349100568,1408.353328986173,1820.0272967992921,45604.2850260596,0.0,0.0,452.17218320619475,46056.457209265805,0,0.0,9.094947017729282e-13,0.042058416991494596,1,0,0,0,1,0.0,0,no_season,42,no_season_seed_42,False
216,2025-08-05,8,2,74316.36033962632,74316.36033962632,22.074544912373426,20,18846.321806247888,17026.103204439918,7365.906549397386,1820.0272967992921,1752.1294230313156,46918.75376963891,0.0,0.0,148.83544965640138,47067.58921929532,0,0.0,8.526512829121202e-13,0.030262749991379678,1,0,0,0,1,0.0,0,no_season,42,no_season_seed_42,False
217,2025-08-06,8,2,75282.87030646858,75282.87030646858,390.6502891865214,80,19008.209963583264,17631.184929217008,6182.096294622184,1752.1294230313156,1200.0,47134.467432209625,0.0,0.0,2237.784963733293,49372.25239594292,0,0.0,9.094947017729282e-13,0.03416379203554243,1,0,0,0,1,0.0,0,no_season,42,no_season_seed_42,False
218,2025-08-07,8,2,76715.9689926441,76715.9689926441,19.992403821765038,10,19694.820251681096,17425.524221775755,11078.680116560537,1200.0,1516.0317097953898,48536.10102738865,0.0,0.0,135.07867642175546,48671.17970381042,0,0.0,9.094947017729282e-13,0.04338091693352908,1,0,0,0,1,0.0,0,no_season,42,no_season_seed_42,False
219,2025-08-08,8,2,40518.537535385614,40518.537535385614,0.0,0,13486.008882043592,11840.753475491263,23098.110878833282,1516.0317097953898,1828.7330285153228,23663.957083238693,0.0,0.0,0.0,23663.9570832387,0,0.0,8.100187187665142e-13,0.043986500008031726,1,0,0,0,1,0.0,0,no_season,42,no_season_seed_42,False
220,2025-08-09,8,2,39426.155982813,39426.155982813,0.0,0,13073.50430858685,11930.287058025482,19361.00973225163,1828.7330285153228,1655.7214653997885,23051.78602558385,0.0,0.0,0.0,23051.786025583853,0,0.0,9.094947017729282e-13,0.048538540955632925,1,0,0,0,1,0.0,0,no_season,42,no_season_seed_42,False
221,2025-08-10,8,2,75502.3875016034,75502.3875016034,19.59728251983438,20,18537.24965133561,16286.095949604101,7966.212032391744,1655.7214653997885,2074.6481371506575,47662.67611151481,0.0,0.0,133.2274180538625,47795.90352956867,0,0.0,8.490985692333197e-13,0.040944083011709154,1,0,0,0,1,0.0,0,no_season,42,no_season_seed_42,False
222,2025-08-11,8,2,76089.61464710612,76089.61464710612,149.16437308808054,50,19228.76131780267,17717.365808750124,10166.130177808313,2074.6481371506575,1640.9094768693128,47888.28866180156,0.0,0.0,1005.5019917649637,48893.79065356654,0,0.0,9.094947017729282e-13,0.07109366601798683,1,0,0,0,1,0.0,0,no_season,42,no_season_seed_42,False
223,2025-08-12,8,2,73929.93402247163,73929.93402247163,158.27217460529437,50,19116.559318041614,17032.62851663636,4243.731745671671,1640.9094768693128,1822.5031340519558,46433.53355183155,0.0,0.0,1069.7489882175616,47503.28254004913,0,0.0,9.094947017729282e-13,0.035500917001627386,1,0,0,0,1,0.0,0,no_season,42,no_season_seed_42,False
224,2025-08-13,8,2,76613.02913828111,76613.02913828111,178.95568201250944,60,18460.782030847397,16420.201577263124,8630.424916709346,1822.5031340519558,2027.5265079210048,48083.96094917377,0.0,0.0,1210.9663893371144,49294.92733851088,0,0.0,9.094947017729282e-13,0.019186959019862115,1,0,0,0,1,0.0,0,no_season,42,no_season_seed_42,False
225,2025-08-14,8,2,73823.69332777525,73823.69332777525,345.64476832182373,100,20213.71731435314,18674.09788005974,6703.427678470342,2027.5265079210048,1519.7149989254458,46072.87803982873,0.0,0.0,2073.5828762427404,48146.460916071446,0,0.0,9.094947017729282e-13,0.06335712492000312,1,0,0,0,1,0.0,0,no_season,42,no_season_seed_42,False
226,2025-08-15,8,2,40018.95067183853,40018.95067183853,0.0,0,13880.405301096676,12427.961542311188,21406.780029719714,1519.7149989254458,1587.6019626868667,23282.261224273785,0.0,0.0,0.0,23282.261224273785,0,0.0,6.252776074688882e-13,0.04391254100482911,1,0,0,0,1,0.0,0,no_season,42,no_season_seed_42,False
227,2025-08-16,8,2,39794.25841442174,39794.25841442174,13.054599486064035,10,13624.069653905899,12198.179280504908,21452.142273840145,1587.6019626868667,1654.5193503344112,23129.01609452846,0.0,0.0,91.06888601478272,23220.084980543244,0,0.0,6.821210263296962e-13,0.04753529094159603,1,0,0,0,1,0.0,0,no_season,42,no_season_seed_42,False
228,2025-08-17,8,2,71850.50836075953,71850.50836075953,158.99506510466108,50,19421.211434943965,17385.842618470964,6808.740992724513,1654.5193503344112,1752.8110280420528,45685.36542366791,0.0,0.0,1071.3460203638867,46756.71144403181,0,0.0,9.094947017729282e-13,0.03051116701681167,1,0,0,0,1,0.0,0,no_season,42,no_season_seed_42,False
229,2025-08-18,8,2,73489.59132117277,73489.59132117277,173.59448075441833,50,19440.215999074506,17276.119370325065,7104.973556511079,1752.8110280420528,1984.7904771313686,46336.21303400321,0.0,0.0,1179.3471488730042,47515.56018287623,0,0.0,9.094947017729282e-13,0.03886887489352375,1,0,0,0,1,0.0,0,no_season,42,no_season_seed_42,False
230,2025-08-19,8,2,74246.62996260345,74246.62996260345,118.25066065695569,30,17755.79393832384,16228.539726389063,8519.966361325613,1984.7904771313686,1723.0327520740202,47035.74214475052,0.0,0.0,797.9563118412606,47833.69845659178,0,0.0,9.094947017729282e-13,0.06508891598787159,1,0,0,0,1,0.0,0,no_season,42,no_season_seed_42,False
231,2025-08-20,8,2,73839.97452940204,73839.97452940204,810.8752434637433,80,21401.77192512204,19501.96693920206,2100.35372027915,1723.0327520740202,1469.6581990633617,46659.420571047536,0.0,0.0,4431.0574436745665,51090.47801472209,0,0.0,9.094947017729282e-13,0.044031959027051926,1,0,0,0,1,0.0,0,no_season,42,no_season_seed_42,False
232,2025-08-21,8,2,80248.2237944587,80248.2237944587,23.398354960527513,30,17815.30386392165,15905.581888846313,12517.481691010556,1469.6581990633617,1604.7839981014608,50280.94083034818,0.0,0.0,157.7672954891686,50438.70812583738,0,0.0,8.952838470577262e-13,0.01804241689387709,1,0,0,0,1,0.0,0,no_season,42,no_season_seed_42,False
233,2025-08-22,8,2,39356.02120591137,39356.02120591137,508.9541784949994,80,13721.214451821832,12413.864324207509,17327.05585679205,1604.7839981014608,1536.5090345799558,22713.869011248593,0.0,0.0,2740.7798130968663,25454.64882434546,0,0.0,9.094947017729282e-13,0.0629812499973923,1,0,0,0,1,0.0,0,no_season,42,no_season_seed_42,False
234,2025-08-23,8,2,40350.56343206606,40350.56343206606,0.0,0,13283.729905123495,11832.194629843854,16369.022006786425,1536.5090345799558,1666.3334818115893,23664.55566765668,0.0,0.0,0.0,23664.555667656678,0,0.0,7.958078640513122e-13,0.06301799998618662,1,0,0,0,1,0.0,0,no_season,42,no_season_seed_42,False
235,2025-08-24,8,2,77361.52211045517,77361.52211045517,13.711271398688837,20,19138.550901246093,17163.153535697205,11666.246532971647,1666.3334818115893,1731.2047360549673,48693.83618110986,0.0,0.0,92.37613584151055,48786.212316951365,0,0.0,9.094947017729282e-13,0.014218667056411505,1,0,0,0,1,0.0,0,no_season,42,no_season_seed_42,False
236,2025-08-25,8,2,73649.65581537012,73649.65581537012,81.01913559184129,20,20283.081088021565,18164.559278258326,839.0661245320542,1731.2047360549673,1826.2983264517475,47053.34064581852,0.0,0.0,546.3412181206288,47599.68186393916,0,0.0,9.094947017729282e-13,0.0549398340517655,1,0,0,0,1,0.0,0,no_season,42,no_season_seed_42,False
237,2025-08-26,8,2,80794.28749916337,80794.28749916337,43.63913519373216,20,19327.250592554607,17005.703702988816,12987.561361457985,1826.2983264517475,2236.1525223771287,50805.74760098761,0.0,0.0,301.74457965609884,51107.492180643705,0,0.0,9.094947017729282e-13,0.014375749975442886,1,0,0,0,1,0.0,0,no_season,42,no_season_seed_42,False
238,2025-08-27,8,2,73785.23121794261,73785.23121794261,36.285462516343046,30,20235.78760710131,18665.98912722767,4337.569333918661,2236.1525223771287,1757.8261074723991,46990.16724765434,0.0,0.0,246.31251991330498,47236.479767567645,0,0.0,9.094947017729282e-13,0.029588417033664882,1,0,0,0,1,0.0,0,no_season,42,no_season_seed_42,False
239,2025-08-28,8,2,76564.96652739935,76564.96652739935,142.88316770952292,30,20124.296465356892,18126.271026814607,3942.0292732332578,1757.8261074723991,1742.6427390890665,48587.537215439675,0.0,0.0,963.020227684004,49550.557443123704,0,0.0,9.094947017729282e-13,0.049924958031624556,1,0,0,0,1,0.0,0,no_season,42,no_season_seed_42,False
240,2025-08-29,8,2,40885.562492132216,40885.562492132216,0.0,0,14402.702197130493,12722.000814730774,16649.640759732498,1742.6427390890665,1996.0794372798523,24095.537183696233,0.0,0.0,0.0,24095.53718369623,0,0.0,9.094947017729282e-13,0.05202054197434336,1,0,0,0,1,0.0,0,no_season,42,no_season_seed_42,False
241,2025-08-30,8,2,41227.92258474395,41227.92258474395,0.0,0,12749.027677193675,11922.802333696209,21888.97740791315,1996.0794372798523,1523.1319055335848,24261.13624006365,0.0,0.0,0.0,24261.136240063646,0,0.0,8.810729923425242e-13,0.048951542004942894,1,0,0,0,1,0.0,0,no_season,42,no_season_seed_42,False
242,2025-08-31,8,2,73212.96066462496,73212.96066462496,131.9412624973396,50,20761.62715322893,18211.309278629204,4147.960969189248,1523.1319055335848,2022.9353280784887,46727.50630773471,0.0,0.0,893.0006214058839,47620.50692914061,0,0.0,9.094947017729282e-13,0.02728141692932695,1,0,0,0,1,0.0,0,no_season,42,no_season_seed_42,False
243,2025-09-01,9,2,76468.07285802538,76468.07285802538,0.0,0,19542.088769677277,14096.527453584335,17448.377008599102,2022.9353280784887,5703.143935418505,48259.290381542785,0.0,0.0,0.0,48259.2903815428,0,0.0,8.668621376273222e-13,0.041629749932326376,1,0,0,0,1,0.0,0,no_season,42,no_season_seed_42,False
244,2025-09-02,9,2,71660.27457782347,71660.27457782347,0.0,0,17966.588341620474,16491.557414446506,16127.487800649504,5703.143935418505,5364.118353700135,45975.92447884585,0.0,0.0,0.0,45975.92447884583,0,0.0,7.958078640513122e-13,0.037534707924351096,1,0,0,0,1,0.0,0,no_season,42,no_season_seed_42,False
245,2025-09-03,9,2,70894.48419863818,70894.48419863818,0.0,0,15425.993907562812,13927.701163580636,13848.474204656006,5364.118353700135,5317.415047269891,45395.74876114441,0.0,0.0,0.0,45395.748761144416,0,0.0,9.094947017729282e-13,0.029991375049576163,1,0,0,0,1,0.0,0,no_season,42,no_season_seed_42,False
246,2025-09-04,9,2,72507.8621287619,72507.8621287619,0.0,0,17764.852977569604,15960.71899250579,16778.162593698093,5317.415047269891,5346.559322671042,46790.756381915635,0.0,0.0,0.0,46790.75638191562,0,0.0,9.094947017729282e-13,0.035496957949362695,1,0,0,0,1,0.0,0,no_season,42,no_season_seed_42,False
247,2025-09-05,9,2,37705.424195321735,37705.424195321735,0.0,0,13019.331264305652,11109.740280235175,28971.571544584593,5346.559322671042,5987.086945417868,22957.811089059313,0.0,0.0,0.0,22957.81108905932,0,0.0,9.094947017729282e-13,0.03884004196152091,1,0,0,0,1,0.0,0,no_season,42,no_season_seed_42,False
248,2025-09-06,9,2,36974.414261924554,36974.414261924554,0.0,0,13800.14153086867,11868.516243137716,27321.70527419359,5987.086945417868,6568.536134812909,22502.58389730171,0.0,0.0,0.0,22502.58389730171,0,0.0,7.958078640513122e-13,0.04095295793376863,1,0,0,0,1,0.0,0,no_season,42,no_season_seed_42,False
249,2025-09-07,9,2,68801.09225031793,68801.09225031793,0.0,0,15449.697755129415,15045.21908414829,13435.629962670142,6568.536134812909,5366.352954319003,44948.87512457021,0.0,0.0,0.0,44948.87512457023,0,0.0,9.094947017729282e-13,0.03644429205451161,1,0,0,0,1,0.0,0,no_season,42,no_season_seed_42,False
250,2025-09-08,9,2,60978.91814345919,60978.91814345919,752.2141326753533,20,15043.031119902345,17237.89313932332,4530.4247622221865,5366.352954319003,1467.0905355404966,37872.37050257454,0.0,0.0,5204.959864852956,43077.33036742748,0,0.0,9.094947017729282e-13,0.038141584023833275,1,0,0,0,1,0.0,0,no_season,42,no_season_seed_42,False
251,2025-09-09,9,2,69201.25289261769,69201.25289261769,9.099616666666634,10,19066.79660816131,16674.628080299168,13715.349714755559,1467.0905355404966,1978.8407350471819,42507.54776543755,0.0,0.0,60.96743166666645,42568.51519710421,0,0.0,9.094947017729282e-13,0.03918049996718764,1,0,0,0,1,0.0,0,no_season,42,no_season_seed_42,False
252,2025-09-10,9,2,62003.503553332484,62003.503553332484,1927.5249461969383,80,19550.435431621343,17765.501037190013,830.0954550980963,1978.8407350471819,1799.5299481066213,38741.26474446664,0.0,0.0,12312.240328547052,51053.5050730137,0,0.0,9.094947017729282e-13,0.04912070790305734,1,0,0,0,1,0.0,0,no_season,42,no_season_seed_42,False
253,2025-09-11,9,2,69610.1827358011,69610.1827358011,0.0,0,18865.307788943734,16834.473251502637,14083.262415026671,1799.5299481066213,1951.639465416831,42884.367586092536,0.0,0.0,0.0,42884.36758609253,0,0.0,9.023892744153272e-13,0.014638290973380208,1,0,0,0,1,0.0,0,no_season,42,no_season_seed_42,False
254,2025-09-12,9,2,31805.913913746248,31805.913913746248,0.0,0,13776.326815948198,12188.374796109354,18666.305693907405,1951.639465416831,2173.3355136936516,17599.012998628496,0.0,0.0,0.0,17599.012998628496,0,0.0,9.094947017729282e-13,0.07941041700541973,1,0,0,0,1,0.0,0,no_season,42,no_season_seed_42,False
255,2025-09-13,9,2,32511.431137261352,32511.431137261352,0.0,0,13573.031266217982,12116.05725749009,23047.35564520013,2173.3355136936516,2278.397848311446,17867.56135322977,0.0,0.0,0.0,17867.561353229772,0,0.0,8.952838470577262e-13,0.0522277089767158,1,0,0,0,1,0.0,0,no_season,42,no_season_seed_42,False
256,2025-09-14,9,2,61770.97319756076,61770.97319756076,0.0,0,18878.559197095263,17916.66922731706,709.7584777825547,2278.397848311446,1302.3440357966422,38732.304730412674,0.0,0.0,0.0,38732.304730412674,0,0.0,9.094947017729282e-13,0.03323562501464039,1,0,0,0,1,0.0,0,no_season,42,no_season_seed_42,False
257,2025-09-15,9,2,69830.490764077,69830.490764077,1.1717666666665991,10,20452.805241769776,17851.98565463604,12163.812310276584,1302.3440357966422,1887.9336251763207,42809.613658194416,0.0,0.0,7.8936061499995445,42817.50726434439,0,0.0,8.846257060213247e-13,0.04877495893742889,1,0,0,0,1,0.0,0,no_season,42,no_season_seed_42,False
258,2025-09-16,9,2,64730.72608104477,64730.72608104477,8.238266666666732,10,18967.308596283336,17448.058198561404,3727.943966656176,1887.9336251763207,1490.0342812307683,40567.6319398767,0.0,0.0,55.3817476666671,40623.013687543375,0,0.0,9.094947017729282e-13,0.039676624932326376,1,0,0,0,1,0.0,0,no_season,42,no_season_seed_42,False
259,2025-09-17,9,2,67668.93835837468,67668.93835837468,0.0,0,20679.2920389562,18400.530740964103,5430.058660382589,1490.0342812307683,1712.2708216333722,41455.4338950706,0.0,0.0,0.0,41455.43389507061,0,0.0,8.988365607365267e-13,0.03335487493313849,1,0,0,0,1,0.0,0,no_season,42,no_season_seed_42,False
260,2025-09-18,9,2,67897.9758982529,67897.9758982529,34.47459554609796,10,19687.38363227847,17965.644993317015,7254.660738170886,1712.2708216333722,1451.9102515949198,41927.41315148396,0.0,0.0,133.83037990995228,42061.24353139393,0,0.0,9.094947017729282e-13,0.04285829095169902,1,0,0,0,1,0.0,0,no_season,42,no_season_seed_42,False
261,2025-09-19,9,2,33053.900281740454,33053.900281740454,0.0,0,14935.084984975561,12628.500363195682,14645.963343293914,1451.9102515949198,2308.9677384855827,18030.302808285287,0.0,0.0,0.0,18030.30280828529,0,0.0,9.059419880941277e-13,0.04497370892204344,1,0,0,0,1,0.0,0,no_season,42,no_season_seed_42,False
262,2025-09-20,9,2,32422.480364976655,32422.480364976655,0.0,0,14262.18318134228,12992.671375040498,15507.53482534154,2308.9677384855827,2143.784571295363,17969.6837695358,0.0,0.0,0.0,17969.683769535797,0,0.0,9.094947017729282e-13,0.04841170902363956,1,0,0,0,1,0.0,0,no_season,42,no_season_seed_42,False
263,2025-09-21,9,2,69374.31213990279,69374.31213990279,0.0,0,17999.801597828096,16444.83138865786,9531.854447399219,2143.784571295363,1885.5214068483294,43285.477529430755,0.0,0.0,0.0,43285.47752943074,0,0.0,8.042455590384634e-13,0.032534125028178096,1,0,0,0,1,0.0,0,no_season,42,no_season_seed_42,False
264,2025-09-22,9,2,67038.52175904864,67038.52175904864,10.906666666666524,10,20070.253727180436,18403.795555882934,4768.950371084479,1885.5214068483294,1526.5320559022487,41229.70304027252,0.0,0.0,73.52183999999905,41303.22488027252,0,0.0,8.810729923425242e-13,0.04551199998240918,1,0,0,0,1,0.0,0,no_season,42,no_season_seed_42,False
265,2025-09-23,9,2,70500.93727025222,70500.93727025222,16.609366666666688,20,21187.3255017919,18541.68977099852,5755.295322792172,1526.5320559022487,2081.9367749448884,43559.67576670593,0.0,0.0,111.5664441666668,43671.24221087258,0,0.0,8.668621376273222e-13,0.035449332906864583,1,0,0,0,1,0.0,0,no_season,42,no_season_seed_42,False
266,2025-09-24,9,2,69957.96252241968,69957.96252241968,0.0,0,20621.65689325179,18502.402689142473,6775.483218310356,2081.9367749448884,2142.1133532629156,43303.90481755592,0.0,0.0,0.0,43303.90481755594,0,0.0,8.739675649849232e-13,0.05896887497510761,1,0,0,0,1,0.0,0,no_season,42,no_season_seed_42,False
267,2025-09-25,9,2,68301.6971875803,68301.6971875803,15.371666666666556,10,19467.068110145654,17938.340659981634,6452.8925040829445,2142.1133532629156,1701.5244215198693,42523.40745882534,0.0,0.0,103.49743166666592,42626.90489049202,0,0.0,9.094947017729282e-13,0.03116579190827906,1,0,0,0,1,0.0,0,no_season,42,no_season_seed_42,False
268,2025-09-26,9,2,33952.506520856725,33952.506520856725,0.0,0,14490.428471397692,12603.22665511183,14371.061204570862,1701.5244215198693,2163.3845280975775,18676.882266586657,0.0,0.0,0.0,18676.88226658666,0,0.0,7.958078640513122e-13,0.049794542021118104,1,0,0,0,1,0.0,0,no_season,42,no_season_seed_42,False
269,2025-09-27,9,2,33164.32904330188,33164.32904330188,0.0,0,14488.811050309452,13626.979752925761,14501.195495918184,2163.3845280975775,1544.579697387889,18382.464226093933,0.0,0.0,0.0,18382.46422609394,0,0.0,8.242295734817162e-13,0.06583195796702057,1,0,0,0,1,0.0,0,no_season,42,no_season_seed_42,False
270,2025-09-28,9,2,71096.67984077777,71096.67984077777,140.8720712521743,40,21491.2409070407,19140.960249059986,5399.64208738255,1544.579697387889,1756.6173370195881,44130.80140279037,0.0,0.0,683.055985439712,44813.857388230084,0,0.0,8.952838470577262e-13,0.03512195800431073,1,0,0,0,1,0.0,0,no_season,42,no_season_seed_42,False
271,2025-09-29,9,2,73253.77975169968,73253.77975169968,18.32936555431479,20,20109.497631210706,18026.64971247129,8429.36959851457,1756.6173370195881,1832.4046474593163,45536.580393404016,0.0,0.0,98.73666685641061,45635.31706026043,0,0.0,9.094947017729282e-13,0.01487262500450015,1,0,0,0,1,0.0,0,no_season,42,no_season_seed_42,False
272,2025-09-30,9,2,71627.04920079198,71627.04920079198,20.094870863922097,10,21606.707521353124,19234.0413444949,3852.3031281310305,1832.4046474593163,2055.867446012369,44746.12722725608,0.0,0.0,135.77099499208964,44881.89822224819,0,0.0,9.094947017729282e-13,0.041615832946263254,1,0,0,0,1,0.0,0,no_season,42,no_season_seed_42,False
273,2025-10-01,10,2,74694.09663986854,74694.09663986854,0.0,0,18052.0602726956,14601.680449302303,21582.195283141904,2055.867446012369,3790.0328935378634,46655.41197895064,0.0,0.0,0.0,46655.41197895064,0,0.0,8.597567102697212e-13,0.03099279198795557,1,0,0,0,1,0.0,0,no_season,42,no_season_seed_42,False
274,2025-10-02,10,2,59645.881657949976,59645.881657949976,0.0,0,19523.61382722379,17154.08054012228,5545.565254181801,3790.0328935378634,4229.770691427213,37984.46762136703,0.0,0.0,0.0,37984.46762136703,0,0.0,9.094947017729282e-13,0.03166662494186312,1,0,0,0,1,0.0,0,no_season,42,no_season_seed_42,False
275,2025-10-03,10,2,30134.750512779552,30134.750512779552,0.0,0,12950.414766382026,11546.59034353074,20913.772389928265,4229.770691427213,4344.437984966188,16638.201951113722,0.0,0.0,0.0,16638.201951113726,0,0.0,9.094947017729282e-13,0.046616500010713935,1,0,0,0,1,0.0,0,no_season,42,no_season_seed_42,False
276,2025-10-04,10,2,31604.95294779969,31604.95294779969,0.0,0,13122.772177709425,11773.35644783013,17159.554784587064,4344.437984966188,4383.585414023562,17825.28673370863,0.0,0.0,0.0,17825.286733708628,0,0.0,8.526512829121202e-13,0.05227445811033249,1,0,0,0,1,0.0,0,no_season,42,no_season_seed_42,False
277,2025-10-05,10,2,67237.17882002413,67237.17882002413,0.0,0,17546.979007608687,16354.726189936755,11308.964935685526,4383.585414023562,3790.716240248998,42247.70228670366,0.0,0.0,0.0,42247.70228670367,0,0.0,8.952838470577262e-13,0.057384375017136335,1,0,0,0,1,0.0,0,no_season,42,no_season_seed_42,False
278,2025-10-06,10,2,65921.62068743067,65921.62068743067,0.0,0,19075.17077773015,17230.375378327022,6343.716038027532,3790.716240248998,3724.6017861432088,41520.566447490615,0.0,0.0,0.0,41520.56644749062,0,0.0,9.041656312547275e-13,0.037997334031388164,1,0,0,0,1,0.0,0,no_season,42,no_season_seed_42,False
279,2025-10-07,10,2,68621.35004266449,68621.35004266449,0.0,0,19557.925159232786,17326.06759774211,8617.929481173815,3724.6017861432088,4015.5998949269233,43093.45646889186,0.0,0.0,0.0,43093.45646889187,0,0.0,9.094947017729282e-13,0.03350112505722791,1,0,0,0,1,0.0,0,no_season,42,no_season_seed_42,False
280,2025-10-08,10,2,64961.568900459446,64961.568900459446,0.0,0,17405.995606852644,17615.6008472636,8692.678474203733,4015.5998949269233,1959.9035365070279,39775.467214909266,0.0,0.0,0.0,39775.46721490928,0,0.0,8.686384944667225e-13,0.03638062498066574,1,0,0,0,1,0.0,0,no_season,42,no_season_seed_42,False
281,2025-10-09,10,2,65163.52209060706,65163.52209060706,0.0,0,20112.542426207994,18293.75655921032,7584.754540276053,1959.9035365070279,1757.0240549997154,39386.12658977692,0.0,0.0,0.0,39386.12658977692,0,0.0,8.704148513061227e-13,0.05191762500908226,1,0,0,0,1,0.0,0,no_season,42,no_season_seed_42,False
282,2025-10-10,10,2,31417.424081046724,31417.424081046724,0.0,0,14814.53236517192,13179.980436192836,20439.261235400976,1757.0240549997154,1918.4042466574595,16252.866306083099,0.0,0.0,0.0,16252.866306083097,0,0.0,8.739675649849232e-13,0.05411912500858307,1,0,0,0,1,0.0,0,no_season,42,no_season_seed_42,False
283,2025-10-11,10,2,32308.89407295487,32308.89407295487,0.0,0,15118.614974349139,13353.738138931993,16437.70365420439,1918.4042466574595,2185.105830317842,16844.576828506895,0.0,0.0,0.0,16844.576828506895,0,0.0,7.958078640513122e-13,0.04502191592473537,1,0,0,0,1,0.0,0,no_season,42,no_season_seed_42,False
284,2025-10-12,10,2,68553.40818308244,68553.40818308244,18.225208803230885,10,18725.659155051446,17434.762769004086,8765.78102250498,2185.105830317842,1571.972310782841,41892.21059680875,0.0,0.0,85.36687803433345,41977.57747484309,0,0.0,9.094947017729282e-13,0.033207417000085115,1,0,0,0,1,0.0,0,no_season,42,no_season_seed_42,False
285,2025-10-13,10,2,68763.72781162645,68763.72781162645,0.0,0,20833.267794445364,18266.79605701407,9169.860774195153,1571.972310782841,2081.251813204346,41753.54041315539,0.0,0.0,0.0,41753.540413155366,0,0.0,8.313350008393172e-13,0.03059779095929116,1,0,0,0,1,0.0,0,no_season,42,no_season_seed_42,False
286,2025-10-14,10,2,66485.60954123526,66485.60954123526,0.0,0,21026.165360969237,19214.623703856923,3900.238600789603,2081.251813204346,1774.431950787928,40600.099495502895,0.0,0.0,0.0,40600.099495502895,0,0.0,8.897327319346005e-13,0.08680875005666167,1,0,0,0,1,0.0,0,no_season,42,no_season_seed_42,False
287,2025-10-15,10,2,69448.18276058056,69448.18276058056,0.0,0,20282.798703627304,18017.47381691015,5262.834223863414,1774.431950787928,2024.29933734521,42543.77979271943,0.0,0.0,0.0,42543.77979271944,0,0.0,8.810729923425242e-13,0.058274209033697844,1,0,0,0,1,0.0,0,no_season,42,no_season_seed_42,False
288,2025-10-16,10,2,70979.41494380918,70979.41494380918,0.0,0,21157.230849743723,19238.513198251792,6094.224342317251,2024.29933734521,1816.6373769341046,43449.39932961961,0.0,0.0,0.0,43449.39932961962,0,0.0,8.739675649849232e-13,0.018590250052511692,1,0,0,0,1,0.0,0,no_season,42,no_season_seed_42,False
289,2025-10-17,10,2,33457.07411507446,33457.07411507446,0.0,0,15022.049735531013,13225.87946644134,15656.704529318118,1816.6373769341046,2126.5040059141406,17650.501692282236,0.0,0.0,0.0,17650.501692282243,0,0.0,9.094947017729282e-13,0.07013608398847282,1,0,0,0,1,0.0,0,no_season,42,no_season_seed_42,False
290,2025-10-18,10,2,32313.605964190698,32313.605964190698,0.0,0,14685.951971925637,12958.234977240914,14509.29570283931,2126.5040059141406,2399.6423630715144,17117.399373123902,0.0,0.0,0.0,17117.399373123902,0,0.0,9.094947017729282e-13,0.06793804198969156,1,0,0,0,1,0.0,0,no_season,42,no_season_seed_42,False
291,2025-10-19,10,2,70294.75941512667,70294.75941512667,0.0,0,21441.269714859638,19695.180452847,4662.947619780696,2399.6423630715144,1980.0737775474938,43022.390346888715,0.0,0.0,0.0,43022.39034688871,0,0.0,8.810729923425242e-13,0.03250374994240701,1,0,0,0,1,0.0,0,no_season,42,no_season_seed_42,False
292,2025-10-20,10,2,73391.52919050005,73391.52919050005,0.0,0,21075.851618896308,19124.541564467665,6999.436769404734,1980.0737775474938,1815.3453504927259,45373.40318724403,0.0,0.0,0.0,45373.40318724402,0,0.0,8.597567102697212e-13,0.01498404098674655,1,0,0,0,1,0.0,0,no_season,42,no_season_seed_42,False
293,2025-10-21,10,2,74433.7972364817,74433.7972364817,0.0,0,20647.176046242057,18147.99960423296,5472.039444472595,1815.3453504927259,2273.3051757343737,46057.60482218577,0.0,0.0,0.0,46057.60482218578,0,0.0,9.094947017729282e-13,0.01958250009920448,1,0,0,0,1,0.0,0,no_season,42,no_season_seed_42,False
294,2025-10-22,10,2,74518.49563286998,74518.49563286998,0.0,0,20571.749586676306,18939.994699756644,7331.844045950323,2273.3051757343737,1824.873046042436,45757.464671065194,0.0,0.0,0.0,45757.46467106521,0,0.0,9.094947017729282e-13,0.019578582956455648,1,0,0,0,1,0.0,0,no_season,42,no_season_seed_42,False
295,2025-10-23,10,2,73921.5046265058,73921.5046265058,0.0,0,20464.637140192808,18161.128478542574,8238.49893152223,1824.873046042436,2095.82221122661,45666.7133495981,0.0,0.0,0.0,45666.7133495981,0,0.0,8.819611707622244e-13,0.061944458982907236,1,0,0,0,1,0.0,0,no_season,42,no_season_seed_42,False
296,2025-10-24,10,2,32976.13926800343,32976.13926800343,0.0,0,15630.56053388586,14055.897968655432,12981.425986106336,2095.82221122661,2108.0565489299206,17357.39449483332,0.0,0.0,0.0,17357.394494833316,0,0.0,8.526512829121202e-13,0.04476629104465246,1,0,0,0,1,0.0,0,no_season,42,no_season_seed_42,False
297,2025-10-25,10,2,33465.8592969783,33465.8592969783,0.0,0,15096.70552868884,13826.308480360794,12797.029515316917,2108.0565489299206,1855.8401295700257,17641.377973675837,0.0,0.0,0.0,17641.377973675837,0,0.0,6.821210263296962e-13,0.07379333407152444,1,0,0,0,1,0.0,0,no_season,42,no_season_seed_42,False
298,2025-10-26,10,2,74234.50270843387,74234.50270843387,0.0,0,19553.01391029528,17203.163458053146,7340.340239525067,1855.8401295700257,2271.7313569410385,46010.943151065236,0.0,0.0,0.0,46010.94315106522,0,0.0,8.526512829121202e-13,0.024874082999303937,1,0,0,0,1,0.0,0,no_season,42,no_season_seed_42,False
299,2025-10-27,10,2,73969.5069681661,73969.5069681661,17.774472644686625,10,20420.58858771829,18492.421648294934,8506.53283472076,2271.7313569410385,2151.678732864579,45601.40889428577,0.0,0.0,83.25562986771216,45684.6645241535,0,0.0,9.094947017729282e-13,0.01720445801038295,1,0,0,0,1,0.0,0,no_season,42,no_season_seed_42,False
300,2025-10-28,10,2,72714.02167553824,72714.02167553824,0.0,0,21355.522209155002,19182.236940262334,4568.314706645555,2151.678732864579,2191.452857753999,45055.81096997262,0.0,0.0,0.0,45055.810969972634,0,0.0,9.094947017729282e-13,0.03200862498488277,1,0,0,0,1,0.0,0,no_season,42,no_season_seed_42,False
301,2025-10-29,10,2,74725.875006945,74725.875006945,0.0,0,21565.025534727363,19540.448504438376,3389.041176656012,2191.452857753999,2052.3911461639964,46443.64047799592,0.0,0.0,0.0,46443.64047799593,0,0.0,9.094947017729282e-13,0.015497416956350207,1,0,0,0,1,0.0,0,no_season,42,no_season_seed_42,False
302,2025-10-30,10,2,76826.02073020226,76826.02073020226,0.0,0,19151.08105470711,17375.63540665746,10262.757432152619,2052.3911461639964,1905.173989808378,47599.986200196094,0.0,0.0,0.0,47599.98620019609,0,0.0,9.094947017729282e-13,0.020168958930298686,1,0,0,0,1,0.0,0,no_season,42,no_season_seed_42,False
303,2025-10-31,10,2,34813.62314953118,34813.62314953118,0.0,0,16128.510724253021,14009.622309751041,8790.442668362539,1905.173989808378,2438.5841838283977,18577.436734390136,0.0,0.0,0.0,18577.43673439014,0,0.0,7.958078640513122e-13,0.0753839579410851,1,0,0,0,1,0.0,0,no_season,42,no_season_seed_42,False
304,2025-11-01,11,2,31687.033236588806,31687.033236588806,0.0,0,15450.81421899984,14395.769783980362,8087.950368235994,2438.5841838283977,1922.039845072248,16897.360165623435,0.0,0.0,0.0,16897.360165623435,0,0.0,9.094947017729282e-13,0.07484479201957583,1,0,0,0,1,0.0,0,no_season,42,no_season_seed_42,False
305,2025-11-02,11,2,73644.7260397517,73644.7260397517,176.34861945858214,50,22545.14793491713,20592.49338072471,3072.0361716845155,1922.039845072248,1603.8512146625017,45245.2734176383,0.0,0.0,926.6322595297729,46171.90567716808,0,0.0,8.846257060213247e-13,0.020482374937273562,1,0,0,0,1,0.0,0,no_season,42,no_season_seed_42,False
306,2025-11-03,11,2,74556.82610982572,74556.82610982572,0.0,0,21876.702581602927,19219.58279178742,2394.776036676883,1603.8512146625017,2098.6944701724356,45954.76824367652,0.0,0.0,0.0,45954.76824367653,0,0.0,8.846257060213247e-13,0.03507604205515236,1,0,0,0,1,0.0,0,no_season,42,no_season_seed_42,False
307,2025-11-04,11,2,74408.08469704763,74408.08469704763,34.9723018711702,30,20976.52170746684,19359.144677847304,5245.607935965938,2098.6944701724356,1592.4400203322261,45855.444777074306,0.0,0.0,165.39349508661712,46020.83827216094,0,0.0,9.094947017729282e-13,0.02123237494379282,1,0,0,0,1,0.0,0,no_season,42,no_season_seed_42,False
308,2025-11-05,11,2,74612.86940204771,74612.86940204771,3.227683333333289,10,22678.099764503226,20021.981349883747,2281.9586040948925,1592.4400203322261,2001.7530534246291,46134.91470177174,0.0,0.0,13.880652174999808,46148.79535394674,0,0.0,9.094947017729282e-13,0.024415957974269986,1,0,0,0,1,0.0,0,no_season,42,no_season_seed_42,False
309,2025-11-06,11,2,73810.82559362237,73810.82559362237,1273.579904098683,80,21813.777534690962,19859.63849479762,1760.6819078277108,2001.7530534246291,1762.2224176026346,45558.03436151342,0.0,0.0,6148.778449120279,51706.812810633724,0,0.0,9.094947017729282e-13,0.0417373749660328,1,0,0,0,1,0.0,0,no_season,42,no_season_seed_42,False
310,2025-11-07,11,2,33212.52840825642,33212.52840825642,101.26265479106874,20,17011.979092167883,15395.568738723374,8378.918926269642,1762.2224176026346,1672.8484864429738,17624.631008064236,0.0,0.0,550.5928869038078,18175.223894968047,0,0.0,9.094947017729282e-13,0.06373308296315372,1,0,0,0,1,0.0,0,no_season,42,no_season_seed_42,False
311,2025-11-08,11,2,32903.520063640724,32903.520063640724,0.0,0,16432.913224637414,14860.079962569966,7539.479701573278,1672.8484864429738,1598.5791696529748,17209.282468182475,0.0,0.0,0.0,17209.282468182468,0,0.0,8.526512829121202e-13,0.0791199579834938,1,0,0,0,1,0.0,0,no_season,42,no_season_seed_42,False
312,2025-11-09,11,2,75710.61958577734,75710.61958577734,288.6409057761015,40,22662.94306461233,20443.061009505236,2432.5612531130223,1598.5791696529748,1549.6563611145352,46793.66387488782,0.0,0.0,1858.7614027537684,48652.425277641596,0,0.0,9.094947017729282e-13,0.019496291992254555,1,0,0,0,1,0.0,0,no_season,42,no_season_seed_42,False
313,2025-11-10,11,2,77345.0033220473,77345.0033220473,363.6286058138952,100,23786.955464078732,21310.85300450557,1374.0863682880383,1549.6563611145352,1652.3322629307174,47635.29048792028,0.0,0.0,1779.4908436850617,49414.78133160535,0,0.0,9.094947017729282e-13,0.02355599997099489,1,0,0,0,1,0.0,0,no_season,42,no_season_seed_42,False
314,2025-11-11,11,2,77699.31319467298,77699.31319467298,2.0516666666667334,10,22729.74913731813,20187.136443654323,3599.7325010091836,1652.3322629307174,1936.5554388694964,48399.84779981575,0.0,0.0,8.985274166666958,48408.83307398243,0,0.0,8.135714324453147e-13,0.019070541951805353,1,0,0,0,1,0.0,0,no_season,42,no_season_seed_42,False
315,2025-11-12,11,2,76409.94274990926,76409.94274990926,11.773333333333312,10,21905.093042948607,19905.079769153155,3465.715059447138,1936.5554388694964,1735.7549916698147,47556.53290895736,0.0,0.0,51.56131333333324,47608.09422229069,0,0.0,8.86402062860725e-13,0.015449500060640275,1,0,0,0,1,0.0,0,no_season,42,no_season_seed_42,False
316,2025-11-13,11,2,76368.83526840399,76368.83526840399,263.31158104718037,20,22432.7473283796,20066.91358374866,1870.4417881535614,1735.7549916698147,1864.94353335156,47498.89928031686,0.0,0.0,1832.2534469851305,49331.15272730202,0,0.0,9.094947017729282e-13,0.018833959009498358,1,0,0,0,1,0.0,0,no_season,42,no_season_seed_42,False
317,2025-11-14,11,2,33648.53588284059,33648.53588284059,0.0,0,16719.741012119302,15098.845282454853,4429.184853176136,1864.94353335156,1811.1022022641034,17955.460130036146,0.0,0.0,0.0,17955.46013003614,0,0.0,8.526512829121202e-13,0.052711583906784654,1,0,0,0,1,0.0,0,no_season,42,no_season_seed_42,False
318,2025-11-15,11,2,33256.98829828366,33256.98829828366,346.92468149947337,40,16744.879701097274,15404.208230792128,4051.354592811316,1811.1022022641034,1459.2287156215607,17649.64081577501,0.0,0.0,1979.8445556313577,19629.48537140637,0,0.0,9.094947017729282e-13,0.05668891593813896,1,0,0,0,1,0.0,0,no_season,42,no_season_seed_42,False
319,2025-11-16,11,2,79376.24042371204,79376.24042371204,112.25431755134603,20,24243.308396546414,21620.877738511204,2431.5196998948477,1459.2287156215607,1668.0442590043174,49267.93315541866,0.0,0.0,462.4880247099036,49730.42118012858,0,0.0,8.739675649849232e-13,0.024252166971564293,1,0,0,0,1,0.0,0,no_season,42,no_season_seed_42,False
320,2025-11-17,11,2,80225.59215018383,80225.59215018383,0.0,0,22628.412779925384,19807.479871901734,4708.904908826837,1668.0442590043174,2256.3244903290893,50269.80252448664,0.0,0.0,0.0,50269.80252448662,0,0.0,9.094947017729282e-13,0.0241364169633016,1,0,0,0,1,0.0,0,no_season,42,no_season_seed_42,False
321,2025-11-18,11,2,77944.48216709089,77944.48216709089,0.0,0,22625.84542585251,20898.269132512825,1326.3540404178652,2256.3244903290893,1692.3762787974058,48701.01976911767,0.0,0.0,0.0,48701.01976911764,0,0.0,9.094947017729282e-13,0.015476249973289669,1,0,0,0,1,0.0,0,no_season,42,no_season_seed_42,False
322,2025-11-19,11,2,79228.5125632331,79228.5125632331,635.7223413433567,60,23142.398821243365,20996.967792609896,2350.492275942996,1692.3762787974058,1514.4361233864659,49352.49359729498,0.0,0.0,3097.1000448830014,52449.59364217798,0,0.0,9.094947017729282e-13,0.019044207991100848,1,0,0,0,1,0.0,0,no_season,42,no_season_seed_42,False
323,2025-11-20,11,2,79593.98821340685,79593.98821340685,54.3707029972428,50,22629.532319801678,20331.75285881117,2557.503422080243,1514.4361233864659,1551.1461920488896,49633.933900458076,0.0,0.0,260.8689563587986,49894.80285681687,0,0.0,9.094947017729282e-13,0.023581917048431933,1,0,0,0,1,0.0,0,no_season,42,no_season_seed_42,False
324,2025-11-21,11,2,34131.52444024008,34131.52444024008,474.3487136045495,40,17022.53983592125,15181.303962332726,3900.253213589437,1551.1461920488896,1697.6459673500913,18301.655537845276,0.0,0.0,2648.1796683995626,20949.835206244847,0,0.0,8.526512829121202e-13,0.06059966597240418,1,0,0,0,1,0.0,0,no_season,42,no_season_seed_42,False
325,2025-11-22,11,2,34313.95793825739,34313.95793825739,184.80544017363104,50,17240.746384362046,15712.331008056623,2750.5185187922552,1697.6459673500913,1491.4029961363617,18236.557937948102,0.0,0.0,987.8722681411509,19224.43020608926,0,0.0,9.094947017729282e-13,0.048811125103384256,1,0,0,0,1,0.0,0,no_season,42,no_season_seed_42,False
326,2025-11-23,11,2,81686.81472054745,81686.81472054745,89.77450191243767,10,24147.650509522868,21332.46574432833,3729.308173932027,1491.4029961363617,1913.4824351494497,51001.63747492999,0.0,0.0,441.6456621582371,51443.28313708822,0,0.0,9.094947017729282e-13,0.01998995803296566,1,0,0,0,1,0.0,0,no_season,42,no_season_seed_42,False
327,2025-11-24,11,2,80138.96647334984,80138.96647334984,18.839666666666517,10,21846.517444839992,20028.490583993058,4177.835579169569,1913.4824351494497,1527.0258754203492,50102.51217088694,0.0,0.0,88.24499866666596,50190.75716955361,0,0.0,9.094947017729282e-13,0.015158166992478073,1,0,0,0,1,0.0,0,no_season,42,no_season_seed_42,False
328,2025-11-25,11,2,80040.49932749428,80040.49932749428,585.216916858093,60,23916.038265789364,21248.319769469228,1789.337281365576,1527.0258754203492,1818.0762926761404,49836.61025530458,0.0,0.0,2843.3848041353267,52679.9950594399,0,0.0,9.094947017729282e-13,0.01563112495932728,1,0,0,0,1,0.0,0,no_season,42,no_season_seed_42,False
329,2025-11-26,11,2,81668.9338595329,81668.9338595329,32.99316666666664,10,23888.820380616195,21244.991791146313,2300.4315533963695,1818.0762926761404,2086.8135540279177,51162.83651758094,0.0,0.0,154.53999266666654,51317.37651024763,0,0.0,9.094947017729282e-13,0.015343082952313125,1,0,0,0,1,0.0,0,no_season,42,no_season_seed_42,False
330,2025-11-27,11,2,80739.69869606713,80739.69869606713,0.0,0,23725.935842864666,21487.136178483335,2720.0062983524795,2086.8135540279177,1945.7823793671246,50393.89301396157,0.0,0.0,0.0,50393.89301396157,0,0.0,8.988365607365267e-13,0.02019825007300824,1,0,0,0,1,0.0,0,no_season,42,no_season_seed_42,False
331,2025-11-28,11,2,34727.57189957592,34727.57189957592,141.6287110198666,40,17516.3444514042,16086.311327714186,2517.928936905771,1945.7823793671246,1606.784821266039,18656.72597962042,0.0,0.0,748.2814901189331,19405.00746973935,0,0.0,6.821210263296962e-13,0.07469562499318272,1,0,0,0,1,0.0,0,no_season,42,no_season_seed_42,False
332,2025-11-29,11,2,35238.11266999569,35238.11266999569,1109.3793484055607,50,16559.716538405344,15289.65485040036,147.98023039626594,1606.784821266039,1200.0,18697.689957964263,0.0,0.0,6497.009448047917,25194.69940601218,0,0.0,8.526512829121202e-13,0.04670820897445083,1,0,0,0,1,0.0,0,no_season,42,no_season_seed_42,False
333,2025-11-30,11,2,85134.78494959847,85134.78494959847,6.062833333333401,10,26105.50452572864,23030.52512068922,1821.0402612257126,1200.0,1689.5511003734641,53104.69659214271,0.0,0.0,28.398311333333652,53133.09490347605,0,0.0,9.094947017729282e-13,0.015231666970066726,1,0,0,0,1,0.0,0,no_season,42,no_season_seed_42,False
334,2025-12-01,12,2,84716.07353021186,84716.07353021186,4450.469087825932,160,24844.082658057567,22600.460123194185,623.9923498410759,1689.5511003734641,1435.7406544246692,53270.750901791784,0.0,0.0,22097.113638891595,75367.8645406834,0,0.0,8.917311333789257e-13,0.014100416912697256,1,0,0,0,1,0.0,0,no_season,42,no_season_seed_42,False
335,2025-12-02,12,2,88910.3510802052,88910.3510802052,2724.7023601321052,120,26002.873155839978,23072.41706837636,66.78740287370033,1435.7406544246692,1783.769098224719,56114.8609827139,0.0,0.0,13309.075105707067,69423.936088421,0,0.0,9.094947017729282e-13,0.015550749958492815,1,0,0,0,1,0.0,0,no_season,42,no_season_seed_42,False
336,2025-12-03,12,2,89393.48025223569,89393.48025223569,630.5561182902956,50,24998.591878650564,22565.91074307239,428.6066682811313,1783.769098224719,1712.9572135579067,56824.311258292786,0.0,0.0,3057.0828393223,59881.39409761509,0,0.0,9.094947017729282e-13,0.015526167000643909,1,0,0,0,1,0.0,0,no_season,42,no_season_seed_42,False
337,2025-12-04,12,2,89533.78600093097,89533.78600093097,2741.5420899101623,130,25380.354682963643,22140.51284772761,2264.2775056050887,1712.9572135579067,2452.7260788703243,56758.8804556454,0.0,0.0,13344.484542600983,70103.36499824638,0,0.0,9.094947017729282e-13,0.01476462499704212,1,0,0,0,1,0.0,0,no_season,42,no_season_seed_42,False
338,2025-12-05,12,2,40462.04445546367,40462.04445546367,1745.5105487509702,90,17798.165678913283,17074.532870454146,172.29451242216965,2452.7260788703243,1339.410643041974,21771.946749602805,0.0,0.0,10406.047949849948,32177.99469945275,0,0.0,9.094947017729282e-13,0.037080332986079156,1,0,0,0,1,0.0,0,no_season,42,no_season_seed_42,False
339,2025-12-06,12,2,43205.80122700832,43205.80122700832,2597.381561823652,130,18376.349851869334,16240.413371857243,2.6154921532200888,1339.410643041974,1653.848027402114,23043.23980446618,0.0,0.0,15585.462541877154,38628.70234634333,0,0.0,8.739675649849232e-13,0.034507041913457215,1,0,0,0,1,0.0,0,no_season,42,no_season_seed_42,False
340,2025-12-07,12,2,88222.40277616828,88222.40277616828,2424.4558990865216,140,24569.055933960866,22302.124091672988,727.2455829669294,1653.848027402114,1453.5981110194866,55514.677961073845,0.0,0.0,12828.766428794994,68343.44438986886,0,0.0,9.094947017729282e-13,0.015688540996052325,1,0,0,0,1,0.0,0,no_season,42,no_season_seed_42,False
341,2025-12-08,12,2,93801.77734920527,93801.77734920527,0.0,0,26164.81937380894,22899.840834051116,2689.5876927807694,1453.5981110194866,2137.1735504833687,59453.675822166,0.0,0.0,0.0,59453.675822166,0,0.0,9.094947017729282e-13,0.014914499945007265,1,0,0,0,1,0.0,0,no_season,42,no_season_seed_42,False
342,2025-12-09,12,2,93107.69565616199,93107.69565616199,81.10147606241344,20,25070.80976911523,23033.760937919986,3763.294034362484,2137.1735504833687,1641.7161658301675,59217.59497386424,0.0,0.0,472.30322035528184,59689.89819421951,0,0.0,9.094947017729282e-13,0.014591416926123202,1,0,0,0,1,0.0,0,no_season,42,no_season_seed_42,False
343,2025-12-10,12,2,92230.0347642468,92230.0347642468,42.97504798738282,10,25096.05477574219,22853.066776434327,1642.4033462596462,1641.7161658301675,1360.676667386127,58501.353212390866,0.0,0.0,201.29512477290115,58702.64833716378,0,0.0,9.094947017729282e-13,0.01396370807196945,1,0,0,0,1,0.0,0,no_season,42,no_season_seed_42,False
344,2025-12-11,12,2,92443.54369424422,92443.54369424422,52.64153479461288,30,25684.3611960933,22809.377605936734,3659.946938882265,1360.676667386127,1683.8060733503396,58295.551494931155,0.0,0.0,279.556542975962,58575.108037907135,0,0.0,9.094947017729282e-13,0.01422479108441621,1,0,0,0,1,0.0,0,no_season,42,no_season_seed_42,False
345,2025-12-12,12,2,45648.23741311204,45648.23741311204,71.69334615215047,40,19827.812194300222,18016.677211471113,194.38229310174552,1683.8060733503396,1502.8750535319875,23906.547624719013,0.0,0.0,362.7733956770348,24269.321020396048,0,0.0,9.094947017729282e-13,0.037379791028797626,1,0,0,0,1,0.0,0,no_season,42,no_season_seed_42,False
346,2025-12-13,12,2,47892.44202565895,47892.44202565895,0.0,0,20885.589359804337,18363.80607670008,1572.1253592213634,1502.8750535319875,1959.5336117822226,24871.79074293325,0.0,0.0,0.0,24871.790742933248,0,0.0,8.979483823168266e-13,0.03383250010665506,1,0,0,0,1,0.0,0,no_season,42,no_season_seed_42,False
347,2025-12-14,12,2,94024.30497524753,94024.30497524753,2.7872961822588422,10,25028.802820008186,22788.10516549053,3007.67281691215,1959.5336117822226,1683.1688565241411,59824.07851968536,0.0,0.0,13.055695317700417,59837.134215003076,0,0.0,9.094947017729282e-13,0.013405209057964385,1,0,0,0,1,0.0,0,no_season,42,no_season_seed_42,False
348,2025-12-15,12,2,94269.10230041496,94269.10230041496,13.150435243422862,10,25979.56557451818,23173.013238074505,2006.1424325480489,1683.1688565241411,1903.0481138279283,59807.934546488825,0.0,0.0,76.3843031114217,59884.31884960026,0,0.0,9.094947017729282e-13,0.014233291964046657,1,0,0,0,1,0.0,0,no_season,42,no_season_seed_42,False
349,2025-12-16,12,2,93637.36372053798,93637.36372053798,10.137016531876839,10,25291.511061644283,23022.24464392854,1960.1429860207804,1903.0481138279283,1629.1055989942347,59723.14347464518,0.0,0.0,47.48178543531111,59770.62526008048,0,0.0,9.094947017729282e-13,0.013613458024337888,1,0,0,0,1,0.0,0,no_season,42,no_season_seed_42,False
350,2025-12-17,12,2,93726.55672415564,93726.55672415564,0.0,0,24907.60553562263,22490.51824442261,3117.6223662889465,1629.1055989942347,1551.44716175429,59484.37657029191,0.0,0.0,0.0,59484.37657029193,0,0.0,8.526512829121202e-13,0.014450959046371281,1,0,0,0,1,0.0,0,no_season,42,no_season_seed_42,False
351,2025-12-18,12,2,91803.52572219675,91803.52572219675,707.2441189997662,50,26013.053947385033,23118.440952658144,2249.8898798029604,1551.44716175429,1860.6205187545809,57979.2549837389,0.0,0.0,3443.377275953856,61422.63225969273,0,0.0,9.094947017729282e-13,0.014863999909721315,1,0,0,0,1,0.0,0,no_season,42,no_season_seed_42,False
352,2025-12-19,12,2,46925.120991847376,46925.120991847376,0.0,0,19686.605421061016,17900.96107583998,2231.0853466263407,1860.6205187545809,1667.7045084683782,24647.123027801117,0.0,0.0,0.0,24647.123027801117,0,0.0,9.094947017729282e-13,0.0349631670396775,1,0,0,0,1,0.0,0,no_season,42,no_season_seed_42,False
353,2025-12-20,12,2,47424.22717572771,47424.22717572771,117.47828610261016,20,20618.5403997524,18351.513469467565,2418.3262815454955,1667.7045084683782,1883.9757243011063,24819.806620745527,0.0,0.0,562.1765114309926,25381.983132176505,0,0.0,9.094947017729282e-13,0.04061066603753716,1,0,0,0,1,0.0,0,no_season,42,no_season_seed_42,False
354,2025-12-21,12,2,94135.7061850685,94135.7061850685,69.95264313754774,20,24806.812447493387,22283.36332157808,2644.42783562408,1883.9757243011063,1929.0570293624016,60033.85230876838,0.0,0.0,357.7130384243526,60391.56534719275,0,0.0,9.094947017729282e-13,0.013952040928415954,1,0,0,0,1,0.0,0,no_season,42,no_season_seed_42,False
355,2025-12-22,12,2,95031.73599784476,95031.73599784476,26.711728246471807,20,25375.26223372236,22986.87773191857,3732.6361409541187,1929.0570293624016,1771.8478512574125,60484.53275328565,0.0,0.0,147.50915952676507,60632.04191281243,0,0.0,9.094947017729282e-13,0.01357287506107241,1,0,0,0,1,0.0,0,no_season,42,no_season_seed_42,False
356,2025-12-23,12,2,94335.50379869153,94335.50379869153,3.8137207030279114,10,24566.159609769114,21922.52684115876,4437.592217450872,1771.8478512574125,1968.9808755424856,60153.14919915662,0.0,0.0,17.863467772982737,60171.012666929615,0,0.0,9.094947017729282e-13,0.014697582926601171,1,0,0,0,1,0.0,0,no_season,42,no_season_seed_42,False
357,2025-12-24,12,2,92266.21401733009,92266.21401733009,83.88302581478524,20,25755.613036298826,23702.373412848654,2442.298103028046,1968.9808755424856,1418.4054819911714,58398.20491150197,0.0,0.0,552.5708758312619,58950.77578733323,0,0.0,9.094947017729282e-13,0.015195708023384213,1,0,0,0,1,0.0,0,no_season,42,no_season_seed_42,False
358,2025-12-25,12,2,92069.54673769962,92069.54673769962,160.78203672708435,50,25439.70429696299,22719.089412053858,1697.2653561842433,1418.4054819911714,1604.6050868285538,58277.453813425534,0.0,0.0,883.7680124408721,59161.22182586641,0,0.0,9.094947017729282e-13,0.01493795809801668,1,0,0,0,1,0.0,0,no_season,42,no_season_seed_42,False
359,2025-12-26,12,2,47213.23990690368,47213.23990690368,0.0,0,20916.415277734624,18246.872316148023,1536.0745119837402,1604.6050868285538,2213.7666848040667,24758.379058223178,0.0,0.0,0.0,24758.37905822317,0,0.0,9.059419880941277e-13,0.03492162504699081,1,0,0,0,1,0.0,0,no_season,42,no_season_seed_42,False
360,2025-12-27,12,2,46553.44504024557,46553.44504024557,0.0,0,19853.213325131877,18064.158110045137,1425.5807584921615,2213.7666848040667,2006.8840319421859,24380.322935331482,0.0,0.0,0.0,24380.322935331475,0,0.0,9.094947017729282e-13,0.0363035419723019,1,0,0,0,1,0.0,0,no_season,42,no_season_seed_42,False
361,2025-12-28,12,2,94040.3753814668,94040.3753814668,100.26526705307424,30,24015.65798741021,21747.831121747033,5063.55903285671,2006.8840319421859,1865.9108184865752,59782.60159802542,0.0,0.0,580.2369025767343,60362.83850060217,0,0.0,9.094947017729282e-13,0.015349249937571585,1,0,0,0,1,0.0,0,no_season,42,no_season_seed_42,False
362,2025-12-29,12,2,93433.37767881232,93433.37767881232,0.0,0,24500.655059127297,22127.73461622068,3536.6909692390345,1865.9108184865752,1784.5927820410673,59446.69759524601,0.0,0.0,0.0,59446.697595246,0,0.0,8.926193117986259e-13,0.014955666963942349,1,0,0,0,1,0.0,0,no_season,42,no_season_seed_42,False
363,2025-12-30,12,2,92678.70089398116,92678.70089398116,52.52594238468646,30,24473.502859910433,22026.860659870945,4060.1820363263596,1784.5927820410673,1783.8463939123753,58749.91649566318,0.0,0.0,304.48215370518557,59054.39864936839,0,0.0,9.094947017729282e-13,0.014939542044885457,1,0,0,0,1,0.0,0,no_season,42,no_season_seed_42,False
364,2025-12-31,12,2,91695.04452135469,91695.04452135469,86.946632137983,40,25627.284370150694,23489.613559833593,997.8974098422376,1783.8463939123753,1335.7963148486438,58274.532717081245,0.0,0.0,302.8986995094745,58577.431416590705,0,0.0,8.881784197001252e-13,0.014432916999794543,1,0,0,0,1,0.0,0,no_season,42,no_season_seed_42,False
31,2025-02-01,2,2,44796.455487693296,44796.455487693296,0.0,0,19149.347502277258,16115.504256716427,7384.436308799128,1421.7991105135516,2601.2322233683813,23085.247875947978,0.0,0.0,0.0,23085.24787594797,0,0.0,8.810729923425242e-13,0.03682004101574421,1,0,0,0,1,0.0,0,no_season,2026,no_season_seed_2026,False
32,2025-02-02,2,2,88866.37487797161,88866.37487797161,0.0,0,21758.747554368303,19786.33110349878,8537.680477102102,2601.2322233683813,2386.768339598734,55952.4238051171,0.0,0.0,0.0,55952.423805117105,0,0.0,9.094947017729282e-13,0.01422858308069408,1,0,0,0,1,0.0,0,no_season,2026,no_season_seed_2026,False
33,2025-02-03,2,2,87159.89877357331,87159.89877357331,0.0,0,22862.816952205867,20646.224149805967,4726.389471173403,2386.768339598734,2313.3097966224927,54580.428543401664,0.0,0.0,0.0,54580.42854340165,0,0.0,8.526512829121202e-13,0.01714916597120464,1,0,0,0,1,0.0,0,no_season,2026,no_season_seed_2026,False
34,2025-02-04,2,2,89873.13368796822,89873.13368796822,0.0,0,23413.15458279036,20928.583869524387,6193.699024702251,2313.3097966224927,2464.3140941381394,56333.55948348473,0.0,0.0,0.0,56333.55948348471,0,0.0,8.881784197001252e-13,0.013572084018960595,1,0,0,0,1,0.0,0,no_season,2026,no_season_seed_2026,False
35,2025-02-05,2,2,91302.76592902429,91302.76592902429,0.0,0,22435.141987361705,20408.683203830016,8527.880162159283,2464.3140941381394,2235.5175972982333,57754.23774599021,0.0,0.0,0.0,57754.23774599017,0,0.0,8.988365607365267e-13,0.013943707919679582,1,0,0,0,1,0.0,0,no_season,2026,no_season_seed_2026,False
36,2025-02-06,2,2,90198.72054269203,90198.72054269203,0.0,0,21663.504045093327,19437.050695158112,7701.209976090151,2235.5175972982333,2298.871664508421,56808.37443514642,0.0,0.0,0.0,56808.374435146434,0,0.0,9.094947017729282e-13,0.0127406669780612,1,0,0,0,1,0.0,0,no_season,2026,no_season_seed_2026,False
37,2025-02-07,2,2,43025.618449576694,43025.618449576694,0.0,0,18175.639649528395,16532.891136702194,9577.19027008383,2298.871664508421,2114.599998204315,22221.117329281733,0.0,0.0,0.0,22221.117329281733,0,0.0,9.023892744153272e-13,0.041634125052951276,1,0,0,0,1,0.0,0,no_season,2026,no_season_seed_2026,False
38,2025-02-08,2,2,37728.789553374125,37728.789553374125,0.0,0,17698.662498340942,16028.793698111267,4481.758036477784,2114.599998204315,2009.1934312183628,19558.910072450493,0.0,0.0,0.0,19558.91007245049,0,0.0,9.094947017729282e-13,0.06020341592375189,1,0,0,0,1,0.0,0,no_season,2026,no_season_seed_2026,False
39,2025-02-09,2,2,82659.5002135798,82659.5002135798,183.13062802488696,10,24715.304838646443,22589.10827500383,1161.0183112954026,2009.1934312183628,1645.1795174795368,51299.18563677515,0.0,0.0,731.6068589594236,52030.79249573458,0,0.0,8.562039965909207e-13,0.04268274991773069,1,0,0,0,1,0.0,0,no_season,2026,no_season_seed_2026,False
40,2025-02-10,2,2,86205.59283156048,86205.59283156048,9.961748300134786,10,20961.18640926386,18866.278413504286,9794.00900076771,1645.1795174795368,1643.9033854244024,53545.087939939825,0.0,0.0,45.32097389146322,53590.40891383126,0,0.0,9.094947017729282e-13,0.01264470792375505,1,0,0,0,1,0.0,0,no_season,2026,no_season_seed_2026,False
41,2025-02-11,2,2,81288.4729826387,81288.4729826387,0.0,0,23948.31079707926,21519.857230686626,3639.422282912731,1643.9033854244024,1679.3445982651842,50095.910414743834,0.0,0.0,0.0,50095.910414743834,0,0.0,8.455458555545192e-13,0.018724416964687407,1,0,0,0,1,0.0,0,no_season,2026,no_season_seed_2026,False
42,2025-02-12,2,2,83094.3106091787,83094.3106091787,0.0,0,22033.676364537525,19757.071579470092,5550.969690777946,1679.3445982651842,1756.5433312503385,51522.2327973814,0.0,0.0,0.0,51522.23279738138,0,0.0,9.094947017729282e-13,0.014412958058528602,1,0,0,0,1,0.0,0,no_season,2026,no_season_seed_2026,False
43,2025-02-13,2,2,82462.27042514169,82462.27042514169,0.0,0,20770.12177634492,18750.663178370676,9113.332810500782,1756.5433312503385,1695.8765315095618,51078.36408538786,0.0,0.0,0.0,51078.364085387875,0,0.0,9.07718344933528e-13,0.018567875027656555,1,0,0,0,1,0.0,0,no_season,2026,no_season_seed_2026,False
44,2025-02-14,2,2,35834.49406784038,35834.49406784038,0.0,0,17659.772629844047,15644.17473844601,4017.0943597756745,1695.8765315095618,1958.9997770927687,18568.66286063614,0.0,0.0,0.0,18568.66286063615,0,0.0,8.899547765395255e-13,0.04744658397976309,1,0,0,0,1,0.0,0,no_season,2026,no_season_seed_2026,False
45,2025-02-15,2,2,35394.52540617041,35394.52540617041,0.0,0,16793.65909385709,15461.335352638502,4782.11056495182,1958.9997770927687,1593.1852119156727,18452.256255772227,0.0,0.0,0.0,18452.256255772227,0,0.0,7.958078640513122e-13,0.05535312509164214,1,0,0,0,1,0.0,0,no_season,2026,no_season_seed_2026,False
46,2025-02-16,2,2,80298.28369682092,80298.28369682092,23.402966206400947,10,22928.94486339022,20708.096408911413,2723.459108548515,1593.1852119156727,1517.2420262305563,49556.79231308113,0.0,0.0,106.47179475602113,49663.26410783712,0,0.0,9.094947017729282e-13,0.014178208075463772,1,0,0,0,1,0.0,0,no_season,2026,no_season_seed_2026,False
47,2025-02-17,2,2,81210.50760352866,81210.50760352866,0.0,0,19743.032180417304,17719.13460878126,8002.746865225954,1517.2420262305563,1569.5190650444977,50111.513469918544,0.0,0.0,0.0,50111.51346991855,0,0.0,9.094947017729282e-13,0.014469332993030548,1,0,0,0,1,0.0,0,no_season,2026,no_season_seed_2026,False
48,2025-02-18,2,2,78524.34773160209,78524.34773160209,27.1037610036268,10,21532.19904825882,19024.28144740832,3952.146108421878,1569.5190650444977,1943.403265128447,48438.7317182844,0.0,0.0,123.30856068600013,48562.04027897038,0,0.0,9.094947017729282e-13,0.013058791984803975,1,0,0,0,1,0.0,0,no_season,2026,no_season_seed_2026,False
49,2025-02-19,2,2,79239.25630344548,79239.25630344548,43.95036971330751,20,22839.208055108753,20953.22318981684,4517.894424533544,1943.403265128447,1523.9419538176105,48795.76636514564,0.0,0.0,195.13849894814862,48990.90486409379,0,0.0,9.094947017729282e-13,0.01841275009792298,1,0,0,0,1,0.0,0,no_season,2026,no_season_seed_2026,False
50,2025-02-20,2,2,78839.39892532807,78839.39892532807,25.805059216531504,10,21124.71047440666,18945.400593687224,5692.760370491846,1523.9419538176105,1594.3962702540011,48755.20915608353,0.0,0.0,120.87089737023356,48876.08005345374,0,0.0,9.094947017729282e-13,0.021727874991483986,1,0,0,0,1,0.0,0,no_season,2026,no_season_seed_2026,False
51,2025-02-21,2,2,35211.86468945557,35211.86468945557,0.0,0,16949.12060491847,14934.491578362438,7636.97362956621,1594.3962702540011,1931.4075433745293,18177.2837819281,0.0,0.0,0.0,18177.283781928098,0,0.0,9.094947017729282e-13,0.05501812498550862,1,0,0,0,1,0.0,0,no_season,2026,no_season_seed_2026,False
52,2025-02-22,2,2,34527.14580397998,34527.14580397998,0.0,0,16688.330765049428,14955.871578624097,4949.923734221316,1931.4075433745293,1998.475352042751,17873.385317389828,0.0,0.0,0.0,17873.385317389824,0,0.0,9.094947017729282e-13,0.04888920800294727,1,0,0,0,1,0.0,0,no_season,2026,no_season_seed_2026,False
53,2025-02-23,2,2,78547.95893466866,78547.95893466866,0.0,0,21670.35069378945,19930.420125228502,5276.174682774362,1998.475352042751,1548.26767821138,48306.3761484844,0.0,0.0,0.0,48306.3761484844,0,0.0,8.562039965909207e-13,0.014045292045921087,1,0,0,0,1,0.0,0,no_season,2026,no_season_seed_2026,False
54,2025-02-24,2,2,77239.79304242285,77239.79304242285,87.07379634509009,40,20895.214724656144,18827.480325271317,7056.098822716456,1548.26767821138,1525.3020867167663,47059.027571523686,0.0,0.0,411.6742348734258,47470.70180639709,0,0.0,9.094947017729282e-13,0.02630691695958376,1,0,0,0,1,0.0,0,no_season,2026,no_season_seed_2026,False
55,2025-02-25,2,2,75886.70146432018,75886.70146432018,32.153949656894156,20,19684.759878514382,17660.525763572452,8073.298065701823,1525.3020867167663,1584.076313273794,46555.73385694152,0.0,0.0,141.82133582782703,46697.55519276934,0,0.0,9.094947017729282e-13,0.013938124990090728,1,0,0,0,1,0.0,0,no_season,2026,no_season_seed_2026,False
56,2025-02-26,2,2,74633.50799769195,74633.50799769195,0.0,0,21920.562984850905,19082.987536098968,2981.0845156066753,1584.076313273794,2264.5132426403684,45498.01436229214,0.0,0.0,0.0,45498.0143622921,0,0.0,9.094947017729282e-13,0.029564541997388005,1,0,0,0,1,0.0,0,no_season,2026,no_season_seed_2026,False
57,2025-02-27,2,2,74635.50579121537,74635.50579121537,0.0,0,21302.784332931027,19707.23332883779,6083.370587122133,2264.5132426403684,1700.8610414276973,45878.68118169284,0.0,0.0,0.0,45878.68118169285,0,0.0,8.402167850363185e-13,0.014054084080271423,1,0,0,0,1,0.0,0,no_season,2026,no_season_seed_2026,False
58,2025-02-28,2,2,34197.24830128379,34197.24830128379,0.0,0,16473.775621406316,14595.829291395617,9026.708421273092,1700.8610414276973,1943.901862683719,17512.622105861115,0.0,0.0,0.0,17512.62210586112,0,0.0,9.094947017729282e-13,0.05384304199833423,1,0,0,0,1,0.0,0,no_season,2026,no_season_seed_2026,False
59,2025-03-01,3,2,33480.58797317477,33480.58797317477,0.0,0,15399.374603859287,13970.847097201904,8393.294533184058,1943.901862683719,1826.4654600849913,17262.69361217913,0.0,0.0,0.0,17262.693612179126,0,0.0,8.135714324453147e-13,0.04762758291326463,1,0,0,0,1,0.0,0,no_season,2026,no_season_seed_2026,False
60,2025-03-02,3,2,78208.8208506231,78208.8208506231,1067.505557877853,60,19584.226090575637,17956.532904560227,5290.32615581887,1826.4654600849913,1477.8460380694642,48405.04483679354,0.0,0.0,7241.373854670464,55646.418691464016,0,0.0,8.846257060213247e-13,0.018626042059622705,1,0,0,0,1,0.0,0,no_season,2026,no_season_seed_2026,False
61,2025-03-03,3,2,80333.84875022575,80333.84875022575,0.0,0,23747.122651640948,21305.47362319357,5875.053088445042,1477.8460380694642,1548.4035817943638,49114.4126986522,0.0,0.0,0.0,49114.4126986522,0,0.0,9.094947017729282e-13,0.015233458019793034,1,0,0,0,1,0.0,0,no_season,2026,no_season_seed_2026,False
62,2025-03-04,3,2,80443.43378862206,80443.43378862206,0.0,0,19943.42631964378,17799.434762846275,9099.984298491221,1548.4035817943638,1706.1473990837044,49593.37990072756,0.0,0.0,0.0,49593.37990072758,0,0.0,9.094947017729282e-13,0.019088083994574845,1,0,0,0,1,0.0,0,no_season,2026,no_season_seed_2026,False
63,2025-03-05,3,2,78133.15517081053,78133.15517081053,0.0,0,18904.71633743521,17082.141122425783,10180.10793913444,1706.1473990837044,1634.578289694282,47906.97592941183,0.0,0.0,0.0,47906.97592941184,0,0.0,9.094947017729282e-13,0.01420779200270772,1,0,0,0,1,0.0,0,no_season,2026,no_season_seed_2026,False
64,2025-03-06,3,2,74302.85982651863,74302.85982651863,118.4275702003888,40,20233.796649026677,18575.805253330655,6822.641867689663,1634.578289694282,1249.4252360276946,45246.559720231126,0.0,0.0,738.2071723537479,45984.76689258489,0,0.0,8.668621376273222e-13,0.018265499966219068,1,0,0,0,1,0.0,0,no_season,2026,no_season_seed_2026,False
65,2025-03-07,3,2,33308.910864755686,33308.910864755686,0.0,0,15434.35338604653,13256.950553798948,10209.222499174768,1249.4252360276946,1917.6856501676857,17188.91788614146,0.0,0.0,0.0,17188.917886141455,0,0.0,9.094947017729282e-13,0.05803016701247543,1,0,0,0,1,0.0,0,no_season,2026,no_season_seed_2026,False
66,2025-03-08,3,2,31091.841010700573,31091.841010700573,0.0,0,15005.94795667529,13574.829147376046,10597.582684734658,1917.6856501676857,1844.4515302974942,16208.509180365769,0.0,0.0,0.0,16208.509180365767,0,0.0,7.389644451905042e-13,0.0735723749967292,1,0,0,0,1,0.0,0,no_season,2026,no_season_seed_2026,False
67,2025-03-09,3,2,70950.71650727681,70950.71650727681,0.0,0,20725.357110487214,18803.66285090581,5695.4971976953975,1844.4515302974942,1685.4506795633401,43219.95497567356,0.0,0.0,0.0,43219.95497567357,0,0.0,8.881784197001252e-13,0.014145208057016134,1,0,0,0,1,0.0,0,no_season,2026,no_season_seed_2026,False
68,2025-03-10,3,2,69743.48445040107,69743.48445040107,568.9506045842403,10,21514.940094411904,19512.060200038086,267.4837106114936,1685.4506795633401,1528.7976475422508,42219.77990057106,0.0,0.0,3968.99941757966,46188.779318150715,0,0.0,9.094947017729282e-13,0.03923849994316697,1,0,0,0,1,0.0,0,no_season,2026,no_season_seed_2026,False
69,2025-03-11,3,2,74316.40416062518,74316.40416062518,0.0,0,19434.34624449243,17266.901258790458,8210.04037492322,1528.7976475422508,1764.9253012208333,44723.78030390596,0.0,0.0,0.0,44723.78030390595,0,0.0,9.094947017729282e-13,0.014568207901902497,1,0,0,0,1,0.0,0,no_season,2026,no_season_seed_2026,False
70,2025-03-12,3,2,71082.93294060315,71082.93294060315,0.0,0,20470.34796907847,18671.325218680166,6848.375506871522,1764.9253012208333,1503.4976498442488,42924.89665921169,0.0,0.0,0.0,42924.89665921169,0,0.0,9.094947017729282e-13,0.019383167033083737,1,0,0,0,1,0.0,0,no_season,2026,no_season_seed_2026,False
71,2025-03-13,3,2,68146.66311009426,68146.66311009426,2092.2456198783457,90,20962.31895419594,18935.487437447933,666.4591965579352,1503.4976498442488,1430.3432274841177,40920.783207687426,0.0,0.0,12943.292102672707,53864.075310360124,0,0.0,8.952838470577262e-13,0.03564708400517702,1,0,0,0,1,0.0,0,no_season,2026,no_season_seed_2026,False
72,2025-03-14,3,2,30343.515180685492,30343.515180685492,0.0,0,15186.568883027876,13189.250012210654,12316.770326534937,1430.3432274841177,1934.8972588432232,15704.524154371651,0.0,0.0,0.0,15704.524154371655,0,0.0,8.988365607365267e-13,0.03892908396665007,1,0,0,0,1,0.0,0,no_season,2026,no_season_seed_2026,False
73,2025-03-15,3,2,30219.16366965218,30219.16366965218,0.0,0,14361.485769161893,13541.203652344147,8474.75640283443,1934.8972588432232,1285.7170093711288,15562.84540077245,0.0,0.0,0.0,15562.845400772449,0,0.0,9.094947017729282e-13,0.04328224994242191,1,0,0,0,1,0.0,0,no_season,2026,no_season_seed_2026,False
74,2025-03-16,3,2,72331.94870648652,72331.94870648652,1.6399999999999864,10,20094.890322205534,17734.881023235117,6622.532474182784,1285.7170093711288,1655.1978123642577,43529.918549919545,0.0,0.0,7.461179999999938,43537.37972991954,0,0.0,9.094947017729282e-13,0.02240962500218302,1,0,0,0,1,0.0,0,no_season,2026,no_season_seed_2026,False
75,2025-03-17,3,2,69338.73506078924,69338.73506078924,0.0,0,19197.702937803057,16969.216984729603,9252.117674382458,1655.1978123642577,1980.6126899398778,41704.57893271926,0.0,0.0,0.0,41704.578932719254,0,0.0,9.059419880941277e-13,0.019407832995057106,1,0,0,0,1,0.0,0,no_season,2026,no_season_seed_2026,False
76,2025-03-18,3,2,63997.689155809065,63997.689155809065,1129.8031427233518,80,20885.216410897712,19129.52030095595,2245.8378219239885,1980.6126899398778,1629.7837759788645,38321.868393913435,0.0,0.0,5700.104132493947,44021.97252640737,0,0.0,9.094947017729282e-13,0.04806916695088148,1,0,0,0,1,0.0,0,no_season,2026,no_season_seed_2026,False
77,2025-03-19,3,2,68483.16151125883,68483.16151125883,0.0,0,20941.387904901472,18361.77394423999,6438.077100597354,1629.7837759788645,2141.5195377119494,41168.16934742863,0.0,0.0,0.0,41168.16934742863,0,0.0,8.455458555545192e-13,0.03423895803280175,1,0,0,0,1,0.0,0,no_season,2026,no_season_seed_2026,False
78,2025-03-20,3,2,66081.45528559622,66081.45528559622,315.1325949945778,10,20230.825511637482,18743.320818006527,2700.121370293175,2141.5195377119494,1576.9709063263454,39872.844748387426,0.0,0.0,2198.3649826821747,42071.2097310696,0,0.0,9.094947017729282e-13,0.031804249971173704,1,0,0,0,1,0.0,0,no_season,2026,no_season_seed_2026,False
79,2025-03-21,3,2,30016.296904234863,30016.296904234863,0.0,0,14518.31620206075,13088.924077916025,16553.440263423472,1576.9709063263454,1553.3176006262645,15543.004345206178,0.0,0.0,0.0,15543.004345206176,0,0.0,7.389644451905042e-13,0.047925791004672647,1,0,0,0,1,0.0,0,no_season,2026,no_season_seed_2026,False
80,2025-03-22,3,2,30071.307001565918,30071.307001565918,0.0,0,14565.08980595179,12428.191633299775,12053.209095580567,1553.3176006262645,2270.510781380041,15388.80039956252,0.0,0.0,0.0,15388.800399562519,0,0.0,7.958078640513122e-13,0.04163158300798386,1,0,0,0,1,0.0,0,no_season,2026,no_season_seed_2026,False
81,2025-03-23,3,2,67489.10380482307,67489.10380482307,28.794950389082146,10,19973.2830008612,18652.42965744909,7427.325295133364,2270.510781380041,1557.4435669955085,40502.96214709284,0.0,0.0,200.87357391423706,40703.835721007075,0,0.0,8.171241461241152e-13,0.03974304092116654,1,0,0,0,1,0.0,0,no_season,2026,no_season_seed_2026,False
82,2025-03-24,3,2,64523.41318292351,64523.41318292351,233.2566556854141,10,20876.003285571107,19066.609003487807,4948.778473192291,1557.4435669955085,1264.1886450995416,38410.096436768625,0.0,0.0,1627.1984300614488,40037.29486683009,0,0.0,8.988365607365267e-13,0.03318962501361966,1,0,0,0,1,0.0,0,no_season,2026,no_season_seed_2026,False
83,2025-03-25,3,2,64720.84125732313,64720.84125732313,0.0,0,22116.85214106013,19744.727040581274,1398.591440177604,1264.1886450995416,1433.3071345918063,38616.504406261454,0.0,0.0,0.0,38616.504406261454,0,0.0,9.023892744153272e-13,0.053549707983620465,1,0,0,0,1,0.0,0,no_season,2026,no_season_seed_2026,False
84,2025-03-26,3,2,66859.40204949124,66859.40204949124,0.0,0,20156.155204216102,18017.776344440073,9128.468323048552,1433.3071345918063,1562.711056434522,39804.429950202524,0.0,0.0,0.0,39804.42995020253,0,0.0,9.015010959956271e-13,0.049280041945166886,1,0,0,0,1,0.0,0,no_season,2026,no_season_seed_2026,False
85,2025-03-27,3,2,61895.086220097925,61895.086220097925,302.4488722493772,70,20389.468551190825,18591.1433828401,1682.2205239965724,1562.711056434522,1309.0735282279934,36970.0632876392,0.0,0.0,1755.5636202431742,38725.62690788237,0,0.0,9.00612917575927e-13,0.030621875077486038,1,0,0,0,1,0.0,0,no_season,2026,no_season_seed_2026,False
86,2025-03-28,3,2,29843.697762447377,29843.697762447377,0.0,0,14652.762015053377,12508.79627695787,16877.851257685204,1309.0735282279934,2024.475114811033,15237.686260769095,0.0,0.0,0.0,15237.686260769096,0,0.0,8.526512829121202e-13,0.04114679107442498,1,0,0,0,1,0.0,0,no_season,2026,no_season_seed_2026,False
87,2025-03-29,3,2,28609.022107300367,28609.022107300367,0.0,0,13403.906331670896,12362.168301057776,19860.074893353914,2024.475114811033,1709.667630408514,14436.262497333217,0.0,0.0,0.0,14436.262497333217,0,0.0,7.087663789206999e-13,0.051531583070755005,1,0,0,0,1,0.0,0,no_season,2026,no_season_seed_2026,False
88,2025-03-30,3,2,60017.11598777004,60017.11598777004,0.0,0,20537.235014276434,18473.172910107918,2607.434183601522,1709.667630408514,1720.56547457012,36109.76141008253,0.0,0.0,0.0,36109.76141008253,0,0.0,8.961720254774264e-13,0.05215887492522597,1,0,0,0,1,0.0,0,no_season,2026,no_season_seed_2026,False
89,2025-03-31,3,2,60816.83495400351,60816.83495400351,32.5946566907013,10,19719.04530693991,17813.7175203707,1992.712340791679,1720.56547457012,1650.3874243592684,36207.080825078025,0.0,0.0,227.38032507433223,36434.461150152376,0,0.0,8.881784197001252e-13,0.04083329101558775,1,0,0,0,1,0.0,0,no_season,2026,no_season_seed_2026,False
90,2025-04-01,4,2,64931.00581370726,64931.00581370726,0.0,0,20186.956180103894,17964.739228302635,2499.9373452393384,1650.3874243592684,1864.91774676411,38654.40407975605,0.0,0.0,0.0,38654.40407975606,0,0.0,8.668621376273222e-13,0.04648966598324478,1,0,0,0,1,0.0,0,no_season,2026,no_season_seed_2026,False
91,2025-04-02,4,2,65906.14164731347,65906.14164731347,1204.2061887150683,90,20765.03195096979,18822.61277029362,4732.593255352367,1864.91774676411,1723.580785634568,38943.80874008167,0.0,0.0,5923.50769853572,44867.316438617396,0,0.0,8.828493491819245e-13,0.05286887497641146,1,0,0,0,1,0.0,0,no_season,2026,no_season_seed_2026,False
92,2025-04-03,4,2,66273.64086830037,66273.64086830037,329.5536183955604,10,19398.127503045707,17644.683069601,8986.219786584545,1723.580785634568,1527.1313306448603,39216.20837661926,0.0,0.0,2298.9660419274296,41515.17441854667,0,0.0,9.094947017729282e-13,0.03233716695103794,1,0,0,0,1,0.0,0,no_season,2026,no_season_seed_2026,False
93,2025-04-04,4,2,28741.31262064022,28741.31262064022,0.0,0,13896.508599753615,12041.01034077601,20455.012111662614,1527.1313306448603,2018.1776049489674,14487.973576474531,0.0,0.0,0.0,14487.973576474531,0,0.0,7.389644451905042e-13,0.04660466604400426,1,0,0,0,1,0.0,0,no_season,2026,no_season_seed_2026,False
94,2025-04-05,4,2,27708.107350220023,27708.107350220023,0.0,0,12942.752603575582,12008.603614683016,14729.843377994122,2018.1776049489674,1638.571183917806,13892.594227702317,0.0,0.0,0.0,13892.594227702324,0,0.0,7.389644451905042e-13,0.07036233297549188,1,0,0,0,1,0.0,0,no_season,2026,no_season_seed_2026,False
95,2025-04-06,4,2,64141.61042035275,64141.61042035275,0.0,0,19790.898400590686,17776.571841235258,7717.207594330654,1638.571183917806,1675.7139473339682,38006.11604106302,0.0,0.0,0.0,38006.11604106302,0,0.0,8.526512829121202e-13,0.027696709032170475,1,0,0,0,1,0.0,0,no_season,2026,no_season_seed_2026,False
96,2025-04-07,4,2,61252.84144425274,61252.84144425274,0.0,0,19607.841772112206,17730.11496394882,6132.395352756018,1675.7139473339682,1588.163793116525,36306.813550286184,0.0,0.0,0.0,36306.813550286184,0,0.0,8.739675649849232e-13,0.030703124939464033,1,0,0,0,1,0.0,0,no_season,2026,no_season_seed_2026,False
97,2025-04-08,4,2,61695.22548459254,61695.22548459254,345.157083982333,70,20723.884177526783,18943.69355061638,5906.998324997805,1588.163793116525,1280.16027767283,36580.067379976594,0.0,0.0,1821.3713558826348,38401.438735859236,0,0.0,9.059419880941277e-13,0.030214749975129962,1,0,0,0,1,0.0,0,no_season,2026,no_season_seed_2026,False
98,2025-04-09,4,2,62571.07144501704,62571.07144501704,0.0,0,20217.325291236193,17835.497319110244,1054.932456224429,1280.16027767283,1659.7342026510676,37304.527982412525,0.0,0.0,0.0,37304.52798241253,0,0.0,8.952838470577262e-13,0.05103762506041676,1,0,0,0,1,0.0,0,no_season,2026,no_season_seed_2026,False
99,2025-04-10,4,2,65217.1765988332,65217.1765988332,195.44821585062192,60,19835.754417070653,17956.712945579467,9072.945443192628,1659.7342026510676,1549.545723070269,38357.569732231575,0.0,0.0,1193.4600893759896,39551.029821607575,0,0.0,9.094947017729282e-13,0.03314487496390939,1,0,0,0,1,0.0,0,no_season,2026,no_season_seed_2026,False
100,2025-04-11,4,2,28118.648122103463,28118.648122103463,0.0,0,13394.04008129518,11857.805117418533,21265.762991560146,1549.545723070269,1757.0237677998434,14213.560530549872,0.0,0.0,0.0,14213.560530549876,0,0.0,9.094947017729282e-13,0.04530150000937283,1,0,0,0,1,0.0,0,no_season,2026,no_season_seed_2026,False
101,2025-04-12,4,2,27297.016459394104,27297.016459394104,0.0,0,12685.505189996915,11222.0215983329,16808.372317730085,1757.0237677998434,1962.501268104636,13632.305082242212,0.0,0.0,0.0,13632.305082242212,0,0.0,7.958078640513122e-13,0.03967154200654477,1,0,0,0,1,0.0,0,no_season,2026,no_season_seed_2026,False
102,2025-04-13,4,2,60925.32394274107,60925.32394274107,0.0,0,19892.60399741494,18231.406650144487,4987.768112137285,1962.501268104636,1616.6924474526982,35992.77717905734,0.0,0.0,0.0,35992.777179057324,0,0.0,8.313350008393172e-13,0.02906437497586012,1,0,0,0,1,0.0,0,no_season,2026,no_season_seed_2026,False
103,2025-04-14,4,2,60787.420981274394,60787.420981274394,0.0,0,19934.747099515618,17885.899555384298,6210.54163714307,1616.6924474526982,1675.0605396216476,35758.71711541085,0.0,0.0,0.0,35758.71711541086,0,0.0,7.958078640513122e-13,0.027346208109520376,1,0,0,0,1,0.0,0,no_season,2026,no_season_seed_2026,False
104,2025-04-15,4,2,59539.21900129086,59539.21900129086,0.0,0,19242.109123531223,17114.296589309153,7271.977633735452,1675.0605396216476,1889.6754930917266,35090.431856879884,0.0,0.0,0.0,35090.43185687988,0,0.0,8.988365607365267e-13,0.03068108402658254,1,0,0,0,1,0.0,0,no_season,2026,no_season_seed_2026,False
105,2025-04-16,4,2,58359.41483678089,58359.41483678089,0.0,0,19589.715795856697,17733.258351340723,723.3654422649118,1889.6754930917266,1781.6161066975917,34774.388913476214,0.0,0.0,0.0,34774.388913476214,0,0.0,9.094947017729282e-13,0.05280062498059124,1,0,0,0,1,0.0,0,no_season,2026,no_season_seed_2026,False
106,2025-04-17,4,2,61670.07409914822,61670.07409914822,26.280727754562008,10,19200.655113769873,17413.778172046463,7041.13553517937,1781.6161066975917,1641.223027229165,36244.57624523539,0.0,0.0,183.33435681582458,36427.910602051204,0,0.0,8.775202786637237e-13,0.061413458082824945,1,0,0,0,1,0.0,0,no_season,2026,no_season_seed_2026,False
107,2025-04-18,4,2,27544.270999947443,27544.270999947443,0.0,0,13315.79872315806,11288.765531306397,19163.120624762447,1641.223027229165,2374.2951925818898,13794.298885021066,0.0,0.0,0.0,13794.298885021064,0,0.0,9.094947017729282e-13,0.04430366703309119,1,0,0,0,1,0.0,0,no_season,2026,no_season_seed_2026,False
108,2025-04-19,4,2,25603.766457041776,25603.766457041776,0.0,0,12211.538895698015,11348.486285542287,17956.034596886046,2374.2951925818898,1996.823300592276,12682.842851194639,0.0,0.0,0.0,12682.84285119464,0,0.0,8.526512829121202e-13,0.043698959052562714,1,0,0,0,1,0.0,0,no_season,2026,no_season_seed_2026,False
109,2025-04-20,4,2,59154.36597594095,59154.36597594095,0.0,0,19778.558965650976,17904.290355632587,5322.352482589236,1996.823300592276,1887.632713217564,34902.12847637816,0.0,0.0,0.0,34902.12847637817,0,0.0,8.997247391562269e-13,0.052974916994571686,1,0,0,0,1,0.0,0,no_season,2026,no_season_seed_2026,False
110,2025-04-21,4,2,59375.743108771625,59375.743108771625,0.0,0,18307.921113141478,16698.809410421418,9249.72102271823,1887.632713217564,1653.961045286204,35156.60511491634,0.0,0.0,0.0,35156.60511491634,0,0.0,8.846257060213247e-13,0.030459582922048867,1,0,0,0,1,0.0,0,no_season,2026,no_season_seed_2026,False
111,2025-04-22,4,2,54675.37110329149,54675.37110329149,0.0,0,19282.0657644772,17366.648135335985,607.0241574836116,1653.961045286204,1640.4803111647286,32629.241794535315,0.0,0.0,0.0,32629.241794535308,0,0.0,9.094947017729282e-13,0.046141832950524986,1,0,0,0,1,0.0,0,no_season,2026,no_season_seed_2026,False
112,2025-04-23,4,2,59587.9187911417,59587.9187911417,0.0,0,18856.967877008312,16560.98807750317,5892.022274969896,1640.4803111647286,2072.956578689853,34949.39379814566,0.0,0.0,0.0,34949.393798145655,0,0.0,8.668621376273222e-13,0.030746083008125424,1,0,0,0,1,0.0,0,no_season,2026,no_season_seed_2026,False
113,2025-04-24,4,2,57164.102666483406,57164.102666483406,0.0,0,17748.202495670885,16528.76180739849,8854.555278211008,2072.956578689853,1487.5351188244097,33615.757105396086,0.0,0.0,0.0,33615.75710539608,0,0.0,8.86402062860725e-13,0.0514634579885751,1,0,0,0,1,0.0,0,no_season,2026,no_season_seed_2026,False
114,2025-04-25,4,2,25935.767993250978,25935.767993250978,0.0,0,12359.599400457962,10939.889662287367,22515.700605080383,1487.5351188244097,1681.224412714579,12632.709075424005,0.0,0.0,0.0,12632.709075424002,0,0.0,7.958078640513122e-13,0.04163875000085682,1,0,0,0,1,0.0,0,no_season,2026,no_season_seed_2026,False
115,2025-04-26,4,2,25318.331046954947,25318.331046954947,0.0,0,12317.082756921387,11344.955620347586,24276.01027704781,1681.224412714579,1407.601866969587,12167.134818426539,0.0,0.0,0.0,12167.134818426543,0,0.0,9.094947017729282e-13,0.06212245800998062,1,0,0,0,1,0.0,0,no_season,2026,no_season_seed_2026,False
116,2025-04-27,4,2,53586.546571608764,53586.546571608764,85.76959184001191,10,19318.72991840109,17350.558705528263,3130.6737672426093,1407.601866969587,1445.8635514614673,31989.94584022967,0.0,0.0,598.3286726759231,32588.27451290559,0,0.0,9.094947017729282e-13,0.044421333936043084,1,0,0,0,1,0.0,0,no_season,2026,no_season_seed_2026,False
117,2025-04-28,4,2,57214.228704431356,57214.228704431356,1953.650794522574,50,17555.02850256594,15625.920994157897,616.8046738792158,1445.8635514614673,1628.8589288526277,34011.575647738595,0.0,0.0,13235.284646452572,47246.86029419117,0,0.0,7.958078640513122e-13,0.034163417061790824,1,0,0,0,1,0.0,0,no_season,2026,no_season_seed_2026,False
118,2025-04-29,4,2,63188.71028249536,63188.71028249536,0.0,0,17767.427858716557,15715.427256020695,13703.495963132835,1628.8589288526277,1919.0061438292594,36791.22601852249,0.0,0.0,0.0,36791.22601852247,0,0.0,9.094947017729282e-13,0.03101254196371883,1,0,0,0,1,0.0,0,no_season,2026,no_season_seed_2026,False
119,2025-04-30,4,2,55420.324569129734,55420.324569129734,0.0,0,17536.582454515647,16047.474355421638,5674.362036702389,1919.0061438292594,1640.1458045556642,33199.19518419948,0.0,0.0,0.0,33199.19518419949,0,0.0,9.094947017729282e-13,0.05436554201878607,1,0,0,0,1,0.0,0,no_season,2026,no_season_seed_2026,False
120,2025-05-01,5,2,54264.98611995637,54264.98611995637,2937.59013429533,210,18754.562671515767,17284.971110360813,4721.605893096741,1640.1458045556642,1212.3268402810188,32045.112733479305,0.0,0.0,16277.08164441555,48322.19437789485,0,0.0,9.023892744153272e-13,0.0342299590120092,1,0,0,0,1,0.0,0,no_season,2026,no_season_seed_2026,False
121,2025-05-02,5,2,26425.29463704161,26425.29463704161,1892.6490206978092,160,13013.469805929077,11723.81709282851,12737.970861305519,1212.3268402810188,1200.0,13025.022264896212,0.0,0.0,9017.521459767195,22042.54372466341,0,0.0,8.526512829121202e-13,0.04521999997086823,1,0,0,0,1,0.0,0,no_season,2026,no_season_seed_2026,False
122,2025-05-03,5,2,26850.265449555074,26850.265449555074,1381.1375927635167,130,12774.83783525725,11497.354051731525,18086.747608792866,1200.0,1200.0,13270.732529856024,0.0,0.0,6365.306871966462,19636.039401822483,0,0.0,9.094947017729282e-13,0.03514391602948308,1,0,0,0,1,0.0,0,no_season,2026,no_season_seed_2026,False
123,2025-05-04,5,2,57711.51872048044,57711.51872048044,1999.727830258947,210,17310.72869460677,15544.910091503776,6210.760614303054,1200.0,1236.62521909442,34044.05267664929,0.0,0.0,10660.647845983065,44704.70052263235,0,0.0,9.094947017729282e-13,0.03071483306121081,1,0,0,0,1,0.0,0,no_season,2026,no_season_seed_2026,False
124,2025-05-05,5,2,57282.78267707998,57282.78267707998,2092.2956782003644,200,20042.799927664364,18061.153389268176,2317.425016884155,1236.62521909442,1212.7674633852641,33545.1223849324,0.0,0.0,11939.063093128918,45484.185478061314,0,0.0,9.094947017729282e-13,0.06437074998393655,1,0,0,0,1,0.0,0,no_season,2026,no_season_seed_2026,False
125,2025-05-06,5,2,58631.30688630144,58631.30688630144,2016.6496295804577,190,19752.41388447569,17789.28477530019,5814.74504003974,1212.7674633852641,1200.0,34338.64900832711,0.0,0.0,9959.829557886324,44298.478566213416,0,0.0,8.526512829121202e-13,0.0651538330130279,1,0,0,0,1,0.0,0,no_season,2026,no_season_seed_2026,False
126,2025-05-07,5,2,57405.59349327101,57405.59349327101,2788.694896272583,180,19287.102462428204,17277.31024141772,3116.650218533103,1200.0,1285.4679058167108,33668.375142037694,0.0,0.0,16472.513713008313,50140.888855045996,0,0.0,9.094947017729282e-13,0.06801466608885676,1,0,0,0,1,0.0,0,no_season,2026,no_season_seed_2026,False
127,2025-05-08,5,2,60277.7974302985,60277.7974302985,126.04899113348984,30,19361.354600108163,17203.634649688465,2419.6140710122913,1285.4679058167108,1519.0384671033112,36690.43050588509,0.0,0.0,858.598974372225,37549.0294802573,0,0.0,8.668621376273222e-13,0.04703070898540318,1,0,0,0,1,0.0,0,no_season,2026,no_season_seed_2026,False
128,2025-05-09,5,2,27895.252875281203,27895.252875281203,0.0,0,13326.311244751327,11552.95892012498,17622.514700654854,1519.0384671033112,1983.5994023035717,14318.056163147125,0.0,0.0,0.0,14318.056163147116,0,0.0,8.029132914089132e-13,0.05658166704233736,1,0,0,0,1,0.0,0,no_season,2026,no_season_seed_2026,False
129,2025-05-10,5,2,27974.81817231387,27974.81817231387,0.0,0,12092.389139642539,11206.624273232193,14968.00802257019,1983.5994023035717,1642.627817562249,14613.353622206574,0.0,0.0,0.0,14613.353622206572,0,0.0,7.958078640513122e-13,0.052998166996985674,1,0,0,0,1,0.0,0,no_season,2026,no_season_seed_2026,False
130,2025-05-11,5,2,63361.97381870949,63361.97381870949,144.11432982516078,30,18732.890922776718,16886.493713560645,6175.611855985255,1642.627817562249,1614.2812838803984,37994.96458831717,0.0,0.0,995.4259248519884,38990.39051316916,0,0.0,9.094947017729282e-13,0.03283883398398757,1,0,0,0,1,0.0,0,no_season,2026,no_season_seed_2026,False
131,2025-05-12,5,2,61777.89886645861,61777.89886645861,0.0,0,17090.656801772617,15243.922789010918,7999.969620363577,1614.2812838803984,1759.396448095201,36910.75340587873,0.0,0.0,0.0,36910.75340587873,0,0.0,8.526512829121202e-13,0.044513292028568685,1,0,0,0,1,0.0,0,no_season,2026,no_season_seed_2026,False
132,2025-05-13,5,2,59456.394093485804,59456.394093485804,0.0,0,18585.204905311664,16487.694231789596,4229.670653297071,1759.396448095201,2011.314220319096,35908.87314130279,0.0,0.0,0.0,35908.8731413028,0,0.0,9.094947017729282e-13,0.039374500047415495,1,0,0,0,1,0.0,0,no_season,2026,no_season_seed_2026,False
133,2025-05-14,5,2,60854.164934532164,60854.164934532164,0.0,0,17826.33335218589,16226.746276158816,6240.429075171755,2011.314220319096,1818.3665215795338,36572.19472673641,0.0,0.0,0.0,36572.194726736416,0,0.0,8.810729923425242e-13,0.04920675000175834,1,0,0,0,1,0.0,0,no_season,2026,no_season_seed_2026,False
134,2025-05-15,5,2,59176.47217533241,59176.47217533241,80.1310560710125,30,18639.127376130917,17007.60399257278,4860.021564511945,1818.3665215795338,1573.406633983219,35542.27433949749,0.0,0.0,369.7444934588344,35912.018832956324,0,0.0,9.094947017729282e-13,0.03758704196661711,1,0,0,0,1,0.0,0,no_season,2026,no_season_seed_2026,False
135,2025-05-16,5,2,27487.87220562616,27487.87220562616,0.0,0,11729.599048716704,10812.600396846605,23855.36702042273,1573.406633983219,1303.5997832380253,14270.793101905945,0.0,0.0,0.0,14270.793101905945,0,0.0,8.526512829121202e-13,0.05061600008048117,1,0,0,0,1,0.0,0,no_season,2026,no_season_seed_2026,False
136,2025-05-17,5,2,27414.110427162297,27414.110427162297,181.5473282075955,10,12519.264391859126,11065.631195855638,15693.225476033076,1303.5997832380253,1516.2173735677702,13985.008916957408,0.0,0.0,1109.7988173330314,15094.807734290438,0,0.0,9.094947017729282e-13,0.04268754192162305,1,0,0,0,1,0.0,0,no_season,2026,no_season_seed_2026,False
137,2025-05-18,5,2,62150.58961232305,62150.58961232305,5.236666666666679,10,18694.841774724267,16405.256796363185,6190.073200628635,1516.2173735677702,1959.0424994574498,37567.43295885411,0.0,0.0,35.318698333333415,37602.751657187444,0,0.0,9.094947017729282e-13,0.03396441601216793,1,0,0,0,1,0.0,0,no_season,2026,no_season_seed_2026,False
138,2025-05-19,5,2,59279.68536979453,59279.68536979453,79.23649999999998,20,17170.456070041044,15983.383300783578,10656.63255053707,1959.0424994574498,1400.4020776900343,35415.19953526034,0.0,0.0,533.8661983333332,35949.06573359367,0,0.0,9.094947017729282e-13,0.052975624916143715,1,0,0,0,1,0.0,0,no_season,2026,no_season_seed_2026,False
139,2025-05-20,5,2,56467.3974218069,56467.3974218069,288.03857148660234,20,18045.370751409257,16403.36530716989,586.0357323874695,1400.4020776900343,1229.078695866453,34122.75111599897,0.0,0.0,1991.317399736537,36114.068515735504,0,0.0,9.094947017729282e-13,0.03281766700092703,1,0,0,0,1,0.0,0,no_season,2026,no_season_seed_2026,False
140,2025-05-21,5,2,61736.39612246077,61736.39612246077,0.0,0,17445.531558389634,15438.86289035847,8367.112171096273,1229.078695866453,1505.3727053961154,36794.20208547163,0.0,0.0,0.0,36794.20208547163,0,0.0,9.059419880941277e-13,0.0551313329488039,1,0,0,0,1,0.0,0,no_season,2026,no_season_seed_2026,False
141,2025-05-22,5,2,57172.72145145591,57172.72145145591,196.26293089382284,20,17876.35070058214,15874.932084827313,4550.934949928236,1505.3727053961154,1730.720348952124,34593.18206478783,0.0,0.0,1368.535250915308,35961.717315703136,0,0.0,8.592571099086399e-13,0.029797667055390775,1,0,0,0,1,0.0,0,no_season,2026,no_season_seed_2026,False
142,2025-05-23,5,2,26803.030281878433,26803.030281878433,0.0,0,12383.815077716275,10879.749253605221,18878.015574434045,1730.720348952124,2010.776208357882,13816.734496514762,0.0,0.0,0.0,13816.73449651476,0,0.0,7.958078640513122e-13,0.08035662502516061,1,0,0,0,1,0.0,0,no_season,2026,no_season_seed_2026,False
143,2025-05-24,5,2,26955.1708377998,26955.1708377998,0.0,0,11694.926098073416,10548.751397736763,22054.49475412981,2010.776208357882,1986.196973624218,13949.64736367634,0.0,0.0,0.0,13949.647363676337,0,0.0,7.958078640513122e-13,0.04034237505402416,1,0,0,0,1,0.0,0,no_season,2026,no_season_seed_2026,False
144,2025-05-25,5,2,56848.022756300226,56848.022756300226,142.42337130932583,20,16801.257358901545,15443.30145057253,7087.480035947209,1986.196973624218,1646.6001574652503,34068.031767417335,0.0,0.0,740.4849406978298,34808.51670811517,0,0.0,8.859579736508749e-13,0.052272792090661824,1,0,0,0,1,0.0,0,no_season,2026,no_season_seed_2026,False
145,2025-05-26,5,2,55158.75697500066,55158.75697500066,1314.4026061807936,20,17045.104869983927,15464.896251169488,313.11801236701376,1646.6001574652503,1515.5744838401476,33583.80189562442,0.0,0.0,9047.863575942065,42631.66547156648,0,0.0,9.023892744153272e-13,0.047516249935142696,1,0,0,0,1,0.0,0,no_season,2026,no_season_seed_2026,False
146,2025-05-27,5,2,62192.26423122916,62192.26423122916,0.0,0,17423.11158389984,15465.958928368345,10844.744275697669,1515.5744838401476,1742.0373061360663,36977.9623298963,0.0,0.0,0.0,36977.9623298963,0,0.0,9.094947017729282e-13,0.03100608300883323,1,0,0,0,1,0.0,0,no_season,2026,no_season_seed_2026,False
147,2025-05-28,5,2,57082.258059379164,57082.258059379164,0.0,0,18497.34883847324,16502.767545605697,2813.8526665116174,1742.0373061360663,1894.7188272694825,34428.801257590014,0.0,0.0,0.0,34428.80125759001,0,0.0,9.094947017729282e-13,0.03089145792182535,1,0,0,0,1,0.0,0,no_season,2026,no_season_seed_2026,False
148,2025-05-29,5,2,57607.504822061266,57607.504822061266,266.77884125081573,70,19003.55833012738,17453.79903417176,2214.400867356462,1894.7188272694825,1525.157628313439,34398.98914109176,0.0,0.0,1549.7971544041109,35948.786295495884,0,0.0,8.668621376273222e-13,0.044402958010323346,1,0,0,0,1,0.0,0,no_season,2026,no_season_seed_2026,False
149,2025-05-30,5,2,26953.739241370728,26953.739241370728,0.0,0,12352.501077440269,10932.282010444214,18937.286907708007,1525.157628313439,1720.1320308691982,13750.771478738581,0.0,0.0,0.0,13750.771478738583,0,0.0,8.526512829121202e-13,0.048486958956345916,1,0,0,0,1,0.0,0,no_season,2026,no_season_seed_2026,False
150,2025-05-31,5,2,27178.221195015525,27178.221195015525,0.0,0,12490.026208273033,11006.034926740867,17305.048363483354,1720.1320308691982,1967.8318282491566,14052.236718901386,0.0,0.0,0.0,14052.236718901388,0,0.0,7.958078640513122e-13,0.06595458404626697,1,0,0,0,1,0.0,0,no_season,2026,no_season_seed_2026,False
151,2025-06-01,6,2,60695.072704207094,60695.072704207094,11259.028512746108,370,14432.033505662617,13717.259386267917,14.500797558503791,1967.8318282491566,1200.0,36499.98685511138,0.0,0.0,68016.88672709838,104516.87358220978,0,0.0,8.597567102697212e-13,0.03800954099278897,1,0,0,0,1,0.0,0,no_season,2026,no_season_seed_2026,False
152,2025-06-02,6,2,68833.2509084025,68833.2509084025,5491.129509476542,310,20723.788800017923,18651.409920016136,3611.1940878772493,1200.0,1200.0,40962.922615651165,0.0,0.0,31723.999150322492,72686.92176597368,0,0.0,9.094947017729282e-13,0.018755250028334558,1,0,0,0,1,0.0,0,no_season,2026,no_season_seed_2026,False
153,2025-06-03,6,2,67559.71227826751,67559.71227826751,3241.5877351850127,330,20885.684510551786,18797.1160594966,520.3647290640013,1200.0,1200.0,40768.10008787652,0.0,0.0,16469.918116138666,57238.0182040152,0,0.0,9.094947017729282e-13,0.01412700000219047,1,0,0,0,1,0.0,0,no_season,2026,no_season_seed_2026,False
154,2025-06-04,6,2,67365.91650604871,67365.91650604871,4599.22142327774,290,19403.646579806617,17463.281921825954,379.51245467912304,1200.0,1200.0,40147.17392648308,0.0,0.0,26278.1174715376,66425.2913980207,0,0.0,9.094947017729282e-13,0.047734708059579134,1,0,0,0,1,0.0,0,no_season,2026,no_season_seed_2026,False
155,2025-06-05,6,2,68247.21371307725,68247.21371307725,5361.191938019066,370,20799.866453358798,18719.879808022924,379.1009890937587,1200.0,1200.0,40930.688174973686,0.0,0.0,28956.977521831384,69887.66569680508,0,0.0,9.094947017729282e-13,0.01450420799665153,1,0,0,0,1,0.0,0,no_season,2026,no_season_seed_2026,False
156,2025-06-06,6,2,28941.19403057076,28941.19403057076,5934.093048329342,310,13064.941914389216,11758.447722950299,2713.7974874611864,1200.0,1200.0,15001.302083538123,0.0,0.0,32275.07001821317,47276.372101751294,0,0.0,8.810729923425242e-13,0.058742042048834264,1,0,0,0,1,0.0,0,no_season,2026,no_season_seed_2026,False
157,2025-06-07,6,2,30617.683587339063,30617.683587339063,3471.463551068822,270,13112.853561311793,11783.209681865115,1632.9900922945376,1200.0,1219.35158271809,16318.360035967811,0.0,0.0,17154.139717565544,33472.499753533346,0,0.0,8.952838470577262e-13,0.04539262503385544,1,0,0,0,1,0.0,0,no_season,2026,no_season_seed_2026,False
158,2025-06-08,6,2,82759.18611288304,82759.18611288304,0.0,0,17473.544998194357,15134.355308078992,15235.073156100992,1219.35158271809,1843.2006496428708,51169.16978420092,0.0,0.0,0.0,51169.16978420091,0,0.0,9.063860773039778e-13,0.013546542031690478,1,0,0,0,1,0.0,0,no_season,2026,no_season_seed_2026,False
159,2025-06-09,6,2,73734.30721923373,73734.30721923373,386.5343850642082,60,21645.903783002595,19539.620470101218,1081.8455580632183,1843.2006496428708,1781.7396061959262,45491.340909172744,0.0,0.0,2674.9321177717607,48166.27302694451,0,0.0,9.094947017729282e-13,0.01835024997126311,1,0,0,0,1,0.0,0,no_season,2026,no_season_seed_2026,False
160,2025-06-10,6,2,77575.28195111059,77575.28195111059,37.14968650365802,40,20948.60485700833,18879.846380362906,3925.2289276354977,1781.7396061959262,1754.225672822116,48193.44602329292,0.0,0.0,250.4501460183222,48443.896169311236,0,0.0,9.094947017729282e-13,0.013910499983467162,1,0,0,0,1,0.0,0,no_season,2026,no_season_seed_2026,False
161,2025-06-11,6,2,79377.18525500369,79377.18525500369,1366.1770612088344,90,23855.433718462933,21451.81191098878,2255.2941920716958,1754.225672822116,1773.282017194378,48908.43089800984,0.0,0.0,6652.69014123015,55561.121039239995,0,0.0,8.100187187665142e-13,0.014191625057719648,1,0,0,0,1,0.0,0,no_season,2026,no_season_seed_2026,False
162,2025-06-12,6,2,81756.5956894535,81756.5956894535,0.0,0,21242.72010544658,18668.935787748786,6730.419938422365,1773.282017194378,2247.1095928214218,51027.40913351233,0.0,0.0,0.0,51027.40913351232,0,0.0,8.171241461241152e-13,0.019565916969440877,1,0,0,0,1,0.0,0,no_season,2026,no_season_seed_2026,False
163,2025-06-13,6,2,35343.44591293425,35343.44591293425,0.0,0,12800.947028251538,11494.465085586478,5691.650270269186,2247.1095928214218,2274.924185841168,20582.66010872959,0.0,0.0,0.0,20582.660108729597,0,0.0,8.526512829121202e-13,0.04461295797955245,1,0,0,0,1,0.0,0,no_season,2026,no_season_seed_2026,False
164,2025-06-14,6,2,35686.48792991989,35686.48792991989,0.0,0,11996.572564285858,11140.583379249394,8637.155994883424,2274.924185841168,1912.6662309490177,20562.311482069756,0.0,0.0,0.0,20562.31148206975,0,0.0,7.958078640513122e-13,0.052344041992910206,1,0,0,0,1,0.0,0,no_season,2026,no_season_seed_2026,False
165,2025-06-15,6,2,78069.3097900702,78069.3097900702,28.78372497851501,20,22043.540438475364,19401.32748161293,4828.9062248529535,1912.6662309490177,2374.2100505932312,48225.48237660169,0.0,0.0,194.86652273853414,48420.34889934021,0,0.0,8.881784197001252e-13,0.01413512509316206,1,0,0,0,1,0.0,0,no_season,2026,no_season_seed_2026,False
166,2025-06-16,6,2,77532.13113383329,77532.13113383329,12.094458290662715,20,22136.007424333962,19997.486681899623,2711.652033022959,2374.2100505932312,2295.0687816857408,48038.23257255106,0.0,0.0,81.66914831701068,48119.901720868074,0,0.0,9.094947017729282e-13,0.01911758293863386,1,0,0,0,1,0.0,0,no_season,2026,no_season_seed_2026,False
167,2025-06-17,6,2,78766.97773588264,78766.97773588264,518.2414940264687,30,22129.346147147586,20565.923261171123,3084.7851272659764,2295.0687816857408,1610.4233050835942,48693.4548472613,0.0,0.0,3602.6648766551534,52296.11972391647,0,0.0,9.094947017729282e-13,0.018864416982978582,1,0,0,0,1,0.0,0,no_season,2026,no_season_seed_2026,False
168,2025-06-18,6,2,82685.03336401345,82685.03336401345,37.271791891312205,20,20802.48347892272,18096.81716741797,9088.247944400011,1610.4233050835942,2269.6717232835063,51288.25938479523,0.0,0.0,251.31134626142685,51539.570731056665,0,0.0,9.023892744153272e-13,0.01696033403277397,1,0,0,0,1,0.0,0,no_season,2026,no_season_seed_2026,False
169,2025-06-19,6,2,77606.22915210901,77606.22915210901,105.73411904137174,20,20439.83993609189,18651.99620536725,7664.615340425737,2269.6717232835063,1999.676179553686,48023.07862162312,0.0,0.0,711.9224324118879,48735.001054035034,0,0.0,9.094947017729282e-13,0.01829458388965577,1,0,0,0,1,0.0,0,no_season,2026,no_season_seed_2026,False
170,2025-06-20,6,2,34141.28118510626,34141.28118510626,0.0,0,11999.596938806359,10651.97591395555,10393.07931025545,1999.676179553686,2155.3248889529223,19781.710701805263,0.0,0.0,0.0,19781.710701805267,0,0.0,7.389644451905042e-13,0.04201370803639293,1,0,0,0,1,0.0,0,no_season,2026,no_season_seed_2026,False
171,2025-06-21,6,2,34287.4099530849,34287.4099530849,0.0,0,12840.726802358446,10939.500102531047,13051.442853257497,2155.3248889529223,2805.862345298753,19723.985787061643,0.0,0.0,0.0,19723.985787061647,0,0.0,7.958078640513122e-13,0.06460225000046194,1,0,0,0,1,0.0,0,no_season,2026,no_season_seed_2026,False
172,2025-06-22,6,2,72816.50337261098,72816.50337261098,43.093305100644784,50,19437.875528718156,18305.514551606582,4269.894600600045,2805.862345298753,1950.5436341675716,45056.80918176338,0.0,0.0,290.88407202472536,45347.69325378811,0,0.0,9.094947017729282e-13,0.01410366699565202,1,0,0,0,1,0.0,0,no_season,2026,no_season_seed_2026,False
173,2025-06-23,6,2,76286.17771096788,76286.17771096788,3.1161877866124996,10,20875.39578308598,18924.41556368413,7277.027679352649,1950.5436341675716,1806.597430848327,47007.497649902994,0.0,0.0,21.017128526808,47028.51477842978,0,0.0,8.952838470577262e-13,0.018443292006850243,1,0,0,0,1,0.0,0,no_season,2026,no_season_seed_2026,False
174,2025-06-24,6,2,76353.98052194915,76353.98052194915,2495.540490826004,130,22405.98320025232,20173.485919145598,348.2314816684309,1806.597430848327,1798.0581860496152,47431.59077615025,0.0,0.0,13607.660278962378,61039.251055112625,0,0.0,8.988365607365267e-13,0.018297665985301137,1,0,0,0,1,0.0,0,no_season,2026,no_season_seed_2026,False
175,2025-06-25,6,2,81772.16261922315,81772.16261922315,1.970013839704393,10,20457.83947373673,18152.780699119518,9031.652491778983,1798.0581860496152,2071.357850728364,50783.016141093576,0.0,0.0,13.264103182729679,50796.280244276306,0,0.0,9.094947017729282e-13,0.014191291993483901,1,0,0,0,1,0.0,0,no_season,2026,no_season_seed_2026,False
176,2025-06-26,6,2,76910.89045902656,76910.89045902656,48.62797265248321,30,20874.575689127654,19096.180982095375,7633.739891313425,2071.357850728364,1745.5769894909117,47388.95505424387,0.0,0.0,328.06987409253315,47717.024928336425,0,0.0,9.094947017729282e-13,0.019218583940528333,1,0,0,0,1,0.0,0,no_season,2026,no_season_seed_2026,False
177,2025-06-27,6,2,33024.14558094958,33024.14558094958,0.0,0,12946.466753505196,11113.710394317603,11419.743355095321,1745.5769894909117,2312.7944001303263,18561.833634823986,0.0,0.0,0.0,18561.83363482399,0,0.0,9.094947017729282e-13,0.06356820790097117,1,0,0,0,1,0.0,0,no_season,2026,no_season_seed_2026,False
178,2025-06-28,6,2,32987.88744792367,32987.88744792367,0.0,0,12098.588525553145,11143.466618752638,10255.839424456495,2312.7944001303263,2044.2780825370048,18449.906333337356,0.0,0.0,0.0,18449.90633333736,0,0.0,7.819439540313056e-13,0.050690833013504744,1,0,0,0,1,0.0,0,no_season,2026,no_season_seed_2026,False
179,2025-06-29,6,2,74783.54314911853,74783.54314911853,1.6269582200890227,10,20655.304950144895,18518.481244659986,3380.577868520384,2044.2780825370048,2119.4277248011012,46176.985190483836,0.0,0.0,11.000678005131928,46187.98586848898,0,0.0,9.094947017729282e-13,0.013890458038076758,1,0,0,0,1,0.0,0,no_season,2026,no_season_seed_2026,False
180,2025-06-30,6,2,76204.54834235244,76204.54834235244,67.87027662646653,20,21355.297280382398,19428.096420410147,4467.533775673337,2119.4277248011012,1899.8298163166885,46894.93693852271,0.0,0.0,457.16027505629535,47352.09721357902,0,0.0,9.094947017729282e-13,0.015153082902543247,1,0,0,0,1,0.0,0,no_season,2026,no_season_seed_2026,False
181,2025-07-01,7,2,80228.904923333,80228.904923333,3211.3855522061767,350,21496.135249616225,20010.438582871997,3088.049775461624,1899.8298163166885,1200.0,49806.55560515948,0.0,0.0,15502.637231467546,65309.19283662701,0,0.0,9.094947017729282e-13,0.015147291007451713,1,0,0,0,1,0.0,0,no_season,2026,no_season_seed_2026,False
182,2025-07-02,7,2,75114.87294742336,75114.87294742336,3912.698102844654,340,20165.63981643245,18149.075834789197,4106.240701958093,1200.0,1200.0,45972.73834372941,0.0,0.0,20985.554496788347,66958.29284051775,0,0.0,9.094947017729282e-13,0.022198625025339425,1,0,0,0,1,0.0,0,no_season,2026,no_season_seed_2026,False
183,2025-07-03,7,2,69106.67474814624,69106.67474814624,12281.608573132235,460,16278.64387945137,14650.779491506235,0.0,1200.0,1200.0,42744.557652085976,0.0,0.0,73612.92783803071,116357.48549011667,0,0.0,4.547473508864641e-13,0.03841708297841251,1,0,0,0,1,0.0,0,no_season,2026,no_season_seed_2026,False
184,2025-07-04,7,2,34783.807627543036,34783.807627543036,5677.380417672803,500,12719.528910879912,11447.576019791917,10308.367687461185,1200.0,1200.0,19816.127284130995,0.0,0.0,22634.457116222296,42450.584400353284,0,0.0,9.094947017729282e-13,0.03878720896318555,1,0,0,0,1,0.0,0,no_season,2026,no_season_seed_2026,False
185,2025-07-05,7,2,34661.88152990714,34661.88152990714,6285.066256411668,520,12457.99698857626,11212.197289718633,10911.068120794516,1200.0,1200.0,19288.026218154948,0.0,0.0,28817.05053462746,48105.07675278241,0,0.0,9.094947017729282e-13,0.03579429199453443,1,0,0,0,1,0.0,0,no_season,2026,no_season_seed_2026,False
186,2025-07-06,7,2,70618.64063423118,70618.64063423118,11136.173076713854,420,18146.19957207184,16331.579614864659,146.21220373785718,1200.0,1200.0,43613.17217261794,0.0,0.0,65353.455336939485,108966.62750955744,0,0.0,8.200107259881406e-13,0.04144437506329268,1,0,0,0,1,0.0,0,no_season,2026,no_season_seed_2026,False
187,2025-07-07,7,2,76761.76547475552,76761.76547475552,3067.9992642436414,330,20286.511004301254,18209.6095978092,4343.380565840446,1200.0,1250.860288318634,47474.47309203592,0.0,0.0,15226.12413389619,62700.59722593213,0,0.0,9.094947017729282e-13,0.014919249922968447,1,0,0,0,1,0.0,0,no_season,2026,no_season_seed_2026,False
188,2025-07-08,7,2,85137.10264302738,85137.10264302738,58.834918532312486,20,22814.04362306393,19482.93403470222,6293.440956531298,1250.860288318634,2357.3467503575503,53244.11397194231,0.0,0.0,400.25891533486026,53644.37288727715,0,0.0,9.094947017729282e-13,0.018883334007114172,1,0,0,0,1,0.0,0,no_season,2026,no_season_seed_2026,False
189,2025-07-09,7,2,85682.10693228705,85682.10693228705,17.268720531715417,20,19393.38101883292,17075.389956139166,9322.659573458339,2357.3467503575503,2756.482016666728,54414.21922552388,0.0,0.0,116.45547539429137,54530.67470091816,0,0.0,9.094947017729282e-13,0.01424312498420477,1,0,0,0,1,0.0,0,no_season,2026,no_season_seed_2026,False
190,2025-07-10,7,2,84054.33517261731,84054.33517261731,8.956506755277815,20,19875.42545261363,18243.68537280594,9577.92821623156,2756.482016666728,2381.433287354403,53141.181052546344,0.0,0.0,60.35651514090294,53201.53756768726,0,0.0,9.094947017729282e-13,0.018212542054243386,1,0,0,0,1,0.0,0,no_season,2026,no_season_seed_2026,False
191,2025-07-11,7,2,44167.253326649006,44167.253326649006,0.0,0,13555.722039598626,11592.104277694545,9684.858414744927,2381.433287354403,3022.369582104943,26818.031697025624,0.0,0.0,0.0,26818.031697025628,0,0.0,9.094947017729282e-13,0.051356791984289885,1,0,0,0,1,0.0,0,no_season,2026,no_season_seed_2026,False
192,2025-07-12,7,2,43338.67315269187,43338.67315269187,0.0,0,12451.400993111512,11655.379772195201,11458.40859844222,3022.369582104943,2548.956716802317,25989.894589231386,0.0,0.0,0.0,25989.89458923138,0,0.0,9.094947017729282e-13,0.05285987502429634,1,0,0,0,1,0.0,0,no_season,2026,no_season_seed_2026,False
193,2025-07-13,7,2,86718.04505776477,86718.04505776477,78.49839449132628,30,18048.973003435553,16292.176987142988,15772.027035963534,2548.956716802317,2498.2535114756874,54982.780893868265,0.0,0.0,528.3513685980438,55511.1322624663,0,0.0,9.094947017729282e-13,0.014539333991706371,1,0,0,0,1,0.0,0,no_season,2026,no_season_seed_2026,False
194,2025-07-14,7,2,81750.8746391705,81750.8746391705,11.560230201745071,20,18178.561674327866,16511.41358821194,8287.607566589664,2498.2535114756874,2339.39324522396,51510.14493340782,0.0,0.0,77.8358006943511,51587.98073410218,0,0.0,9.094947017729282e-13,0.018687249976210296,1,0,0,0,1,0.0,0,no_season,2026,no_season_seed_2026,False
195,2025-07-15,7,2,82631.5298687455,82631.5298687455,0.591698489901546,10,18772.8924489056,16289.570157457007,7399.748692453488,2339.39324522396,2978.208166708713,52176.31146206644,0.0,0.0,3.9776930983631438,52180.289155164784,0,0.0,9.094947017729282e-13,0.021768208942376077,1,0,0,0,1,0.0,0,no_season,2026,no_season_seed_2026,False
196,2025-07-16,7,2,83405.34640230716,83405.34640230716,14.159318387073313,10,18726.61006036084,17168.38357529792,9726.715852297992,2978.208166708713,2646.765079622318,52604.7703702867,0.0,0.0,95.66743468226082,52700.43780496896,0,0.0,8.917311333789257e-13,0.01800224999897182,1,0,0,0,1,0.0,0,no_season,2026,no_season_seed_2026,False
197,2025-07-17,7,2,81376.94630609974,81376.94630609974,0.0,0,20391.48051234043,18462.966647457728,6728.016374550356,2646.765079622318,2530.1464076390625,51466.85616690794,0.0,0.0,0.0,51466.8561669079,0,0.0,9.094947017729282e-13,0.013976374990306795,1,0,0,0,1,0.0,0,no_season,2026,no_season_seed_2026,False
198,2025-07-18,7,2,43986.226684009365,43986.226684009365,0.0,0,12788.184880800023,10966.691626143727,10890.48532935307,2530.1464076390625,3102.1758379994963,26677.0219455782,0.0,0.0,0.0,26677.0219455782,0,0.0,9.094947017729282e-13,0.04821074998471886,1,0,0,0,1,0.0,0,no_season,2026,no_season_seed_2026,False
199,2025-07-19,7,2,42787.11403594938,42787.11403594938,0.0,0,11660.921547746924,10864.782150286133,14808.155588488586,3102.1758379994963,2712.211391409014,25744.91276513636,0.0,0.0,0.0,25744.912765136363,0,0.0,7.958078640513122e-13,0.07166358304675668,1,0,0,0,1,0.0,0,no_season,2026,no_season_seed_2026,False
200,2025-07-20,7,2,82208.90752044124,82208.90752044124,0.0,0,18096.30051548411,16496.424982881534,8519.053771171992,2712.211391409014,2491.1107149484205,52317.52845733501,0.0,0.0,0.0,52317.52845733502,0,0.0,9.032774528350274e-13,0.028512291959486902,1,0,0,0,1,0.0,0,no_season,2026,no_season_seed_2026,False
201,2025-07-21,7,2,84101.18859695201,84101.18859695201,0.0,0,19038.06522772669,16887.362052234406,7960.736071459718,2491.1107149484205,2751.3626380369546,53281.12266314141,0.0,0.0,0.0,53281.1226631414,0,0.0,8.668621376273222e-13,0.014453582931309938,1,0,0,0,1,0.0,0,no_season,2026,no_season_seed_2026,False
202,2025-07-22,7,2,84477.04522780831,84477.04522780831,40.64952675237271,20,19119.008597444685,17690.81926624499,9294.36080669432,2751.3626380369546,2241.4859178092725,53498.84594656414,0.0,0.0,274.17257509790977,53773.018521662074,0,0.0,8.952838470577262e-13,0.019004207919351757,1,0,0,0,1,0.0,0,no_season,2026,no_season_seed_2026,False
203,2025-07-23,7,2,84441.97607596821,84441.97607596821,0.0,0,21131.499649654797,18670.22721542527,7764.156525072024,2241.4859178092725,2608.4392203280577,53254.92963950898,0.0,0.0,0.0,53254.92963950896,0,0.0,8.597567102697212e-13,0.01394441700540483,1,0,0,0,1,0.0,0,no_season,2026,no_season_seed_2026,False
204,2025-07-24,7,2,83253.6665654083,83253.6665654083,0.0,0,19128.211916998025,16882.52679325407,7391.509441664346,2608.4392203280577,2959.3086123877374,52766.18100232338,0.0,0.0,0.0,52766.1810023234,0,0.0,9.094947017729282e-13,0.01456458296161145,1,0,0,0,1,0.0,0,no_season,2026,no_season_seed_2026,False
205,2025-07-25,7,2,42675.709281829666,42675.709281829666,0.0,0,12442.803083806542,11094.588238472359,14822.174869828814,2959.3086123877374,3068.8652338304364,25927.75139628593,0.0,0.0,0.0,25927.751396285927,0,0.0,7.958078640513122e-13,0.0421352080302313,1,0,0,0,1,0.0,0,no_season,2026,no_season_seed_2026,False
206,2025-07-26,7,2,42285.57176808388,42285.57176808388,0.0,0,12604.101205045969,11401.270483424794,12613.649479796037,3068.8652338304364,3008.171218238777,25515.236041246815,0.0,0.0,0.0,25515.23604124681,0,0.0,7.389644451905042e-13,0.03899458306841552,1,0,0,0,1,0.0,0,no_season,2026,no_season_seed_2026,False
207,2025-07-27,7,2,82908.47362793569,82908.47362793569,0.37729945443061297,10,21082.581877353623,19401.455469022116,7542.534719058609,3008.171218238777,2557.934790253186,52109.952340176154,0.0,0.0,2.5403572266813175,52112.492697402835,0,0.0,9.094947017729282e-13,0.01915304095018655,1,0,0,0,1,0.0,0,no_season,2026,no_season_seed_2026,False
208,2025-07-28,7,2,83638.41649024261,83638.41649024261,0.0,0,20618.949342711225,18801.248234629864,3865.8381488279024,2557.934790253186,2300.5318964828834,52974.15495962967,0.0,0.0,0.0,52974.1549596297,0,0.0,9.094947017729282e-13,0.01864145800936967,1,0,0,0,1,0.0,0,no_season,2026,no_season_seed_2026,False
209,2025-07-29,7,2,88302.1066577636,88302.1066577636,45.05788254204276,20,19936.48141494947,17626.68072362984,9968.117898986011,2300.5318964828834,2633.7859449881653,55790.9461520644,0.0,0.0,303.54224274421694,56094.48839480861,0,0.0,9.094947017729282e-13,0.01483345904853195,1,0,0,0,1,0.0,0,no_season,2026,no_season_seed_2026,False
210,2025-07-30,7,2,86143.4236363927,86143.4236363927,0.0,0,19750.775302158505,17360.64044469704,9650.03472893124,2633.7859449881653,3071.294782867503,54407.24326192216,0.0,0.0,0.0,54407.24326192218,0,0.0,9.059419880941277e-13,0.014640290988609195,1,0,0,0,1,0.0,0,no_season,2026,no_season_seed_2026,False
211,2025-07-31,7,2,82634.33995709819,82634.33995709819,0.0,0,19314.593835213193,18002.87422530147,6627.624080519812,3071.294782867503,2418.031702466353,52364.08259980963,0.0,0.0,0.0,52364.082599809626,0,0.0,8.668621376273222e-13,0.018379291985183954,1,0,0,0,1,0.0,0,no_season,2026,no_season_seed_2026,False
212,2025-08-01,8,2,40966.3152103544,40966.3152103544,0.0,0,12509.471347924036,11298.754171754956,18504.238367518654,2418.031702466353,2375.625602658336,24101.588950895035,0.0,0.0,0.0,24101.58895089503,0,0.0,9.094947017729282e-13,0.04884204198606312,1,0,0,0,1,0.0,0,no_season,2026,no_season_seed_2026,False
213,2025-08-02,8,2,39492.55148114257,39492.55148114257,0.0,0,12671.16931492083,11490.002416859134,17384.359649747545,2375.625602658336,2285.0263124557905,23129.454629131138,0.0,0.0,0.0,23129.454629131134,0,0.0,8.739675649849232e-13,0.04565770796034485,1,0,0,0,1,0.0,0,no_season,2026,no_season_seed_2026,False
214,2025-08-03,8,2,73579.89522743819,73579.89522743819,266.4527183875651,100,17727.063684611105,16734.36039951224,10014.16467739356,2285.0263124557905,1462.830870662831,46500.72380386918,0.0,0.0,1404.8517435781457,47905.575547447326,0,0.0,9.094947017729282e-13,0.03428462496958673,1,0,0,0,1,0.0,0,no_season,2026,no_season_seed_2026,False
215,2025-08-04,8,2,70133.25028915684,70133.25028915684,52.17679120859361,30,19576.936675127366,17175.784052840878,2368.619374745609,1462.830870662831,1930.2776526237176,44550.211831415705,0.0,0.0,351.3954674594298,44901.60729887513,0,0.0,9.094947017729282e-13,0.03896495804656297,1,0,0,0,1,0.0,0,no_season,2026,no_season_seed_2026,False
216,2025-08-05,8,2,72615.99612405301,72615.99612405301,5.290069863964163,10,18813.740619169337,16832.98377882874,5488.219620243038,1930.2776526237176,2035.0362992952516,46195.54643322663,0.0,0.0,35.63655563859459,46231.18298886523,0,0.0,8.757439218243235e-13,0.04664262500591576,1,0,0,0,1,0.0,0,no_season,2026,no_season_seed_2026,False
217,2025-08-06,8,2,74142.63273754557,74142.63273754557,219.43826131781987,10,18742.279436833003,17554.58699490937,5059.979290273088,2035.0362992952516,1311.3643392528857,46786.65514332511,0.0,0.0,1530.8013109531114,48317.45645427822,0,0.0,9.094947017729282e-13,0.07504604093264788,1,0,0,0,1,0.0,0,no_season,2026,no_season_seed_2026,False
218,2025-08-07,8,2,76083.30612642312,76083.30612642312,7.060581945823287,10,19644.98164670056,17146.469013240465,10203.868824908861,1311.3643392528857,1874.2650142066927,48376.857676803185,0.0,0.0,47.70482191695504,48424.56249872018,0,0.0,8.952838470577262e-13,0.05677941697649658,1,0,0,0,1,0.0,0,no_season,2026,no_season_seed_2026,False
219,2025-08-08,8,2,40807.90873842174,40807.90873842174,0.0,0,13293.03733106894,11628.078266224562,23367.778423577365,1874.2650142066927,2228.076799896644,23914.188836315043,0.0,0.0,0.0,23914.18883631504,0,0.0,9.094947017729282e-13,0.05845674988813698,1,0,0,0,1,0.0,0,no_season,2026,no_season_seed_2026,False
220,2025-08-09,8,2,39413.958771525824,39413.958771525824,0.0,0,12736.85583036553,11767.058236198938,19522.232177359234,2228.076799896644,1907.750733764317,23002.204134877662,0.0,0.0,0.0,23002.204134877662,0,0.0,8.810729923425242e-13,0.057354999938979745,1,0,0,0,1,0.0,0,no_season,2026,no_season_seed_2026,False
221,2025-08-10,8,2,73265.4703901578,73265.4703901578,8.251961261109955,10,18508.162517809444,16304.495319215115,5765.4361028245785,1907.750733764317,2279.6882892567255,46453.23564718487,0.0,0.0,55.655352725556085,46508.89099991043,0,0.0,8.242295734817162e-13,0.04096345801372081,1,0,0,0,1,0.0,0,no_season,2026,no_season_seed_2026,False
222,2025-08-11,8,2,73336.38033639408,73336.38033639408,127.2821723595597,50,19096.150231801766,17666.508796175916,7472.767739794457,2279.6882892567255,1773.7517047920796,46425.71586644517,0.0,0.0,857.8824384611579,47283.59830490632,0,0.0,9.094947017729282e-13,0.033830208936706185,1,0,0,0,1,0.0,0,no_season,2026,no_season_seed_2026,False
223,2025-08-12,8,2,71978.06855274073,71978.06855274073,269.48738392856615,60,19018.739430356116,17002.571789093163,2470.8446454063505,1773.7517047920796,1894.2278409928692,45567.895685905125,0.0,0.0,1786.1785642516181,47354.074250156744,0,0.0,8.597567102697212e-13,0.03238170896656811,1,0,0,0,1,0.0,0,no_season,2026,no_season_seed_2026,False
224,2025-08-13,8,2,74970.1049767191,74970.1049767191,111.60589063483883,40,18965.058881296754,16617.812647244136,6613.485183301325,1894.2278409928692,2369.349883142428,47442.87304325678,0.0,0.0,753.8800193104805,48196.75306256725,0,0.0,9.094947017729282e-13,0.033676583087071776,1,0,0,0,1,0.0,0,no_season,2026,no_season_seed_2026,False
225,2025-08-14,8,2,72749.83154659906,72749.83154659906,135.4157694835924,60,19924.228757265068,18598.99070695027,5633.718282434525,2369.349883142428,1666.0753269414975,45664.927378502856,0.0,0.0,904.7230414268528,46569.650419929676,0,0.0,9.094947017729282e-13,0.030120666953735054,1,0,0,0,1,0.0,0,no_season,2026,no_season_seed_2026,False
226,2025-08-15,8,2,40567.052942117836,40567.052942117836,0.0,0,13750.666048664374,12052.792257581383,21709.452267701512,1666.0753269414975,2006.3439781129741,23657.687445149753,0.0,0.0,0.0,23657.687445149742,0,0.0,8.597567102697212e-13,0.04477758298162371,1,0,0,0,1,0.0,0,no_season,2026,no_season_seed_2026,False
227,2025-08-16,8,2,39764.93514021089,39764.93514021089,0.0,0,13245.536960360909,12017.055994861585,21607.173808044892,2006.3439781129741,1905.0744282703747,23074.031024938755,0.0,0.0,0.0,23074.031024938748,0,0.0,7.958078640513122e-13,0.04666137509047985,1,0,0,0,1,0.0,0,no_season,2026,no_season_seed_2026,False
228,2025-08-17,8,2,69654.70545519594,69654.70545519594,133.70865764596363,50,19248.97602424077,17282.812659291445,4656.857131225929,1905.0744282703747,1948.5723612581733,44541.848742745904,0.0,0.0,900.8897413689368,45442.73848411486,0,0.0,9.094947017729282e-13,0.03758366697002202,1,0,0,0,1,0.0,0,no_season,2026,no_season_seed_2026,False
229,2025-08-18,8,2,70843.53218117225,70843.53218117225,148.3602782784293,50,19752.775801539592,17616.886728255515,4461.88776949995,1948.5723612581733,2117.871740155392,44987.705827939,0.0,0.0,1007.9523812170089,45995.65820915601,0,0.0,9.094947017729282e-13,0.04043120797723532,1,0,0,0,1,0.0,0,no_season,2026,no_season_seed_2026,False
230,2025-08-19,8,2,72359.24717282866,72359.24717282866,87.60653457276953,30,18362.608100067104,16654.570006094313,6421.155563428641,2117.871740155392,1982.7131300086685,46156.203727779364,0.0,0.0,591.1816083142446,46747.3853360936,0,0.0,9.094947017729282e-13,0.03415570792276412,1,0,0,0,1,0.0,0,no_season,2026,no_season_seed_2026,False
231,2025-08-20,8,2,72529.66125417306,72529.66125417306,916.7948005991883,100,20760.462327844158,19107.43294017857,1142.7356004399876,1982.7131300086685,1536.8142236106091,46220.28254343917,0.0,0.0,5172.613553525441,51392.896096964614,0,0.0,9.094947017729282e-13,0.061886333976872265,1,0,0,0,1,0.0,0,no_season,2026,no_season_seed_2026,False
232,2025-08-21,8,2,78813.13069230466,78813.13069230466,0.0,0,18234.770170345895,15998.020474840421,10731.962513465856,1536.8142236106091,1972.4418765060766,49542.55541549743,0.0,0.0,0.0,49542.55541549742,0,0.0,9.094947017729282e-13,0.032293332973495126,1,0,0,0,1,0.0,0,no_season,2026,no_season_seed_2026,False
233,2025-08-22,8,2,39682.90738754651,39682.90738754651,269.0609475695483,30,13399.367536209847,12382.590282234833,17704.62168114104,1972.4418765060766,1631.8018543721932,23000.78594046161,0.0,0.0,1692.0516704585898,24692.8376109202,0,0.0,9.094947017729282e-13,0.0446136660175398,1,0,0,0,1,0.0,0,no_season,2026,no_season_seed_2026,False
234,2025-08-23,8,2,40618.05518126981,40618.05518126981,0.0,0,13244.914625966661,11646.827182919737,16489.96158822289,1631.8018543721932,1920.1973400020938,23729.49055080323,0.0,0.0,0.0,23729.490550803228,0,0.0,7.958078640513122e-13,0.06866766593884677,1,0,0,0,1,0.0,0,no_season,2026,no_season_seed_2026,False
235,2025-08-24,8,2,74665.88002750557,74665.88002750557,4.921030745704002,20,19939.197987850814,17965.97459852608,8963.988185593207,1920.1973400020938,1898.3814089080379,47112.73658255113,0.0,0.0,33.148843198435884,47145.88542574956,0,0.0,9.094947017729282e-13,0.03402100002858788,1,0,0,0,1,0.0,0,no_season,2026,no_season_seed_2026,False
236,2025-08-25,8,2,71055.42044066451,71055.42044066451,2102.715530826327,50,17953.922610547692,16481.67326705782,912.7996113343049,1898.3814089080379,1557.7588658223312,45719.62417247859,0.0,0.0,14341.53516469254,60061.15933717112,0,0.0,9.094947017729282e-13,0.03860275004990399,1,0,0,0,1,0.0,0,no_season,2026,no_season_seed_2026,False
237,2025-08-26,8,2,79645.250031527,79645.250031527,23.812640002000194,20,19632.14972786177,16777.54440756073,11285.638967894629,1557.7588658223312,2497.3667933009933,50220.92149050566,0.0,0.0,165.48418673123294,50386.40567723691,0,0.0,9.094947017729282e-13,0.01404254196677357,1,0,0,0,1,0.0,0,no_season,2026,no_season_seed_2026,False
238,2025-08-27,8,2,72702.53364716328,72702.53364716328,13.036663438237042,10,20376.54572022042,18673.264002565054,3098.1397262794826,2497.3667933009933,2144.906857457496,46641.26104023827,0.0,0.0,87.77585492965001,46729.03689516793,0,0.0,9.094947017729282e-13,0.030784667003899813,1,0,0,0,1,0.0,0,no_season,2026,no_season_seed_2026,False
239,2025-08-28,8,2,75593.38710254285,75593.38710254285,106.57911227925047,30,20075.597590013385,18131.073828396035,2987.6474698714255,2144.906857457496,2078.4610820195535,48194.05288154737,0.0,0.0,718.2017846108217,48912.2546661582,0,0.0,9.094947017729282e-13,0.02940649993252009,1,0,0,0,1,0.0,0,no_season,2026,no_season_seed_2026,False
240,2025-08-29,8,2,41255.05490488275,41255.05490488275,0.0,0,14241.002252522589,12507.608789871698,16966.441092231857,2078.4610820195535,2404.4847803751695,24406.730187310728,0.0,0.0,0.0,24406.730187310735,0,0.0,9.094947017729282e-13,0.07113966706674546,1,0,0,0,1,0.0,0,no_season,2026,no_season_seed_2026,False
241,2025-08-30,8,2,41169.79527445292,41169.79527445292,0.0,0,12348.981976893901,11685.1856784136,21993.279142639287,2404.4847803751695,1802.4905211922908,24197.03380016847,0.0,0.0,0.0,24197.03380016846,0,0.0,8.890665981198254e-13,0.05453787499573082,1,0,0,0,1,0.0,0,no_season,2026,no_season_seed_2026,False
242,2025-08-31,8,2,71136.22770087168,71136.22770087168,107.69783157944573,50,20623.16442538931,18188.855967810603,2162.9939915390855,1802.4905211922908,2194.6045341660524,45685.308580006196,0.0,0.0,727.9166359172995,46413.22521592351,0,0.0,9.094947017729282e-13,0.04042054200544953,1,0,0,0,1,0.0,0,no_season,2026,no_season_seed_2026,False
243,2025-09-01,9,2,77331.15251056952,77331.15251056952,0.0,0,19599.146299094064,13965.949054028784,18123.820732170898,2194.6045341660524,6066.584385296819,48896.65484645107,0.0,0.0,0.0,48896.65484645107,0,0.0,9.094947017729282e-13,0.029231166932731867,1,0,0,0,1,0.0,0,no_season,2026,no_season_seed_2026,False
244,2025-09-02,9,2,72522.0267589406,72522.0267589406,0.0,0,17838.900924332826,16319.051622228368,16944.42160683615,6066.584385296819,5788.260954420139,46708.7609823106,0.0,0.0,0.0,46708.76098231059,0,0.0,8.526512829121202e-13,0.036774958949536085,1,0,0,0,1,0.0,0,no_season,2026,no_season_seed_2026,False
245,2025-09-03,9,2,72155.4486904933,72155.4486904933,0.0,0,15188.394202321098,13665.098389360226,15084.435627532437,5788.260954420139,5792.958404810506,46443.98150077157,0.0,0.0,0.0,46443.98150077156,0,0.0,8.242295734817162e-13,0.036196458037011325,1,0,0,0,1,0.0,0,no_season,2026,no_season_seed_2026,False
246,2025-09-04,9,2,73448.88002455923,73448.88002455923,0.0,0,17527.56781486779,15798.597022311642,17794.343682003087,5792.958404810506,5767.885771003726,47563.91720220505,0.0,0.0,0.0,47563.91720220507,0,0.0,8.810729923425242e-13,0.0402049170807004,1,0,0,0,1,0.0,0,no_season,2026,no_season_seed_2026,False
247,2025-09-05,9,2,38738.08687219175,38738.08687219175,0.0,0,13238.655365805882,11190.042620724711,29865.212460443912,5767.885771003726,6531.836406573992,23746.600741218885,0.0,0.0,0.0,23746.600741218885,0,0.0,9.094947017729282e-13,0.03972929099109024,1,0,0,0,1,0.0,0,no_season,2026,no_season_seed_2026,False
248,2025-09-06,9,2,37598.85712157291,37598.85712157291,0.0,0,14059.521896177399,12154.791978837306,27973.043504232817,6531.836406573992,7057.5942951626375,22955.78593643666,0.0,0.0,0.0,22955.785936436663,0,0.0,7.958078640513122e-13,0.045380915980786085,1,0,0,0,1,0.0,0,no_season,2026,no_season_seed_2026,False
249,2025-09-07,9,2,69350.77358124219,69350.77358124219,0.0,0,15195.445345792077,14907.586377263076,14101.930996046534,7057.5942951626375,5759.283711871831,45420.82635960044,0.0,0.0,0.0,45420.82635960045,0,0.0,9.094947017729282e-13,0.032559665967710316,1,0,0,0,1,0.0,0,no_season,2026,no_season_seed_2026,False
250,2025-09-08,9,2,61128.59084957682,61128.59084957682,551.376851101462,10,14900.263305697727,17301.841808814796,4685.976670462015,5759.283711871831,1657.172035948106,38100.92847458165,0.0,0.0,3846.404913283799,41947.33338786543,0,0.0,9.094947017729282e-13,0.05616504198405892,1,0,0,0,1,0.0,0,no_season,2026,no_season_seed_2026,False
251,2025-09-09,9,2,70269.25774097824,70269.25774097824,9.099616666666634,10,19075.706221094213,16441.7694257161,14541.586295600135,1657.172035948106,2422.829210224634,43356.51586528189,0.0,0.0,60.96743166666645,43417.48329694857,0,0.0,8.846257060213247e-13,0.050824834033846855,1,0,0,0,1,0.0,0,no_season,2026,no_season_seed_2026,False
252,2025-09-10,9,2,63180.57407957162,63180.57407957162,1066.0795988317172,70,20040.423811373512,18335.928823233393,1226.160040263221,2422.829210224634,2107.078533879019,39703.44641958262,0.0,0.0,6451.7164899344625,46155.162909517065,0,0.0,9.094947017729282e-13,0.036078125005587935,1,0,0,0,1,0.0,0,no_season,2026,no_season_seed_2026,False
253,2025-09-11,9,2,70613.74771227027,70613.74771227027,0.0,0,18822.774181467867,16634.934829519945,14929.822576989012,2107.078533879019,2429.169092898071,43613.776369695544,0.0,0.0,0.0,43613.77636969552,0,0.0,8.339995360984176e-13,0.014731083996593952,1,0,0,0,1,0.0,0,no_season,2026,no_season_seed_2026,False
254,2025-09-12,9,2,32796.442015824716,32796.442015824716,0.0,0,13533.598671585498,11785.125508285793,19496.31265252501,2429.169092898071,2845.6550761056237,18390.747393000784,0.0,0.0,0.0,18390.74739300078,0,0.0,8.526512829121202e-13,0.05348429107107222,1,0,0,0,1,0.0,0,no_season,2026,no_season_seed_2026,False
255,2025-09-13,9,2,33008.92224422361,33008.92224422361,0.0,0,13074.58346060424,11795.12501004203,23722.362310328066,2845.6550761056237,2816.14059476528,18306.55938029673,0.0,0.0,0.0,18306.55938029674,0,0.0,8.417710972707937e-13,0.04571870807558298,1,0,0,0,1,0.0,0,no_season,2026,no_season_seed_2026,False
256,2025-09-14,9,2,62148.516127304414,62148.516127304414,0.0,0,18556.810002997,17696.110258688394,1188.4916329958003,2816.14059476528,1767.3382620629804,39069.726474247436,0.0,0.0,0.0,39069.72647424745,0,0.0,9.094947017729282e-13,0.05346983310300857,1,0,0,0,1,0.0,0,no_season,2026,no_season_seed_2026,False
257,2025-09-15,9,2,69962.75812498858,69962.75812498858,1.1717666666665991,10,20125.470557468492,17694.20820612102,12465.636906974447,1767.3382620629804,2208.7029371458584,43032.776510685064,0.0,0.0,7.8936061499995445,43040.67011683506,0,0.0,8.668621376273222e-13,0.04827983397990465,1,0,0,0,1,0.0,0,no_season,2026,no_season_seed_2026,False
258,2025-09-16,9,2,65689.4123835634,65689.4123835634,8.238266666666732,10,18858.96108335787,17186.468060753967,4533.387644292825,2208.7029371458584,1983.7563336055441,41357.59052467908,0.0,0.0,55.3817476666671,41412.97227234574,0,0.0,9.094947017729282e-13,0.03123337496072054,1,0,0,0,1,0.0,0,no_season,2026,no_season_seed_2026,False
259,2025-09-17,9,2,68859.25688600884,68859.25688600884,0.0,0,20273.693761190054,17979.25816670917,6604.702891527944,1983.7563336055441,2265.268845642688,42452.797405597026,0.0,0.0,0.0,42452.79740559704,0,0.0,8.526512829121202e-13,0.042458125040866435,1,0,0,0,1,0.0,0,no_season,2026,no_season_seed_2026,False
260,2025-09-18,9,2,68600.56353733767,68600.56353733767,0.0,0,19243.53665740839,17676.513397208266,8077.48916047089,2265.268845642688,1888.6095260625825,42603.91542620169,0.0,0.0,0.0,42603.91542620167,0,0.0,8.526512829121202e-13,0.032005166984163225,1,0,0,0,1,0.0,0,no_season,2026,no_season_seed_2026,False
261,2025-09-19,9,2,34155.95281759151,34155.95281759151,0.0,0,14665.239331836585,12125.89261347695,15515.253782565209,1888.6095260625825,3019.4640350231166,18886.45253940791,0.0,0.0,0.0,18886.452539407903,0,0.0,8.348877145181177e-13,0.05001141701359302,1,0,0,0,1,0.0,0,no_season,2026,no_season_seed_2026,False
262,2025-09-20,9,2,32951.49281746812,32951.49281746812,0.0,0,13719.184586693595,12632.593353837672,16219.46785127886,3019.4640350231166,2718.7027310139038,18444.3251130593,0.0,0.0,0.0,18444.325113059298,0,0.0,9.094947017729282e-13,0.05091245798394084,1,0,0,0,1,0.0,0,no_season,2026,no_season_seed_2026,False
263,2025-09-21,9,2,69786.00588847997,69786.00588847997,0.0,0,17445.038782046777,16135.42568335518,10188.905306455026,2718.7027310139038,2260.287598791428,43690.7578312185,0.0,0.0,0.0,43690.75783121852,0,0.0,9.094947017729282e-13,0.040710416971705854,1,0,0,0,1,0.0,0,no_season,2026,no_season_seed_2026,False
264,2025-09-22,9,2,67319.43811030532,67319.43811030532,10.906666666666524,10,19905.548805376297,18189.05989279442,4999.835981056787,2260.287598791428,1971.3967028318023,41540.39580854176,0.0,0.0,73.52183999999905,41613.917648541756,0,0.0,9.094947017729282e-13,0.034682500059716403,1,0,0,0,1,0.0,0,no_season,2026,no_season_seed_2026,False
265,2025-09-23,9,2,71420.93309966753,71420.93309966753,10.234366666666688,10,20921.957471340436,18297.56969236752,6690.164104027946,1971.3967028318023,2532.376360566367,44358.507160047884,0.0,0.0,68.57025666666681,44427.07741671454,0,0.0,9.094947017729282e-13,0.057022833032533526,1,0,0,0,1,0.0,0,no_season,2026,no_season_seed_2026,False
266,2025-09-24,9,2,71170.56344797791,71170.56344797791,0.0,0,20278.78638801892,18086.779295801523,7915.331255760504,2532.376360566367,2705.382941110979,44337.18462255606,0.0,0.0,0.0,44337.18462255606,0,0.0,8.881784197001252e-13,0.030690165935084224,1,0,0,0,1,0.0,0,no_season,2026,no_season_seed_2026,False
267,2025-09-25,9,2,69053.77235590601,69053.77235590601,13.554237607917344,10,18754.385326095256,17397.40178934615,7374.894156764814,2705.382941110979,2158.883390706954,43228.30611404786,0.0,0.0,91.26068181410747,43319.566795861974,0,0.0,9.094947017729282e-13,0.05092695797793567,1,0,0,0,1,0.0,0,no_season,2026,no_season_seed_2026,False
268,2025-09-26,9,2,35105.26646453989,35105.26646453989,0.0,0,14279.838618630634,12170.28293183311,15301.467277742362,2158.883390706954,2877.323175970444,19566.93088586514,0.0,0.0,0.0,19566.930885865135,0,0.0,8.455458555545192e-13,0.0483765829121694,1,0,0,0,1,0.0,0,no_season,2026,no_season_seed_2026,False
269,2025-09-27,9,2,33669.3634350775,33669.3634350775,0.0,0,13813.965524764342,13135.75611592213,15189.85177623529,2877.323175970444,2136.0988442264006,18841.941880773087,0.0,0.0,0.0,18841.94188077309,0,0.0,8.810729923425242e-13,0.06278566690161824,1,0,0,0,1,0.0,0,no_season,2026,no_season_seed_2026,False
270,2025-09-28,9,2,71474.99131814626,71474.99131814626,16.603710621977704,20,21180.961218477503,19126.783045209522,5949.787688833581,2136.0988442264006,2068.723410600534,44502.65207505193,0.0,0.0,90.92478180418567,44593.576856856125,0,0.0,8.952838470577262e-13,0.03073404193855822,1,0,0,0,1,0.0,0,no_season,2026,no_season_seed_2026,False
271,2025-09-29,9,2,73702.07712211386,73702.07712211386,18.836363765858096,20,20224.870734748303,18105.887149757087,8842.038300888504,2068.723410600534,2170.4396648180086,45818.81683020787,0.0,0.0,101.11144647927945,45919.928276687126,0,0.0,9.094947017729282e-13,0.025783332996070385,1,0,0,0,1,0.0,0,no_season,2026,no_season_seed_2026,False
272,2025-09-30,9,2,73408.89665845063,73408.89665845063,5.612512368097782,10,21296.65416304655,18909.842741531225,5605.5229826367295,2170.4396648180086,2441.4953540444253,46055.149768172305,0.0,0.0,37.92093981505266,46093.070707987354,0,0.0,9.094947017729282e-13,0.01888612494803965,1,0,0,0,1,0.0,0,no_season,2026,no_season_seed_2026,False
273,2025-10-01,10,2,73271.58335373168,73271.58335373168,0.0,0,18779.04778478176,15135.113716120004,19966.12775173659,2441.4953540444253,4303.053677894601,45758.813528793704,0.0,0.0,0.0,45758.81352879372,0,0.0,8.828493491819245e-13,0.0320924170082435,1,0,0,0,1,0.0,0,no_season,2026,no_season_seed_2026,False
274,2025-10-02,10,2,59586.384931531924,59586.384931531924,0.0,0,19467.528379044677,17605.394847045216,5993.468282865793,4303.053677894601,4213.857097667149,37611.9014856579,0.0,0.0,0.0,37611.90148565791,0,0.0,8.952838470577262e-13,0.05629787500947714,1,0,0,0,1,0.0,0,no_season,2026,no_season_seed_2026,False
275,2025-10-03,10,2,28647.080250675182,28647.080250675182,0.0,0,12828.898375235774,11960.825010143271,19961.853185582673,4213.857097667149,3776.6021430542723,15783.831119214366,0.0,0.0,0.0,15783.831119214368,0,0.0,9.094947017729282e-13,0.04343666706699878,1,0,0,0,1,0.0,0,no_season,2026,no_season_seed_2026,False
276,2025-10-04,10,2,30286.775523332697,30286.775523332697,0.0,0,13683.613132729688,12121.973925512484,15629.153882782162,3776.6021430542723,3980.3349317956886,16904.86820586686,0.0,0.0,0.0,16904.86820586686,0,0.0,8.526512829121202e-13,0.044579540961422026,1,0,0,0,1,0.0,0,no_season,2026,no_season_seed_2026,False
277,2025-10-05,10,2,65897.07177605748,65897.07177605748,0.0,0,18772.704355179485,16979.5444020348,9367.950756246117,3980.3349317956886,3891.6746986640396,41080.12143953797,0.0,0.0,0.0,41080.12143953799,0,0.0,8.810729923425242e-13,0.03406500001437962,1,0,0,0,1,0.0,0,no_season,2026,no_season_seed_2026,False
278,2025-10-06,10,2,65005.2681142889,65005.2681142889,0.0,0,18979.610310005086,17335.172364606886,5627.720918890703,3891.6746986640396,3624.4379020183246,40696.650428940826,0.0,0.0,0.0,40696.65042894082,0,0.0,8.659739592076221e-13,0.03644654096569866,1,0,0,0,1,0.0,0,no_season,2026,no_season_seed_2026,False
279,2025-10-07,10,2,67614.46280245183,67614.46280245183,0.0,0,20011.757852532624,17899.495816985538,7730.637766904741,3624.4379020183246,3741.5330912370105,42209.06864042214,0.0,0.0,0.0,42209.068640422134,0,0.0,9.094947017729282e-13,0.06153741595335305,1,0,0,0,1,0.0,0,no_season,2026,no_season_seed_2026,False
280,2025-10-08,10,2,62896.78527540142,62896.78527540142,0.0,0,19018.722513852605,18350.546514195918,5750.113609078053,3741.5330912370105,2441.103059145431,38574.66883967755,0.0,0.0,0.0,38574.66883967751,0,0.0,8.846257060213247e-13,0.0343697500647977,1,0,0,0,1,0.0,0,no_season,2026,no_season_seed_2026,False
281,2025-10-09,10,2,61603.251664378455,61603.251664378455,0.0,0,20308.04554060914,18963.621121752833,4498.845562188827,2441.103059145431,1717.5948698317986,37352.72989031162,0.0,0.0,0.0,37352.72989031163,0,0.0,8.952838470577262e-13,0.040238625020720065,1,0,0,0,1,0.0,0,no_season,2026,no_season_seed_2026,False
282,2025-10-10,10,2,29708.592077110014,29708.592077110014,51.40294066055005,10,14889.428079698399,13585.102211069323,19112.058232474825,1717.5948698317986,1522.9915288431505,15417.59473898162,0.0,0.0,177.3144438085674,15594.909182790187,0,0.0,8.810729923425242e-13,0.04971570905763656,1,0,0,0,1,0.0,0,no_season,2026,no_season_seed_2026,False
283,2025-10-11,10,2,31695.45133545498,31695.45133545498,0.0,0,15597.118338857223,13322.611932829,15314.631346093422,1522.9915288431505,2276.4511645417647,16543.774663057542,0.0,0.0,0.0,16543.774663057542,0,0.0,7.958078640513122e-13,0.042093916912563145,1,0,0,0,1,0.0,0,no_season,2026,no_season_seed_2026,False
284,2025-10-12,10,2,65173.46346568387,65173.46346568387,20.929933333333338,10,20324.349750016452,18728.116323076447,5083.203988743866,2276.4511645417647,1816.6543609530297,39601.18831739782,0.0,0.0,98.03580773333336,39699.22412513115,0,0.0,9.094947017729282e-13,0.03702041693031788,1,0,0,0,1,0.0,0,no_season,2026,no_season_seed_2026,False
285,2025-10-13,10,2,66319.9648130548,66319.9648130548,0.0,0,21368.61812861517,18917.29914836555,6841.250532805179,1816.6543609530297,2148.121319456774,40260.90128574947,0.0,0.0,0.0,40260.90128574949,0,0.0,8.242295734817162e-13,0.050547000020742416,1,0,0,0,1,0.0,0,no_season,2026,no_season_seed_2026,False
286,2025-10-14,10,2,64941.04309909818,64941.04309909818,366.54295379012194,40,21507.589846750103,19588.008465434228,2614.175388239084,2148.121319456774,1904.4387292454883,39616.23134679579,0.0,0.0,1803.6143235541833,41419.84567034997,0,0.0,9.059419880941277e-13,0.03519016702193767,1,0,0,0,1,0.0,0,no_season,2026,no_season_seed_2026,False
287,2025-10-15,10,2,67799.96533469006,67799.96533469006,0.0,0,21290.072124142127,18793.249815061783,3383.1193756097173,1904.4387292454883,2292.149883665474,41475.83056192704,0.0,0.0,0.0,41475.83056192707,0,0.0,9.094947017729282e-13,0.06483149994164705,1,0,0,0,1,0.0,0,no_season,2026,no_season_seed_2026,False
288,2025-10-16,10,2,66477.03691653635,66477.03691653635,788.7806772216488,40,21870.466034915422,20106.633007308505,2535.5116161510805,2292.149883665474,1846.0436048321624,40566.83766341892,0.0,0.0,5407.145983016461,45973.98364643537,0,0.0,8.881784197001252e-13,0.036970583954826,1,0,0,0,1,0.0,0,no_season,2026,no_season_seed_2026,False
289,2025-10-17,10,2,31503.241257446352,31503.241257446352,0.0,0,14892.019496628087,13537.77270117131,14144.795145322907,1846.0436048321624,1703.788381742058,16660.99606597408,0.0,0.0,0.0,16660.996065974075,0,0.0,8.526512829121202e-13,0.05426699994131923,1,0,0,0,1,0.0,0,no_season,2026,no_season_seed_2026,False
290,2025-10-18,10,2,31935.535272858382,31935.535272858382,0.0,0,15311.357425430966,12976.388414935016,13523.972995695767,1703.788381742058,2551.1030436578717,16917.851260840867,0.0,0.0,0.0,16917.85126084087,0,0.0,9.094947017729282e-13,0.05108804104384035,1,0,0,0,1,0.0,0,no_season,2026,no_season_seed_2026,False
291,2025-10-19,10,2,67599.3804872047,67599.3804872047,652.3334545875975,60,21894.39280121652,20356.953823206557,2828.552430449001,2551.1030436578717,1863.834380394268,41229.04635235894,0.0,0.0,3828.233081884099,45057.27943424303,0,0.0,8.93507490218326e-13,0.06011204200331122,1,0,0,0,1,0.0,0,no_season,2026,no_season_seed_2026,False
292,2025-10-20,10,2,70019.90679252126,70019.90679252126,614.4518506368771,60,21816.605468575606,19506.06602413235,3883.0368320482007,1863.834380394268,1999.6846666283932,43086.04078238194,0.0,0.0,2956.4242460345467,46042.4650284165,0,0.0,9.054978988842777e-13,0.04550691694021225,1,0,0,0,1,0.0,0,no_season,2026,no_season_seed_2026,False
293,2025-10-21,10,2,71260.16716581015,71260.16716581015,0.0,0,20633.544239991836,18331.107105761148,2495.1486815794697,1999.6846666283932,2251.699971127586,44061.05496503163,0.0,0.0,0.0,44061.05496503164,0,0.0,9.094947017729282e-13,0.015409542014822364,1,0,0,0,1,0.0,0,no_season,2026,no_season_seed_2026,False
294,2025-10-22,10,2,72728.0341974959,72728.0341974959,274.5769701280691,40,21459.677369752688,19283.525211246844,5271.562309118128,2251.699971127586,2283.5171450913376,44683.31206343319,0.0,0.0,1349.1330257027466,46032.44508913595,0,0.0,9.094947017729282e-13,0.015103874960914254,1,0,0,0,1,0.0,0,no_season,2026,no_season_seed_2026,False
295,2025-10-23,10,2,70478.56636954949,70478.56636954949,0.0,0,20793.73633743386,18783.19825230974,5088.531251092035,2283.5171450913376,2210.958105883301,43442.80469051375,0.0,0.0,0.0,43442.804690513745,0,0.0,8.668621376273222e-13,0.04467833403032273,1,0,0,0,1,0.0,0,no_season,2026,no_season_seed_2026,False
296,2025-10-24,10,2,30986.170332729576,30986.170332729576,99.73358056579974,20,15336.362712725086,14381.688712926458,11711.179196830082,2210.958105883301,1600.6782868292396,16375.516453584276,0.0,0.0,579.9759375664477,16955.492391150725,0,0.0,8.526512829121202e-13,0.059884667047299445,1,0,0,0,1,0.0,0,no_season,2026,no_season_seed_2026,False
297,2025-10-25,10,2,32856.703870290716,32856.703870290716,0.0,0,15744.256451193205,13803.631863346898,11517.646549111078,1600.6782868292396,1986.6858654168477,17337.488921160646,0.0,0.0,0.0,17337.488921160642,0,0.0,9.094947017729282e-13,0.052893790998496115,1,0,0,0,1,0.0,0,no_season,2026,no_season_seed_2026,False
298,2025-10-26,10,2,71460.32305638504,71460.32305638504,0.0,0,21647.158646052616,18976.613623255173,4245.466016920938,1986.6858654168477,2519.8766143544844,43945.8172175201,0.0,0.0,0.0,43945.81721752012,0,0.0,8.526512829121202e-13,0.05623708292841911,1,0,0,0,1,0.0,0,no_season,2026,no_season_seed_2026,False
299,2025-10-27,10,2,72015.18315276927,72015.18315276927,19.744933333333393,10,20865.374126342595,19107.499706131333,6724.471999224679,2519.8766143544844,2173.435401466704,44438.27752358819,0.0,0.0,92.4852677333336,44530.76279132151,0,0.0,9.094947017729282e-13,0.02426462492439896,1,0,0,0,1,0.0,0,no_season,2026,no_season_seed_2026,False
300,2025-10-28,10,2,72380.68992880122,72380.68992880122,0.0,0,21830.249291824195,19485.327152976402,4063.346089953435,2173.435401466704,2344.0900445895036,44710.54024490434,0.0,0.0,0.0,44710.54024490435,0,0.0,8.966161146872764e-13,0.035028417012654245,1,0,0,0,1,0.0,0,no_season,2026,no_season_seed_2026,False
301,2025-10-29,10,2,73720.58766750181,73720.58766750181,0.0,0,21509.303525157728,19402.512149038026,2301.5394913821033,2344.0900445895036,2297.56347825617,46013.55921743319,0.0,0.0,0.0,46013.5592174332,0,0.0,9.094947017729282e-13,0.021076375036500394,1,0,0,0,1,0.0,0,no_season,2026,no_season_seed_2026,False
302,2025-10-30,10,2,72995.79159798124,72995.79159798124,3.6418333333332384,10,20095.767714642152,18427.58057680793,6543.428643480344,2297.56347825617,1937.7072076424424,45088.25469319416,0.0,0.0,17.05834733333289,45105.313040527515,0,0.0,9.094947017729282e-13,0.030496541992761195,1,0,0,0,1,0.0,0,no_season,2026,no_season_seed_2026,False
303,2025-10-31,10,2,32734.79971347774,32734.79971347774,0.0,0,16021.994946658157,14454.47792191941,7262.990622072326,1937.7072076424424,1901.1486743591593,17495.807067199697,0.0,0.0,0.0,17495.8070671997,0,0.0,8.499867476530198e-13,0.06002074992284179,1,0,0,0,1,0.0,0,no_season,2026,no_season_seed_2026,False
304,2025-11-01,11,2,33151.58607801075,33151.58607801075,0.0,0,16102.658772239345,14124.15107611072,8629.039948548785,1901.1486743591593,2289.309633513184,17682.474685153014,0.0,0.0,0.0,17682.474685153007,0,0.0,9.094947017729282e-13,0.05624599999282509,1,0,0,0,1,0.0,0,no_season,2026,no_season_seed_2026,False
305,2025-11-02,11,2,73820.41810341433,73820.41810341433,64.9456748246804,10,22174.382819940343,20597.349299332047,3511.946324297378,2289.309633513184,1614.263743381321,45512.28560681179,0.0,0.0,453.0610275769704,45965.34663438877,0,0.0,9.094947017729282e-13,0.015880583901889622,1,0,0,0,1,0.0,0,no_season,2026,no_season_seed_2026,False
306,2025-11-03,11,2,75804.12824223007,75804.12824223007,0.0,0,20229.348241952568,17649.578367878847,3719.4280848230346,1614.263743381321,2201.2194229244587,47160.82231872955,0.0,0.0,0.0,47160.822318729544,0,0.0,8.715250743307479e-13,0.015501958085224032,1,0,0,0,1,0.0,0,no_season,2026,no_season_seed_2026,False
307,2025-11-04,11,2,76001.61433626403,76001.61433626403,33.599549999999795,20,20839.88064922171,19208.996351562906,6824.257555271897,2201.2194229244587,1723.6061159394233,46850.72131119688,0.0,0.0,155.81717803333237,47006.538489230195,0,0.0,9.094947017729282e-13,0.01567187497857958,1,0,0,0,1,0.0,0,no_season,2026,no_season_seed_2026,False
308,2025-11-05,11,2,75858.65198242782,75858.65198242782,3.227683333333289,10,22256.721351740198,19422.407516503146,3349.545763857434,1723.6061159394233,2365.1707996581663,47297.979344604224,0.0,0.0,13.880652174999808,47311.85999677923,0,0.0,8.810729923425242e-13,0.015801875037141144,1,0,0,0,1,0.0,0,no_season,2026,no_season_seed_2026,False
309,2025-11-06,11,2,73881.4580293643,73881.4580293643,990.433482314028,70,21337.124597003123,19908.455900716464,2073.63826539167,2365.1707996581663,1621.9894188301541,45758.77683416615,0.0,0.0,4783.9119529730515,50542.68878713921,0,0.0,8.810729923425242e-13,0.019072750001214445,1,0,0,0,1,0.0,0,no_season,2026,no_season_seed_2026,False
310,2025-11-07,11,2,34368.46086274844,34368.46086274844,0.0,0,17342.426452322652,15250.516353788858,8958.088980881319,1621.9894188301541,1999.0040179450677,18287.88675231386,0.0,0.0,0.0,18287.886752313865,0,0.0,9.094947017729282e-13,0.04504866700153798,1,0,0,0,1,0.0,0,no_season,2026,no_season_seed_2026,False
311,2025-11-08,11,2,33249.32374158865,33249.32374158865,0.0,0,16153.51346139062,14669.742292859206,7974.345473057236,1999.0040179450677,1860.3063325551868,17435.26950597803,0.0,0.0,0.0,17435.269505978038,0,0.0,8.526512829121202e-13,0.05528616707306355,1,0,0,0,1,0.0,0,no_season,2026,no_season_seed_2026,False
312,2025-11-09,11,2,75987.07149172017,75987.07149172017,0.0,0,22852.856324947057,20622.127180280775,2409.525163720548,1860.3063325551868,1802.7987449961608,47127.90061344051,0.0,0.0,0.0,47127.900613440535,0,0.0,9.094947017729282e-13,0.01584145810920745,1,0,0,0,1,0.0,0,no_season,2026,no_season_seed_2026,False
313,2025-11-10,11,2,78386.3964941229,78386.3964941229,0.0,0,23526.597860655584,21183.589227594035,2184.944761061364,1802.7987449961608,1792.6255364830154,48589.87047909555,0.0,0.0,0.0,48589.87047909557,0,0.0,9.094947017729282e-13,0.019155333051458,1,0,0,0,1,0.0,0,no_season,2026,no_season_seed_2026,False
314,2025-11-11,11,2,79650.87077179036,79650.87077179036,2.0516666666667334,10,22206.705271325198,19733.25260565629,5620.4501061214505,1792.6255364830154,2059.0813063440864,49706.20318838713,0.0,0.0,8.985274166666958,49715.188462553815,0,0.0,8.384404281969182e-13,0.015312082949094474,1,0,0,0,1,0.0,0,no_season,2026,no_season_seed_2026,False
315,2025-11-12,11,2,78218.77485524153,78218.77485524153,11.773333333333312,10,22145.71618173029,19847.680995796552,4976.5252526411205,2059.0813063440864,2147.059631599973,48747.701170467895,0.0,0.0,51.56131333333324,48799.26248380123,0,0.0,9.023892744153272e-13,0.014644832932390273,1,0,0,0,1,0.0,0,no_season,2026,no_season_seed_2026,False
316,2025-11-13,11,2,76815.77940411834,76815.77940411834,12.724722131212616,20,22045.560228356946,20144.59118994694,2531.663771172887,2147.059631599973,1827.05085201088,47896.9820271595,0.0,0.0,84.15951918733944,47981.14154634683,0,0.0,9.094947017729282e-13,0.023955417098477483,1,0,0,0,1,0.0,0,no_season,2026,no_season_seed_2026,False
317,2025-11-14,11,2,34897.10426687708,34897.10426687708,0.0,0,16702.21253627612,14670.488942860648,5266.925373461606,1827.05085201088,2208.1077764141373,18729.281581420106,0.0,0.0,0.0,18729.281581420102,0,0.0,8.526512829121202e-13,0.07171325001399964,1,0,0,0,1,0.0,0,no_season,2026,no_season_seed_2026,False
318,2025-11-15,11,2,33794.58854267067,33794.58854267067,0.0,0,16746.767322178795,15454.711575651538,4290.645879476748,2208.1077764141373,1804.7898446271233,18033.79845317777,0.0,0.0,0.0,18033.798453177777,0,0.0,9.094947017729282e-13,0.04793733393307775,1,0,0,0,1,0.0,0,no_season,2026,no_season_seed_2026,False
319,2025-11-16,11,2,79674.52633389263,79674.52633389263,0.0,0,23362.83574431835,21094.521660650353,2971.667866891319,1804.7898446271233,1733.1437105552832,49817.405899676705,0.0,0.0,0.0,49817.40589967671,0,0.0,9.059419880941277e-13,0.019766999990679324,1,0,0,0,1,0.0,0,no_season,2026,no_season_seed_2026,False
320,2025-11-17,11,2,81529.75016765983,81529.75016765983,0.0,0,22320.01750931688,19555.28185967501,6069.260184684639,1733.1437105552832,2294.6945461238124,51203.1591780207,0.0,0.0,0.0,51203.15917802072,0,0.0,9.094947017729282e-13,0.015304374974220991,1,0,0,0,1,0.0,0,no_season,2026,no_season_seed_2026,False
321,2025-11-18,11,2,79824.1154290321,79824.1154290321,0.0,0,21637.04924930302,19522.460157354024,2818.9745037497737,2294.6945461238124,2242.921912324696,50341.9610703511,0.0,0.0,0.0,50341.961070351084,0,0.0,9.094947017729282e-13,0.019903333042748272,1,0,0,0,1,0.0,0,no_season,2026,no_season_seed_2026,False
322,2025-11-19,11,2,80908.00180283116,80908.00180283116,528.6140608024277,50,23667.28968346453,21602.57737656014,4003.5919567291967,2242.921912324696,1924.5683984990692,50472.14093723709,0.0,0.0,2564.5310415246404,53036.67197876173,0,0.0,9.094947017729282e-13,0.015574833960272372,1,0,0,0,1,0.0,0,no_season,2026,no_season_seed_2026,False
323,2025-11-20,11,2,80150.70152799021,80150.70152799021,0.0,0,21399.61482123248,19490.751186122245,3448.7618595466433,1924.5683984990692,1680.9698788583096,50384.41255147868,0.0,0.0,0.0,50384.4125514787,0,0.0,9.094947017729282e-13,0.015456791035830975,1,0,0,0,1,0.0,0,no_season,2026,no_season_seed_2026,False
324,2025-11-21,11,2,35258.57056487672,35258.57056487672,0.0,0,17372.078424197214,15276.504917147004,4298.612991159841,1680.9698788583096,2058.720457335775,19002.03972720378,0.0,0.0,0.0,19002.039727203784,0,0.0,8.526512829121202e-13,0.05306404200382531,1,0,0,0,1,0.0,0,no_season,2026,no_season_seed_2026,False
325,2025-11-22,11,2,34861.46026868643,34861.46026868643,0.0,0,17093.172346081054,15592.491026329895,3140.9494656019397,2058.720457335775,1838.7988931154762,18610.11764706828,0.0,0.0,0.0,18610.11764706829,0,0.0,9.094947017729282e-13,0.048538500093854964,1,0,0,0,1,0.0,0,no_season,2026,no_season_seed_2026,False
326,2025-11-23,11,2,81971.22496038332,81971.22496038332,0.0,0,23223.480445219277,20855.899010005523,4371.547241836235,1838.7988931154762,1886.4790734082842,51522.55162804127,0.0,0.0,0.0,51522.551628041285,0,0.0,9.094947017729282e-13,0.015181915950961411,1,0,0,0,1,0.0,0,no_season,2026,no_season_seed_2026,False
327,2025-11-24,11,2,81432.76533554852,81432.76533554852,18.839666666666517,10,21204.77942352249,19328.088993254576,5412.970871947281,1886.4790734082842,1629.504472310844,51101.41300556909,0.0,0.0,88.24499866666596,51189.658004235745,0,0.0,9.094947017729282e-13,0.024275042000226676,1,0,0,0,1,0.0,0,no_season,2026,no_season_seed_2026,False
328,2025-11-25,11,2,81424.22504046705,81424.22504046705,0.0,0,23275.687045320054,20637.265865689762,2617.1433941700707,1629.504472310844,1957.171751514638,51078.960337835226,0.0,0.0,0.0,51078.96033783522,0,0.0,9.094947017729282e-13,0.01979479193687439,1,0,0,0,1,0.0,0,no_season,2026,no_season_seed_2026,False
329,2025-11-26,11,2,83310.61057989942,83310.61057989942,32.99316666666664,10,23675.775264402462,20854.39459257348,3764.5561914037753,1957.171751514638,2435.5222677736215,52351.75379255585,0.0,0.0,154.53999266666654,52506.293785222515,0,0.0,9.094947017729282e-13,0.020162457949481905,1,0,0,0,1,0.0,0,no_season,2026,no_season_seed_2026,False
330,2025-11-27,11,2,81523.91130442687,81523.91130442687,0.0,0,22770.194712906436,20973.186466545623,3946.010324732725,2435.5222677736215,1929.5460100317307,51135.55271483487,0.0,0.0,0.0,51135.55271483488,0,0.0,9.059419880941277e-13,0.015100833028554916,1,0,0,0,1,0.0,0,no_season,2026,no_season_seed_2026,False
331,2025-11-28,11,2,36456.994556007485,36456.994556007485,0.0,0,17766.849384807218,15911.373129154515,3680.279750354786,1929.5460100317307,2012.5993507344606,19644.106685283252,0.0,0.0,0.0,19644.106685283256,0,0.0,6.821210263296962e-13,0.04621749999932945,1,0,0,0,1,0.0,0,no_season,2026,no_season_seed_2026,False
332,2025-11-29,11,2,35967.375694740345,35967.375694740345,218.83818293823506,20,16798.444760157763,15790.101208033346,248.42022555416213,2012.5993507344606,1304.7752272664347,19163.737253697353,0.0,0.0,1270.9478627344333,20434.68511643178,0,0.0,8.952838470577262e-13,0.08982941706199199,1,0,0,0,1,0.0,0,no_season,2026,no_season_seed_2026,False
333,2025-11-30,11,2,86478.13216561201,86478.13216561201,6.062833333333401,10,25769.457333994018,22773.006332594385,3242.91588087904,1304.7752272664347,1746.972606373132,54097.061851792634,0.0,0.0,28.398311333333652,54125.46016312599,0,0.0,9.094947017729282e-13,0.013059291057288647,1,0,0,0,1,0.0,0,no_season,2026,no_season_seed_2026,False
334,2025-12-01,12,2,84344.17809386665,84344.17809386665,4728.343281235028,170,24816.385179257355,22588.739959292347,545.948421803352,1746.972606373132,1479.2401623818996,53016.200036557915,0.0,0.0,23874.16942719031,76890.36946374824,0,0.0,9.07718344933528e-13,0.013025833992287517,1,0,0,0,1,0.0,0,no_season,2026,no_season_seed_2026,False
335,2025-12-02,12,2,87559.06479985919,87559.06479985919,3679.674221951103,150,24756.854010557698,22196.23811247915,40.31317373174659,1479.2401623818996,1568.764766849268,55191.7818514351,0.0,0.0,18655.493723866166,73847.27557530125,0,0.0,9.094947017729282e-13,0.015312457922846079,1,0,0,0,1,0.0,0,no_season,2026,no_season_seed_2026,False
336,2025-12-03,12,2,89439.02181081471,89439.02181081471,967.3734578348007,70,25626.040075168683,22820.000721814988,437.60734862914046,1568.764766849268,1825.368152127654,56522.98689221538,0.0,0.0,4761.926916151109,61284.91380836648,0,0.0,9.094947017729282e-13,0.015337457996793091,1,0,0,0,1,0.0,0,no_season,2026,no_season_seed_2026,False
337,2025-12-04,12,2,90143.30665706884,90143.30665706884,2503.2047071488305,130,25483.638321719318,22234.309878645567,2625.974171143926,1825.368152127654,2564.2497286688067,57188.04837913104,0.0,0.0,12225.423870351819,69413.47224948287,0,0.0,9.094947017729282e-13,0.01493145793210715,1,0,0,0,1,0.0,0,no_season,2026,no_season_seed_2026,False
338,2025-12-05,12,2,42394.44889318728,42394.44889318728,881.1365120997575,70,19503.21711762246,17798.991977327772,259.7325816590104,2564.2497286688067,2304.8411652701716,23037.8867204792,0.0,0.0,4551.213283860134,27589.100004339332,0,0.0,9.094947017729282e-13,0.03460091690067202,1,0,0,0,1,0.0,0,no_season,2026,no_season_seed_2026,False
339,2025-12-06,12,2,41017.689360825694,41017.689360825694,3576.0637294588887,170,16886.838210350164,15962.797760220274,5.0818234880222235,2304.8411652701716,1498.8362820004636,21694.783368852823,0.0,0.0,21748.242429815564,43443.02579866839,0,0.0,8.455458555545192e-13,0.040241625043563545,1,0,0,0,1,0.0,0,no_season,2026,no_season_seed_2026,False
340,2025-12-07,12,2,87476.00212020466,87476.00212020466,3114.967758550211,140,25087.481521068275,22655.685047258175,506.492154944778,1498.8362820004636,1417.7220909370687,55039.766327583646,0.0,0.0,16603.881735226376,71643.64806281004,0,0.0,9.094947017729282e-13,0.015761250047944486,1,0,0,0,1,0.0,0,no_season,2026,no_season_seed_2026,False
341,2025-12-08,12,2,92430.10573717183,92430.10573717183,0.0,0,25807.549548616436,23065.82040625842,1841.165478147158,1417.7220909370687,1587.403783264916,58397.27837216549,0.0,0.0,0.0,58397.2783721655,0,0.0,9.094947017729282e-13,0.014825624995864928,1,0,0,0,1,0.0,0,no_season,2026,no_season_seed_2026,False
342,2025-12-09,12,2,94520.33109900988,94520.33109900988,72.78692478227424,20,25617.04613430138,22759.969393932057,4347.587016756176,1587.403783264916,1898.7533427503129,60055.87678574142,0.0,0.0,423.95764127153143,60479.834427012946,0,0.0,9.094947017729282e-13,0.015470875077880919,1,0,0,0,1,0.0,0,no_season,2026,no_season_seed_2026,False
343,2025-12-10,12,2,91991.84033733883,91991.84033733883,42.23035531575522,10,25346.050670361976,23062.25724282039,1362.6587984463163,1898.7533427503129,1634.3746612556415,58246.85892116751,0.0,0.0,197.80698429899743,58444.66590546649,0,0.0,9.094947017729282e-13,0.01420470792800188,1,0,0,0,1,0.0,0,no_season,2026,no_season_seed_2026,False
344,2025-12-11,12,2,93514.89145930676,93514.89145930676,36.84980685825735,20,24654.5280187916,21853.136797170646,4789.095344544061,1634.3746612556415,1988.4848479028815,59424.04209588987,0.0,0.0,191.32081262572433,59615.36290851559,0,0.0,9.094947017729282e-13,0.014373208046890795,1,0,0,0,1,0.0,0,no_season,2026,no_season_seed_2026,False
345,2025-12-12,12,2,45368.755125091106,45368.755125091106,0.0,0,19742.558849178968,18256.34852700826,168.13131958707004,1988.4848479028815,1474.0396544962962,23726.463091401572,0.0,0.0,0.0,23726.463091401576,0,0.0,9.094947017729282e-13,0.060131374979391694,1,0,0,0,1,0.0,0,no_season,2026,no_season_seed_2026,False
346,2025-12-13,12,2,48685.15655428756,48685.15655428756,0.0,0,20731.249570200038,18188.923054103543,2344.2966548577388,1474.0396544962962,1968.621523957549,25206.851239702035,0.0,0.0,0.0,25206.851239702046,0,0.0,7.993605777301127e-13,0.03255879203788936,1,0,0,0,1,0.0,0,no_season,2026,no_season_seed_2026,False
347,2025-12-14,12,2,93562.32522207333,93562.32522207333,3.1108993636289597,10,25082.447843617636,22856.790607047245,2561.057084866573,1968.621523957549,1670.7480941500728,59575.32122254626,0.0,0.0,14.571452619238045,59589.892675165494,0,0.0,9.094947017729282e-13,0.014456499950028956,1,0,0,0,1,0.0,0,no_season,2026,no_season_seed_2026,False
348,2025-12-15,12,2,92945.97402056439,92945.97402056439,7.849044328556602,20,25972.81328981387,23707.638515310835,1219.090323723246,1670.7480941500728,1320.6770481426083,58766.45315890367,0.0,0.0,54.061907528047634,58820.51506643169,0,0.0,9.094947017729282e-13,0.01475691597443074,1,0,0,0,1,0.0,0,no_season,2026,no_season_seed_2026,False
349,2025-12-16,12,2,95210.89158248281,95210.89158248281,0.0,0,25938.628700357804,22814.613778042738,2668.785326834416,1320.6770481426083,1879.5063786143367,60589.92904181624,0.0,0.0,0.0,60589.92904181621,0,0.0,8.526512829121202e-13,0.013641959056258202,1,0,0,0,1,0.0,0,no_season,2026,no_season_seed_2026,False
350,2025-12-17,12,2,93364.46131641584,93364.46131641584,26.293235518788833,20,25353.60553643819,22814.722981597697,2660.0249304274503,1879.5063786143367,1883.2188938487839,59135.2586718752,0.0,0.0,152.70338376633828,59287.96205564153,0,0.0,9.094947017729282e-13,0.01483025006018579,1,0,0,0,1,0.0,0,no_season,2026,no_season_seed_2026,False
351,2025-12-18,12,2,92632.88740083022,92632.88740083022,370.6538980750237,40,26298.359690528814,23473.347455242845,2812.2620969526183,1883.2188938487839,2088.952742683441,58730.90402147004,0.0,0.0,1824.3831959993456,60555.2872174694,0,0.0,9.094947017729282e-13,0.014570833998732269,1,0,0,0,1,0.0,0,no_season,2026,no_season_seed_2026,False
352,2025-12-19,12,2,46832.93894269829,46832.93894269829,0.0,0,19459.493658209503,18113.3534985108,2578.407482999588,2088.952742683441,1456.698325055536,24573.68671904535,0.0,0.0,0.0,24573.68671904536,0,0.0,9.094947017729282e-13,0.07773045799694955,1,0,0,0,1,0.0,0,no_season,2026,no_season_seed_2026,False
353,2025-12-20,12,2,48254.59386327351,48254.59386327351,0.0,0,20749.770843774637,18397.9826062676,3046.4533757664753,1456.698325055536,1748.4829002645758,25135.391679334225,0.0,0.0,0.0,25135.39167933422,0,0.0,9.094947017729282e-13,0.03435733390506357,1,0,0,0,1,0.0,0,no_season,2026,no_season_seed_2026,False
354,2025-12-21,12,2,93539.6629882602,93539.6629882602,55.923633886146376,20,24978.244783262133,22502.05082036508,2081.6107925826277,1748.4829002645758,1725.6823350247212,59677.91870233933,0.0,0.0,280.09482633731216,59958.01352867666,0,0.0,9.094947017729282e-13,0.013994666980579495,1,0,0,0,1,0.0,0,no_season,2026,no_season_seed_2026,False
355,2025-12-22,12,2,93502.2689778516,93502.2689778516,247.19229115037837,90,25616.52901165143,23376.839024110595,2572.344198127812,1725.6823350247212,1386.3036253057608,59321.975389961335,0.0,0.0,1362.7381753125367,60684.71356527388,0,0.0,9.094947017729282e-13,0.015436791931279004,1,0,0,0,1,0.0,0,no_season,2026,no_season_seed_2026,False
356,2025-12-23,12,2,95148.66495666782,95148.66495666782,0.0,0,25295.65453758729,22122.40048477958,4717.318370526789,1386.3036253057608,2064.810984264981,60446.27245028105,0.0,0.0,0.0,60446.27245028106,0,0.0,9.094947017729282e-13,0.015044332947582006,1,0,0,0,1,0.0,0,no_season,2026,no_season_seed_2026,False
357,2025-12-24,12,2,92192.1790424908,92192.1790424908,55.74929543464282,10,26202.137650044177,23921.63479914319,2112.866170357776,2064.810984264981,1706.7242394034308,58282.56945981921,0.0,0.0,323.8197825321228,58606.38924235133,0,0.0,9.094947017729282e-13,0.014843374956399202,1,0,0,0,1,0.0,0,no_season,2026,no_season_seed_2026,False
358,2025-12-25,12,2,93241.96999325827,93241.96999325827,58.855332718078216,10,24864.515449004844,22195.558340284337,2819.4196839224987,1706.7242394034308,1899.1019951782644,59396.86449704195,0.0,0.0,275.67837845147835,59672.542875493426,0,0.0,9.094947017729282e-13,0.01526220899540931,1,0,0,0,1,0.0,0,no_season,2026,no_season_seed_2026,False
359,2025-12-26,12,2,47060.49338419667,47060.49338419667,0.0,0,20499.507012081493,18278.963910195886,1832.3278489777344,1899.1019951782644,2078.922174397196,24680.500700124136,0.0,0.0,0.0,24680.500700124136,0,0.0,8.837375276016246e-13,0.032475915970280766,1,0,0,0,1,0.0,0,no_season,2026,no_season_seed_2026,False
360,2025-12-27,12,2,47404.58227572306,47404.58227572306,0.0,0,19864.513471804057,17961.193137065635,2162.452874317977,2078.922174397196,1991.2943932263713,24744.80857693434,0.0,0.0,0.0,24744.808576934338,0,0.0,9.094947017729282e-13,0.06836458295583725,1,0,0,0,1,0.0,0,no_season,2026,no_season_seed_2026,False
361,2025-12-28,12,2,93519.4612222218,93519.4612222218,57.24286710063802,20,24080.058260427548,21896.041957467292,4583.43303636217,1991.2943932263713,1755.188704907854,59487.04700545058,0.0,0.0,333.60768889214796,59820.654694342724,0,0.0,9.094947017729282e-13,0.014094125013798475,1,0,0,0,1,0.0,0,no_season,2026,no_season_seed_2026,False
362,2025-12-29,12,2,92507.56572042115,92507.56572042115,0.0,0,24575.00958840675,22458.400092333693,2867.1899576814153,1755.188704907854,1395.8575524904643,58742.47966940656,0.0,0.0,0.0,58742.479669406544,0,0.0,9.023892744153272e-13,0.015024750027805567,1,0,0,0,1,0.0,0,no_season,2026,no_season_seed_2026,False
363,2025-12-30,12,2,93709.82954658651,93709.82954658651,39.80742220063689,20,24902.008181786798,21883.28377455136,4506.509961551705,1395.8575524904643,1952.9703320058582,59241.90023507357,0.0,0.0,232.44112775402675,59474.341362827574,0,0.0,9.094947017729282e-13,0.015017042052932084,1,0,0,0,1,0.0,0,no_season,2026,no_season_seed_2026,False
364,2025-12-31,12,2,91578.0134495762,91578.0134495762,0.0,0,26020.197428747397,23850.01898998591,761.4120774813905,1952.9703320058582,1497.769629094082,58119.14752134587,0.0,0.0,0.0,58119.14752134589,0,0.0,9.094947017729282e-13,0.015149333979934454,1,0,0,0,1,0.0,0,no_season,2026,no_season_seed_2026,False
31,2025-02-01,2,2,45146.158843085046,45146.158843085046,0.0,0,19161.98753849157,16091.742792469198,7697.738163729346,1421.7991105135516,2638.270397132284,23267.37121565206,0.0,0.0,0.0,23267.37121565207,0,0.0,9.023892744153272e-13,0.037602457916364074,1,0,0,0,1,0.0,0,no_season,3407,no_season_seed_3407,False
32,2025-02-02,2,2,89066.89148673535,89066.89148673535,0.0,0,21756.654697990623,19746.91850936741,8700.877348112132,2638.270397132284,2463.3655774555577,56126.676552177334,0.0,0.0,0.0,56126.676552177334,0,0.0,9.094947017729282e-13,0.014009625068865716,1,0,0,0,1,0.0,0,no_season,3407,no_season_seed_3407,False
33,2025-02-03,2,2,87061.49843843309,87061.49843843309,0.0,0,22571.488961254385,20422.192118898565,4695.285096077268,2463.3655774555577,2349.679530709238,54596.3044590326,0.0,0.0,0.0,54596.30445903262,0,0.0,9.023892744153272e-13,0.024041541968472302,1,0,0,0,1,0.0,0,no_season,3407,no_season_seed_3407,False
34,2025-02-04,2,2,89597.43218614318,89597.43218614318,0.0,0,23499.401027310585,21031.061340880817,5934.228549713423,2349.679530709238,2474.4836502104654,56181.85951218338,0.0,0.0,0.0,56181.85951218338,0,0.0,9.094947017729282e-13,0.013285291031934321,1,0,0,0,1,0.0,0,no_season,3407,no_season_seed_3407,False
35,2025-02-05,2,2,90811.50053064973,90811.50053064973,0.0,0,22592.631769567226,20529.535187405614,7999.976965154796,2474.4836502104654,2267.7059034131685,57401.192091440906,0.0,0.0,0.0,57401.19209144091,0,0.0,9.094947017729282e-13,0.014667541021481156,1,0,0,0,1,0.0,0,no_season,3407,no_season_seed_3407,False
36,2025-02-06,2,2,90476.88888162046,90476.88888162046,0.0,0,21541.90799536774,19326.852234018614,7990.775903604666,2267.7059034131685,2331.863206421897,57060.337066586064,0.0,0.0,0.0,57060.33706658605,0,0.0,9.094947017729282e-13,0.013340916950255632,1,0,0,0,1,0.0,0,no_season,3407,no_season_seed_3407,False
37,2025-02-07,2,2,43069.46956136149,43069.46956136149,0.0,0,18100.696934927713,16603.730302979377,9766.823262746493,2331.863206421897,2001.8236008044605,22179.945872493827,0.0,0.0,0.0,22179.94587249383,0,0.0,8.988365607365267e-13,0.034387667081318796,1,0,0,0,1,0.0,0,no_season,3407,no_season_seed_3407,False
38,2025-02-08,2,2,38004.75979957644,38004.75979957644,0.0,0,17834.59404574632,16001.105540526207,4594.108577689658,2001.8236008044605,2054.558903247637,19708.605733390326,0.0,0.0,0.0,19708.605733390326,0,0.0,9.094947017729282e-13,0.04352954204659909,1,0,0,0,1,0.0,0,no_season,3407,no_season_seed_3407,False
39,2025-02-09,2,2,82818.16591914272,82818.16591914272,108.34919709281395,10,24738.88773673549,22562.47762507447,1194.6890379078354,2054.558903247637,1740.988860827974,51446.590676190084,0.0,0.0,432.85504238579176,51879.44571857585,0,0.0,9.094947017729282e-13,0.07215308398008347,1,0,0,0,1,0.0,0,no_season,3407,no_season_seed_3407,False
40,2025-02-10,2,2,85992.54052223449,85992.54052223449,0.5796298041316277,10,20311.051755609227,18332.77331529332,9688.204128389378,1740.988860827974,1685.3045925863269,53518.110481542906,0.0,0.0,2.63702579389684,53520.74750733681,0,0.0,9.094947017729282e-13,0.014384750043973327,1,0,0,0,1,0.0,0,no_season,3407,no_season_seed_3407,False
41,2025-02-11,2,2,81053.5796324519,81053.5796324519,0.0,0,23664.587736788977,21305.002328450963,3473.3970907805415,1685.3045925863269,1678.0594293637755,50102.94885243264,0.0,0.0,0.0,50102.94885243264,0,0.0,8.57980353430321e-13,0.026632499997504056,1,0,0,0,1,0.0,0,no_season,3407,no_season_seed_3407,False
42,2025-02-12,2,2,83107.00223825485,83107.00223825485,0.0,0,22059.28824915526,19749.82185635119,5530.799712117438,1678.0594293637755,1787.1976086711466,51572.173334541214,0.0,0.0,0.0,51572.17333454121,0,0.0,9.094947017729282e-13,0.018258541938848794,1,0,0,0,1,0.0,0,no_season,3407,no_season_seed_3407,False
43,2025-02-13,2,2,83037.60393202928,83037.60393202928,0.0,0,20735.676636650558,18657.23574604931,9629.684024761364,1787.1976086711466,1792.3344408955659,51517.57698080562,0.0,0.0,0.0,51517.5769808056,0,0.0,9.015010959956271e-13,0.0183690000558272,1,0,0,0,1,0.0,0,no_season,3407,no_season_seed_3407,False
44,2025-02-14,2,2,35368.76443243974,35368.76443243974,0.0,0,17502.69166264438,15739.109161247328,3803.380114376021,1792.3344408955659,1806.3679283196327,18317.639260342086,0.0,0.0,0.0,18317.63926034209,0,0.0,7.958078640513122e-13,0.06994562491308898,1,0,0,0,1,0.0,0,no_season,3407,no_season_seed_3407,False
45,2025-02-15,2,2,35672.60548662359,35672.60548662359,0.0,0,16968.920166863216,15427.310307250955,4850.904527011325,1806.3679283196327,1642.686162873614,18602.294125431534,0.0,0.0,0.0,18602.29412543153,0,0.0,7.958078640513122e-13,0.05088874988723546,1,0,0,0,1,0.0,0,no_season,3407,no_season_seed_3407,False
46,2025-02-16,2,2,80656.46838415274,80656.46838415274,20.021610432578314,10,22879.884438009238,20547.043329648644,2966.2697862247296,1642.686162873614,1689.9650225856344,49840.86392565085,0.0,0.0,91.08831666301505,49931.952242313855,0,0.0,9.094947017729282e-13,0.013650167034938931,1,0,0,0,1,0.0,0,no_season,3407,no_season_seed_3407,False
47,2025-02-17,2,2,81104.22524769,81104.22524769,0.0,0,19699.860764625235,17784.22903861259,8004.730355010686,1689.9650225856344,1632.6705065321034,50072.08397088859,0.0,0.0,0.0,50072.08397088856,0,0.0,9.094947017729282e-13,0.018545999890193343,1,0,0,0,1,0.0,0,no_season,3407,no_season_seed_3407,False
48,2025-02-18,2,2,78353.02508528232,78353.02508528232,24.765089197662178,10,22085.697792285635,19554.531669324624,3755.2362681856475,1632.6705065321034,1972.7169102111438,48172.91944925392,0.0,0.0,112.66877330476407,48285.58822255868,0,0.0,9.094947017729282e-13,0.018268167041242123,1,0,0,0,1,0.0,0,no_season,3407,no_season_seed_3407,False
49,2025-02-19,2,2,79238.61136413773,79238.61136413773,51.1181200217718,20,22822.864285703257,20929.189143704563,4516.726958827474,1972.7169102111438,1563.084646872893,48870.52708953067,0.0,0.0,227.27999090579954,49097.80708043647,0,0.0,9.094947017729282e-13,0.014243792043998837,1,0,0,0,1,0.0,0,no_season,3407,no_season_seed_3407,False
50,2025-02-20,2,2,79289.10331024176,79289.10331024176,30.930481881805008,10,21138.074387683602,18866.942116337257,6055.767787443879,1563.084646872893,1728.919581356592,49096.36251906123,0.0,0.0,144.87837713437466,49241.2408961956,0,0.0,9.094947017729282e-13,0.014006334007717669,1,0,0,0,1,0.0,0,no_season,3407,no_season_seed_3407,False
51,2025-02-21,2,2,34726.47564524839,34726.47564524839,0.0,0,16787.958674199734,15027.00337517643,7405.258312891756,1728.919581356592,1815.5232264003712,17918.195243046965,0.0,0.0,0.0,17918.19524304696,0,0.0,9.094947017729282e-13,0.05233316600788385,1,0,0,0,1,0.0,0,no_season,3407,no_season_seed_3407,False
52,2025-02-22,2,2,34792.42729812633,34792.42729812633,0.0,0,16808.94977139061,14904.116147143333,5042.83079054572,1815.5232264003712,2051.5752867332462,18028.535273362664,0.0,0.0,0.0,18028.535273362664,0,0.0,9.094947017729282e-13,0.050552374916151166,1,0,0,0,1,0.0,0,no_season,3407,no_season_seed_3407,False
53,2025-02-23,2,2,78805.17151899573,78805.17151899573,0.0,0,21456.48698922526,19688.04295354196,5504.873799979095,2051.5752867332462,1653.9666601089991,48563.89007640202,0.0,0.0,0.0,48563.890076402036,0,0.0,9.094947017729282e-13,0.014492665999568999,1,0,0,0,1,0.0,0,no_season,3407,no_season_seed_3407,False
54,2025-02-24,2,2,77227.3760759111,77227.3760759111,35.16872205271295,20,20476.148698444944,18445.224040686404,7028.586523538611,1653.9666601089991,1636.3736318346898,47325.238090780374,0.0,0.0,157.7139582776984,47482.952049058105,0,0.0,9.094947017729282e-13,0.013936291099525988,1,0,0,0,1,0.0,0,no_season,3407,no_season_seed_3407,False
55,2025-02-25,2,2,75684.37950240432,75684.37950240432,15.515288745194766,20,19738.989380629275,17796.33435588889,7935.91653307579,1636.3736318346898,1603.4396554626571,46460.88617184822,0.0,0.0,68.12783727435146,46529.01400912256,0,0.0,9.094947017729282e-13,0.02131462492980063,1,0,0,0,1,0.0,0,no_season,3407,no_season_seed_3407,False
56,2025-02-26,2,2,74757.35077799682,74757.35077799682,0.0,0,21264.900181028366,18458.532135378242,3136.1346990133798,1603.4396554626571,2320.094021513362,45884.30617166454,0.0,0.0,0.0,45884.30617166453,0,0.0,9.094947017729282e-13,0.01743891602382064,1,0,0,0,1,0.0,0,no_season,3407,no_season_seed_3407,False
57,2025-02-27,2,2,75231.64272766467,75231.64272766467,0.0,0,21185.57300513659,19531.24847920279,6620.734001730859,2320.094021513362,1830.7497107894067,46366.56650189614,0.0,0.0,0.0,46366.56650189615,0,0.0,9.094947017729282e-13,0.0138576669851318,1,0,0,0,1,0.0,0,no_season,3407,no_season_seed_3407,False
58,2025-02-28,2,2,33741.83838265453,33741.83838265453,0.0,0,16346.14144128218,14703.532010901137,8806.63540227349,1830.7497107894067,1839.1774824907272,17264.00384609339,0.0,0.0,0.0,17264.003846093394,0,0.0,9.094947017729282e-13,0.06026312510948628,1,0,0,0,1,0.0,0,no_season,3407,no_season_seed_3407,False
59,2025-03-01,3,2,33336.65142174956,33336.65142174956,0.0,0,15566.092912748965,14022.16621443184,8133.958790099099,1839.1774824907272,1825.8088556962655,17140.30319025938,0.0,0.0,0.0,17140.303190259372,0,0.0,7.958078640513122e-13,0.04428920801728964,1,0,0,0,1,0.0,0,no_season,3407,no_season_seed_3407,False
60,2025-03-02,3,2,76876.82540282348,76876.82540282348,1509.4154755861252,70,19952.30349563788,18288.472708604026,4364.103024709093,1825.8088556962655,1476.4830446369383,47369.73966858051,0.0,0.0,10201.205805067253,57570.94547364775,0,0.0,9.094947017729282e-13,0.013800500077195466,1,0,0,0,1,0.0,0,no_season,3407,no_season_seed_3407,False
61,2025-03-03,3,2,79434.00136962815,79434.00136962815,0.0,0,23917.21719121962,21530.060472295325,5029.698017370523,1476.4830446369383,1471.6711119223532,48419.78630237256,0.0,0.0,0.0,48419.78630237255,0,0.0,8.952838470577262e-13,0.012831915984861553,1,0,0,0,1,0.0,0,no_season,3407,no_season_seed_3407,False
62,2025-03-04,3,2,79541.51327526104,79541.51327526104,0.0,0,20204.709197583757,18008.033147046157,8145.379291390109,1471.6711119223532,1657.407628145747,48878.28503797258,0.0,0.0,0.0,48878.2850379726,0,0.0,9.094947017729282e-13,0.02348199998959899,1,0,0,0,1,0.0,0,no_season,3407,no_season_seed_3407,False
63,2025-03-05,3,2,77470.48490315782,77470.48490315782,0.0,0,19133.58708984387,17313.636913185845,9520.062709833126,1657.407628145747,1558.946389797499,47411.44916159282,0.0,0.0,0.0,47411.44916159283,0,0.0,9.094947017729282e-13,0.014310375088825822,1,0,0,0,1,0.0,0,no_season,3407,no_season_seed_3407,False
64,2025-03-06,3,2,73997.59811459907,73997.59811459907,202.7924058208049,40,20279.04486037845,18551.537687037504,6532.229213745593,1558.946389797499,1242.299819425494,44974.455766890926,0.0,0.0,1335.4514151831818,46309.907182074116,0,0.0,8.339995360984176e-13,0.017966250074096024,1,0,0,0,1,0.0,0,no_season,3407,no_season_seed_3407,False
65,2025-03-07,3,2,32849.937833578544,32849.937833578544,0.0,0,15457.460461113185,13392.212424640173,9862.404263772201,1242.299819425494,1789.9029989367546,16839.843047458737,0.0,0.0,0.0,16839.843047458737,0,0.0,7.958078640513122e-13,0.04387933306861669,1,0,0,0,1,0.0,0,no_season,3407,no_season_seed_3407,False
66,2025-03-08,3,2,31011.362054826695,31011.362054826695,0.0,0,15184.2300562827,13602.050351186035,10366.042833063366,1789.9029989367546,1857.1084610750827,16114.545248883147,0.0,0.0,0.0,16114.545248883149,0,0.0,7.389644451905042e-13,0.051698041963391006,1,0,0,0,1,0.0,0,no_season,3407,no_season_seed_3407,False
67,2025-03-09,3,2,70046.77342496603,70046.77342496603,0.0,0,21263.153227412342,19332.4939125231,4782.589060076778,1857.1084610750827,1650.8689201723885,42517.89175501214,0.0,0.0,0.0,42517.89175501212,0,0.0,8.926193117986259e-13,0.014559959061443806,1,0,0,0,1,0.0,0,no_season,3407,no_season_seed_3407,False
68,2025-03-10,3,2,69772.24856835758,69772.24856835758,578.4252590109738,10,20798.79533838273,18846.060677534653,355.8677165204721,1650.8689201723885,1516.8464563517764,42268.64507888404,0.0,0.0,4035.094606860553,46303.739685744586,0,0.0,9.094947017729282e-13,0.013795375009067357,1,0,0,0,1,0.0,0,no_season,3407,no_season_seed_3407,False
69,2025-03-11,3,2,73977.79939797032,73977.79939797032,64.1701257751896,10,19160.63645500884,17050.925322625153,7993.339591361835,1516.8464563517764,1720.9688302575246,44546.17544655932,0.0,0.0,447.6507974077226,44993.82624396704,0,0.0,9.094947017729282e-13,0.01400929200462997,1,0,0,0,1,0.0,0,no_season,3407,no_season_seed_3407,False
70,2025-03-12,3,2,70595.13547126681,70595.13547126681,0.0,0,20665.543356614256,18903.93439056743,6397.991821886644,1720.9688302575246,1399.528186956174,42522.08728764613,0.0,0.0,0.0,42522.08728764612,0,0.0,9.094947017729282e-13,0.01775783288758248,1,0,0,0,1,0.0,0,no_season,3407,no_season_seed_3407,False
71,2025-03-13,3,2,68082.62838521,68082.62838521,2191.293528640485,100,21089.04192066627,18953.82730957539,593.0892860929363,1399.528186956174,1427.2618037261946,40773.40931771165,0.0,0.0,13264.274329196098,54037.68364690776,0,0.0,9.023892744153272e-13,0.0385784589452669,1,0,0,0,1,0.0,0,no_season,3407,no_season_seed_3407,False
72,2025-03-14,3,2,29892.179507269597,29892.179507269597,0.0,0,15195.058823390587,13362.432183017263,12030.126883562938,1427.2618037261946,1757.3200630817778,15355.96505099302,0.0,0.0,0.0,15355.965050993018,0,0.0,7.620570841027074e-13,0.05126004200428724,1,0,0,0,1,0.0,0,no_season,3407,no_season_seed_3407,False
73,2025-03-15,3,2,30150.92660620354,30150.92660620354,0.0,0,14566.144246931859,13559.05334348723,8219.710552758916,1757.3200630817778,1283.4806667602595,15457.763614870062,0.0,0.0,0.0,15457.763614870062,0,0.0,9.094947017729282e-13,0.04325154097750783,1,0,0,0,1,0.0,0,no_season,3407,no_season_seed_3407,False
74,2025-03-16,3,2,71007.39330765003,71007.39330765003,1.6399999999999864,10,20743.663683815954,18486.052891942956,5400.375582443683,1283.4806667602595,1476.637249012695,42558.13271137387,0.0,0.0,7.461179999999938,42565.59389137389,0,0.0,9.094947017729282e-13,0.031043417053297162,1,0,0,0,1,0.0,0,no_season,3407,no_season_seed_3407,False
75,2025-03-17,3,2,69302.08394954778,69302.08394954778,0.0,0,20056.61430645429,17603.45934326085,8990.797553021002,1476.637249012695,1948.3368493614907,41497.53568412642,0.0,0.0,0.0,41497.535684126415,0,0.0,8.979483823168266e-13,0.017584457993507385,1,0,0,0,1,0.0,0,no_season,3407,no_season_seed_3407,False
76,2025-03-18,3,2,64040.34657004154,64040.34657004154,1102.6531050415574,80,20919.95807039382,19180.518326000758,2277.601564023372,1948.3368493614907,1576.7101290737005,38309.0877177631,0.0,0.0,5558.516685983388,43867.60440374649,0,0.0,8.810729923425242e-13,0.05173433304298669,1,0,0,0,1,0.0,0,no_season,3407,no_season_seed_3407,False
77,2025-03-19,3,2,67961.27562609673,67961.27562609673,0.0,0,21106.047736387758,18548.530963790392,5938.288403499359,1576.7101290737005,2047.7967391963482,40751.64966757207,0.0,0.0,0.0,40751.64966757207,0,0.0,8.784084570834239e-13,0.034696832997724414,1,0,0,0,1,0.0,0,no_season,3407,no_season_seed_3407,False
78,2025-03-20,3,2,66094.3450300889,66094.3450300889,394.0142684419484,10,20562.080655973936,18950.143656778746,2667.460482668984,2047.7967391963482,1579.4939164153939,39741.00485387242,0.0,0.0,2748.643536651032,42489.64839052346,0,0.0,8.952838470577262e-13,0.057947208057157695,1,0,0,0,1,0.0,0,no_season,3407,no_season_seed_3407,False
79,2025-03-21,3,2,29501.22634549737,29501.22634549737,0.0,0,14519.709340497437,13244.155417404967,16192.207905738233,1579.4939164153939,1393.5340588741049,15147.903124759658,0.0,0.0,0.0,15147.903124759652,0,0.0,7.389644451905042e-13,0.04259208403527737,1,0,0,0,1,0.0,0,no_season,3407,no_season_seed_3407,False
80,2025-03-22,3,2,30018.24366062995,30018.24366062995,0.0,0,14759.126285917495,12466.132587291353,11844.050228670476,1393.5340588741049,2254.8131303128484,15300.29619612333,0.0,0.0,0.0,15300.296196123327,0,0.0,7.958078640513122e-13,0.04208795807790011,1,0,0,0,1,0.0,0,no_season,3407,no_season_seed_3407,False
81,2025-03-23,3,2,66258.70858720204,66258.70858720204,50.456287118038546,30,20396.051641660615,19027.987689257614,6171.380805250413,2254.8131303128484,1546.9465396992628,39642.17942107018,0.0,0.0,339.8829746324087,39982.062395702575,0,0.0,8.93507490218326e-13,0.03235804196447134,1,0,0,0,1,0.0,0,no_season,3407,no_season_seed_3407,False
82,2025-03-24,3,2,63968.446841802564,63968.446841802564,370.1294614976996,10,20788.508855337328,18983.309450904293,4534.879815533898,1546.9465396992628,1258.492551247021,38020.86819247962,0.0,0.0,2582.0231234079524,40602.891315887566,0,0.0,9.041656312547275e-13,0.03265104198362678,1,0,0,0,1,0.0,0,no_season,3407,no_season_seed_3407,False
83,2025-03-25,3,2,64622.08772713522,64622.08772713522,80.00689522130614,40,22077.754414327086,19723.440171147835,1397.6556625106107,1258.492551247021,1412.958010950661,38505.462326517336,0.0,0.0,409.5213532582492,38914.98367977557,0,0.0,8.952838470577262e-13,0.046272499952465296,1,0,0,0,1,0.0,0,no_season,3407,no_season_seed_3407,False
84,2025-03-26,3,2,66222.56469802184,66222.56469802184,0.0,0,20321.435551849034,18261.909448146092,8570.483727652241,1412.958010950661,1441.8217514363544,39319.38688874765,0.0,0.0,0.0,39319.38688874765,0,0.0,8.641976023682219e-13,0.043641041964292526,1,0,0,0,1,0.0,0,no_season,3407,no_season_seed_3407,False
85,2025-03-27,3,2,61964.24229127052,61964.24229127052,370.41766841217213,80,20486.224208182866,18569.15597091658,1700.6023224164041,1441.8217514363544,1303.1514661869667,36888.763088167,0.0,0.0,2225.009091131931,39113.77217929893,0,0.0,8.881784197001252e-13,0.040620375075377524,1,0,0,0,1,0.0,0,no_season,3407,no_season_seed_3407,False
86,2025-03-28,3,2,29364.63619597801,29364.63619597801,0.0,0,14652.662697923504,12652.660812333788,16542.753543721632,1303.1514661869667,1866.8122968310963,14855.568281067119,0.0,0.0,0.0,14855.56828106712,0,0.0,8.526512829121202e-13,0.04341283394023776,1,0,0,0,1,0.0,0,no_season,3407,no_season_seed_3407,False
87,2025-03-29,3,2,28505.544858481808,28505.544858481808,0.0,0,13616.39424157741,12437.847851157114,19619.789284728176,1866.8122968310963,1673.8152933909757,14314.154458331961,0.0,0.0,0.0,14314.154458331966,0,0.0,8.455458555545192e-13,0.04582441598176956,1,0,0,0,1,0.0,0,no_season,3407,no_season_seed_3407,False
88,2025-03-30,3,2,59012.3606440749,59012.3606440749,0.0,0,21032.458494789666,18901.995953656588,1536.2784029418174,1673.8152933909757,1702.5042053914658,35479.95937221853,0.0,0.0,0.0,35479.95937221853,0,0.0,9.094947017729282e-13,0.040518458001315594,1,0,0,0,1,0.0,0,no_season,3407,no_season_seed_3407,False
89,2025-03-31,3,2,60451.23519691402,60451.23519691402,164.45344196122426,10,19750.029637600477,17831.7378703843,1746.007388325735,1702.5042053914658,1642.725355420764,35930.62885293555,0.0,0.0,1147.2272111215004,37077.85606405705,0,0.0,8.952838470577262e-13,0.02978208300191909,1,0,0,0,1,0.0,0,no_season,3407,no_season_seed_3407,False
90,2025-04-01,4,2,64629.04566254689,64629.04566254689,0.0,0,20380.716252176044,18199.356506486227,2238.834400190408,1642.725355420764,1793.7642961996876,38456.70896578064,0.0,0.0,0.0,38456.70896578065,0,0.0,9.094947017729282e-13,0.032403499935753644,1,0,0,0,1,0.0,0,no_season,3407,no_season_seed_3407,False
91,2025-04-02,4,2,65351.058374059416,65351.058374059416,1282.2260518646253,90,20808.549502765465,18877.806143678034,4267.205666836614,1793.7642961996876,1635.532785749803,38607.37007797687,0.0,0.0,6327.650589650425,44935.02066762728,0,0.0,9.094947017729282e-13,0.05355629196856171,1,0,0,0,1,0.0,0,no_season,3407,no_season_seed_3407,False
92,2025-04-03,4,2,66671.7674965451,66671.7674965451,53.52115747255834,10,19846.17024703212,17961.8633771626,8977.451517481462,1635.532785749803,1529.796598510266,39502.37734273923,0.0,0.0,373.363594528567,39875.740937267794,0,0.0,8.633094239485217e-13,0.028334375005215406,1,0,0,0,1,0.0,0,no_season,3407,no_season_seed_3407,False
93,2025-04-04,4,2,28462.290120791284,28462.290120791284,0.0,0,13896.39407445474,12083.757922728819,20218.85171906536,1529.796598510266,1975.6743167642692,14332.21444690957,0.0,0.0,0.0,14332.214446909573,0,0.0,9.094947017729282e-13,0.0675641669658944,1,0,0,0,1,0.0,0,no_season,3407,no_season_seed_3407,False
94,2025-04-05,4,2,27707.139326500404,27707.139326500404,0.0,0,12990.46763174907,12022.608663003513,14695.165374421518,1975.6743167642692,1626.5717288828062,13895.19488095541,0.0,0.0,0.0,13895.194880955409,0,0.0,7.389644451905042e-13,0.06242683297023177,1,0,0,0,1,0.0,0,no_season,3407,no_season_seed_3407,False
95,2025-04-06,4,2,63963.83526517529,63963.83526517529,0.0,0,20050.715001825,17920.272637213435,7423.3166338970495,1626.5717288828062,1758.724223489487,37844.30641875922,0.0,0.0,0.0,37844.306418759224,0,0.0,8.348877145181177e-13,0.028866999899037182,1,0,0,0,1,0.0,0,no_season,3407,no_season_seed_3407,False
96,2025-04-07,4,2,61834.409387977954,61834.409387977954,0.0,0,19452.841539886227,17644.675861266773,6783.524426025162,1758.724223489487,1614.1886596707357,36651.746908780086,0.0,0.0,0.0,36651.74690878008,0,0.0,8.594791545135649e-13,0.04427645797841251,1,0,0,0,1,0.0,0,no_season,3407,no_season_seed_3407,False
97,2025-04-08,4,2,61661.156675759965,61661.156675759965,324.5551236995402,80,20683.44038325229,18964.391866578255,5913.469666118803,1614.1886596707357,1245.9988513659323,36574.99450212831,0.0,0.0,1642.2204416811007,38217.21494380943,0,0.0,8.739675649849232e-13,0.029721083003096282,1,0,0,0,1,0.0,0,no_season,3407,no_season_seed_3407,False
98,2025-04-09,4,2,62669.35919900186,62669.35919900186,0.0,0,20422.78442703312,18069.15756702773,1181.4213223298057,1245.9988513659323,1574.1888995536428,37259.96691113977,0.0,0.0,0.0,37259.96691113974,0,0.0,9.050538096744276e-13,0.04998666595201939,1,0,0,0,1,0.0,0,no_season,3407,no_season_seed_3407,False
99,2025-04-10,4,2,65093.61607659768,65093.61607659768,0.0,0,20169.912598065595,18180.14047444991,8643.206052981994,1574.1888995536428,1545.4974107851576,38334.25460290403,0.0,0.0,0.0,38334.254602904,0,0.0,9.094947017729282e-13,0.028883624938316643,1,0,0,0,1,0.0,0,no_season,3407,no_season_seed_3407,False
100,2025-04-11,4,2,27825.784213202453,27825.784213202453,0.0,0,13400.062247341984,11898.690995175511,21007.76279436931,1545.4974107851576,1715.5910845790008,14017.458369012504,0.0,0.0,0.0,14017.458369012505,0,0.0,9.094947017729282e-13,0.04209216695744544,1,0,0,0,1,0.0,0,no_season,3407,no_season_seed_3407,False
101,2025-04-12,4,2,27276.290323092588,27276.290323092588,0.0,0,12737.937102506601,11245.361670460972,16758.554341046958,1715.5910845790008,1946.207268340807,13610.884650750062,0.0,0.0,0.0,13610.884650750053,0,0.0,7.958078640513122e-13,0.04489679203834385,1,0,0,0,1,0.0,0,no_season,3407,no_season_seed_3407,False
102,2025-04-13,4,2,60817.862627026065,60817.862627026065,0.0,0,19922.59651713391,18199.39498367244,4818.3026102312615,1946.207268340807,1662.5951094624797,35935.24513355838,0.0,0.0,0.0,35935.24513355839,0,0.0,9.094947017729282e-13,0.05472575000021607,1,0,0,0,1,0.0,0,no_season,3407,no_season_seed_3407,False
103,2025-04-14,4,2,61069.77764190064,61069.77764190064,0.0,0,19951.924704868467,17915.806195445788,6505.6273324779595,1662.5951094624797,1705.7349423444728,35913.95567625238,0.0,0.0,0.0,35913.95567625238,0,0.0,8.881784197001252e-13,0.04566966707352549,1,0,0,0,1,0.0,0,no_season,3407,no_season_seed_3407,False
104,2025-04-15,4,2,59430.37276942242,59430.37276942242,0.0,0,19206.487277900836,17069.501669601246,7153.958327789501,1705.7349423444728,1933.7740371130528,35087.8013123348,0.0,0.0,0.0,35087.8013123348,0,0.0,8.952838470577262e-13,0.029860957991331816,1,0,0,0,1,0.0,0,no_season,3407,no_season_seed_3407,False
105,2025-04-16,4,2,58628.68079526932,58628.68079526932,0.0,0,19503.767377461703,17774.70226251665,1120.0237303242652,1933.7740371130528,1700.4911035398545,34920.21057380625,0.0,0.0,0.0,34920.21057380624,0,0.0,8.759659664292485e-13,0.04142025008331984,1,0,0,0,1,0.0,0,no_season,3407,no_season_seed_3407,False
106,2025-04-17,4,2,61803.62475742449,61803.62475742449,0.0,0,19672.512139891915,17644.00580283841,6906.776070370988,1700.4911035398545,1765.0596726189106,36417.53857691315,0.0,0.0,0.0,36417.53857691314,0,0.0,8.775202786637237e-13,0.046291165985167027,1,0,0,0,1,0.0,0,no_season,3407,no_season_seed_3407,False
107,2025-04-18,4,2,27180.38894615776,27180.38894615776,0.0,0,13189.171352524494,11326.51316748467,18963.613577784607,1765.0596726189106,2338.213064171948,13592.874255980954,0.0,0.0,0.0,13592.874255980962,0,0.0,9.094947017729282e-13,0.042838833993300796,1,0,0,0,1,0.0,0,no_season,3407,no_season_seed_3407,False
108,2025-04-19,4,2,25584.166893768892,25584.166893768892,0.0,0,12252.746726824564,11358.316064878669,17905.056981823,2338.213064171948,1989.4728561210354,12666.348075213516,0.0,0.0,0.0,12666.348075213518,0,0.0,8.526512829121202e-13,0.047366791986860335,1,0,0,0,1,0.0,0,no_season,3407,no_season_seed_3407,False
109,2025-04-20,4,2,59357.17150718863,59357.17150718863,0.0,0,19922.971828579124,17959.379473145094,5435.834268421273,1989.4728561210354,1959.21531128719,34988.160179134335,0.0,0.0,0.0,34988.16017913434,0,0.0,9.094947017729282e-13,0.0529320000205189,1,0,0,0,1,0.0,0,no_season,3407,no_season_seed_3407,False
110,2025-04-21,4,2,59727.68242224755,59727.68242224755,0.0,0,18218.124697972144,16656.282248685147,9648.929589627218,1959.21531128719,1685.182848562863,35322.64356582323,0.0,0.0,0.0,35322.64356582322,0,0.0,8.597567102697212e-13,0.049600875005126,1,0,0,0,1,0.0,0,no_season,3407,no_season_seed_3407,False
111,2025-04-22,4,2,54676.99061204487,54676.99061204487,0.0,0,19206.686447204687,17395.696262363952,713.0711105374666,1685.182848562863,1569.5716007364151,32659.93093465587,0.0,0.0,0.0,32659.930934655866,0,0.0,9.094947017729282e-13,0.03775437502190471,1,0,0,0,1,0.0,0,no_season,3407,no_season_seed_3407,False
112,2025-04-23,4,2,59712.8611010442,59712.8611010442,0.0,0,18853.654451280825,16562.90039212351,6022.190325220208,1569.5716007364151,1996.8887200135073,35043.646857597705,0.0,0.0,0.0,35043.6468575977,0,0.0,7.958078640513122e-13,0.03454916609916836,1,0,0,0,1,0.0,0,no_season,3407,no_season_seed_3407,False
113,2025-04-24,4,2,57661.938842370466,57661.938842370466,0.0,0,17832.55607718017,16418.0727111269,9157.348776317192,1996.8887200135073,1608.168646177961,34024.04452257573,0.0,0.0,0.0,34024.044522575736,0,0.0,8.526512829121202e-13,0.03823312500026077,1,0,0,0,1,0.0,0,no_season,3407,no_season_seed_3407,False
114,2025-04-25,4,2,25641.249599815706,25641.249599815706,0.0,0,12229.307127829608,10948.540640639103,22360.1254626252,1608.168646177961,1669.132905300469,12489.611211030831,0.0,0.0,0.0,12489.611211030835,0,0.0,7.958078640513122e-13,0.05589512491133064,1,0,0,0,1,0.0,0,no_season,3407,no_season_seed_3407,False
115,2025-04-26,4,2,25287.83376098256,25287.83376098256,0.0,0,12330.240838815698,11344.934517350648,24232.33380618418,1669.132905300469,1408.0154565949122,12155.491068561907,0.0,0.0,0.0,12155.491068561905,0,0.0,9.094947017729282e-13,0.06376083404757082,1,0,0,0,1,0.0,0,no_season,3407,no_season_seed_3407,False
116,2025-04-27,4,2,54389.88271908983,54389.88271908983,12.944725473223116,10,19357.64892670574,17366.133954533587,3837.8412890575632,1408.0154565949122,1466.7812002483984,32361.803734920755,0.0,0.0,90.30240490120445,32452.106139821964,0,0.0,9.094947017729282e-13,0.06136945798061788,1,0,0,0,1,0.0,0,no_season,3407,no_season_seed_3407,False
117,2025-04-28,4,2,57672.27877032295,57672.27877032295,1609.126856365841,50,17871.49524007799,15934.715469405339,722.6585393494692,1466.7812002483984,1624.505329019645,34219.2847300357,0.0,0.0,10926.409484547214,45145.694214582916,0,0.0,9.059419880941277e-13,0.027974791009910405,1,0,0,0,1,0.0,0,no_season,3407,no_season_seed_3407,False
118,2025-04-29,4,2,62293.16978344633,62293.16978344633,0.0,0,17740.080382747878,15743.110825180094,12862.986509211882,1624.505329019645,1859.527406198791,36317.14899635873,0.0,0.0,0.0,36317.14899635872,0,0.0,9.094947017729282e-13,0.030824874993413687,1,0,0,0,1,0.0,0,no_season,3407,no_season_seed_3407,False
119,2025-04-30,4,2,55607.963523685,55607.963523685,0.0,0,17565.244319375106,16088.728380382767,5874.593151359325,1859.527406198791,1564.372538899481,33234.928927148365,0.0,0.0,0.0,33234.928927148365,0,0.0,9.094947017729282e-13,0.05067412497010082,1,0,0,0,1,0.0,0,no_season,3407,no_season_seed_3407,False
120,2025-05-01,5,2,55240.11583181095,55240.11583181095,2866.1869792960256,210,18826.04632747218,17279.085832962446,5547.963516597238,1564.372538899481,1210.5725521945278,32511.423400293643,0.0,0.0,15796.237294266792,48307.66069456043,0,0.0,8.810729923425242e-13,0.03848445799667388,1,0,0,0,1,0.0,0,no_season,3407,no_season_seed_3407,False
121,2025-05-02,5,2,26372.408855303278,26372.408855303278,2037.4148721151241,160,12984.654489254903,11696.219044014131,12831.068198844298,1210.5725521945278,1200.0,12919.440673042094,0.0,0.0,9969.942115973303,22889.38278901539,0,0.0,8.810729923425242e-13,0.04245741700287908,1,0,0,0,1,0.0,0,no_season,3407,no_season_seed_3407,False
122,2025-05-03,5,2,26916.975227839845,26916.975227839845,1372.4701234900197,130,12784.554657834482,11506.099192051033,18143.818235546416,1200.0,1200.0,13272.48178166516,0.0,0.0,6427.576359485662,19700.05814115082,0,0.0,9.094947017729282e-13,0.06640766700729728,1,0,0,0,1,0.0,0,no_season,3407,no_season_seed_3407,False
123,2025-05-04,5,2,58213.43139824258,58213.43139824258,1936.1706274378835,200,17297.015335924476,15531.325992972108,6649.245349394761,1200.0,1237.9344818590926,34212.39479055551,0.0,0.0,10354.567489394467,44566.96227994998,0,0.0,9.094947017729282e-13,0.03383045794907957,1,0,0,0,1,0.0,0,no_season,3407,no_season_seed_3407,False
124,2025-05-05,5,2,58401.38007468867,58401.38007468867,2055.126055882193,200,20045.637402310425,18065.492711702434,3400.354639962869,1237.9344818590926,1212.1945434905913,34098.51194830565,0.0,0.0,11664.996043227635,45763.507991533275,0,0.0,9.094947017729282e-13,0.06327350006904453,1,0,0,0,1,0.0,0,no_season,3407,no_season_seed_3407,False
125,2025-05-06,5,2,59205.14090548585,59205.14090548585,2006.1487626396568,190,19755.768910975115,17791.760779614477,6377.199170098208,1212.1945434905913,1200.0,34669.45537322952,0.0,0.0,9827.750826101568,44497.20619933109,0,0.0,8.562039965909207e-13,0.06613954098429531,1,0,0,0,1,0.0,0,no_season,3407,no_season_seed_3407,False
126,2025-05-07,5,2,58324.89282837689,58324.89282837689,2751.982163444052,180,19281.529104973553,17280.368391011172,4007.868327858563,1200.0,1276.9569819718056,34102.02377257035,0.0,0.0,16115.767149462208,50217.79092203255,0,0.0,9.086065233532281e-13,0.04767775000073016,1,0,0,0,1,0.0,0,no_season,3407,no_season_seed_3407,False
127,2025-05-08,5,2,61094.28165013199,61094.28165013199,151.03353816681505,40,19359.43608533479,17198.241445393534,3257.6081483575463,1276.9569819718056,1514.3924168220353,37051.87180278787,0.0,0.0,979.5679663802752,38031.439769168144,0,0.0,8.769096560001799e-13,0.051376375020481646,1,0,0,0,1,0.0,0,no_season,3407,no_season_seed_3407,False
128,2025-05-09,5,2,28127.70319740207,28127.70319740207,0.0,0,13358.020003646612,11517.942692718982,17788.240036474435,1514.3924168220353,2045.9452665446174,14453.60592139518,0.0,0.0,0.0,14453.605921395178,0,0.0,7.815970093361102e-13,0.04013774998020381,1,0,0,0,1,0.0,0,no_season,3407,no_season_seed_3407,False
129,2025-05-10,5,2,28004.24382564279,28004.24382564279,0.0,0,12035.637495128469,11195.638032344645,15043.199079525632,2045.9452665446174,1662.7148592252033,14619.686738662076,0.0,0.0,0.0,14619.686738662076,0,0.0,7.958078640513122e-13,0.049505166010931134,1,0,0,0,1,0.0,0,no_season,3407,no_season_seed_3407,False
130,2025-05-11,5,2,64293.459777797674,64293.459777797674,156.31700126045234,30,18199.439347966872,16461.88980944371,7228.148157201627,1662.7148592252033,1575.8635396722682,38383.90731168668,0.0,0.0,1080.5517607845823,39464.459072471254,0,0.0,9.094947017729282e-13,0.029858959023840725,1,0,0,0,1,0.0,0,no_season,3407,no_season_seed_3407,False
131,2025-05-12,5,2,62698.63019783467,62698.63019783467,0.0,0,17124.6097722501,15202.844630097392,8845.669822348627,1575.8635396722682,1796.489501315955,37368.25731978274,0.0,0.0,0.0,37368.257319782744,0,0.0,9.094947017729282e-13,0.032363542006351054,1,0,0,0,1,0.0,0,no_season,3407,no_season_seed_3407,False
132,2025-05-13,5,2,60106.732162972454,60106.732162972454,0.0,0,18507.077148428798,16537.987712822447,5008.4299606994355,1796.489501315955,1921.274791630168,36233.96350645688,0.0,0.0,0.0,36233.96350645687,0,0.0,9.094947017729282e-13,0.03677899995818734,1,0,0,0,1,0.0,0,no_season,3407,no_season_seed_3407,False
133,2025-05-14,5,2,61895.360818813446,61895.360818813446,0.0,0,17857.869642634883,16218.160406799256,7241.502799644486,1921.274791630168,1767.295345878318,37157.4052863229,0.0,0.0,0.0,37157.40528632288,0,0.0,9.059419880941277e-13,0.03402154194191098,1,0,0,0,1,0.0,0,no_season,3407,no_season_seed_3407,False
134,2025-05-15,5,2,60157.2592564105,60157.2592564105,0.0,0,18779.287996621613,17000.248323160933,5613.161299616488,1767.295345878318,1663.057054338146,36032.53077087744,0.0,0.0,0.0,36032.530770877456,0,0.0,8.986145161316017e-13,0.02925879100803286,1,0,0,0,1,0.0,0,no_season,3407,no_season_seed_3407,False
135,2025-05-16,5,2,27494.22546176174,27494.22546176174,0.0,0,11620.836464685404,10800.903337535352,23958.785801278354,1663.057054338146,1302.3987397861904,14251.35643395889,0.0,0.0,0.0,14251.356433958892,0,0.0,8.526512829121202e-13,0.04737741604913026,1,0,0,0,1,0.0,0,no_season,3407,no_season_seed_3407,False
136,2025-05-17,5,2,27526.23451082449,27526.23451082449,158.73314042629613,10,12522.887192881159,11040.799499524815,15754.08087456111,1302.3987397861904,1544.6281271280475,14053.285050645218,0.0,0.0,970.3356874259482,15023.620738071168,0,0.0,9.094947017729282e-13,0.06199204199947417,1,0,0,0,1,0.0,0,no_season,3407,no_season_seed_3407,False
137,2025-05-18,5,2,62408.27543956579,62408.27543956579,5.236666666666679,10,18649.577626129216,16464.868181494086,6552.634561597325,1544.6281271280475,1881.675994081411,37554.448291635126,0.0,0.0,35.318698333333415,37589.76698996846,0,0.0,9.094947017729282e-13,0.043310082983225584,1,0,0,0,1,0.0,0,no_season,3407,no_season_seed_3407,False
138,2025-05-19,5,2,60412.93628914647,60412.93628914647,113.06556801372396,50,17179.77482798534,15952.189356957206,11783.19983613206,1881.675994081411,1364.7574262325609,35979.66300085458,0.0,0.0,731.7141285381998,36711.377129392786,0,0.0,9.094947017729282e-13,0.035466917091980577,1,0,0,0,1,0.0,0,no_season,3407,no_season_seed_3407,False
139,2025-05-20,5,2,57450.29071110251,57450.29071110251,69.97896985989132,30,18306.120190015747,16620.5793381468,1307.3340124267888,1364.7574262325609,1211.8389892465366,34601.42130526447,0.0,0.0,352.22247659210035,34953.64378185657,0,0.0,9.094947017729282e-13,0.03229450003709644,1,0,0,0,1,0.0,0,no_season,3407,no_season_seed_3407,False
140,2025-05-21,5,2,62449.64325813297,62449.64325813297,0.0,0,17400.664367241105,15485.217895403724,9171.581502962254,1211.8389892465366,1396.705778272615,37167.98920720047,0.0,0.0,0.0,37167.98920720046,0,0.0,8.135714324453147e-13,0.048205874976702034,1,0,0,0,1,0.0,0,no_season,3407,no_season_seed_3407,False
141,2025-05-22,5,2,58226.96327313084,58226.96327313084,215.68181352687702,20,17962.04228565686,15862.600341803516,5526.572326137708,1396.705778272615,1716.3463958641692,35063.76800734402,0.0,0.0,1504.0013761634941,36567.76938350751,0,0.0,8.881784197001252e-13,0.030860958038829267,1,0,0,0,1,0.0,0,no_season,3407,no_season_seed_3407,False
142,2025-05-23,5,2,26888.380691632672,26888.380691632672,0.0,0,12429.681352809777,10908.61691692377,18946.36737241333,1716.3463958641692,2009.4856354570857,13811.179293054754,0.0,0.0,0.0,13811.179293054758,0,0.0,8.810729923425242e-13,0.06404633296187967,1,0,0,0,1,0.0,0,no_season,3407,no_season_seed_3407,False
143,2025-05-24,5,2,27008.541853176524,27008.541853176524,0.0,0,11647.743186037449,10484.063295490889,22090.360579296634,2009.4856354570857,2008.3320069917881,13972.122635141539,0.0,0.0,0.0,13972.122635141535,0,0.0,7.958078640513122e-13,0.03957545792218298,1,0,0,0,1,0.0,0,no_season,3407,no_season_seed_3407,False
144,2025-05-25,5,2,57584.4695743016,57584.4695743016,304.11754634360705,30,16718.71636016522,15417.428063283498,8042.288640430152,2008.3320069917881,1617.7028687995903,34279.449430131746,0.0,0.0,1844.5279369911523,36123.9773671229,0,0.0,8.970602038971265e-13,0.042623083922080696,1,0,0,0,1,0.0,0,no_season,3407,no_season_seed_3407,False
145,2025-05-26,5,2,56223.587316596626,56223.587316596626,748.3720668018481,40,17679.07115021752,16033.85269912345,746.9079823044063,1617.7028687995903,1488.3776617681276,34027.95229060185,0.0,0.0,5195.906266226379,39223.85855682823,0,0.0,9.094947017729282e-13,0.03938916698098183,1,0,0,0,1,0.0,0,no_season,3407,no_season_seed_3407,False
146,2025-05-27,5,2,62704.52595140783,62704.52595140783,0.0,0,17419.669607692544,15524.222290723777,11418.711334439058,1488.3776617681276,1650.1601623295983,37255.84271684863,0.0,0.0,0.0,37255.84271684864,0,0.0,9.094947017729282e-13,0.03381854097824544,1,0,0,0,1,0.0,0,no_season,3407,no_season_seed_3407,False
147,2025-05-28,5,2,58139.45876047542,58139.45876047542,0.0,0,18463.81098153864,16479.73757555752,3881.5612544943,1650.1601623295983,1795.3005986693113,34970.48786982224,0.0,0.0,0.0,34970.48786982224,0,0.0,9.094947017729282e-13,0.03041883301921189,1,0,0,0,1,0.0,0,no_season,3407,no_season_seed_3407,False
148,2025-05-29,5,2,58608.70788380313,58608.70788380313,300.46006887126657,70,18992.904353184233,17349.63837664565,3155.7784761358143,1795.3005986693113,1525.42712318392,34888.97773717895,0.0,0.0,1759.5864255620766,36648.56416274103,0,0.0,8.846257060213247e-13,0.04698762495536357,1,0,0,0,1,0.0,0,no_season,3407,no_season_seed_3407,False
149,2025-05-30,5,2,27033.0372902677,27033.0372902677,0.0,0,12340.484312723449,10956.498080837973,19052.81779171556,1525.42712318392,1683.4754422818123,13750.367218293137,0.0,0.0,0.0,13750.367218293135,0,0.0,9.094947017729282e-13,0.043338917079381645,1,0,0,0,1,0.0,0,no_season,3407,no_season_seed_3407,False
150,2025-05-31,5,2,27201.57108651512,27201.57108651512,0.0,0,12552.300885004508,11007.330467453641,17267.41911896425,1683.4754422818123,1988.8885655504653,14012.97120711818,0.0,0.0,0.0,14012.97120711818,0,0.0,7.958078640513122e-13,0.04219233395997435,1,0,0,0,1,0.0,0,no_season,3407,no_season_seed_3407,False
151,2025-06-01,6,2,60693.7753857706,60693.7753857706,11289.11515383363,360,14474.569815708932,13775.518240298792,59.012664194087165,1988.8885655504653,1200.0,36432.17509273258,0.0,0.0,68419.36919813148,104851.54429086405,0,0.0,8.135714324453147e-13,0.031783665996044874,1,0,0,0,1,0.0,0,no_season,3407,no_season_seed_3407,False
152,2025-06-02,6,2,68412.32636636739,68412.32636636739,5930.278713131618,310,20494.80396154878,18445.323565393897,3652.3172333441157,1200.0,1200.0,40648.9721840373,0.0,0.0,34411.5601133126,75060.5322973499,0,0.0,9.094947017729282e-13,0.014817832969129086,1,0,0,0,1,0.0,0,no_season,3407,no_season_seed_3407,False
153,2025-06-03,6,2,66491.40498670306,66491.40498670306,4023.424737202213,340,20540.042863282317,18486.03857695408,268.45860424370596,1200.0,1200.0,39957.104944862185,0.0,0.0,21167.029441942123,61124.13438680429,0,0.0,9.094947017729282e-13,0.02156966703478247,1,0,0,0,1,0.0,0,no_season,3407,no_season_seed_3407,False
154,2025-06-04,6,2,67339.32720740039,67339.32720740039,4620.231768715395,290,19346.998650650094,17412.298785585088,379.59829438411623,1200.0,1200.0,40165.89205978095,0.0,0.0,26227.302596474103,66393.19465625507,0,0.0,9.094947017729282e-13,0.05055200005881488,1,0,0,0,1,0.0,0,no_season,3407,no_season_seed_3407,False
155,2025-06-05,6,2,68213.1013468123,68213.1013468123,5430.747609886734,370,20703.952723303002,18633.5574509727,424.13566770206717,1200.0,1200.0,40935.1610453764,0.0,0.0,29198.327308332176,70133.48835370856,0,0.0,8.810729923425242e-13,0.01390650006942451,1,0,0,0,1,0.0,0,no_season,3407,no_season_seed_3407,False
156,2025-06-06,6,2,28973.51561837271,28973.51561837271,5907.161361639218,320,13118.840925507418,11806.956832956675,2713.7974874611864,1200.0,1200.0,14996.470538827576,0.0,0.0,32264.259550184484,47260.73008901207,0,0.0,8.952838470577262e-13,0.057332040974870324,1,0,0,0,1,0.0,0,no_season,3407,no_season_seed_3407,False
157,2025-06-07,6,2,30094.393893081666,30094.393893081666,3724.705513990537,270,13152.533425087313,11828.154286675726,1368.207101993948,1200.0,1209.6194335049518,15850.468675629481,0.0,0.0,18686.585610928993,34537.05428655847,0,0.0,8.952838470577262e-13,0.0637152090203017,1,0,0,0,1,0.0,0,no_season,3407,no_season_seed_3407,False
158,2025-06-08,6,2,82094.32691461558,82094.32691461558,2.4876260937298866,20,17291.854214522096,15055.334502236119,14675.37156175667,1209.6194335049518,1744.396731551954,50755.651471707526,0.0,0.0,16.73467505341448,50772.38614676094,0,0.0,9.094947017729282e-13,0.01260250003542751,1,0,0,0,1,0.0,0,no_season,3407,no_season_seed_3407,False
159,2025-06-09,6,2,73877.66159056156,73877.66159056156,280.1665603742333,60,21600.33701917796,19464.944327595043,1089.7227260195343,1744.396731551954,1718.4228260499608,45647.31270730823,0.0,0.0,1929.436641999871,47576.749349308106,0,0.0,9.094947017729282e-13,0.022001625038683414,1,0,0,0,1,0.0,0,no_season,3407,no_season_seed_3407,False
160,2025-06-10,6,2,77127.28188120373,77127.28188120373,46.69196866314792,40,20972.205903562826,18914.857114666112,3498.180827636834,1718.4228260499608,1676.3942570412034,47854.050644276576,0.0,0.0,314.8297310271191,48168.88037530371,0,0.0,9.094947017729282e-13,0.018893916974775493,1,0,0,0,1,0.0,0,no_season,3407,no_season_seed_3407,False
161,2025-06-11,6,2,79419.10723275789,79419.10723275789,1561.080757332296,120,23778.092225280707,21415.801885294575,2533.4513334373796,1676.3942570412034,1660.0359185168227,48818.352596068085,0.0,0.0,7773.595744424871,56591.94834049295,0,0.0,9.094947017729282e-13,0.02322075003758073,1,0,0,0,1,0.0,0,no_season,3407,no_season_seed_3407,False
162,2025-06-12,6,2,81701.02483277846,81701.02483277846,0.0,0,21462.299708488794,18812.573479451792,6598.907170408139,1660.0359185168227,2190.767574932381,50992.63411355866,0.0,0.0,0.0,50992.63411355868,0,0.0,8.739675649849232e-13,0.019353833980858326,1,0,0,0,1,0.0,0,no_season,3407,no_season_seed_3407,False
163,2025-06-13,6,2,35399.46749844159,35399.46749844159,0.0,0,12868.928768415919,11492.12980535227,5677.354835377944,2190.767574932381,2285.536910923443,20611.98987722024,0.0,0.0,0.0,20611.98987722024,0,0.0,8.526512829121202e-13,0.046670999960042536,1,0,0,0,1,0.0,0,no_season,3407,no_season_seed_3407,False
164,2025-06-14,6,2,35536.31634640429,35536.31634640429,0.0,0,11995.866611613179,11138.184063093371,8485.291047884475,2285.536910923443,1925.1383318147975,20426.818239776574,0.0,0.0,0.0,20426.818239776574,0,0.0,7.958078640513122e-13,0.04180254100356251,1,0,0,0,1,0.0,0,no_season,3407,no_season_seed_3407,False
165,2025-06-15,6,2,77200.5901839745,77200.5901839745,32.25946144582565,30,22149.427621616374,19576.357626797588,4032.805317268204,1925.1383318147975,2302.6375809246792,47620.66245520627,0.0,0.0,218.50827329406997,47839.17072850035,0,0.0,9.068301665138279e-13,0.014610749902203679,1,0,0,0,1,0.0,0,no_season,3407,no_season_seed_3407,False
166,2025-06-16,6,2,77619.90963952192,77619.90963952192,14.372294463016487,20,22029.817782577706,19902.9953924805,2813.4067272210737,2302.6375809246792,2222.3585369939346,48194.70010304559,0.0,0.0,97.03461814368436,48291.734721189285,0,0.0,9.094947017729282e-13,0.015076415962539613,1,0,0,0,1,0.0,0,no_season,3407,no_season_seed_3407,False
167,2025-06-17,6,2,78630.69391263879,78630.69391263879,522.2484699855013,30,22253.579272739444,20666.52373324163,2928.8756264597996,2222.3585369939346,1549.5287432284088,48602.134450988146,0.0,0.0,3629.4530235372713,52231.587474525426,0,0.0,9.094947017729282e-13,0.014736209064722061,1,0,0,0,1,0.0,0,no_season,3407,no_season_seed_3407,False
168,2025-06-18,6,2,82929.7535264158,82929.7535264158,43.49929207442642,20,20392.867760046556,17746.464183361375,9398.458341805044,1549.5287432284088,2189.48604186339,51707.195849126685,0.0,0.0,293.30291035644575,52000.49875948315,0,0.0,8.242295734817162e-13,0.014408707967959344,1,0,0,0,1,0.0,0,no_season,3407,no_season_seed_3407,False
169,2025-06-19,6,2,77913.2727124235,77913.2727124235,104.78231231371649,20,20547.65993220261,18735.604661230976,7946.495553765587,2189.48604186339,1933.646476913339,48291.885971772346,0.0,0.0,705.5196299070112,48997.40560167935,0,0.0,9.094947017729282e-13,0.014044667012058198,1,0,0,0,1,0.0,0,no_season,3407,no_season_seed_3407,False
170,2025-06-20,6,2,34260.50608337659,34260.50608337659,0.0,0,12061.213176540143,10622.87739578032,10421.589452616769,1933.646476913339,2178.4220132625014,19860.857587720642,0.0,0.0,0.0,19860.85758772064,0,0.0,7.389644451905042e-13,0.053215709049254656,1,0,0,0,1,0.0,0,no_season,3407,no_season_seed_3407,False
171,2025-06-21,6,2,34133.73752038686,34133.73752038686,0.0,0,12840.278612789998,10958.663458129871,12917.381965726727,2178.4220132625014,2808.3343292157115,19608.109666591205,0.0,0.0,0.0,19608.109666591197,0,0.0,7.958078640513122e-13,0.04685420903842896,1,0,0,0,1,0.0,0,no_season,3407,no_season_seed_3407,False
172,2025-06-22,6,2,72895.14794003553,72895.14794003553,50.83751599763434,50,19402.611753440622,18354.42016327413,4440.452765866677,2808.3343292157115,1868.0104223748053,45035.17475361868,0.0,0.0,343.4829145573914,45378.65766817607,0,0.0,9.094947017729282e-13,0.01390366698615253,1,0,0,0,1,0.0,0,no_season,3407,no_season_seed_3407,False
173,2025-06-23,6,2,76418.40984270007,76418.40984270007,8.226905497072153,30,20844.022651741536,18808.791995113137,7330.120091568743,1868.0104223748053,1816.17899596855,47136.71101304199,0.0,0.0,55.86371693109445,47192.574729973116,0,0.0,9.059419880941277e-13,0.014360834029503167,1,0,0,0,1,0.0,0,no_season,3407,no_season_seed_3407,False
174,2025-06-24,6,2,76315.1509213495,76315.1509213495,2432.12510834693,130,22184.614262288433,20035.69233354072,329.5618509487084,1816.17899596855,1742.8779295072488,47430.76045783381,0.0,0.0,12958.647057299691,60389.407515133506,0,0.0,9.094947017729282e-13,0.01868266600649804,1,0,0,0,1,0.0,0,no_season,3407,no_season_seed_3407,False
175,2025-06-25,6,2,81880.84743469139,81880.84743469139,3.796710869221556,10,20329.710182429157,18064.788628144153,9182.301224608946,1742.8779295072488,1987.375262303905,50931.228141870204,0.0,0.0,25.563254282468737,50956.79139615268,0,0.0,9.094947017729282e-13,0.013192208018153906,1,0,0,0,1,0.0,0,no_season,3407,no_season_seed_3407,False
176,2025-06-26,6,2,76974.18206119064,76974.18206119064,48.24037741069344,30,20458.66132523562,18697.99590170686,7714.373181739252,1987.375262303905,1686.7473187310868,47584.650707174675,0.0,0.0,325.4285034892081,47910.07921066388,0,0.0,9.094947017729282e-13,0.014057875028811395,1,0,0,0,1,0.0,0,no_season,3407,no_season_seed_3407,False
177,2025-06-27,6,2,33189.7893059559,33189.7893059559,0.0,0,12979.36567522456,11068.785524239971,11507.563288304638,1686.7473187310868,2332.530357940361,18670.025195290997,0.0,0.0,0.0,18670.025195291,0,0.0,9.094947017729282e-13,0.06577374995686114,1,0,0,0,1,0.0,0,no_season,3407,no_season_seed_3407,False
178,2025-06-28,6,2,32849.53847650871,32849.53847650871,0.0,0,12163.35297969432,11215.712339411382,10124.971719559106,2332.530357940361,2049.301320137494,18312.407726168265,0.0,0.0,0.0,18312.407726168265,0,0.0,8.384404281969182e-13,0.04741437500342727,1,0,0,0,1,0.0,0,no_season,3407,no_season_seed_3407,False
179,2025-06-29,6,2,74977.75640693866,74977.75640693866,2.0664897919000396,10,20535.291674481705,18456.628467670234,3633.3911565857443,2049.301320137494,2075.7949238669394,46257.51146159562,0.0,0.0,13.97257072793212,46271.48403232357,0,0.0,9.094947017729282e-13,0.014371083001606166,1,0,0,0,1,0.0,0,no_season,3407,no_season_seed_3407,False
180,2025-06-30,6,2,76225.44633820001,76225.44633820001,73.82204207200277,20,21154.28219583965,19278.27908635824,4545.58128745726,2075.7949238669394,1823.4186982133865,47032.44054804191,0.0,0.0,497.2637455287662,47529.70429357068,0,0.0,9.094947017729282e-13,0.023136792005971074,1,0,0,0,1,0.0,0,no_season,3407,no_season_seed_3407,False
181,2025-07-01,7,2,80379.35564705232,80379.35564705232,3634.960018014389,370,21303.83783254953,19764.880955982007,3608.8147551658412,1823.4186982133865,1200.0,49924.109940996066,0.0,0.0,17318.160200262417,67242.27014125849,0,0.0,9.094947017729282e-13,0.018973666010424495,1,0,0,0,1,0.0,0,no_season,3407,no_season_seed_3407,False
182,2025-07-02,7,2,74898.688316791,74898.688316791,4337.580982266771,360,20000.5366402268,18000.48297620412,4331.44926836842,1200.0,1200.0,45886.449730610504,0.0,0.0,22895.66520011007,68782.11493072059,0,0.0,9.094947017729282e-13,0.01434350002091378,1,0,0,0,1,0.0,0,no_season,3407,no_season_seed_3407,False
183,2025-07-03,7,2,70028.26697771359,70028.26697771359,11427.909322955042,450,16957.57367335299,15261.816306017692,0.0,1200.0,1200.0,43279.784628394,0.0,0.0,67667.63881450945,110947.42344290345,0,0.0,4.547473508864641e-13,0.038933124975301325,1,0,0,0,1,0.0,0,no_season,3407,no_season_seed_3407,False
184,2025-07-04,7,2,34387.75815096246,34387.75815096246,6063.3782801103425,520,12619.012769449406,11357.11149250446,10308.367687461185,1200.0,1200.0,19457.27406889087,0.0,0.0,24701.1580384428,44158.432107333676,0,0.0,9.01057006785777e-13,0.03767458302900195,1,0,0,0,1,0.0,0,no_season,3407,no_season_seed_3407,False
185,2025-07-05,7,2,34090.099945225746,34090.099945225746,6846.271139112951,530,12352.229968775084,11117.006971897572,10911.068120794516,1200.0,1200.0,18883.926788721245,0.0,0.0,31069.18550418931,49953.11229291055,0,0.0,9.094947017729282e-13,0.045631458051502705,1,0,0,0,1,0.0,0,no_season,3407,no_season_seed_3407,False
186,2025-07-06,7,2,69375.34998563236,69375.34998563236,12257.87314171503,420,17484.99026129677,15736.4912351671,90.74255121772205,1200.0,1200.0,42857.88606126584,0.0,0.0,72334.45314027654,115192.33920154237,0,0.0,4.547473508864641e-13,0.05419454106595367,1,0,0,0,1,0.0,0,no_season,3407,no_season_seed_3407,False
187,2025-07-07,7,2,75416.8939005447,75416.8939005447,4219.5202007735115,350,20028.003169227144,17982.02447445423,4180.952639878653,1200.0,1245.5140065593284,46548.474208216,0.0,0.0,21422.120927103642,67970.59513531969,0,0.0,9.094947017729282e-13,0.014616624917834997,1,0,0,0,1,0.0,0,no_season,3407,no_season_seed_3407,False
188,2025-07-08,7,2,85580.54416460052,85580.54416460052,55.25165702597758,20,22760.793034774622,19412.69373197134,6716.309502156546,1245.5140065593284,2375.522304933253,53640.908169039154,0.0,0.0,375.7366972232754,54016.64486626246,0,0.0,9.094947017729282e-13,0.019000665983185172,1,0,0,0,1,0.0,0,no_season,3407,no_season_seed_3407,False
189,2025-07-09,7,2,85799.40329338942,85799.40329338942,21.68241743214901,20,19340.251567773674,17096.7645160042,9518.873642385424,2375.522304933253,2701.7237840022294,54516.381958044825,0.0,0.0,146.2216637095401,54662.60362175437,0,0.0,9.094947017729282e-13,0.018376583931967616,1,0,0,0,1,0.0,0,no_season,3407,no_season_seed_3407,False
190,2025-07-10,7,2,84728.69529494547,84728.69529494547,14.338365009047152,20,19821.947101157028,18175.60239451194,10243.065569976101,2701.7237840022294,2347.70679628803,53641.24967587248,0.0,0.0,96.6211053779233,53737.87078125043,0,0.0,9.094947017729282e-13,0.014373249956406653,1,0,0,0,1,0.0,0,no_season,3407,no_season_seed_3407,False
191,2025-07-11,7,2,43886.0654743475,43886.0654743475,0.0,0,13561.801799528788,11653.017154832301,9458.50367965101,2347.70679628803,2930.203047544032,26525.550603864274,0.0,0.0,0.0,26525.550603864285,0,0.0,9.094947017729282e-13,0.06162995798513293,1,0,0,0,1,0.0,0,no_season,3407,no_season_seed_3407,False
192,2025-07-12,7,2,42989.50370556617,42989.50370556617,0.0,0,12572.46735103001,11715.322852586269,11048.115873789095,2930.203047544032,2508.4582592870393,25751.48300578093,0.0,0.0,0.0,25751.48300578093,0,0.0,9.094947017729282e-13,0.04226779192686081,1,0,0,0,1,0.0,0,no_season,3407,no_season_seed_3407,False
193,2025-07-13,7,2,85286.80547158781,85286.80547158781,90.7646273115788,30,18356.840357796227,16690.096930292762,14443.106271395925,2508.4582592870393,2330.3792221380495,53917.176789650395,0.0,0.0,610.9687660375544,54528.14555568795,0,0.0,9.094947017729282e-13,0.014960791915655136,1,0,0,0,1,0.0,0,no_season,3407,no_season_seed_3407,False
194,2025-07-14,7,2,81436.78536060343,81436.78536060343,16.12378569426221,20,18412.96187367383,16671.78434674321,7904.052402700407,2330.3792221380495,2224.844887716328,51263.095302309106,0.0,0.0,108.59130758716518,51371.68660989626,0,0.0,9.094947017729282e-13,0.014748916029930115,1,0,0,0,1,0.0,0,no_season,3407,no_season_seed_3407,False
195,2025-07-15,7,2,83209.34787207685,83209.34787207685,0.0,0,19265.50922538149,16595.91799597612,7790.706059338141,2224.844887716328,3008.0781420532758,52540.15196592022,0.0,0.0,0.0,52540.15196592024,0,0.0,8.881784197001252e-13,0.018699708045460284,1,0,0,0,1,0.0,0,no_season,3407,no_season_seed_3407,False
196,2025-07-16,7,2,83708.64408648686,83708.64408648686,12.941140460742872,10,18689.80927407059,17198.736247127294,10095.948816670969,3008.0781420532758,2609.7282383073825,52893.30103547999,0.0,0.0,87.43681552300922,52980.737851003,0,0.0,9.00612917575927e-13,0.01849124999716878,1,0,0,0,1,0.0,0,no_season,3407,no_season_seed_3407,False
197,2025-07-17,7,2,82174.04406540666,82174.04406540666,0.0,0,20486.445033201977,18528.873108780455,7496.05607431847,2609.7282383073825,2513.729311072318,51966.67515036459,0.0,0.0,0.0,51966.675150364594,0,0.0,8.313350008393172e-13,0.014807874918915331,1,0,0,0,1,0.0,0,no_season,3407,no_season_seed_3407,False
198,2025-07-18,7,2,43610.418253053904,43610.418253053904,0.0,0,12836.321375516362,11021.325945402423,10521.174722939966,2513.729311072318,3073.835400906746,26311.618433253545,0.0,0.0,0.0,26311.618433253538,0,0.0,9.094947017729282e-13,0.04833391704596579,1,0,0,0,1,0.0,0,no_season,3407,no_season_seed_3407,False
199,2025-07-19,7,2,42420.92690364265,42420.92690364265,0.0,0,11790.406130463072,10975.549190293497,14423.250913473074,3073.835400906746,2689.9521032613584,25508.237121653918,0.0,0.0,0.0,25508.237121653918,0,0.0,7.958078640513122e-13,0.042295999941416085,1,0,0,0,1,0.0,0,no_season,3407,no_season_seed_3407,False
200,2025-07-20,7,2,80661.99385358958,80661.99385358958,0.0,0,18579.435145397252,17094.31371179683,7086.894203322507,2689.9521032613584,2296.963124004073,51220.686107978334,0.0,0.0,0.0,51220.68610797836,0,0.0,9.094947017729282e-13,0.013890290982089937,1,0,0,0,1,0.0,0,no_season,3407,no_season_seed_3407,False
201,2025-07-21,7,2,83711.28106442161,83711.28106442161,0.0,0,19470.426652234062,17166.367057906715,7417.472120094255,2296.963124004073,2673.292010406512,52998.11147155025,0.0,0.0,0.0,52998.11147155023,0,0.0,8.72191208145523e-13,0.017952291993424296,1,0,0,0,1,0.0,0,no_season,3407,no_season_seed_3407,False
202,2025-07-22,7,2,84820.83566043596,84820.83566043596,35.83999987687764,20,19366.510667277053,17818.213715271893,9513.234091641003,2673.292010406512,2263.9308299993177,53782.95631309949,0.0,0.0,241.70193969526696,54024.65825279476,0,0.0,8.952838470577262e-13,0.01804979203734547,1,0,0,0,1,0.0,0,no_season,3407,no_season_seed_3407,False
203,2025-07-23,7,2,84744.27551960672,84744.27551960672,0.0,0,21029.758467701467,18650.01995561616,8147.989890854742,2263.9308299993177,2555.664294564244,53521.5506117435,0.0,0.0,0.0,53521.55061174349,0,0.0,8.881784197001252e-13,0.018983041984029114,1,0,0,0,1,0.0,0,no_season,3407,no_season_seed_3407,False
204,2025-07-24,7,2,83853.6372877174,83853.6372877174,0.0,0,19095.593731101268,16826.839367707158,7968.410924323294,2555.664294564244,2934.289059037386,53086.034681051664,0.0,0.0,0.0,53086.03468105164,0,0.0,9.094947017729282e-13,0.013764541945420206,1,0,0,0,1,0.0,0,no_season,3407,no_season_seed_3407,False
205,2025-07-25,7,2,42303.35781207045,42303.35781207045,0.0,0,12465.743849975333,11200.426333176107,14532.720728604554,2934.289059037386,2954.046054696747,25561.214381131365,0.0,0.0,0.0,25561.21438113136,0,0.0,7.993605777301127e-13,0.04773287498392165,1,0,0,0,1,0.0,0,no_season,3407,no_season_seed_3407,False
206,2025-07-26,7,2,42005.19572007381,42005.19572007381,0.0,0,12708.769331972304,11407.12631550827,12234.461136943111,2954.046054696747,2986.476353965244,25318.367290832197,0.0,0.0,0.0,25318.367290832197,0,0.0,7.389644451905042e-13,0.03640087507665157,1,0,0,0,1,0.0,0,no_season,3407,no_season_seed_3407,False
207,2025-07-27,7,2,81397.90057552356,81397.90057552356,6.225068264714309,10,20794.24483443144,19298.08599510038,6222.777004457202,2986.476353965244,2371.6603818587905,51153.87409186963,0.0,0.0,41.913384626321445,51195.787476495934,0,0.0,9.094947017729282e-13,0.014216791023500264,1,0,0,0,1,0.0,0,no_season,3407,no_season_seed_3407,False
208,2025-07-28,7,2,83230.81057260802,83230.81057260802,0.0,0,20858.149680795374,18934.759863831852,3352.5435223111754,2371.6603818587905,2200.4492395842444,52717.25514958783,0.0,0.0,0.0,52717.25514958786,0,0.0,9.023892744153272e-13,0.014856207999400795,1,0,0,0,1,0.0,0,no_season,3407,no_season_seed_3407,False
209,2025-07-29,7,2,88596.03341548244,88596.03341548244,36.922285907467995,20,20208.954144193223,17744.69510680569,10099.45071400238,2200.4492395842444,2667.7955329988145,55954.08516467427,0.0,0.0,248.6765553261646,56202.76172000044,0,0.0,9.094947017729282e-13,0.023142750025726855,1,0,0,0,1,0.0,0,no_season,3407,no_season_seed_3407,False
210,2025-07-30,7,2,86302.74746587712,86302.74746587712,0.0,0,19603.593045395868,17308.395729836466,9904.296100317722,2667.7955329988145,3020.745787006534,54525.65482754696,0.0,0.0,0.0,54525.654827546954,0,0.0,9.094947017729282e-13,0.014817208983004093,1,0,0,0,1,0.0,0,no_season,3407,no_season_seed_3407,False
211,2025-07-31,7,2,83219.50941384531,83219.50941384531,0.0,0,20011.773194548787,18604.26779245332,7117.007745083186,3020.745787006534,2394.960639761542,52526.21848620525,0.0,0.0,0.0,52526.21848620526,0,0.0,9.094947017729282e-13,0.01817816693801433,1,0,0,0,1,0.0,0,no_season,3407,no_season_seed_3407,False
212,2025-08-01,8,2,40009.76333900429,40009.76333900429,0.0,0,12635.122414165317,11528.980283469808,17652.26154164211,2394.960639761542,2229.077977924437,23608.32376874017,0.0,0.0,0.0,23608.323768740178,0,0.0,9.094947017729282e-13,0.04540429206099361,1,0,0,0,1,0.0,0,no_season,3407,no_season_seed_3407,False
213,2025-08-02,8,2,39389.95788545674,39389.95788545674,0.0,0,12855.35759972441,11414.350381807526,17021.925734206518,2229.077977924437,2392.9592840082796,23238.100094648435,0.0,0.0,0.0,23238.100094648427,0,0.0,8.171241461241152e-13,0.05037999991327524,1,0,0,0,1,0.0,0,no_season,3407,no_season_seed_3407,False
214,2025-08-03,8,2,74137.59022088302,74137.59022088302,128.7754137777614,60,17695.962303754564,16743.021655717388,10473.94500329027,2392.9592840082796,1532.1287159815693,47083.82884693858,0.0,0.0,868.16592952844,47951.99477646701,0,0.0,9.094947017729282e-13,0.030377165996469557,1,0,0,0,1,0.0,0,no_season,3407,no_season_seed_3407,False
215,2025-08-04,8,2,70405.83470166856,70405.83470166856,42.64043126153456,10,19513.632830998307,16979.798663261186,2498.985881859637,1532.1287159815693,2146.1069380439058,44895.925049884274,0.0,0.0,287.0980236839122,45183.0230735682,0,0.0,9.094947017729282e-13,0.0370518749114126,1,0,0,0,1,0.0,0,no_season,3407,no_season_seed_3407,False
216,2025-08-05,8,2,72159.54578535011,72159.54578535011,1.7715465521573606,10,18612.49247702342,16791.0540647246,5187.569186270108,2146.1069380439058,2104.142632900841,46122.811285273754,0.0,0.0,11.934023348608058,46134.745308622354,0,0.0,8.952838470577262e-13,0.03591533296275884,1,0,0,0,1,0.0,0,no_season,3407,no_season_seed_3407,False
217,2025-08-06,8,2,73633.4908046805,73633.4908046805,27.00969809155697,10,18805.96180449939,17681.947957739405,4422.087389345413,2104.142632900841,1306.6348289322414,46641.13541362365,0.0,0.0,188.41965388670144,46829.555067510366,0,0.0,9.094947017729282e-13,0.039231167058460414,1,0,0,0,1,0.0,0,no_season,3407,no_season_seed_3407,False
218,2025-08-07,8,2,75524.62671824444,75524.62671824444,5.230617797249579,10,19717.094391454244,17189.205217238734,9613.982911826184,1306.6348289322414,1892.899746015744,48226.11229305264,0.0,0.0,35.34066914711678,48261.45296219975,0,0.0,8.952838470577262e-13,0.05329212499782443,1,0,0,0,1,0.0,0,no_season,3407,no_season_seed_3407,False
219,2025-08-08,8,2,39955.47339587065,39955.47339587065,0.0,0,13188.554794421467,11689.73771213349,22681.485063582677,1892.899746015744,2082.5959314715656,23492.70141885308,0.0,0.0,0.0,23492.70141885309,0,0.0,6.821210263296962e-13,0.05568650003988296,1,0,0,0,1,0.0,0,no_season,3407,no_season_seed_3407,False
220,2025-08-09,8,2,39315.571365309035,39315.571365309035,0.0,0,12957.538870975746,11724.517497866298,19160.620992199583,2082.5959314715656,2016.4700556212815,23117.08551799897,0.0,0.0,0.0,23117.08551799897,0,0.0,9.094947017729282e-13,0.06899483292363584,1,0,0,0,1,0.0,0,no_season,3407,no_season_seed_3407,False
221,2025-08-10,8,2,73971.03638822223,73971.03638822223,0.0,0,18390.525741829435,16088.187967646052,6364.079564038851,2016.4700556212815,2504.8155350372886,47132.517692591144,0.0,0.0,0.0,47132.51769259113,0,0.0,8.668621376273222e-13,0.07081412500701845,1,0,0,0,1,0.0,0,no_season,3407,no_season_seed_3407,False
222,2025-08-11,8,2,73618.08158223244,73618.08158223244,97.86492471364159,40,18936.143644151318,17594.76327373475,7813.312803196192,2504.8155350372886,1922.7097942348778,46801.33616018272,0.0,0.0,659.4401704361447,47460.77633061887,0,0.0,9.094947017729282e-13,0.03892504202667624,1,0,0,0,1,0.0,0,no_season,3407,no_season_seed_3407,False
223,2025-08-12,8,2,71627.58309562449,71627.58309562449,102.281945006652,40,19038.63934377076,17071.94912302571,2002.631169886089,1922.7097942348778,1988.934514852471,45542.679388671524,0.0,0.0,689.3869514498622,46232.06634012138,0,0.0,8.881784197001252e-13,0.055123583995737135,1,0,0,0,1,0.0,0,no_season,3407,no_season_seed_3407,False
224,2025-08-13,8,2,74361.08791216335,74361.08791216335,114.8418361622821,40,18947.34645651147,16673.09812044316,6080.7019622573225,1988.934514852471,2388.977069830554,47237.4383209435,0.0,0.0,775.3041413022266,48012.74246224573,0,0.0,9.094947017729282e-13,0.040261083049699664,1,0,0,0,1,0.0,0,no_season,3407,no_season_seed_3407,False
225,2025-08-14,8,2,72074.5360494326,72074.5360494326,122.04962401189312,40,19992.622730470193,18568.014233694194,4845.686193335156,2388.977069830554,1783.2388034861362,45445.640835712846,0.0,0.0,835.6518319230148,46281.29266763585,0,0.0,9.094947017729282e-13,0.035633333027362823,1,0,0,0,1,0.0,0,no_season,3407,no_season_seed_3407,False
226,2025-08-15,8,2,39548.373700733864,39548.373700733864,0.0,0,13696.821503265313,12267.404094323607,20959.22940845883,1783.2388034861362,1846.2052947671882,23148.66868117733,0.0,0.0,0.0,23148.668681177332,0,0.0,7.105427357601002e-13,0.04832941701170057,1,0,0,0,1,0.0,0,no_season,3407,no_season_seed_3407,False
227,2025-08-16,8,2,39743.67250591952,39743.67250591952,0.0,0,13520.64006626598,12002.492618891383,21296.244691878263,1846.2052947671882,2021.2726129009516,23225.706881914106,0.0,0.0,0.0,23225.7068819141,0,0.0,7.851497230149107e-13,0.044287499971687794,1,0,0,0,1,0.0,0,no_season,3407,no_season_seed_3407,False
228,2025-08-17,8,2,70340.08874832865,70340.08874832865,97.98439160035957,40,19196.30061009099,17144.88156697902,5221.260480150368,2021.2726129009516,2160.1903975543655,45199.92168900665,0.0,0.0,660.026550677963,45859.94823968463,0,0.0,9.094947017729282e-13,0.03334958397317678,1,0,0,0,1,0.0,0,no_season,3407,no_season_seed_3407,False
229,2025-08-18,8,2,71098.89509505543,71098.89509505543,116.98327543187077,50,19556.789279971825,17501.795103377404,4766.768577226208,2160.1903975543655,2264.877861538742,45332.10564858554,0.0,0.0,794.8080426150899,46126.91369120063,0,0.0,9.094947017729282e-13,0.034008749993517995,1,0,0,0,1,0.0,0,no_season,3407,no_season_seed_3407,False
230,2025-08-19,8,2,72043.17444356033,72043.17444356033,75.1650189604328,30,18228.72567022899,16625.071418476353,6197.025160768129,2264.877861538742,2033.8014678457769,46145.3062319859,0.0,0.0,507.2405694844699,46652.54680147035,0,0.0,8.881784197001252e-13,0.034769374993629754,1,0,0,0,1,0.0,0,no_season,3407,no_season_seed_3407,False
231,2025-08-20,8,2,72038.78295077277,72038.78295077277,1101.9242890638352,100,20509.904944177375,18936.9089862572,917.020215249762,2033.8014678457769,1529.9509863628432,46090.34941230945,0.0,0.0,6468.416355557191,52558.765767866644,0,0.0,8.952838470577262e-13,0.06716350000351667,1,0,0,0,1,0.0,0,no_season,3407,no_season_seed_3407,False
232,2025-08-21,8,2,78110.58750362968,78110.58750362968,0.0,0,18290.14963427272,16023.752974617732,9999.772360641362,1529.9509863628432,1990.9917753453224,49204.12243886239,0.0,0.0,0.0,49204.12243886242,0,0.0,8.948397578478762e-13,0.03464670793619007,1,0,0,0,1,0.0,0,no_season,3407,no_season_seed_3407,False
233,2025-08-22,8,2,38834.55714111894,38834.55714111894,381.00891785955145,30,13436.736930401405,12466.163099288402,17014.42282786549,1990.9917753453224,1597.7099892172905,22567.814113909993,0.0,0.0,2252.5481079356446,24820.362221845633,0,0.0,8.952838470577262e-13,0.07022887491621077,1,0,0,0,1,0.0,0,no_season,3407,no_season_seed_3407,False
234,2025-08-23,8,2,40474.71198414522,40474.71198414522,0.0,0,13345.927457977205,11600.721323759566,16199.499699927583,1597.7099892172905,2030.5345042727392,23826.35246541313,0.0,0.0,0.0,23826.352465413125,0,0.0,7.958078640513122e-13,0.05601416702847928,1,0,0,0,1,0.0,0,no_season,3407,no_season_seed_3407,False
235,2025-08-24,8,2,75315.60486057654,75315.60486057654,0.0,0,19777.927546880746,17676.498599228966,9480.586429591427,2030.5345042727392,2160.8584946051983,47755.16841212511,0.0,0.0,0.0,47755.1684121251,0,0.0,8.952838470577262e-13,0.07915408303961158,1,0,0,0,1,0.0,0,no_season,3407,no_season_seed_3407,False
236,2025-08-25,8,2,71229.08322131395,71229.08322131395,1820.413391823403,50,17892.95189437775,16593.262238754152,976.7199408470844,2160.8584946051983,1644.768947313396,46031.293770264914,0.0,0.0,12447.298110963142,58478.59188122804,0,0.0,9.094947017729282e-13,0.034187749959528446,1,0,0,0,1,0.0,0,no_season,3407,no_season_seed_3407,False
237,2025-08-26,8,2,79652.02025582583,79652.02025582583,20.912931924087047,20,19664.967334785008,16835.044172165723,11314.191641797292,1644.768947313396,2554.900316670349,50311.771510575374,0.0,0.0,145.64978725851265,50457.42129783389,0,0.0,9.094947017729282e-13,0.01431633299216628,1,0,0,0,1,0.0,0,no_season,3407,no_season_seed_3407,False
238,2025-08-27,8,2,72135.34999143657,72135.34999143657,13.186917888451717,10,20383.892731074353,18713.647436261595,2564.142747845592,2554.900316670349,2166.842490574766,46453.643349164915,0.0,0.0,88.7875181429454,46542.430867307834,0,0.0,9.094947017729282e-13,0.030958125018514693,1,0,0,0,1,0.0,0,no_season,3407,no_season_seed_3407,False
239,2025-08-28,8,2,74967.4344089235,74967.4344089235,104.7569422031986,30,20515.703194812682,18531.727178393914,2320.4203513745942,2166.842490574766,2095.5918390650277,47926.183300150646,0.0,0.0,705.8956226921267,48632.078922842775,0,0.0,9.094947017729282e-13,0.039997874991968274,1,0,0,0,1,0.0,0,no_season,3407,no_season_seed_3407,False
240,2025-08-29,8,2,40402.8503838973,40402.8503838973,0.0,0,14157.47416020575,12578.294771611567,16268.450645303117,2095.5918390650277,2267.864264340615,23972.83130750675,0.0,0.0,0.0,23972.83130750675,0,0.0,9.094947017729282e-13,0.04272787505760789,1,0,0,0,1,0.0,0,no_season,3407,no_season_seed_3407,False
241,2025-08-30,8,2,41078.172434261105,41078.172434261105,0.0,0,12577.807705379591,11650.940293635482,21638.58518918366,2267.864264340615,1919.0509570189226,24314.8317174801,0.0,0.0,0.0,24314.83171748011,0,0.0,8.242295734817162e-13,0.050923375063575804,1,0,0,0,1,0.0,0,no_season,3407,no_season_seed_3407,False
242,2025-08-31,8,2,71821.85305710658,71821.85305710658,67.54622374312748,40,20571.74205897461,18072.994696857993,2744.028835399742,1919.0509570189226,2384.5099327662183,46336.84448102228,0.0,0.0,455.3645685429575,46792.20904956524,0,0.0,9.094947017729282e-13,0.038436542032286525,1,0,0,0,1,0.0,0,no_season,3407,no_season_seed_3407,False
243,2025-09-01,9,2,75909.77950144294,75909.77950144294,0.0,0,19865.580271508858,14450.197986563115,16920.262683163877,2384.5099327662183,5998.808049788916,48121.13431825242,0.0,0.0,0.0,48121.134318252414,0,0.0,8.810729923425242e-13,0.03270191699266434,1,0,0,0,1,0.0,0,no_season,3407,no_season_seed_3407,False
244,2025-09-02,9,2,71619.97253924218,71619.97253924218,0.0,0,17886.401865646847,16309.842021936494,15985.65684553183,5998.808049788916,5775.255739665883,46261.09186607015,0.0,0.0,0.0,46261.09186607017,0,0.0,7.958078640513122e-13,0.06056033296044916,1,0,0,0,1,0.0,0,no_season,3407,no_season_seed_3407,False
245,2025-09-03,9,2,71909.44559898305,71909.44559898305,0.0,0,15634.81124305385,13950.444208662962,14677.361314592166,5775.255739665883,5902.68067729672,46339.344923557095,0.0,0.0,0.0,46339.34492355708,0,0.0,7.958078640513122e-13,0.03819941601250321,1,0,0,0,1,0.0,0,no_season,3407,no_season_seed_3407,False
246,2025-09-04,9,2,73493.2575858494,73493.2575858494,0.0,0,17483.87873251395,15723.018524160874,17806.83182749632,5902.68067729672,5915.8276728507835,47723.45337648885,0.0,0.0,0.0,47723.45337648885,0,0.0,7.958078640513122e-13,0.02958058298099786,1,0,0,0,1,0.0,0,no_season,3407,no_season_seed_3407,False
247,2025-09-05,9,2,38169.059115778386,38169.059115778386,0.0,0,13583.40307361014,11605.015260774764,29366.409636276345,5915.8276728507835,6569.415131119018,23500.26702464142,0.0,0.0,0.0,23500.267024641416,0,0.0,9.094947017729282e-13,0.03698029194492847,1,0,0,0,1,0.0,0,no_season,3407,no_season_seed_3407,False
248,2025-09-06,9,2,37571.64123184753,37571.64123184753,0.0,0,14407.146162677014,12281.485846279964,27724.897215450477,6569.415131119018,7291.4112931014915,23132.640673760532,0.0,0.0,0.0,23132.640673760536,0,0.0,8.881784197001252e-13,0.047102457960136235,1,0,0,0,1,0.0,0,no_season,3407,no_season_seed_3407,False
249,2025-09-07,9,2,68371.49295971372,68371.49295971372,0.0,0,14992.331904095674,14881.884472199381,13300.06191115077,7291.4112931014915,5827.502566799319,44931.339739707146,0.0,0.0,0.0,44931.33973970717,0,0.0,9.094947017729282e-13,0.038823624956421554,1,0,0,0,1,0.0,0,no_season,3407,no_season_seed_3407,False
250,2025-09-08,9,2,59778.496909159556,59778.496909159556,646.5593822099561,10,15170.117437151424,17695.92375710427,3555.293077989022,5827.502566799319,1565.9981511785008,37371.661531070116,0.0,0.0,4510.398250296654,41882.05978136676,0,0.0,9.094947017729282e-13,0.03290933300741017,1,0,0,0,1,0.0,0,no_season,3407,no_season_seed_3407,False
251,2025-09-09,9,2,68834.40427146625,68834.40427146625,9.099616666666634,10,19727.37076504175,17061.81361926272,13075.112475687216,1565.9981511785008,2296.2946270398897,42494.02184434268,0.0,0.0,60.96743166666645,42554.989276009364,0,0.0,8.846257060213247e-13,0.037875000038184226,1,0,0,0,1,0.0,0,no_season,3407,no_season_seed_3407,False
252,2025-09-10,9,2,62873.45553559166,62873.45553559166,1263.809476085051,80,19964.518969137273,18128.08117717827,984.8285697177038,2296.2946270398897,2127.6249505698415,39592.8006769051,0.0,0.0,7830.975130867499,47423.77580777259,0,0.0,9.094947017729282e-13,0.033701500040479004,1,0,0,0,1,0.0,0,no_season,3407,no_season_seed_3407,False
253,2025-09-11,9,2,70445.13111253688,70445.13111253688,0.0,0,18562.809762809946,16317.841046185902,14704.076612579505,2127.6249505698415,2537.3378032592236,43655.97831983816,0.0,0.0,0.0,43655.978319838156,0,0.0,8.988365607365267e-13,0.019028499955311418,1,0,0,0,1,0.0,0,no_season,3407,no_season_seed_3407,False
254,2025-09-12,9,2,31930.254893486577,31930.254893486577,0.0,0,13420.238375622595,11894.219279501705,18852.579597365686,2537.3378032592236,2731.285835164844,17924.77613875459,0.0,0.0,0.0,17924.77613875459,0,0.0,9.094947017729282e-13,0.05333658400923014,1,0,0,0,1,0.0,0,no_season,3407,no_season_seed_3407,False
255,2025-09-13,9,2,32878.54099584451,32878.54099584451,0.0,0,13245.749952618376,11696.371854317373,23322.061414210173,2731.285835164844,2968.249112057281,18358.744845085635,0.0,0.0,0.0,18358.744845085635,0,0.0,8.899547765395255e-13,0.04769679205492139,1,0,0,0,1,0.0,0,no_season,3407,no_season_seed_3407,False
256,2025-09-14,9,2,61215.911499897265,61215.911499897265,169.4233665005096,30,18248.958632794125,17843.28018659792,880.3316702015643,2968.249112057281,1472.2626010692477,38580.02019596983,0.0,0.0,1085.8142488984686,39665.834444868306,0,0.0,9.094947017729282e-13,0.036857833969406784,1,0,0,0,1,0.0,0,no_season,3407,no_season_seed_3407,False
257,2025-09-15,9,2,68889.8068844532,68889.8068844532,1.1717666666665991,10,20413.107017593495,17779.8620890827,11190.70308927574,1472.2626010692477,2096.21606158429,42313.10331682313,0.0,0.0,7.8936061499995445,42320.996922973136,0,0.0,8.881784197001252e-13,0.033334124949760735,1,0,0,0,1,0.0,0,no_season,3407,no_season_seed_3407,False
258,2025-09-16,9,2,64393.16797275904,64393.16797275904,8.238266666666732,10,19440.977671713856,17744.070082222723,3212.7286666012424,2096.21606158429,1835.6547360205197,40507.55366668713,0.0,0.0,55.3817476666671,40562.935414353786,0,0.0,9.094947017729282e-13,0.04925512499175966,1,0,0,0,1,0.0,0,no_season,3407,no_season_seed_3407,False
259,2025-09-17,9,2,68536.16325498195,68536.16325498195,0.0,0,20835.59673611007,18315.6900107773,6056.138129649191,1835.6547360205197,2295.604913933873,42227.90978938972,0.0,0.0,0.0,42227.90978938973,0,0.0,9.094947017729282e-13,0.04660091700498015,1,0,0,0,1,0.0,0,no_season,3407,no_season_seed_3407,False
260,2025-09-18,9,2,68567.61533490426,68567.61533490426,0.0,0,19618.6794144521,17917.45684725384,7910.34165103935,2295.604913933873,2020.8605658647516,42622.314816056176,0.0,0.0,0.0,42622.314816056176,0,0.0,8.810729923425242e-13,0.036018165992572904,1,0,0,0,1,0.0,0,no_season,3407,no_season_seed_3407,False
261,2025-09-19,9,2,33202.28066202104,33202.28066202104,0.0,0,14554.165154591261,12252.125842336844,14798.889033099957,2020.8605658647516,2913.279351496425,18371.92260551546,0.0,0.0,0.0,18371.92260551545,0,0.0,9.094947017729282e-13,0.04733762505929917,1,0,0,0,1,0.0,0,no_season,3407,no_season_seed_3407,False
262,2025-09-20,9,2,32759.90207751638,32759.90207751638,0.0,0,13920.636922961325,12575.374311405847,15769.205732627568,2913.279351496425,2863.9466807971203,18455.23332144062,0.0,0.0,0.0,18455.233321440628,0,0.0,9.094947017729282e-13,0.04413549997843802,1,0,0,0,1,0.0,0,no_season,3407,no_season_seed_3407,False
263,2025-09-21,9,2,68752.90679469111,68752.90679469111,0.0,0,17785.931621141484,16533.19873083334,9212.686421049626,2863.9466807971203,2309.6412841630563,43084.59168565956,0.0,0.0,0.0,43084.59168565957,0,0.0,9.094947017729282e-13,0.06996041594538838,1,0,0,0,1,0.0,0,no_season,3407,no_season_seed_3407,False
264,2025-09-22,9,2,65912.91406124945,65912.91406124945,10.906666666666524,10,20222.937483210648,18730.3229178396,3817.1862792117317,2309.6412841630563,1751.3104017300361,40697.904794835275,0.0,0.0,73.52183999999905,40771.42663483528,0,0.0,9.094947017729282e-13,0.03751462500076741,1,0,0,0,1,0.0,0,no_season,3407,no_season_seed_3407,False
265,2025-09-23,9,2,70132.40746017861,70132.40746017861,10.94914017293604,20,21276.86584468923,18524.533070860096,5274.408243189075,1751.3104017300361,2409.7452984377337,43485.92711512885,0.0,0.0,73.39104657970046,43559.318161708565,0,0.0,8.917311333789257e-13,0.030536958016455173,1,0,0,0,1,0.0,0,no_season,3407,no_season_seed_3407,False
266,2025-09-24,9,2,70644.54728349336,70644.54728349336,0.0,0,20865.551506481155,18458.825230557944,7174.595907570165,2409.7452984377337,2747.23529740054,43948.98326009015,0.0,0.0,0.0,43948.98326009016,0,0.0,9.050538096744276e-13,0.03157404100056738,1,0,0,0,1,0.0,0,no_season,3407,no_season_seed_3407,False
267,2025-09-25,9,2,69087.8562123764,69087.8562123764,7.128042061396286,10,19043.748108114247,17567.827065827376,7283.614312150929,2747.23529740054,2295.6053705271506,43294.4900699496,0.0,0.0,47.99310719938119,43342.48317714896,0,0.0,9.094947017729282e-13,0.029446542030200362,1,0,0,0,1,0.0,0,no_season,3407,no_season_seed_3407,False
268,2025-09-26,9,2,34058.87953574557,34058.87953574557,0.0,0,14108.265607455425,12284.055544898169,14540.425973188303,2295.6053705271506,2731.349841480944,18991.348453634335,0.0,0.0,0.0,18991.348453634328,0,0.0,7.958078640513122e-13,0.055522667011246085,1,0,0,0,1,0.0,0,no_season,3407,no_season_seed_3407,False
269,2025-09-27,9,2,33513.116517147675,33513.116517147675,0.0,0,14007.6331662588,13099.832274869274,14804.01337575815,2731.349841480944,2211.7218199384924,18861.79989979904,0.0,0.0,0.0,18861.79989979904,0,0.0,8.206768598029157e-13,0.053090125089511275,1,0,0,0,1,0.0,0,no_season,3407,no_season_seed_3407,False
270,2025-09-28,9,2,70431.37317393033,70431.37317393033,474.77126543112183,60,20910.27854739519,18946.06389376605,5454.300619065654,2211.7218199384924,2078.0489689765664,43916.62745778021,0.0,0.0,2353.9862278064634,46270.61368558669,0,0.0,8.952838470577262e-13,0.03456133394502103,1,0,0,0,1,0.0,0,no_season,3407,no_season_seed_3407,False
271,2025-09-29,9,2,72387.42560555815,72387.42560555815,26.015016666666725,20,20700.204875260737,18662.483932910975,7615.82807987506,2078.0489689765664,2044.0022589283467,44936.682597310435,0.0,0.0,134.73625666666706,45071.41885397711,0,0.0,9.094947017729282e-13,0.014723959029652178,1,0,0,0,1,0.0,0,no_season,3407,no_season_seed_3407,False
272,2025-09-30,9,2,71348.2757228404,71348.2757228404,7.062992616080919,10,22036.004472482942,19576.53334588247,3473.692822189337,2044.0022589283467,2313.71363666418,44695.15723765196,0.0,0.0,47.72110961055073,44742.87834726252,0,0.0,9.094947017729282e-13,0.05103637499269098,1,0,0,0,1,0.0,0,no_season,3407,no_season_seed_3407,False
273,2025-10-01,10,2,71160.26491279052,71160.26491279052,0.0,0,18896.87468005328,15570.839990770897,18172.70869017481,2313.71363666418,3827.756546693956,44079.4026597133,0.0,0.0,0.0,44079.402659713305,0,0.0,8.255618411112664e-13,0.029821124975569546,1,0,0,0,1,0.0,0,no_season,3407,no_season_seed_3407,False
274,2025-10-02,10,2,59071.65361167857,59071.65361167857,0.0,0,19675.72180646204,17811.183620816922,5476.332309366793,3827.756546693956,3719.149179817346,37147.928587550756,0.0,0.0,0.0,37147.928587550756,0,0.0,9.094947017729282e-13,0.032060083001852036,1,0,0,0,1,0.0,0,no_season,3407,no_season_seed_3407,False
275,2025-10-03,10,2,27899.006577392538,27899.006577392538,99.50046267526739,30,13162.254233681695,12222.962877708385,19242.061984094493,3719.149179817346,3321.8257862576265,15201.938222442468,0.0,0.0,376.5412190319491,15578.479441474417,0,0.0,9.094947017729282e-13,0.046140541904605925,1,0,0,0,1,0.0,0,no_season,3407,no_season_seed_3407,False
276,2025-10-04,10,2,30456.570483323863,30456.570483323863,0.0,0,13874.646589426633,12256.855957983402,15742.7974185473,3321.8257862576265,3564.6106787226577,16759.81835385135,0.0,0.0,0.0,16759.818353851348,0,0.0,8.526512829121202e-13,0.0433325000340119,1,0,0,0,1,0.0,0,no_season,3407,no_season_seed_3407,False
277,2025-10-05,10,2,66252.89305256729,66252.89305256729,0.0,0,18998.663871629687,17068.100558375285,9586.368672646227,3564.6106787226577,3596.968079927584,41028.871034591226,0.0,0.0,0.0,41028.87103459122,0,0.0,8.988365607365267e-13,0.04737087502144277,1,0,0,0,1,0.0,0,no_season,3407,no_season_seed_3407,False
278,2025-10-06,10,2,64573.35009487994,64573.35009487994,0.0,0,19132.524063820994,17435.64492445499,5143.361705513938,3596.968079927584,3368.89063041337,40251.89548949305,0.0,0.0,0.0,40251.89548949307,0,0.0,8.881784197001252e-13,0.04338245908729732,1,0,0,0,1,0.0,0,no_season,3407,no_season_seed_3407,False
279,2025-10-07,10,2,67207.09295300841,67207.09295300841,0.0,0,20292.335559457377,18076.62164202433,7219.81603557536,3368.89063041337,3565.4581908105215,41708.74771334122,0.0,0.0,0.0,41708.7477133412,0,0.0,9.094947017729282e-13,0.032144041964784265,1,0,0,0,1,0.0,0,no_season,3407,no_season_seed_3407,False
280,2025-10-08,10,2,61089.214584202244,61089.214584202244,0.0,0,18957.399169258435,18690.333489077602,4343.653237354747,3565.4581908105215,1848.6848059603512,37164.43986781915,0.0,0.0,0.0,37164.43986781916,0,0.0,8.659739592076221e-13,0.05499674996826798,1,0,0,0,1,0.0,0,no_season,3407,no_season_seed_3407,False
281,2025-10-09,10,2,61347.21903074125,61347.21903074125,328.9019422162813,30,20670.66166082279,18966.736860159363,4212.214488960777,1848.6848059603512,1465.9001968446605,36957.62993532822,0.0,0.0,2232.981425769127,39190.61136109737,0,0.0,8.988365607365267e-13,0.054131084005348384,1,0,0,0,1,0.0,0,no_season,3407,no_season_seed_3407,False
282,2025-10-10,10,2,28832.506161768622,28832.506161768622,630.0257010679995,100,14856.266101806465,13622.894567320696,18885.549411684184,1465.9001968446605,1200.0,14796.607336475558,0.0,0.0,2078.3749305398223,16874.982267015374,0,0.0,8.597567102697212e-13,0.06900295801460743,1,0,0,0,1,0.0,0,no_season,3407,no_season_seed_3407,False
283,2025-10-11,10,2,31173.411591001914,31173.411591001914,0.0,0,15658.239210556432,13679.082364022366,15087.941161134511,1200.0,1635.691158817479,15995.716222718238,0.0,0.0,0.0,15995.716222718238,0,0.0,8.29558643999917e-13,0.0750761249801144,1,0,0,0,1,0.0,0,no_season,3407,no_season_seed_3407,False
284,2025-10-12,10,2,66386.31979971731,66386.31979971731,20.929933333333338,10,20597.112176212533,18488.830562833184,5784.012136337953,1635.691158817479,1686.8888513012637,40162.639818151794,0.0,0.0,98.03580773333336,40260.67562588513,0,0.0,9.094947017729282e-13,0.032263334025628865,1,0,0,0,1,0.0,0,no_season,3407,no_season_seed_3407,False
285,2025-10-13,10,2,66417.71444061772,66417.71444061772,0.0,0,21453.021084581385,18983.09701063935,6920.395066675681,1686.8888513012637,2029.0704477844915,40142.65251136516,0.0,0.0,0.0,40142.65251136517,0,0.0,8.837375276016246e-13,0.0507795000448823,1,0,0,0,1,0.0,0,no_season,3407,no_season_seed_3407,False
286,2025-10-14,10,2,64898.33457258794,64898.33457258794,462.75019221749506,40,21481.573396334723,19704.00427608686,2809.6863612242328,2029.0704477844915,1638.436165356264,39332.59460746049,0.0,0.0,2291.7217477154613,41624.31635517595,0,0.0,8.562039965909207e-13,0.044658291968517005,1,0,0,0,1,0.0,0,no_season,3407,no_season_seed_3407,False
287,2025-10-15,10,2,66096.90003494424,66096.90003494424,0.0,0,21689.13577292747,19341.949955731885,1829.6905677486463,1638.436165356264,1826.3516059139088,40083.264260490825,0.0,0.0,0.0,40083.26426049083,0,0.0,9.094947017729282e-13,0.03979425004217774,1,0,0,0,1,0.0,0,no_season,3407,no_season_seed_3407,False
288,2025-10-16,10,2,65966.75481612586,65966.75481612586,1277.5189210918036,60,21926.82244737981,19982.10902270939,2333.0873625472573,1826.3516059139088,1564.9695192079178,40045.80996268171,0.0,0.0,8428.728097568674,48474.53806025039,0,0.0,8.562039965909207e-13,0.05852745799347758,1,0,0,0,1,0.0,0,no_season,3407,no_season_seed_3407,False
289,2025-10-17,10,2,30794.398117325523,30794.398117325523,0.0,0,15231.310438601728,13939.614745352283,13498.503107409411,1564.9695192079178,1321.0152395380796,16137.87977632017,0.0,0.0,0.0,16137.879776320173,0,0.0,8.526512829121202e-13,0.048920457949861884,1,0,0,0,1,0.0,0,no_season,3407,no_season_seed_3407,False
290,2025-10-18,10,2,31304.151901503436,31304.151901503436,0.0,0,15525.129041633161,13500.416641443337,13202.846234646946,1321.0152395380796,1818.7572120138748,16293.83837573221,0.0,0.0,0.0,16293.838375732212,0,0.0,8.242295734817162e-13,0.05250945803709328,1,0,0,0,1,0.0,0,no_season,3407,no_season_seed_3407,False
291,2025-10-19,10,2,68543.72627759377,68543.72627759377,616.6224520794794,40,22499.707045140258,20279.096395467735,3054.0155466673864,1818.7572120138748,1787.8089968383472,41585.1964813335,0.0,0.0,4111.14205778652,45696.33853912001,0,0.0,8.979483823168266e-13,0.05425037501845509,1,0,0,0,1,0.0,0,no_season,3407,no_season_seed_3407,False
292,2025-10-20,10,2,69670.67433485431,69670.67433485431,604.3064690357805,60,21799.574017586612,19631.459094183578,3666.0835138203893,1787.8089968383472,1775.3259285900072,42648.05854950826,0.0,0.0,2906.093007911507,45554.151557419755,0,0.0,9.094947017729282e-13,0.030592499999329448,1,0,0,0,1,0.0,0,no_season,3407,no_season_seed_3407,False
293,2025-10-21,10,2,71222.61367800811,71222.61367800811,0.0,0,21189.390056019103,18729.1607474768,2299.803019465813,1775.3259285900072,2135.077495463502,43688.44866700116,0.0,0.0,0.0,43688.44866700114,0,0.0,9.094947017729282e-13,0.024089999962598085,1,0,0,0,1,0.0,0,no_season,3407,no_season_seed_3407,False
294,2025-10-22,10,2,71177.34786226916,71177.34786226916,562.4636597838752,70,21274.14018364688,19695.779987508606,4606.554625914766,2135.077495463502,1556.3239500446164,43360.01746948804,0.0,0.0,2767.8699604005283,46127.887429888564,0,0.0,9.094947017729282e-13,0.0337091248948127,1,0,0,0,1,0.0,0,no_season,3407,no_season_seed_3407,False
295,2025-10-23,10,2,70346.71953074337,70346.71953074337,0.0,0,21430.949389049336,19165.398321605204,4701.671429965909,1556.3239500446164,1685.4040432546874,43115.892875515805,0.0,0.0,0.0,43115.8928755158,0,0.0,9.059419880941277e-13,0.036478333990089595,1,0,0,0,1,0.0,0,no_season,3407,no_season_seed_3407,False
296,2025-10-24,10,2,30667.96219243342,30667.96219243342,391.90980294717383,90,15650.949518254783,14511.99695074791,11500.868711207051,1685.4040432546874,1236.2105292608187,16049.175160227136,0.0,0.0,1690.1140242135868,17739.28918444072,0,0.0,8.526512829121202e-13,0.05175666697323322,1,0,0,0,1,0.0,0,no_season,3407,no_season_seed_3407,False
297,2025-10-25,10,2,32391.32555232749,32391.32555232749,0.0,0,15958.259266258927,14265.08033938851,11299.713892123738,1236.2105292608187,1338.8296018686935,16825.124804172654,0.0,0.0,0.0,16825.124804172647,0,0.0,9.094947017729282e-13,0.05075562500860542,1,0,0,0,1,0.0,0,no_season,3407,no_season_seed_3407,False
298,2025-10-26,10,2,72408.49114142549,72408.49114142549,0.0,0,21991.408666359428,18848.041214915058,4720.811673314443,1338.8296018686935,2334.131813627623,44346.44562895042,0.0,0.0,0.0,44346.44562895042,0,0.0,8.526512829121202e-13,0.0330895830411464,1,0,0,0,1,0.0,0,no_season,3407,no_season_seed_3407,False
299,2025-10-27,10,2,71886.47235597312,71886.47235597312,19.744933333333393,10,20885.657325392076,19362.76627673457,6830.744573982279,2334.131813627623,1737.8583417069867,44147.754644850545,0.0,0.0,92.4852677333336,44240.239912583886,0,0.0,9.094947017729282e-13,0.015687708975747228,1,0,0,0,1,0.0,0,no_season,3407,no_season_seed_3407,False
300,2025-10-28,10,2,71620.32409000589,71620.32409000589,0.0,0,22374.451366076442,19824.049036087767,3097.500060017223,1737.8583417069867,2067.744188779598,43862.88141184308,0.0,0.0,0.0,43862.8814118431,0,0.0,8.881784197001252e-13,0.0352149159880355,1,0,0,0,1,0.0,0,no_season,3407,no_season_seed_3407,False
301,2025-10-29,10,2,72068.1932888283,72068.1932888283,51.04072966344536,20,22523.91787933849,20641.914062477932,924.9734016311985,2067.744188779598,1677.3209866062084,44344.106650618385,0.0,0.0,244.48117675655706,44588.58782737494,0,0.0,9.094947017729282e-13,0.019896832993254066,1,0,0,0,1,0.0,0,no_season,3407,no_season_seed_3407,False
302,2025-10-30,10,2,72418.57799083056,72418.57799083056,154.66892861795782,60,20341.5789607431,18619.447662340128,6063.297971045553,1677.3209866062084,1348.4160735413948,44395.86717423956,0.0,0.0,940.6288985728048,45336.49607281236,0,0.0,9.094947017729282e-13,0.015454250038601458,1,0,0,0,1,0.0,0,no_season,3407,no_season_seed_3407,False
303,2025-10-31,10,2,32385.624459134873,32385.624459134873,0.0,0,16678.686208796214,14825.222527750344,6627.868711422337,1348.4160735413948,1544.0504444085038,17138.951255580545,0.0,0.0,0.0,17138.951255580545,0,0.0,8.739675649849232e-13,0.04220812499988824,1,0,0,0,1,0.0,0,no_season,3407,no_season_seed_3407,False
304,2025-11-01,11,2,34204.55814638299,34204.55814638299,0.0,0,16458.82448985519,13943.599742911214,9145.294966105681,1544.0504444085038,2460.4176870329907,18234.00544116287,0.0,0.0,0.0,18234.00544116287,0,0.0,9.094947017729282e-13,0.05767108406871557,1,0,0,0,1,0.0,0,no_season,3407,no_season_seed_3407,False
305,2025-11-02,11,2,73298.9806689569,73298.9806689569,260.28063448631974,50,22108.92003750809,20635.439106776386,3289.396439378163,2460.4176870329907,1683.1181661766232,45140.07880737067,0.0,0.0,1300.0140485201186,46440.09285589079,0,0.0,8.952838470577262e-13,0.01613791601266712,1,0,0,0,1,0.0,0,no_season,3407,no_season_seed_3407,False
306,2025-11-03,11,2,76691.34604454585,76691.34604454585,0.0,0,20140.823873745452,17474.34061315417,4519.932500621241,1683.1181661766232,2370.8090684591657,47832.81816047805,0.0,0.0,0.0,47832.81816047807,0,0.0,9.094947017729282e-13,0.015286333044059575,1,0,0,0,1,0.0,0,no_season,3407,no_season_seed_3407,False
307,2025-11-04,11,2,75585.62558141351,75585.62558141351,33.45204785226656,20,20685.861915945665,19338.250704503742,6691.3943844905225,2370.8090684591657,1610.8347107001396,46580.31005612563,0.0,0.0,155.14611701222003,46735.45617313785,0,0.0,9.094947017729282e-13,0.01610887493006885,1,0,0,0,1,0.0,0,no_season,3407,no_season_seed_3407,False
308,2025-11-05,11,2,76021.27281102657,76021.27281102657,3.227683333333289,10,22555.789186251714,19598.423156348254,3389.11439778979,1610.8347107001396,2350.5832787632985,47211.07190622183,0.0,0.0,13.880652174999808,47224.95255839681,0,0.0,8.988365607365267e-13,0.025222667027264833,1,0,0,0,1,0.0,0,no_season,3407,no_season_seed_3407,False
309,2025-11-06,11,2,73720.90215951926,73720.90215951926,1137.9805819719259,80,21306.95675899028,19955.294001932278,2137.6354344331885,2350.5832787632985,1529.4104801677147,45641.70394673053,0.0,0.0,5491.121736805507,51132.82568353602,0,0.0,9.094947017729282e-13,0.02115554199554026,1,0,0,0,1,0.0,0,no_season,3407,no_season_seed_3407,False
310,2025-11-07,11,2,34367.98008546692,34367.98008546692,0.0,0,17421.175545903636,15306.822782567706,8935.16553879766,1529.4104801677147,1921.7808418157817,18188.155415342317,0.0,0.0,0.0,18188.155415342317,0,0.0,9.094947017729282e-13,0.04796191700734198,1,0,0,0,1,0.0,0,no_season,3407,no_season_seed_3407,False
311,2025-11-08,11,2,34052.1786249916,34052.1786249916,0.0,0,16246.672158803016,14537.10257244511,8551.40193863369,1921.7808418157817,2011.275798301335,17867.54397169421,0.0,0.0,0.0,17867.543971694213,0,0.0,8.526512829121202e-13,0.060106458025984466,1,0,0,0,1,0.0,0,no_season,3407,no_season_seed_3407,False
312,2025-11-09,11,2,75315.14070807507,75315.14070807507,219.47288824724652,30,22256.60488240495,20432.994610872163,2364.186141456183,2011.275798301335,1587.4776587811261,46709.85926531382,0.0,0.0,1472.4805040522929,48182.33976936612,0,0.0,9.094947017729282e-13,0.01618720800615847,1,0,0,0,1,0.0,0,no_season,3407,no_season_seed_3407,False
313,2025-11-10,11,2,79458.36465255707,79458.36465255707,0.0,0,23432.01200859855,20701.832229610256,2869.741773568764,1587.4776587811261,1995.3888963075644,49414.340327566206,0.0,0.0,0.0,49414.340327566184,0,0.0,9.094947017729282e-13,0.01596383296418935,1,0,0,0,1,0.0,0,no_season,3407,no_season_seed_3407,False
314,2025-11-11,11,2,79129.76896012347,79129.76896012347,2.0516666666667334,10,22252.458661464552,20015.275538672013,5335.617837330927,1995.3888963075644,2007.9718696461082,49279.70024993001,0.0,0.0,8.985274166666958,49288.68552409665,0,0.0,8.633094239485217e-13,0.020563957979902625,1,0,0,0,1,0.0,0,no_season,3407,no_season_seed_3407,False
315,2025-11-12,11,2,78271.35706722306,78271.35706722306,11.773333333333312,10,22760.021783729804,20365.502980660727,4932.623847487322,2007.9718696461082,2132.899361191112,48715.78813426358,0.0,0.0,51.56131333333324,48767.349447596935,0,0.0,8.633094239485217e-13,0.020259000011719763,1,0,0,0,1,0.0,0,no_season,3407,no_season_seed_3407,False
316,2025-11-13,11,2,76637.3112983458,76637.3112983458,55.95808466596486,20,22104.03440559245,20266.283098355776,2459.6467591084115,2132.899361191112,1740.0895224510884,47747.50909121294,0.0,0.0,385.7554562297711,48133.26454744272,0,0.0,9.094947017729282e-13,0.015071041998453438,1,0,0,0,1,0.0,0,no_season,3407,no_season_seed_3407,False
317,2025-11-14,11,2,34827.7196645124,34827.7196645124,0.0,0,16839.211969832853,14747.938820245567,5137.991214925113,1740.0895224510884,2169.476182299618,18578.476117705235,0.0,0.0,0.0,18578.476117705235,0,0.0,8.526512829121202e-13,0.05069595901295543,1,0,0,0,1,0.0,0,no_season,3407,no_season_seed_3407,False
318,2025-11-15,11,2,34507.97174551741,34507.97174551741,0.0,0,16731.818303146614,15249.194727313808,4813.4612530179365,2169.476182299618,1968.6101452634048,18437.497301351195,0.0,0.0,0.0,18437.497301351188,0,0.0,9.094947017729282e-13,0.05809466599021107,1,0,0,0,1,0.0,0,no_season,3407,no_season_seed_3407,False
319,2025-11-16,11,2,79038.26037209283,79038.26037209283,0.0,0,23440.010211356646,21239.445902143547,2403.151679546404,1968.6101452634048,1817.4145753431512,49380.126328838836,0.0,0.0,0.0,49380.12632883884,0,0.0,9.094947017729282e-13,0.015320500009693205,1,0,0,0,1,0.0,0,no_season,3407,no_season_seed_3407,False
320,2025-11-17,11,2,82266.25600374196,82266.25600374196,0.0,0,22234.791469434676,19481.082965373887,6816.793166347823,1817.4145753431512,2376.325392269001,51755.11307336261,0.0,0.0,0.0,51755.113073362634,0,0.0,9.094947017729282e-13,0.015652582980692387,1,0,0,0,1,0.0,0,no_season,3407,no_season_seed_3407,False
321,2025-11-18,11,2,79449.91886325867,79449.91886325867,0.0,0,21739.750585480073,19840.30481794667,2659.9212623919498,2376.325392269001,2086.946110923216,50009.07332771532,0.0,0.0,0.0,50009.073327715334,0,0.0,9.094947017729282e-13,0.01949062489438802,1,0,0,0,1,0.0,0,no_season,3407,no_season_seed_3407,False
322,2025-11-19,11,2,80944.99155221214,80944.99155221214,456.83291604357123,50,23815.451195233603,21592.44975826992,3810.5114312920273,2086.946110923216,1919.8263957501224,50467.21303071254,0.0,0.0,2208.5324540930915,52675.74548480562,0,0.0,9.094947017729282e-13,0.019573124940507114,1,0,0,0,1,0.0,0,no_season,3407,no_season_seed_3407,False
323,2025-11-20,11,2,79965.42783966275,79965.42783966275,0.0,0,22139.572286007864,20196.783654744588,3229.563175066135,1919.8263957501224,1633.9895965835894,50152.619516403596,0.0,0.0,0.0,50152.619516403574,0,0.0,9.094947017729282e-13,0.02021454193163663,1,0,0,0,1,0.0,0,no_season,3407,no_season_seed_3407,False
324,2025-11-21,11,2,35133.85697452619,35133.85697452619,0.0,0,17414.97348427882,15297.379564503977,4151.878988084688,1633.9895965835894,2030.4301917957343,18835.515775953263,0.0,0.0,0.0,18835.515775953263,0,0.0,8.526512829121202e-13,0.05249279201962054,1,0,0,0,1,0.0,0,no_season,3407,no_season_seed_3407,False
325,2025-11-22,11,2,35514.7276139554,35514.7276139554,0.0,0,17094.91635499433,15418.762035964315,3618.743811592053,2030.4301917957343,1995.2895747553346,18981.29824074272,0.0,0.0,0.0,18981.29824074272,0,0.0,9.094947017729282e-13,0.05979479104280472,1,0,0,0,1,0.0,0,no_season,3407,no_season_seed_3407,False
326,2025-11-23,11,2,81213.36052636881,81213.36052636881,0.0,0,23361.774306805604,21044.996580813648,3664.486517043515,1995.2895747553346,1974.8404905051195,51007.529820056756,0.0,0.0,0.0,51007.52982005676,0,0.0,9.094947017729282e-13,0.020737624960020185,1,0,0,0,1,0.0,0,no_season,3407,no_season_seed_3407,False
327,2025-11-24,11,2,82110.3460228313,82110.3460228313,18.839666666666517,10,20515.53952148677,18637.655269391118,6089.35773740233,1974.8404905051195,1791.7765529298542,51675.54274960905,0.0,0.0,88.24499866666596,51763.78774827572,0,0.0,9.094947017729282e-13,0.01609841699246317,1,0,0,0,1,0.0,0,no_season,3407,no_season_seed_3407,False
328,2025-11-25,11,2,81029.2218065499,81029.2218065499,0.0,0,23375.012848807084,20990.877565565548,2476.4260566417056,1791.7765529298542,1840.933103336788,50722.466902809596,0.0,0.0,0.0,50722.46690280958,0,0.0,9.094947017729282e-13,0.020573458983562887,1,0,0,0,1,0.0,0,no_season,3407,no_season_seed_3407,False
329,2025-11-26,11,2,83364.27891635057,83364.27891635057,32.99316666666664,10,23728.255161569534,20788.43037951141,3699.780417625765,1840.933103336788,2438.6028073005027,52396.34677759452,0.0,0.0,154.53999266666654,52550.88677026119,0,0.0,9.094947017729282e-13,0.020383415976539254,1,0,0,0,1,0.0,0,no_season,3407,no_season_seed_3407,False
330,2025-11-27,11,2,81339.94117770811,81339.94117770811,0.0,0,22884.52306159725,21192.735299813306,3867.2606825908297,2438.6028073005027,1809.663154202476,50981.945622579755,0.0,0.0,0.0,50981.94562257975,0,0.0,8.810729923425242e-13,0.015411416999995708,1,0,0,0,1,0.0,0,no_season,3407,no_season_seed_3407,False
331,2025-11-28,11,2,36267.596654886205,36267.596654886205,0.0,0,17875.740098294817,15946.42580540776,3417.0438119991504,1809.663154202476,1959.070531088778,19427.39855989412,0.0,0.0,0.0,19427.39855989412,0,0.0,6.821210263296962e-13,0.05935658304952085,1,0,0,0,1,0.0,0,no_season,3407,no_season_seed_3407,False
332,2025-11-29,11,2,36927.87110616834,36927.87110616834,0.0,0,17588.155875507007,15869.617204867118,279.8823355284553,1959.070531088778,1916.6149328996069,19669.968143779577,0.0,0.0,0.0,19669.968143779573,0,0.0,8.526512829121202e-13,0.050872124964371324,1,0,0,0,1,0.0,0,no_season,3407,no_season_seed_3407,False
333,2025-11-30,11,2,85234.38038579782,85234.38038579782,6.062833333333401,10,25127.685595910705,22683.98273841809,2551.9122449718716,1916.6149328996069,1843.8132906230167,53432.61210731132,0.0,0.0,28.398311333333652,53461.01041864467,0,0.0,9.094947017729282e-13,0.015122084063477814,1,0,0,0,1,0.0,0,no_season,3407,no_season_seed_3407,False
334,2025-12-01,12,2,85999.43655109982,85999.43655109982,3727.1709678652796,140,25302.80238467278,22697.21246394479,822.0898649037713,1843.8132906230167,1923.1966658921604,54199.540939941704,0.0,0.0,18146.034005927497,72345.5749458692,0,0.0,9.094947017729282e-13,0.013229542062617838,1,0,0,0,1,0.0,0,no_season,3407,no_season_seed_3407,False
335,2025-12-02,12,2,86725.79039147595,86725.79039147595,4128.534510455532,150,24652.09492334503,22462.89207732241,27.312105908858598,1923.1966658921604,1632.2601153288056,54757.10016937758,0.0,0.0,21169.48703657784,75926.58720595541,0,0.0,9.094947017729282e-13,0.014511625049635768,1,0,0,0,1,0.0,0,no_season,3407,no_season_seed_3407,False
336,2025-12-03,12,2,88840.47702091071,88840.47702091071,1199.0444726815,70,25240.938279270005,22750.979516236734,386.8141638922623,1632.2601153288056,1596.2785976148634,56225.775040266446,0.0,0.0,5921.838236898359,62147.61327716481,0,0.0,8.952838470577262e-13,0.014841250027529895,1,0,0,0,1,0.0,0,no_season,3407,no_season_seed_3407,False
337,2025-12-04,12,2,87360.87446338907,87360.87446338907,3797.4931591440804,150,24710.062528869614,22069.93536252888,1747.031706192423,1596.2785976148634,1774.5476931089145,55076.17253904759,0.0,0.0,18514.410925213655,73590.58346426125,0,0.0,9.094947017729282e-13,0.013975917012430727,1,0,0,0,1,0.0,0,no_season,3407,no_season_seed_3407,False
338,2025-12-05,12,2,39565.98796527892,39565.98796527892,3050.812088060131,150,17509.68811051442,16303.783099848859,99.26735934015119,1774.5476931089145,1200.0,21210.79644698167,0.0,0.0,17995.982113787464,39206.77856076912,0,0.0,9.094947017729282e-13,0.06132674997206777,1,0,0,0,1,0.0,0,no_season,3407,no_season_seed_3407,False
339,2025-12-06,12,2,40575.24478335613,40575.24478335613,4872.241787254715,230,17012.525473033267,15229.669719089088,0.0,1200.0,1286.0173324528262,21136.496754235173,0.0,0.0,29709.522554283678,50846.01930851885,0,0.0,9.094947017729282e-13,0.07165808300487697,1,0,0,0,1,0.0,0,no_season,3407,no_season_seed_3407,False
340,2025-12-07,12,2,88084.97902511407,88084.97902511407,2894.157934892425,140,24689.881539356935,22080.233581084358,716.8077517339121,1286.0173324528262,1434.2857847655528,55384.135322317146,0.0,0.0,15685.075153305906,71069.21047562305,0,0.0,9.094947017729282e-13,0.015457457979209721,1,0,0,0,1,0.0,0,no_season,3407,no_season_seed_3407,False
341,2025-12-08,12,2,93232.94929903292,93232.94929903292,0.0,0,26176.9406554196,22890.50696004624,2099.3044869928904,1434.2857847655528,2139.1992487272446,58983.93202821879,0.0,0.0,0.0,58983.932028218784,0,0.0,9.094947017729282e-13,0.014659416978247464,1,0,0,0,1,0.0,0,no_season,3407,no_season_seed_3407,False
342,2025-12-09,12,2,92879.15768024714,92879.15768024714,127.97225198766455,30,24876.34669486336,22845.850418223134,3588.1793889279065,2139.1992487272446,1657.3330729597378,58894.52600212074,0.0,0.0,742.1293491735834,59636.65535129429,0,0.0,9.094947017729282e-13,0.01468458294402808,1,0,0,0,1,0.0,0,no_season,3407,no_season_seed_3407,False
343,2025-12-10,12,2,92753.10584651008,92753.10584651008,38.4277271956679,10,25334.87350546736,22748.121374626993,1817.1629761987228,1657.3330729597378,1713.4790812251797,58859.33046258035,0.0,0.0,179.99547418450842,59039.32593676484,0,0.0,9.094947017729282e-13,0.015132499975152314,1,0,0,0,1,0.0,0,no_season,3407,no_season_seed_3407,False
344,2025-12-11,12,2,93282.15332625105,93282.15332625105,34.26520095386866,20,24441.74323090055,21970.40963540064,4883.83023170503,1713.4790812251797,1742.1074680278757,59269.51713458437,0.0,0.0,184.97335906346927,59454.49049364783,0,0.0,9.094947017729282e-13,0.014160500024445355,1,0,0,0,1,0.0,0,no_season,3407,no_season_seed_3407,False
345,2025-12-12,12,2,46024.03572655179,46024.03572655179,0.0,0,20196.857618224596,18073.479322053892,186.24394704775523,1742.1074680278757,1851.408996326436,24077.642516943695,0.0,0.0,0.0,24077.6425169437,0,0.0,8.846257060213247e-13,0.03269725001882762,1,0,0,0,1,0.0,0,no_season,3407,no_season_seed_3407,False
346,2025-12-13,12,2,48707.37889145873,48707.37889145873,0.0,0,20002.56070796852,17954.242119896287,2860.5269200531648,1851.408996326436,1902.0713378835726,25216.321098987886,0.0,0.0,0.0,25216.321098987886,0,0.0,9.023892744153272e-13,0.04470570804551244,1,0,0,0,1,0.0,0,no_season,3407,no_season_seed_3407,False
347,2025-12-14,12,2,94203.88273772276,94203.88273772276,5.715450028027476,10,25001.14593370645,22621.88065817896,3051.6111122232887,1902.0713378835726,1774.6849718629087,59998.68480559599,0.0,0.0,26.771167931280697,60025.45597352728,0,0.0,9.094947017729282e-13,0.014202832942828536,1,0,0,0,1,0.0,0,no_season,3407,no_season_seed_3407,False
348,2025-12-15,12,2,93939.52656715534,93939.52656715534,138.23565427298524,30,25694.420972358483,22919.324365386194,1833.1076477893625,1774.6849718629087,1991.463859147044,59693.473360047086,0.0,0.0,696.5110987971464,60389.98445884425,0,0.0,9.094947017729282e-13,0.01404462510254234,1,0,0,0,1,0.0,0,no_season,3407,no_season_seed_3407,False
349,2025-12-16,12,2,93661.82755364638,93661.82755364638,0.9822777710037371,10,25501.030706527858,23226.47853682858,1970.166328384786,1991.463859147044,1701.007706372193,59566.95066038234,0.0,0.0,4.600989079381504,59571.55164946172,0,0.0,9.094947017729282e-13,0.014466917025856674,1,0,0,0,1,0.0,0,no_season,3407,no_season_seed_3407,False
350,2025-12-17,12,2,94419.19631205694,94419.19631205694,22.22608678775714,20,25439.429479227452,22661.277476169096,3471.4233291196642,1701.007706372193,1947.8857273270241,59772.15079980512,0.0,0.0,128.94513445401665,59901.09593425912,0,0.0,9.094947017729282e-13,0.01335095800459385,1,0,0,0,1,0.0,0,no_season,3407,no_season_seed_3407,False
351,2025-12-18,12,2,92195.57682894368,92195.57682894368,440.34412839084064,40,26013.637291058312,23582.064890166497,2838.0815897760576,1947.8857273270241,1768.909952626518,58445.388729252176,0.0,0.0,2163.273085744835,60608.661814997016,0,0.0,9.094947017729282e-13,0.014937167055904865,1,0,0,0,1,0.0,0,no_season,3407,no_season_seed_3407,False
352,2025-12-19,12,2,47236.99800232263,47236.99800232263,0.0,0,19783.873105109822,17832.68645256779,2377.4200497805937,1768.909952626518,1740.2379416141575,24784.810070303207,0.0,0.0,0.0,24784.810070303207,0,0.0,9.094947017729282e-13,0.034474583924748003,1,0,0,0,1,0.0,0,no_season,3407,no_season_seed_3407,False
353,2025-12-20,12,2,48070.10324056858,48070.10324056858,0.0,0,20179.336180145136,18279.023971677,3313.4387821004466,1740.2379416141575,1616.2540896921414,25010.806905270118,0.0,0.0,0.0,25010.806905270107,0,0.0,9.094947017729282e-13,0.032004083041101694,1,0,0,0,1,0.0,0,no_season,3407,no_season_seed_3407,False
354,2025-12-21,12,2,93847.82943261281,93847.82943261281,68.6071826568317,30,25222.65569288785,22484.06456317538,2140.0636188905182,1616.2540896921414,1844.2812520425502,59681.285213163086,0.0,0.0,340.8324721625865,60022.11768532568,0,0.0,9.094947017729282e-13,0.015067166998051107,1,0,0,0,1,0.0,0,no_season,3407,no_season_seed_3407,False
355,2025-12-22,12,2,94440.28447833528,94440.28447833528,47.24728425655803,30,25770.059041557404,23273.678342470317,3053.7239801714218,1844.2812520425502,1759.2948237641772,59966.57827862891,0.0,0.0,265.91985569546216,60232.49813432438,0,0.0,9.094947017729282e-13,0.01571112498641014,1,0,0,0,1,0.0,0,no_season,3407,no_season_seed_3407,False
356,2025-12-23,12,2,93794.6229908572,93794.6229908572,0.0,0,24909.077576448504,22344.64494590783,3972.0978269831758,1759.2948237641772,1836.7968447725707,59581.25328622677,0.0,0.0,0.0,59581.25328622677,0,0.0,9.094947017729282e-13,0.015162209048867226,1,0,0,0,1,0.0,0,no_season,3407,no_season_seed_3407,False
357,2025-12-24,12,2,93119.1392749818,93119.1392749818,47.439352792188515,10,25882.756361657317,23347.59929696849,2776.862246418489,1836.7968447725707,1780.8049541320788,59044.923439821956,0.0,0.0,275.551480693427,59320.47492051538,0,0.0,9.094947017729282e-13,0.01561058301012963,1,0,0,0,1,0.0,0,no_season,3407,no_season_seed_3407,False
358,2025-12-25,12,2,92869.31576999219,92869.31576999219,61.150343338292146,30,25045.666757968218,22707.994326170512,2780.345148199457,1780.8049541320788,1604.8829743290407,58994.22754444767,0.0,0.0,310.72332404842393,59304.950868496104,0,0.0,9.094947017729282e-13,0.015451292041689157,1,0,0,0,1,0.0,0,no_season,3407,no_season_seed_3407,False
359,2025-12-26,12,2,47612.09825988354,47612.09825988354,0.0,0,20953.439864324573,18153.426527975636,1804.4624902012729,1604.8829743290407,2347.66968867779,24969.46387184042,0.0,0.0,0.0,24969.46387184042,0,0.0,8.775202786637237e-13,0.034125749953091145,1,0,0,0,1,0.0,0,no_season,3407,no_season_seed_3407,False
360,2025-12-27,12,2,47274.67598090375,47274.67598090375,0.0,0,19355.409114427333,17860.617570812876,2441.075370622626,2347.66968867779,1883.0790621388883,24653.86027540958,0.0,0.0,0.0,24653.860275409585,0,0.0,9.094947017729282e-13,0.036349874921143055,1,0,0,0,1,0.0,0,no_season,3407,no_season_seed_3407,False
361,2025-12-28,12,2,93855.94254026526,93855.94254026526,105.20765594659747,30,24112.111270211946,21706.406740151586,4746.190916151495,1883.0790621388883,1877.2745992879493,59681.02552339445,0.0,0.0,609.1761015544527,60290.20162494888,0,0.0,9.094947017729282e-13,0.01571412500925362,1,0,0,0,1,0.0,0,no_season,3407,no_season_seed_3407,False
362,2025-12-29,12,2,93404.91433772272,93404.91433772272,0.0,0,24751.342357801914,22255.259890096073,3385.065603350211,1877.2745992879493,1899.3559745674556,59386.59190189743,0.0,0.0,0.0,59386.59190189744,0,0.0,9.094947017729282e-13,0.015436750021763146,1,0,0,0,1,0.0,0,no_season,3407,no_season_seed_3407,False
363,2025-12-30,12,2,92194.83484394793,92194.83484394793,366.82936024453664,40,24414.238993753213,22135.63866647073,4058.66127690997,1899.3559745674556,1727.7248597081232,58209.87091099021,0.0,0.0,1874.4880571929136,60084.358968183136,0,0.0,9.094947017729282e-13,0.014201750047504902,1,0,0,0,1,0.0,0,no_season,3407,no_season_seed_3407,False
364,2025-12-31,12,2,92361.74044226106,92361.74044226106,0.0,0,25848.290017777646,23340.29077807939,1207.3182692294615,1727.7248597081232,1646.7391796214329,58774.20593260229,0.0,0.0,0.0,58774.20593260229,0,0.0,9.094947017729282e-13,0.014099374995566905,1,0,0,0,1,0.0,0,no_season,3407,no_season_seed_3407,False
31,2025-02-01,2,2,45655.261319475234,45655.261319475234,0.0,0,19140.29228575692,16042.004096211003,8178.7971965959805,1421.7991105135516,2670.1176625570047,23546.771958192916,0.0,0.0,0.0,23546.771958192905,0,0.0,8.952838470577262e-13,0.03190391696989536,1,0,0,0,1,0.0,0,causal_season,42,causal_season_seed_42,False
32,2025-02-02,2,2,89458.16884177852,89458.16884177852,0.0,0,21207.787440909757,19311.713869392566,9205.817320261322,2670.1176625570047,2433.257613438882,56548.67982537941,0.0,0.0,0.0,56548.67982537942,0,0.0,8.917311333789257e-13,0.016394375008530915,1,0,0,0,1,0.0,0,causal_season,42,causal_season_seed_42,False
33,2025-02-03,2,2,88246.61487039011,88246.61487039011,0.0,0,22573.091006971554,20311.30842095059,5767.915784369148,2433.257613438882,2437.9730810064116,55395.190910507954,0.0,0.0,0.0,55395.190910507976,0,0.0,8.881784197001252e-13,0.016268125036731362,1,0,0,0,1,0.0,0,causal_season,42,causal_season_seed_42,False
34,2025-02-04,2,2,90463.86471742114,90463.86471742114,0.0,0,23122.797797043964,20710.676951471283,6856.8799218484455,2437.9730810064116,2543.214805060637,56826.151545047294,0.0,0.0,0.0,56826.1515450473,0,0.0,9.094947017729282e-13,0.01471566699910909,1,0,0,0,1,0.0,0,causal_season,42,causal_season_seed_42,False
35,2025-02-05,2,2,91309.07329422925,91309.07329422925,0.0,0,22301.847237372687,20334.18028067551,8592.979354198751,2543.214805060637,2266.49678169124,57776.055253183,0.0,0.0,0.0,57776.055253183025,0,0.0,9.094947017729282e-13,0.01364866690710187,1,0,0,0,1,0.0,0,causal_season,42,causal_season_seed_42,False
36,2025-02-06,2,2,90480.32703646235,90480.32703646235,0.0,0,21580.015789260135,19343.5393300218,7972.793360557333,2266.49678169124,2349.216568656599,57019.38434638106,0.0,0.0,0.0,57019.38434638103,0,0.0,9.094947017729282e-13,0.014203457976691425,1,0,0,0,1,0.0,0,causal_season,42,causal_season_seed_42,False
37,2025-02-07,2,2,43093.24380809386,43093.24380809386,0.0,0,18101.501167956852,16549.057810227514,9735.12078369785,2349.216568656599,2077.569792966633,22219.175793421822,0.0,0.0,0.0,22219.17579342182,0,0.0,8.739675649849232e-13,0.030793791054748,1,0,0,0,1,0.0,0,causal_season,42,causal_season_seed_42,False
38,2025-02-08,2,2,38004.365763693335,38004.365763693335,0.0,0,17731.37565603982,15958.865048076714,4654.692439063564,2077.569792966633,2076.9089215860977,19737.24175940115,0.0,0.0,0.0,19737.24175940115,0,0.0,9.094947017729282e-13,0.05968425003811717,1,0,0,0,1,0.0,0,causal_season,42,causal_season_seed_42,False
39,2025-02-09,2,2,83310.45538298262,83310.45538298262,0.0,0,24587.348464223942,22481.593221032676,1649.284173124681,2076.9089215860977,1704.8357503217846,51775.24631730917,0.0,0.0,0.0,51775.246317309175,0,0.0,9.094947017729282e-13,0.015592082985676825,1,0,0,0,1,0.0,0,causal_season,42,causal_season_seed_42,False
40,2025-02-10,2,2,87279.16120422613,87279.16120422613,1.4381555094768146,10,20612.274844051164,18478.814719087728,10820.501651438826,1704.8357503217846,1780.975638845962,54353.35379019085,0.0,0.0,6.542888490364768,54359.89667868121,0,0.0,9.094947017729282e-13,0.014444457949139178,1,0,0,0,1,0.0,0,causal_season,42,causal_season_seed_42,False
41,2025-02-11,2,2,81681.34331920903,81681.34331920903,0.0,0,23690.238496959842,21333.117013361618,4103.624702277476,1780.975638845962,1768.4294433745958,50455.636878898746,0.0,0.0,0.0,50455.636878898746,0,0.0,8.926193117986259e-13,0.015263541950844228,1,0,0,0,1,0.0,0,causal_season,42,causal_season_seed_42,False
42,2025-02-12,2,2,82789.27121050797,82789.27121050797,0.0,0,21987.02142365351,19780.62822683218,5316.141880353307,1768.4294433745958,1776.5365266043611,51361.99267748996,0.0,0.0,0.0,51361.99267748995,0,0.0,9.094947017729282e-13,0.02282095910049975,1,0,0,0,1,0.0,0,causal_season,42,causal_season_seed_42,False
43,2025-02-13,2,2,82611.73286962337,82611.73286962337,0.0,0,20752.43545533275,18660.43829158412,9190.256689208078,1776.5365266043611,1794.1963908074988,51201.68434452572,0.0,0.0,0.0,51201.68434452571,0,0.0,9.094947017729282e-13,0.019532957929186523,1,0,0,0,1,0.0,0,causal_season,42,causal_season_seed_42,False
44,2025-02-14,2,2,35500.34806659735,35500.34806659735,0.0,0,17515.614341851975,15686.197777845768,3869.129685924471,1794.1963908074988,1876.2629033949934,18392.74934752591,0.0,0.0,0.0,18392.749347525907,0,0.0,8.526512829121202e-13,0.057931624935008585,1,0,0,0,1,0.0,0,causal_season,42,causal_season_seed_42,False
45,2025-02-15,2,2,35573.36270733582,35573.36270733582,0.0,0,16878.331828006103,15400.952068151377,4815.891847481093,1876.2629033949934,1654.4255174324087,18584.98322170833,0.0,0.0,0.0,18584.98322170832,0,0.0,7.993605777301127e-13,0.040953584015369415,1,0,0,0,1,0.0,0,causal_season,42,causal_season_seed_42,False
46,2025-02-16,2,2,80836.89737526908,80836.89737526908,22.001849402508924,10,22706.095844215546,20488.295103889883,3263.7193843459313,1654.4255174324087,1598.7601081178195,49957.84716771174,0.0,0.0,100.09741385671435,50057.94458156845,0,0.0,9.094947017729282e-13,0.02897745801601559,1,0,0,0,1,0.0,0,causal_season,42,causal_season_seed_42,False
47,2025-02-17,2,2,82294.4753681988,82294.4753681988,0.0,0,19405.339548157885,17363.075014995105,9068.34766836935,1598.7601081178195,1705.9935532053944,50910.454606711784,0.0,0.0,0.0,50910.45460671178,0,0.0,8.846257060213247e-13,0.024392541032284498,1,0,0,0,1,0.0,0,causal_season,42,causal_season_seed_42,False
48,2025-02-18,2,2,78991.5273495056,78991.5273495056,22.6064367158491,10,21405.73420307463,18927.94880726735,4444.960607080829,1705.9935532053944,2061.4461854934952,48805.083438297515,0.0,0.0,102.84798383875548,48907.93142213626,0,0.0,9.094947017729282e-13,0.01918379100970924,1,0,0,0,1,0.0,0,causal_season,42,causal_season_seed_42,False
49,2025-02-19,2,2,78961.06687667377,78961.06687667377,45.132049303475924,20,22845.501169521973,21049.558755645874,4330.929128767798,2061.4461854934952,1546.4084441522514,48601.173927754055,0.0,0.0,200.53400436057512,48801.70793211463,0,0.0,9.094947017729282e-13,0.01561062503606081,1,0,0,0,1,0.0,0,causal_season,42,causal_season_seed_42,False
50,2025-02-20,2,2,79109.4071398573,79109.4071398573,24.879819455981874,10,21050.174503869235,18793.207720929255,5884.186443039968,1546.4084441522514,1706.5771040889315,48970.0841946935,0.0,0.0,116.53707433181908,49086.62126902533,0,0.0,9.094947017729282e-13,0.01996891596354544,1,0,0,0,1,0.0,0,causal_season,42,causal_season_seed_42,False
51,2025-02-21,2,2,34841.728192693976,34841.728192693976,0.0,0,16830.54044311965,14972.83536705249,7423.761083293483,1706.5771040889315,1890.6754561038717,17985.364239408198,0.0,0.0,0.0,17985.36423940819,0,0.0,9.094947017729282e-13,0.05415929201990366,1,0,0,0,1,0.0,0,causal_season,42,causal_season_seed_42,False
52,2025-02-22,2,2,34626.197172538596,34626.197172538596,0.0,0,16723.64534145461,14883.885038485932,4941.673986236594,1890.6754561038717,2067.126089489321,17972.24369114303,0.0,0.0,0.0,17972.243691143027,0,0.0,9.094947017729282e-13,0.062887208070606,1,0,0,0,1,0.0,0,causal_season,42,causal_season_seed_42,False
53,2025-02-23,2,2,79138.88437058915,79138.88437058915,0.0,0,21440.773328710446,19738.9446712004,5905.202029745769,2067.126089489321,1600.9550540449352,48749.65718057935,0.0,0.0,0.0,48749.65718057937,0,0.0,9.094947017729282e-13,0.01591712504159659,1,0,0,0,1,0.0,0,causal_season,42,causal_season_seed_42,False
54,2025-02-24,2,2,78230.05362698546,78230.05362698546,38.4757306278932,20,20070.7431873668,17945.158147303802,7939.910700883687,1600.9550540449352,1725.876322891824,48048.38063372854,0.0,0.0,172.7085182563112,48221.08915198487,0,0.0,9.094947017729282e-13,0.020618999958969653,1,0,0,0,1,0.0,0,causal_season,42,causal_season_seed_42,False
55,2025-02-25,2,2,76317.358040177,76317.358040177,13.638093784612465,10,19509.70228080226,17594.170367436054,8594.140987262075,1725.876322891824,1688.521059247103,46897.10350929879,0.0,0.0,59.728031729710295,46956.831541028514,0,0.0,9.094947017729282e-13,0.019136209040880203,1,0,0,0,1,0.0,0,causal_season,42,causal_season_seed_42,False
56,2025-02-26,2,2,74377.48625153396,74377.48625153396,0.0,0,21922.434532040737,19149.996489723377,2790.2001758832685,1688.521059247103,2300.0998551482735,45383.251377694505,0.0,0.0,0.0,45383.25137769451,0,0.0,9.094947017729282e-13,0.03694170794915408,1,0,0,0,1,0.0,0,causal_season,42,causal_season_seed_42,False
57,2025-02-27,2,2,74858.07295130694,74858.07295130694,0.0,0,21324.166164140664,19634.612638379505,6211.9352255457725,2300.0998551482735,1833.2811691199981,46066.10128840748,0.0,0.0,0.0,46066.10128840746,0,0.0,8.668621376273222e-13,0.015613875002600253,1,0,0,0,1,0.0,0,causal_season,42,causal_season_seed_42,False
58,2025-02-28,2,2,33833.23821105242,33833.23821105242,0.0,0,16336.16751238977,14620.162955010415,8824.640103673073,1833.2811691199981,1920.1255420626667,17331.689148011432,0.0,0.0,0.0,17331.68914801144,0,0.0,9.094947017729282e-13,0.06918462505564094,1,0,0,0,1,0.0,0,causal_season,42,causal_season_seed_42,False
59,2025-03-01,3,2,33275.51152819568,33275.51152819568,0.0,0,15433.851529420534,13972.656530405056,8155.550595846864,1920.1255420626667,1833.4895128467356,17167.454575155,0.0,0.0,0.0,17167.454575154996,0,0.0,8.917311333789257e-13,0.04705537494737655,1,0,0,0,1,0.0,0,causal_season,42,causal_season_seed_42,False
60,2025-03-02,3,2,77615.89812387267,77615.89812387267,1226.0333508799472,60,19642.670133137068,18050.953315068957,4891.9075900178395,1833.4895128467356,1440.787126274563,47975.546785018036,0.0,0.0,8268.138140448415,56243.684925466456,0,0.0,9.028333636251773e-13,0.015587583999149501,1,0,0,0,1,0.0,0,causal_season,42,causal_season_seed_42,False
61,2025-03-03,3,2,80610.26933715053,80610.26933715053,0.0,0,23748.84666709821,21284.352562905846,6128.62859962483,1440.787126274563,1535.2437670383401,49259.87450260819,0.0,0.0,0.0,49259.8745026082,0,0.0,8.810729923425242e-13,0.015474958927370608,1,0,0,0,1,0.0,0,causal_season,42,causal_season_seed_42,False
62,2025-03-04,3,2,80696.06487518459,80696.06487518459,0.0,0,19804.4994563581,17666.79988611003,9358.907371603194,1535.2437670383401,1700.9994253654093,49785.17506352616,0.0,0.0,0.0,49785.17506352614,0,0.0,9.094947017729282e-13,0.015648458036594093,1,0,0,0,1,0.0,0,causal_season,42,causal_season_seed_42,False
63,2025-03-05,3,2,78089.51292203863,78089.51292203863,0.0,0,18878.669867544533,17049.059522777956,10129.430560605391,1700.9994253654093,1639.5915328605179,47906.23718226268,0.0,0.0,0.0,47906.237182262674,0,0.0,9.094947017729282e-13,0.015702083008363843,1,0,0,0,1,0.0,0,causal_season,42,causal_season_seed_42,False
64,2025-03-06,3,2,74512.26816588201,74512.26816588201,30.252714128324357,30,20170.494847520862,18492.972310908783,6924.344210064924,1639.5915328605179,1281.6987051510944,45403.77145498644,0.0,0.0,141.3413247536537,45545.1127797401,0,0.0,9.023892744153272e-13,0.020639374968595803,1,0,0,0,1,0.0,0,causal_season,42,causal_season_seed_42,False
65,2025-03-07,3,2,33027.72146276763,33027.72146276763,0.0,0,15413.280772567801,13270.514108322866,9962.66926518936,1281.6987051510944,1915.6706410163818,17011.739680875384,0.0,0.0,0.0,17011.739680875384,0,0.0,7.958078640513122e-13,0.053201041999273,1,0,0,0,1,0.0,0,causal_season,42,causal_season_seed_42,False
66,2025-03-08,3,2,30895.92024923113,30895.92024923113,0.0,0,15045.254677562503,13569.205562722964,10356.731617724923,1915.6706410163818,1885.6539294591876,16130.649040184126,0.0,0.0,0.0,16130.649040184131,0,0.0,7.389644451905042e-13,0.09294820798095316,1,0,0,0,1,0.0,0,causal_season,42,causal_season_seed_42,False
67,2025-03-09,3,2,70130.12202677211,70130.12202677211,0.0,0,21100.24081684354,19236.6644063396,4933.020566268163,1885.6539294591876,1625.8752744677358,42617.82193650766,0.0,0.0,0.0,42617.821936507666,0,0.0,8.943956686380261e-13,0.015720083029009402,1,0,0,0,1,0.0,0,causal_season,42,causal_season_seed_42,False
68,2025-03-10,3,2,69381.92136851064,69381.92136851064,992.8452345224717,20,21328.290685157677,19258.153716637215,262.55818451264895,1625.8752744677358,1559.7919987063297,41938.31804808619,0.0,0.0,6865.159635395144,48803.47768348134,0,0.0,9.094947017729282e-13,0.03889245796017349,1,0,0,0,1,0.0,0,causal_season,42,causal_season_seed_42,False
69,2025-03-11,3,2,74148.11017569562,74148.11017569562,0.0,0,19484.980164977944,17313.51017082911,8037.7213815467985,1559.7919987063297,1794.8250999628042,44630.48826561568,0.0,0.0,0.0,44630.488265615655,0,0.0,9.094947017729282e-13,0.01586187502834946,1,0,0,0,1,0.0,0,causal_season,42,causal_season_seed_42,False
70,2025-03-12,3,2,70917.42093957787,70917.42093957787,0.0,0,20615.076190311996,18772.323964919946,6639.134030852492,1794.8250999628042,1564.2366685139966,42848.878610576816,0.0,0.0,0.0,42848.87861057682,0,0.0,9.094947017729282e-13,0.01954799995291978,1,0,0,0,1,0.0,0,causal_season,42,causal_season_seed_42,False
71,2025-03-13,3,2,68159.1371631588,68159.1371631588,2059.600362910622,90,20952.994839959705,18934.685032903104,654.8097023461467,1564.2366685139966,1483.0824233643452,40983.7729972829,0.0,0.0,12502.738906135803,53486.51190341872,0,0.0,8.384404281969182e-13,0.03802645904943347,1,0,0,0,1,0.0,0,causal_season,42,causal_season_seed_42,False
72,2025-03-14,3,2,30076.868194966293,30076.868194966293,0.0,0,15164.84139035653,13217.152936127268,12099.753757403696,1483.0824233643452,1937.6116809993318,15545.784255369128,0.0,0.0,0.0,15545.784255369128,0,0.0,6.838973831690964e-13,0.05227624997496605,1,0,0,0,1,0.0,0,causal_season,42,causal_season_seed_42,False
73,2025-03-15,3,2,30037.560502406035,30037.560502406035,0.0,0,14388.788660518672,13514.894196985928,8239.540888873295,1937.6116809993318,1342.0658295227265,15503.364995080557,0.0,0.0,0.0,15503.364995080557,0,0.0,9.094947017729282e-13,0.04448262497317046,1,0,0,0,1,0.0,0,causal_season,42,causal_season_seed_42,False
74,2025-03-16,3,2,71765.64087252994,71765.64087252994,1.6399999999999864,10,20401.51873289298,18116.16765047157,6130.882856775199,1342.0658295227265,1600.5284899658784,43103.584035595355,0.0,0.0,7.461179999999938,43111.045215595346,0,0.0,9.094947017729282e-13,0.025199666968546808,1,0,0,0,1,0.0,0,causal_season,42,causal_season_seed_42,False
75,2025-03-17,3,2,69178.1359390255,69178.1359390255,0.0,0,19437.148798191978,17101.39856297226,8984.254270472455,1600.5284899658784,2013.7700387589525,41569.658685007176,0.0,0.0,0.0,41569.658685007176,0,0.0,9.059419880941277e-13,0.015454250038601458,1,0,0,0,1,0.0,0,causal_season,42,causal_season_seed_42,False
76,2025-03-18,3,2,63689.54961463403,63689.54961463403,1205.9381384435587,80,20894.523475461283,19121.246851748674,1996.2527626983042,2013.7700387589525,1680.4915627035248,38174.44050619492,0.0,0.0,6097.148135174825,44271.58864136974,0,0.0,9.094947017729282e-13,0.06223729194607586,1,0,0,0,1,0.0,0,causal_season,42,causal_season_seed_42,False
77,2025-03-19,3,2,68437.27578093656,68437.27578093656,0.0,0,20956.489425130647,18356.11032859524,6371.426234401157,1680.4915627035248,2212.5238595295896,41193.40055588365,0.0,0.0,0.0,41193.40055588365,0,0.0,8.597567102697212e-13,0.03232066601049155,1,0,0,0,1,0.0,0,causal_season,42,causal_season_seed_42,False
78,2025-03-20,3,2,66126.04658350945,66126.04658350945,153.68715109969787,10,20386.87520566388,18882.420524716865,2566.3172369954536,2212.5238595295896,1649.3930015107046,39981.5126170964,0.0,0.0,1072.1215660714925,41053.63418316789,0,0.0,9.094947017729282e-13,0.035100792068988085,1,0,0,0,1,0.0,0,causal_season,42,causal_season_seed_42,False
79,2025-03-21,3,2,29783.53953639199,29783.53953639199,0.0,0,14478.115831379635,13084.880247105644,16356.839435451333,1649.3930015107046,1591.8648475144055,15409.764572943226,0.0,0.0,0.0,15409.764572943226,0,0.0,7.389644451905042e-13,0.051054124953225255,1,0,0,0,1,0.0,0,causal_season,42,causal_season_seed_42,False
80,2025-03-22,3,2,29910.34752572523,29910.34752572523,0.0,0,14555.0367314342,12392.364872927066,11866.475933884762,1591.8648475144055,2337.2855657002333,15348.64384275305,0.0,0.0,0.0,15348.643842753047,0,0.0,7.958078640513122e-13,0.0545038339914754,1,0,0,0,1,0.0,0,causal_season,42,causal_season_seed_42,False
81,2025-03-23,3,2,66955.32909525513,66955.32909525513,23.529486436224992,30,20070.074497876238,18822.02960735889,6961.09357450734,2337.2855657002333,1537.2687836720252,40144.09263563983,0.0,0.0,150.6568595731739,40294.74949521302,0,0.0,8.313350008393172e-13,0.03699904202949256,1,0,0,0,1,0.0,0,causal_season,42,causal_season_seed_42,False
82,2025-03-24,3,2,64734.769953773844,64734.769953773844,282.51549912544476,10,20909.24843744334,19024.311535761182,5133.851467883795,1537.2687836720252,1320.1384278562705,38493.52036095775,0.0,0.0,1970.8281218991028,40464.34848285687,0,0.0,8.810729923425242e-13,0.0404286669800058,1,0,0,0,1,0.0,0,causal_season,42,causal_season_seed_42,False
83,2025-03-25,3,2,64661.92617561713,64661.92617561713,0.0,0,22091.13310297765,19698.965999846907,1319.63435581973,1320.1384278562705,1513.0940677512117,38627.81861785003,0.0,0.0,0.0,38627.81861785001,0,0.0,8.881784197001252e-13,0.03426416707225144,1,0,0,0,1,0.0,0,causal_season,42,causal_season_seed_42,False
84,2025-03-26,3,2,66996.02318395622,66996.02318395622,0.0,0,20135.60364178794,17995.18578086973,9263.050456371333,1513.0940677512117,1646.8136104058576,39945.43276982654,0.0,0.0,0.0,39945.43276982653,0,0.0,8.668621376273222e-13,0.0379514170344919,1,0,0,0,1,0.0,0,causal_season,42,causal_season_seed_42,False
85,2025-03-27,3,2,62216.83740709116,62216.83740709116,49.0588638915086,30,20392.187827050257,18660.368101374137,1817.0871453065515,1646.8136104058576,1322.7865534727405,37252.749853085836,0.0,0.0,243.26008392251165,37496.00993700835,0,0.0,8.881784197001252e-13,0.045034792041406035,1,0,0,0,1,0.0,0,causal_season,42,causal_season_seed_42,False
86,2025-03-28,3,2,29817.976645871207,29817.976645871207,0.0,0,14657.965396560014,12466.36515786227,16804.4956405068,1322.7865534727405,2087.8508278551662,15209.572992939822,0.0,0.0,0.0,15209.572992939822,0,0.0,8.526512829121202e-13,0.048751458059996367,1,0,0,0,1,0.0,0,causal_season,42,causal_season_seed_42,False
87,2025-03-29,3,2,28533.517117566036,28533.517117566036,0.0,0,13359.595882364421,12291.026490234875,19757.738542103158,2087.8508278551662,1805.9968132895408,14448.935542680383,0.0,0.0,0.0,14448.935542680383,0,0.0,7.247535904753022e-13,0.05121050006709993,1,0,0,0,1,0.0,0,causal_season,42,causal_season_seed_42,False
88,2025-03-30,3,2,59558.573629898005,59558.573629898005,0.0,0,20695.076918714993,18696.56877778186,2214.4457889648775,1805.9968132895408,1731.15671535141,35867.2680097682,0.0,0.0,0.0,35867.2680097682,0,0.0,9.094947017729282e-13,0.04566420800983906,1,0,0,0,1,0.0,0,causal_season,42,causal_season_seed_42,False
89,2025-03-31,3,2,61011.70217356247,61011.70217356247,53.433230345601714,10,19755.78780106882,17793.5119707305,2151.4700902364225,1731.15671535141,1717.1341750622503,36287.76976127947,0.0,0.0,372.75021489091756,36660.51997617041,0,0.0,9.023892744153272e-13,0.05081537493970245,1,0,0,0,1,0.0,0,causal_season,42,causal_season_seed_42,False
90,2025-04-01,4,2,64807.1624660278,64807.1624660278,0.0,0,20329.48921182306,18089.419907026153,2358.2416445642257,1717.1341750622503,1935.458229085569,38598.724089532225,0.0,0.0,0.0,38598.72408953223,0,0.0,8.988365607365267e-13,0.049482040922157466,1,0,0,0,1,0.0,0,causal_season,42,causal_season_seed_42,False
91,2025-04-02,4,2,67194.46301594273,67194.46301594273,879.7373665939687,70,20716.19664818679,18757.658303764605,5680.326638114522,1935.458229085569,1816.2600513281727,39857.682344934445,0.0,0.0,4283.580122739345,44141.262467673805,0,0.0,8.144596108650148e-13,0.03289237502031028,1,0,0,0,1,0.0,0,causal_season,42,causal_season_seed_42,False
92,2025-04-03,4,2,67954.76985051561,67954.76985051561,53.486505097652866,10,18872.622255378585,17148.637682622335,10420.741516190348,1816.2600513281727,1644.150293396177,40476.19045300242,0.0,0.0,373.1218595612264,40849.31231256366,0,0.0,9.094947017729282e-13,0.01923008298035711,1,0,0,0,1,0.0,0,causal_season,42,causal_season_seed_42,False
93,2025-04-04,4,2,28674.475166454995,28674.475166454995,0.0,0,13774.700301295152,12014.27285463173,20483.245469791575,1644.150293396177,2047.822854429828,14426.581256047331,0.0,0.0,0.0,14426.581256047335,0,0.0,7.389644451905042e-13,0.07671941607259214,1,0,0,0,1,0.0,0,causal_season,42,causal_season_seed_42,False
94,2025-04-05,4,2,27862.60271204943,27862.60271204943,0.0,0,12891.155184376228,11917.72745602711,14845.060000366979,2047.822854429828,1715.058705701556,13988.653907460775,0.0,0.0,0.0,13988.653907460777,0,0.0,7.887024366937112e-13,0.06465216702781618,1,0,0,0,1,0.0,0,causal_season,42,causal_season_seed_42,False
95,2025-04-06,4,2,64584.431514191165,64584.431514191165,0.0,0,19618.210801336416,17662.40401112448,8218.548457312554,1715.058705701556,1708.7190874811654,38272.968013095226,0.0,0.0,0.0,38272.96801309524,0,0.0,8.641976023682219e-13,0.033444833010435104,1,0,0,0,1,0.0,0,causal_season,42,causal_season_seed_42,False
96,2025-04-07,4,2,61577.07100183168,61577.07100183168,0.0,0,19370.996969427284,17455.07233211554,6418.427081186612,1708.7190874811654,1686.3986148065658,36463.28224960621,0.0,0.0,0.0,36463.282249606185,0,0.0,9.094947017729282e-13,0.032859332975931466,1,0,0,0,1,0.0,0,causal_season,42,causal_season_seed_42,False
97,2025-04-08,4,2,61581.76524302142,61581.76524302142,334.97007301549513,60,20660.498626468114,18917.15353888845,5820.196611790589,1686.3986148065658,1346.2379144650602,36539.86396814834,0.0,0.0,1770.546369398831,38310.41033754716,0,0.0,9.041656312547275e-13,0.03303558309562504,1,0,0,0,1,0.0,0,causal_season,42,causal_season_seed_42,False
98,2025-04-09,4,2,63114.37374237204,63114.37374237204,0.0,0,20101.40375580997,17694.370484898078,1573.0294547934764,1346.2379144650602,1764.5997599265345,37696.91140799362,0.0,0.0,0.0,37696.91140799362,0,0.0,8.952838470577262e-13,0.035579417017288506,1,0,0,0,1,0.0,0,causal_season,42,causal_season_seed_42,False
99,2025-04-10,4,2,67148.6233932614,67148.6233932614,0.0,0,19239.683533330885,17356.5646789774,10804.866638907926,1764.5997599265345,1721.5406072424425,39751.47463560275,0.0,0.0,0.0,39751.47463560277,0,0.0,9.094947017729282e-13,0.02314837498124689,1,0,0,0,1,0.0,0,causal_season,42,causal_season_seed_42,False
100,2025-04-11,4,2,28132.921936132505,28132.921936132505,0.0,0,13197.325631031035,11801.155655467783,21420.101793902584,1721.5406072424425,1802.1127145170426,14196.744544351892,0.0,0.0,0.0,14196.744544351895,0,0.0,9.094947017729282e-13,0.04687574994750321,1,0,0,0,1,0.0,0,causal_season,42,causal_season_seed_42,False
101,2025-04-12,4,2,27537.402340400193,27537.402340400193,0.0,0,12638.711139092793,11143.48398796766,17017.014639275058,1802.1127145170426,2045.9833905279697,13771.819406018925,0.0,0.0,0.0,13771.819406018923,0,0.0,7.958078640513122e-13,0.04614745802246034,1,0,0,0,1,0.0,0,causal_season,42,causal_season_seed_42,False
102,2025-04-13,4,2,61489.09882216372,61489.09882216372,0.0,0,19801.89258101637,18172.578467480107,5583.426225294129,2045.9833905279697,1676.128513472153,36299.15035623451,0.0,0.0,0.0,36299.15035623452,0,0.0,8.815170815523743e-13,0.055250334087759256,1,0,0,0,1,0.0,0,causal_season,42,causal_season_seed_42,False
103,2025-04-14,4,2,61483.56053145337,61483.56053145337,0.0,0,19616.87066733129,17557.633893365914,6896.291957487982,1676.128513472153,1778.9549334509913,36119.774092267835,0.0,0.0,0.0,36119.774092267835,0,0.0,9.023892744153272e-13,0.03173141600564122,1,0,0,0,1,0.0,0,causal_season,42,causal_season_seed_42,False
104,2025-04-15,4,2,59830.07660728914,59830.07660728914,0.0,0,19170.010901440677,17114.400745681563,7635.037618196696,1778.9549334509913,1925.0617173480794,35218.549176573324,0.0,0.0,0.0,35218.549176573324,0,0.0,9.094947017729282e-13,0.03626283293124288,1,0,0,0,1,0.0,0,causal_season,42,causal_season_seed_42,False
105,2025-04-16,4,2,59120.79366241457,59120.79366241457,0.0,0,19565.654971244374,17631.84218984381,1407.3889310140075,1925.0617173480794,1901.0782491341529,35236.252238914036,0.0,0.0,0.0,35236.25223891403,0,0.0,8.952838470577262e-13,0.04700433393009007,1,0,0,0,1,0.0,0,causal_season,42,causal_season_seed_42,False
106,2025-04-17,4,2,63458.65794946343,63458.65794946343,0.0,0,18765.594928549177,16827.042186372426,8651.76285728668,1901.0782491341529,1966.4248716047143,37371.64157762346,0.0,0.0,0.0,37371.641577623464,0,0.0,8.668621376273222e-13,0.05448050005361438,1,0,0,0,1,0.0,0,causal_season,42,causal_season_seed_42,False
107,2025-04-18,4,2,27515.017864771875,27515.017864771875,0.0,0,12975.74997222748,11244.724299126668,19429.87500833773,1966.4248716047143,2423.32200130941,13763.591886497217,0.0,0.0,0.0,13763.591886497215,0,0.0,9.094947017729282e-13,0.05087904096581042,1,0,0,0,1,0.0,0,causal_season,42,causal_season_seed_42,False
108,2025-04-19,4,2,25953.540646195495,25953.540646195495,0.0,0,12131.665254752337,11245.377576842022,18282.57371828518,2423.32200130941,2078.761442230699,12878.162640584687,0.0,0.0,0.0,12878.16264058469,0,0.0,8.526512829121202e-13,0.047978959046304226,1,0,0,0,1,0.0,0,causal_season,42,causal_season_seed_42,False
109,2025-04-20,4,2,59821.54456708762,59821.54456708762,0.0,0,19413.58336117663,17636.906067747546,6087.122390325206,2078.761442230699,1905.1723814482516,35256.15999053212,0.0,0.0,0.0,35256.15999053213,0,0.0,9.07718344933528e-13,0.05612933402881026,1,0,0,0,1,0.0,0,causal_season,42,causal_season_seed_42,False
110,2025-04-21,4,2,60250.30644172394,60250.30644172394,0.0,0,18110.21978125111,16443.39056789548,10066.56684503497,1905.1723814482516,1753.1798618521054,35606.49790276281,0.0,0.0,0.0,35606.49790276281,0,0.0,8.739675649849232e-13,0.05155762494541705,1,0,0,0,1,0.0,0,causal_season,42,causal_season_seed_42,False
111,2025-04-22,4,2,55099.822193010245,55099.822193010245,0.0,0,19186.98947121509,17301.949960405545,1061.8533655340366,1753.1798618521054,1717.6997006843756,32818.799401919045,0.0,0.0,0.0,32818.79940191905,0,0.0,9.094947017729282e-13,0.040423542028293014,1,0,0,0,1,0.0,0,causal_season,42,causal_season_seed_42,False
112,2025-04-23,4,2,60792.10091512867,60792.10091512867,0.0,0,18799.443727060032,16474.641449733917,7067.381921135889,1717.6997006843756,2186.6211052608824,35627.20949427394,0.0,0.0,0.0,35627.20949427396,0,0.0,9.023892744153272e-13,0.03283320798072964,1,0,0,0,1,0.0,0,causal_season,42,causal_season_seed_42,False
113,2025-04-24,4,2,59141.510524707366,59141.510524707366,0.0,0,17734.710789826662,16326.768796372342,10643.461831253047,2186.6211052608824,1801.3196181581927,34786.57465101844,0.0,0.0,0.0,34786.574651018454,0,0.0,9.00612917575927e-13,0.036276041995733976,1,0,0,0,1,0.0,0,causal_season,42,causal_season_seed_42,False
114,2025-04-25,4,2,25960.816987018214,25960.816987018214,0.0,0,12031.068080320943,10902.685233290695,22832.076489987958,1801.3196181581927,1722.553647306387,12622.93135314905,0.0,0.0,0.0,12622.931353149055,0,0.0,7.958078640513122e-13,0.05400679097510874,1,0,0,0,1,0.0,0,causal_season,42,causal_season_seed_42,False
115,2025-04-26,4,2,25724.248892797114,25724.248892797114,0.0,0,12217.042914944424,11185.15973615154,24622.172080670898,1722.553647306387,1522.464625931572,12384.666292196143,0.0,0.0,0.0,12384.666292196143,0,0.0,9.094947017729282e-13,0.0566252910066396,1,0,0,0,1,0.0,0,causal_season,42,causal_season_seed_42,False
116,2025-04-27,4,2,54227.53812743783,54227.53812743783,47.964418267472524,10,19203.399218062514,17345.28232939193,3843.9144737013867,1522.464625931572,1456.8757900539583,32327.325466242462,0.0,0.0,334.59978183388836,32661.92524807636,0,0.0,9.094947017729282e-13,0.06318466702941805,1,0,0,0,1,0.0,0,causal_season,42,causal_season_seed_42,False
117,2025-04-28,4,2,58353.69243863603,58353.69243863603,1305.1013601649388,40,18252.928483248445,16191.485689956797,975.3836888426612,1456.8757900539583,1705.7996885267971,34555.63208913887,0.0,0.0,8889.040336034193,43444.67242517307,0,0.0,9.094947017729282e-13,0.03556624997872859,1,0,0,0,1,0.0,0,causal_season,42,causal_season_seed_42,False
118,2025-04-29,4,2,64226.313045005474,64226.313045005474,0.0,0,17338.956669653573,15331.390352642418,14785.533011327652,1705.7996885267971,1994.2738828213276,37344.40937298298,0.0,0.0,0.0,37344.40937298296,0,0.0,9.094947017729282e-13,0.05081662500742823,1,0,0,0,1,0.0,0,causal_season,42,causal_season_seed_42,False
119,2025-04-30,4,2,56791.27643114366,56791.27643114366,0.0,0,17480.49919307348,15961.958697735517,7015.881502472368,1994.2738828213276,1752.34970808249,33939.02375014442,0.0,0.0,0.0,33939.02375014441,0,0.0,9.094947017729282e-13,0.05358937499113381,1,0,0,0,1,0.0,0,causal_season,42,causal_season_seed_42,False
120,2025-05-01,5,2,55981.318348051864,55981.318348051864,2806.3176512043146,200,18563.13430358667,17216.190615013038,6429.3135106825475,1752.34970808249,1215.426856344967,32882.591183167795,0.0,0.0,15724.914348670087,48607.50553183789,0,0.0,9.094947017729282e-13,0.04963870905339718,1,0,0,0,1,0.0,0,causal_season,42,causal_season_seed_42,False
121,2025-05-02,5,2,26634.717833324197,26634.717833324197,2040.2351904213047,160,12927.917464599981,11649.760919095881,13106.47639490807,1215.426856344967,1200.0,13039.178031969392,0.0,0.0,9921.727863630133,22960.905895599524,0,0.0,8.526512829121202e-13,0.04729241703171283,1,0,0,0,1,0.0,0,causal_season,42,causal_season_seed_42,False
122,2025-05-03,5,2,27258.614383478678,27258.614383478678,1362.594532087005,130,12706.183516465431,11435.565164818887,18483.418913919137,1200.0,1200.0,13488.429668380199,0.0,0.0,6316.567854786064,19804.99752316626,0,0.0,9.094947017729282e-13,0.05500499997287989,1,0,0,0,1,0.0,0,causal_season,42,causal_season_seed_42,False
123,2025-05-04,5,2,59085.0318484728,59085.0318484728,1987.3305716968357,200,17263.894175999907,15498.525584816307,7572.3264956527,1200.0,1241.0876566117606,34638.74092525107,0.0,0.0,10725.780445929846,45364.52137118092,0,0.0,9.094947017729282e-13,0.06589224992785603,1,0,0,0,1,0.0,0,causal_season,42,causal_season_seed_42,False
124,2025-05-05,5,2,57632.29017868378,57632.29017868378,2133.7203898930534,200,20029.494972691806,18048.202270284375,2708.7110661694055,1241.0876566117606,1218.2593904177024,33620.65802595398,0.0,0.0,12517.270544674759,46137.92857062872,0,0.0,9.094947017729282e-13,0.06973133294377476,1,0,0,0,1,0.0,0,causal_season,42,causal_season_seed_42,False
125,2025-05-06,5,2,60162.6889285052,60162.6889285052,1993.950401117841,190,19384.461534112797,17463.33775942338,7365.433188266959,1218.2593904177024,1200.0,35081.206521741035,0.0,0.0,10040.629817030449,45121.83633877149,0,0.0,8.988365607365267e-13,0.05033141700550914,1,0,0,0,1,0.0,0,causal_season,42,causal_season_seed_42,False
126,2025-05-07,5,2,58961.45184058014,58961.45184058014,2641.102737228168,180,19109.420593712166,17109.29669126035,4534.5847253565025,1200.0,1294.0059166888002,34468.95643306063,0.0,0.0,15506.700840460218,49975.65727352086,0,0.0,8.810729923425242e-13,0.032445000018924475,1,0,0,0,1,0.0,0,causal_season,42,causal_season_seed_42,False
127,2025-05-08,5,2,62336.64111988027,62336.64111988027,82.43748333333326,20,19412.90835758426,17096.957232854256,4276.61507848359,1294.0059166888002,1688.9325373444913,37767.92782951128,0.0,0.0,554.3650959583329,38322.29292546959,0,0.0,8.810729923425242e-13,0.0655935830436647,1,0,0,0,1,0.0,0,causal_season,42,causal_season_seed_42,False
128,2025-05-09,5,2,27958.57002261394,27958.57002261394,0.0,0,13122.101984822732,11606.662983974318,17943.74517176552,1688.9325373444913,1903.154504552897,14275.478854371824,0.0,0.0,0.0,14275.47885437182,0,0.0,7.958078640513122e-13,0.05863020790275186,1,0,0,0,1,0.0,0,causal_season,42,causal_season_seed_42,False
129,2025-05-10,5,2,28450.155353653674,28450.155353653674,0.0,0,12100.083868672325,11101.556748478219,15330.582950126227,1903.154504552897,1680.2336761713834,14880.357541106932,0.0,0.0,0.0,14880.35754110693,0,0.0,7.958078640513122e-13,0.049070208915509284,1,0,0,0,1,0.0,0,causal_season,42,causal_season_seed_42,False
130,2025-05-11,5,2,65555.72775658761,65555.72775658761,121.56470733214962,30,17698.05583916397,15973.474908373315,8468.63244979578,1680.2336761713834,1632.5627060819193,39341.23982412329,0.0,0.0,838.1197583407425,40179.35958246403,0,0.0,9.094947017729282e-13,0.019700167002156377,1,0,0,0,1,0.0,0,causal_season,42,causal_season_seed_42,False
131,2025-05-12,5,2,63158.464510291946,63158.464510291946,79.5493700159202,30,17039.6578143701,15148.707085438951,9415.867918043381,1632.5627060819193,1829.6621468314104,37544.98633412034,0.0,0.0,506.3459026975629,38051.33223681789,0,0.0,8.881784197001252e-13,0.03710708301514387,1,0,0,0,1,0.0,0,causal_season,42,causal_season_seed_42,False
132,2025-05-13,5,2,60545.14433813531,60545.14433813531,0.0,0,18578.623391851113,16495.73192047255,5333.040100090073,1829.6621468314104,2066.8636793722176,36429.64059301287,0.0,0.0,0.0,36429.640593012875,0,0.0,9.094947017729282e-13,0.050180708989501,1,0,0,0,1,0.0,0,causal_season,42,causal_season_seed_42,False
133,2025-05-14,5,2,62369.09186859381,62369.09186859381,0.0,0,17801.60894657091,16107.518597753444,7660.852736443007,2066.8636793722176,1976.1373579365002,37381.01075982989,0.0,0.0,0.0,37381.01075982989,0,0.0,8.804068585277491e-13,0.06656204105820507,1,0,0,0,1,0.0,0,causal_season,42,causal_season_seed_42,False
134,2025-05-15,5,2,60774.7450723471,60774.7450723471,0.0,0,18570.598153118448,16896.48537655406,6335.574012449381,1976.1373579365002,1783.2942467281507,36421.920780875385,0.0,0.0,0.0,36421.920780875385,0,0.0,8.890665981198254e-13,0.051146292011253536,1,0,0,0,1,0.0,0,causal_season,42,causal_season_seed_42,False
135,2025-05-16,5,2,27601.477916566182,27601.477916566182,0.0,0,11454.450051848522,10765.86371708897,24197.385048473298,1783.2942467281507,1301.7229242814312,14287.311698400252,0.0,0.0,0.0,14287.311698400255,0,0.0,8.526512829121202e-13,0.04614466696511954,1,0,0,0,1,0.0,0,causal_season,42,causal_season_seed_42,False
136,2025-05-17,5,2,27725.04016840445,27725.04016840445,113.07279747476167,10,12468.290488318868,11005.931466803873,15926.954861030885,1301.7229242814312,1528.9114635189262,14175.597707665509,0.0,0.0,691.214010963218,14866.811718628729,0,0.0,9.094947017729282e-13,0.05830912489909679,1,0,0,0,1,0.0,0,causal_season,42,causal_season_seed_42,False
137,2025-05-18,5,2,63665.59319805827,63665.59319805827,5.236666666666679,10,18665.959774518164,16347.910292737042,7676.612282943812,1528.9114635189262,2004.7852406340157,38339.820472492254,0.0,0.0,35.318698333333415,38375.13917082558,0,0.0,9.094947017729282e-13,0.035657625063322484,1,0,0,0,1,0.0,0,causal_season,42,causal_season_seed_42,False
138,2025-05-19,5,2,60875.707419403276,60875.707419403276,79.23649999999998,20,17217.69631999313,15969.564881125389,12191.595930535535,2004.7852406340157,1505.5267482531845,36113.52398927579,0.0,0.0,533.8661983333332,36647.390187609104,0,0.0,9.094947017729282e-13,0.04994925006758422,1,0,0,0,1,0.0,0,causal_season,42,causal_season_seed_42,False
139,2025-05-20,5,2,57054.888173824496,57054.888173824496,45.89831293206623,20,18273.913450819855,16632.62710675467,932.1053260247031,1505.5267482531845,1309.35485253283,34398.30281938113,0.0,0.0,305.26207946757336,34703.564898848694,0,0.0,9.094947017729282e-13,0.03132795891724527,1,0,0,0,1,0.0,0,causal_season,42,causal_season_seed_42,False
140,2025-05-21,5,2,63519.90491302774,63519.90491302774,0.0,0,17317.117940375432,15283.520226548024,10123.691915866992,1309.35485253283,1627.5705525564558,37799.439117776245,0.0,0.0,0.0,37799.43911777624,0,0.0,9.094947017729282e-13,0.0488399580353871,1,0,0,0,1,0.0,0,causal_season,42,causal_season_seed_42,False
141,2025-05-22,5,2,58974.935413054445,58974.935413054445,82.71530002600514,20,17849.053286867987,15824.542540249371,6216.509149795171,1627.5705525564558,1880.136839350157,35543.05804691623,0.0,0.0,576.4269779814119,36119.48502489766,0,0.0,9.094947017729282e-13,0.03660787490662187,1,0,0,0,1,0.0,0,causal_season,42,causal_season_seed_42,False
142,2025-05-23,5,2,26991.594338044764,26991.594338044764,0.0,0,12203.282323760235,10851.356202446186,19218.719333397385,1880.136839350157,2018.8531941214992,13879.280343386072,0.0,0.0,0.0,13879.280343386072,0,0.0,7.958078640513122e-13,0.0644517500186339,1,0,0,0,1,0.0,0,causal_season,42,causal_season_seed_42,False
143,2025-05-24,5,2,27291.005501778254,27291.005501778254,0.0,0,11533.030993156763,10360.386962261919,22363.860087550078,2018.8531941214992,2039.2403260747146,14169.150114371752,0.0,0.0,0.0,14169.150114371747,0,0.0,7.958078640513122e-13,0.05891845899168402,1,0,0,0,1,0.0,0,causal_season,42,causal_season_seed_42,False
144,2025-05-25,5,2,57857.52185778902,57857.52185778902,146.07606871072332,20,16748.24422246685,15427.015762065472,8137.359282765038,2039.2403260747146,1666.5174557849898,34534.78956130327,0.0,0.0,764.8289326418743,35299.618493945134,0,0.0,8.668621376273222e-13,0.05237824993673712,1,0,0,0,1,0.0,0,causal_season,42,causal_season_seed_42,False
145,2025-05-26,5,2,56400.07350084815,56400.07350084815,808.1906607130813,20,17695.912914705237,15983.370145581841,915.8884424378372,1666.5174557849898,1606.3830331970182,34083.03477229426,0.0,0.0,5633.387116885443,39716.4218891797,0,0.0,9.094947017729282e-13,0.048636917024850845,1,0,0,0,1,0.0,0,causal_season,42,causal_season_seed_42,False
146,2025-05-27,5,2,63629.93044564725,63629.93044564725,0.0,0,17335.59341539096,15421.543970028357,12325.513700284657,1606.3830331970182,1796.6363075978734,37710.06508187494,0.0,0.0,0.0,37710.065081874935,0,0.0,9.094947017729282e-13,0.039051458006724715,1,0,0,0,1,0.0,0,causal_season,42,causal_season_seed_42,False
147,2025-05-28,5,2,58527.01351982913,58527.01351982913,0.0,0,18461.786238093693,16422.870051326936,4214.273233062374,1796.6363075978734,1999.7995374696861,35161.60929964286,0.0,0.0,0.0,35161.60929964286,0,0.0,9.094947017729282e-13,0.04160150000825524,1,0,0,0,1,0.0,0,causal_season,42,causal_season_seed_42,False
148,2025-05-29,5,2,59668.3240709612,59668.3240709612,122.07812499621534,50,18906.904168620713,17388.772709058732,4162.147236395433,1999.7995374696861,1607.0879148811168,35473.49846690029,0.0,0.0,661.6608158145049,36135.15928271479,0,0.0,8.881784197001252e-13,0.05338245804887265,1,0,0,0,1,0.0,0,causal_season,42,causal_season_seed_42,False
149,2025-05-30,5,2,27260.811739093486,27260.811739093486,0.0,0,12218.981902218735,10936.573007707537,19382.169577915625,1607.0879148811168,1670.8717976728417,13846.980391836898,0.0,0.0,0.0,13846.980391836898,0,0.0,8.526512829121202e-13,0.051328000030480325,1,0,0,0,1,0.0,0,causal_season,42,causal_season_seed_42,False
150,2025-05-31,5,2,27651.834801398607,27651.834801398607,0.0,0,12481.51020167154,10939.636972222175,17720.78002194924,1670.8717976728417,1980.4821912423176,14371.264954960945,0.0,0.0,0.0,14371.264954960947,0,0.0,7.958078640513122e-13,0.045675333007238805,1,0,0,0,1,0.0,0,causal_season,42,causal_season_seed_42,False
151,2025-06-01,6,2,61123.98296958367,61123.98296958367,10896.624647867584,380,15022.342193944784,14260.538393807754,33.97751731423182,1980.4821912423176,1200.0,36576.090802147104,0.0,0.0,65470.19287800982,102046.28368015695,0,0.0,7.958078640513122e-13,0.06391833303496242,1,0,0,0,1,0.0,0,causal_season,42,causal_season_seed_42,False
152,2025-06-02,6,2,69937.81068358023,69937.81068358023,5327.825487596212,300,20639.933646318917,18575.940281687024,4560.835356544542,1200.0,1200.0,41592.48473111041,0.0,0.0,30650.43221005997,72242.91694117039,0,0.0,9.094947017729282e-13,0.019829249940812588,1,0,0,0,1,0.0,0,causal_season,42,causal_season_seed_42,False
153,2025-06-03,6,2,68231.9867947709,68231.9867947709,2920.71087055777,290,20919.62460195848,18827.662141762623,868.3683717994855,1200.0,1200.0,41182.6027114701,0.0,0.0,15248.067054982641,56430.66976645273,0,0.0,9.094947017729282e-13,0.019560332992114127,1,0,0,0,1,0.0,0,causal_season,42,causal_season_seed_42,False
154,2025-06-04,6,2,67372.91067783991,67372.91067783991,4585.707136008481,290,19502.48188293577,17552.233694642193,363.1088088881496,1200.0,1200.0,40164.20246501964,0.0,0.0,25755.78377999381,65919.98624501345,0,0.0,9.094947017729282e-13,0.05106287496164441,1,0,0,0,1,0.0,0,causal_season,42,causal_season_seed_42,False
155,2025-06-05,6,2,68442.24233535686,68442.24233535686,5237.062202588188,360,20866.550070823345,18779.89506374101,443.33151419604553,1200.0,1200.0,41071.95713970339,0.0,0.0,28125.188156123764,69197.14529582718,0,0.0,8.810729923425242e-13,0.015705208061262965,1,0,0,0,1,0.0,0,causal_season,42,causal_season_seed_42,False
156,2025-06-06,6,2,28575.975620938007,28575.975620938007,6296.995058469953,330,13041.77791946772,11737.60012752095,2713.7974874611864,1200.0,1200.0,14693.832762960887,0.0,0.0,34332.366207934145,49026.198970895035,0,0.0,8.526512829121202e-13,0.08146208303514868,1,0,0,0,1,0.0,0,causal_season,42,causal_season_seed_42,False
157,2025-06-07,6,2,30306.352838392842,30306.352838392842,3790.8665427316387,280,12986.883950720063,11678.695138350544,1662.5174020882973,1200.0,1210.0143191273949,16135.498386698144,0.0,0.0,18567.101496514733,34702.59988321288,0,0.0,7.958078640513122e-13,0.046484417049214244,1,0,0,0,1,0.0,0,causal_season,42,causal_season_seed_42,False
158,2025-06-08,6,2,82821.00215853273,82821.00215853273,11.242805006551862,40,17141.49112992209,14984.999846542954,15490.830413493488,1210.0143191273949,1676.2839069823892,51205.80006152773,0.0,0.0,75.77003359914124,51281.57009512685,0,0.0,9.094947017729282e-13,0.01434591703582555,1,0,0,0,1,0.0,0,causal_season,42,causal_season_seed_42,False
159,2025-06-09,6,2,73840.54046822412,73840.54046822412,503.51192322874823,60,21543.325743713674,19310.66641769376,1178.6803320996023,1676.2839069823892,1758.847552626309,45525.0463129627,0.0,0.0,3487.5257499604786,49012.572062923166,0,0.0,9.094947017729282e-13,0.014727334026247263,1,0,0,0,1,0.0,0,causal_season,42,causal_season_seed_42,False
160,2025-06-10,6,2,77895.73547599823,77895.73547599823,55.61193758522188,40,20852.94523140564,18759.86215530607,4239.820104150552,1758.847552626309,1767.057408302078,48392.33578440455,0.0,0.0,374.95285339776285,48767.28863780231,0,0.0,9.094947017729282e-13,0.015794333070516586,1,0,0,0,1,0.0,0,causal_season,42,causal_season_seed_42,False
161,2025-06-11,6,2,79279.24439769676,79279.24439769676,1248.7492214451668,100,23686.703729650246,21416.552324609944,2173.395897434964,1767.057408302078,1663.2092978450223,48858.05132559961,0.0,0.0,6344.565035651928,55202.616361251516,0,0.0,9.094947017729282e-13,0.014839499955996871,1,0,0,0,1,0.0,0,causal_season,42,causal_season_seed_42,False
162,2025-06-12,6,2,81912.68365866158,81912.68365866158,0.0,0,21270.14266441756,18587.30136942861,6777.450930339291,1663.2092978450223,2249.1024296092082,51188.04256165652,0.0,0.0,0.0,51188.04256165651,0,0.0,8.810729923425242e-13,0.015615375014021993,1,0,0,0,1,0.0,0,causal_season,42,causal_season_seed_42,False
163,2025-06-13,6,2,34774.62924990544,34774.62924990544,0.0,0,12817.157049217676,11587.217296820218,5199.375797507982,2249.1024296092082,2194.525783608689,20197.197179382707,0.0,0.0,0.0,20197.197179382696,0,0.0,8.526512829121202e-13,0.045848207897506654,1,0,0,0,1,0.0,0,causal_season,42,causal_season_seed_42,False
164,2025-06-14,6,2,35327.24869784393,35327.24869784393,0.0,0,12063.463154890069,11204.210010266883,8274.65280322074,2194.525783608689,1828.6574568666938,20383.842333248365,0.0,0.0,0.0,20383.842333248373,0,0.0,7.958078640513122e-13,0.049569415976293385,1,0,0,0,1,0.0,0,causal_season,42,causal_season_seed_42,False
165,2025-06-15,6,2,78276.86293585083,78276.86293585083,42.28483889760628,40,21799.474897416305,19249.72012977908,5142.418673777904,1828.6574568666938,2218.4685546856704,48352.74077626349,0.0,0.0,286.9833740013014,48639.724150264774,0,0.0,8.739675649849232e-13,0.015542875044047832,1,0,0,0,1,0.0,0,causal_season,42,causal_season_seed_42,False
166,2025-06-16,6,2,78309.9640733707,78309.9640733707,14.275413356637614,20,22512.064556724334,20214.708474071067,3332.830587407411,2218.4685546856704,2267.114532827871,48333.663036482234,0.0,0.0,96.333084309697,48429.99612079194,0,0.0,9.094947017729282e-13,0.015834875055588782,1,0,0,0,1,0.0,0,causal_season,42,causal_season_seed_42,False
167,2025-06-17,6,2,79100.94152790608,79100.94152790608,342.18736035553,40,22324.42359266227,20681.546369941858,3163.2404488745224,2267.114532827871,1645.6583126568903,48932.03732260522,0.0,0.0,2373.1271479225734,51305.164470527816,0,0.0,9.094947017729282e-13,0.01597283303271979,1,0,0,0,1,0.0,0,causal_season,42,causal_season_seed_42,False
168,2025-06-18,6,2,82305.71055148204,82305.71055148204,45.08327194223148,20,20321.62095630322,17774.08699773628,8874.868964857338,1645.6583126568903,2188.9079556048246,51096.503922564065,0.0,0.0,303.98200513638733,51400.48592770044,0,0.0,9.059419880941277e-13,0.015718832961283624,1,0,0,0,1,0.0,0,causal_season,42,causal_season_seed_42,False
169,2025-06-19,6,2,77435.30593902178,77435.30593902178,105.22585613928413,20,20664.106870177406,18792.004840360085,7408.92556534375,2188.9079556048246,1984.0886469907557,47902.38380115155,0.0,0.0,708.5046926873697,48610.888493838924,0,0.0,9.094947017729282e-13,0.015436666901223361,1,0,0,0,1,0.0,0,causal_season,42,causal_season_seed_42,False
170,2025-06-20,6,2,33609.89544609937,33609.89544609937,0.0,0,12056.01403550115,10770.465077659228,9923.76563825745,1984.0886469907557,2068.360768631446,19421.12915533966,0.0,0.0,0.0,19421.129155339662,0,0.0,7.389644451905042e-13,0.04523516702465713,1,0,0,0,1,0.0,0,causal_season,42,causal_season_seed_42,False
171,2025-06-21,6,2,33857.13770746204,33857.13770746204,0.0,0,12965.628192433258,11053.116845029905,12609.88596005869,2068.360768631446,2717.627525436135,19504.017125341703,0.0,0.0,0.0,19504.017125341714,0,0.0,7.958078640513122e-13,0.08105466596316546,1,0,0,0,1,0.0,0,causal_season,42,causal_season_seed_42,False
172,2025-06-22,6,2,72418.64844050814,72418.64844050814,68.07839467527697,50,19416.83717679249,18339.686759080767,3952.235317471705,2717.627525436135,1806.329411783148,44772.50693676076,0.0,0.0,460.7132717019913,45233.22020846277,0,0.0,9.094947017729282e-13,0.014591459068469703,1,0,0,0,1,0.0,0,causal_season,42,causal_season_seed_42,False
173,2025-06-23,6,2,76564.94266173523,76564.94266173523,5.24721566194205,20,21086.97435974415,19098.895489374892,7520.825007027914,1806.329411783148,1679.1862799782334,47122.1020277412,0.0,0.0,35.45154795024052,47157.55357569143,0,0.0,8.704148513061227e-13,0.015659290947951376,1,0,0,0,1,0.0,0,causal_season,42,causal_season_seed_42,False
174,2025-06-24,6,2,76107.41140489519,76107.41140489519,2829.643781648692,150,21904.460972192865,19577.088412856487,340.8903772075041,1679.1862799782334,1823.5194440578239,47309.42751989769,0.0,0.0,15730.969948825921,63040.39746872363,0,0.0,9.094947017729282e-13,0.016765124979428947,1,0,0,0,1,0.0,0,causal_season,42,causal_season_seed_42,False
175,2025-06-25,6,2,81619.69687350983,81619.69687350983,8.474600869060737,10,20144.7746966998,18013.84127034773,9059.816681360166,1823.5194440578239,1946.2748007942587,50722.5130599415,0.0,0.0,57.05948765138594,50779.57254759288,0,0.0,9.094947017729282e-13,0.014884709031321108,1,0,0,0,1,0.0,0,causal_season,42,causal_season_seed_42,False
176,2025-06-26,6,2,76887.3323056254,76887.3323056254,51.77315292418746,30,21003.479317853504,19132.63813007995,7520.8804374426945,1946.2748007942587,1704.3534509787612,47396.956229954725,0.0,0.0,349.2663218686888,47746.22255182342,0,0.0,9.094947017729282e-13,0.01997337501961738,1,0,0,0,1,0.0,0,causal_season,42,causal_season_seed_42,False
177,2025-06-27,6,2,32491.792714625182,32491.792714625182,0.0,0,13011.17418929924,11271.065802052639,10980.03846071191,1704.3534509787612,2167.090561686602,18168.490265757115,0.0,0.0,0.0,18168.490265757115,0,0.0,9.094947017729282e-13,0.07191695796791464,1,0,0,0,1,0.0,0,causal_season,42,causal_season_seed_42,False
178,2025-06-28,6,2,32498.685928427974,32498.685928427974,0.0,0,12272.868776816997,11322.542730711997,9771.433765656308,2167.090561686602,1875.148211541049,18148.357485559878,0.0,0.0,0.0,18148.357485559878,0,0.0,8.952838470577262e-13,0.04777387506328523,1,0,0,0,1,0.0,0,causal_season,42,causal_season_seed_42,False
179,2025-06-29,6,2,74571.419884006,74571.419884006,7.839516688877779,10,20423.24322727047,18382.855867282855,3271.1035073739295,1875.148211541049,1873.1064735412197,46050.52572761051,0.0,0.0,53.00689209184711,46103.53261970234,0,0.0,9.094947017729282e-13,0.025328499963507056,1,0,0,0,1,0.0,0,causal_season,42,causal_season_seed_42,False
180,2025-06-30,6,2,76513.2805627228,76513.2805627228,82.1695712902125,20,21057.741357934352,19024.454752180434,4684.479544925756,1873.1064735412197,1796.6979079129637,47144.72957953049,0.0,0.0,553.5084835919367,47698.23806312244,0,0.0,9.094947017729282e-13,0.01679408294148743,1,0,0,0,1,0.0,0,causal_season,42,causal_season_seed_42,False
181,2025-07-01,7,2,80684.97898235908,80684.97898235908,3024.765341453672,330,21524.092746704046,19937.76081125235,3256.8683550277374,1796.6979079129637,1200.0,50151.889705604815,0.0,0.0,14596.693280422594,64748.58298602743,0,0.0,9.094947017729282e-13,0.016268957988359034,1,0,0,0,1,0.0,0,causal_season,42,causal_season_seed_42,False
182,2025-07-02,7,2,74135.87960345966,74135.87960345966,4751.060047591991,350,20000.431740056123,18000.38856605051,3982.1301103793767,1200.0,1200.0,45277.66914315724,0.0,0.0,25287.496082761514,70565.16522591874,0,0.0,9.094947017729282e-13,0.015118957962840796,1,0,0,0,1,0.0,0,causal_season,42,causal_season_seed_42,False
183,2025-07-03,7,2,68200.85368889669,68200.85368889669,13165.706590898888,460,16061.413464622483,14455.272118160236,0.0,1200.0,1200.0,42070.96529665312,0.0,0.0,78439.26936778172,120510.23466443481,0,0.0,4.547473508864641e-13,0.05822366592474282,1,0,0,0,1,0.0,0,causal_season,42,causal_season_seed_42,False
184,2025-07-04,7,2,33227.15238798949,33227.15238798949,7197.036349395992,550,12349.535832576234,11114.582249318602,10308.367687461185,1200.0,1200.0,18659.455277810597,0.0,0.0,29184.23578742908,47843.69106523966,0,0.0,9.094947017729282e-13,0.06039420806337148,1,0,0,0,1,0.0,0,causal_season,42,causal_season_seed_42,False
185,2025-07-05,7,2,33510.70255355054,33510.70255355054,7410.128294199936,580,12196.827602892923,10977.144842603628,10911.068120794516,1200.0,1200.0,18589.16222872532,0.0,0.0,32671.695201209084,51260.85742993441,0,0.0,9.094947017729282e-13,0.04201458301395178,1,0,0,0,1,0.0,0,causal_season,42,causal_season_seed_42,False
186,2025-07-06,7,2,69567.93510356026,69567.93510356026,12085.753622090997,420,17542.504885604812,15788.254397044326,105.45668709077052,1200.0,1200.0,43002.0202500222,0.0,0.0,71240.91224630974,114242.93249633195,0,0.0,4.547473508864641e-13,0.03307416709139943,1,0,0,0,1,0.0,0,causal_season,42,causal_season_seed_42,False
187,2025-07-07,7,2,76036.29510021798,76036.29510021798,3726.8867432448114,340,20114.324295276463,18058.172964583733,4297.5477461034025,1200.0,1247.1378607138688,46977.3618869893,0.0,0.0,18700.807848802677,65678.16973579198,0,0.0,9.094947017729282e-13,0.015112041961401701,1,0,0,0,1,0.0,0,causal_season,42,causal_season_seed_42,False
188,2025-07-08,7,2,85156.2335246701,85156.2335246701,68.59195300407816,20,22734.3581587584,19529.90983767416,6448.990139923275,1247.1378607138688,2228.511209566517,53217.676910273425,0.0,0.0,467.34623573382703,53685.02314600724,0,0.0,9.094947017729282e-13,0.015654874965548515,1,0,0,0,1,0.0,0,causal_season,42,causal_season_seed_42,False
189,2025-07-09,7,2,85500.97229558998,85500.97229558998,43.60733869085038,20,19175.92036749521,17049.19114622411,9359.125396343054,2228.511209566517,2448.961158407552,54249.52798811456,0.0,0.0,294.0654809702237,54543.59346908481,0,0.0,9.094947017729282e-13,0.01524854195304215,1,0,0,0,1,0.0,0,causal_season,42,causal_season_seed_42,False
190,2025-07-10,7,2,83879.02754739193,83879.02754739193,36.56071990689179,40,20215.961932976767,18529.348961222844,9375.351912211565,2448.961158407552,2095.857839067871,52902.997305904486,0.0,0.0,246.4214772569762,53149.41878316147,0,0.0,9.094947017729282e-13,0.03835516597609967,1,0,0,0,1,0.0,0,causal_season,42,causal_season_seed_42,False
191,2025-07-11,7,2,43124.171652700104,43124.171652700104,0.0,0,13678.675212981456,11869.66305144021,8796.382341158855,2095.857839067871,2560.8651193157934,25907.182148390955,0.0,0.0,0.0,25907.182148390966,0,0.0,9.094947017729282e-13,0.04814425006043166,1,0,0,0,1,0.0,0,causal_season,42,causal_season_seed_42,False
192,2025-07-12,7,2,42799.56053160325,42799.56053160325,0.0,0,12932.53416807741,11853.599491080644,10636.382521273155,2560.8651193157934,2334.9533316292263,25608.787348399735,0.0,0.0,0.0,25608.787348399754,0,0.0,9.094947017729282e-13,0.05371487501543015,1,0,0,0,1,0.0,0,causal_season,42,causal_season_seed_42,False
193,2025-07-13,7,2,85986.79901199674,85986.79901199674,97.17776962733012,30,18226.407058551187,16469.14383344769,15058.993156520586,2334.9533316292263,2266.0394160095702,54370.35675848828,0.0,0.0,654.1589897999346,55024.515748288206,0,0.0,9.094947017729282e-13,0.015445834025740623,1,0,0,0,1,0.0,0,causal_season,42,causal_season_seed_42,False
194,2025-07-14,7,2,82017.71385535339,82017.71385535339,15.217330575242386,20,18133.246535546234,16331.712497595237,8423.717931310974,2266.0394160095702,2253.6110159019095,51651.95306295071,0.0,0.0,102.4899020353578,51754.44296498605,0,0.0,9.094947017729282e-13,0.019040375016629696,1,0,0,0,1,0.0,0,causal_season,42,causal_season_seed_42,False
195,2025-07-15,7,2,82867.82997227108,82867.82997227108,7.171490212782601,10,19053.105762058556,16586.06655944467,7658.91167653666,2253.6110159019095,2845.7249780243033,52145.74167013033,0.0,0.0,48.21034295543104,52193.95201308578,0,0.0,9.094947017729282e-13,0.015544750029221177,1,0,0,0,1,0.0,0,causal_season,42,causal_season_seed_42,False
196,2025-07-16,7,2,83138.60018740143,83138.60018740143,30.75245916230915,20,18633.363062193166,17250.717417106964,9652.143618144199,2845.7249780243033,2339.0325316400313,52311.49287417044,0.0,0.0,207.62768054571572,52519.120554716166,0,0.0,9.094947017729282e-13,0.01989929098635912,1,0,0,0,1,0.0,0,causal_season,42,causal_season_seed_42,False
197,2025-07-17,7,2,81283.23370004616,81283.23370004616,10.854894900289764,10,20755.573864324466,18783.26296032506,6601.361624280381,2339.0325316400313,2230.2011833436986,51266.78722617146,0.0,0.0,73.34109739380779,51340.128323565266,0,0.0,9.094947017729282e-13,0.014614916988648474,1,0,0,0,1,0.0,0,causal_season,42,causal_season_seed_42,False
198,2025-07-18,7,2,42889.40553019746,42889.40553019746,0.0,0,13009.355533651924,11217.42701754026,9823.228914085801,2230.2011833436986,2747.753209141378,25732.87469310246,0.0,0.0,0.0,25732.874693102454,0,0.0,9.094947017729282e-13,0.051044416963122785,1,0,0,0,1,0.0,0,causal_season,42,causal_season_seed_42,False
199,2025-07-19,7,2,42028.77140557694,42028.77140557694,0.0,0,12036.067719174933,11107.48650916592,13917.371145567926,2747.753209141378,2457.850812341901,25244.056948610156,0.0,0.0,0.0,25244.056948610152,0,0.0,7.958078640513122e-13,0.07266845810227096,1,0,0,0,1,0.0,0,causal_season,42,causal_season_seed_42,False
200,2025-07-20,7,2,81521.98156648771,81521.98156648771,0.0,0,17989.688736130847,16440.835859126564,7883.15047281676,2457.850812341901,2194.2054028329762,51799.91256295989,0.0,0.0,0.0,51799.912562959886,0,0.0,8.881784197001252e-13,0.015035916003398597,1,0,0,0,1,0.0,0,causal_season,42,causal_season_seed_42,False
201,2025-07-21,7,2,84615.1863380011,84615.1863380011,0.0,0,19229.26894532852,16867.023109784168,8263.191152456739,2194.2054028329762,2657.288227116145,53534.95461106609,0.0,0.0,0.0,53534.954611066074,0,0.0,8.668621376273222e-13,0.019452166045084596,1,0,0,0,1,0.0,0,causal_season,42,causal_season_seed_42,False
202,2025-07-22,7,2,84915.23372848309,84915.23372848309,55.38269542718524,20,18638.906908664525,17322.856912012197,9859.421810591288,2657.288227116145,2079.813430901322,53793.17191299431,0.0,0.0,373.59884803374257,54166.77076102804,0,0.0,8.952838470577262e-13,0.015337832970544696,1,0,0,0,1,0.0,0,causal_season,42,causal_season_seed_42,False
203,2025-07-23,7,2,84307.30097173456,84307.30097173456,3.392458870651808,20,20926.998711775057,18682.58968619678,7849.737288360254,2079.813430901322,2239.7289208361817,53060.80431548509,0.0,0.0,22.849676425457872,53083.65399191057,0,0.0,9.094947017729282e-13,0.019762583076953888,1,0,0,0,1,0.0,0,causal_season,42,causal_season_seed_42,False
204,2025-07-24,7,2,82639.71902669666,82639.71902669666,0.0,0,19622.927428076524,17313.369892976552,6713.689491596683,2239.7289208361817,2605.7781524458596,52091.87203071484,0.0,0.0,0.0,52091.87203071482,0,0.0,9.094947017729282e-13,0.04363491595722735,1,0,0,0,1,0.0,0,causal_season,42,causal_season_seed_42,False
205,2025-07-25,7,2,41557.07435337627,41557.07435337627,0.0,0,12515.46222553924,11346.346759786205,13882.639320956569,2605.7781524458596,2518.88850553179,24937.223474731574,0.0,0.0,0.0,24937.22347473158,0,0.0,6.892264536872972e-13,0.07282962498720735,1,0,0,0,1,0.0,0,causal_season,42,causal_season_seed_42,False
206,2025-07-26,7,2,41665.99765545459,41665.99765545459,0.0,0,12971.828853956718,11460.117006752418,11685.194241583617,2518.88850553179,2745.0218866606388,25032.80406551303,0.0,0.0,0.0,25032.804065513028,0,0.0,7.389644451905042e-13,0.06890091695822775,1,0,0,0,1,0.0,0,causal_season,42,causal_season_seed_42,False
207,2025-07-27,7,2,82062.59828660186,82062.59828660186,21.151619435345047,20,21291.5032543123,19676.746856692575,6783.803708417496,2745.0218866606388,2202.8030778457696,51443.11459652152,0.0,0.0,117.19290283515397,51560.30749935667,0,0.0,9.094947017729282e-13,0.015516708022914827,1,0,0,0,1,0.0,0,causal_season,42,causal_season_seed_42,False
208,2025-07-28,7,2,83809.23489911386,83809.23489911386,0.0,0,21083.338511917354,19057.774491627522,3828.7936454907003,2202.8030778457696,2115.5560154467676,52856.69285614579,0.0,0.0,0.0,52856.692856145775,0,0.0,9.094947017729282e-13,0.019394499948248267,1,0,0,0,1,0.0,0,causal_season,42,causal_season_seed_42,False
209,2025-07-29,7,2,88909.2704631945,88909.2704631945,62.09392239416354,30,19758.587217272227,17507.1993207923,10650.730539108728,2115.5560154467676,2405.9892667951326,55994.69417172614,0.0,0.0,418.70305634843294,56413.39722807457,0,0.0,9.094947017729282e-13,0.01532070804387331,1,0,0,0,1,0.0,0,causal_season,42,causal_season_seed_42,False
210,2025-07-30,7,2,85773.46995107268,85773.46995107268,0.0,0,19791.21238521062,17617.142933729927,9496.146449591968,2405.9892667951326,2611.482726372465,53885.194630342376,0.0,0.0,0.0,53885.194630342354,0,0.0,8.819611707622244e-13,0.024714707979001105,1,0,0,0,1,0.0,0,causal_season,42,causal_season_seed_42,False
211,2025-07-31,7,2,82502.87365720946,82502.87365720946,9.707784737804445,20,20013.696985352686,18637.51989168235,6441.408081610265,2611.482726372465,1952.4718571501846,51930.25246714954,0.0,0.0,66.56942318638069,51996.82189033593,0,0.0,8.952838470577262e-13,0.015248541021719575,1,0,0,0,1,0.0,0,causal_season,42,causal_season_seed_42,False
212,2025-08-01,8,2,40813.47060275135,40813.47060275135,0.0,0,12902.43918892052,11604.604341708007,18264.27608887218,1952.4718571501846,1960.4733981660936,23883.11116983469,0.0,0.0,0.0,23883.111169834694,0,0.0,9.094947017729282e-13,0.05246129201259464,1,0,0,0,1,0.0,0,causal_season,42,causal_season_seed_42,False
213,2025-08-02,8,2,39588.31923859108,39588.31923859108,0.0,0,12945.990772755687,11602.367766314504,17317.671298816567,1960.4733981660936,2012.149156837459,23202.051209464535,0.0,0.0,0.0,23202.051209464527,0,0.0,7.958078640513122e-13,0.05241704091895372,1,0,0,0,1,0.0,0,causal_season,42,causal_season_seed_42,False
214,2025-08-03,8,2,75355.1211588656,75355.1211588656,472.45178741637574,130,17948.482321020834,16725.206354731126,11764.816996658936,2012.149156837459,1409.6590877206913,47418.346760663655,0.0,0.0,2143.531614260403,49561.878374924054,0,0.0,9.094947017729282e-13,0.06746395805384964,1,0,0,0,1,0.0,0,causal_season,42,causal_season_seed_42,False
215,2025-08-04,8,2,72181.7305514972,72181.7305514972,73.05579382356734,30,19404.077957532514,17122.51602942063,4557.569333875558,1409.6590877206913,1769.2671181979654,45499.17506746609,0.0,0.0,492.2204023548891,45991.39546982097,0,0.0,9.094947017729282e-13,0.04052754200529307,1,0,0,0,1,0.0,0,causal_season,42,causal_season_seed_42,False
216,2025-08-05,8,2,74242.2800843946,74242.2800843946,26.256027380793057,20,18872.574320137468,17055.35484091655,7299.006899221144,1769.2671181979654,1695.4406337044063,46827.902952114855,0.0,0.0,177.0656112318551,47004.96856334672,0,0.0,8.739675649849232e-13,0.03483591694384813,1,0,0,0,1,0.0,0,causal_season,42,causal_season_seed_42,False
217,2025-08-06,8,2,75163.06202425568,75163.06202425568,505.2344200524965,80,19018.495512478454,17586.662215601536,6122.063880764595,1695.4406337044063,1200.0,47008.833563693915,0.0,0.0,2917.2013811322686,49926.034944826184,0,0.0,9.094947017729282e-13,0.03204825008288026,1,0,0,0,1,0.0,0,causal_season,42,causal_season_seed_42,False
218,2025-08-07,8,2,76481.44687060542,76481.44687060542,25.018966321138464,20,19649.53195906855,17464.611689411675,10933.56031726968,1200.0,1431.8656544307694,48345.719053521105,0.0,0.0,169.01453258458875,48514.733586105714,0,0.0,9.094947017729282e-13,0.051320584025233984,1,0,0,0,1,0.0,0,causal_season,42,causal_season_seed_42,False
219,2025-08-08,8,2,40466.630864638224,40466.630864638224,0.0,0,13540.042212718698,11926.742324272742,23078.159726192265,1431.8656544307694,1705.1872863251251,23555.136798321077,0.0,0.0,0.0,23555.136798321077,0,0.0,8.384404281969182e-13,0.046800457988865674,1,0,0,0,1,0.0,0,causal_season,42,causal_season_seed_42,False
220,2025-08-09,8,2,39365.062566455614,39365.062566455614,0.0,0,13166.179849428561,12037.340390251578,19314.294107278634,1705.1872863251251,1507.2513406288674,22921.948464389363,0.0,0.0,0.0,22921.948464389363,0,0.0,9.094947017729282e-13,0.05099274998065084,1,0,0,0,1,0.0,0,causal_season,42,causal_season_seed_42,False
221,2025-08-10,8,2,75155.26725025181,75155.26725025181,33.36520608446642,20,18645.1442897197,16365.52950822005,7604.398624836624,1507.2513406288674,1944.8055311376252,47357.217947814584,0.0,0.0,227.65227638035617,47584.870224194936,0,0.0,8.597567102697212e-13,0.03124925005249679,1,0,0,0,1,0.0,0,causal_season,42,causal_season_seed_42,False
222,2025-08-11,8,2,75665.50824834414,75665.50824834414,187.01989461591734,60,19312.07695192878,17784.336040536567,9763.53389823451,1944.8055311376252,1519.5141987933484,47528.700701264956,0.0,0.0,1261.9135303144405,48790.61423157941,0,0.0,9.094947017729282e-13,0.030491249985061586,1,0,0,0,1,0.0,0,causal_season,42,causal_season_seed_42,False
223,2025-08-12,8,2,73501.97506377604,73501.97506377604,308.22781679907644,80,19186.43360308095,17116.813394664074,3980.0390221582475,1519.5141987933484,1678.657770119023,46074.281449349764,0.0,0.0,1986.5749075411256,48060.85635689089,0,0.0,9.094947017729282e-13,0.041811916045844555,1,0,0,0,1,0.0,0,causal_season,42,causal_season_seed_42,False
224,2025-08-13,8,2,75444.84217785067,75444.84217785067,223.9863138699393,60,19027.86098040276,16927.107206771023,7447.095268088877,1678.657770119023,1887.334022771799,47317.226793473186,0.0,0.0,1516.3208404538204,48833.547633926995,0,0.0,9.094947017729282e-13,0.029924375005066395,1,0,0,0,1,0.0,0,causal_season,42,causal_season_seed_42,False
225,2025-08-14,8,2,73323.28481254299,73323.28481254299,568.3816960720386,100,20291.10868925463,18674.18168310547,6348.44851913254,1887.334022771799,1452.8540823919889,45659.3812632693,0.0,0.0,3523.68502732707,49183.06629059636,0,0.0,9.094947017729282e-13,0.03158154105767608,1,0,0,0,1,0.0,0,causal_season,42,causal_season_seed_42,False
226,2025-08-15,8,2,39673.029861998395,39673.029861998395,0.0,0,13913.857058219428,12630.534896817224,21229.980817262855,1452.8540823919889,1338.9451049262702,22967.329204937345,0.0,0.0,0.0,22967.329204937352,0,0.0,8.562039965909207e-13,0.049198416993021965,1,0,0,0,1,0.0,0,causal_season,42,causal_season_seed_42,False
227,2025-08-16,8,2,39600.81504706671,39600.81504706671,142.63908995347197,10,13784.235931239531,12228.225544067513,21258.163383181505,1338.9451049262702,1526.1380221126453,22861.692748244193,0.0,0.0,995.0502915154204,23856.743039759614,0,0.0,6.821210263296962e-13,0.04347054194658995,1,0,0,0,1,0.0,0,causal_season,42,causal_season_seed_42,False
228,2025-08-17,8,2,71112.62586277186,71112.62586277186,208.05137314868716,60,19502.326306148665,17544.64386381132,6197.601176916544,1526.1380221126453,1533.9908131734624,45122.274841259554,0.0,0.0,1402.057458438078,46524.33229969763,0,0.0,9.094947017729282e-13,0.033294000080786645,1,0,0,0,1,0.0,0,causal_season,42,causal_season_seed_42,False
229,2025-08-18,8,2,72812.58048465448,72812.58048465448,226.65294766931117,60,19749.483212951625,17553.390917147797,6449.025519853298,1533.9908131734624,1767.097029929995,45784.67797782226,0.0,0.0,1539.3528309139037,47324.03080873618,0,0.0,9.094947017729282e-13,0.04536512494087219,1,0,0,0,1,0.0,0,causal_season,42,causal_season_seed_42,False
230,2025-08-19,8,2,73563.41288787808,73563.41288787808,152.13588930093772,40,18043.918172566187,16496.606729764113,7850.577284376947,1767.097029929995,1496.1105215948874,46472.29752130814,0.0,0.0,1026.5696735469414,47498.86719485509,0,0.0,9.094947017729282e-13,0.04614849993959069,1,0,0,0,1,0.0,0,causal_season,42,causal_season_seed_42,False
231,2025-08-20,8,2,73126.79132375083,73126.79132375083,860.8381533620568,100,21608.143995395374,19677.9542126339,1406.7486276847465,1496.1105215948874,1253.0108304208352,46084.92513568377,0.0,0.0,4768.079023803672,50853.004159487435,0,0.0,9.094947017729282e-13,0.03295762499328703,1,0,0,0,1,0.0,0,causal_season,42,causal_season_seed_42,False
232,2025-08-21,8,2,79392.06652375952,79392.06652375952,93.75288494666984,90,18074.164564983577,16181.917970246568,11749.154330635854,1253.0108304208352,1342.4296474411956,49575.26797399329,0.0,0.0,508.1414031521266,50083.40937714543,0,0.0,9.059419880941277e-13,0.01645170897245407,1,0,0,0,1,0.0,0,causal_season,42,causal_season_seed_42,False
233,2025-08-22,8,2,39004.609265341016,39004.609265341016,890.4325821601277,80,13878.446016898843,12367.633968989121,17153.66039959142,1342.4296474411956,1472.0487168108448,22332.94897241187,0.0,0.0,4988.064027122985,27321.012999534847,0,0.0,8.313350008393172e-13,0.05443033296614885,1,0,0,0,1,0.0,0,causal_season,42,causal_season_seed_42,False
234,2025-08-23,8,2,39728.20557527119,39728.20557527119,0.0,0,13279.180927559299,12119.865144153633,16038.883641865517,1472.0487168108448,1294.326278040465,23145.42193787026,0.0,0.0,0.0,23145.42193787026,0,0.0,7.958078640513122e-13,0.05142350005917251,1,0,0,0,1,0.0,0,causal_season,42,causal_season_seed_42,False
235,2025-08-24,8,2,76678.85897047693,76678.85897047693,47.22016593064973,50,19498.43296100863,17462.875227620985,10956.931919686598,1294.326278040465,1384.677228102429,48053.92467733338,0.0,0.0,319.7364888189782,48373.661166152335,0,0.0,9.094947017729282e-13,0.038567958981730044,1,0,0,0,1,0.0,0,causal_season,42,causal_season_seed_42,False
236,2025-08-25,8,2,72838.29107118753,72838.29107118753,487.94738127191584,50,20039.352697970186,18151.424813356673,665.2235511792705,1384.677228102429,1262.3947072423075,46364.97954584135,0.0,0.0,3369.456021475635,49734.43556731698,0,0.0,8.952838470577262e-13,0.03406500001437962,1,0,0,0,1,0.0,0,causal_season,42,causal_season_seed_42,False
237,2025-08-26,8,2,80139.44443404616,80139.44443404616,68.9980071735705,20,19846.19128240016,17242.378664107982,12075.811439594216,1262.3947072423075,1915.0819542135202,50161.260501245386,0.0,0.0,475.8432744691479,50637.10377571452,0,0.0,9.094947017729282e-13,0.015688083018176258,1,0,0,0,1,0.0,0,causal_season,42,causal_season_seed_42,False
238,2025-08-27,8,2,72945.28668507573,72945.28668507573,73.3677073440648,30,20586.459092694535,19006.467045516027,3524.5134785746236,1915.0819542135202,1410.5364825323459,46282.108499968774,0.0,0.0,499.141894025984,46781.25039399475,0,0.0,9.094947017729282e-13,0.036330083035863936,1,0,0,0,1,0.0,0,causal_season,42,causal_season_seed_42,False
239,2025-08-28,8,2,75723.87211227928,75723.87211227928,182.51154320561398,40,20542.060336037273,18507.45202699719,3103.9803631114746,1410.5364825323459,1389.8786670064262,47849.77170487328,0.0,0.0,1230.2682778177784,49080.03998269107,0,0.0,9.094947017729282e-13,0.03766637505032122,1,0,0,0,1,0.0,0,causal_season,42,causal_season_seed_42,False
240,2025-08-29,8,2,40436.390794583465,40436.390794583465,0.0,0,14666.831584979136,13044.853472556937,16259.192332161276,1389.8786670064262,1553.5739215169738,23617.659194084525,0.0,0.0,0.0,23617.659194084525,0,0.0,9.094947017729282e-13,0.055364583036862314,1,0,0,0,1,0.0,0,causal_season,42,causal_season_seed_42,False
241,2025-08-30,8,2,40796.47211308865,40796.47211308865,125.6516254685784,60,13118.827009510296,12142.37398252864,21432.95087824224,1553.5739215169738,1200.0,23766.729468575155,0.0,0.0,341.9644511426861,24108.693919717844,0,0.0,7.958078640513122e-13,0.05274158401880413,1,0,0,0,1,0.0,0,causal_season,42,causal_season_seed_42,False
242,2025-08-31,8,2,72209.82686873959,72209.82686873959,201.92712740110096,60,21006.866181318535,18423.88894577789,3182.1536772667155,1200.0,1708.3789483802143,45922.74928000239,0.0,0.0,1368.2956309078866,47291.04491091026,0,0.0,9.094947017729282e-13,0.039640249917283654,1,0,0,0,1,0.0,0,causal_season,42,causal_season_seed_42,False
243,2025-09-01,9,2,77646.85556874472,77646.85556874472,0.0,0,20219.784468081783,14149.276534812227,18002.213102141828,1708.3789483802143,5975.903732236806,48899.67581170394,0.0,0.0,0.0,48899.67581170393,0,0.0,9.094947017729282e-13,0.04112658300437033,1,0,0,0,1,0.0,0,causal_season,42,causal_season_seed_42,False
244,2025-09-02,9,2,71367.49036382357,71367.49036382357,0.0,0,17724.570649529927,16473.35840280468,16058.522267098328,5975.903732236806,5426.4634508500985,45765.359805242224,0.0,0.0,0.0,45765.359805242246,0,0.0,7.105427357601002e-13,0.03272608306724578,1,0,0,0,1,0.0,0,causal_season,42,causal_season_seed_42,False
245,2025-09-03,9,2,70473.82693445559,70473.82693445559,0.0,0,15585.827872708029,14203.897735738308,13544.179547485872,5426.4634508500985,5240.255207631213,45021.28524769912,0.0,0.0,0.0,45021.285247699125,0,0.0,9.094947017729282e-13,0.030406708945520222,1,0,0,0,1,0.0,0,causal_season,42,causal_season_seed_42,False
246,2025-09-04,9,2,71536.80323571774,71536.80323571774,0.0,0,17758.457767423843,16024.349858902453,15877.129777196347,5240.255207631213,5196.259631545113,46085.17299466977,0.0,0.0,0.0,46085.17299466977,0,0.0,7.958078640513122e-13,0.05158333305735141,1,0,0,0,1,0.0,0,causal_season,42,causal_season_seed_42,False
247,2025-09-05,9,2,36993.34575657177,36993.34575657177,0.0,0,13245.15145247645,11299.989717900542,28223.922355329196,5196.259631545113,5850.478579642604,22489.400256491677,0.0,0.0,0.0,22489.40025649168,0,0.0,9.094947017729282e-13,0.07698000001255423,1,0,0,0,1,0.0,0,causal_season,42,causal_season_seed_42,False
248,2025-09-06,9,2,35712.06036482583,35712.06036482583,0.0,0,14010.211553508576,12261.004359977042,26241.769471294298,5850.478579642604,6217.49888968303,21666.095242403368,0.0,0.0,0.0,21666.095242403375,0,0.0,8.748557434046234e-13,0.044083209009841084,1,0,0,0,1,0.0,0,causal_season,42,causal_season_seed_42,False
249,2025-09-07,9,2,67674.78693144751,67674.78693144751,0.0,0,15691.054507496758,15202.530312542904,12225.279119826999,6217.49888968303,5078.466234616422,43949.417672745316,0.0,0.0,0.0,43949.41767274532,0,0.0,9.094947017729282e-13,0.03289970790501684,1,0,0,0,1,0.0,0,causal_season,42,causal_season_seed_42,False
250,2025-09-08,9,2,60802.89462806273,60802.89462806273,1007.9110644592307,40,15732.923401169955,17597.28652985202,4279.599287870697,5078.466234616422,1454.859203836781,37619.28628628845,0.0,0.0,6916.200691224874,44535.48697751331,0,0.0,8.86402062860725e-13,0.05591012502554804,1,0,0,0,1,0.0,0,causal_season,42,causal_season_seed_42,False
251,2025-09-09,9,2,68204.24644708078,68204.24644708078,9.099616666666634,10,19449.696581925018,17256.30717435018,12917.122389505948,1454.859203836781,1716.7166117755773,41725.766942106915,0.0,0.0,60.96743166666645,41786.73437377358,0,0.0,9.094947017729282e-13,0.033021042007021606,1,0,0,0,1,0.0,0,causal_season,42,causal_season_seed_42,False
252,2025-09-10,9,2,61250.886796201325,61250.886796201325,2482.088017745105,80,19259.779829687934,17426.7588943365,583.955228595,1716.7166117755773,1618.7312800970446,38084.15282421177,0.0,0.0,16036.024173661965,54120.17699787374,0,0.0,9.094947017729282e-13,0.03727658302523196,1,0,0,0,1,0.0,0,causal_season,42,causal_season_seed_42,False
253,2025-09-11,9,2,68112.0338857026,68112.0338857026,96.56281987896861,30,18866.663197691632,17038.879259702917,12884.72698425953,1618.7312800970446,1556.6637999364355,41621.89419136439,0.0,0.0,455.2036433905232,42077.0978347549,0,0.0,8.766321002440236e-13,0.029563791933469474,1,0,0,0,1,0.0,0,causal_season,42,causal_season_seed_42,False
254,2025-09-12,9,2,31221.57472756043,31221.57472756043,136.31921733746145,20,13984.663058556898,12271.043420893677,18092.618107234666,1556.6637999364355,1888.8645801706257,17147.95466801428,0.0,0.0,499.43166470544423,17647.38633271972,0,0.0,7.958078640513122e-13,0.06406112504191697,1,0,0,0,1,0.0,0,causal_season,42,causal_season_seed_42,False
255,2025-09-13,9,2,31136.665325765152,31136.665325765152,0.0,0,13806.07986585631,12614.375414162949,21937.859390738457,1888.8645801706257,1689.7427707317347,16935.153385479283,0.0,0.0,0.0,16935.153385479283,0,0.0,8.810729923425242e-13,0.048025041935034096,1,0,0,0,1,0.0,0,causal_season,42,causal_season_seed_42,False
256,2025-09-14,9,2,60809.56929220588,60809.56929220588,1047.6218060245012,80,19380.94250836874,17850.438159186055,227.36199904770103,1689.7427707317347,1260.1052905613062,37753.37730906728,0.0,0.0,6019.858963867689,43773.23627293496,0,0.0,9.094947017729282e-13,0.05209145799744874,1,0,0,0,1,0.0,0,causal_season,42,causal_season_seed_42,False
257,2025-09-15,9,2,69070.726195987,69070.726195987,21.77756613246879,30,20497.322630557308,17947.98705549948,11476.137553728302,1260.1052905613062,1786.7334213914319,42173.18501567661,0.0,0.0,148.32709950729463,42321.51211518389,0,0.0,9.094947017729282e-13,0.05943483405280858,1,0,0,0,1,0.0,0,causal_season,42,causal_season_seed_42,False
258,2025-09-16,9,2,63841.31729016236,63841.31729016236,23.166044878275315,40,19354.735517104673,17942.390553395555,2960.368387998189,1786.7334213914319,1235.307472314069,39724.78507481206,0.0,0.0,119.2732262418231,39844.05830105388,0,0.0,9.094947017729282e-13,0.047469999990426004,1,0,0,0,1,0.0,0,causal_season,42,causal_season_seed_42,False
259,2025-09-17,9,2,66705.11490110905,66705.11490110905,0.0,0,21230.986819927475,19071.24268619024,4585.25236737181,1235.307472314069,1273.935170113531,40568.646634646786,0.0,0.0,0.0,40568.646634646786,0,0.0,9.094947017729282e-13,0.04812949988991022,1,0,0,0,1,0.0,0,causal_season,42,causal_season_seed_42,False
260,2025-09-18,9,2,66625.32045890592,66625.32045890592,239.97548646491737,50,20455.35550826414,18389.088039125418,5842.977359565448,1273.935170113531,1295.7885308240132,40815.8309770532,0.0,0.0,1400.1692276742604,42216.000204727454,0,0.0,9.046097204645775e-13,0.05359808402135968,1,0,0,0,1,0.0,0,causal_season,42,causal_season_seed_42,False
261,2025-09-19,9,2,32133.46008848567,32133.46008848567,0.0,0,14981.438271081477,13002.625965157084,14053.295465894607,1295.7885308240132,1802.4575949932555,17424.187458606997,0.0,0.0,0.0,17424.187458607004,0,0.0,9.094947017729282e-13,0.0455240000737831,1,0,0,0,1,0.0,0,causal_season,42,causal_season_seed_42,False
262,2025-09-20,9,2,31266.384965174457,31266.384965174457,207.9487528036301,30,14586.471970168595,13272.863976298673,14515.29199077483,1802.4575949932555,1649.572851006526,17116.046533788533,0.0,0.0,770.0254491654744,17886.07198295401,0,0.0,9.094947017729282e-13,0.05256379209458828,1,0,0,0,1,0.0,0,causal_season,42,causal_season_seed_42,False
263,2025-09-21,9,2,68187.18529819619,68187.18529819619,120.29927192168523,40,18824.1854044067,16986.288951253555,8182.100633631386,1649.572851006526,1602.642450335399,42178.0617336886,0.0,0.0,724.5272773964015,42902.589011085,0,0.0,8.36664071357518e-13,0.04718933301046491,1,0,0,0,1,0.0,0,causal_season,42,causal_season_seed_42,False
264,2025-09-22,9,2,66739.89825563367,66739.89825563367,356.94762211544287,70,20482.838759064045,18575.362688115198,4575.349923466927,1602.642450335399,1454.2179916705286,40819.72716245248,0.0,0.0,1942.7948199685775,42762.52198242109,0,0.0,9.094947017729282e-13,0.030845999950543046,1,0,0,0,1,0.0,0,causal_season,42,causal_season_seed_42,False
265,2025-09-23,9,2,69588.14584944764,69588.14584944764,49.45195852887457,40,21152.785702350197,18705.109090679216,5073.305612972197,1454.2179916705286,1804.596291909418,42756.218897041545,0.0,0.0,266.1836696380377,43022.402566679586,0,0.0,8.739675649849232e-13,0.033122541033662856,1,0,0,0,1,0.0,0,causal_season,42,causal_season_seed_42,False
266,2025-09-24,9,2,69024.9182626635,69024.9182626635,0.0,0,21074.398879714063,19037.035723791036,5924.330006740474,1804.596291909418,1730.7289304913595,42428.41607320488,0.0,0.0,0.0,42428.41607320486,0,0.0,8.877343304902752e-13,0.03697408293373883,1,0,0,0,1,0.0,0,causal_season,42,causal_season_seed_42,False
267,2025-09-25,9,2,67214.16588675334,67214.16588675334,93.3626143192233,40,20372.28167457712,18748.806319339477,5348.604245834926,1730.7289304913595,1294.5951721862396,41522.78300657909,0.0,0.0,465.2595105255198,41988.04251710462,0,0.0,9.094947017729282e-13,0.04760070808697492,1,0,0,0,1,0.0,0,causal_season,42,causal_season_seed_42,False
268,2025-09-26,9,2,33294.58851281828,33294.58851281828,0.0,0,14804.432180234642,12794.220427547129,13590.133260130768,1294.5951721862396,1853.0202395956617,18180.698785939123,0.0,0.0,0.0,18180.698785939123,0,0.0,9.094947017729282e-13,0.04721850005444139,1,0,0,0,1,0.0,0,causal_season,42,causal_season_seed_42,False
269,2025-09-27,9,2,31833.83473409176,31833.83473409176,219.36270547918457,70,14893.714374246423,14023.852331415123,13382.033146739646,1853.0202395956617,1200.0,17457.56142920172,0.0,0.0,797.9327702307454,18255.494199432473,0,0.0,7.958078640513122e-13,0.07345716701820493,1,0,0,0,1,0.0,0,causal_season,42,causal_season_seed_42,False
270,2025-09-28,9,2,69963.40842811903,69963.40842811903,486.7171028790841,70,21756.784972150635,19415.907460153467,4621.618852334275,1200.0,1374.135051309094,43125.17611290191,0.0,0.0,2415.3940836553224,45540.57019655724,0,0.0,8.952838470577262e-13,0.0668274579802528,1,0,0,0,1,0.0,0,causal_season,42,causal_season_seed_42,False
271,2025-09-29,9,2,73163.11712615957,73163.11712615957,26.015016666666725,20,20959.13357416548,18553.87150151374,8023.978470174491,1374.135051309094,1700.217228439099,45110.327548817004,0.0,0.0,134.73625666666706,45245.06380548364,0,0.0,9.094947017729282e-13,0.014963667024858296,1,0,0,0,1,0.0,0,causal_season,42,causal_season_seed_42,False
272,2025-09-30,9,2,71076.8430897484,71076.8430897484,29.69337061920703,10,21841.705823010045,19606.801112496578,3449.4569831874815,1700.217228439099,1753.695695190558,44157.92871533013,0.0,0.0,200.6232585886723,44358.55197391877,0,0.0,9.094947017729282e-13,0.052380166947841644,1,0,0,0,1,0.0,0,causal_season,42,causal_season_seed_42,False
273,2025-10-01,10,2,73263.90041559329,73263.90041559329,0.0,0,18712.951727856944,14924.416554376714,19813.843708779743,1753.695695190558,3774.644102983068,45528.07363178759,0.0,0.0,0.0,45528.07363178759,0,0.0,8.881784197001252e-13,0.015273792087100446,1,0,0,0,1,0.0,0,causal_season,42,causal_season_seed_42,False
274,2025-10-02,10,2,58748.13335843435,58748.13335843435,0.0,0,19624.0723783031,17646.156673335397,5039.4345367999895,3774.644102983068,3790.9914627070793,37000.050107643656,0.0,0.0,0.0,37000.05010764365,0,0.0,9.094947017729282e-13,0.0332425000378862,1,0,0,0,1,0.0,0,causal_season,42,causal_season_seed_42,False
275,2025-10-03,10,2,27708.936581438345,27708.936581438345,0.0,0,13005.745849928015,12385.016366654501,19271.053398164837,3790.9914627070793,3074.371803526477,14900.638100316108,0.0,0.0,0.0,14900.63810031611,0,0.0,9.094947017729282e-13,0.045648416969925165,1,0,0,0,1,0.0,0,causal_season,42,causal_season_seed_42,False
276,2025-10-04,10,2,28721.129206229452,28721.129206229452,615.8553085166583,40,13263.100736212124,12277.454471666391,15255.355816867044,3074.371803526477,2715.280619170725,15508.305940504848,0.0,0.0,2391.9149540083995,17900.22089451325,0,0.0,8.526512829121202e-13,0.05486054206266999,1,0,0,0,1,0.0,0,causal_season,42,causal_season_seed_42,False
277,2025-10-05,10,2,66676.72140723208,66676.72140723208,0.0,0,19639.079744079027,17197.19875628106,9498.879352767448,2715.280619170725,3219.1084133063086,41070.13385899081,0.0,0.0,0.0,41070.13385899083,0,0.0,8.561484854396895e-13,0.07099674991331995,1,0,0,0,1,0.0,0,causal_season,42,causal_season_seed_42,False
278,2025-10-06,10,2,65613.44774484297,65613.44774484297,0.0,0,19630.39463683511,17336.40770712783,5586.351565135699,3219.1084133063086,3567.9576728050756,40840.5660622272,0.0,0.0,0.0,40840.56606222719,0,0.0,8.597567102697212e-13,0.049738333094865084,1,0,0,0,1,0.0,0,causal_season,42,causal_season_seed_42,False
279,2025-10-07,10,2,66772.17364310402,66772.17364310402,0.0,0,19725.39363092774,17976.91469235455,7252.131704530831,3567.9576728050756,3331.777247809701,41545.885899996756,0.0,0.0,0.0,41545.88589999675,0,0.0,9.094947017729282e-13,0.03365570795722306,1,0,0,0,1,0.0,0,causal_season,42,causal_season_seed_42,False
280,2025-10-08,10,2,61763.26735307697,61763.26735307697,46.89751146180733,30,18946.5845054284,18826.354644732062,5211.439337175765,3331.777247809701,1461.3652847311455,37414.86414081661,0.0,0.0,306.89243258871164,37721.756573405335,0,0.0,7.986944439153376e-13,0.05429524998180568,1,0,0,0,1,0.0,0,causal_season,42,causal_season_seed_42,False
281,2025-10-09,10,2,62535.16517447865,62535.16517447865,364.4893392911954,30,21047.46657253545,18917.39045174368,5009.5967096447475,1461.3652847311455,1488.0648836281296,37521.56062602093,0.0,0.0,2476.0080268544093,39997.56865287535,0,0.0,9.094947017729282e-13,0.040753916022367775,1,0,0,0,1,0.0,0,causal_season,42,causal_season_seed_42,False
282,2025-10-10,10,2,29743.865609527038,29743.865609527038,47.422183503721314,30,15093.1655832303,13849.463297274335,19203.974590408132,1488.0648836281296,1208.0828570520462,15224.517875460717,0.0,0.0,99.98116253425769,15324.499037994969,0,0.0,7.958078640513122e-13,0.051757791079580784,1,0,0,0,1,0.0,0,causal_season,42,causal_season_seed_42,False
283,2025-10-11,10,2,31124.690026315187,31124.690026315187,0.0,0,15613.726028051724,13661.27652495584,15065.92693988597,1208.0828570520462,1620.3141054511111,16009.794936528295,0.0,0.0,0.0,16009.794936528291,0,0.0,7.958078640513122e-13,0.04780925007071346,1,0,0,0,1,0.0,0,causal_season,42,causal_season_seed_42,False
284,2025-10-12,10,2,65680.40426636329,65680.40426636329,202.7547279908406,40,20287.602745976612,18657.587443155466,5738.187708199641,1620.3141054511111,1200.0,39577.59184816303,0.0,0.0,1292.4236623308332,40870.015510493875,0,0.0,9.094947017729282e-13,0.03208504198119044,1,0,0,0,1,0.0,0,causal_season,42,causal_season_seed_42,False
285,2025-10-13,10,2,67542.68839371976,67542.68839371976,0.0,0,21915.381165294904,18827.991570464666,7427.903498889524,1200.0,2144.310372219761,40740.133752703,0.0,0.0,0.0,40740.133752703,0,0.0,9.059419880941277e-13,0.0504674999974668,1,0,0,0,1,0.0,0,causal_season,42,causal_season_seed_42,False
286,2025-10-14,10,2,64836.40416151149,64836.40416151149,113.12218608794254,20,21238.564210196502,19719.752208719925,2656.8850627895254,2144.310372219761,1506.5375551095594,39416.23607057541,0.0,0.0,541.5155234765214,39957.75159405192,0,0.0,9.023892744153272e-13,0.038045666995458305,1,0,0,0,1,0.0,0,causal_season,42,causal_season_seed_42,False
287,2025-10-15,10,2,66830.526744464,66830.526744464,0.0,0,21223.61834544845,19049.98421288876,2736.8689619043143,1506.5375551095594,1560.5833026421672,40528.74373290481,0.0,0.0,0.0,40528.743732904826,0,0.0,9.094947017729282e-13,0.03318054205738008,1,0,0,0,1,0.0,0,causal_season,42,causal_season_seed_42,False
288,2025-10-16,10,2,67959.14119410218,67959.14119410218,851.3534816989903,20,22146.390483479718,19824.633315555715,3522.2645578771594,1560.5833026421672,1673.4957148203453,41190.50201195936,0.0,0.0,5911.15337694384,47101.65538890321,0,0.0,8.65085780787922e-13,0.031921957968734205,1,0,0,0,1,0.0,0,causal_season,42,causal_season_seed_42,False
289,2025-10-17,10,2,31547.50507516414,31547.50507516414,0.0,0,14937.687865545351,13709.92711962673,14315.545012578852,1673.4957148203453,1393.098620044311,16482.54713155239,0.0,0.0,0.0,16482.54713155239,0,0.0,9.094947017729282e-13,0.05181983299553394,1,0,0,0,1,0.0,0,causal_season,42,causal_season_seed_42,False
290,2025-10-18,10,2,31598.467175062513,31598.467175062513,0.0,0,15453.685454326103,13321.317383454618,13389.505837524357,1393.098620044311,2011.8504486525746,16530.787427481144,0.0,0.0,0.0,16530.787427481144,0,0.0,8.810729923425242e-13,0.050273583037778735,1,0,0,0,1,0.0,0,causal_season,42,causal_season_seed_42,False
291,2025-10-19,10,2,67977.62052163544,67977.62052163544,728.2981251212938,70,22171.253905967398,20374.85407802192,3023.7962854779203,2011.8504486525746,1568.3667660412877,41148.04027325046,0.0,0.0,4728.46490271355,45876.505175964005,0,0.0,9.023892744153272e-13,0.06645966600626707,1,0,0,0,1,0.0,0,causal_season,42,causal_season_seed_42,False
292,2025-10-20,10,2,71373.23342735568,71373.23342735568,290.63235438592574,40,22151.803949221492,19544.374066573982,4615.653532427442,1568.3667660412877,1981.83403012342,43741.39165629901,0.0,0.0,1398.3887286204294,45139.78038491943,0,0.0,9.094947017729282e-13,0.03476612502709031,1,0,0,0,1,0.0,0,causal_season,42,causal_season_seed_42,False
293,2025-10-21,10,2,71869.36318167762,71869.36318167762,0.0,0,20138.616927164952,18016.979612043087,3285.1445165557548,1981.83403012342,2095.4395111378385,44386.671518387004,0.0,0.0,0.0,44386.67151838701,0,0.0,9.094947017729282e-13,0.01908754208125174,1,0,0,0,1,0.0,0,causal_season,42,causal_season_seed_42,False
294,2025-10-22,10,2,72059.24772796675,72059.24772796675,41.987404821834566,10,21315.043009470377,19808.147985257827,5039.443408576039,2095.4395111378385,1437.0435237540419,43945.46790125712,0.0,0.0,201.28761871587488,44146.755519973005,0,0.0,9.094947017729282e-13,0.037477790960110724,1,0,0,0,1,0.0,0,causal_season,42,causal_season_seed_42,False
295,2025-10-23,10,2,72009.74104005119,72009.74104005119,0.0,0,21168.264777964723,18524.724922558707,5986.70415131183,1437.0435237540419,1992.2481728628757,44161.805158851224,0.0,0.0,0.0,44161.80515885123,0,0.0,8.881784197001252e-13,0.04002141603268683,1,0,0,0,1,0.0,0,causal_season,42,causal_season_seed_42,False
296,2025-10-24,10,2,31503.019200779934,31503.019200779934,0.0,0,15587.515835145474,14520.50227183141,12015.954920799195,1992.2481728628757,1473.9107875510708,16490.62294881559,0.0,0.0,0.0,16490.62294881559,0,0.0,8.526512829121202e-13,0.04447916697245091,1,0,0,0,1,0.0,0,causal_season,42,causal_season_seed_42,False
297,2025-10-25,10,2,32777.57527162136,32777.57527162136,0.0,0,15661.939984158413,13945.574713033686,11662.777267163307,1473.9107875510708,1632.2052078465197,17172.265376187006,0.0,0.0,0.0,17172.26537618701,0,0.0,9.094947017729282e-13,0.05322412494570017,1,0,0,0,1,0.0,0,causal_season,42,causal_season_seed_42,False
298,2025-10-26,10,2,71977.94990575788,71977.94990575788,0.0,0,21292.15965336788,18850.279498500226,4991.7577342235545,1632.2052078465197,1961.7822017425583,44074.45200629905,0.0,0.0,0.0,44074.45200629906,0,0.0,9.059419880941277e-13,0.03020849998574704,1,0,0,0,1,0.0,0,causal_season,42,causal_season_seed_42,False
299,2025-10-27,10,2,73609.18224573803,73609.18224573803,19.744933333333393,10,21014.876254147825,18614.8577495235,7676.327007780381,1961.7822017425583,2276.4613784741437,45328.4092246001,0.0,0.0,92.4852677333336,45420.894492333464,0,0.0,9.094947017729282e-13,0.015356415999121964,1,0,0,0,1,0.0,0,causal_season,42,causal_season_seed_42,False
300,2025-10-28,10,2,72492.09843479673,72492.09843479673,0.0,0,21363.760291292187,19337.142657799348,4493.059101303889,2276.4613784741437,2160.765870961861,44738.00774705761,0.0,0.0,0.0,44738.007747057614,0,0.0,8.810729923425242e-13,0.01963174995034933,1,0,0,0,1,0.0,0,causal_season,42,causal_season_seed_42,False
301,2025-10-29,10,2,73080.59821401794,73080.59821401794,0.0,0,22059.005562490624,20204.14249914296,1913.4783506702668,2160.765870961861,1790.7398637339913,45071.385585373435,0.0,0.0,0.0,45071.38558537347,0,0.0,9.094947017729282e-13,0.019292667042464018,1,0,0,0,1,0.0,0,causal_season,42,causal_season_seed_42,False
302,2025-10-30,10,2,74435.33047987836,74435.33047987836,3.6418333333332384,10,20409.861430486795,18389.1086013221,7630.401834047004,1790.7398637339913,1769.412078238497,45699.82053730565,0.0,0.0,17.05834733333289,45716.87888463898,0,0.0,9.094947017729282e-13,0.020314209046773612,1,0,0,0,1,0.0,0,causal_season,42,causal_season_seed_42,False
303,2025-10-31,10,2,33437.71182768149,33437.71182768149,0.0,0,16153.75938536576,14392.818669186265,7772.4790448353215,1769.412078238497,1922.8508263876888,17753.532228004715,0.0,0.0,0.0,17753.532228004715,0,0.0,8.739675649849232e-13,0.0506304579321295,1,0,0,0,1,0.0,0,causal_season,42,causal_season_seed_42,False
304,2025-11-01,11,2,33499.66978005869,33499.66978005869,0.0,0,16063.518736657505,13943.611226864097,8835.723836931948,1922.8508263876888,2464.1859981810403,17951.249159702445,0.0,0.0,0.0,17951.249159702442,0,0.0,9.094947017729282e-13,0.05772262497339398,1,0,0,0,1,0.0,0,causal_season,42,causal_season_seed_42,False
305,2025-11-02,11,2,73750.13876363842,73750.13876363842,63.998055988822784,10,21449.16686518533,20120.611072729316,3689.1970938379013,2464.1859981810403,1603.6660588713771,45591.74067315272,0.0,0.0,446.45043857802773,46038.19111173077,0,0.0,8.881784197001252e-13,0.024367666919715703,1,0,0,0,1,0.0,0,causal_season,42,causal_season_seed_42,False
306,2025-11-03,11,2,76678.52400841838,76678.52400841838,0.0,0,20152.425814742917,17378.312510010714,4399.480420352851,1603.6660588713771,2403.5860372428183,47709.76467469419,0.0,0.0,0.0,47709.76467469419,0,0.0,9.094947017729282e-13,0.019506499986164272,1,0,0,0,1,0.0,0,causal_season,42,causal_season_seed_42,False
307,2025-11-04,11,2,76216.71410189176,76216.71410189176,28.83837405957513,20,20527.223069411753,18979.652033808517,7117.909407014768,2403.5860372428183,1871.109843790276,47075.46275399069,0.0,0.0,134.15620809237038,47209.61896208307,0,0.0,9.094947017729282e-13,0.015992208034731448,1,0,0,0,1,0.0,0,causal_season,42,causal_season_seed_42,False
308,2025-11-05,11,2,76056.88164194208,76056.88164194208,3.227683333333289,10,21390.224669767023,18803.622691609788,3795.48728045149,1871.109843790276,2342.900073575378,47416.09294987605,0.0,0.0,13.880652174999808,47429.973602051046,0,0.0,8.810729923425242e-13,0.015247208066284657,1,0,0,0,1,0.0,0,causal_season,42,causal_season_seed_42,False
309,2025-11-06,11,2,74868.1084668951,74868.1084668951,460.06461652020437,50,21294.57701592624,19566.382434537438,2230.393952026497,2342.900073575378,1919.9316066187139,46662.75355639974,0.0,0.0,2249.437870677706,48912.19142707745,0,0.0,9.023892744153272e-13,0.023952499963343143,1,0,0,0,1,0.0,0,causal_season,42,causal_season_seed_42,False
310,2025-11-07,11,2,34118.44946077153,34118.44946077153,0.0,0,16999.01337807182,15172.857377775208,8973.831677141583,1919.9316066187139,2053.0157061795135,18166.204788621773,0.0,0.0,0.0,18166.20478862177,0,0.0,9.094947017729282e-13,0.058487458038143814,1,0,0,0,1,0.0,0,causal_season,42,causal_season_seed_42,False
311,2025-11-08,11,2,33877.85889608612,33877.85889608612,0.0,0,16156.732288610587,14383.789137477987,8313.708644953529,2053.0157061795135,2218.7927601180822,17907.783895603054,0.0,0.0,0.0,17907.78389560306,0,0.0,8.526512829121202e-13,0.052755624987185,1,0,0,0,1,0.0,0,causal_season,42,causal_season_seed_42,False
312,2025-11-09,11,2,76103.78319833576,76103.78319833576,0.0,0,22621.599222639215,20655.64973133843,2791.0165237016517,2218.7927601180822,1906.55955060355,47133.03033051537,0.0,0.0,0.0,47133.03033051538,0,0.0,9.094947017729282e-13,0.014936708030290902,1,0,0,0,1,0.0,0,causal_season,42,causal_season_seed_42,False
313,2025-11-10,11,2,79495.66622530119,79495.66622530119,0.0,0,23490.22303720879,20912.26120252602,3059.2612906184104,1906.55955060355,2147.883005366955,49305.64716805437,0.0,0.0,0.0,49305.64716805436,0,0.0,9.094947017729282e-13,0.015684665995649993,1,0,0,0,1,0.0,0,causal_season,42,causal_season_seed_42,False
314,2025-11-11,11,2,79926.3331670647,79926.3331670647,0.0,0,21962.394760719395,19656.83269247577,6061.751432154411,2147.883005366955,2263.1191356923605,49923.140736614914,0.0,0.0,0.0,49923.14073661491,0,0.0,8.455458555545192e-13,0.01911408407613635,1,0,0,0,1,0.0,0,causal_season,42,causal_season_seed_42,False
315,2025-11-12,11,2,78668.70462313539,78668.70462313539,11.773333333333312,10,22519.70878447486,20297.645379206737,5502.426801200585,2263.1191356923605,2231.593890923304,49020.593865589166,0.0,0.0,51.56131333333324,49072.15517892252,0,0.0,9.023892744153272e-13,0.01549754198640585,1,0,0,0,1,0.0,0,causal_season,42,causal_season_seed_42,False
316,2025-11-13,11,2,77951.44510255422,77951.44510255422,0.0,0,22083.31861839525,19782.817149089737,3255.072316582035,2231.593890923304,2328.749187802019,48702.506216358874,0.0,0.0,0.0,48702.506216358874,0,0.0,8.553158181712206e-13,0.01508754095993936,1,0,0,0,1,0.0,0,causal_season,42,causal_season_seed_42,False
317,2025-11-14,11,2,34632.320551242716,34632.320551242716,0.0,0,16217.958663506935,14552.24867098406,5368.155258719841,2328.749187802019,2375.038741188724,18648.482650117487,0.0,0.0,0.0,18648.482650117494,0,0.0,8.526512829121202e-13,0.049558999948203564,1,0,0,0,1,0.0,0,causal_season,42,causal_season_seed_42,False
318,2025-11-15,11,2,34473.38982562825,34473.38982562825,0.0,0,16627.205502197252,15068.278332352895,4702.575739117226,2375.038741188724,2265.630911843928,18580.79193842993,0.0,0.0,0.0,18580.791938429928,0,0.0,9.094947017729282e-13,0.06943704199511558,1,0,0,0,1,0.0,0,causal_season,42,causal_season_seed_42,False
319,2025-11-16,11,2,79858.05326944744,79858.05326944744,0.0,0,23272.499133466226,21208.817121536234,3359.8268741840975,2265.630911843928,1987.8059496481667,49878.15499417493,0.0,0.0,0.0,49878.154994174925,0,0.0,8.739675649849232e-13,0.02012749994173646,1,0,0,0,1,0.0,0,causal_season,42,causal_season_seed_42,False
320,2025-11-17,11,2,82722.85558687994,82722.85558687994,0.0,0,22275.84322005852,19525.45749020039,7276.715523688479,1987.8059496481667,2538.8870205667704,51959.73366970253,0.0,0.0,0.0,51959.73366970252,0,0.0,9.094947017729282e-13,0.015489124925807118,1,0,0,0,1,0.0,0,causal_season,42,causal_season_seed_42,False
321,2025-11-18,11,2,80562.2018541951,80562.2018541951,0.0,0,21481.638786385938,19409.349039810364,3599.3602742861804,2538.8870205667704,2458.908662964253,50846.722352111894,0.0,0.0,0.0,50846.7223521119,0,0.0,9.094947017729282e-13,0.025431832997128367,1,0,0,0,1,0.0,0,causal_season,42,causal_season_seed_42,False
322,2025-11-19,11,2,81390.31266355373,81390.31266355373,1.384999999999991,10,23252.772154613995,21298.42794642522,4069.04185536496,2458.908662964253,2067.9109421918215,51082.318685373466,0.0,0.0,6.301057499999959,51088.61974287346,0,0.0,9.094947017729282e-13,0.015754916006699204,1,0,0,0,1,0.0,0,causal_season,42,causal_season_seed_42,False
323,2025-11-20,11,2,81456.83232595111,81456.83232595111,0.0,0,22618.25298909634,20218.018406754694,4263.5217102761235,2067.9109421918215,2213.807137177477,51152.0261244428,0.0,0.0,0.0,51152.0261244428,0,0.0,9.094947017729282e-13,0.020156332990154624,1,0,0,0,1,0.0,0,causal_season,42,causal_season_seed_42,False
324,2025-11-21,11,2,35102.95278093696,35102.95278093696,0.0,0,16802.911904558558,14994.199646640476,4429.85645635221,2213.807137177477,2349.174828087743,19026.946573305177,0.0,0.0,0.0,19026.946573305177,0,0.0,8.65085780787922e-13,0.06094087497331202,1,0,0,0,1,0.0,0,causal_season,42,causal_season_seed_42,False
325,2025-11-22,11,2,35560.92751098458,35560.92751098458,0.0,0,16902.241303414696,15166.825551850798,3605.682276087342,2349.174828087743,2396.8109794939055,19227.404645163282,0.0,0.0,0.0,19227.404645163275,0,0.0,9.094947017729282e-13,0.051604416919872165,1,0,0,0,1,0.0,0,causal_season,42,causal_season_seed_42,False
326,2025-11-23,11,2,82232.09883905394,82232.09883905394,0.0,0,22992.450794665012,20880.68767190644,4888.239432962031,2396.8109794939055,2199.1876450331915,51697.47175781993,0.0,0.0,0.0,51697.471757819934,0,0.0,9.094947017729282e-13,0.021102207945659757,1,0,0,0,1,0.0,0,causal_season,42,causal_season_seed_42,False
327,2025-11-24,11,2,82738.65974251782,82738.65974251782,18.839666666666517,10,21099.36001240156,19105.886018675832,6602.081715458762,2199.1876450331915,2076.4259101594457,51997.51268445168,0.0,0.0,88.24499866666596,52085.75768311836,0,0.0,9.094947017729282e-13,0.015288374968804419,1,0,0,0,1,0.0,0,causal_season,42,causal_season_seed_42,False
328,2025-11-25,11,2,82317.85931094522,82317.85931094522,0.0,0,23844.612251413222,21173.707705180248,3478.294298045579,2076.4259101594457,2378.363681890301,51627.783391984216,0.0,0.0,0.0,51627.783391984216,0,0.0,9.094947017729282e-13,0.015573500073514879,1,0,0,0,1,0.0,0,causal_season,42,causal_season_seed_42,False
329,2025-11-26,11,2,83941.19945626296,83941.19945626296,32.99316666666664,10,23254.5511293365,20659.223536034624,4621.198146294422,2378.363681890301,2662.8342538111956,52869.85131801418,0.0,0.0,154.53999266666654,53024.39131068086,0,0.0,9.094947017729282e-13,0.015978374984115362,1,0,0,0,1,0.0,0,causal_season,42,causal_season_seed_42,False
330,2025-11-27,11,2,82808.07982516126,82808.07982516126,0.0,0,22493.27113131575,20338.17154940198,4872.087509914156,2662.8342538111956,2563.509714830233,52217.98729112337,0.0,0.0,0.0,52217.987291123354,0,0.0,9.070522111187529e-13,0.020026457961648703,1,0,0,0,1,0.0,0,causal_season,42,causal_season_seed_42,False
331,2025-11-28,11,2,35916.0780355079,35916.0780355079,0.0,0,17227.696503671115,15722.24009539192,3489.3830772287,2563.509714830233,2334.441444592441,19507.514890881248,0.0,0.0,0.0,19507.514890881248,0,0.0,6.821210263296962e-13,0.049621750018559396,1,0,0,0,1,0.0,0,causal_season,42,causal_season_seed_42,False
332,2025-11-29,11,2,36844.96805942378,36844.96805942378,0.0,0,17204.883934102163,15570.716700912442,281.35072623405927,2334.441444592441,2243.450952404077,19890.334457067285,0.0,0.0,0.0,19890.334457067293,0,0.0,8.526512829121202e-13,0.049021749990060925,1,0,0,0,1,0.0,0,causal_season,42,causal_season_seed_42,False
333,2025-11-30,11,2,86112.77152276995,86112.77152276995,6.062833333333401,10,24209.204392732998,21922.232559161224,3587.034405864848,2243.450952404077,2102.256724597206,54386.72193195273,0.0,0.0,28.398311333333652,54415.12024328609,0,0.0,9.094947017729282e-13,0.01850841601844877,1,0,0,0,1,0.0,0,causal_season,42,causal_season_seed_42,False
334,2025-12-01,12,2,86738.63894566134,86738.63894566134,3060.6203658965496,120,25403.350321293037,23253.95944963683,1350.9407065683572,2102.256724597206,1690.1653962514213,54574.122062123126,0.0,0.0,14884.428939654937,69458.55100177808,0,0.0,9.094947017729282e-13,0.016023459029383957,1,0,0,0,1,0.0,0,causal_season,42,causal_season_seed_42,False
335,2025-12-02,12,2,85691.61866233201,85691.61866233201,5051.1948017514005,200,24182.06494555661,22077.115266024965,0.05383455176024654,1690.1653962514213,1359.96372023611,54082.743243862795,0.0,0.0,26304.456264382738,80387.19950824551,0,0.0,8.100187187665142e-13,0.016246084007434547,1,0,0,0,1,0.0,0,causal_season,42,causal_season_seed_42,False
336,2025-12-03,12,2,87908.33608964723,87908.33608964723,2043.7095127752175,140,24919.421735695465,22570.30945120915,440.18475126945884,1359.96372023611,1209.407797752037,55504.31926892496,0.0,0.0,10917.707100272972,66422.02636919792,0,0.0,9.094947017729282e-13,0.01544441597070545,1,0,0,0,1,0.0,0,causal_season,42,causal_season_seed_42,False
337,2025-12-04,12,2,86515.80682199125,86515.80682199125,4308.6732948276185,180,24326.44209075902,21888.085923987222,1614.9152000470685,1209.407797752037,1215.4287298245524,54400.689708541504,0.0,0.0,21298.550432758293,75699.24014129979,0,0.0,9.094947017729282e-13,0.015541792032308877,1,0,0,0,1,0.0,0,causal_season,42,causal_season_seed_42,False
338,2025-12-05,12,2,40016.65627493223,40016.65627493223,3207.5734484173427,200,18130.989012108857,16332.527089192652,114.14011710003388,1215.4287298245524,1200.0,21163.354185999353,0.0,0.0,18614.12880206068,39777.48298806004,0,0.0,9.094947017729282e-13,0.056584957987070084,1,0,0,0,1,0.0,0,causal_season,42,causal_season_seed_42,False
339,2025-12-06,12,2,41236.77069658086,41236.77069658086,4300.533370621904,200,17373.192390573367,15500.51914003727,0.0,1200.0,1342.675655571153,21560.366401160067,0.0,0.0,26145.243792828966,47705.61019398903,0,0.0,9.094947017729282e-13,0.0741955409757793,1,0,0,0,1,0.0,0,causal_season,42,causal_season_seed_42,False
340,2025-12-07,12,2,89116.12438613395,89116.12438613395,1951.0901358541337,120,25832.738543026047,23236.432224550757,818.2269535127931,1342.675655571153,1356.4130790078877,56217.43306693003,0.0,0.0,10089.394996554835,66306.82806348486,0,0.0,8.997247391562269e-13,0.014140708022750914,1,0,0,0,1,0.0,0,causal_season,42,causal_season_seed_42,False
341,2025-12-08,12,2,95102.47718979581,95102.47718979581,0.0,0,25821.48522835465,22677.489877412263,4111.270722186763,1356.4130790078877,1948.6516366608764,60244.28810686941,0.0,0.0,0.0,60244.28810686941,0,0.0,9.094947017729282e-13,0.01571412500925362,1,0,0,0,1,0.0,0,causal_season,42,causal_season_seed_42,False
342,2025-12-09,12,2,95362.27107389459,95362.27107389459,36.37360399155739,20,24868.99170687958,22435.446897740323,5576.645602080229,1948.6516366608764,1892.411201461543,60798.81330933544,0.0,0.0,211.9136458608366,61010.726955196275,0,0.0,9.094947017729282e-13,0.01612233300693333,1,0,0,0,1,0.0,0,causal_season,42,causal_season_seed_42,False
343,2025-12-10,12,2,93631.77076225926,93631.77076225926,27.988720895004462,10,24736.259842678097,22408.793210660137,2944.6743844696475,1892.411201461543,1738.3457166467422,59501.53712365677,0.0,0.0,131.0991686722009,59632.636292328956,0,0.0,9.094947017729282e-13,0.01472837501205504,1,0,0,0,1,0.0,0,causal_season,42,causal_season_seed_42,False
344,2025-12-11,12,2,95522.99016463035,95522.99016463035,4.660558370747253,10,24605.46887938591,21998.933708676457,6959.860852291637,1738.3457166467422,1892.2308783976137,60691.26880770944,0.0,0.0,21.830055408580137,60713.09886311804,0,0.0,9.094947017729282e-13,0.014682500041089952,1,0,0,0,1,0.0,0,causal_season,42,causal_season_seed_42,False
345,2025-12-12,12,2,46575.06427655673,46575.06427655673,0.0,0,19806.282216033556,17747.03435117365,801.4029283634907,1892.2308783976137,1975.1032589044771,24233.934127660974,0.0,0.0,0.0,24233.93412766098,0,0.0,9.059419880941277e-13,0.0888273750897497,1,0,0,0,1,0.0,0,causal_season,42,causal_season_seed_42,False
346,2025-12-13,12,2,50235.35313267709,50235.35313267709,0.0,0,19708.675359317847,17558.747140854106,4286.89153088001,1975.1032589044771,2163.8497909662424,26135.12451571535,0.0,0.0,0.0,26135.124515715353,0,0.0,8.242295734817162e-13,0.06770604196935892,1,0,0,0,1,0.0,0,causal_season,42,causal_season_seed_42,False
347,2025-12-14,12,2,95993.54672047801,95993.54672047801,0.0,0,24033.49926881992,21869.438958724866,5050.764610382956,2163.8497909662424,1911.6163878077132,61468.54343170342,0.0,0.0,0.0,61468.54343170341,0,0.0,9.094947017729282e-13,0.015067541971802711,1,0,0,0,1,0.0,0,causal_season,42,causal_season_seed_42,False
348,2025-12-15,12,2,95114.97957610287,95114.97957610287,0.0,0,25108.259791750585,22705.273436292155,3242.4352539777788,1911.6163878077132,1797.9434434876912,60529.253415054394,0.0,0.0,0.0,60529.25341505441,0,0.0,9.023892744153272e-13,0.014656584011390805,1,0,0,0,1,0.0,0,causal_season,42,causal_season_seed_42,False
349,2025-12-16,12,2,96393.86472930637,96393.86472930637,0.0,0,24656.1415624075,22138.428572086705,4458.060405652237,1797.9434434876912,1852.8604365317399,61701.081800191816,0.0,0.0,0.0,61701.08180019183,0,0.0,8.997247391562269e-13,0.01418495795223862,1,0,0,0,1,0.0,0,causal_season,42,causal_season_seed_42,False
350,2025-12-17,12,2,95326.17947629542,95326.17947629542,0.0,0,24542.771619666146,22077.966737769617,4669.527527732209,1852.8604365317399,1863.9576277140377,60600.356796735454,0.0,0.0,0.0,60600.356796735454,0,0.0,8.93507490218326e-13,0.014914375031366944,1,0,0,0,1,0.0,0,causal_season,42,causal_season_seed_42,False
351,2025-12-18,12,2,93382.82916067861,93382.82916067861,91.19563287344016,10,25915.088177124795,23384.893416135536,3577.5630658961295,1863.9576277140377,1799.326937103992,59324.26403109875,0.0,0.0,448.63691592088884,59772.90094701963,0,0.0,9.094947017729282e-13,0.01514329097699374,1,0,0,0,1,0.0,0,causal_season,42,causal_season_seed_42,False
352,2025-12-19,12,2,47139.104060542486,47139.104060542486,0.0,0,19493.675070487054,17711.03101727679,2448.0687073322156,1799.326937103992,1623.5849859375244,24645.708948235657,0.0,0.0,0.0,24645.708948235653,0,0.0,9.094947017729282e-13,0.03772500006016344,1,0,0,0,1,0.0,0,causal_season,42,causal_season_seed_42,False
353,2025-12-20,12,2,49123.70094247277,49123.70094247277,0.0,0,20150.965281070243,17973.725891793358,4090.109303195891,1623.5849859375244,1794.498568481939,25655.27129280957,0.0,0.0,0.0,25655.271292809557,0,0.0,9.094947017729282e-13,0.03481366694904864,1,0,0,0,1,0.0,0,causal_season,42,causal_season_seed_42,False
354,2025-12-21,12,2,94868.10988641351,94868.10988641351,0.0,0,24572.752502953634,22048.766423411427,3306.3419402046375,1794.498568481939,1864.817956821475,60812.05647725353,0.0,0.0,0.0,60812.05647725357,0,0.0,8.29558643999917e-13,0.013592583010904491,1,0,0,0,1,0.0,0,causal_season,42,causal_season_seed_42,False
355,2025-12-22,12,2,95236.2944329954,95236.2944329954,36.71595308041396,20,25273.838634199503,23046.73550848492,4108.480177027903,1864.817956821475,1548.2942672799604,60535.715169918934,0.0,0.0,190.62397453327952,60726.339144452184,0,0.0,9.094947017729282e-13,0.014802542049437761,1,0,0,0,1,0.0,0,causal_season,42,causal_season_seed_42,False
356,2025-12-23,12,2,95443.03077610611,95443.03077610611,0.0,0,24251.960965560655,21428.261444010306,5361.2387212224385,1548.2942672799604,1968.35376006663,60951.838639645255,0.0,0.0,0.0,60951.838639645255,0,0.0,9.094947017729282e-13,0.014301625080406666,1,0,0,0,1,0.0,0,causal_season,42,causal_season_seed_42,False
357,2025-12-24,12,2,93653.26480213931,93653.26480213931,25.042885809588483,10,25652.047319192836,23331.736308114043,3503.4373602034484,1968.35376006663,1710.2131125568312,59432.775194104266,0.0,0.0,145.4616022249947,59578.23679632926,0,0.0,9.094947017729282e-13,0.01435245806351304,1,0,0,0,1,0.0,0,causal_season,42,causal_season_seed_42,False
358,2025-12-25,12,2,94038.01018598372,94038.01018598372,45.04169331263108,20,24776.76711309717,22351.18337561825,3845.019608484103,1710.2131125568312,1655.3022967578827,59805.75081741491,0.0,0.0,211.35431160451904,60017.105129019445,0,0.0,9.094947017729282e-13,0.015434292028658092,1,0,0,0,1,0.0,0,causal_season,42,causal_season_seed_42,False
359,2025-12-26,12,2,47957.71534174821,47957.71534174821,0.0,0,20725.388277941613,18045.357777394805,2270.062407868072,1655.3022967578827,2295.65474525255,24980.28293712338,0.0,0.0,0.0,24980.28293712336,0,0.0,8.992806499463768e-13,0.03441120800562203,1,0,0,0,1,0.0,0,causal_season,42,causal_season_seed_42,False
360,2025-12-27,12,2,48443.01887246815,48443.01887246815,0.0,0,19390.108493464002,17619.25761312551,3333.358925462996,2295.65474525255,2118.398574143108,25369.59764662247,0.0,0.0,0.0,25369.59764662246,0,0.0,9.094947017729282e-13,0.03428004099987447,1,0,0,0,1,0.0,0,causal_season,42,causal_season_seed_42,False
361,2025-12-28,12,2,94877.91438854506,94877.91438854506,44.964171899526264,20,23779.94996569956,21543.68354634914,5877.357391094178,2118.398574143108,1969.003536293509,60574.70377797845,0.0,0.0,262.08834575063406,60836.79212372907,0,0.0,9.094947017729282e-13,0.01601883303374052,1,0,0,0,1,0.0,0,causal_season,42,causal_season_seed_42,False
362,2025-12-29,12,2,93995.00306644008,93995.00306644008,0.0,0,24644.426468652324,22315.458588515998,4142.268919637085,1969.003536293509,1826.2005935123914,59790.19927892571,0.0,0.0,0.0,59790.19927892572,0,0.0,9.041656312547275e-13,0.014126583933830261,1,0,0,0,1,0.0,0,causal_season,42,causal_season_seed_42,False
363,2025-12-30,12,2,93859.89941641816,93859.89941641816,80.80655289128143,20,24542.254122735198,22101.808708928646,5275.857955502905,1826.2005935123914,1811.6751997426409,59481.32475230416,0.0,0.0,419.302537106771,59900.62728941095,0,0.0,9.094947017729282e-13,0.01538779097609222,1,0,0,0,1,0.0,0,causal_season,42,causal_season_seed_42,False
364,2025-12-31,12,2,92342.76546214186,92342.76546214186,13.9142225668204,10,25402.555710902405,23225.030365259605,1532.7314057325434,1811.6751997426409,1429.3239702092117,58766.032826272036,0.0,0.0,30.388662085935753,58796.42148835797,0,0.0,8.810729923425242e-13,0.015359041979536414,1,0,0,0,1,0.0,0,causal_season,42,causal_season_seed_42,False
31,2025-02-01,2,2,44754.3309831518,44754.3309831518,0.0,0,19146.32454720709,16120.5609475753,7350.391450186681,1421.7991105135516,2593.0341762034163,23060.355182110194,0.0,0.0,0.0,23060.3551821102,0,0.0,9.023892744153272e-13,0.03180783300194889,1,0,0,0,1,0.0,0,causal_season,2026,causal_season_seed_2026,False
32,2025-02-02,2,2,88742.29048190675,88742.29048190675,0.0,0,21773.568756409455,19813.34242752303,8425.786203020325,2593.0341762034163,2364.1584837560918,55853.79554296268,0.0,0.0,0.0,55853.79554296269,0,0.0,9.094947017729282e-13,0.015442333999089897,1,0,0,0,1,0.0,0,causal_season,2026,causal_season_seed_2026,False
33,2025-02-03,2,2,87055.10233168269,87055.10233168269,0.0,0,22906.596596604588,20683.997267755316,4615.586502833419,2364.1584837560918,2292.416595866799,54495.59207570222,0.0,0.0,0.0,54495.59207570219,0,0.0,8.952838470577262e-13,0.015874375007115304,1,0,0,0,1,0.0,0,causal_season,2026,causal_season_seed_2026,False
34,2025-02-04,2,2,89803.42781812837,89803.42781812837,0.0,0,23431.343413836017,20938.80423866633,6116.02469295869,2292.416595866799,2449.903118601098,56277.01931561081,0.0,0.0,0.0,56277.019315610814,0,0.0,9.059419880941277e-13,0.014032165985554457,1,0,0,0,1,0.0,0,causal_season,2026,causal_season_seed_2026,False
35,2025-02-05,2,2,91232.91413234203,91232.91413234203,0.0,0,22454.942855394587,20424.78672280934,8454.331016423443,2449.903118601098,2222.9167751114283,57706.089788242934,0.0,0.0,0.0,57706.08978824294,0,0.0,8.952838470577262e-13,0.013715374981984496,1,0,0,0,1,0.0,0,causal_season,2026,causal_season_seed_2026,False
36,2025-02-06,2,2,90132.27420835274,90132.27420835274,0.0,0,21684.21893341686,19451.61675157159,7628.614809840805,2222.9167751114283,2290.5687392974487,56759.69809025754,0.0,0.0,0.0,56759.69809025756,0,0.0,9.094947017729282e-13,0.014472792041487992,1,0,0,0,1,0.0,0,causal_season,2026,causal_season_seed_2026,False
37,2025-02-07,2,2,42959.729064153245,42959.729064153245,0.0,0,18178.177134596117,16537.20884613211,9513.081109022574,2290.5687392974487,2104.153077338369,22188.047274665063,0.0,0.0,0.0,22188.04727466506,0,0.0,8.455458555545192e-13,0.040023084031417966,1,0,0,0,1,0.0,0,causal_season,2026,causal_season_seed_2026,False
38,2025-02-08,2,2,37621.46689953533,37621.46689953533,0.0,0,17701.85710642511,16048.595838632027,4391.042915075574,2104.153077338369,1980.9038928215728,19495.70084029402,0.0,0.0,0.0,19495.700840294026,0,0.0,9.094947017729282e-13,0.047725458978675306,1,0,0,0,1,0.0,0,causal_season,2026,causal_season_seed_2026,False
39,2025-02-09,2,2,82404.7237305277,82404.7237305277,222.19002493148767,20,24724.563315220894,22613.425690309457,960.360163881085,1980.9038928215728,1600.0405347829746,51120.13938800128,0.0,0.0,889.5883018311334,52009.72768983238,0,0.0,9.094947017729282e-13,0.01535100000910461,1,0,0,0,1,0.0,0,causal_season,2026,causal_season_seed_2026,False
40,2025-02-10,2,2,85985.53348429888,85985.53348429888,12.209176451852045,10,21054.451066939924,18946.490134433247,9563.144144910728,1600.0405347829746,1602.69244803775,53374.90175587418,0.0,0.0,55.545648267700884,53430.44740414187,0,0.0,9.094947017729282e-13,0.01490891701541841,1,0,0,0,1,0.0,0,causal_season,2026,causal_season_seed_2026,False
41,2025-02-11,2,2,81106.6289851205,81106.6289851205,0.0,0,24031.283859382438,21585.247400554523,3439.995392959247,1602.69244803775,1647.921528151038,49958.66242010646,0.0,0.0,0.0,49958.66242010645,0,0.0,9.023892744153272e-13,0.01574441697448492,1,0,0,0,1,0.0,0,causal_season,2026,causal_season_seed_2026,False
42,2025-02-12,2,2,82915.02427364473,82915.02427364473,0.0,0,22102.638439078753,19815.872178573474,5361.5218798061105,1647.921528151038,1728.5621558026635,51391.09994784148,0.0,0.0,0.0,51391.09994784146,0,0.0,9.094947017729282e-13,0.01943829096853733,1,0,0,0,1,0.0,0,causal_season,2026,causal_season_seed_2026,False
43,2025-02-13,2,2,82280.67623612861,82280.67623612861,0.0,0,20836.79854617286,18807.768526431573,8922.16719972067,1728.5621558026635,1670.9561718159114,50949.00736933033,0.0,0.0,0.0,50949.00736933031,0,0.0,9.023892744153272e-13,0.015227707917802036,1,0,0,0,1,0.0,0,causal_season,2026,causal_season_seed_2026,False
44,2025-02-14,2,2,35741.503519597325,35741.503519597325,0.0,0,17672.35062036285,15665.72108891761,3933.0721714854117,1670.9561718159114,1923.300099342513,18516.852732706586,0.0,0.0,0.0,18516.852732706582,0,0.0,8.837375276016246e-13,0.05376750009600073,1,0,0,0,1,0.0,0,causal_season,2026,causal_season_seed_2026,False
45,2025-02-15,2,2,35246.91067031348,35246.91067031348,0.0,0,16839.05367563176,15510.006049009555,4637.771943691276,1923.300099342513,1549.247197104029,18362.583557856018,0.0,0.0,0.0,18362.583557856025,0,0.0,7.958078640513122e-13,0.047632207977585495,1,0,0,0,1,0.0,0,causal_season,2026,causal_season_seed_2026,False
46,2025-02-16,2,2,79937.10568033073,79937.10568033073,48.52334485617246,20,23008.88327883705,20796.77844164765,2396.1450879975073,1549.247197104029,1455.661180699238,49310.31131945364,0.0,0.0,274.00810537519027,49584.319424828835,0,0.0,9.094947017729282e-13,0.024114166968502104,1,0,0,0,1,0.0,0,causal_season,2026,causal_season_seed_2026,False
47,2025-02-17,2,2,80874.60607044442,80874.60607044442,18.34713215389752,20,19833.712696172566,17773.593023153837,7648.970362912926,1455.661180699238,1536.5611012092622,49885.76564405777,0.0,0.0,126.13969752489882,50011.905341582686,0,0.0,9.094947017729282e-13,0.015740750008262694,1,0,0,0,1,0.0,0,causal_season,2026,causal_season_seed_2026,False
48,2025-02-18,2,2,78230.06813686834,78230.06813686834,29.342601817040645,10,21613.7064171839,19108.306163373574,3662.6227015417244,1536.5611012092622,1899.200153460837,48235.764640412934,0.0,0.0,133.4941669666264,48369.25880737955,0,0.0,9.094947017729282e-13,0.01513145794160664,1,0,0,0,1,0.0,0,causal_season,2026,causal_season_seed_2026,False
49,2025-02-19,2,2,78960.17242458335,78960.17242458335,48.297798013745364,20,22908.412503477964,21007.64992884963,4228.380264635418,1899.200153460837,1488.021126148933,48608.89116353293,0.0,0.0,214.52208939014702,48823.41325292307,0,0.0,9.094947017729282e-13,0.02822679199744016,1,0,0,0,1,0.0,0,causal_season,2026,causal_season_seed_2026,False
50,2025-02-20,2,2,78611.34092352743,78611.34092352743,27.83873444031542,10,21649.893384286745,19422.078262239753,5418.230802587428,1488.021126148933,1554.2453168218608,48370.09977167235,0.0,0.0,130.39663211843742,48500.49640379078,0,0.0,9.094947017729282e-13,0.019595249905250967,1,0,0,0,1,0.0,0,causal_season,2026,causal_season_seed_2026,False
51,2025-02-21,2,2,35089.31765208725,35089.31765208725,0.0,0,16994.77005205705,14964.506898712983,7498.792465409853,1554.2453168218608,1902.9245323388895,18110.610956799355,0.0,0.0,0.0,18110.610956799355,0,0.0,9.094947017729282e-13,0.061745750019326806,1,0,0,0,1,0.0,0,causal_season,2026,causal_season_seed_2026,False
52,2025-02-22,2,2,34334.78276279918,34334.78276279918,0.0,0,16726.32606209204,15009.236660367507,4772.930477741322,1902.9245323388895,1949.7861094391526,17762.84768153671,0.0,0.0,0.0,17762.847681536703,0,0.0,9.094947017729282e-13,0.056094500003382564,1,0,0,0,1,0.0,0,causal_season,2026,causal_season_seed_2026,False
53,2025-02-23,2,2,78090.4255802207,78090.4255802207,1.5499550175106833,10,21790.963794295174,20050.520991737736,4819.679049347427,1949.7861094391526,1487.4046405406486,47992.28040999966,0.0,0.0,7.25998930202004,47999.54039930168,0,0.0,9.094947017729282e-13,0.01945949997752905,1,0,0,0,1,0.0,0,causal_season,2026,causal_season_seed_2026,False
54,2025-02-24,2,2,76850.88012900078,76850.88012900078,162.20647171698818,50,21083.088803902763,18966.88152388871,6693.845704037043,1487.4046405406486,1495.7302847677654,46762.46543788276,0.0,0.0,908.1494464130471,47670.61488429581,0,0.0,9.094947017729282e-13,0.020241249934770167,1,0,0,0,1,0.0,0,causal_season,2026,causal_season_seed_2026,False
55,2025-02-25,2,2,75595.00761797657,75595.00761797657,37.842988100394905,20,20434.866927828924,18345.59529051043,7722.255735425141,1495.7302847677654,1543.9918538600903,46092.06571412883,0.0,0.0,167.1565957968894,46259.222309925724,0,0.0,9.094947017729282e-13,0.01886120904237032,1,0,0,0,1,0.0,0,causal_season,2026,causal_season_seed_2026,False
56,2025-02-26,2,2,74326.93558674243,74326.93558674243,0.0,0,22095.175929347715,19235.86488058402,2652.7765046454024,1543.9918538600903,2228.93429689056,45280.517799851455,0.0,0.0,0.0,45280.517799851455,0,0.0,8.786860128395801e-13,0.028019834076985717,1,0,0,0,1,0.0,0,causal_season,2026,causal_season_seed_2026,False
57,2025-02-27,2,2,74392.39964939078,74392.39964939078,288.533762195808,40,21732.183148230743,20088.471064654073,6080.637128009901,2228.93429689056,1670.785721560406,45435.957033094,0.0,0.0,1425.0540334758434,46861.01106656983,0,0.0,8.668621376273222e-13,0.014726042049005628,1,0,0,0,1,0.0,0,causal_season,2026,causal_season_seed_2026,False
58,2025-02-28,2,2,34045.24750662453,34045.24750662453,0.0,0,16505.88129635517,14620.18827891734,8866.960939186702,1670.785721560406,1918.6080330582934,17433.45387035255,0.0,0.0,0.0,17433.453870352547,0,0.0,9.094947017729282e-13,0.06136579194571823,1,0,0,0,1,0.0,0,causal_season,2026,causal_season_seed_2026,False
59,2025-03-01,3,2,33354.368002434145,33354.368002434145,0.0,0,15427.444241179368,13989.66067834452,8257.818506265961,1918.6080330582934,1807.9695707824421,17194.671147185276,0.0,0.0,0.0,17194.671147185276,0,0.0,8.943956686380261e-13,0.051802333910018206,1,0,0,0,1,0.0,0,causal_season,2026,causal_season_seed_2026,False
60,2025-03-02,3,2,77859.98371454474,77859.98371454474,1161.845587272994,60,19633.150679821985,17999.51856691237,5029.890122241451,1807.9695707824421,1460.453222861002,48162.43568665412,0.0,0.0,7868.508979764118,56030.944666418254,0,0.0,8.952838470577262e-13,0.019742207950912416,1,0,0,0,1,0.0,0,causal_season,2026,causal_season_seed_2026,False
61,2025-03-03,3,2,79970.98558980164,79970.98558980164,0.0,0,23896.325926865502,21446.82685577112,5504.339885373925,1460.453222861002,1523.558031948347,48859.23226482074,0.0,0.0,0.0,48859.232264820734,0,0.0,9.094947017729282e-13,0.014731209026649594,1,0,0,0,1,0.0,0,causal_season,2026,causal_season_seed_2026,False
62,2025-03-04,3,2,80149.98688030544,80149.98688030544,0.0,0,20082.37358412564,17908.714239890767,8776.869602737235,1523.558031948347,1697.9281153705365,49390.07490515829,0.0,0.0,0.0,49390.07490515828,0,0.0,9.094947017729282e-13,0.016091582947410643,1,0,0,0,1,0.0,0,causal_season,2026,causal_season_seed_2026,False
63,2025-03-05,3,2,77843.92252155615,77843.92252155615,0.0,0,18996.56946380813,17159.041263925894,9875.922305007234,1697.9281153705365,1632.4386663349742,47723.44883040999,0.0,0.0,0.0,47723.44883040999,0,0.0,9.094947017729282e-13,0.015599332982674241,1,0,0,0,1,0.0,0,causal_season,2026,causal_season_seed_2026,False
64,2025-03-06,3,2,73957.97136142055,73957.97136142055,181.3811383914192,40,20008.332284736138,18377.614127399655,6567.980209142149,1632.4386663349742,1242.3031259521167,45073.3208928319,0.0,0.0,1178.7838980284278,46252.10479086032,0,0.0,8.810729923425242e-13,0.027441457961685956,1,0,0,0,1,0.0,0,causal_season,2026,causal_season_seed_2026,False
65,2025-03-07,3,2,33171.573822254846,33171.573822254846,0.0,0,15443.490212662175,13248.950876102726,10054.748952362064,1242.3031259521167,1927.6638955886592,17131.53278550705,0.0,0.0,0.0,17131.53278550705,0,0.0,7.958078640513122e-13,0.04646833403967321,1,0,0,0,1,0.0,0,causal_season,2026,causal_season_seed_2026,False
66,2025-03-08,3,2,30882.773863697494,30882.773863697494,0.0,0,15046.717209247432,13623.83152764748,10396.748665430876,1927.6638955886592,1841.453840565178,16110.929998524127,0.0,0.0,0.0,16110.929998524125,0,0.0,7.673861546209082e-13,0.07202020799741149,1,0,0,0,1,0.0,0,causal_season,2026,causal_season_seed_2026,False
67,2025-03-09,3,2,70533.78697420265,70533.78697420265,0.0,0,20952.343401687678,19023.182992966085,5271.101515481063,1841.453840565178,1666.3965461146051,42937.913812945626,0.0,0.0,0.0,42937.91381294562,0,0.0,8.72191208145523e-13,0.015272542019374669,1,0,0,0,1,0.0,0,causal_season,2026,causal_season_seed_2026,False
68,2025-03-10,3,2,69329.57195939997,69329.57195939997,870.2236785574147,20,21420.914217204507,19417.774328371863,154.58429912474696,1666.3965461146051,1519.928770015521,41947.97285747731,0.0,0.0,6038.138551188817,47986.11140866613,0,0.0,9.094947017729282e-13,0.039293209090828896,1,0,0,0,1,0.0,0,causal_season,2026,causal_season_seed_2026,False
69,2025-03-11,3,2,73980.05819167751,73980.05819167751,0.0,0,19592.501526309927,17409.16650757974,7857.804372947321,1519.928770015521,1756.13495869795,44506.80451653717,0.0,0.0,0.0,44506.80451653716,0,0.0,9.094947017729282e-13,0.016334666986949742,1,0,0,0,1,0.0,0,causal_season,2026,causal_season_seed_2026,False
70,2025-03-12,3,2,70781.31945503547,70781.31945503547,0.0,0,20674.61831265211,18833.917874212453,6505.0843332624845,1756.13495869795,1517.1074631243077,42732.8245509325,0.0,0.0,0.0,42732.82455093249,0,0.0,8.810729923425242e-13,0.02027129102498293,1,0,0,0,1,0.0,0,causal_season,2026,causal_season_seed_2026,False
71,2025-03-13,3,2,67797.14646620254,67797.14646620254,2294.6916462248123,100,20770.029008663372,18770.785426619113,546.9765137164337,1517.1074631243077,1435.1419441973135,40726.257953401066,0.0,0.0,14118.835448630924,54845.09340203197,0,0.0,8.908429549592256e-13,0.040851958096027374,1,0,0,0,1,0.0,0,causal_season,2026,causal_season_seed_2026,False
72,2025-03-14,3,2,30208.03188291687,30208.03188291687,0.0,0,15230.27710010515,13204.629134151714,12152.9579336301,1435.1419441973135,1964.9502131694512,15657.33465136714,0.0,0.0,0.0,15657.334651367135,0,0.0,6.252776074688882e-13,0.05936120799742639,1,0,0,0,1,0.0,0,causal_season,2026,causal_season_seed_2026,False
73,2025-03-15,3,2,29998.9033678127,29998.9033678127,0.0,0,14358.309713461542,13552.376166933354,8268.84467128451,1964.9502131694512,1300.980028269631,15469.494994414477,0.0,0.0,0.0,15469.494994414477,0,0.0,9.094947017729282e-13,0.04979979095514864,1,0,0,0,1,0.0,0,causal_season,2026,causal_season_seed_2026,False
74,2025-03-16,3,2,71887.25639678338,71887.25639678338,1.6399999999999864,10,20363.308716617932,17990.420313982355,6164.9610608144785,1300.980028269631,1655.7428154562378,43228.14495352567,0.0,0.0,7.461179999999938,43235.60613352566,0,0.0,9.094947017729282e-13,0.020855874987319112,1,0,0,0,1,0.0,0,causal_season,2026,causal_season_seed_2026,False
75,2025-03-17,3,2,68975.14907110346,68975.14907110346,0.0,0,19399.86008376488,17142.98699357873,8860.144547583983,1655.7428154562378,1989.7711286571182,41470.102035656724,0.0,0.0,0.0,41470.10203565673,0,0.0,9.023892744153272e-13,0.016546959057450294,1,0,0,0,1,0.0,0,causal_season,2026,causal_season_seed_2026,False
76,2025-03-18,3,2,63677.4182053044,63677.4182053044,1256.8949867825363,80,20915.225817532002,19139.112152671638,2032.2411605599073,1989.7711286571182,1657.300938087744,38149.39282294683,0.0,0.0,6362.888099262594,44512.280922209415,0,0.0,8.810729923425242e-13,0.0585470839869231,1,0,0,0,1,0.0,0,causal_season,2026,causal_season_seed_2026,False
77,2025-03-19,3,2,68168.42020252149,68168.42020252149,0.0,0,21008.072017252423,18417.8450512563,6112.72278652537,1657.300938087744,2173.1946670873126,40987.95765766139,0.0,0.0,0.0,40987.957657661405,0,0.0,8.952838470577262e-13,0.033945417031645775,1,0,0,0,1,0.0,0,causal_season,2026,causal_season_seed_2026,False
78,2025-03-20,3,2,65777.44479231528,65777.44479231528,301.0367905527291,10,20396.076195350714,18906.765441693737,2380.2090125443583,2173.1946670873126,1593.1308386116507,39695.44844572023,0.0,0.0,2100.032650895838,41795.48109661607,0,0.0,8.828493491819245e-13,0.03900649992283434,1,0,0,0,1,0.0,0,causal_season,2026,causal_season_seed_2026,False
79,2025-03-21,3,2,29897.106754339522,29897.106754339522,0.0,0,14552.404220496226,13091.075630900774,16402.31364807741,1593.1308386116507,1599.5483306854999,15511.847435690812,0.0,0.0,0.0,15511.847435690808,0,0.0,7.389644451905042e-13,0.059598333085887134,1,0,0,0,1,0.0,0,causal_season,2026,causal_season_seed_2026,False
80,2025-03-22,3,2,29892.327696628017,29892.327696628017,0.0,0,14550.226316207634,12426.222441720369,11887.12408880742,1599.5483306854999,2304.716477148305,15322.858349921737,0.0,0.0,0.0,15322.858349921737,0,0.0,7.958078640513122e-13,0.05058504198677838,1,0,0,0,1,0.0,0,causal_season,2026,causal_season_seed_2026,False
81,2025-03-23,3,2,67090.5757588769,67090.5757588769,21.208461728616953,10,20093.25872254608,18783.77833408663,7032.583715479406,2304.716477148305,1567.0145641565848,40255.92704377291,0.0,0.0,147.95022901883186,40403.87727279176,0,0.0,8.43769498715119e-13,0.04342191596515477,1,0,0,0,1,0.0,0,causal_season,2026,causal_season_seed_2026,False
82,2025-03-24,3,2,64179.80952621061,64179.80952621061,228.9630936853302,10,20915.31940454312,19098.61138892261,4593.567520942099,1567.0145641565848,1277.3247114960045,38217.0715694065,0.0,0.0,1597.2465415488634,39814.31811095536,0,0.0,8.526512829121202e-13,0.04033179196994752,1,0,0,0,1,0.0,0,causal_season,2026,causal_season_seed_2026,False
83,2025-03-25,3,2,64486.917699829246,64486.917699829246,50.852955792566505,20,22090.903269778177,19684.496447740526,1181.239116917499,1277.3247114960045,1485.3145595994833,38501.28546726697,0.0,0.0,245.5293437649421,38746.8148110319,0,0.0,8.952838470577262e-13,0.06509904190897942,1,0,0,0,1,0.0,0,causal_season,2026,causal_season_seed_2026,False
84,2025-03-26,3,2,66641.3377818193,66641.3377818193,0.0,0,20294.687385790585,18141.297899809546,8895.393429171585,1485.3145595994833,1615.9384966463736,39689.856799224435,0.0,0.0,0.0,39689.85679922445,0,0.0,9.059419880941277e-13,0.03235658293124288,1,0,0,0,1,0.0,0,causal_season,2026,causal_season_seed_2026,False
85,2025-03-27,3,2,61695.25252658315,61695.25252658315,243.66044606025793,60,20382.81778249483,18628.888765651805,1467.9945558003867,1615.9384966463736,1316.2043683120924,36882.94148807703,0.0,0.0,1430.4773831834177,38313.41887126045,0,0.0,8.29558643999917e-13,0.042805416975170374,1,0,0,0,1,0.0,0,causal_season,2026,causal_season_seed_2026,False
86,2025-03-28,3,2,29829.81446456635,29829.81446456635,0.0,0,14675.210702069659,12471.547175197664,16804.27017102769,1316.2043683120924,2092.166650116526,15261.221246763647,0.0,0.0,0.0,15261.221246763653,0,0.0,8.526512829121202e-13,0.047899542027153075,1,0,0,0,1,0.0,0,causal_season,2026,causal_season_seed_2026,False
87,2025-03-29,3,2,28487.58858648198,28487.58858648198,0.0,0,13357.640302707425,12333.049099727386,19755.78820016861,2092.166650116526,1764.1616900522495,14404.28832670784,0.0,0.0,0.0,14404.288326707832,0,0.0,8.455458555545192e-13,0.04589924996253103,1,0,0,0,1,0.0,0,causal_season,2026,causal_season_seed_2026,False
88,2025-03-30,3,2,59769.8651688567,59769.8651688567,0.0,0,20650.492689640167,18589.491290611986,2363.244069828512,1764.1616900522495,1759.894860495798,35992.20014366912,0.0,0.0,0.0,35992.20014366911,0,0.0,9.094947017729282e-13,0.040519915986806154,1,0,0,0,1,0.0,0,causal_season,2026,causal_season_seed_2026,False
89,2025-03-31,3,2,60629.014329655205,60629.014329655205,4.849286874067161,10,19838.989581261885,17933.315634940107,1776.8001868741626,1759.894860495798,1677.438458063957,36120.28590648812,0.0,0.0,33.82862523349252,36154.1145317216,0,0.0,9.094947017729282e-13,0.04216366703622043,1,0,0,0,1,0.0,0,causal_season,2026,causal_season_seed_2026,False
90,2025-04-01,4,2,65045.94043935304,65045.94043935304,0.0,0,20244.067723681765,17958.106947227505,2551.128146232113,1677.438458063957,1953.140586080301,38754.67557107775,0.0,0.0,0.0,38754.675571077765,0,0.0,9.094947017729282e-13,0.031397582963109016,1,0,0,0,1,0.0,0,causal_season,2026,causal_season_seed_2026,False
91,2025-04-02,4,2,65976.70926108817,65976.70926108817,1204.2061887150683,90,20695.452563476996,18782.529302583658,4832.656788909895,1953.140586080301,1788.0465069748614,39013.50498795304,0.0,0.0,5923.50769853572,44937.01268648876,0,0.0,8.5131901528257e-13,0.042461083037778735,1,0,0,0,1,0.0,0,causal_season,2026,causal_season_seed_2026,False
92,2025-04-03,4,2,66443.7506361509,66443.7506361509,267.606057663565,10,19373.58331679353,17643.557090096954,9117.80020045122,1788.0465069748614,1569.4992790339604,39336.153501430585,0.0,0.0,1866.8198582610296,41202.97335969162,0,0.0,8.775202786637237e-13,0.04343137494288385,1,0,0,0,1,0.0,0,causal_season,2026,causal_season_seed_2026,False
93,2025-04-04,4,2,28920.764352428163,28920.764352428163,0.0,0,13868.377012353805,11965.532069139146,20587.117159213507,1569.4992790339604,2113.4186702993434,14604.864480468786,0.0,0.0,0.0,14604.864480468785,0,0.0,7.389644451905042e-13,0.053488500067032874,1,0,0,0,1,0.0,0,causal_season,2026,causal_season_seed_2026,False
94,2025-04-05,4,2,27809.28720345404,27809.28720345404,0.0,0,12843.992510854176,11926.81273366249,14847.99244292902,2113.4186702993434,1726.3353574083633,13972.018369012094,0.0,0.0,0.0,13972.018369012094,0,0.0,7.389644451905042e-13,0.07654833293054253,1,0,0,0,1,0.0,0,causal_season,2026,causal_season_seed_2026,False
95,2025-04-06,4,2,64337.072927481,64337.072927481,0.0,0,19721.257639693515,17729.957780940727,7935.69680206154,1726.3353574083633,1746.546627937569,38152.48375196997,0.0,0.0,0.0,38152.48375196995,0,0.0,8.952838470577262e-13,0.031820959062315524,1,0,0,0,1,0.0,0,causal_season,2026,causal_season_seed_2026,False
96,2025-04-07,4,2,61498.09994584936,61498.09994584936,0.0,0,19523.444357705484,17645.494749735615,6377.431054546158,1746.546627937569,1668.1275939421796,36472.59873824929,0.0,0.0,0.0,36472.598738249275,0,0.0,8.526512829121202e-13,0.03235250001307577,1,0,0,0,1,0.0,0,causal_season,2026,causal_season_seed_2026,False
97,2025-04-08,4,2,61996.39575798456,61996.39575798456,296.6547887150683,50,20674.484779984996,18908.793153541286,6174.165303589252,1668.1275939421796,1350.047943784031,36783.94583460135,0.0,0.0,1503.2589461190537,38287.2047807204,0,0.0,8.171241461241152e-13,0.03279862506315112,1,0,0,0,1,0.0,0,causal_season,2026,causal_season_seed_2026,False
98,2025-04-09,4,2,62856.3114207112,62856.3114207112,0.0,0,20140.013392306286,17757.955692102805,1339.9427038410513,1350.047943784031,1738.013413113139,37492.694470716255,0.0,0.0,0.0,37492.69447071623,0,0.0,9.094947017729282e-13,0.03472216601949185,1,0,0,0,1,0.0,0,causal_season,2026,causal_season_seed_2026,False
99,2025-04-10,4,2,65566.95865416099,65566.95865416099,120.67924143452875,50,19726.04669308705,17897.986574785547,9398.939877294004,1738.013413113139,1585.650078263432,38586.980403863316,0.0,0.0,726.2491814238012,39313.2295852871,0,0.0,9.094947017729282e-13,0.05533204192761332,1,0,0,0,1,0.0,0,causal_season,2026,causal_season_seed_2026,False
100,2025-04-11,4,2,28414.05287690655,28414.05287690655,0.0,0,13351.868201446208,11750.90080498305,21496.435313776718,1585.650078263432,1865.8074045963597,14388.322150909633,0.0,0.0,0.0,14388.32215090963,0,0.0,9.094947017729282e-13,0.04476749990135431,1,0,0,0,1,0.0,0,causal_season,2026,causal_season_seed_2026,False
101,2025-04-12,4,2,27491.96695438194,27491.96695438194,0.0,0,12583.58195814522,11139.851285059794,17023.075731296518,1865.8074045963597,2061.2071524909734,13757.547292709967,0.0,0.0,0.0,13757.547292709969,0,0.0,8.988365607365267e-13,0.04688174999319017,1,0,0,0,1,0.0,0,causal_season,2026,causal_season_seed_2026,False
102,2025-04-13,4,2,61338.079265234504,61338.079265234504,0.0,0,19823.224181359805,18153.55075573898,5392.047356280342,2061.2071524909734,1731.6461776560352,36250.54000907829,0.0,0.0,0.0,36250.5400090783,0,0.0,9.043876758596525e-13,0.06375774997286499,1,0,0,0,1,0.0,0,causal_season,2026,causal_season_seed_2026,False
103,2025-04-14,4,2,61194.01487364857,61194.01487364857,0.0,0,19751.467812024122,17744.569495582065,6659.084757206512,1731.6461776560352,1765.1152345108294,36016.244062621096,0.0,0.0,0.0,36016.2440626211,0,0.0,8.526512829121202e-13,0.04957341693807393,1,0,0,0,1,0.0,0,causal_season,2026,causal_season_seed_2026,False
104,2025-04-15,4,2,60062.064770102355,60062.064770102355,0.0,0,19178.794795613103,16960.964998933097,7704.806140089015,1765.1152345108294,2081.2906301724556,35411.08910895902,0.0,0.0,0.0,35411.08910895902,0,0.0,8.739675649849232e-13,0.036782040959224105,1,0,0,0,1,0.0,0,causal_season,2026,causal_season_seed_2026,False
105,2025-04-16,4,2,58729.11943042148,58729.11943042148,0.0,0,19385.28492272834,17652.649962817763,1216.8925205109012,2081.2906301724556,1864.25979091835,35006.39643938262,0.0,0.0,0.0,35006.39643938261,0,0.0,8.135714324453147e-13,0.06905858404934406,1,0,0,0,1,0.0,0,causal_season,2026,causal_season_seed_2026,False
106,2025-04-17,4,2,62208.27176296435,62208.27176296435,0.0,0,19011.17950911401,17243.11508828039,7571.86499213073,1864.25979091835,1724.0090556611813,36563.55551625101,0.0,0.0,0.0,36563.55551625102,0,0.0,8.881784197001252e-13,0.05121245898772031,1,0,0,0,1,0.0,0,causal_season,2026,causal_season_seed_2026,False
107,2025-04-18,4,2,27858.085619308582,27858.085619308582,0.0,0,13235.535775263588,11191.059740274293,19459.492400985953,1724.0090556611813,2483.9280496440956,13975.93669105327,0.0,0.0,0.0,13975.936691053266,0,0.0,9.094947017729282e-13,0.04795849998481572,1,0,0,0,1,0.0,0,causal_season,2026,causal_season_seed_2026,False
108,2025-04-19,4,2,25877.171724510095,25877.171724510095,0.0,0,12093.508466381947,11253.154203623417,18252.13821175156,2483.9280496440956,2094.9714983503904,12845.195579781428,0.0,0.0,0.0,12845.195579781428,0,0.0,8.526512829121202e-13,0.050271833897568285,1,0,0,0,1,0.0,0,causal_season,2026,causal_season_seed_2026,False
109,2025-04-20,4,2,59765.264511805915,59765.264511805915,0.0,0,19485.764739179533,17648.914603827576,5970.669493120629,2094.9714983503904,1977.2015968504995,35273.53509484229,0.0,0.0,0.0,35273.535094842315,0,0.0,8.704148513061227e-13,0.05364762502722442,1,0,0,0,1,0.0,0,causal_season,2026,causal_season_seed_2026,False
110,2025-04-21,4,2,60017.16159920407,60017.16159920407,0.0,0,18173.91002999815,16577.476529417316,9903.8177152899,1977.2015968504995,1744.2919389351164,35529.888109691834,0.0,0.0,0.0,35529.88810969185,0,0.0,8.846257060213247e-13,0.0519085000269115,1,0,0,0,1,0.0,0,causal_season,2026,causal_season_seed_2026,False
111,2025-04-22,4,2,55386.265070716996,55386.265070716996,0.0,0,19126.792511000887,17209.332507126295,1315.8757501757348,1744.2919389351164,1749.3312948343187,33022.318775816,0.0,0.0,0.0,33022.318775816,0,0.0,9.094947017729282e-13,0.03254245803691447,1,0,0,0,1,0.0,0,causal_season,2026,causal_season_seed_2026,False
112,2025-04-23,4,2,60225.62869937156,60225.62869937156,0.0,0,18768.95517420357,16509.15373947278,6565.910547974105,1749.3312948343187,2152.9495709200105,35302.89366213051,0.0,0.0,0.0,35302.89366213049,0,0.0,8.668621376273222e-13,0.031964041059836745,1,0,0,0,1,0.0,0,causal_season,2026,causal_season_seed_2026,False
113,2025-04-24,4,2,57895.41551437303,57895.41551437303,0.0,0,17705.161837386866,16476.96002121737,9577.106998203533,2152.9495709200105,1581.3000344692148,34009.60177683291,0.0,0.0,0.0,34009.601776832926,0,0.0,8.739675649849232e-13,0.03865737502928823,1,0,0,0,1,0.0,0,causal_season,2026,causal_season_seed_2026,False
114,2025-04-25,4,2,26283.459312234714,26283.459312234714,0.0,0,12271.424305402772,10864.084184248395,22875.761541080337,1581.3000344692148,1771.2450782835153,12822.855239573924,0.0,0.0,0.0,12822.855239573924,0,0.0,7.958078640513122e-13,0.04397154098842293,1,0,0,0,1,0.0,0,causal_season,2026,causal_season_seed_2026,False
115,2025-04-26,4,2,25676.63122418343,25676.63122418343,0.0,0,12186.997400684508,11194.858615787387,24614.298805952978,1771.2450782835153,1532.4288625486147,12361.916135186864,0.0,0.0,0.0,12361.916135186866,0,0.0,9.094947017729282e-13,0.06707150000147521,1,0,0,0,1,0.0,0,causal_season,2026,causal_season_seed_2026,False
116,2025-04-27,4,2,54342.6498678642,54342.6498678642,28.826230515742736,10,19223.585796573843,17329.55405840291,3903.973176875682,1532.4288625486147,1502.5697498766983,32401.74491855921,0.0,0.0,201.09178407782133,32602.83670263703,0,0.0,9.094947017729282e-13,0.05201416602358222,1,0,0,0,1,0.0,0,causal_season,2026,causal_season_seed_2026,False
117,2025-04-28,4,2,58042.76913470874,58042.76913470874,1397.4790972506657,40,18074.253068033257,16095.898948018086,839.9267952775697,1502.5697498766983,1682.7445390430016,34462.07018096975,0.0,0.0,9511.80054184468,43973.870722814434,0,0.0,8.881784197001252e-13,0.03414341597817838,1,0,0,0,1,0.0,0,causal_season,2026,causal_season_seed_2026,False
118,2025-04-29,4,2,64048.98996317916,64048.98996317916,0.0,0,17542.531601595623,15466.719720959903,14539.964365876784,1682.7445390430016,2021.6971917743645,37293.81853707581,0.0,0.0,0.0,37293.81853707579,0,0.0,9.094947017729282e-13,0.05201145797036588,1,0,0,0,1,0.0,0,causal_season,2026,causal_season_seed_2026,False
119,2025-04-30,4,2,56207.11130503573,56207.11130503573,0.0,0,17437.386767871227,15980.723274776785,6493.593378607953,2021.6971917743645,1719.0933783810012,33605.28089244597,0.0,0.0,0.0,33605.28089244597,0,0.0,9.094947017729282e-13,0.0499287499114871,1,0,0,0,1,0.0,0,causal_season,2026,causal_season_seed_2026,False
120,2025-05-01,5,2,55241.61107714192,55241.61107714192,2917.108139215676,210,18620.636926871506,17237.427469691967,5764.130959178053,1719.0933783810012,1214.3366945734163,32489.642902076474,0.0,0.0,16174.06754909248,48663.710451168954,0,0.0,8.739675649849232e-13,0.04665683291386813,1,0,0,0,1,0.0,0,causal_season,2026,causal_season_seed_2026,False
121,2025-05-02,5,2,26709.11243266776,26709.11243266776,1858.512816494637,160,12967.150031852738,11684.03601135852,12994.191145334848,1214.3366945734163,1200.0,13155.9698088319,0.0,0.0,8835.915323075746,21991.885131907646,0,0.0,8.526512829121202e-13,0.05399295792449266,1,0,0,0,1,0.0,0,causal_season,2026,causal_season_seed_2026,False
122,2025-05-03,5,2,27234.857630671206,27234.857630671206,1349.0198117856924,130,12731.784302286702,11458.605872058033,18443.527362228233,1200.0,1200.0,13458.105562525074,0.0,0.0,6280.008004421146,19738.11356694622,0,0.0,9.094947017729282e-13,0.03736670804210007,1,0,0,0,1,0.0,0,causal_season,2026,causal_season_seed_2026,False
123,2025-05-04,5,2,58888.82503217329,58888.82503217329,1949.9962437437553,200,17281.267204091408,15515.209260728107,7338.095999220408,1200.0,1239.9830196569285,34655.93331650494,0.0,0.0,10475.245100860917,45131.17841736585,0,0.0,9.094947017729282e-13,0.05592108401469886,1,0,0,0,1,0.0,0,causal_season,2026,causal_season_seed_2026,False
124,2025-05-05,5,2,58308.356938571305,58308.356938571305,1993.7791606158669,200,20027.46188699728,18048.19495263583,3246.862364825718,1239.9830196569285,1215.2337124998205,34076.69081521142,0.0,0.0,11383.049866786707,45459.740681998126,0,0.0,9.094947017729282e-13,0.06629454204812646,1,0,0,0,1,0.0,0,causal_season,2026,causal_season_seed_2026,False
125,2025-05-06,5,2,59885.98945410533,59885.98945410533,1971.483568859247,190,19678.613686563825,17725.204286523323,7033.981256257412,1215.2337124998205,1200.0,34991.887999090795,0.0,0.0,9780.972883462238,44772.86088255304,0,0.0,8.388845174067683e-13,0.058916165959089994,1,0,0,0,1,0.0,0,causal_season,2026,causal_season_seed_2026,False
126,2025-05-07,5,2,58756.233808064804,58756.233808064804,2538.4738935097175,180,19265.724119726154,17250.547911024933,4211.685542873292,1200.0,1293.3966023336552,34390.21353273079,0.0,0.0,14904.80026464898,49295.01379737977,0,0.0,8.86402062860725e-13,0.05262883403338492,1,0,0,0,1,0.0,0,causal_season,2026,causal_season_seed_2026,False
127,2025-05-08,5,2,61528.03036831484,61528.03036831484,94.56842666706268,30,19366.43775907677,17161.369002419917,3591.017638325051,1293.3966023336552,1576.3413756850694,37345.40441651429,0.0,0.0,638.9905566544293,37984.39497316872,0,0.0,9.059419880941277e-13,0.06924541597254574,1,0,0,0,1,0.0,0,causal_season,2026,causal_season_seed_2026,False
128,2025-05-09,5,2,28258.66539696596,28258.66539696596,0.0,0,13285.126482011658,11467.182667083855,17941.335732038155,1576.3413756850694,2092.2471239283327,14527.347210943937,0.0,0.0,0.0,14527.347210943935,0,0.0,7.958078640513122e-13,0.051199707901105285,1,0,0,0,1,0.0,0,causal_season,2026,causal_season_seed_2026,False
129,2025-05-10,5,2,28381.60738997178,28381.60738997178,0.0,0,11957.06262796299,11070.444285628057,15373.943764303513,2092.2471239283327,1766.4398486273772,14867.399359583675,0.0,0.0,0.0,14867.399359583675,0,0.0,8.348877145181177e-13,0.09158754197414964,1,0,0,0,1,0.0,0,causal_season,2026,causal_season_seed_2026,False
130,2025-05-11,5,2,65183.11527522002,65183.11527522002,98.41573414980712,30,17941.578354526893,16214.75697122737,8070.630542736974,1766.4398486273772,1695.4609958410574,39164.356800303765,0.0,0.0,676.6325214207211,39840.9893217245,0,0.0,9.094947017729282e-13,0.014934042003005743,1,0,0,0,1,0.0,0,causal_season,2026,causal_season_seed_2026,False
131,2025-05-12,5,2,63016.37393245206,63016.37393245206,0.0,0,17007.665641446085,15079.325747697796,9156.83880537044,1695.4609958410574,1935.344347926342,37622.68409762929,0.0,0.0,0.0,37622.684097629295,0,0.0,8.171241461241152e-13,0.032422207994386554,1,0,0,0,1,0.0,0,causal_season,2026,causal_season_seed_2026,False
132,2025-05-13,5,2,60559.25299359206,60559.25299359206,0.0,0,18451.697077776967,16460.98087170502,5439.324020853443,1935.344347926342,2088.763827950232,36505.93940987384,0.0,0.0,0.0,36505.93940987385,0,0.0,9.094947017729282e-13,0.03307329199742526,1,0,0,0,1,0.0,0,causal_season,2026,causal_season_seed_2026,False
133,2025-05-14,5,2,62229.60323174869,62229.60323174869,0.0,0,17773.04712224204,16105.349503667003,7547.756829840325,2088.763827950232,1973.2278067359823,37357.2710987719,0.0,0.0,0.0,37357.271098771904,0,0.0,8.895106873296754e-13,0.057281874935142696,1,0,0,0,1,0.0,0,causal_season,2026,causal_season_seed_2026,False
134,2025-05-15,5,2,60401.62737708086,60401.62737708086,0.0,0,18564.508106848367,16881.5089913905,5953.569978289663,1973.2278067359823,1790.3936664244618,36232.64266048189,0.0,0.0,0.0,36232.642660481884,0,0.0,7.958078640513122e-13,0.05427399999462068,1,0,0,0,1,0.0,0,causal_season,2026,causal_season_seed_2026,False
135,2025-05-16,5,2,27742.533632122486,27742.533632122486,0.0,0,11466.618997569834,10672.316776682375,24232.724877901695,1790.3936664244618,1418.9739528133914,14460.049920895244,0.0,0.0,0.0,14460.049920895242,0,0.0,8.526512829121202e-13,0.07692537503316998,1,0,0,0,1,0.0,0,causal_season,2026,causal_season_seed_2026,False
136,2025-05-17,5,2,27806.47712698664,27806.47712698664,71.7181650460692,10,12424.665529653426,11013.218313517928,16017.948992563877,1418.9739528133914,1597.0952115278653,14251.302713541683,0.0,0.0,438.413142926621,14689.715856468305,0,0.0,9.094947017729282e-13,0.04747004108503461,1,0,0,0,1,0.0,0,causal_season,2026,causal_season_seed_2026,False
137,2025-05-18,5,2,63725.0860074324,63725.0860074324,5.236666666666679,10,18637.65645789035,16293.533473106549,7710.031589315257,1597.0952115278653,2103.4363055282224,38501.697292779085,0.0,0.0,35.318698333333415,38537.01599111242,0,0.0,9.094947017729282e-13,0.03274787496775389,1,0,0,0,1,0.0,0,causal_season,2026,causal_season_seed_2026,False
138,2025-05-19,5,2,60529.393732307886,60529.393732307886,79.23649999999998,20,17016.96254011301,15869.100454162482,11945.551596357356,2103.4363055282224,1519.6438331627128,36126.89471294133,0.0,0.0,533.8661983333332,36660.76091127466,0,0.0,9.094947017729282e-13,0.05632791598327458,1,0,0,0,1,0.0,0,causal_season,2026,causal_season_seed_2026,False
139,2025-05-20,5,2,57608.062106992256,57608.062106992256,0.0,0,18169.966548348937,16563.54318043118,1474.2439224078375,1519.6438331627128,1297.6800994806065,34734.83601199243,0.0,0.0,0.0,34734.83601199243,0,0.0,9.094947017729282e-13,0.040880291955545545,1,0,0,0,1,0.0,0,causal_season,2026,causal_season_seed_2026,False
140,2025-05-21,5,2,63209.02763980722,63209.02763980722,0.0,0,17332.918032725094,15282.612875772578,9796.107199521366,1297.6800994806065,1631.8415149197253,37653.17191754713,0.0,0.0,0.0,37653.171917547144,0,0.0,8.828493491819245e-13,0.057926416979171336,1,0,0,0,1,0.0,0,causal_season,2026,causal_season_seed_2026,False
141,2025-05-22,5,2,58470.06207866939,58470.06207866939,143.55417905018749,20,17778.598666526927,15838.224441987291,5856.6112165132745,1631.8415149197253,1803.1466893872223,35285.38717578571,0.0,0.0,1000.838998054108,36286.22617383982,0,0.0,8.917311333789257e-13,0.032775791944004595,1,0,0,0,1,0.0,0,causal_season,2026,causal_season_seed_2026,False
142,2025-05-23,5,2,27175.70878977861,27175.70878977861,0.0,0,12334.700280904039,10788.807225872053,19208.866851413295,1803.1466893872223,2132.469475593739,14050.043071433169,0.0,0.0,0.0,14050.043071433167,0,0.0,7.958078640513122e-13,0.06767454196233302,1,0,0,0,1,0.0,0,causal_season,2026,causal_season_seed_2026,False
143,2025-05-24,5,2,27340.230374218285,27340.230374218285,0.0,0,11565.845563823435,10406.271253303117,22426.154680364634,2132.469475593739,2135.620953167046,14218.059855080326,0.0,0.0,0.0,14218.059855080322,0,0.0,7.958078640513122e-13,0.05123408406507224,1,0,0,0,1,0.0,0,causal_season,2026,causal_season_seed_2026,False
144,2025-05-25,5,2,58247.2145292569,58247.2145292569,39.37676454656287,10,16638.664102761075,15370.190329719053,8473.107337428102,2135.620953167046,1718.8405185935792,34871.176298638056,0.0,0.0,183.73198337426234,35054.908282012315,0,0.0,9.00612917575927e-13,0.035847167018800974,1,0,0,0,1,0.0,0,causal_season,2026,causal_season_seed_2026,False
145,2025-05-26,5,2,56362.81264701613,56362.81264701613,686.7322158765386,10,17587.294276921086,15961.966200444036,844.3838364156244,1718.8405185935792,1578.223147665697,34234.09449877364,0.0,0.0,4790.643937954734,39024.73843672836,0,0.0,9.094947017729282e-13,0.05020820803474635,1,0,0,0,1,0.0,0,causal_season,2026,causal_season_seed_2026,False
146,2025-05-27,5,2,63567.59634100342,63567.59634100342,0.0,0,17343.489505177145,15379.66290673623,12213.4024425625,1578.223147665697,1820.1138275108817,37753.5882307881,0.0,0.0,0.0,37753.58823078808,0,0.0,9.094947017729282e-13,0.0335971669992432,1,0,0,0,1,0.0,0,causal_season,2026,causal_season_seed_2026,False
147,2025-05-28,5,2,58402.35955378268,58402.35955378268,0.0,0,18431.500179633884,16416.381870375364,4113.4171445241545,1820.1138275108817,2001.3843227841842,35145.34555169555,0.0,0.0,0.0,35145.34555169557,0,0.0,9.094947017729282e-13,0.03318437503185123,1,0,0,0,1,0.0,0,causal_season,2026,causal_season_seed_2026,False
148,2025-05-29,5,2,58853.631425273685,58853.631425273685,194.16666618446035,60,18807.492719611473,17352.82327460771,3483.0051464543812,2001.3843227841842,1552.2567500389398,35064.84536159608,0.0,0.0,1110.6769384938264,36175.52230008991,0,0.0,8.988365607365267e-13,0.04088416590820998,1,0,0,0,1,0.0,0,causal_season,2026,causal_season_seed_2026,False
149,2025-05-30,5,2,27364.159697768635,27364.159697768635,0.0,0,12391.62400249549,10848.638460636137,19224.940889242615,1552.2567500389398,1872.514461157221,13994.036208310057,0.0,0.0,0.0,13994.036208310055,0,0.0,8.526512829121202e-13,0.05341783293988556,1,0,0,0,1,0.0,0,causal_season,2026,causal_season_seed_2026,False
150,2025-05-31,5,2,27470.995106769773,27470.995106769773,0.0,0,12311.525186541545,10911.647862232883,17681.936232461114,1872.514461157221,2050.366022369716,14261.549101465156,0.0,0.0,0.0,14261.549101465152,0,0.0,7.958078640513122e-13,0.06050091702491045,1,0,0,0,1,0.0,0,causal_season,2026,causal_season_seed_2026,False
151,2025-06-01,6,2,61055.72859257472,61055.72859257472,10851.498626785487,370,14672.165023688362,14011.676563971329,21.912459643174316,2050.366022369716,1200.0,36698.39551032214,0.0,0.0,65391.979493724546,102090.37500404668,0,0.0,8.242295734817162e-13,0.05843154201284051,1,0,0,0,1,0.0,0,causal_season,2026,causal_season_seed_2026,False
152,2025-06-02,6,2,69107.91583736296,69107.91583736296,5504.380407343603,310,20735.61219372379,18662.050974351416,3897.9275753341904,1200.0,1200.0,41107.25540498626,0.0,0.0,31720.21393008838,72827.46933507465,0,0.0,9.094947017729282e-13,0.01604162494186312,1,0,0,0,1,0.0,0,causal_season,2026,causal_season_seed_2026,False
153,2025-06-03,6,2,68030.91323521368,68030.91323521368,2873.156538215524,320,20938.29232231588,18844.46309008429,617.8737078642722,1200.0,1200.0,41093.01837734489,0.0,0.0,14669.7100095583,55762.72838690319,0,0.0,9.094947017729282e-13,0.015091707929968834,1,0,0,0,1,0.0,0,causal_season,2026,causal_season_seed_2026,False
154,2025-06-04,6,2,67701.23020949842,67701.23020949842,4302.151150524733,290,19480.631544023876,17532.568389621487,410.0573889540955,1200.0,1200.0,40377.98729436262,0.0,0.0,24240.60719120392,64618.59448556652,0,0.0,9.094947017729282e-13,0.04239445808343589,1,0,0,0,1,0.0,0,causal_season,2026,causal_season_seed_2026,False
155,2025-06-05,6,2,68348.75907090997,68348.75907090997,5282.5472363321405,370,20808.136450631035,18727.322805567936,401.1746455123522,1200.0,1200.0,40985.88291376223,0.0,0.0,28477.211375251616,69463.09428901384,0,0.0,8.810729923425242e-13,0.019252542057074606,1,0,0,0,1,0.0,0,causal_season,2026,causal_season_seed_2026,False
156,2025-06-06,6,2,29227.811859323592,29227.811859323592,5654.562857536575,300,13135.818293989803,11822.23646459082,2713.7974874611864,1200.0,1200.0,15189.898195383761,0.0,0.0,30949.878579434095,46139.77677481785,0,0.0,8.526512829121202e-13,0.061991541064344347,1,0,0,0,1,0.0,0,causal_season,2026,causal_season_seed_2026,False
157,2025-06-07,6,2,30707.830314653438,30707.830314653438,3387.994694496729,260,13188.988553546638,11849.903488399455,1630.2267773363192,1200.0,1221.278133423448,16363.814288283387,0.0,0.0,16773.426410921737,33137.240699205126,0,0.0,8.810729923425242e-13,0.04284404206555337,1,0,0,0,1,0.0,0,causal_season,2026,causal_season_seed_2026,False
158,2025-06-08,6,2,83366.13243356218,83366.13243356218,0.0,0,17292.839896045276,14897.986851988491,15786.356122838733,1221.278133423448,1922.8495174880343,51626.67821013482,0.0,0.0,0.0,51626.67821013482,0,0.0,9.063860773039778e-13,0.013238874962553382,1,0,0,0,1,0.0,0,causal_season,2026,causal_season_seed_2026,False
159,2025-06-09,6,2,74026.65081542317,74026.65081542317,317.9224073889727,60,22283.223380833606,20178.831075358987,1307.468184004194,1922.8495174880343,1792.215792973853,45619.16572830949,0.0,0.0,2197.0057025562774,47816.17143086576,0,0.0,9.094947017729282e-13,0.014391083037480712,1,0,0,0,1,0.0,0,causal_season,2026,causal_season_seed_2026,False
160,2025-06-10,6,2,78185.0309686966,78185.0309686966,28.780241801057173,40,20779.937521165535,18682.965072318213,4498.394528317011,1792.215792973853,1812.2210958707913,48649.14732586762,0.0,0.0,193.99165156411098,48843.13897743173,0,0.0,9.094947017729282e-13,0.023410125053487718,1,0,0,0,1,0.0,0,causal_season,2026,causal_season_seed_2026,False
161,2025-06-11,6,2,79761.76745529604,79761.76745529604,1280.6012154145553,90,23960.673683416877,21413.135647438678,2410.384318065737,1812.2210958707913,1971.8851986833688,49187.20616502792,0.0,0.0,6247.916813526625,55435.12297855456,0,0.0,9.023892744153272e-13,0.015038124984130263,1,0,0,0,1,0.0,0,causal_season,2026,causal_season_seed_2026,False
162,2025-06-12,6,2,81886.71227774449,81886.71227774449,0.0,0,21055.55735238879,18688.1013605608,7066.864852583173,1971.8851986833688,2247.952308884735,51112.22149495404,0.0,0.0,0.0,51112.221494954036,0,0.0,9.094947017729282e-13,0.015441166004166007,1,0,0,0,1,0.0,0,causal_season,2026,causal_season_seed_2026,False
163,2025-06-13,6,2,35674.32355796815,35674.32355796815,0.0,0,12837.452174861477,11400.068901786737,5891.626584893407,2247.952308884735,2409.9010391979027,20834.485764574678,0.0,0.0,0.0,20834.485764574674,0,0.0,8.526512829121202e-13,0.08049770805519074,1,0,0,0,1,0.0,0,causal_season,2026,causal_season_seed_2026,False
164,2025-06-14,6,2,35838.67195017688,35838.67195017688,0.0,0,11898.157621135815,11064.516656015407,8811.688235056472,2409.9010391979027,2034.4598379823974,20712.758958975515,0.0,0.0,0.0,20712.758958975523,0,0.0,7.958078640513122e-13,0.07803125004284084,1,0,0,0,1,0.0,0,causal_season,2026,causal_season_seed_2026,False
165,2025-06-15,6,2,78538.53600230257,78538.53600230257,22.53178380205975,10,21869.237854695202,19261.84051995683,5326.696118032917,2034.4598379823974,2477.677875163928,48582.88594453877,0.0,0.0,151.965615852992,48734.851560391755,0,0.0,9.023892744153272e-13,0.01554745901376009,1,0,0,0,1,0.0,0,causal_season,2026,causal_season_seed_2026,False
166,2025-06-16,6,2,77875.08297312437,77875.08297312437,8.351703837920695,10,21957.377617187318,19896.293598731492,3128.2978418398043,2477.677875163928,2335.740367104477,48308.434713121314,0.0,0.0,56.42828698091117,48364.86300010221,0,0.0,9.094947017729282e-13,0.015357500058598816,1,0,0,0,1,0.0,0,causal_season,2026,causal_season_seed_2026,False
167,2025-06-17,6,2,79316.04723613604,79316.04723613604,323.9445654542269,20,22194.76584911291,20622.144337096095,3430.3590729067855,2335.740367104477,1653.8952516442182,49105.1827845417,0.0,0.0,2247.9534349880764,51353.13621952979,0,0.0,9.094947017729282e-13,0.015410916996188462,1,0,0,0,1,0.0,0,causal_season,2026,causal_season_seed_2026,False
168,2025-06-18,6,2,83080.83060151304,83080.83060151304,36.03600438104695,20,20748.963161963708,18055.443966100942,9494.956510031327,1653.8952516442182,2305.9810224569032,51596.55753163677,0.0,0.0,242.97808591355556,51839.53561755032,0,0.0,9.094947017729282e-13,0.015086625004187226,1,0,0,0,1,0.0,0,causal_season,2026,causal_season_seed_2026,False
169,2025-06-19,6,2,77828.7657885871,77828.7657885871,106.02803632783389,20,20275.357187776586,18551.303149197054,7951.235586335409,2305.9810224569032,1986.0832432699383,48208.57639684396,0.0,0.0,713.9026721801908,48922.479069024135,0,0.0,9.094947017729282e-13,0.018361666006967425,1,0,0,0,1,0.0,0,causal_season,2026,causal_season_seed_2026,False
170,2025-06-20,6,2,34425.290552063074,34425.290552063074,0.0,0,12026.241273710957,10546.177634702344,10544.64606305446,1986.0832432699383,2278.5301665030506,20001.41745809716,0.0,0.0,0.0,20001.41745809716,0,0.0,8.952838470577262e-13,0.04810187499970198,1,0,0,0,1,0.0,0,causal_season,2026,causal_season_seed_2026,False
171,2025-06-21,6,2,34365.73020839659,34365.73020839659,0.0,0,12763.002655701823,10885.87228656683,13153.8594392616,2278.5301665030506,2911.8607045229387,19834.13543267084,0.0,0.0,0.0,19834.13543267084,0,0.0,7.958078640513122e-13,0.06790837494190782,1,0,0,0,1,0.0,0,causal_season,2026,causal_season_seed_2026,False
172,2025-06-22,6,2,73227.63822387542,73227.63822387542,27.996132804874378,50,19252.645873131816,18182.488652092346,4728.136035640819,2911.8607045229387,2010.4983973853411,45369.67945818707,0.0,0.0,188.54027060158492,45558.21972878867,0,0.0,9.094947017729282e-13,0.016530290944501758,1,0,0,0,1,0.0,0,causal_season,2026,causal_season_seed_2026,False
173,2025-06-23,6,2,76572.26085684022,76572.26085684022,3.028747283107009,10,21058.31064948149,19073.091120799516,7528.7840754413555,2010.4983973853411,1883.3626751542963,47179.050271281754,0.0,0.0,20.42738605091522,47199.47765733267,0,0.0,8.952838470577262e-13,0.021661833976395428,1,0,0,0,1,0.0,0,causal_season,2026,causal_season_seed_2026,False
174,2025-06-24,6,2,76774.94704457231,76774.94704457231,2269.1714167506584,110,23197.1233751503,20890.78438148844,468.9872176610987,1883.3626751542963,1869.2659329847595,47618.293324057486,0.0,0.0,10921.045615969766,58539.33894002725,0,0.0,9.094947017729282e-13,0.016535709029994905,1,0,0,0,1,0.0,0,causal_season,2026,causal_season_seed_2026,False
175,2025-06-25,6,2,81924.58838547984,81924.58838547984,2.815758618399741,10,20386.75491721376,18152.759088287326,9255.986948505159,1869.2659329847595,2075.151645958123,50901.28363804327,0.0,0.0,18.958502777685457,50920.24214082093,0,0.0,9.094947017729282e-13,0.017258208943530917,1,0,0,0,1,0.0,0,causal_season,2026,causal_season_seed_2026,False
176,2025-06-26,6,2,76970.27699860258,76970.27699860258,55.2163072979522,30,20832.676127832994,19101.09008818915,7746.523432923348,2075.151645958123,1704.4467185475432,47439.26524410311,0.0,0.0,372.5083637486314,47811.77360785172,0,0.0,9.094947017729282e-13,0.025878624990582466,1,0,0,0,1,0.0,0,causal_season,2026,causal_season_seed_2026,False
177,2025-06-27,6,2,33186.08343566586,33186.08343566586,0.0,0,13017.393712004714,11075.816880791757,11472.860737786243,1704.4467185475432,2378.8946205263333,18680.85354329596,0.0,0.0,0.0,18680.85354329597,0,0.0,9.094947017729282e-13,0.06657625001389533,1,0,0,0,1,0.0,0,causal_season,2026,causal_season_seed_2026,False
178,2025-06-28,6,2,32934.560871966474,32934.560871966474,0.0,0,12056.103433795424,11148.931587048792,10250.462908553169,2378.8946205263333,2064.312823580839,18435.303042459986,0.0,0.0,0.0,18435.30304245999,0,0.0,8.562039965909207e-13,0.045212749973870814,1,0,0,0,1,0.0,0,causal_season,2026,causal_season_seed_2026,False
179,2025-06-29,6,2,74983.55803196887,74983.55803196887,0.0,0,20581.222799486502,18454.641169028513,3589.2078681775474,2064.312823580839,2136.4753151626105,46339.20658464632,0.0,0.0,0.0,46339.20658464631,0,0.0,8.810729923425242e-13,0.015043791965581477,1,0,0,0,1,0.0,0,causal_season,2026,causal_season_seed_2026,False
180,2025-06-30,6,2,76159.22169241763,76159.22169241763,72.59671546013703,20,21272.022081217438,19408.557154661066,4490.669497988061,2136.4753151626105,1858.4718106133678,46887.567788833825,0.0,0.0,489.01185964593896,47376.57964847975,0,0.0,9.094947017729282e-13,0.015854167053475976,1,0,0,0,1,0.0,0,causal_season,2026,causal_season_seed_2026,False
181,2025-07-01,7,2,80004.91989259905,80004.91989259905,3428.068849600003,360,21453.228915650576,19932.58723305149,3045.8030262666366,1858.4718106133678,1200.0,49605.184986890716,0.0,0.0,16761.133951274787,66366.31893816551,0,0.0,9.094947017729282e-13,0.020152666023932397,1,0,0,0,1,0.0,0,causal_season,2026,causal_season_seed_2026,False
182,2025-07-02,7,2,75159.29436008947,75159.29436008947,4008.9063492988444,340,20167.888836471273,18151.09995282414,4246.645459074525,1200.0,1200.0,45954.784141454205,0.0,0.0,21605.21037978457,67559.99452123878,0,0.0,9.094947017729282e-13,0.01525245897937566,1,0,0,0,1,0.0,0,causal_season,2026,causal_season_seed_2026,False
183,2025-07-03,7,2,69694.30760507137,69694.30760507137,11738.373146517113,450,16722.61818255155,15050.35636429639,0.0,1200.0,1200.0,43055.040581342655,0.0,0.0,70156.2415565296,113211.28213787224,0,0.0,5.684341886080801e-13,0.04440008301753551,1,0,0,0,1,0.0,0,causal_season,2026,causal_season_seed_2026,False
184,2025-07-04,7,2,34974.54535804959,34974.54535804959,5521.806558807033,490,12735.329790679627,11461.796811611657,10341.951471121987,1200.0,1200.0,19983.313000240545,0.0,0.0,21774.8138275718,41758.12682781233,0,0.0,9.094947017729282e-13,0.05424062500242144,1,0,0,0,1,0.0,0,causal_season,2026,causal_season_seed_2026,False
185,2025-07-05,7,2,35193.99342608453,35193.99342608453,5764.264833884511,480,12508.615699132508,11257.75412921925,10917.316723389118,1200.0,1200.0,19682.808343220036,0.0,0.0,26548.60319848978,46231.411541709815,0,0.0,9.094947017729282e-13,0.03906199999619275,1,0,0,0,1,0.0,0,causal_season,2026,causal_season_seed_2026,False
186,2025-07-06,7,2,71514.94004455644,71514.94004455644,10433.259413037122,420,18669.06804192275,16802.161237730474,287.3111034012844,1200.0,1200.0,44127.961291406,0.0,0.0,60934.720813023494,105062.68210442952,0,0.0,8.952838470577262e-13,0.044883665977977216,1,0,0,0,1,0.0,0,causal_season,2026,causal_season_seed_2026,False
187,2025-07-07,7,2,77081.85124297588,77081.85124297588,2803.038370029078,320,20346.834056145806,18262.028028011715,4390.600818204199,1200.0,1252.83388315416,47653.482503238614,0.0,0.0,13895.246939867542,61548.72944310618,0,0.0,9.094947017729282e-13,0.016383041976951063,1,0,0,0,1,0.0,0,causal_season,2026,causal_season_seed_2026,False
188,2025-07-08,7,2,84884.94351094431,84884.94351094431,63.73718323537469,20,22792.910718516236,19621.37068197233,6205.753640969106,1252.83388315416,2193.3468726057486,52999.37390651597,0.0,0.0,434.16271198406434,53433.536618500046,0,0.0,9.094947017729282e-13,0.015581000014208257,1,0,0,0,1,0.0,0,causal_season,2026,causal_season_seed_2026,False
189,2025-07-09,7,2,85399.02513328832,85399.02513328832,23.779066073895365,20,19166.965485658613,16768.637779651257,8965.751476688198,2193.3468726057486,2701.030689145167,54296.91004175843,0.0,0.0,160.35225396728745,54457.26229572572,0,0.0,9.094947017729282e-13,0.015613166033290327,1,0,0,0,1,0.0,0,causal_season,2026,causal_season_seed_2026,False
190,2025-07-10,7,2,84100.3714360372,84100.3714360372,13.872500731456284,20,19148.39149735441,17552.54070189824,9664.76975797916,2701.030689145167,2364.787440281429,53299.39444829926,0.0,0.0,93.47916544965244,53392.87361374892,0,0.0,9.094947017729282e-13,0.01556070800870657,1,0,0,0,1,0.0,0,causal_season,2026,causal_season_seed_2026,False
191,2025-07-11,7,2,44142.54598201612,44142.54598201612,0.0,0,13638.160268584197,11629.922317700666,9615.530881132585,2364.787440281429,3044.0677916372065,26834.547053730603,0.0,0.0,0.0,26834.547053730603,0,0.0,9.094947017729282e-13,0.07316404196899384,1,0,0,0,1,0.0,0,causal_season,2026,causal_season_seed_2026,False
192,2025-07-12,7,2,43543.174794596074,43543.174794596074,0.0,0,12428.43772844985,11579.915136649215,11610.408869462102,3044.0677916372065,2628.4167710546185,26157.554363285555,0.0,0.0,0.0,26157.55436328556,0,0.0,9.094947017729282e-13,0.045330666936933994,1,0,0,0,1,0.0,0,causal_season,2026,causal_season_seed_2026,False
193,2025-07-13,7,2,86964.37434525928,86964.37434525928,70.04672552018928,30,17926.60054907051,16174.290918014805,16014.39103972376,2628.4167710546185,2585.8836897468054,55273.56636186668,0.0,0.0,471.40814564835114,55744.97450751504,0,0.0,9.094947017729282e-13,0.015310832997784019,1,0,0,0,1,0.0,0,causal_season,2026,causal_season_seed_2026,False
194,2025-07-14,7,2,81791.12499009309,81791.12499009309,10.144463067885226,20,18096.146607337927,16514.535353707906,8411.978982864299,2585.8836897468054,2345.5469961712906,51495.56526728964,0.0,0.0,68.30511061272482,51563.87037790238,0,0.0,9.094947017729282e-13,0.02011570893228054,1,0,0,0,1,0.0,0,causal_season,2026,causal_season_seed_2026,False
195,2025-07-15,7,2,82393.68386988198,82393.68386988198,4.330148902635187,10,18989.148020152974,16567.282722168835,7227.098137467146,2345.5469961712906,2896.7852197633706,51896.992791721095,0.0,0.0,29.109425997965047,51926.10221771908,0,0.0,9.094947017729282e-13,0.018927040975540876,1,0,0,0,1,0.0,0,causal_season,2026,causal_season_seed_2026,False
196,2025-07-16,7,2,83159.07258732742,83159.07258732742,17.07048273287296,10,18848.466321456202,17254.851891609003,9447.965256879754,2896.7852197633706,2589.7995240133946,52385.4904695092,0.0,0.0,115.33671658465616,52500.827186093855,0,0.0,8.952838470577262e-13,0.015611957991495728,1,0,0,0,1,0.0,0,causal_season,2026,causal_season_seed_2026,False
197,2025-07-17,7,2,81327.68588207377,81327.68588207377,0.0,0,20612.223372837267,18639.153503708505,6634.199946278351,2589.7995240133946,2496.8786637683356,51362.813442349834,0.0,0.0,0.0,51362.81344234983,0,0.0,8.881784197001252e-13,0.014923415961675346,1,0,0,0,1,0.0,0,causal_season,2026,causal_season_seed_2026,False
198,2025-07-18,7,2,43975.99699768481,43975.99699768481,0.0,0,12837.40452818576,10961.391546590252,10825.735916089297,2496.8786637683356,3121.188725929247,26688.25943694734,0.0,0.0,0.0,26688.259436947337,0,0.0,9.094947017729282e-13,0.055483083007857203,1,0,0,0,1,0.0,0,causal_season,2026,causal_season_seed_2026,False
199,2025-07-19,7,2,42967.8317983805,42967.8317983805,0.0,0,11715.788589279546,10878.143763165837,14947.367922266792,3121.188725929247,2769.191348616437,25881.305328803985,0.0,0.0,0.0,25881.305328803992,0,0.0,7.958078640513122e-13,0.04906500002834946,1,0,0,0,1,0.0,0,causal_season,2026,causal_season_seed_2026,False
200,2025-07-20,7,2,82306.35487299385,82306.35487299385,0.0,0,17438.66752215452,15898.02195896003,8675.731093132694,2769.191348616437,2554.9774065784886,52526.231694445996,0.0,0.0,0.0,52526.23169444599,0,0.0,8.739675649849232e-13,0.014918875065632164,1,0,0,0,1,0.0,0,causal_season,2026,causal_season_seed_2026,False
201,2025-07-21,7,2,83781.79452153572,83781.79452153572,0.0,0,18819.96626050171,16782.665780780095,7754.744691814087,2554.9774065784886,2718.6820422462433,53145.102402334305,0.0,0.0,0.0,53145.1024023343,0,0.0,8.810729923425242e-13,0.0155104590812698,1,0,0,0,1,0.0,0,causal_season,2026,causal_season_seed_2026,False
202,2025-07-22,7,2,83819.4469221636,83819.4469221636,51.4013737277445,20,19295.22693870255,17929.344384975833,8709.821125497967,2718.6820422462433,2124.553167729547,52949.828103433414,0.0,0.0,346.7428592677012,53296.570962701124,0,0.0,8.952838470577262e-13,0.01993491593748331,1,0,0,0,1,0.0,0,causal_season,2026,causal_season_seed_2026,False
203,2025-07-23,7,2,83776.41332479735,83776.41332479735,0.0,0,20692.384222736488,18267.983323152752,7135.465308546948,2124.553167729547,2498.9272903054607,52887.659417978786,0.0,0.0,0.0,52887.659417978786,0,0.0,9.094947017729282e-13,0.019312125048600137,1,0,0,0,1,0.0,0,causal_season,2026,causal_season_seed_2026,False
204,2025-07-24,7,2,83004.73217394613,83004.73217394613,0.0,0,19451.100451986003,17154.966076432298,7092.1257983924315,2498.9272903054607,2868.939422991304,52405.651981566494,0.0,0.0,0.0,52405.65198156651,0,0.0,9.094947017729282e-13,0.019854624988511205,1,0,0,0,1,0.0,0,causal_season,2026,causal_season_seed_2026,False
205,2025-07-25,7,2,42541.52774401433,42541.52774401433,0.0,0,12503.904237665862,11136.765080591407,14669.069020273211,2868.939422991304,2992.0033933887803,25822.477400230237,0.0,0.0,0.0,25822.477400230244,0,0.0,8.526512829121202e-13,0.05207745800726116,1,0,0,0,1,0.0,0,causal_season,2026,causal_season_seed_2026,False
206,2025-07-26,7,2,42366.42089059049,42366.42089059049,0.0,0,12707.917939053603,11400.715061835253,12590.126446705472,2992.0033933887803,3030.3840451698447,25549.138998873914,0.0,0.0,0.0,25549.13899887391,0,0.0,7.389644451905042e-13,0.04560833401046693,1,0,0,0,1,0.0,0,causal_season,2026,causal_season_seed_2026,False
207,2025-07-27,7,2,82720.35350103909,82720.35350103909,0.8527632227712729,10,20542.444108140524,18952.854114691578,7446.42647081291,3030.3840451698447,2540.5952839257648,52170.80526530278,0.0,0.0,5.741654778918981,52176.54692008172,0,0.0,9.094947017729282e-13,0.019423625082708895,1,0,0,0,1,0.0,0,causal_season,2026,causal_season_seed_2026,False
208,2025-07-28,7,2,83265.82124722995,83265.82124722995,0.0,0,20693.39727098724,18956.650523526445,3574.197266435817,2540.5952839257648,2190.0115007798236,52618.39977587154,0.0,0.0,0.0,52618.39977587155,0,0.0,8.810729923425242e-13,0.015340458950959146,1,0,0,0,1,0.0,0,causal_season,2026,causal_season_seed_2026,False
209,2025-07-29,7,2,87243.10435922131,87243.10435922131,59.62099986997953,20,20201.197812909682,17954.934184179278,8987.215780360882,2190.0115007798236,2428.3880463605733,54923.52628170455,0.0,0.0,401.81180844780664,55325.33809015235,0,0.0,9.094947017729282e-13,0.01622637500986457,1,0,0,0,1,0.0,0,causal_season,2026,causal_season_seed_2026,False
210,2025-07-30,7,2,85364.95550604691,85364.95550604691,0.0,0,20304.68736206642,17844.519258681823,8801.53335266232,2428.3880463605733,2881.3309494990162,53631.582156053024,0.0,0.0,0.0,53631.58215605302,0,0.0,8.855138844410249e-13,0.016402750043198466,1,0,0,0,1,0.0,0,causal_season,2026,causal_season_seed_2026,False
211,2025-07-31,7,2,82204.61555937365,82204.61555937365,0.0,0,19820.13422398494,18452.84253212383,6142.327600845868,2881.3309494990162,2233.3573509328867,51876.649383238866,0.0,0.0,0.0,51876.649383238866,0,0.0,8.597567102697212e-13,0.015341875026933849,1,0,0,0,1,0.0,0,causal_season,2026,causal_season_seed_2026,False
212,2025-08-01,8,2,41253.0067071346,41253.0067071346,0.0,0,12673.226770748042,11287.966866067083,18616.38713578697,2233.3573509328867,2357.6741043199345,24212.32181472934,0.0,0.0,0.0,24212.321814729345,0,0.0,9.094947017729282e-13,0.047056333045475185,1,0,0,0,1,0.0,0,causal_season,2026,causal_season_seed_2026,False
213,2025-08-02,8,2,39563.35856202348,39563.35856202348,0.0,0,12661.979465687567,11499.072256821966,17473.42641982455,2357.6741043199345,2248.796106872931,23137.108492851723,0.0,0.0,0.0,23137.108492851727,0,0.0,8.313350008393172e-13,0.045087834005244076,1,0,0,0,1,0.0,0,causal_season,2026,causal_season_seed_2026,False
214,2025-08-03,8,2,73520.98768475352,73520.98768475352,321.289604650112,100,17743.590926452103,16716.74059652198,9975.946976140163,2248.796106872931,1460.8526865015917,46423.09696858963,0.0,0.0,1598.8475339429913,48021.944502532606,0,0.0,9.094947017729282e-13,0.03285716602113098,1,0,0,0,1,0.0,0,causal_season,2026,causal_season_seed_2026,False
215,2025-08-04,8,2,69967.63808467152,69967.63808467152,59.80368763299441,30,19518.127581593624,17220.11689213255,2313.775999510108,1460.8526865015917,1825.7773478855556,44414.851829323525,0.0,0.0,402.84261769811167,44817.69444702165,0,0.0,9.094947017729282e-13,0.03738962498027831,1,0,0,0,1,0.0,0,causal_season,2026,causal_season_seed_2026,False
216,2025-08-05,8,2,72526.11457857332,72526.11457857332,7.113176764264949,10,18893.785291720105,16882.10019487102,5369.232925155182,1825.7773478855556,1954.699790104588,46082.74633550988,0.0,0.0,47.917915272470836,46130.664250782356,0,0.0,7.958078640513122e-13,0.04142712499015033,1,0,0,0,1,0.0,0,causal_season,2026,causal_season_seed_2026,False
217,2025-08-06,8,2,73961.74571748298,73961.74571748298,324.8001254562248,10,18753.47657249299,17535.089721320383,4953.7597250999315,1954.699790104588,1262.202296550411,46616.64799020419,0.0,0.0,2265.8056751826243,48882.453665386805,0,0.0,9.094947017729282e-13,0.0526950410567224,1,0,0,0,1,0.0,0,causal_season,2026,causal_season_seed_2026,False
218,2025-08-07,8,2,75829.79165514307,75829.79165514307,11.653945691889135,10,19648.925910495116,17202.320869852847,10006.855310192688,1262.202296550411,1769.9718025411332,48163.39990461003,0.0,0.0,78.73988406724894,48242.13978867729,0,0.0,8.788525462932739e-13,0.06223654095083475,1,0,0,0,1,0.0,0,causal_season,2026,causal_season_seed_2026,False
219,2025-08-08,8,2,40737.76473247305,40737.76473247305,0.0,0,13304.225079670014,11667.434759421074,23325.80316222411,1769.9718025411332,2092.911832065744,23787.407755260414,0.0,0.0,0.0,23787.407755260407,0,0.0,9.094947017729282e-13,0.04641154198907316,1,0,0,0,1,0.0,0,causal_season,2026,causal_season_seed_2026,False
220,2025-08-09,8,2,39337.40087596538,39337.40087596538,0.0,0,12808.345992932223,11852.313363093668,19459.43924612682,2092.911832065744,1750.540494737348,22862.971142053146,0.0,0.0,0.0,22862.971142053153,0,0.0,9.094947017729282e-13,0.05433362501207739,1,0,0,0,1,0.0,0,causal_season,2026,causal_season_seed_2026,False
221,2025-08-10,8,2,72901.84611664843,72901.84611664843,20.356870021967552,20,18649.992013174575,16422.58462869034,5390.176552186156,1750.540494737348,2132.552261900852,46140.40225224732,0.0,0.0,138.3535687097094,46278.755820957056,0,0.0,9.059419880941277e-13,0.03854787501040846,1,0,0,0,1,0.0,0,causal_season,2026,causal_season_seed_2026,False
222,2025-08-11,8,2,72892.52991608872,72892.52991608872,163.03612829211374,50,19188.570096458152,17742.211396479717,7047.954011069059,2132.552261900852,1634.4953121913586,46060.06840559296,0.0,0.0,1099.0305594654792,47159.09896505842,0,0.0,9.094947017729282e-13,0.03330791601911187,1,0,0,0,1,0.0,0,causal_season,2026,causal_season_seed_2026,False
223,2025-08-12,8,2,71498.54498687084,71498.54498687084,503.98041491560355,70,19020.07650729782,16951.525367995237,2173.4306124838513,1634.4953121913586,1810.047563311454,45183.26723006534,0.0,0.0,3392.917158647318,48576.18438871265,0,0.0,9.094947017729282e-13,0.03083241602871567,1,0,0,0,1,0.0,0,causal_season,2026,causal_season_seed_2026,False
224,2025-08-13,8,2,74382.05845576103,74382.05845576103,143.67593571085717,40,18972.730881699023,16710.627639193437,6142.651698966303,1810.047563311454,2194.61231224863,46993.1686433201,0.0,0.0,971.8324398934698,47965.00108321357,0,0.0,9.094947017729282e-13,0.031916834064759314,1,0,0,0,1,0.0,0,causal_season,2026,causal_season_seed_2026,False
225,2025-08-14,8,2,72224.03889267752,72224.03889267752,363.2367931103862,100,20006.138785152565,18586.706599672656,5241.552516974661,2194.61231224863,1581.9930174537812,45227.333033959956,0.0,0.0,2246.556226902292,47473.889260862255,0,0.0,9.094947017729282e-13,0.032101792050525546,1,0,0,0,1,0.0,0,causal_season,2026,causal_season_seed_2026,False
226,2025-08-15,8,2,40204.6666444133,40204.6666444133,0.0,0,13778.746233654454,12246.69935546453,21512.89288289005,1581.9930174537812,1744.504843203525,23327.07815857172,0.0,0.0,0.0,23327.07815857172,0,0.0,8.029132914089132e-13,0.03888170805294067,1,0,0,0,1,0.0,0,causal_season,2026,causal_season_seed_2026,False
227,2025-08-16,8,2,39558.726785576335,39558.726785576335,91.5451660680693,10,13406.236220933735,12083.710511781217,21398.465875825223,1744.504843203525,1725.4279679406775,22798.65409250378,0.0,0.0,638.6190784908515,23437.27317099463,0,0.0,6.821210263296962e-13,0.047088874969631433,1,0,0,0,1,0.0,0,causal_season,2026,causal_season_seed_2026,False
228,2025-08-17,8,2,68942.56443243164,68942.56443243164,182.23505421080347,50,19371.09884297668,17445.425075990643,4033.732102989735,1725.4279679406775,1713.373241842807,43991.9035437112,0.0,0.0,1228.019221106496,45219.92276481769,0,0.0,9.094947017729282e-13,0.039966250071302056,1,0,0,0,1,0.0,0,causal_season,2026,causal_season_seed_2026,False
229,2025-08-18,8,2,70130.62126624539,70130.62126624539,200.39004120729965,50,19958.4108796767,17800.931286569,3779.416097678325,1713.373241842807,1883.755186451922,44425.67389280172,0.0,0.0,1361.160994752696,45786.83488755442,0,0.0,9.094947017729282e-13,0.039524750085547566,1,0,0,0,1,0.0,0,causal_season,2026,causal_season_seed_2026,False
230,2025-08-19,8,2,71625.99954597164,71625.99954597164,117.69445287690439,30,18458.733574487553,16753.691320347312,5720.991694708302,1883.755186451922,1735.3061691688029,45570.28780440029,0.0,0.0,794.2091579229011,46364.49696232316,0,0.0,8.739675649849232e-13,0.03319037496112287,1,0,0,0,1,0.0,0,causal_season,2026,causal_season_seed_2026,False
231,2025-08-20,8,2,71766.23205212512,71766.23205212512,1593.5174502726177,110,20368.087912883777,18660.484737178682,1001.4552600259793,1735.3061691688029,1388.2929812484701,45611.24617115166,0.0,0.0,9832.996379082764,55444.24255023445,0,0.0,9.094947017729282e-13,0.03430179203860462,1,0,0,0,1,0.0,0,causal_season,2026,causal_season_seed_2026,False
232,2025-08-21,8,2,77922.87616775789,77922.87616775789,18.187213286106612,30,18286.206196458003,16220.426672866,10030.865374118657,1388.2929812484701,1638.280415868167,48839.74395796508,0.0,0.0,122.63551277446237,48962.37947073953,0,0.0,9.094947017729282e-13,0.0514860840048641,1,0,0,0,1,0.0,0,causal_season,2026,causal_season_seed_2026,False
233,2025-08-22,8,2,39383.47667692306,39383.47667692306,656.1617800127248,80,13596.567031340726,12306.975622760667,17519.47764835573,1638.280415868167,1564.4251106277393,22635.575347254813,0.0,0.0,3890.2894605524502,26525.864807807266,0,0.0,9.094947017729282e-13,0.07430466706864536,1,0,0,0,1,0.0,0,causal_season,2026,causal_season_seed_2026,False
234,2025-08-23,8,2,39977.22322802109,39977.22322802109,0.0,0,13230.750749682713,11921.57297527979,16138.039303618169,1564.4251106277393,1549.7760695895865,23201.22421291864,0.0,0.0,0.0,23201.22421291864,0,0.0,7.958078640513122e-13,0.06398862495552748,1,0,0,0,1,0.0,0,causal_season,2026,causal_season_seed_2026,False
235,2025-08-24,8,2,73867.78141257376,73867.78141257376,29.884015714135785,30,20303.14362920789,18306.84490112415,8167.777216870834,1549.7760695895865,1513.9204422090338,46430.08428373743,0.0,0.0,201.46734541848082,46631.5516291559,0,0.0,9.094947017729282e-13,0.03098195791244507,1,0,0,0,1,0.0,0,causal_season,2026,causal_season_seed_2026,False
236,2025-08-25,8,2,70233.75204716969,70233.75204716969,2876.657052079439,60,17652.948400031808,16046.029848530794,730.4035310814422,1513.9204422090338,1346.9771758654379,45037.35071921511,0.0,0.0,19555.674629112626,64593.02534832775,0,0.0,9.094947017729282e-13,0.037155999918468297,1,0,0,0,1,0.0,0,causal_season,2026,causal_season_seed_2026,False
237,2025-08-26,8,2,78757.32954851587,78757.32954851587,50.24930855482671,20,19890.886293649888,17120.8349204037,10508.70910049118,1346.9771758654379,2170.1841886652105,49465.39531285837,0.0,0.0,346.9881356843748,49812.38344854275,0,0.0,9.094947017729282e-13,0.026518958038650453,1,0,0,0,1,0.0,0,causal_season,2026,causal_season_seed_2026,False
238,2025-08-27,8,2,71791.72242367157,71791.72242367157,34.04935549071786,30,20562.87301134299,18888.53377627403,2237.283677426657,2170.1841886652105,1767.575576444232,45902.21226145923,0.0,0.0,231.07302245892976,46133.285283918165,0,0.0,9.094947017729282e-13,0.033874375047162175,1,0,0,0,1,0.0,0,causal_season,2026,causal_season_seed_2026,False
239,2025-08-28,8,2,74730.63797096573,74730.63797096573,147.0354239033909,30,20503.65425877251,18504.024551872106,2110.2487046353835,1767.575576444232,1714.095432879876,47441.35479004956,0.0,0.0,991.0224841509917,48432.37727420056,0,0.0,9.094947017729282e-13,0.05152383295353502,1,0,0,0,1,0.0,0,causal_season,2026,causal_season_seed_2026,False
240,2025-08-29,8,2,40795.152747922955,40795.152747922955,0.0,0,14446.009778483087,12770.123285251322,16564.045904691193,1714.095432879876,1957.891772352419,23917.96070217928,0.0,0.0,0.0,23917.960702179276,0,0.0,9.094947017729282e-13,0.045410290942527354,1,0,0,0,1,0.0,0,causal_season,2026,causal_season_seed_2026,False
241,2025-08-30,8,2,40734.89370258397,40734.89370258397,0.0,0,12728.37526088911,12052.405270186318,21546.203878547847,1957.891772352419,1328.7381479419896,23703.87535340332,0.0,0.0,0.0,23703.875353403317,0,0.0,9.094947017729282e-13,0.05509283288847655,1,0,0,0,1,0.0,0,causal_season,2026,causal_season_seed_2026,False
242,2025-08-31,8,2,70262.03134359665,70262.03134359665,179.90223849649738,50,21015.220794294713,18401.546683538654,1181.636388003757,1328.7381479419896,1868.5937903666368,44935.672136686495,0.0,0.0,1218.3068761144352,46153.97901280093,0,0.0,9.094947017729282e-13,0.039396332926116884,1,0,0,0,1,0.0,0,causal_season,2026,causal_season_seed_2026,False
243,2025-09-01,9,2,76698.28822774603,76698.28822774603,0.0,0,20019.02948092832,14337.008788485808,17442.133001970178,1868.5937903666368,5747.778500282052,48271.484654164466,0.0,0.0,0.0,48271.484654164495,0,0.0,8.739675649849232e-13,0.040745708043687046,1,0,0,0,1,0.0,0,causal_season,2026,causal_season_seed_2026,False
244,2025-09-02,9,2,71158.04366972818,71158.04366972818,0.0,0,17890.89804361505,16514.00829913146,15723.398075244602,5747.778500282052,5313.281486658049,45619.88417758119,0.0,0.0,0.0,45619.88417758119,0,0.0,7.958078640513122e-13,0.03702079190406948,1,0,0,0,1,0.0,0,causal_season,2026,causal_season_seed_2026,False
245,2025-09-03,9,2,70630.33183792527,70630.33183792527,0.0,0,15661.52025442988,14160.721722650485,13581.816056145883,5313.281486658049,5244.392855649268,45153.086687180665,0.0,0.0,0.0,45153.08668718066,0,0.0,7.958078640513122e-13,0.031568708014674485,1,0,0,0,1,0.0,0,causal_season,2026,causal_season_seed_2026,False
246,2025-09-04,9,2,71464.12162028115,71464.12162028115,0.0,0,17757.98926625826,16041.066123078304,15821.63292710119,5244.392855649268,5182.33233074401,46047.32307954755,0.0,0.0,0.0,46047.32307954754,0,0.0,7.958078640513122e-13,0.04766283405479044,1,0,0,0,1,0.0,0,causal_season,2026,causal_season_seed_2026,False
247,2025-09-05,9,2,37683.36484487657,37683.36484487657,0.0,0,13096.059453804422,11018.511022954446,28781.554747359925,5182.33233074401,5991.814786108841,22951.74718367374,0.0,0.0,0.0,22951.74718367373,0,0.0,9.094947017729282e-13,0.04475366696715355,1,0,0,0,1,0.0,0,causal_season,2026,causal_season_seed_2026,False
248,2025-09-06,9,2,36327.54389926541,36327.54389926541,0.0,0,13903.959050643813,12114.544029352899,26817.045177974498,5991.814786108841,6412.417865183265,21977.565741231363,0.0,0.0,0.0,21977.565741231367,0,0.0,8.162359677044151e-13,0.03616041596978903,1,0,0,0,1,0.0,0,causal_season,2026,causal_season_seed_2026,False
249,2025-09-07,9,2,67859.98699229943,67859.98699229943,0.0,0,15575.107206617935,15179.181579376735,12503.077748391566,6412.417865183265,5187.999668080415,44116.51201440467,0.0,0.0,0.0,44116.51201440469,0,0.0,9.094947017729282e-13,0.03162291704211384,1,0,0,0,1,0.0,0,causal_season,2026,causal_season_seed_2026,False
250,2025-09-08,9,2,59768.17986700754,59768.17986700754,1262.7420635378562,40,15661.321640536913,17726.603196896336,3700.6339535714874,5187.999668080415,1360.1535071166334,36972.36962209003,0.0,0.0,8539.944093097898,45512.313715187935,0,0.0,9.094947017729282e-13,0.05571887502446771,1,0,0,0,1,0.0,0,causal_season,2026,causal_season_seed_2026,False
251,2025-09-09,9,2,68064.81403583662,68064.81403583662,9.099616666666634,10,19569.948164950074,17310.759693098953,12711.890913985499,1360.1535071166334,1678.6935889090519,41693.140069889516,0.0,0.0,60.96743166666645,41754.10750155619,0,0.0,8.65085780787922e-13,0.03282654192298651,1,0,0,0,1,0.0,0,causal_season,2026,causal_season_seed_2026,False
252,2025-09-10,9,2,61563.635267224076,61563.635267224076,2238.9367515853337,80,19534.397512180218,17594.08918974181,546.2650463709969,1678.6935889090519,1664.8518476170934,38363.22902805554,0.0,0.0,14406.910690391498,52770.13971844704,0,0.0,9.094947017729282e-13,0.036156709073111415,1,0,0,0,1,0.0,0,causal_season,2026,causal_season_seed_2026,False
253,2025-09-11,9,2,67420.20580614856,67420.20580614856,49.47697218006624,20,19207.791204233432,17369.907364673672,12135.71315543554,1664.8518476170934,1577.4725493476658,41229.01243361601,0.0,0.0,234.13180882603507,41463.144242442046,0,0.0,8.881784197001252e-13,0.055998124997131526,1,0,0,0,1,0.0,0,causal_season,2026,causal_season_seed_2026,False
254,2025-09-12,9,2,31940.25361777621,31940.25361777621,0.0,0,14166.71771582793,12221.539045787926,18443.418747736203,1577.4725493476658,2134.567735426369,17647.055124167106,0.0,0.0,0.0,17647.0551241671,0,0.0,7.958078640513122e-13,0.04923624999355525,1,0,0,0,1,0.0,0,causal_season,2026,causal_season_seed_2026,False
255,2025-09-13,9,2,31563.866813820146,31563.866813820146,0.0,0,13614.054463393195,12476.592810437096,22419.303677530716,2134.567735426369,1898.5102504433328,17181.743729286714,0.0,0.0,0.0,17181.743729286707,0,0.0,8.952838470577262e-13,0.04583433305379003,1,0,0,0,1,0.0,0,causal_season,2026,causal_season_seed_2026,False
256,2025-09-14,9,2,60781.798824092315,60781.798824092315,1013.8106588489692,80,19002.145011792847,17697.26461755209,391.40433870052686,1898.5102504433328,1270.9730015406644,37755.02078911849,0.0,0.0,5924.9635086278995,43679.9842977464,0,0.0,9.094947017729282e-13,0.05151587491855025,1,0,0,0,1,0.0,0,causal_season,2026,causal_season_seed_2026,False
257,2025-09-15,9,2,68209.915758557,68209.915758557,137.23282371676225,30,20435.248460035727,18026.411397592892,10871.280886497598,1270.9730015406644,1656.0458885514936,41589.180209565544,0.0,0.0,947.625290279612,42536.805499845155,0,0.0,8.952838470577262e-13,0.06408966693561524,1,0,0,0,1,0.0,0,causal_season,2026,causal_season_seed_2026,False
258,2025-09-16,9,2,63784.54006908217,63784.54006908217,52.49683437690237,50,19599.680323003577,18072.35540831663,2817.942005438798,1656.0458885514936,1200.0,39727.76219064393,0.0,0.0,235.43813002692292,39963.20032067084,0,0.0,9.094947017729282e-13,0.032788333017379045,1,0,0,0,1,0.0,0,causal_season,2026,causal_season_seed_2026,False
259,2025-09-17,9,2,67124.91547336828,67124.91547336828,1.596219640268032,10,21262.218204840676,18911.495764891966,4815.670853059832,1200.0,1436.644431209,40906.13157547485,0.0,0.0,7.262001253399411,40913.39357672826,0,0.0,9.094947017729282e-13,0.05234245792962611,1,0,0,0,1,0.0,0,causal_season,2026,causal_season_seed_2026,False
260,2025-09-18,9,2,66258.9992391684,66258.9992391684,237.7709551309497,50,20307.978157487778,18376.91629602896,5609.657216173874,1436.644431209,1331.5135044867611,40682.99520094248,0.0,0.0,1386.1622459813173,42069.15744692381,0,0.0,8.870681966755001e-13,0.04289616702590138,1,0,0,0,1,0.0,0,causal_season,2026,causal_season_seed_2026,False
261,2025-09-19,9,2,32855.69884784374,32855.69884784374,0.0,0,15079.813450999492,12723.61487369113,14398.147953868713,1331.5135044867611,2225.6129726142667,17930.4331754049,0.0,0.0,0.0,17930.433175404898,0,0.0,8.313350008393172e-13,0.04661995789501816,1,0,0,0,1,0.0,0,causal_season,2026,causal_season_seed_2026,False
262,2025-09-20,9,2,31523.56952192048,31523.56952192048,0.0,0,14336.365501599139,13272.720742411231,14814.49102939924,2225.6129726142667,1835.6073809354452,17302.150693369276,0.0,0.0,0.0,17302.150693369273,0,0.0,9.094947017729282e-13,0.05566129204817116,1,0,0,0,1,0.0,0,causal_season,2026,causal_season_seed_2026,False
263,2025-09-21,9,2,68188.43703383126,68188.43703383126,130.52088725248885,30,18553.349612095095,16891.104417385708,8369.225243041037,1835.6073809354452,1632.0728959319565,42207.62282427572,0.0,0.0,855.446470696541,43063.06929497225,0,0.0,9.015010959956271e-13,0.04923837503883988,1,0,0,0,1,0.0,0,causal_season,2026,causal_season_seed_2026,False
264,2025-09-22,9,2,65821.26452208949,65821.26452208949,563.4232066253014,80,20457.61732367571,18663.252445106402,3976.30296681215,1632.0728959319565,1367.0773443976668,40230.78637266594,0.0,0.0,3239.5083650121965,43470.29473767815,0,0.0,9.094947017729282e-13,0.03711316594853997,1,0,0,0,1,0.0,0,causal_season,2026,causal_season_seed_2026,False
265,2025-09-23,9,2,69524.23255962253,69524.23255962253,78.42698998866706,60,21199.619884828728,18709.95442068212,4996.37850213126,1367.0773443976668,1756.7790250570158,42747.82590956869,0.0,0.0,400.59704445060623,43148.42295401929,0,0.0,9.041656312547275e-13,0.036097917007282376,1,0,0,0,1,0.0,0,causal_season,2026,causal_season_seed_2026,False
266,2025-09-24,9,2,69361.22972697346,69361.22972697346,0.0,0,21190.198254421775,18980.301199781534,6088.107572333201,1756.7790250570158,1852.5720356273664,42723.65905117816,0.0,0.0,0.0,42723.659051178154,0,0.0,9.094947017729282e-13,0.03460704197641462,1,0,0,0,1,0.0,0,causal_season,2026,causal_season_seed_2026,False
267,2025-09-25,9,2,67027.32916559925,67027.32916559925,15.371666666666556,10,20213.48310632873,18691.857249395514,5185.626075332704,1852.5720356273664,1325.8183184210468,41489.701640420375,0.0,0.0,103.49743166666592,41593.19907208703,0,0.0,9.094947017729282e-13,0.06520708301104605,1,0,0,0,1,0.0,0,causal_season,2026,causal_season_seed_2026,False
268,2025-09-26,9,2,34105.67604852306,34105.67604852306,0.0,0,14866.401528084074,12638.015535390507,14183.04655582949,1325.8183184210468,2107.6870847516116,18733.76603046189,0.0,0.0,0.0,18733.7660304619,0,0.0,7.958078640513122e-13,0.04513495904393494,1,0,0,0,1,0.0,0,causal_season,2026,causal_season_seed_2026,False
269,2025-09-27,9,2,32287.263771328453,32287.263771328453,29.758612384703014,10,14632.69563119944,13988.129784300667,13871.154286814377,2107.6870847516116,1244.6975940505931,17720.772770389987,0.0,0.0,115.5229332774171,17836.295703667405,0,0.0,7.958078640513122e-13,0.08547316596377641,1,0,0,0,1,0.0,0,causal_season,2026,causal_season_seed_2026,False
270,2025-09-28,9,2,70008.73125489027,70008.73125489027,322.70274958071036,60,21730.19397676194,19420.279172762726,4533.890033805107,1244.6975940505931,1388.9980224489123,43143.104406288,0.0,0.0,1582.466612639401,44725.571018927396,0,0.0,8.952838470577262e-13,0.050786167033948004,1,0,0,0,1,0.0,0,causal_season,2026,causal_season_seed_2026,False
271,2025-09-29,9,2,72350.99237176169,72350.99237176169,128.4527142462125,30,21053.17970264157,18795.899772903107,7462.273556269442,1388.9980224489123,1549.179992329245,44529.84774028361,0.0,0.0,833.265828569424,45363.113568853056,0,0.0,9.094947017729282e-13,0.01963308302219957,1,0,0,0,1,0.0,0,causal_season,2026,causal_season_seed_2026,False
272,2025-09-30,9,2,71719.1153559049,71719.1153559049,31.41115000000002,10,21494.884106754034,19152.060335828624,3985.5279683128215,1549.179992329245,1752.9733558756413,44593.68058064832,0.0,0.0,212.22943497500012,44805.91001562332,0,0.0,9.094947017729282e-13,0.015484166913665831,1,0,0,0,1,0.0,0,causal_season,2026,causal_season_seed_2026,False
273,2025-10-01,10,2,72953.62739524606,72953.62739524606,0.0,0,19154.126458273393,15277.271975269932,19415.25137890926,1752.9733558756413,3820.514590349534,45216.95220277847,0.0,0.0,0.0,45216.95220277849,0,0.0,7.958078640513122e-13,0.04767420794814825,1,0,0,0,1,0.0,0,causal_season,2026,causal_season_seed_2026,False
274,2025-10-02,10,2,60076.33809454009,60076.33809454009,0.0,0,19584.993339002966,17409.391404171365,6169.953043041823,3820.514590349534,4049.360825312707,37798.922133249725,0.0,0.0,0.0,37798.92213324973,0,0.0,9.094947017729282e-13,0.032165792072191834,1,0,0,0,1,0.0,0,causal_season,2026,causal_season_seed_2026,False
275,2025-10-03,10,2,28364.91929664008,28364.91929664008,0.0,0,12915.530269483417,12095.676936344615,19727.912263501275,4049.360825312707,3552.1456906319822,15569.230544542306,0.0,0.0,0.0,15569.2305445423,0,0.0,9.094947017729282e-13,0.04798525001388043,1,0,0,0,1,0.0,0,causal_season,2026,causal_season_seed_2026,False
276,2025-10-04,10,2,30360.768312201253,30360.768312201253,0.0,0,13722.605434666482,12230.905706937107,15773.086151138543,3552.1456906319822,3678.045645346233,16780.567688659277,0.0,0.0,0.0,16780.56768865928,0,0.0,8.526512829121202e-13,0.05951033404562622,1,0,0,0,1,0.0,0,causal_season,2026,causal_season_seed_2026,False
277,2025-10-05,10,2,65670.05458572839,65670.05458572839,0.0,0,18791.438927317846,17159.82987624686,9302.484467990736,3678.045645346233,3417.1210120471483,40753.116166645574,0.0,0.0,0.0,40753.11616664558,0,0.0,8.704148513061227e-13,0.05759612505789846,1,0,0,0,1,0.0,0,causal_season,2026,causal_season_seed_2026,False
278,2025-10-06,10,2,65620.28630079835,65620.28630079835,0.0,0,19423.666161959,17342.47345333975,5805.984342179093,3417.1210120471483,3563.4565622867576,40887.19794272715,0.0,0.0,0.0,40887.19794272712,0,0.0,8.455458555545192e-13,0.06331658398266882,1,0,0,0,1,0.0,0,causal_season,2026,causal_season_seed_2026,False
279,2025-10-07,10,2,67925.19808034532,67925.19808034532,0.0,0,19799.118302524766,17677.02738980242,8031.544167622985,3563.4565622867576,3713.326474365992,42358.24837942737,0.0,0.0,0.0,42358.24837942737,0,0.0,9.094947017729282e-13,0.05614220898132771,1,0,0,0,1,0.0,0,causal_season,2026,causal_season_seed_2026,False
280,2025-10-08,10,2,62652.41421626246,62652.41421626246,0.0,0,18790.874840207256,18587.916925928188,5970.960635316726,3713.326474365992,1946.5307763854335,38198.002041950844,0.0,0.0,0.0,38198.00204195084,0,0.0,9.094947017729282e-13,0.03742954204790294,1,0,0,0,1,0.0,0,causal_season,2026,causal_season_seed_2026,False
281,2025-10-09,10,2,62735.00562895481,62735.00562895481,103.46869825206011,30,20679.57763667345,18941.454471087905,5340.3694782879975,1946.5307763854335,1598.854582697201,37818.794233817964,0.0,0.0,682.2369564114144,38501.031190229376,0,0.0,9.059419880941277e-13,0.05876666703261435,1,0,0,0,1,0.0,0,causal_season,2026,causal_season_seed_2026,False
282,2025-10-10,10,2,29492.279797605344,29492.279797605344,60.51074422099333,20,15001.352860409654,13833.448434072716,19041.275198822736,1598.854582697201,1248.652507477013,15240.169315987921,0.0,0.0,211.2562673709698,15451.42558335889,0,0.0,8.917311333789257e-13,0.07720570801757276,1,0,0,0,1,0.0,0,causal_season,2026,causal_season_seed_2026,False
283,2025-10-11,10,2,31234.153266764017,31234.153266764017,0.0,0,15626.548293131256,13630.482426059094,15131.773816358516,1248.652507477013,1705.5078549356099,16098.423533256388,0.0,0.0,0.0,16098.423533256386,0,0.0,7.958078640513122e-13,0.050441999919712543,1,0,0,0,1,0.0,0,causal_season,2026,causal_season_seed_2026,False
284,2025-10-12,10,2,65462.43375439095,65462.43375439095,184.79107012687462,20,20208.029108170405,18600.468968976726,5524.708701990805,1705.5078549356099,1269.9117266254027,39520.44032301266,0.0,0.0,1241.1310980050773,40761.57142101773,0,0.0,9.094947017729282e-13,0.03217462496832013,1,0,0,0,1,0.0,0,causal_season,2026,causal_season_seed_2026,False
285,2025-10-13,10,2,67777.72666497262,67777.72666497262,0.0,0,21768.06705000545,18739.885597943365,7722.14991291054,1269.9117266254027,2167.339507646803,40905.170268440204,0.0,0.0,0.0,40905.17026844021,0,0.0,8.384404281969182e-13,0.054717290913686156,1,0,0,0,1,0.0,0,causal_season,2026,causal_season_seed_2026,False
286,2025-10-14,10,2,65711.29428781885,65711.29428781885,0.0,0,21403.837383658916,19572.59404294593,3106.2216637725205,2167.339507646803,1841.4769165290277,40019.45411993625,0.0,0.0,0.0,40019.45411993625,0,0.0,8.86402062860725e-13,0.034632957889698446,1,0,0,0,1,0.0,0,causal_season,2026,causal_season_seed_2026,False
287,2025-10-15,10,2,68010.08718866121,68010.08718866121,0.0,0,20923.187319735727,18601.74526187803,3768.621480803514,1841.4769165290277,2082.9941081513134,41483.66516566725,0.0,0.0,0.0,41483.66516566725,0,0.0,9.094947017729282e-13,0.04107704199850559,1,0,0,0,1,0.0,0,causal_season,2026,causal_season_seed_2026,False
288,2025-10-16,10,2,68014.1329094885,68014.1329094885,597.1466949885212,10,21703.318578763006,19812.78621401344,3754.274289727453,2082.9941081513134,1788.059546004276,41422.48899383454,0.0,0.0,4165.6953442399235,45588.184338074476,0,0.0,8.881784197001252e-13,0.059501082985661924,1,0,0,0,1,0.0,0,causal_season,2026,causal_season_seed_2026,False
289,2025-10-17,10,2,31612.658470107228,31612.658470107228,0.0,0,14900.868516690705,13628.175356502885,14335.76599325274,1788.059546004276,1558.9064746600468,16696.49892374285,0.0,0.0,0.0,16696.498923742853,0,0.0,8.526512829121202e-13,0.08746004197746515,1,0,0,0,1,0.0,0,causal_season,2026,causal_season_seed_2026,False
290,2025-10-18,10,2,31542.22704208127,31542.22704208127,0.0,0,15317.888800356159,13296.63062308508,13444.375598143528,1558.9064746600468,2074.8524159887183,16547.14537719913,0.0,0.0,0.0,16547.145377199126,0,0.0,8.526512829121202e-13,0.0471253750147298,1,0,0,0,1,0.0,0,causal_season,2026,causal_season_seed_2026,False
291,2025-10-19,10,2,67994.24056730699,67994.24056730699,473.5806408443859,30,22178.61129950246,20412.5179660453,2816.00534136088,2074.8524159887183,1598.6473458441915,41263.82974692685,0.0,0.0,3290.7122552284095,44554.542002155256,0,0.0,9.059419880941277e-13,0.07541512500029057,1,0,0,0,1,0.0,0,causal_season,2026,causal_season_seed_2026,False
292,2025-10-20,10,2,71551.7812268692,71551.7812268692,233.66047877381172,40,22117.326044433827,19544.122098956213,4771.455393498738,1598.6473458441915,1979.6715946920713,43872.92209194169,0.0,0.0,1129.9942226117603,45002.916314553455,0,0.0,8.526512829121202e-13,0.03121883305720985,1,0,0,0,1,0.0,0,causal_season,2026,causal_season_seed_2026,False
293,2025-10-21,10,2,72750.749832467,72750.749832467,0.0,0,20716.793296797186,18317.08681423975,3888.461999909569,1979.6715946920713,2325.442573850019,44817.39519905801,0.0,0.0,0.0,44817.395199057995,0,0.0,9.094947017729282e-13,0.014822166063822806,1,0,0,0,1,0.0,0,causal_season,2026,causal_season_seed_2026,False
294,2025-10-22,10,2,73174.05124747311,73174.05124747311,0.0,0,21097.45002401514,19306.49797231771,5828.202495775676,2325.442573850019,1989.405298439791,44928.011476048814,0.0,0.0,0.0,44928.01147604882,0,0.0,9.094947017729282e-13,0.01537241693586111,1,0,0,0,1,0.0,0,causal_season,2026,causal_season_seed_2026,False
295,2025-10-23,10,2,72308.68522345275,72308.68522345275,0.0,0,20700.62025279129,18419.05707865797,6647.625015986083,1989.405298439791,2212.3470844803064,44555.48158158904,0.0,0.0,0.0,44555.481581589025,0,0.0,8.952838470577262e-13,0.053089541965164244,1,0,0,0,1,0.0,0,causal_season,2026,causal_season_seed_2026,False
296,2025-10-24,10,2,31371.875318701997,31371.875318701997,0.0,0,15344.484514575417,14357.765745623276,11965.105833083187,2212.3470844803064,1634.9893048809872,16595.8740974689,0.0,0.0,0.0,16595.8740974689,0,0.0,8.526512829121202e-13,0.050835583941079676,1,0,0,0,1,0.0,0,causal_season,2026,causal_season_seed_2026,False
297,2025-10-25,10,2,32732.589356712255,32732.589356712255,0.0,0,15574.215860417178,13973.402157405764,11733.342920367508,1634.9893048809872,1680.7286122545463,17188.12698976675,0.0,0.0,0.0,17188.126989766744,0,0.0,9.094947017729282e-13,0.08746204199269414,1,0,0,0,1,0.0,0,causal_season,2026,causal_season_seed_2026,False
298,2025-10-26,10,2,72087.00313616764,72087.00313616764,0.0,0,21176.840615629208,18700.77638088655,5066.626884758304,1680.7286122545463,2058.49448408574,44226.30516656328,0.0,0.0,0.0,44226.305166563274,0,0.0,8.575362642204709e-13,0.030770333018153906,1,0,0,0,1,0.0,0,causal_season,2026,causal_season_seed_2026,False
299,2025-10-27,10,2,73851.55630969851,73851.55630969851,19.401689608883544,10,20921.309999413144,18566.79443603168,7963.860769259262,2058.49448408574,2335.072098532351,45476.106669303015,0.0,0.0,90.87751412801052,45566.98418343104,0,0.0,9.094947017729282e-13,0.0379407909931615,1,0,0,0,1,0.0,0,causal_season,2026,causal_season_seed_2026,False
300,2025-10-28,10,2,73408.69017959313,73408.69017959313,0.0,0,21354.984445913484,19091.879944961627,5173.163978641282,2335.072098532351,2469.5806923093514,45394.76948200278,0.0,0.0,0.0,45394.76948200278,0,0.0,8.970602038971265e-13,0.015057374956086278,1,0,0,0,1,0.0,0,causal_season,2026,causal_season_seed_2026,False
301,2025-10-29,10,2,74324.41121410644,74324.41121410644,0.0,0,21550.586359176374,19602.8743682306,3064.4424231606654,2469.5806923093514,2251.018137874219,46172.45361531381,0.0,0.0,0.0,46172.45361531379,0,0.0,8.952838470577262e-13,0.015188249992206693,1,0,0,0,1,0.0,0,causal_season,2026,causal_season_seed_2026,False
302,2025-10-30,10,2,75144.3637128865,75144.3637128865,3.6418333333332384,10,20334.769060703216,18329.488105896242,8354.90694141285,2251.018137874219,2221.2969956117972,46378.81165965708,0.0,0.0,17.05834733333289,46395.870006990444,0,0.0,9.094947017729282e-13,0.015472707920707762,1,0,0,0,1,0.0,0,causal_season,2026,causal_season_seed_2026,False
303,2025-10-31,10,2,33281.15591992643,33281.15591992643,0.0,0,15676.354748062053,14217.43401025544,7917.94311545315,2221.2969956117972,2106.701600896831,17893.26044431794,0.0,0.0,0.0,17893.260444317937,0,0.0,7.958078640513122e-13,0.07130933308508247,1,0,0,0,1,0.0,0,causal_season,2026,causal_season_seed_2026,False
304,2025-11-01,11,2,33579.78449101118,33579.78449101118,0.0,0,15839.50402500011,13899.791714923718,9096.033747601456,2106.701600896831,2481.707578452723,17977.910309530285,0.0,0.0,0.0,17977.910309530293,0,0.0,9.094947017729282e-13,0.05764295894186944,1,0,0,0,1,0.0,0,causal_season,2026,causal_season_seed_2026,False
305,2025-11-02,11,2,73359.81505458817,73359.81505458817,60.35976841054014,10,21679.61439684748,20288.649328117728,3232.8258209356263,2481.707578452723,1662.6814898184236,45332.809159237,0.0,0.0,421.06974443192803,45753.87890366893,0,0.0,8.597567102697212e-13,0.019423540914431214,1,0,0,0,1,0.0,0,causal_season,2026,causal_season_seed_2026,False
306,2025-11-03,11,2,74207.49025855334,74207.49025855334,0.0,0,21428.445029803574,19168.062567522305,2442.1775129387474,1662.6814898184236,1786.577377458104,45786.338876479145,0.0,0.0,0.0,45786.33887647915,0,0.0,9.094947017729282e-13,0.03433183301240206,1,0,0,0,1,0.0,0,causal_season,2026,causal_season_seed_2026,False
307,2025-11-04,11,2,75586.632557075,75586.632557075,33.599549999999795,20,20587.296577266312,18683.991100285304,6136.854596760661,1786.577377458104,1622.7459059174844,46747.066385399274,0.0,0.0,155.81717803333237,46902.883563432624,0,0.0,9.094947017729282e-13,0.01977362495381385,1,0,0,0,1,0.0,0,causal_season,2026,causal_season_seed_2026,False
308,2025-11-05,11,2,76531.02769117839,76531.02769117839,0.0,0,21375.74674606485,18393.29847867733,3870.559357124198,1622.7459059174844,2513.320868623382,47811.59199699875,0.0,0.0,0.0,47811.59199699876,0,0.0,9.094947017729282e-13,0.015081790974363685,1,0,0,0,1,0.0,0,causal_season,2026,causal_season_seed_2026,False
309,2025-11-06,11,2,74198.8394179451,74198.8394179451,1186.3480815990217,80,21277.264853421813,19639.19586428201,2377.53396040431,2513.320868623382,1997.1765481651294,45986.57441015588,0.0,0.0,5725.704109996921,51712.2785201528,0,0.0,9.094947017729282e-13,0.014826999977231026,1,0,0,0,1,0.0,0,causal_season,2026,causal_season_seed_2026,False
310,2025-11-07,11,2,33563.95071985349,33563.95071985349,0.0,0,16796.059632917804,15462.623576664037,8912.052880266394,1997.1765481651294,1632.2814269488372,17837.40920968412,0.0,0.0,0.0,17837.40920968411,0,0.0,9.094947017729282e-13,0.0481835410464555,1,0,0,0,1,0.0,0,causal_season,2026,causal_season_seed_2026,False
311,2025-11-08,11,2,34829.314224104906,34829.314224104906,0.0,0,16593.876491418298,14304.500441837265,8748.73107452387,1632.2814269488372,2296.347508573537,18384.886376973933,0.0,0.0,0.0,18384.88637697393,0,0.0,8.526512829121202e-13,0.05102437501773238,1,0,0,0,1,0.0,0,causal_season,2026,causal_season_seed_2026,False
312,2025-11-09,11,2,76077.11561710677,76077.11561710677,0.0,0,22612.80932906325,20548.906149906707,2666.3952546168966,2296.347508573537,2088.2930881411485,47186.14199883662,0.0,0.0,0.0,47186.14199883663,0,0.0,9.094947017729282e-13,0.015289959032088518,1,0,0,0,1,0.0,0,causal_season,2026,causal_season_seed_2026,False
313,2025-11-10,11,2,77016.54560559274,77016.54560559274,165.44173457399262,30,23322.31943140881,21503.06479019084,1504.2895989487617,2088.2930881411485,1547.567534126385,47576.969801242776,0.0,0.0,1034.8971189214383,48611.86692016423,0,0.0,9.094947017729282e-13,0.015860957908444107,1,0,0,0,1,0.0,0,causal_season,2026,causal_season_seed_2026,False
314,2025-11-11,11,2,78960.7286618886,78960.7286618886,2.0516666666667334,10,22205.69453575754,19528.96186397453,4727.027990105593,1547.567534126385,2028.40578556882,49325.24018547844,0.0,0.0,8.985274166666958,49334.225459645124,0,0.0,8.775202786637237e-13,0.020365749951452017,1,0,0,0,1,0.0,0,causal_season,2026,causal_season_seed_2026,False
315,2025-11-12,11,2,78365.79081047841,78365.79081047841,11.773333333333312,10,23162.964604529407,20506.21684412429,4764.828633406621,2028.40578556882,2387.272965640167,48776.23914978379,0.0,0.0,51.56131333333324,48827.800463117106,0,0.0,9.023892744153272e-13,0.020237541990354657,1,0,0,0,1,0.0,0,causal_season,2026,causal_season_seed_2026,False
316,2025-11-13,11,2,77396.08251703394,77396.08251703394,2.0105333333332283,10,21425.743889118818,19465.25599119903,3041.733835780815,2387.272965640167,2195.3369514125857,48522.352091734436,0.0,0.0,9.41733813333284,48531.76942986779,0,0.0,9.094947017729282e-13,0.015547082992270589,1,0,0,0,1,0.0,0,causal_season,2026,causal_season_seed_2026,False
317,2025-11-14,11,2,34195.23712398752,34195.23712398752,0.0,0,16244.819456785353,14901.26369321066,5253.226060412827,2195.3369514125857,1899.2147548047947,18305.59786053703,0.0,0.0,0.0,18305.59786053704,0,0.0,8.526512829121202e-13,0.05528687499463558,1,0,0,0,1,0.0,0,causal_season,2026,causal_season_seed_2026,False
318,2025-11-15,11,2,35398.599809554915,35398.599809554915,0.0,0,17115.28752022117,15029.865427543598,5101.290800210678,1899.2147548047947,2293.3329409516177,18988.489506467333,0.0,0.0,0.0,18988.489506467326,0,0.0,9.094947017729282e-13,0.06710604194086045,1,0,0,0,1,0.0,0,causal_season,2026,causal_season_seed_2026,False
319,2025-11-16,11,2,79724.07063754849,79724.07063754849,0.0,0,23112.209278836788,20989.37135686165,3166.6883322400126,2293.3329409516177,2094.759817238297,49903.6092688474,0.0,0.0,0.0,49903.60926884742,0,0.0,8.881784197001252e-13,0.024606000049971044,1,0,0,0,1,0.0,0,causal_season,2026,causal_season_seed_2026,False
320,2025-11-17,11,2,80388.36354674716,80388.36354674716,0.0,0,22252.369216212515,19933.258446356194,5373.498443557521,2094.759817238297,2193.711541620887,50359.01836230643,0.0,0.0,0.0,50359.01836230643,0,0.0,9.094947017729282e-13,0.020056708017364144,1,0,0,0,1,0.0,0,causal_season,2026,causal_season_seed_2026,False
321,2025-11-18,11,2,79728.07029714322,79728.07029714322,0.0,0,22358.13115692157,20150.51842864872,2629.9057355370505,2193.711541620887,2163.985723239485,49974.049859212384,0.0,0.0,0.0,49974.04985921236,0,0.0,9.094947017729282e-13,0.019792833016254008,1,0,0,0,1,0.0,0,causal_season,2026,causal_season_seed_2026,False
322,2025-11-19,11,2,81218.69054960509,81218.69054960509,463.3419956460024,50,23809.10149821946,21377.91484001215,3882.5342870437953,2163.985723239485,2216.98181633892,50766.19625503831,0.0,0.0,2240.814234381349,53007.01048941967,0,0.0,9.094947017729282e-13,0.01638183300383389,1,0,0,0,1,0.0,0,causal_season,2026,causal_season_seed_2026,False
323,2025-11-20,11,2,80438.02375736264,80438.02375736264,0.0,0,22433.94913898985,20237.68076543859,3448.679350478046,2216.98181633892,2167.3060810913744,50449.30140893031,0.0,0.0,0.0,50449.3014089303,0,0.0,9.094947017729282e-13,0.020216124947182834,1,0,0,0,1,0.0,0,causal_season,2026,causal_season_seed_2026,False
324,2025-11-21,11,2,34732.40049648812,34732.40049648812,0.0,0,16798.183210703482,15378.558923343953,4448.39214246192,2167.3060810913744,1893.0374877204358,18750.622415416783,0.0,0.0,0.0,18750.622415416787,0,0.0,8.526512829121202e-13,0.06181404204107821,1,0,0,0,1,0.0,0,causal_season,2026,causal_season_seed_2026,False
325,2025-11-22,11,2,36897.86716122164,36897.86716122164,0.0,0,17393.94023320996,15072.825738157691,4356.923182836039,1893.0374877204358,2506.2247051265763,19883.98335152291,0.0,0.0,0.0,19883.98335152291,0,0.0,9.094947017729282e-13,0.06438937492202967,1,0,0,0,1,0.0,0,causal_season,2026,causal_season_seed_2026,False
326,2025-11-23,11,2,82107.90872196027,82107.90872196027,0.0,0,22534.928754450913,20471.63780330928,4812.521487485282,2506.2247051265763,2305.7342730779565,51868.879641959145,0.0,0.0,0.0,51868.879641959145,0,0.0,9.094947017729282e-13,0.015868207905441523,1,0,0,0,1,0.0,0,causal_season,2026,causal_season_seed_2026,False
327,2025-11-24,11,2,80298.30056615303,80298.30056615303,18.839666666666517,10,21253.351524595564,19870.57648451602,4772.421492740148,2305.7342730779565,1523.0071881741421,50321.19224992767,0.0,0.0,88.24499866666596,50409.437248594324,0,0.0,9.094947017729282e-13,0.015262334025464952,1,0,0,0,1,0.0,0,causal_season,2026,causal_season_seed_2026,False
328,2025-11-25,11,2,82034.37775119048,82034.37775119048,0.0,0,24005.15824689862,20985.511816017697,2846.0708536428865,1523.0071881741421,2175.6281497356467,51480.33946091896,0.0,0.0,0.0,51480.339460918956,0,0.0,9.094947017729282e-13,0.020625000004656613,1,0,0,0,1,0.0,0,causal_season,2026,causal_season_seed_2026,False
329,2025-11-26,11,2,83586.3137965732,83586.3137965732,32.99316666666664,10,23934.203162766935,20994.57060685718,3922.007523996788,2175.6281497356467,2751.3864041030383,52575.77291617673,0.0,0.0,154.53999266666654,52730.31290884341,0,0.0,9.094947017729282e-13,0.02016887499485165,1,0,0,0,1,0.0,0,causal_season,2026,causal_season_seed_2026,False
330,2025-11-27,11,2,81808.27813201526,81808.27813201526,0.0,0,22832.013452651954,20784.130198006147,3979.5021440361097,2751.3864041030383,2503.339357103315,51462.89345940234,0.0,0.0,0.0,51462.89345940234,0,0.0,9.094947017729282e-13,0.015973332920111716,1,0,0,0,1,0.0,0,causal_season,2026,causal_season_seed_2026,False
331,2025-11-28,11,2,35664.09783751661,35664.09783751661,0.0,0,17140.60787186527,15972.758913583903,3575.0103292352387,2503.339357103315,1927.581535681153,19308.405661626624,0.0,0.0,0.0,19308.405661626624,0,0.0,6.821210263296962e-13,0.071032291976735,1,0,0,0,1,0.0,0,causal_season,2026,causal_season_seed_2026,False
332,2025-11-29,11,2,37800.5195393936,37800.5195393936,0.0,0,17857.540765512542,15548.022251554794,561.5509254358522,1927.581535681153,2479.6777288815615,20312.055830212485,0.0,0.0,0.0,20312.05583021248,0,0.0,8.810729923425242e-13,0.04930600000079721,1,0,0,0,1,0.0,0,causal_season,2026,causal_season_seed_2026,False
333,2025-11-30,11,2,85183.46988903629,85183.46988903629,6.062833333333401,10,24177.215127885385,22059.544406921457,2827.033884739026,2479.6777288815615,2163.3964235806384,53790.602623564155,0.0,0.0,28.398311333333652,53819.00093489749,0,0.0,9.094947017729282e-13,0.014390708995051682,1,0,0,0,1,0.0,0,causal_season,2026,causal_season_seed_2026,False
334,2025-12-01,12,2,86689.89221297912,86689.89221297912,3348.217113884374,140,25657.175980320022,23018.79490844347,1100.8005216536112,2163.3964235806384,2239.9904502635845,54608.37288984657,0.0,0.0,16285.259930288114,70893.63282013466,0,0.0,9.094947017729282e-13,0.013714332948438823,1,0,0,0,1,0.0,0,causal_season,2026,causal_season_seed_2026,False
335,2025-12-02,12,2,86579.73666321614,86579.73666321614,3951.9789143956023,150,24746.24910418325,22882.770332156655,30.42685558514404,2239.9904502635845,1595.7858567521282,54686.047363010686,0.0,0.0,19751.861910599328,74437.90927361001,0,0.0,9.094947017729282e-13,0.015845249989069998,1,0,0,0,1,0.0,0,causal_season,2026,causal_season_seed_2026,False
336,2025-12-03,12,2,89428.77906472152,89428.77906472152,1221.3771337579142,70,26051.75044438225,23037.829490006596,473.4866774371127,1595.7858567521282,2026.6418766455713,56577.93227962266,0.0,0.0,6029.061033081966,62606.99331270463,0,0.0,9.094947017729282e-13,0.014103749999776483,1,0,0,0,1,0.0,0,causal_season,2026,causal_season_seed_2026,False
337,2025-12-04,12,2,86684.28298387738,86684.28298387738,4056.29349853983,170,23981.899418792153,21694.096348579234,1681.5646622042827,2026.6418766455713,1910.2838972301686,54768.50062640915,0.0,0.0,19761.95067824518,74530.45130465433,0,0.0,9.094947017729282e-13,0.014845625031739473,1,0,0,0,1,0.0,0,causal_season,2026,causal_season_seed_2026,False
338,2025-12-05,12,2,41398.118201265665,41398.118201265665,1375.965680476614,90,18905.763047989687,17608.132201206678,164.82535162592762,1910.2838972301686,1285.2645053694503,22256.75256820041,0.0,0.0,7464.5739212193,29721.326489419705,0,0.0,9.094947017729282e-13,0.04592725005932152,1,0,0,0,1,0.0,0,causal_season,2026,causal_season_seed_2026,False
339,2025-12-06,12,2,41740.76512648223,41740.76512648223,3906.055536237741,180,17643.92729984587,15661.737453792563,0.0,1285.2645053694503,1514.84282356719,21952.381620302556,0.0,0.0,23983.03771124905,45935.41933155162,0,0.0,9.023892744153272e-13,0.05569166596978903,1,0,0,0,1,0.0,0,causal_season,2026,causal_season_seed_2026,False
340,2025-12-07,12,2,89280.35405234198,89280.35405234198,1839.5629525334944,110,26017.017731925036,23259.750843980743,709.9688669311723,1514.84282356719,1678.822852594226,56359.977271183336,0.0,0.0,9098.75601755731,65458.733288740645,0,0.0,9.094947017729282e-13,0.016355167026631534,1,0,0,0,1,0.0,0,causal_season,2026,causal_season_seed_2026,False
341,2025-12-08,12,2,95556.06223978612,95556.06223978612,0.0,0,25197.500047002854,21979.632767697825,4490.98384381443,1678.822852594226,2414.703073147626,60947.43718842257,0.0,0.0,0.0,60947.4371884226,0,0.0,9.094947017729282e-13,0.01569437503349036,1,0,0,0,1,0.0,0,causal_season,2026,causal_season_seed_2026,False
342,2025-12-09,12,2,96004.84894523027,96004.84894523027,44.41799667462237,20,24876.659558472813,22396.58876672451,6180.741883489937,2414.703073147626,2406.6970672291263,61580.919022779606,0.0,0.0,258.710386858016,61839.62940963763,0,0.0,9.094947017729282e-13,0.015112291905097663,1,0,0,0,1,0.0,0,causal_season,2026,causal_season_seed_2026,False
343,2025-12-10,12,2,94460.74707994265,94460.74707994265,28.33248512582395,10,24246.9625422351,21785.819946471787,3640.3185026385027,2406.6970672291263,2445.114884444521,60385.50346668113,0.0,0.0,132.70936032935938,60518.21282701048,0,0.0,9.094947017729282e-13,0.014981832937337458,1,0,0,0,1,0.0,0,causal_season,2026,causal_season_seed_2026,False
344,2025-12-11,12,2,94894.87897704542,94894.87897704542,14.680946335191493,20,23584.071675366635,21321.931606854487,6686.165154868455,2445.114884444521,2343.6404522263615,60761.83592343789,0.0,0.0,76.33477719716348,60838.170700635055,0,0.0,9.094947017729282e-13,0.01530704100150615,1,0,0,0,1,0.0,0,causal_season,2026,causal_season_seed_2026,False
345,2025-12-12,12,2,47261.51919693195,47261.51919693195,0.0,0,19404.268109789737,17499.335011635172,1642.1726154440555,2343.6404522263615,2306.226793846001,24910.61390933866,0.0,0.0,0.0,24910.613909338652,0,0.0,8.748557434046234e-13,0.03334845800418407,1,0,0,0,1,0.0,0,causal_season,2026,causal_season_seed_2026,False
346,2025-12-13,12,2,49732.24851912215,49732.24851912215,0.0,0,19755.73911299686,17655.114964650933,3833.090987442887,2306.226793846001,2438.0413175160284,25974.357845852588,0.0,0.0,0.0,25974.35784585259,0,0.0,9.059419880941277e-13,0.037604958983138204,1,0,0,0,1,0.0,0,causal_season,2026,causal_season_seed_2026,False
347,2025-12-14,12,2,95817.53149842747,95817.53149842747,0.0,0,24239.18031592654,22002.573189694325,4802.202572195263,2438.0413175160284,2240.5982870069597,61375.64450808727,0.0,0.0,0.0,61375.644508087265,0,0.0,9.094947017729282e-13,0.015756832901388407,1,0,0,0,1,0.0,0,causal_season,2026,causal_season_seed_2026,False
348,2025-12-15,12,2,95615.6594695446,95615.6594695446,0.0,0,25487.676969328266,22887.94775407503,3546.372287624687,2240.5982870069597,2294.3164439779216,60912.89841702437,0.0,0.0,0.0,60912.89841702438,0,0.0,8.668621376273222e-13,0.016066250042058527,1,0,0,0,1,0.0,0,causal_season,2026,causal_season_seed_2026,False
349,2025-12-16,12,2,96524.3432375828,96524.3432375828,0.0,0,23986.115025337713,21596.231567828152,4716.368446739908,2294.3164439779216,2285.1162767122555,62169.01837164332,0.0,0.0,0.0,62169.01837164335,0,0.0,8.668621376273222e-13,0.014946833020076156,1,0,0,0,1,0.0,0,causal_season,2026,causal_season_seed_2026,False
350,2025-12-17,12,2,95954.14199530862,95954.14199530862,4.718934924875498,20,24923.549574671397,22123.74874989088,4967.213038786309,2285.1162767122555,2609.192676017646,61069.28455622924,0.0,0.0,26.80207012598708,61096.086626355216,0,0.0,9.094947017729282e-13,0.016575957997702062,1,0,0,0,1,0.0,0,causal_season,2026,causal_season_seed_2026,False
351,2025-12-18,12,2,93146.83788733924,93146.83788733924,188.97429485314893,20,25731.270853322792,23445.293695123102,3683.568057326041,2609.192676017646,2306.510076120855,59410.99724002918,0.0,0.0,934.1356369162074,60345.1328769454,0,0.0,9.094947017729282e-13,0.015455625019967556,1,0,0,0,1,0.0,0,causal_season,2026,causal_season_seed_2026,False
352,2025-12-19,12,2,48185.13728282551,48185.13728282551,0.0,0,19020.192423345765,17408.32643530793,3664.8799947876682,2306.510076120855,2000.6616914249441,25498.32296326503,0.0,0.0,0.0,25498.322963265025,0,0.0,9.094947017729282e-13,0.03459091600961983,1,0,0,0,1,0.0,0,causal_season,2026,causal_season_seed_2026,False
353,2025-12-20,12,2,48920.62107497495,48920.62107497495,0.0,0,20166.625632491887,18031.64967404976,3929.2928665328236,2000.6616914249441,2125.3749602640396,25643.134649248525,0.0,0.0,0.0,25643.134649248525,0,0.0,9.094947017729282e-13,0.062178832944482565,1,0,0,0,1,0.0,0,causal_season,2026,causal_season_seed_2026,False
354,2025-12-21,12,2,95143.54426915015,95143.54426915015,16.855765926695994,10,24865.198477965176,22221.992146775407,3479.411837220405,2125.3749602640396,2290.537015625647,60890.58753952954,0.0,0.0,97.90671638521368,60988.494255914746,0,0.0,9.094947017729282e-13,0.015381667064502835,1,0,0,0,1,0.0,0,causal_season,2026,causal_season_seed_2026,False
355,2025-12-22,12,2,95876.83837303321,95876.83837303321,26.843219122966843,20,25353.381593936792,22983.825507437843,4596.6984223239,2290.537015625647,2115.7873671018374,61041.560567242326,0.0,0.0,143.90504617493755,61185.46561341724,0,0.0,9.094947017729282e-13,0.015740167000330985,1,0,0,0,1,0.0,0,causal_season,2026,causal_season_seed_2026,False
356,2025-12-23,12,2,96161.24692141498,96161.24692141498,0.0,0,24379.119008957423,21650.487097202047,6174.522476326268,2115.7873671018374,2422.2331656702786,61426.37637484875,0.0,0.0,0.0,61426.376374848776,0,0.0,9.094947017729282e-13,0.014634958002716303,1,0,0,0,1,0.0,0,causal_season,2026,causal_season_seed_2026,False
357,2025-12-24,12,2,94569.27156422428,94569.27156422428,41.376939255681464,10,25707.79868143109,23137.133970044117,4185.4244754263245,2422.2331656702786,2422.111779791168,60338.66009375594,0.0,0.0,240.33795166662577,60578.998045422544,0,0.0,9.094947017729282e-13,0.013834250043146312,1,0,0,0,1,0.0,0,causal_season,2026,causal_season_seed_2026,False
358,2025-12-25,12,2,93870.6316438005,93870.6316438005,65.52440518147284,20,24619.36956682604,22317.331883395986,3821.66983221859,2422.111779791168,2253.563146563268,60131.453573790015,0.0,0.0,304.70396327657795,60436.1575370666,0,0.0,9.094947017729282e-13,0.015930957975797355,1,0,0,0,1,0.0,0,causal_season,2026,causal_season_seed_2026,False
359,2025-12-26,12,2,48473.29996330884,48473.29996330884,0.0,0,20134.678122273417,17762.95666808191,3093.9560757840054,2253.563146563268,2631.195642782341,25604.70947076165,0.0,0.0,0.0,25604.70947076165,0,0.0,9.094947017729282e-13,0.03825187508482486,1,0,0,0,1,0.0,0,causal_season,2026,causal_season_seed_2026,False
360,2025-12-27,12,2,48027.5829144124,48027.5829144124,0.0,0,19407.646010359713,17704.625219284095,2985.7530566701134,2631.195642782341,2380.591663088698,25236.660056383505,0.0,0.0,0.0,25236.6600563835,0,0.0,9.094947017729282e-13,0.065140875056386,1,0,0,0,1,0.0,0,causal_season,2026,causal_season_seed_2026,False
361,2025-12-28,12,2,95054.77238872723,95054.77238872723,58.94388746309744,20,23593.744789845765,21173.9416349435,5884.658371288053,2380.591663088698,2444.289080384714,60750.799644902305,0.0,0.0,343.50955125571943,61094.30919615803,0,0.0,9.094947017729282e-13,0.016178749967366457,1,0,0,0,1,0.0,0,causal_season,2026,causal_season_seed_2026,False
362,2025-12-29,12,2,94478.74992487242,94478.74992487242,0.0,0,23626.049381184093,21435.52668434419,4764.46096136585,2444.289080384714,2262.8984712824717,60486.76194561095,0.0,0.0,0.0,60486.761945610946,0,0.0,8.313350008393172e-13,0.014796791947446764,1,0,0,0,1,0.0,0,causal_season,2026,causal_season_seed_2026,False
363,2025-12-30,12,2,94451.80873407498,94451.80873407498,30.34955048573272,10,24099.905858568785,21594.783509066227,5752.633335058161,2262.8984712824717,2363.176154932183,60043.00038005347,0.0,0.0,177.28689916240768,60220.28727921588,0,0.0,9.094947017729282e-13,0.015675459057092667,1,0,0,0,1,0.0,0,causal_season,2026,causal_season_seed_2026,False
364,2025-12-31,12,2,93397.6672606272,93397.6672606272,12.019190648812696,10,25818.29300697538,23380.240261985997,2325.2107729533,2363.176154932183,2211.6223582082353,59739.2103471728,0.0,0.0,54.68130785677336,59793.891655029554,0,0.0,9.094947017729282e-13,0.015415000030770898,1,0,0,0,1,0.0,0,causal_season,2026,causal_season_seed_2026,False
31,2025-02-01,2,2,45103.9434766888,45103.9434766888,0.0,0,19158.99090432415,16096.791094420696,7663.5677334520105,1421.7991105135516,2630.1061628529546,23242.4512821627,0.0,0.0,0.0,23242.451282162692,0,0.0,8.988365607365267e-13,0.04022470803465694,1,0,0,0,1,0.0,0,causal_season,3407,causal_season_seed_3407,False
32,2025-02-02,2,2,88944.16791288462,88944.16791288462,0.0,0,21777.76934436021,19779.383148133886,8589.50376665828,2630.1061628529546,2441.0117215590753,56029.1523568623,0.0,0.0,0.0,56029.15235686231,0,0.0,8.810729923425242e-13,0.01412983296904713,1,0,0,0,1,0.0,0,causal_season,3407,causal_season_seed_3407,False
33,2025-02-03,2,2,86958.46426153829,86958.46426153829,0.0,0,22630.858847445415,20474.262655362403,4584.951569455277,2441.0117215590753,2328.761729511827,54510.70642551043,0.0,0.0,0.0,54510.70642551045,0,0.0,9.023892744153272e-13,0.019323165994137526,1,0,0,0,1,0.0,0,causal_season,3407,causal_season_seed_3407,False
34,2025-02-04,2,2,89526.87605421952,89526.87605421952,0.0,0,23545.370505592582,21066.473075260263,5853.114673887199,2328.761729511827,2459.8490797672903,56124.74275510589,0.0,0.0,0.0,56124.74275510588,0,0.0,9.094947017729282e-13,0.014804375008679926,1,0,0,0,1,0.0,0,causal_season,3407,causal_season_seed_3407,False
35,2025-02-05,2,2,90741.10554094762,90741.10554094762,0.0,0,22609.80049123654,20543.309607806284,7926.187674184042,2459.8490797672903,2254.839498494937,57352.81499416287,0.0,0.0,0.0,57352.81499416288,0,0.0,9.094947017729282e-13,0.015305125038139522,1,0,0,0,1,0.0,0,causal_season,3407,causal_season_seed_3407,False
36,2025-02-06,2,2,90410.68691712548,90410.68691712548,0.0,0,21572.478874324872,19350.187322310856,7917.338148444802,2254.839498494937,2323.4015409754907,57011.69026734452,0.0,0.0,0.0,57011.6902673445,0,0.0,9.094947017729282e-13,0.015383166028186679,1,0,0,0,1,0.0,0,causal_season,3407,causal_season_seed_3407,False
37,2025-02-07,2,2,43003.042039410946,43003.042039410946,0.0,0,18103.600816057293,16608.467371992774,9702.22892867976,2323.4015409754907,1991.123489713298,22146.25647839845,0.0,0.0,0.0,22146.256478398464,0,0.0,9.032774528350274e-13,0.03359037498012185,1,0,0,0,1,0.0,0,causal_season,3407,causal_season_seed_3407,False
38,2025-02-08,2,2,37897.988977169945,37897.988977169945,0.0,0,17838.21284923061,16020.957760353245,4503.571171625911,1991.123489713298,2026.3658134930165,19645.698329459727,0.0,0.0,0.0,19645.69832945973,0,0.0,9.094947017729282e-13,0.05076445802114904,1,0,0,0,1,0.0,0,causal_season,3407,causal_season_seed_3407,False
39,2025-02-09,2,2,82566.30128211164,82566.30128211164,146.8905121814185,10,24742.589900876745,22581.24231334366,996.4282400933062,2026.3658134930165,1696.5282341895756,51269.66187620844,0.0,0.0,586.827596164767,51856.48947237321,0,0.0,9.094947017729282e-13,0.020853125024586916,1,0,0,0,1,0.0,0,causal_season,3407,causal_season_seed_3407,False
40,2025-02-10,2,2,85833.40929461452,85833.40929461452,2.823917698428204,10,20990.361812804393,18938.312865833625,9457.546682008851,1696.5282341895756,1646.9993403993851,53343.1276458996,0.0,0.0,12.847413568999116,53355.975059468605,0,0.0,9.094947017729282e-13,0.014587249956093729,1,0,0,0,1,0.0,0,causal_season,3407,causal_season_seed_3407,False
41,2025-02-11,2,2,80869.04471660117,80869.04471660117,0.0,0,23760.720597957858,21385.54891223998,3273.2758975499673,1646.9993403993851,1646.0502627886015,49959.82735914263,0.0,0.0,0.0,49959.827359142626,0,0.0,8.277822871605167e-13,0.01548591605387628,1,0,0,0,1,0.0,0,causal_season,3407,causal_season_seed_3407,False
42,2025-02-12,2,2,82925.86686749736,82925.86686749736,0.0,0,22129.105140288455,19809.426178156373,5339.451772031952,1646.0502627886015,1758.5940888711696,51439.841867299125,0.0,0.0,0.0,51439.841867299154,0,0.0,9.094947017729282e-13,0.015274541918188334,1,0,0,0,1,0.0,0,causal_season,3407,causal_season_seed_3407,False
43,2025-02-13,2,2,82819.24291100955,82819.24291100955,0.0,0,20455.334136820573,18401.911657037006,9436.341414559316,1758.5940888711696,1766.9098947019722,51518.070573902594,0.0,0.0,0.0,51518.0705739026,0,0.0,8.544276397515205e-13,0.015503290924243629,1,0,0,0,1,0.0,0,causal_season,3407,causal_season_seed_3407,False
44,2025-02-14,2,2,35274.382657730406,35274.382657730406,0.0,0,17526.54176969979,15762.410336586156,3708.449407950105,1766.9098947019722,1779.007984936339,18265.082693797314,0.0,0.0,0.0,18265.082693797314,0,0.0,8.526512829121202e-13,0.06740904098842293,1,0,0,0,1,0.0,0,causal_season,3407,causal_season_seed_3407,False
45,2025-02-15,2,2,35513.94828478324,35513.94828478324,0.0,0,17002.127695489064,15472.8225309419,4704.552020236078,1779.007984936339,1598.855551186366,18507.983634954588,0.0,0.0,0.0,18507.983634954588,0,0.0,7.958078640513122e-13,0.05650975008029491,1,0,0,0,1,0.0,0,causal_season,3407,causal_season_seed_3407,False
46,2025-02-16,2,2,80299.32656239005,80299.32656239005,23.15728991621495,10,22949.482780972863,20647.05457390373,2642.676545237129,1598.855551186366,1606.7400886154626,49597.224912305486,0.0,0.0,105.35409047381991,49702.579002779305,0,0.0,9.094947017729282e-13,0.015697208000347018,1,0,0,0,1,0.0,0,causal_season,3407,causal_season_seed_3407,False
47,2025-02-17,2,2,80786.34749892379,80786.34749892379,0.0,0,19788.05886556076,17833.493790176944,7647.919256873314,1606.7400886154626,1581.1880300706705,49865.35822351114,0.0,0.0,0.0,49865.35822351113,0,0.0,8.855138844410249e-13,0.015499833039939404,1,0,0,0,1,0.0,0,causal_season,3407,causal_season_seed_3407,False
48,2025-02-18,2,2,78025.18676857871,78025.18676857871,27.0431476566622,10,21690.21172433505,19192.387338734712,3463.017747301715,1581.1880300706705,1927.7770486003471,48154.890407054234,0.0,0.0,123.03280026398468,48277.923207318214,0,0.0,9.094947017729282e-13,0.01528000005055219,1,0,0,0,1,0.0,0,causal_season,3407,causal_season_seed_3407,False
49,2025-02-19,2,2,78956.75619498269,78956.75619498269,55.5432091306227,20,22910.470807396538,21000.15920908071,4222.660422464159,1927.7770486003471,1526.4466117662448,48681.465881708195,0.0,0.0,247.0103026198208,48928.47618432801,0,0.0,9.094947017729282e-13,0.015551625052466989,1,0,0,0,1,0.0,0,causal_season,3407,causal_season_seed_3407,False
50,2025-02-20,2,2,79015.79014068966,79015.79014068966,32.97975028184203,10,21194.695343249106,18917.289556135915,5778.23037052498,1526.4466117662448,1692.9260397406047,48920.17240066621,0.0,0.0,154.47715032014804,49074.64955098636,0,0.0,9.094947017729282e-13,0.019554167054593563,1,0,0,0,1,0.0,0,causal_season,3407,causal_season_seed_3407,False
51,2025-02-21,2,2,34596.93235857719,34596.93235857719,0.0,0,16832.142563724323,15060.842928778577,7265.370690298115,1692.9260397406047,1785.7761813572233,17848.38366380808,0.0,0.0,0.0,17848.383663808076,0,0.0,9.094947017729282e-13,0.05642862501554191,1,0,0,0,1,0.0,0,causal_season,3407,causal_season_seed_3407,False
52,2025-02-22,2,2,34593.77499223414,34593.77499223414,0.0,0,16849.924633046056,14958.748051408784,4857.835527263535,1785.7761813572233,2003.1133251188558,17914.078823187276,0.0,0.0,0.0,17914.07882318728,0,0.0,9.094947017729282e-13,0.056783791980706155,1,0,0,0,1,0.0,0,causal_season,3407,causal_season_seed_3407,False
53,2025-02-23,2,2,78358.93758362379,78358.93758362379,0.0,0,21569.09733186273,19800.101259314353,5058.08782774208,2003.1133251188558,1594.2164240823997,48249.67616412166,0.0,0.0,0.0,48249.676164121665,0,0.0,9.094947017729282e-13,0.01506095810327679,1,0,0,0,1,0.0,0,causal_season,3407,causal_season_seed_3407,False
54,2025-02-24,2,2,76771.65137480138,76771.65137480138,41.577930895676786,20,19978.894849260567,18042.835480561662,6674.136320331496,1594.2164240823997,1529.0417589921499,47057.79072200716,0.0,0.0,186.76193456535006,47244.552656572494,0,0.0,9.094947017729282e-13,0.023906458052806556,1,0,0,0,1,0.0,0,causal_season,3407,causal_season_seed_3407,False
55,2025-02-25,2,2,75398.10797205876,75398.10797205876,21.290256916305452,20,19866.754730908186,17848.122272053773,7579.4425367873255,1529.0417589921499,1562.7273797143273,46277.82299439447,0.0,0.0,93.8457364666904,46371.66873086115,0,0.0,9.094947017729282e-13,0.015260874992236495,1,0,0,0,1,0.0,0,causal_season,3407,causal_season_seed_3407,False
56,2025-02-26,2,2,74439.7292616636,74439.7292616636,0.0,0,21397.71582351165,18573.070764753127,2800.236169571748,1562.7273797143273,2284.6474112092747,45674.26047640762,0.0,0.0,0.0,45674.26047640762,0,0.0,8.952838470577262e-13,0.014304333017207682,1,0,0,0,1,0.0,0,causal_season,3407,causal_season_seed_3407,False
57,2025-02-27,2,2,74917.23634278594,74917.23634278594,0.0,0,21264.436762023746,19595.944699271113,6292.160080033302,2284.6474112092747,1801.924025659206,46157.531281928044,0.0,0.0,0.0,46157.53128192804,0,0.0,8.86402062860725e-13,0.015050083980895579,1,0,0,0,1,0.0,0,causal_season,3407,causal_season_seed_3407,False
58,2025-02-28,2,2,33585.74619205311,33585.74619205311,0.0,0,16379.308863936674,14730.517528910059,8644.361307026502,1801.924025659206,1813.3719436896658,17182.993926612704,0.0,0.0,0.0,17182.993926612704,0,0.0,9.094947017729282e-13,0.07563262491021305,1,0,0,0,1,0.0,0,causal_season,3407,causal_season_seed_3407,False
59,2025-03-01,3,2,33200.908352913895,33200.908352913895,0.0,0,15595.305868873378,14049.670615171366,7996.507165878553,1813.3719436896658,1798.7249764521482,17066.65920479353,0.0,0.0,0.0,17066.65920479353,0,0.0,8.686384944667225e-13,0.05538487492594868,1,0,0,0,1,0.0,0,causal_season,3407,causal_season_seed_3407,False
60,2025-03-02,3,2,76649.67108612714,76649.67108612714,1565.6187357164813,70,19981.204471247805,18297.78340421275,4173.561688141912,1798.7249764521482,1467.0027033432884,47220.87686604695,0.0,0.0,10576.991554583752,57797.86842063069,0,0.0,9.094947017729282e-13,0.024313375004567206,1,0,0,0,1,0.0,0,causal_season,3407,causal_season_seed_3407,False
61,2025-03-03,3,2,79093.96723800217,79093.96723800217,0.0,0,23298.421016402255,20984.80334139869,4763.2029296652645,1467.0027033432884,1449.9006560425814,48245.13763826788,0.0,0.0,0.0,48245.137638267865,0,0.0,9.094947017729282e-13,0.01521679200232029,1,0,0,0,1,0.0,0,causal_season,3407,causal_season_seed_3407,False
62,2025-03-04,3,2,79295.71247623113,79295.71247623113,0.0,0,20310.950605748116,18084.14952467888,7869.453461828571,1449.9006560425814,1656.1929148992406,48708.32347726499,0.0,0.0,0.0,48708.32347726498,0,0.0,9.094947017729282e-13,0.01584929204545915,1,0,0,0,1,0.0,0,causal_season,3407,causal_season_seed_3407,False
63,2025-03-05,3,2,77168.927157335,77168.927157335,0.0,0,18693.61040810051,16909.530959765103,9254.37569233293,1656.1929148992406,1566.2982233305252,47375.47677604465,0.0,0.0,0.0,47375.47677604464,0,0.0,8.952838470577262e-13,0.016353624989278615,1,0,0,0,1,0.0,0,causal_season,3407,causal_season_seed_3407,False
64,2025-03-06,3,2,73720.95779025852,73720.95779025852,230.16798609817545,40,20257.753098385794,18547.674826078925,6300.3933707165,1566.2982233305252,1233.5243269412335,44840.04246808803,0.0,0.0,1530.7984695822142,46370.84093767025,0,0.0,9.094947017729282e-13,0.01617962506134063,1,0,0,0,1,0.0,0,causal_season,3407,causal_season_seed_3407,False
65,2025-03-07,3,2,32685.25278873379,32685.25278873379,0.0,0,15458.325601199893,13396.35190477322,9700.993558973783,1233.5243269412335,1777.5848552200812,16770.828942625867,0.0,0.0,0.0,16770.828942625867,0,0.0,7.958078640513122e-13,0.04635845893062651,1,0,0,0,1,0.0,0,causal_season,3407,causal_season_seed_3407,False
66,2025-03-08,3,2,30834.941800190772,30834.941800190772,0.0,0,15243.291174575506,13653.81185101014,10182.322959958741,1777.5848552200812,1846.2592023301168,16032.03535312027,0.0,0.0,0.0,16032.035353120275,0,0.0,7.389644451905042e-13,0.057076541939750314,1,0,0,0,1,0.0,0,causal_season,3407,causal_season_seed_3407,False
67,2025-03-09,3,2,69755.91832832404,69755.91832832404,0.0,0,21430.614924254493,19463.637154516473,4455.415508586028,1846.2592023301168,1660.6506614722084,42331.85941097215,0.0,0.0,0.0,42331.859410972145,0,0.0,9.07718344933528e-13,0.015899416990578175,1,0,0,0,1,0.0,0,causal_season,3407,causal_season_seed_3407,False
68,2025-03-10,3,2,69258.59360354755,69258.59360354755,1066.3807261522854,40,21228.90616537963,19229.39303165375,283.38974597394053,1660.6506614722084,1530.5993755840516,41860.270982313035,0.0,0.0,7357.023767774471,49217.2947500875,0,0.0,9.094947017729282e-13,0.03626462502870709,1,0,0,0,1,0.0,0,causal_season,3407,causal_season_seed_3407,False
69,2025-03-11,3,2,73675.5493017557,73675.5493017557,70.17181809852775,10,19308.756535941935,17186.699902894907,7684.745686807215,1530.5993755840516,1732.1218223749877,44350.9613082054,0.0,0.0,489.5186030553296,44840.47991126074,0,0.0,9.094947017729282e-13,0.0255870419787243,1,0,0,0,1,0.0,0,causal_season,3407,causal_season_seed_3407,False
70,2025-03-12,3,2,70344.93163621993,70344.93163621993,0.0,0,20831.141460054456,19036.74285152794,6114.998344360078,1732.1218223749877,1427.7889242706146,42376.702907489314,0.0,0.0,0.0,42376.70290748934,0,0.0,9.094947017729282e-13,0.015773791004903615,1,0,0,0,1,0.0,0,causal_season,3407,causal_season_seed_3407,False
71,2025-03-13,3,2,67770.19952614266,67770.19952614266,2378.6963107081137,110,20846.194225969954,18757.521507101308,514.6051013154676,1427.7889242706146,1432.0614736872433,40616.04065830397,0.0,0.0,14286.94221782849,54902.98287613247,0,0.0,9.094947017729282e-13,0.03801433299668133,1,0,0,0,1,0.0,0,causal_season,3407,causal_season_seed_3407,False
72,2025-03-14,3,2,29726.887988641367,29726.887988641367,0.0,0,15229.814076593932,13385.763756025226,11853.411684739325,1432.0614736872433,1770.4978239098027,15298.561199511725,0.0,0.0,0.0,15298.561199511725,0,0.0,7.736034035588091e-13,0.04735120793338865,1,0,0,0,1,0.0,0,causal_season,3407,causal_season_seed_3407,False
73,2025-03-15,3,2,29957.251968843724,29957.251968843724,0.0,0,14580.51953712785,13580.03263102927,8032.639912745142,1770.4978239098027,1288.1819145283748,15375.906516528637,0.0,0.0,0.0,15375.906516528636,0,0.0,9.094947017729282e-13,0.04993141605518758,1,0,0,0,1,0.0,0,causal_season,3407,causal_season_seed_3407,False
74,2025-03-16,3,2,70700.62816599378,70700.62816599378,1.6399999999999864,10,20977.866524313264,18683.40163094316,5056.756339290338,1288.1819145283748,1495.4989837156795,42360.10249412676,0.0,0.0,7.461179999999938,42367.56367412676,0,0.0,9.094947017729282e-13,0.03470533399377018,1,0,0,0,1,0.0,0,causal_season,3407,causal_season_seed_3407,False
75,2025-03-17,3,2,69023.66459295385,69023.66459295385,0.0,0,20219.22594817968,17728.03248830114,8674.339699741977,1495.4989837156795,1990.153908098655,41331.47533405403,0.0,0.0,0.0,41331.475334054034,0,0.0,9.094947017729282e-13,0.01613070792518556,1,0,0,0,1,0.0,0,causal_season,3407,causal_season_seed_3407,False
76,2025-03-18,3,2,63734.45289207462,63734.45289207462,1218.7218370646247,80,20919.67619042431,19184.834709737406,2092.3748817856876,1990.153908098655,1613.7099050373495,38150.58897633589,0.0,0.0,6163.815123483684,44314.40409981959,0,0.0,9.094947017729282e-13,0.053774166968651116,1,0,0,0,1,0.0,0,causal_season,3407,causal_season_seed_3407,False
77,2025-03-19,3,2,67712.74139660024,67712.74139660024,0.0,0,21238.124469394283,18659.37779683844,5668.524274044392,1613.7099050373495,2093.252684541617,40621.52485873088,0.0,0.0,0.0,40621.52485873089,0,0.0,9.023892744153272e-13,0.03251116699539125,1,0,0,0,1,0.0,0,causal_season,3407,causal_season_seed_3407,False
78,2025-03-20,3,2,65836.79656615938,65836.79656615938,356.52825380925805,10,20652.907150999643,19057.948200395564,2389.404052697881,2093.252684541617,1597.479473963978,39605.66296342663,0.0,0.0,2487.141098573384,42092.804062000025,0,0.0,9.023892744153272e-13,0.07681966596283019,1,0,0,0,1,0.0,0,causal_season,3407,causal_season_seed_3407,False
79,2025-03-21,3,2,29357.06598633307,29357.06598633307,0.0,0,14546.476328652985,13258.738667237449,16035.86380825086,1597.479473963978,1421.5409159723386,15108.659835445187,0.0,0.0,0.0,15108.659835445189,0,0.0,7.389644451905042e-13,0.0488099999492988,1,0,0,0,1,0.0,0,causal_season,3407,causal_season_seed_3407,False
80,2025-03-22,3,2,29865.648465242975,29865.648465242975,0.0,0,14759.054141749328,12465.53093973636,11690.925529896671,1421.5409159723386,2283.3857376511723,15246.447424135431,0.0,0.0,0.0,15246.447424135433,0,0.0,7.340794638821535e-13,0.05167624994646758,1,0,0,0,1,0.0,0,causal_season,3407,causal_season_seed_3407,False
81,2025-03-23,3,2,65989.66358490982,65989.66358490982,21.44933567453528,30,20522.22442569327,19152.106755986213,5871.275134210634,2283.3857376511723,1564.3841759456436,39492.001015495436,0.0,0.0,147.89438814180997,39639.89540363725,0,0.0,9.07718344933528e-13,0.03604641603305936,1,0,0,0,1,0.0,0,causal_season,3407,causal_season_seed_3407,False
82,2025-03-24,3,2,63743.09809915059,63743.09809915059,343.83608378235584,10,20821.895939124755,18999.771729901502,4266.312890376371,1564.3841759456436,1290.2511905503636,37907.64248614771,0.0,0.0,2398.6005204657145,40306.24300661344,0,0.0,9.094947017729282e-13,0.03904704097658396,1,0,0,0,1,0.0,0,causal_season,3407,causal_season_seed_3407,False
83,2025-03-25,3,2,64429.71367785115,64429.71367785115,44.976586686807096,30,22088.66231305372,19739.406400751963,1175.3096355695352,1290.2511905503636,1438.234907861369,38418.94121156908,0.0,0.0,212.47407909315444,38631.41529066222,0,0.0,8.881784197001252e-13,0.06786437495611608,1,0,0,0,1,0.0,0,causal_season,3407,causal_season_seed_3407,False
84,2025-03-26,3,2,66104.88757598639,66104.88757598639,0.0,0,20440.311358765222,18328.443705876885,8400.465056431385,1438.234907861369,1509.7408752914016,39272.94247620474,0.0,0.0,0.0,39272.94247620474,0,0.0,9.094947017729282e-13,0.042749500018544495,1,0,0,0,1,0.0,0,causal_season,3407,causal_season_seed_3407,False
85,2025-03-27,3,2,61822.15478403749,61822.15478403749,285.9589899526352,60,20528.936712921328,18666.14513351982,1528.3327945886276,1509.7408752914016,1309.355675845732,36843.112608645664,0.0,0.0,1723.8908088742028,38567.00341751987,0,0.0,8.952838470577262e-13,0.03638833400327712,1,0,0,0,1,0.0,0,causal_season,3407,causal_season_seed_3407,False
86,2025-03-28,3,2,29327.433612828412,29327.433612828412,0.0,0,14667.664229827009,12623.850893945226,16461.739510279964,1309.355675845732,1917.6165296890272,14872.074952296463,0.0,0.0,0.0,14872.074952296467,0,0.0,8.526512829121202e-13,0.04549762501846999,1,0,0,0,1,0.0,0,causal_season,3407,causal_season_seed_3407,False
87,2025-03-29,3,2,28406.117569576483,28406.117569576483,0.0,0,13589.82786803618,12408.932390045295,19518.01290825227,1917.6165296890272,1729.8960236163518,14291.493658597828,0.0,0.0,0.0,14291.493658597823,0,0.0,8.348877145181177e-13,0.04523066699039191,1,0,0,0,1,0.0,0,causal_season,3407,causal_season_seed_3407,False
88,2025-03-30,3,2,58875.538929261704,58875.538929261704,0.0,0,21125.239383313536,18978.233845879928,1382.913691828088,1729.8960236163518,1766.2428204590044,35443.57549201549,0.0,0.0,0.0,35443.575492015465,0,0.0,9.094947017729282e-13,0.0405082079814747,1,0,0,0,1,0.0,0,causal_season,3407,causal_season_seed_3407,False
89,2025-03-31,3,2,60347.028778260516,60347.028778260516,118.19332702922952,10,19834.636698175287,17924.73987050251,1603.935794283629,1766.2428204590044,1688.6965599778391,35910.31408320796,0.0,0.0,824.5166493559052,36734.83073256386,0,0.0,8.970602038971265e-13,0.03225762501824647,1,0,0,0,1,0.0,0,causal_season,3407,causal_season_seed_3407,False
90,2025-04-01,4,2,64799.74137473752,64799.74137473752,0.0,0,20395.3529980209,18155.81892468124,2351.3557847311845,1688.6965599778391,1899.5137778508092,38593.77829436343,0.0,0.0,0.0,38593.77829436342,0,0.0,9.094947017729282e-13,0.03160037496127188,1,0,0,0,1,0.0,0,causal_season,3407,causal_season_seed_3407,False
91,2025-04-02,4,2,65663.450543941,65663.450543941,1229.1727661900827,90,20741.111335537295,18793.91397480228,4510.090549396062,1899.5137778508092,1765.7349150000439,38846.97558245955,0.0,0.0,6052.834569856295,44899.81015231584,0,0.0,9.023892744153272e-13,0.05658429104369134,1,0,0,0,1,0.0,0,causal_season,3407,causal_season_seed_3407,False
92,2025-04-03,4,2,66750.67063895718,66750.67063895718,0.0,0,19640.414532205756,17826.33417231816,9073.060012402922,1765.7349150000439,1607.6620432196123,39653.89548319074,0.0,0.0,0.0,39653.89548319075,0,0.0,9.023892744153272e-13,0.015229125041514635,1,0,0,0,1,0.0,0,causal_season,3407,causal_season_seed_3407,False
93,2025-04-04,4,2,28556.501743777964,28556.501743777964,0.0,0,13825.713400711924,12039.778567016805,20339.764660082845,1607.6620432196123,2032.844498157749,14407.682212222877,0.0,0.0,0.0,14407.682212222877,0,0.0,7.389644451905042e-13,0.05321012495551258,1,0,0,0,1,0.0,0,causal_season,3407,causal_season_seed_3407,False
94,2025-04-05,4,2,27898.577074697005,27898.577074697005,0.0,0,12930.846207294167,11953.608172495804,14877.224056565308,2032.844498157749,1699.912963914336,14012.648247016648,0.0,0.0,0.0,14012.648247016652,0,0.0,7.389644451905042e-13,0.05534883390646428,1,0,0,0,1,0.0,0,causal_season,3407,causal_season_seed_3407,False
95,2025-04-06,4,2,64221.21428234813,64221.21428234813,0.0,0,19948.850575374297,17835.078469285112,7697.365909592282,1699.912963914336,1825.2309164871872,38039.72308549827,0.0,0.0,0.0,38039.72308549828,0,0.0,9.023892744153272e-13,0.03578999999444932,1,0,0,0,1,0.0,0,causal_season,3407,causal_season_seed_3407,False
96,2025-04-07,4,2,62142.01068054626,62142.01068054626,0.0,0,19332.004191806613,17536.89626201463,7104.183467420949,1825.2309164871872,1679.6686517435674,36860.18069892365,0.0,0.0,0.0,36860.18069892364,0,0.0,9.023892744153272e-13,0.05136583303101361,1,0,0,0,1,0.0,0,causal_season,3407,causal_season_seed_3407,False
97,2025-04-08,4,2,62094.66025092061,62094.66025092061,296.6547887150683,50,20649.94106439304,18883.448404104478,6271.628762680452,1679.6686517435674,1365.0205001800912,36856.56053379543,0.0,0.0,1503.2589461190537,38359.819479914484,0,0.0,9.094947017729282e-13,0.03219858300872147,1,0,0,0,1,0.0,0,causal_season,3407,causal_season_seed_3407,False
98,2025-04-09,4,2,63158.43974261361,63158.43974261361,0.0,0,20221.40241320808,17866.004502737254,1668.7308154761163,1365.0205001800912,1716.3049275910453,37609.50134361082,0.0,0.0,0.0,37609.50134361081,0,0.0,8.952838470577262e-13,0.03461091697681695,1,0,0,0,1,0.0,0,causal_season,3407,causal_season_seed_3407,False
99,2025-04-10,4,2,65408.29239198945,65408.29239198945,0.0,0,19999.79153956246,18031.805608864688,8979.668561291688,1716.3049275910453,1682.5811091953583,38566.27153009557,0.0,0.0,0.0,38566.27153009556,0,0.0,9.094947017729282e-13,0.040704207960516214,1,0,0,0,1,0.0,0,causal_season,3407,causal_season_seed_3407,False
100,2025-04-11,4,2,28002.896580559594,28002.896580559594,0.0,0,13243.781641218202,11815.256370489335,21257.72114316406,1682.5811091953583,1792.3617987269029,14145.527779815739,0.0,0.0,0.0,14145.527779815744,0,0.0,9.094947017729282e-13,0.06152124993968755,1,0,0,0,1,0.0,0,causal_season,3407,causal_season_seed_3407,False
101,2025-04-12,4,2,27539.213642440467,27539.213642440467,0.0,0,12663.081967031401,11171.47082521339,17022.44195062246,1792.3617987269029,2029.8519554292016,13761.709000924124,0.0,0.0,0.0,13761.709000924122,0,0.0,7.958078640513122e-13,0.04495320899877697,1,0,0,0,1,0.0,0,causal_season,3407,causal_season_seed_3407,False
102,2025-04-13,4,2,61262.29711577216,61262.29711577216,0.0,0,19867.56405761987,18121.24734175508,5239.621916574041,2029.8519554292016,1776.4062687692976,36215.12590731727,0.0,0.0,0.0,36215.125907317284,0,0.0,8.952838470577262e-13,0.06443412497173995,1,0,0,0,1,0.0,0,causal_season,3407,causal_season_seed_3407,False
103,2025-04-14,4,2,61522.00342593603,61522.00342593603,0.0,0,19727.768125693194,17749.381648456045,7015.585148698882,1776.4062687692976,1782.319374522677,36197.67996033389,0.0,0.0,0.0,36197.67996033389,0,0.0,9.094947017729282e-13,0.050289540900848806,1,0,0,0,1,0.0,0,causal_season,3407,causal_season_seed_3407,False
104,2025-04-15,4,2,60125.96331404359,60125.96331404359,0.0,0,19112.18294618802,16936.31200612944,7810.663540651671,1782.319374522677,2061.287757315569,35506.0723949279,0.0,0.0,0.0,35506.07239492789,0,0.0,8.739675649849232e-13,0.032285750028677285,1,0,0,0,1,0.0,0,causal_season,3407,causal_season_seed_3407,False
105,2025-04-16,4,2,59357.37909177156,59357.37909177156,0.0,0,19394.5080160477,17651.693234896185,1834.9723606200484,2061.287757315569,1854.0151924276504,35372.67480554144,0.0,0.0,0.0,35372.674805541435,0,0.0,9.00612917575927e-13,0.050544540979899466,1,0,0,0,1,0.0,0,causal_season,3407,causal_season_seed_3407,False
106,2025-04-17,4,2,62317.51161765689,62317.51161765689,0.0,0,19365.396501815336,17422.197401784415,7505.970167625968,1854.0151924276504,1861.0348689235625,36754.30610152368,0.0,0.0,0.0,36754.30610152368,0,0.0,9.094947017729282e-13,0.0556897500064224,1,0,0,0,1,0.0,0,causal_season,3407,causal_season_seed_3407,False
107,2025-04-18,4,2,27461.989285546457,27461.989285546457,0.0,0,13091.242701543706,11253.512670434011,19270.14207110343,1861.0348689235625,2418.234265225341,13761.460088899448,0.0,0.0,0.0,13761.460088899443,0,0.0,9.094947017729282e-13,0.04577633400913328,1,0,0,0,1,0.0,0,causal_season,3407,causal_season_seed_3407,False
108,2025-04-19,4,2,25926.96792948939,25926.96792948939,0.0,0,12160.071049626535,11275.805774201473,18258.023404064334,2418.234265225341,2068.5476730619675,12856.860387667557,0.0,0.0,0.0,12856.860387667555,0,0.0,8.526512829121202e-13,0.05100558395497501,1,0,0,0,1,0.0,0,causal_season,3407,causal_season_seed_3407,False
109,2025-04-20,4,2,60015.01823525605,60015.01823525605,0.0,0,19676.193788959143,17722.467503974403,6103.547066937977,2068.5476730619675,2053.9030662266587,35392.89048640454,0.0,0.0,0.0,35392.89048640454,0,0.0,9.094947017729282e-13,0.05813641706481576,1,0,0,0,1,0.0,0,causal_season,3407,causal_season_seed_3407,False
110,2025-04-21,4,2,60384.80651855747,60384.80651855747,0.0,0,18067.03220759667,16537.34324223488,10338.207169862346,2053.9030662266587,1761.904402429022,35705.17219419172,0.0,0.0,0.0,35705.17219419173,0,0.0,9.094947017729282e-13,0.04583641700446606,1,0,0,0,1,0.0,0,causal_season,3407,causal_season_seed_3407,False
111,2025-04-22,4,2,55583.81521067473,55583.81521067473,0.0,0,19052.48232217705,17210.89454649988,1589.2981183308952,1761.904402429022,1694.8003892442755,33167.34352751006,0.0,0.0,0.0,33167.34352751004,0,0.0,9.094947017729282e-13,0.03876812499947846,1,0,0,0,1,0.0,0,causal_season,3407,causal_season_seed_3407,False
112,2025-04-23,4,2,60594.55907164983,60594.55907164983,0.0,0,18774.074639938524,16473.991591097543,6894.559306142178,1694.8003892442755,2140.3395757311705,35562.04662844672,0.0,0.0,0.0,35562.04662844671,0,0.0,8.43769498715119e-13,0.032807292067445815,1,0,0,0,1,0.0,0,causal_season,3407,causal_season_seed_3407,False
113,2025-04-24,4,2,58411.00212775824,58411.00212775824,0.0,0,17718.126905280566,16349.842222928946,9952.610745406615,2140.3395757311705,1714.9837072283035,34462.7205040186,0.0,0.0,0.0,34462.720504018595,0,0.0,8.490985692333197e-13,0.04768799990415573,1,0,0,0,1,0.0,0,causal_season,3407,causal_season_seed_3407,False
114,2025-04-25,4,2,25960.920707446443,25960.920707446443,0.0,0,12121.886191330239,10907.943390275732,22746.620256391936,1714.9837072283035,1716.83277732903,12668.438157057233,0.0,0.0,0.0,12668.43815705723,0,0.0,7.958078640513122e-13,0.07011504203546792,1,0,0,0,1,0.0,0,causal_season,3407,causal_season_seed_3407,False
115,2025-04-26,4,2,25727.726237864408,25727.726237864408,0.0,0,12244.101023700907,11195.604446360949,24609.03602719112,1716.83277732903,1531.4036405542804,12382.572100076952,0.0,0.0,0.0,12382.572100076954,0,0.0,9.094947017729282e-13,0.07069845800288022,1,0,0,0,1,0.0,0,causal_season,3407,causal_season_seed_3407,False
116,2025-04-27,4,2,55235.73789183986,55235.73789183986,0.0,0,19271.51679494358,17304.155783112026,4694.90569667497,1531.4036405542804,1573.7879983476862,32830.53321322532,0.0,0.0,0.0,32830.53321322531,0,0.0,9.094947017729282e-13,0.0347575000487268,1,0,0,0,1,0.0,0,causal_season,3407,causal_season_seed_3407,False
117,2025-04-28,4,2,58497.333290407594,58497.333290407594,1014.1829574052755,40,18387.32290697596,16454.61315996418,956.8391841344248,1573.7879983476862,1672.848935234946,34668.65708395887,0.0,0.0,6925.934353806309,41594.59143776518,0,0.0,8.881784197001252e-13,0.033762541017495096,1,0,0,0,1,0.0,0,causal_season,3407,causal_season_seed_3407,False
118,2025-04-29,4,2,63224.26977170109,63224.26977170109,0.0,0,17717.28932444212,15656.378503542459,13730.14523413476,1672.848935234946,1977.673410430933,36845.18407059145,0.0,0.0,0.0,36845.184070591444,0,0.0,9.094947017729282e-13,0.031790583045221865,1,0,0,0,1,0.0,0,causal_season,3407,causal_season_seed_3407,False
119,2025-04-30,4,2,56723.83205466256,56723.83205466256,0.0,0,17479.30964228051,15982.803406404726,6970.471385453442,1977.673410430933,1712.6484765368414,33857.57882346236,0.0,0.0,0.0,33857.57882346236,0,0.0,9.094947017729282e-13,0.05375895800534636,1,0,0,0,1,0.0,0,causal_season,3407,causal_season_seed_3407,False
120,2025-05-01,5,2,55783.10758595101,55783.10758595101,2808.5992956352366,210,18619.26240631479,17232.116233413733,6193.181908685191,1712.6484765368414,1212.1863426444613,32790.903260627056,0.0,0.0,15458.631195902179,48249.53445652925,0,0.0,9.094947017729282e-13,0.050664458074606955,1,0,0,0,1,0.0,0,causal_season,3407,causal_season_seed_3407,False
121,2025-05-02,5,2,26713.85888103477,26713.85888103477,1962.2458253223692,160,12929.362828579267,11647.987525452461,13104.409319896997,1212.1863426444613,1200.0,13094.023793110047,0.0,0.0,9576.214477682637,22670.238270792688,0,0.0,8.881784197001252e-13,0.052981041953898966,1,0,0,0,1,0.0,0,causal_season,3407,causal_season_seed_3407,False
122,2025-05-03,5,2,27321.22898058707,27321.22898058707,1307.3427226291756,130,12745.021194050067,11470.519074645059,18486.897933811237,1200.0,1200.0,13484.017932169067,0.0,0.0,6155.393194510937,19639.41112668,0,0.0,9.094947017729282e-13,0.06649024994112551,1,0,0,0,1,0.0,0,causal_season,3407,causal_season_seed_3407,False
123,2025-05-04,5,2,59085.0684242412,59085.0684242412,1847.689125257033,190,17248.374452937962,15484.599907385164,7434.315670612108,1200.0,1241.043307433587,34689.927935715525,0.0,0.0,9871.917058909752,44561.844994625266,0,0.0,9.094947017729282e-13,0.03650483302772045,1,0,0,0,1,0.0,0,causal_season,3407,causal_season_seed_3407,False
124,2025-05-05,5,2,59310.16873806958,59310.16873806958,1930.0992181544607,190,20031.807414873747,18052.16227957397,4184.61602092427,1241.043307433587,1216.234600211729,34582.46024224735,0.0,0.0,11009.715807663506,45592.17604991084,0,0.0,9.094947017729282e-13,0.044757750001735985,1,0,0,0,1,0.0,0,causal_season,3407,causal_season_seed_3407,False
125,2025-05-06,5,2,60009.40347857469,60009.40347857469,1910.6448758213428,190,19677.198039463474,17724.879729588523,7097.647677854414,1216.234600211729,1200.0,35108.10215317423,0.0,0.0,9365.593545055013,44473.69569822925,0,0.0,9.094947017729282e-13,0.0652487080078572,1,0,0,0,1,0.0,0,causal_season,3407,causal_season_seed_3407,False
126,2025-05-07,5,2,59200.05738434919,59200.05738434919,2580.1975510146826,180,19265.96251412042,17251.602845692636,4698.049316936089,1200.0,1292.5107643363033,34579.067007626356,0.0,0.0,15140.19020712603,49719.25721475239,0,0.0,8.952838470577262e-13,0.06665087502915412,1,0,0,0,1,0.0,0,causal_season,3407,causal_season_seed_3407,False
127,2025-05-08,5,2,61923.736029749576,61923.736029749576,112.33729776036353,30,19353.2598726269,17166.108098645505,4022.4091535285497,1292.5107643363033,1557.9584508679231,37510.91615639811,0.0,0.0,762.946201401296,38273.8623577994,0,0.0,9.094947017729282e-13,0.05257679196074605,1,0,0,0,1,0.0,0,causal_season,3407,causal_season_seed_3407,False
128,2025-05-09,5,2,28586.08162442649,28586.08162442649,0.0,0,13346.4957822127,11382.985342306423,18123.185334520207,1557.9584508679231,2220.8360022881684,14742.120822096393,0.0,0.0,0.0,14742.120822096393,0,0.0,7.958078640513122e-13,0.039942625095136464,1,0,0,0,1,0.0,0,causal_season,3407,causal_season_seed_3407,False
129,2025-05-10,5,2,28372.823834764844,28372.823834764844,0.0,0,11837.644731331373,11039.044885898826,15453.17870599896,2220.8360022881684,1814.836836399951,14877.607794967991,0.0,0.0,0.0,14877.607794967993,0,0.0,7.958078640513122e-13,0.04991141695063561,1,0,0,0,1,0.0,0,causal_season,3407,causal_season_seed_3407,False
130,2025-05-11,5,2,65046.15415402176,65046.15415402176,85.1248706827339,30,17777.404336098283,16144.223245876037,8014.0188511489105,1814.836836399951,1662.4579090122288,38910.596048354455,0.0,0.0,583.9154578744184,39494.5115062289,0,0.0,9.094947017729282e-13,0.018208667053841054,1,0,0,0,1,0.0,0,causal_season,3407,causal_season_seed_3407,False
131,2025-05-12,5,2,63724.97394050734,63724.97394050734,0.0,0,17055.93947424257,15020.33269446516,9758.1719273966,1662.4579090122288,2010.3219781186501,37986.14937035303,0.0,0.0,0.0,37986.149370353036,0,0.0,9.032774528350274e-13,0.04273679188918322,1,0,0,0,1,0.0,0,causal_season,3407,causal_season_seed_3407,False
132,2025-05-13,5,2,60849.16625668729,60849.16625668729,0.0,0,18353.214800834496,16471.081144645246,5837.819833831376,2010.3219781186501,2059.6663443597304,36686.77892593939,0.0,0.0,0.0,36686.778925939376,0,0.0,9.094947017729282e-13,0.05181370908394456,1,0,0,0,1,0.0,0,causal_season,3407,causal_season_seed_3407,False
133,2025-05-14,5,2,62812.6553283035,62812.6553283035,0.0,0,17733.183377510606,16076.041035554823,8141.364203014387,2059.6663443597304,1937.2060923093231,37715.36532177572,0.0,0.0,0.0,37715.36532177573,0,0.0,8.917311333789257e-13,0.0551584999775514,1,0,0,0,1,0.0,0,causal_season,3407,causal_season_seed_3407,False
134,2025-05-15,5,2,60951.933164960625,60951.933164960625,0.0,0,18699.123558768315,16844.735008597076,6332.486331456054,1937.2060923093231,1920.8425643147868,36520.159129287145,0.0,0.0,0.0,36520.159129287145,0,0.0,8.739675649849232e-13,0.039152667042799294,1,0,0,0,1,0.0,0,causal_season,3407,causal_season_seed_3407,False
135,2025-05-16,5,2,27793.94070914478,27793.94070914478,0.0,0,11321.077775577225,10604.729279100395,24362.085679334617,1920.8425643147868,1482.593802124861,14498.014685951275,0.0,0.0,0.0,14498.014685951275,0,0.0,8.526512829121202e-13,0.044681333005428314,1,0,0,0,1,0.0,0,causal_season,3407,causal_season_seed_3407,False
136,2025-05-17,5,2,27894.67980473412,27894.67980473412,25.591967334065373,10,12387.909937637334,11008.84651193088,16092.409263028405,1482.593802124861,1630.4539280815088,14328.27383379152,0.0,0.0,156.4436963131416,14484.717530104659,0,0.0,9.094947017729282e-13,0.044985582935623825,1,0,0,0,1,0.0,0,causal_season,3407,causal_season_seed_3407,False
137,2025-05-18,5,2,63467.81699828651,63467.81699828651,5.236666666666679,10,18577.87727006539,16323.831288539357,7542.839583427133,1630.4539280815088,2048.146803389609,38211.722908946074,0.0,0.0,35.318698333333415,38247.04160727942,0,0.0,9.094947017729282e-13,0.03593887505121529,1,0,0,0,1,0.0,0,causal_season,3407,causal_season_seed_3407,False
138,2025-05-19,5,2,61398.23195714515,61398.23195714515,79.23649999999998,20,17036.92568792431,15858.596542749612,12783.922761970454,2048.146803389609,1494.3651307309647,36578.72009428906,0.0,0.0,533.8661983333332,37112.58629262238,0,0.0,9.094947017729282e-13,0.053772457991726696,1,0,0,0,1,0.0,0,causal_season,3407,causal_season_seed_3407,False
139,2025-05-20,5,2,58328.293205896094,58328.293205896094,0.0,0,18166.246147636262,16525.32899126748,2159.9812328606477,1494.3651307309647,1309.1532072619682,35123.29525890258,0.0,0.0,0.0,35123.29525890258,0,0.0,9.094947017729282e-13,0.03816745802760124,1,0,0,0,1,0.0,0,causal_season,3407,causal_season_seed_3407,False
140,2025-05-21,5,2,63426.849564439384,63426.849564439384,0.0,0,17316.408026528334,15331.555162447707,10079.38141702542,1309.1532072619682,1576.0621556413994,37763.98252865689,0.0,0.0,0.0,37763.982528656896,0,0.0,8.988365607365267e-13,0.06046270893421024,1,0,0,0,1,0.0,0,causal_season,3407,causal_season_seed_3407,False
141,2025-05-22,5,2,59025.44231300137,59025.44231300137,144.90577384113874,20,17808.263142143936,15828.021691334612,6373.475819366516,1576.0621556413994,1786.2641661592597,35543.55775487408,0.0,0.0,1010.267723315784,36553.82547818987,0,0.0,9.094947017729282e-13,0.03807041700929403,1,0,0,0,1,0.0,0,causal_season,3407,causal_season_seed_3407,False
142,2025-05-23,5,2,27352.49030110013,27352.49030110013,0.0,0,12372.789501588697,10746.966699084656,19305.718615262755,1786.2641661592597,2195.825347581557,14113.776904182689,0.0,0.0,0.0,14113.77690418268,0,0.0,7.958078640513122e-13,0.05308920901734382,1,0,0,0,1,0.0,0,causal_season,3407,causal_season_seed_3407,False
143,2025-05-24,5,2,27375.03976508778,27375.03976508778,0.0,0,11517.027979609762,10370.850381913155,22474.36078405784,2195.825347581557,2190.001275126902,14251.092355393685,0.0,0.0,0.0,14251.092355393685,0,0.0,7.958078640513122e-13,0.04416275001130998,1,0,0,0,1,0.0,0,causal_season,3407,causal_season_seed_3407,False
144,2025-05-25,5,2,58524.654456140415,58524.654456140415,117.2285724637891,20,16632.2471462915,15440.36014866933,8904.985847648706,2190.001275126902,1693.1676974982513,34862.41029195735,0.0,0.0,590.6472282099119,35453.057520167255,0,0.0,8.952838470577262e-13,0.03336808306630701,1,0,0,0,1,0.0,0,causal_season,3407,causal_season_seed_3407,False
145,2025-05-26,5,2,57263.69556611916,57263.69556611916,15.711885201074324,10,18318.677323677337,16605.495642275106,986.3928199180046,1693.1676974982513,1568.0616149843122,34623.83011343679,0.0,0.0,109.60611116269448,34733.436224599485,0,0.0,9.094947017729282e-13,0.050948708900250494,1,0,0,0,1,0.0,0,causal_season,3407,causal_season_seed_3407,False
146,2025-05-27,5,2,64216.84684789181,64216.84684789181,0.0,0,16843.84250386564,14948.685121010047,12931.322165036216,1568.0616149843122,1790.2360043744968,38167.25222724315,0.0,0.0,0.0,38167.25222724318,0,0.0,9.094947017729282e-13,0.03243112505879253,1,0,0,0,1,0.0,0,causal_season,3407,causal_season_seed_3407,False
147,2025-05-28,5,2,58998.16757351105,58998.16757351105,0.0,0,18367.234030966494,16384.642075628988,4741.751518173549,1790.2360043744968,1943.9949590652795,35480.905689673484,0.0,0.0,0.0,35480.90568967349,0,0.0,9.094947017729282e-13,0.03385737491771579,1,0,0,0,1,0.0,0,causal_season,3407,causal_season_seed_3407,False
148,2025-05-29,5,2,59370.602591321665,59370.602591321665,219.07795754120394,60,18782.49688956929,17273.41811488227,3970.478274175849,1943.9949590652795,1554.8546474053926,35343.33075508483,0.0,0.0,1260.3539980619546,36603.68475314678,0,0.0,9.059419880941277e-13,0.04460120794828981,1,0,0,0,1,0.0,0,causal_season,3407,causal_season_seed_3407,False
149,2025-05-30,5,2,27518.753164076203,27518.753164076203,0.0,0,12391.177501011687,10834.140278366183,19365.482674764033,1554.8546474053926,1889.9711959918768,14057.470564823634,0.0,0.0,0.0,14057.470564823638,0,0.0,8.526512829121202e-13,0.04699804203119129,1,0,0,0,1,0.0,0,causal_season,3407,causal_season_seed_3407,False
150,2025-05-31,5,2,27484.40078931392,27484.40078931392,0.0,0,12315.193834901489,10891.00936851801,17671.03477293044,1889.9711959918768,2093.058025167898,14236.635205888542,0.0,0.0,0.0,14236.635205888544,0,0.0,7.958078640513122e-13,0.05560312501620501,1,0,0,0,1,0.0,0,causal_season,3407,causal_season_seed_3407,False
151,2025-06-01,6,2,60975.57070921542,60975.57070921542,10936.89380579227,360,14714.72714605105,14090.483664112702,63.39473306933496,2093.058025167898,1200.0,36593.6579407055,0.0,0.0,66074.22015581354,102667.87809651904,0,0.0,8.490985692333197e-13,0.05698054190725088,1,0,0,0,1,0.0,0,causal_season,3407,causal_season_seed_3407,False
152,2025-06-02,6,2,68684.3683569337,68684.3683569337,5884.913677412392,310,20516.291461054774,18464.662314949295,3876.845438240629,1200.0,1200.0,40790.58120158829,0.0,0.0,34231.98553577442,75022.56673736271,0,0.0,9.094947017729282e-13,0.015651958994567394,1,0,0,0,1,0.0,0,causal_season,3407,causal_season_seed_3407,False
153,2025-06-03,6,2,66802.48403928921,66802.48403928921,3747.4735933587062,340,20689.22975817343,18620.306782356085,288.6678234972426,1200.0,1200.0,40161.972905823044,0.0,0.0,19618.172011044997,59780.14491686803,0,0.0,9.094947017729282e-13,0.014913499937392771,1,0,0,0,1,0.0,0,causal_season,3407,causal_season_seed_3407,False
154,2025-06-04,6,2,67229.73321119644,67229.73321119644,4735.95641605267,290,19307.36544175525,17376.62889757973,389.6922664069082,1200.0,1200.0,40066.2568646322,0.0,0.0,26851.40024880917,66917.65711344137,0,0.0,8.810729923425242e-13,0.055155874928459525,1,0,0,0,1,0.0,0,causal_season,3407,causal_season_seed_3407,False
155,2025-06-05,6,2,67836.8652968816,67836.8652968816,5775.976667382866,370,20610.195121622877,18549.175609460588,402.50443543551773,1200.0,1200.0,40636.359950280006,0.0,0.0,31140.804474517503,71777.1644247975,0,0.0,9.059419880941277e-13,0.014400208019651473,1,0,0,0,1,0.0,0,causal_season,3407,causal_season_seed_3407,False
156,2025-06-06,6,2,29125.504411486512,29125.504411486512,5764.774093941629,320,13214.856179669514,11893.370561702563,2713.7974874611864,1200.0,1200.0,15067.018291043738,0.0,0.0,31666.419748669447,46733.43803971318,0,0.0,8.668621376273222e-13,0.04877687501721084,1,0,0,0,1,0.0,0,causal_season,3407,causal_season_seed_3407,False
157,2025-06-07,6,2,30327.969774221172,30327.969774221172,3503.155019815997,250,13213.964243721002,11881.592338932347,1372.2397225818495,1200.0,1211.56917217696,15986.338586109197,0.0,0.0,17712.50684765131,33698.84543376051,0,0.0,7.958078640513122e-13,0.0778393748914823,1,0,0,0,1,0.0,0,causal_season,3407,causal_season_seed_3407,False
158,2025-06-08,6,2,82419.35715770698,82419.35715770698,0.0,0,17205.365111875028,14929.70217934982,14958.770958515099,1211.56917217696,1796.7237990987787,51003.03482448272,0.0,0.0,0.0,51003.034824482726,0,0.0,9.063860773039778e-13,0.014198999968357384,1,0,0,0,1,0.0,0,causal_season,3407,causal_season_seed_3407,False
159,2025-06-09,6,2,74200.43867106458,74200.43867106458,196.41554578840817,60,22293.449378686,20115.966543765324,1286.6586485989835,1796.7237990987787,1742.0563425782584,45791.59808360845,0.0,0.0,1348.4229767481297,47140.0210603566,0,0.0,9.094947017729282e-13,0.01435108296573162,1,0,0,0,1,0.0,0,causal_season,3407,causal_season_seed_3407,False
160,2025-06-10,6,2,77198.54352740943,77198.54352740943,42.88223128250263,40,20927.07252593825,18891.307497899263,3587.21649731963,1742.0563425782584,1682.033967701565,47907.96815854609,0.0,0.0,289.11658275671,48197.084741302824,0,0.0,9.094947017729282e-13,0.023981207981705666,1,0,0,0,1,0.0,0,causal_season,3407,causal_season_seed_3407,False
161,2025-06-11,6,2,79320.3729201819,79320.3729201819,1594.363284102061,120,23730.348224528807,21414.26242587057,2514.2040889590426,1682.033967701565,1622.0044257968434,48737.572182280666,0.0,0.0,8016.87607250737,56754.448254788025,0,0.0,9.094947017729282e-13,0.015657874988391995,1,0,0,0,1,0.0,0,causal_season,3407,causal_season_seed_3407,False
162,2025-06-12,6,2,81542.74687699892,81542.74687699892,0.0,0,21450.235553845203,18842.278185025403,6482.398074845776,1622.0044257968434,2109.9795112511565,50870.69224266846,0.0,0.0,0.0,50870.69224266846,0,0.0,8.100187187665142e-13,0.015229583019390702,1,0,0,0,1,0.0,0,causal_season,3407,causal_season_seed_3407,False
163,2025-06-13,6,2,35717.195168168066,35717.195168168066,0.0,0,12997.328767421737,11438.37808974305,5812.930790489374,2109.9795112511565,2383.2190649243257,20787.057096379915,0.0,0.0,0.0,20787.05709637992,0,0.0,8.526512829121202e-13,0.04710804205387831,1,0,0,0,1,0.0,0,causal_season,3407,causal_season_seed_3407,False
164,2025-06-14,6,2,35731.673456799006,35731.673456799006,0.0,0,11915.11193842373,11072.29215797076,8695.51092634603,2383.2190649243257,2015.6660426397143,20576.31416629345,0.0,0.0,0.0,20576.314166293436,0,0.0,8.490985692333197e-13,0.05004733405075967,1,0,0,0,1,0.0,0,causal_season,3407,causal_season_seed_3407,False
165,2025-06-15,6,2,77551.56715128862,77551.56715128862,26.516399035100903,20,22063.374243628008,19511.647865964685,4399.382839327074,2015.6660426397143,2379.737966336772,47882.01332299118,0.0,0.0,179.14717118659235,48061.16049417776,0,0.0,9.00612917575927e-13,0.014794458053074777,1,0,0,0,1,0.0,0,causal_season,3407,causal_season_seed_3407,False
166,2025-06-16,6,2,77947.08648472119,77947.08648472119,8.586890735691327,10,21891.292492754284,19787.37516930733,3157.7032353432755,2379.737966336772,2289.916709860995,48468.55975394829,0.0,0.0,58.01732725569845,48526.57708120397,0,0.0,9.094947017729282e-13,0.019783666008152068,1,0,0,0,1,0.0,0,causal_season,3407,causal_season_seed_3407,False
167,2025-06-17,6,2,78690.86924879905,78690.86924879905,460.9494808423551,30,22218.633567418117,20689.73274250479,2985.9066880614064,2289.916709860995,1559.47006528268,48673.190443289226,0.0,0.0,3201.9926994762063,51875.183142765454,0,0.0,9.094947017729282e-13,0.020341165945865214,1,0,0,0,1,0.0,0,causal_season,3407,causal_season_seed_3407,False
168,2025-06-18,6,2,82760.50890548335,82760.50890548335,46.31618320649932,20,20384.778612393704,17786.913930517323,9280.56950681347,1559.47006528268,2149.115547380355,51577.24352763318,0.0,0.0,312.29657627933545,51889.54010391251,0,0.0,8.846257060213247e-13,0.01594887499231845,1,0,0,0,1,0.0,0,causal_season,3407,causal_season_seed_3407,False
169,2025-06-19,6,2,77664.25983356536,77664.25983356536,110.82272717117303,20,20617.860726832456,18844.3474527243,7742.065086628373,2149.115547380355,1845.2493370576171,48088.286072070165,0.0,0.0,746.1847678302465,48834.470839900416,0,0.0,9.094947017729282e-13,0.015302749932743609,1,0,0,0,1,0.0,0,causal_season,3407,causal_season_seed_3407,False
170,2025-06-20,6,2,34524.239840053764,34524.239840053764,0.0,0,12171.477779542427,10561.996899942973,10514.178110454304,1845.2493370576171,2258.804737950026,20011.560533163818,0.0,0.0,0.0,20011.56053316383,0,0.0,8.526512829121202e-13,0.05614925001282245,1,0,0,0,1,0.0,0,causal_season,3407,causal_season_seed_3407,False
171,2025-06-21,6,2,34260.98644771612,34260.98644771612,0.0,0,12781.0883274411,10909.249707046873,13054.40742732189,2258.804737950026,2884.6508858375196,19722.646154585287,0.0,0.0,0.0,19722.646154585284,0,0.0,7.958078640513122e-13,0.0621876249788329,1,0,0,0,1,0.0,0,causal_season,3407,causal_season_seed_3407,False
172,2025-06-22,6,2,73167.62597849566,73167.62597849566,40.45139353302875,40,19252.20536529871,18249.00059923452,4747.531505964505,2884.6508858375196,1912.7609280819995,45250.62277745461,0.0,0.0,273.044547612376,45523.667325066985,0,0.0,8.810729923425242e-13,0.015056249918416142,1,0,0,0,1,0.0,0,causal_season,3407,causal_season_seed_3407,False
173,2025-06-23,6,2,76611.1737347575,76611.1737347575,4.32833112372964,10,20761.415950003167,18733.265066508997,7526.065182387058,1912.7609280819995,1862.1742764515127,47308.34948065156,0.0,0.0,29.19242926399456,47337.541909915555,0,0.0,9.023892744153272e-13,0.021099625038914382,1,0,0,0,1,0.0,0,causal_season,3407,causal_season_seed_3407,False
174,2025-06-24,6,2,76231.8298400376,76231.8298400376,2470.904194420859,130,22143.297809498163,20042.720880888275,333.36485584856155,1862.1742764515127,1742.268241873191,47372.74151239052,0.0,0.0,13102.528732167415,60475.270244557956,0,0.0,9.028333636251773e-13,0.016756874974817038,1,0,0,0,1,0.0,0,causal_season,3407,causal_season_seed_3407,False
175,2025-06-25,6,2,81526.31604396089,81526.31604396089,6.464217526827383,10,20733.992739525682,18501.537154817768,8862.903310113132,1742.268241873191,1909.928314610001,50506.57933104692,0.0,0.0,43.52357660812877,50550.10290765506,0,0.0,9.094947017729282e-13,0.015148500096984208,1,0,0,0,1,0.0,0,causal_season,3407,causal_season_seed_3407,False
176,2025-06-26,6,2,76616.49583498521,76616.49583498521,63.14085337325139,30,20623.964140509706,18883.398064329675,7391.686778845102,1909.928314610001,1570.689352005427,47250.32575351849,0.0,0.0,425.96134767908035,47676.28710119758,0,0.0,9.094947017729282e-13,0.021624290966428816,1,0,0,0,1,0.0,0,causal_season,3407,causal_season_seed_3407,False
177,2025-06-27,6,2,33350.252711562745,33350.252711562745,0.0,0,13139.18504401767,11078.572008944406,11517.99380982281,1570.689352005427,2357.7744964428925,18733.204139729005,0.0,0.0,0.0,18733.204139729005,0,0.0,9.094947017729282e-13,0.053689457941800356,1,0,0,0,1,0.0,0,causal_season,3407,causal_season_seed_3407,False
178,2025-06-28,6,2,32871.9234093043,32871.9234093043,0.0,0,12146.828168810809,11215.966677670209,10164.135801497028,2357.7744964428925,2058.6005504867253,18332.573298887663,0.0,0.0,0.0,18332.573298887666,0,0.0,9.023892744153272e-13,0.0474017079686746,1,0,0,0,1,0.0,0,causal_season,3407,causal_season_seed_3407,False
179,2025-06-29,6,2,75012.02688087917,75012.02688087917,1.0220896636099042,10,20485.98863718936,18426.650034097358,3685.9418341174473,2058.6005504867253,2069.9212297852187,46300.53872288121,0.0,0.0,6.910859260498368,46307.44958214172,0,0.0,9.094947017729282e-13,0.015586958033964038,1,0,0,0,1,0.0,0,causal_season,3407,causal_season_seed_3407,False
180,2025-06-30,6,2,76227.97624025465,76227.97624025465,75.17372297095505,20,21119.18180777315,19255.316991756496,4561.60116387562,2069.9212297852187,1808.4500251478107,47063.003852738046,0.0,0.0,506.3706621055018,47569.37451484353,0,0.0,9.094947017729282e-13,0.020632874919101596,1,0,0,0,1,0.0,0,causal_season,3407,causal_season_seed_3407,False
181,2025-07-01,7,2,80383.31819753205,80383.31819753205,3638.415172565834,370,21318.776953980887,19764.125635138935,3600.538017922592,1808.4500251478107,1200.0,49939.81484604916,0.0,0.0,17324.67843420836,67264.4932802575,0,0.0,9.094947017729282e-13,0.020390416029840708,1,0,0,0,1,0.0,0,causal_season,3407,causal_season_seed_3407,False
182,2025-07-02,7,2,74930.66072202248,74930.66072202248,4336.769919049932,360,19995.265589805094,17995.739030824585,4363.13771542525,1200.0,1200.0,45922.02480810427,0.0,0.0,22844.077270532252,68766.10207863654,0,0.0,9.094947017729282e-13,0.015405917074531317,1,0,0,0,1,0.0,0,causal_season,3407,causal_season_seed_3407,False
183,2025-07-03,7,2,69868.91028467563,69868.91028467563,11580.861018047177,460,16893.523693894796,15204.171324505318,0.0,1200.0,1200.0,43193.801274035475,0.0,0.0,68482.09937459687,111675.90064863233,0,0.0,4.547473508864641e-13,0.0398143749916926,1,0,0,0,1,0.0,0,causal_season,3407,causal_season_seed_3407,False
184,2025-07-04,7,2,34115.7628540944,34115.7628540944,6331.570707751163,520,12580.984077177081,11322.88566945937,10308.367687461185,1200.0,1200.0,19286.187223135043,0.0,0.0,25581.649854826337,44867.837077961376,0,0.0,8.597567102697212e-13,0.04388312506489456,1,0,0,0,1,0.0,0,causal_season,3407,causal_season_seed_3407,False
185,2025-07-05,7,2,33926.67386282341,33926.67386282341,7007.42876836663,540,12329.545437288545,11096.59089355969,10911.068120794516,1200.0,1200.0,18778.14835440158,0.0,0.0,31617.100884435073,50395.24923883665,0,0.0,9.094947017729282e-13,0.03972737502772361,1,0,0,0,1,0.0,0,causal_season,3407,causal_season_seed_3407,False
186,2025-07-06,7,2,69450.69170997765,69450.69170997765,12183.247095378163,420,17493.86004715319,15744.474042437869,90.5712506404916,1200.0,1200.0,42918.77669387199,0.0,0.0,71923.4665385932,114842.24323246519,0,0.0,4.547473508864641e-13,0.05464141699485481,1,0,0,0,1,0.0,0,causal_season,3407,causal_season_seed_3407,False
187,2025-07-07,7,2,75546.29074461001,75546.29074461001,4129.9504301547595,350,20062.668418343375,18011.325155013306,4215.415144768044,1200.0,1247.514720232097,46648.63407940331,0.0,0.0,20901.09838608771,67549.73246549105,0,0.0,9.094947017729282e-13,0.01938054198399186,1,0,0,0,1,0.0,0,causal_season,3407,causal_season_seed_3407,False
188,2025-07-08,7,2,85452.59533222888,85452.59533222888,54.62925065071647,20,22768.484132511112,19421.2390747179,6588.592508419724,1247.514720232097,2375.8118524169895,53562.710309858296,0.0,0.0,371.57626149841076,53934.28657135673,0,0.0,9.094947017729282e-13,0.015694917063228786,1,0,0,0,1,0.0,0,causal_season,3407,causal_season_seed_3407,False
189,2025-07-09,7,2,85630.68779112119,85630.68779112119,24.905772674189166,20,19341.966356017907,17112.82752276783,9367.729713878643,2375.8118524169895,2686.708226638369,54401.33427204594,0.0,0.0,167.95600284522942,54569.29027489118,0,0.0,9.094947017729282e-13,0.01964470895472914,1,0,0,0,1,0.0,0,causal_season,3407,causal_season_seed_3407,False
190,2025-07-10,7,2,84556.00427090858,84556.00427090858,14.577170982572738,20,19907.97634197148,18267.380426079384,10076.362142665726,2686.708226638369,2317.563203188829,53531.23920158099,0.0,0.0,98.2439379149705,53629.48313949597,0,0.0,9.094947017729282e-13,0.019420208991505206,1,0,0,0,1,0.0,0,causal_season,3407,causal_season_seed_3407,False
191,2025-07-11,7,2,43759.035770911796,43759.035770911796,0.0,0,13575.496562894303,11700.63095670694,9365.39301472444,2317.563203188829,2862.8620937258333,26435.478025518645,0.0,0.0,0.0,26435.47802551865,0,0.0,9.094947017729282e-13,0.04666854196693748,1,0,0,0,1,0.0,0,causal_season,3407,causal_season_seed_3407,False
192,2025-07-12,7,2,43008.44200551827,43008.44200551827,0.0,0,12650.677978337224,11739.017247379925,11012.537941227642,2862.8620937258333,2490.3383362161817,25738.99714666058,0.0,0.0,0.0,25738.997146660582,0,0.0,9.094947017729282e-13,0.05545054201502353,1,0,0,0,1,0.0,0,causal_season,3407,causal_season_seed_3407,False
193,2025-07-13,7,2,85405.06956627371,85405.06956627371,86.8407140996078,30,18391.076409020578,16661.39372029931,14494.50719165205,2490.3383362161817,2374.994308967406,53993.435906956016,0.0,0.0,584.5331493557624,54577.969056311755,0,0.0,9.094947017729282e-13,0.01545524992980063,1,0,0,0,1,0.0,0,causal_season,3407,causal_season_seed_3407,False
194,2025-07-14,7,2,81494.63199890466,81494.63199890466,12.589148918130377,20,18432.310348136125,16674.883118214337,7942.114701234334,2374.994308967406,2284.549157178452,51320.24752722032,0.0,0.0,84.78813077620993,51405.03565799653,0,0.0,9.094947017729282e-13,0.014931458048522472,1,0,0,0,1,0.0,0,causal_season,3407,causal_season_seed_3407,False
195,2025-07-15,7,2,83027.5099707127,83027.5099707127,0.0,0,18908.22878304588,16323.19820222459,7693.428806558073,2284.549157178452,3016.308326906917,52532.37684041449,0.0,0.0,0.0,52532.376840414465,0,0.0,9.094947017729282e-13,0.015243915957398713,1,0,0,0,1,0.0,0,causal_season,3407,causal_season_seed_3407,False
196,2025-07-16,7,2,83504.63972804285,83504.63972804285,14.563414810042332,10,18721.860403793093,17261.515099412176,9924.29445513866,3016.308326906917,2582.190073908579,52758.28457780908,0.0,0.0,98.397712164051,52856.68228997312,0,0.0,8.242295734817162e-13,0.015137083013541996,1,0,0,0,1,0.0,0,causal_season,3407,causal_season_seed_3407,False
197,2025-07-17,7,2,81954.41981454607,81954.41981454607,1.3507694639744159,10,20585.380251849085,18634.92048013832,7284.894745632606,2582.190073908579,2468.2655917381444,51825.36328947354,0.0,0.0,9.12647388334314,51834.48976335689,0,0.0,8.668621376273222e-13,0.014581749914214015,1,0,0,0,1,0.0,0,causal_season,3407,causal_season_seed_3407,False
198,2025-07-18,7,2,43453.367444323856,43453.367444323856,0.0,0,12877.53075267261,11065.304065855626,10366.892657506869,2468.2655917381444,3021.1093201219846,26185.749816157837,0.0,0.0,0.0,26185.749816157837,0,0.0,9.094947017729282e-13,0.047888999921269715,1,0,0,0,1,0.0,0,causal_season,3407,causal_season_seed_3407,False
199,2025-07-19,7,2,42349.11812119345,42349.11812119345,0.0,0,11815.83116254796,10983.79106086805,14334.258969513543,3021.1093201219846,2652.658631369293,25429.642933890947,0.0,0.0,0.0,25429.642933890947,0,0.0,7.958078640513122e-13,0.038738915929570794,1,0,0,0,1,0.0,0,causal_season,3407,causal_season_seed_3407,False
200,2025-07-20,7,2,80657.28839077149,80657.28839077149,0.0,0,18604.23635045559,17067.578469928772,7030.652293578014,2652.658631369293,2311.3795604885613,51147.5621003698,0.0,0.0,0.0,51147.5621003698,0,0.0,8.668621376273222e-13,0.019386416068300605,1,0,0,0,1,0.0,0,causal_season,3407,causal_season_seed_3407,False
201,2025-07-21,7,2,83631.6986850496,83631.6986850496,0.0,0,19465.31373099138,17167.796893059116,7344.43249711733,2311.3795604885613,2681.3507253170933,52934.4056880822,0.0,0.0,0.0,52934.40568808221,0,0.0,8.801848139228241e-13,0.01472083292901516,1,0,0,0,1,0.0,0,causal_season,3407,causal_season_seed_3407,False
202,2025-07-22,7,2,84543.63185666634,84543.63185666634,38.903736050200905,20,19448.184416125838,17933.591112396953,9272.797672320992,2681.3507253170933,2227.853611192934,53564.670043876766,0.0,0.0,262.385333022914,53827.055376899705,0,0.0,9.023892744153272e-13,0.014652666985057294,1,0,0,0,1,0.0,0,causal_season,3407,causal_season_seed_3407,False
203,2025-07-23,7,2,84372.23623544638,84372.23623544638,0.0,0,21044.470334882157,18698.320627751047,7809.539411648607,2227.853611192934,2482.630599614227,53246.448204763794,0.0,0.0,0.0,53246.44820476377,0,0.0,9.094947017729282e-13,0.01975087495520711,1,0,0,0,1,0.0,0,causal_season,3407,causal_season_seed_3407,False
204,2025-07-24,7,2,82970.77230936421,82970.77230936421,0.0,0,19581.04746434328,17287.533154381876,7060.785999402819,2482.630599614227,2836.1833228637315,52460.830920789456,0.0,0.0,0.0,52460.83092078945,0,0.0,9.094947017729282e-13,0.04128824989311397,1,0,0,0,1,0.0,0,causal_season,3407,causal_season_seed_3407,False
205,2025-07-25,7,2,42052.52157591477,42052.52157591477,0.0,0,12443.583645219886,11246.414938735565,14350.033302763779,2836.1833228637315,2786.4410557292317,25343.36776606915,0.0,0.0,0.0,25343.367766069154,0,0.0,7.958078640513122e-13,0.037614625063724816,1,0,0,0,1,0.0,0,causal_season,3407,causal_season_seed_3407,False
206,2025-07-26,7,2,41889.00815892356,41889.00815892356,0.0,0,12747.390868553859,11353.773104679543,12026.298828382576,2786.4410557292317,2911.75018393168,25168.48744679642,0.0,0.0,0.0,25168.48744679641,0,0.0,7.389644451905042e-13,0.08581929106730968,1,0,0,0,1,0.0,0,causal_season,3407,causal_season_seed_3407,False
207,2025-07-27,7,2,81225.1534856237,81225.1534856237,7.130342331705606,10,20964.77881329645,19436.645107956334,6018.960322615286,2911.75018393168,2312.6628202588536,50977.345417619516,0.0,0.0,48.00859491937384,51025.35401253888,0,0.0,9.094947017729282e-13,0.01891708397306502,1,0,0,0,1,0.0,0,causal_season,3407,causal_season_seed_3407,False
208,2025-07-28,7,2,83005.70907455907,83005.70907455907,0.0,0,20968.24297566605,19040.08670824549,3122.6755738051656,2312.6628202588536,2134.8711056870297,52529.643070674945,0.0,0.0,0.0,52529.64307067494,0,0.0,8.810729923425242e-13,0.02027904090937227,1,0,0,0,1,0.0,0,causal_season,3407,causal_season_seed_3407,False
209,2025-07-29,7,2,88090.7468221993,88090.7468221993,46.57044578771854,20,20374.093449702865,17937.83684400298,9631.814712287138,2134.8711056870297,2555.293033161879,55529.871122389835,0.0,0.0,313.7871802612005,55843.65830265105,0,0.0,9.094947017729282e-13,0.01528741605579853,1,0,0,0,1,0.0,0,causal_season,3407,causal_season_seed_3407,False
210,2025-07-30,7,2,85726.60440758051,85726.60440758051,0.0,0,20079.22331655875,17782.435288286862,9326.562329308628,2555.293033161879,2859.7842128944744,54004.40127077633,0.0,0.0,0.0,54004.40127077633,0,0.0,8.748557434046234e-13,0.029258082970045507,1,0,0,0,1,0.0,0,causal_season,3407,causal_season_seed_3407,False
211,2025-07-31,7,2,82639.30217605035,82639.30217605035,0.0,0,20127.096762092973,18757.57774733138,6574.786894622093,2859.7842128944744,2181.801726252808,52057.17140326818,0.0,0.0,0.0,52057.17140326818,0,0.0,8.952838470577262e-13,0.023582792025990784,1,0,0,0,1,0.0,0,causal_season,3407,causal_season_seed_3407,False
212,2025-08-01,8,2,40346.70936146694,40346.70936146694,0.0,0,12816.725309559126,11502.531599712718,17781.155984953875,2181.801726252808,2216.0820587487187,23744.17530640551,0.0,0.0,0.0,23744.175306405516,0,0.0,9.094947017729282e-13,0.06967229209840298,1,0,0,0,1,0.0,0,causal_season,3407,causal_season_seed_3407,False
213,2025-08-02,8,2,39456.09707841747,39456.09707841747,0.0,0,12830.883028167787,11419.024932883804,17117.214049800154,2216.0820587487187,2351.817338089908,23238.786989263703,0.0,0.0,0.0,23238.78698926369,0,0.0,7.958078640513122e-13,0.054652541992254555,1,0,0,0,1,0.0,0,causal_season,3407,causal_season_seed_3407,False
214,2025-08-03,8,2,74050.00785824438,74050.00785824438,152.55064335858563,80,17709.571196357585,16754.1282247426,10407.635546654652,2351.817338089908,1492.1899474774605,46981.74131232132,0.0,0.0,993.2528477744969,47974.99416009581,0,0.0,9.094947017729282e-13,0.03227425005752593,1,0,0,0,1,0.0,0,causal_season,3407,causal_season_seed_3407,False
215,2025-08-04,8,2,70261.64097564455,70261.64097564455,45.71230672212096,20,19530.331269754413,17029.91996324466,2391.286892523584,1492.1899474774605,2069.177210412452,44762.6928318561,0.0,0.0,307.7945189992002,45070.4873508553,0,0.0,9.094947017729282e-13,0.038196499925106764,1,0,0,0,1,0.0,0,causal_season,3407,causal_season_seed_3407,False
216,2025-08-05,8,2,72036.17073155314,72036.17073155314,3.777290858016954,10,18657.94839389104,16840.20733425649,5069.897229443274,2069.177210412452,2018.5240790109638,45989.81614387316,0.0,0.0,25.445719865031208,46015.261863738204,0,0.0,9.023892744153272e-13,0.05866820795927197,1,0,0,0,1,0.0,0,causal_season,3407,causal_season_seed_3407,False
217,2025-08-06,8,2,73453.38884745339,73453.38884745339,140.56024585257285,10,18815.223649445492,17658.25827314609,4322.5844503398985,2018.5240790109638,1254.7739527738163,46466.06289580243,0.0,0.0,980.5482750675482,47446.61117086999,0,0.0,9.094947017729282e-13,0.0508552499813959,1,0,0,0,1,0.0,0,causal_season,3407,causal_season_seed_3407,False
218,2025-08-07,8,2,75257.65445956262,75257.65445956262,10.069747242429457,10,19722.45279460025,17250.50309511851,9407.789257323302,1254.7739527738163,1781.508660814503,47999.77360852435,0.0,0.0,68.03624724347463,48067.80985576785,0,0.0,7.86926079854311e-13,0.06568162504117936,1,0,0,0,1,0.0,0,causal_season,3407,causal_season_seed_3407,False
219,2025-08-08,8,2,39909.19339280245,39909.19339280245,0.0,0,13261.313409995006,11778.699483221735,22651.408216029187,1781.508660814503,1946.4557892137611,23378.6162514819,0.0,0.0,0.0,23378.616251481897,0,0.0,8.597567102697212e-13,0.053063874947838485,1,0,0,0,1,0.0,0,causal_season,3407,causal_season_seed_3407,False
220,2025-08-09,8,2,39240.67117183517,39240.67117183517,0.0,0,13039.846444216286,11825.542935312931,19104.43866293182,1946.4557892137611,1851.9235720844374,22972.25068987766,0.0,0.0,0.0,22972.250689877663,0,0.0,9.094947017729282e-13,0.05737958406098187,1,0,0,0,1,0.0,0,causal_season,3407,causal_season_seed_3407,False
221,2025-08-10,8,2,73580.86727219516,73580.86727219516,7.391410390354167,10,18513.18804547849,16193.242168490895,5963.693755597911,1851.9235720844374,2345.8998794598742,46797.41037132633,0.0,0.0,49.851367377743685,46847.26173870407,0,0.0,8.064660050877137e-13,0.041992624988779426,1,0,0,0,1,0.0,0,causal_season,3407,causal_season_seed_3407,False
222,2025-08-11,8,2,73161.12201791843,73161.12201791843,134.42067386961128,50,19026.535841921122,17663.600551083764,7371.3540676173525,2345.8998794598742,1776.986845506555,46418.44596476897,0.0,0.0,905.9878080252506,47324.433772794226,0,0.0,9.094947017729282e-13,0.032704958925023675,1,0,0,0,1,0.0,0,causal_season,3407,causal_season_seed_3407,False
223,2025-08-12,8,2,71144.1160681324,71144.1160681324,282.3920364680738,70,19027.807079481965,17071.550832582026,1709.7082077005334,1776.986845506555,1833.3550129040661,45149.37165504268,0.0,0.0,1855.925669155743,47005.29732419844,0,0.0,9.094947017729282e-13,0.03166883299127221,1,0,0,0,1,0.0,0,causal_season,3407,causal_season_seed_3407,False
224,2025-08-13,8,2,73838.14430393105,73838.14430393105,149.00778995018572,50,19027.51413117867,16768.562091051353,5607.220603753926,1833.3550129040661,2208.8234413473833,46809.65518280042,0.0,0.0,1007.4751708221057,47817.13035362254,0,0.0,9.094947017729282e-13,0.030923624988645315,1,0,0,0,1,0.0,0,causal_season,3407,causal_season_seed_3407,False
225,2025-08-14,8,2,71535.95426720941,71535.95426720941,243.73729203948398,90,20064.618402351814,18659.76612084779,4448.548294411543,2208.8234413473833,1574.671285440947,44996.17041126937,0.0,0.0,1478.6809062910397,46474.85131756039,0,0.0,9.094947017729282e-13,0.04029350006021559,1,0,0,0,1,0.0,0,causal_season,3407,causal_season_seed_3407,False
226,2025-08-15,8,2,39334.78535024074,39334.78535024074,0.0,0,13860.483083161642,12461.111279447998,20775.68666319376,1574.671285440947,1588.7154827245506,22883.89332235475,0.0,0.0,0.0,22883.89332235475,0,0.0,7.247535904753022e-13,0.07969320891425014,1,0,0,0,1,0.0,0,causal_season,3407,causal_season_seed_3407,False
227,2025-08-16,8,2,39533.54660828398,39533.54660828398,17.87637116471592,10,13674.95159159724,12144.852015876717,21092.043037061503,1588.7154827245506,1760.115587369525,22943.14415828353,0.0,0.0,124.70556524505825,23067.849723528587,0,0.0,7.958078640513122e-13,0.049404499935917556,1,0,0,0,1,0.0,0,causal_season,3407,causal_season_seed_3407,False
228,2025-08-17,8,2,69683.93815891993,69683.93815891993,140.8173387570257,50,19372.655966566927,17289.489894700833,4576.195809144192,1760.115587369525,1913.9081918237482,44661.97949445793,0.0,0.0,948.8085617979068,45610.788056255835,0,0.0,9.094947017729282e-13,0.03820533293765038,1,0,0,0,1,0.0,0,causal_season,3407,causal_season_seed_3407,False
229,2025-08-18,8,2,70373.78169206943,70373.78169206943,170.71178030118745,50,19750.79493174812,17666.751402760536,4066.3343267163755,1913.9081918237482,2028.7663705612454,44756.25195311244,0.0,0.0,1159.555865488351,45915.807818600806,0,0.0,9.094947017729282e-13,0.05579183402005583,1,0,0,0,1,0.0,0,causal_season,3407,causal_season_seed_3407,False
230,2025-08-19,8,2,71296.88340551555,71296.88340551555,106.26455546010277,30,18327.208181679303,16731.168050503344,5489.447779799683,2028.7663705612454,1779.2830208719085,45544.780285343186,0.0,0.0,717.0949735445448,46261.87525888773,0,0.0,9.094947017729282e-13,0.06940150004811585,1,0,0,0,1,0.0,0,causal_season,3407,causal_season_seed_3407,False
231,2025-08-20,8,2,71267.8371652158,71267.8371652158,1788.579989189846,110,20107.7330958227,18477.99904490869,775.9920368249691,1779.2830208719085,1377.6323757606458,45470.374405602415,0.0,0.0,11151.455814678142,56621.830220280564,0,0.0,7.975842208907125e-13,0.03566087502986193,1,0,0,0,1,0.0,0,causal_season,3407,causal_season_seed_3407,False
232,2025-08-21,8,2,77199.41266273343,77199.41266273343,14.723135906769585,30,18349.653956197566,16265.168224949033,9285.231584058334,1377.6323757606458,1640.6499034661815,48482.88883601646,0.0,0.0,99.27923923970755,48582.16807525616,0,0.0,9.059419880941277e-13,0.03487070801202208,1,0,0,0,1,0.0,0,causal_season,3407,causal_season_seed_3407,False
233,2025-08-22,8,2,38570.16365755082,38570.16365755082,766.1563984222701,80,13684.898519989034,12420.695308059043,16841.547444043095,1640.6499034661815,1530.722132751535,22219.607989909033,0.0,0.0,4483.1727919835275,26702.780781892558,0,0.0,7.607248164731573e-13,0.04879412497393787,1,0,0,0,1,0.0,0,causal_season,3407,causal_season_seed_3407,False
234,2025-08-23,8,2,39839.8571089778,39839.8571089778,0.0,0,13328.972817897355,11872.13217685411,15853.010317934557,1530.722132751535,1661.3699047827336,23295.800197534343,0.0,0.0,0.0,23295.80019753434,0,0.0,8.739675649849232e-13,0.053973875008523464,1,0,0,0,1,0.0,0,causal_season,3407,causal_season_seed_3407,False
235,2025-08-24,8,2,74487.82893519918,74487.82893519918,13.865362604973939,20,20134.32193994901,17992.499350031187,8626.282224553004,1661.3699047827336,1796.7052650518094,47050.40177610167,0.0,0.0,93.40689193668514,47143.80866803836,0,0.0,9.094947017729282e-13,0.03501666698139161,1,0,0,0,1,0.0,0,causal_season,3407,causal_season_seed_3407,False
236,2025-08-25,8,2,70361.7906471918,70361.7906471918,2609.6742894505064,60,17511.863818109894,16102.907563013212,789.4216648789578,1796.7052650518094,1435.9630369367273,45320.18086751446,0.0,0.0,17750.875831880905,63071.05669939537,0,0.0,9.094947017729282e-13,0.033058415981940925,1,0,0,0,1,0.0,0,causal_season,3407,causal_season_seed_3407,False
237,2025-08-26,8,2,78461.21068270462,78461.21068270462,48.101287848978586,20,20121.48278537748,17365.131202329685,10224.14200417247,1435.9630369367273,2220.4221984285937,49415.1017965673,0.0,0.0,332.3194694107939,49747.42126597809,0,0.0,9.094947017729282e-13,0.016847291961312294,1,0,0,0,1,0.0,0,causal_season,3407,causal_season_seed_3407,False
238,2025-08-27,8,2,71217.89150497215,71217.89150497215,34.525645596317645,20,20585.013028182486,18944.589084025778,1697.8443397451028,2220.4221984285937,1779.7299679227285,45703.37485916614,0.0,0.0,234.3376453503669,45937.71250451653,0,0.0,9.094947017729282e-13,0.033324292046017945,1,0,0,0,1,0.0,0,causal_season,3407,causal_season_seed_3407,False
239,2025-08-28,8,2,74086.67520063171,74086.67520063171,146.392602011456,30,20966.691031647868,18925.709783445862,1424.2915711078267,1779.7299679227285,1721.0298146922296,47168.24754053534,0.0,0.0,986.6690927901083,48154.91663332545,0,0.0,9.094947017729282e-13,0.04554125003051013,1,0,0,0,1,0.0,0,causal_season,3407,causal_season_seed_3407,False
240,2025-08-29,8,2,39970.882690124134,39970.882690124134,0.0,0,14419.98842039418,12885.800494374282,15881.474414104236,1721.0298146922296,1818.2056416198477,23496.083025287808,0.0,0.0,0.0,23496.083025287815,0,0.0,8.597567102697212e-13,0.05013629200402647,1,0,0,0,1,0.0,0,causal_season,3407,causal_season_seed_3407,False
241,2025-08-30,8,2,40643.2814779776,40643.2814779776,0.0,0,12965.553907655047,12017.000394164383,21182.008131153605,1818.2056416198477,1451.3794542188846,23813.581857837566,0.0,0.0,0.0,23813.58185783757,0,0.0,6.821210263296962e-13,0.05071229091845453,1,0,0,0,1,0.0,0,causal_season,3407,causal_season_seed_3407,False
242,2025-08-31,8,2,70919.97404008194,70919.97404008194,138.93997057642082,50,20909.173496375282,18245.63284562799,1748.7502765777338,1451.3794542188846,2054.977411815977,45567.38899337934,0.0,0.0,939.9298970750324,46507.31889045438,0,0.0,9.094947017729282e-13,0.03321491600945592,1,0,0,0,1,0.0,0,causal_season,3407,causal_season_seed_3407,False
243,2025-09-01,9,2,76227.36479495981,76227.36479495981,0.0,0,20268.281911677095,14655.584265349156,17040.532615298536,2054.977411815977,5834.81570192709,47972.783058422334,0.0,0.0,0.0,47972.783058422334,0,0.0,9.094947017729282e-13,0.06033100001513958,1,0,0,0,1,0.0,0,causal_season,3407,causal_season_seed_3407,False
244,2025-09-02,9,2,69314.73666817043,69314.73666817043,0.0,0,17720.62373588757,16544.890911668248,14081.247993951116,5834.81570192709,5206.229164570676,44561.150561951596,0.0,0.0,0.0,44561.15056195161,0,0.0,7.958078640513122e-13,0.038517125067301095,1,0,0,0,1,0.0,0,causal_season,3407,causal_season_seed_3407,False
245,2025-09-03,9,2,70104.4605657008,70104.4605657008,0.0,0,16245.895408382436,14636.016478726044,12946.86438604441,5206.229164570676,5190.722818868081,44821.53643321401,0.0,0.0,0.0,44821.53643321402,0,0.0,7.958078640513122e-13,0.04275529203005135,1,0,0,0,1,0.0,0,causal_season,3407,causal_season_seed_3407,False
246,2025-09-04,9,2,70400.18673692147,70400.18673692147,0.0,0,17664.752620580774,16160.993821258207,14970.862387598914,5190.722818868081,4913.795351845759,45172.678574955826,0.0,0.0,0.0,45172.67857495581,0,0.0,8.810729923425242e-13,0.041336167021654546,1,0,0,0,1,0.0,0,causal_season,3407,causal_season_seed_3407,False
247,2025-09-05,9,2,36585.4114453518,36585.4114453518,0.0,0,13198.587424071535,11141.08576547449,27703.64812008808,4913.795351845759,5691.339256862006,22126.094126898977,0.0,0.0,0.0,22126.094126898985,0,0.0,9.094947017729282e-13,0.03724533400963992,1,0,0,0,1,0.0,0,causal_season,3407,causal_season_seed_3407,False
248,2025-09-06,9,2,35586.70172597749,35586.70172597749,0.0,0,14040.224036566975,12164.85523580695,25990.249225217456,5691.339256862006,6188.181984115571,21441.315347332147,0.0,0.0,0.0,21441.315347332144,0,0.0,8.810729923425242e-13,0.04619754198938608,1,0,0,0,1,0.0,0,causal_season,3407,causal_season_seed_3407,False
249,2025-09-07,9,2,66674.85294901217,66674.85294901217,0.0,0,15920.891161567082,15406.009309870422,11198.987480648851,6188.181984115571,5052.705828191206,43135.74141885739,0.0,0.0,0.0,43135.741418857375,0,0.0,9.094947017729282e-13,0.03507516591344029,1,0,0,0,1,0.0,0,causal_season,3407,causal_season_seed_3407,False
250,2025-09-08,9,2,59260.4526356024,59260.4526356024,1365.812880350702,40,15803.419860740141,17686.392842496527,3113.6689643761574,5052.705828191206,1402.0513105589107,36711.22503524997,0.0,0.0,9315.474887890727,46026.69992314068,0,0.0,9.094947017729282e-13,0.04265770793426782,1,0,0,0,1,0.0,0,causal_season,3407,causal_season_seed_3407,False
251,2025-09-09,9,2,66105.09231109793,66105.09231109793,9.099616666666634,10,19811.63474873706,17613.91526623839,10813.63817859926,1402.0513105589107,1630.3213855881365,40511.495370270866,0.0,0.0,60.96743166666645,40572.462801937545,0,0.0,9.023892744153272e-13,0.03544520796276629,1,0,0,0,1,0.0,0,causal_season,3407,causal_season_seed_3407,False
252,2025-09-10,9,2,62141.847278693924,62141.847278693924,1900.5355096025946,80,19950.484636709494,17800.801441324948,576.7009429119717,1630.3213855881365,1793.3207047828134,38721.0432692415,0.0,0.0,12129.948861896763,50850.99213113824,0,0.0,9.094947017729282e-13,0.034067458007484674,1,0,0,0,1,0.0,0,causal_season,3407,causal_season_seed_3407,False
253,2025-09-11,9,2,65545.12967385602,65545.12967385602,112.57654463111702,50,19375.961509920504,17682.12955829162,10467.788483524932,1793.3207047828134,1536.3706774511465,40034.529379868225,0.0,0.0,512.079940492189,40546.60932036041,0,0.0,9.07718344933528e-13,0.08374120807275176,1,0,0,0,1,0.0,0,causal_season,3407,causal_season_seed_3407,False
254,2025-09-12,9,2,30533.497150562962,30533.497150562962,487.84366542176195,50,13755.306710673092,12237.618931733381,17951.996837045008,1536.3706774511465,1686.2174262708231,16686.49862401933,0.0,0.0,1915.7506373874824,18602.249261406818,0,0.0,7.958078640513122e-13,0.055580583051778376,1,0,0,0,1,0.0,0,causal_season,3407,causal_season_seed_3407,False
255,2025-09-13,9,2,31081.843063021108,31081.843063021108,55.040648098716474,30,14016.95375344314,12800.280587033774,21913.109061377123,1686.2174262708231,1491.1868936208234,16739.80805155264,0.0,0.0,294.9596710062428,17034.767722558885,0,0.0,9.094947017729282e-13,0.04845345893409103,1,0,0,0,1,0.0,0,causal_season,3407,causal_season_seed_3407,False
256,2025-09-14,9,2,60329.26514923775,60329.26514923775,1763.4093015085195,90,19244.533996388906,17529.568961740777,278.38466609813815,1491.1868936208234,1270.3667680623246,37258.25163178813,0.0,0.0,11076.157239699545,48334.40887148764,0,0.0,9.094947017729282e-13,0.04025862494017929,1,0,0,0,1,0.0,0,causal_season,3407,causal_season_seed_3407,False
257,2025-09-15,9,2,67637.6185247739,67637.6185247739,59.73730315422199,30,20846.78215452778,18321.44618747874,10104.989227545755,1270.3667680623246,1734.8608226132894,41195.929815198026,0.0,0.0,412.93464620834635,41608.86446140637,0,0.0,8.770761894538737e-13,0.06858520896639675,1,0,0,0,1,0.0,0,causal_season,3407,causal_season_seed_3407,False
258,2025-09-16,9,2,62572.86251675731,62572.86251675731,36.67017388766631,50,20258.284754432483,18739.86980818402,1599.347761063184,1734.8608226132894,1200.0,38971.071371771664,0.0,0.0,122.56656680598428,39093.63793857766,0,0.0,9.094947017729282e-13,0.029346292023546994,1,0,0,0,1,0.0,0,causal_season,3407,causal_season_seed_3407,False
259,2025-09-17,9,2,67497.78185191975,67497.78185191975,7.62916666666672,10,21489.979625811593,18877.796042553375,4933.109035328198,1200.0,1688.2405135927665,41159.232619489005,0.0,0.0,34.70889375000024,41193.941513239035,0,0.0,9.094947017729282e-13,0.043335292022675276,1,0,0,0,1,0.0,0,causal_season,3407,causal_season_seed_3407,False
260,2025-09-18,9,2,64483.688891542886,64483.688891542886,292.237939420437,50,20108.240035220828,18489.69635290999,4201.332031985819,1688.2405135927665,1274.740748162769,39571.27431250441,0.0,0.0,1789.7344779388827,41361.00879044331,0,0.0,7.709388682997087e-13,0.03216895798686892,1,0,0,0,1,0.0,0,causal_season,3407,causal_season_seed_3407,False
261,2025-09-19,9,2,31544.693575749734,31544.693575749734,11.272918880672478,10,15098.027654404854,13301.54863630902,13658.135159867905,1274.740748162769,1576.9240513203665,17051.22232982274,0.0,0.0,78.6398821115712,17129.862211934313,0,0.0,8.384404281969182e-13,0.047265500063076615,1,0,0,0,1,0.0,0,causal_season,3407,causal_season_seed_3407,False
262,2025-09-20,9,2,31307.352703937042,31307.352703937042,286.9006234693935,50,14941.823496627116,13341.423641978083,14348.419739424073,1576.9240513203665,1688.8871323660544,16973.376766367404,0.0,0.0,1336.2270801892282,18309.60384655663,0,0.0,9.094947017729282e-13,0.04774308402556926,1,0,0,0,1,0.0,0,causal_season,3407,causal_season_seed_3407,False
263,2025-09-21,9,2,66878.78319194031,66878.78319194031,140.90871696296912,30,19266.556413286766,17390.78658165234,6856.434593935516,1688.8871323660544,1635.2487792941467,41189.47227960374,0.0,0.0,898.9432470475869,42088.41552665132,0,0.0,9.041656312547275e-13,0.0492644578916952,1,0,0,0,1,0.0,0,causal_season,3407,causal_season_seed_3407,False
264,2025-09-22,9,2,65039.55158218628,65039.55158218628,575.7260644320462,70,20647.58014851703,18799.34160637024,3153.019221138205,1635.2487792941467,1407.0172154520894,39821.48489783844,0.0,0.0,3448.715206827075,43270.200104665506,0,0.0,9.059419880941277e-13,0.0374260829994455,1,0,0,0,1,0.0,0,causal_season,3407,causal_season_seed_3407,False
265,2025-09-23,9,2,68088.6628773415,68088.6628773415,69.16892666405322,50,21763.169176216325,19274.096685717544,3552.1437301734345,1407.0172154520894,1736.6905358529461,41780.421075878265,0.0,0.0,357.3987634720438,42137.819839350304,0,0.0,9.094947017729282e-13,0.031152000068686903,1,0,0,0,1,0.0,0,causal_season,3407,causal_season_seed_3407,False
266,2025-09-24,9,2,69059.04424977361,69059.04424977361,0.0,0,21356.73602071699,18897.37296062221,5536.456089678835,1736.6905358529461,2077.889183165744,42532.569591608466,0.0,0.0,0.0,42532.569591608466,0,0.0,9.094947017729282e-13,0.053093083086423576,1,0,0,0,1,0.0,0,causal_season,3407,causal_season_seed_3407,False
267,2025-09-25,9,2,65929.63704368961,65929.63704368961,189.77734044448633,60,20303.227189424448,19056.940037564083,4537.678332273739,2077.889183165744,1251.4431303120477,40744.77937454242,0.0,0.0,1036.4684931844708,41781.2478677269,0,0.0,9.094947017729282e-13,0.053265374968759716,1,0,0,0,1,0.0,0,causal_season,3407,causal_season_seed_3407,False
268,2025-09-26,9,2,32567.939777624182,32567.939777624182,0.0,0,14899.010111259979,13027.933947945334,13002.620114309537,1251.4431303120477,1653.2370197711996,17697.923370466884,0.0,0.0,0.0,17697.92337046688,0,0.0,9.094947017729282e-13,0.04949679202400148,1,0,0,0,1,0.0,0,causal_season,3407,causal_season_seed_3407,False
269,2025-09-27,9,2,31797.066259038213,31797.066259038213,434.980134529447,70,15038.394527121109,13962.834342808203,13355.183959254751,1653.2370197711996,1201.791032180506,17249.164825853815,0.0,0.0,2320.97105243327,19570.13587828708,0,0.0,7.958078640513122e-13,0.044169832952320576,1,0,0,0,1,0.0,0,causal_season,3407,causal_season_seed_3407,False
270,2025-09-28,9,2,68168.72856291334,68168.72856291334,742.3942019017902,80,21814.840921818646,19413.139142346965,3021.791818676775,1201.791032180506,1433.9208564773453,41903.39001182975,0.0,0.0,3741.668806409503,45645.058818239275,0,0.0,9.094947017729282e-13,0.0452102500712499,1,0,0,0,1,0.0,0,causal_season,3407,causal_season_seed_3407,False
271,2025-09-29,9,2,71550.85369414446,71550.85369414446,59.71374799367959,30,21508.713618317473,19180.308205914185,6522.270429734854,1433.9208564773453,1621.0581771578725,43945.02358311958,0.0,0.0,359.5026374417326,44304.5262205613,0,0.0,9.094947017729282e-13,0.04397012502886355,1,0,0,0,1,0.0,0,causal_season,3407,causal_season_seed_3407,False
272,2025-09-30,9,2,69793.50783001703,69793.50783001703,28.816789390833947,10,22659.368242866338,20393.52049960498,2134.302109479834,1621.0581771578725,1620.9642775124755,43284.64222674008,0.0,0.0,194.70063751916956,43479.34286425924,0,0.0,9.094947017729282e-13,0.03190691699273884,1,0,0,0,1,0.0,0,causal_season,3407,causal_season_seed_3407,False
273,2025-10-01,10,2,73660.95222566716,73660.95222566716,0.0,0,19355.272267093944,15147.782904892038,19791.94133013192,1620.9642775124755,4015.8226461179397,45671.59486654957,0.0,0.0,0.0,45671.59486654957,0,0.0,9.023892744153272e-13,0.03449045808520168,1,0,0,0,1,0.0,0,causal_season,3407,causal_season_seed_3407,False
274,2025-10-02,10,2,59030.104522923764,59030.104522923764,0.0,0,19412.248626109067,17598.928431188095,5486.001211336122,4015.8226461179397,3880.9992883622363,37251.46357416186,0.0,0.0,0.0,37251.46357416186,0,0.0,9.094947017729282e-13,0.03656849998515099,1,0,0,0,1,0.0,0,causal_season,3407,causal_season_seed_3407,False
275,2025-10-03,10,2,28823.480594743374,28823.480594743374,0.0,0,13146.847329599184,12004.505822771469,19863.985387915658,3880.9992883622363,3699.3335770691656,15679.81351960554,0.0,0.0,0.0,15679.813519605545,0,0.0,9.094947017729282e-13,0.04788862506393343,1,0,0,0,1,0.0,0,causal_season,3407,causal_season_seed_3407,False
276,2025-10-04,10,2,30508.08998185896,30508.08998185896,0.0,0,13529.82409892849,12192.459061173116,16074.742510770255,3699.3335770691656,3682.8714213955404,16792.942688035433,0.0,0.0,0.0,16792.94268803543,0,0.0,8.526512829121202e-13,0.06274116702843457,1,0,0,0,1,0.0,0,causal_season,3407,causal_season_seed_3407,False
277,2025-10-05,10,2,66044.55176202391,66044.55176202391,0.0,0,18633.642192477953,16881.948315024918,9556.896817904219,3682.8714213955404,3565.160545675231,41036.1391609474,0.0,0.0,0.0,41036.139160947394,0,0.0,9.023892744153272e-13,0.05206958390772343,1,0,0,0,1,0.0,0,causal_season,3407,causal_season_seed_3407,False
278,2025-10-06,10,2,66369.95521478652,66369.95521478652,0.0,0,19367.30799010578,17229.232911758198,6498.770886438941,3565.160545675231,3777.3960511919354,41533.43854455477,0.0,0.0,0.0,41533.438544554774,0,0.0,8.881784197001252e-13,0.06394933396950364,1,0,0,0,1,0.0,0,causal_season,3407,causal_season_seed_3407,False
279,2025-10-07,10,2,66946.20965470979,66946.20965470979,0.0,0,19905.021317700033,17937.301055202704,7206.926392212457,3777.3960511919354,3753.3818524393128,41791.21516892205,0.0,0.0,0.0,41791.21516892205,0,0.0,9.094947017729282e-13,0.04364262509625405,1,0,0,0,1,0.0,0,causal_season,3407,causal_season_seed_3407,False
280,2025-10-08,10,2,63382.15931626348,63382.15931626348,0.0,0,18771.813401355714,18484.042716987416,6615.892965228522,3753.3818524393128,2077.9959159171704,38643.03280352219,0.0,0.0,0.0,38643.03280352219,0,0.0,8.952838470577262e-13,0.0352603750070557,1,0,0,0,1,0.0,0,causal_season,3407,causal_season_seed_3407,False
281,2025-10-09,10,2,62374.41344198629,62374.41344198629,242.64713998386935,30,20415.099946638176,18943.407501686183,5385.386453684836,2077.9959159171704,1477.3554799753058,37508.663217416666,0.0,0.0,1643.6912263344052,39152.35444375108,0,0.0,9.023892744153272e-13,0.054281832999549806,1,0,0,0,1,0.0,0,causal_season,3407,causal_season_seed_3407,False
282,2025-10-10,10,2,29808.523457967225,29808.523457967225,104.24931596942793,50,15107.917012821354,13820.681663589989,19281.926508038625,1477.3554799753058,1241.7063940156788,15201.698102917197,0.0,0.0,219.85987866175125,15421.557981578944,0,0.0,8.668621376273222e-13,0.043565125088207424,1,0,0,0,1,0.0,0,causal_season,3407,causal_season_seed_3407,False
283,2025-10-11,10,2,31452.689934901668,31452.689934901668,0.0,0,15620.171370359007,13719.785164478755,15445.990145688083,1241.7063940156788,1598.378709781832,16068.87558529602,0.0,0.0,0.0,16068.875585296017,0,0.0,7.958078640513122e-13,0.05195816699415445,1,0,0,0,1,0.0,0,causal_season,3407,causal_season_seed_3407,False
284,2025-10-12,10,2,66473.16773399425,66473.16773399425,22.107867420965476,20,20108.246345776475,18284.39964310638,6156.472915411787,1598.378709781832,1401.2866641099247,40213.26175724288,0.0,0.0,106.25307592865515,40319.51483317153,0,0.0,9.094947017729282e-13,0.03338937496300787,1,0,0,0,1,0.0,0,causal_season,3407,causal_season_seed_3407,False
285,2025-10-13,10,2,68714.79062882497,68714.79062882497,0.0,0,21399.315907507043,18460.007752530455,8748.087173848377,1401.2866641099247,2243.9035478144806,41580.3886857487,0.0,0.0,0.0,41580.388685748694,0,0.0,9.094947017729282e-13,0.03602816700004041,1,0,0,0,1,0.0,0,causal_season,3407,causal_season_seed_3407,False
286,2025-10-14,10,2,65070.845436599775,65070.845436599775,263.836598701497,30,21236.24760252081,19623.81863601639,2948.4237854635116,2243.9035478144806,1705.055868301057,39541.903559222184,0.0,0.0,1286.0491736581264,40827.95273288031,0,0.0,8.348877145181177e-13,0.04075899999588728,1,0,0,0,1,0.0,0,causal_season,3407,causal_season_seed_3407,False
287,2025-10-15,10,2,68769.04357758333,68769.04357758333,0.0,0,21044.637282739535,18441.072880598935,4245.455525442725,1705.055868301057,2231.1541720155524,41929.87073668715,0.0,0.0,0.0,41929.87073668717,0,0.0,8.810729923425242e-13,0.04983399994671345,1,0,0,0,1,0.0,0,causal_season,3407,causal_season_seed_3407,False
288,2025-10-16,10,2,67536.12104741928,67536.12104741928,711.5942078010688,10,21456.55005305389,19870.83151530737,3695.5237674738296,2231.1541720155524,1640.9293111905479,41051.86082900393,0.0,0.0,4964.081193620256,46015.94202262418,0,0.0,9.094947017729282e-13,0.03303712501656264,1,0,0,0,1,0.0,0,causal_season,3407,causal_season_seed_3407,False
289,2025-10-17,10,2,31974.625764413962,31974.625764413962,0.0,0,15077.949386903696,13584.980996825054,14477.458057668657,1640.9293111905479,1625.3007567064576,16685.158000405045,0.0,0.0,0.0,16685.158000405045,0,0.0,9.094947017729282e-13,0.049994333065114915,1,0,0,0,1,0.0,0,causal_season,3407,causal_season_seed_3407,False
290,2025-10-18,10,2,31599.49543407371,31599.49543407371,0.0,0,15184.463370459307,13390.266088412229,13728.704885359964,1625.3007567064576,1915.9677744222743,16441.519449592106,0.0,0.0,0.0,16441.51944959211,0,0.0,9.094947017729282e-13,0.046612792066298425,1,0,0,0,1,0.0,0,causal_season,3407,causal_season_seed_3407,False
291,2025-10-19,10,2,68732.05916231914,68732.05916231914,426.6701989701576,20,22164.64073611571,20134.889172975352,3243.2552648156097,1915.9677744222743,1719.1555075099163,41741.942515763425,0.0,0.0,2969.4154106682404,44711.35792643167,0,0.0,8.810729923425242e-13,0.05394266697112471,1,0,0,0,1,0.0,0,causal_season,3407,causal_season_seed_3407,False
292,2025-10-20,10,2,72504.37435890165,72504.37435890165,0.0,0,22059.11755087853,19472.004882159894,5476.47932351635,1719.1555075099163,2120.9765519133825,44565.231481181065,0.0,0.0,0.0,44565.23148118108,0,0.0,8.597567102697212e-13,0.030376458074897528,1,0,0,0,1,0.0,0,causal_season,3407,causal_season_seed_3407,False
293,2025-10-21,10,2,72208.54565639253,72208.54565639253,0.0,0,20951.11821613204,18699.99953007471,3494.845620335193,2120.9765519133825,2285.422226001566,44348.84246040418,0.0,0.0,0.0,44348.84246040418,0,0.0,9.094947017729282e-13,0.01918558299075812,1,0,0,0,1,0.0,0,causal_season,3407,causal_season_seed_3407,False
294,2025-10-22,10,2,74071.57609960146,74071.57609960146,0.0,0,21097.057783864155,19064.272268543747,6483.893884281052,2285.422226001566,2204.3411494989305,45539.873138990486,0.0,0.0,0.0,45539.87313899049,0,0.0,9.094947017729282e-13,0.0197152909822762,1,0,0,0,1,0.0,0,causal_season,3407,causal_season_seed_3407,False
295,2025-10-23,10,2,71826.09051375043,71826.09051375043,0.0,0,20302.626223381634,18589.82544777821,6733.792704813665,2204.3411494989305,1869.7069808705776,44214.076760969234,0.0,0.0,0.0,44214.07676096923,0,0.0,8.668621376273222e-13,0.04996404203120619,1,0,0,0,1,0.0,0,causal_season,3407,causal_season_seed_3407,False
296,2025-10-24,10,2,32058.024069939936,32058.024069939936,0.0,0,15746.454323528582,14391.929640727472,12283.44867047216,1869.7069808705776,1637.6793379215692,16750.51041846173,0.0,0.0,0.0,16750.51041846173,0,0.0,8.810729923425242e-13,0.03950854204595089,1,0,0,0,1,0.0,0,causal_season,3407,causal_season_seed_3407,False
297,2025-10-25,10,2,32966.95859030478,32966.95859030478,0.0,0,15581.456979085544,14081.990902061427,12069.059779947325,1637.6793379215692,1575.8255865115661,17158.270456411377,0.0,0.0,0.0,17158.27045641138,0,0.0,8.260059303211165e-13,0.0647505420492962,1,0,0,0,1,0.0,0,causal_season,3407,causal_season_seed_3407,False
298,2025-10-26,10,2,72840.52750796301,72840.52750796301,0.0,0,21268.778053861635,18436.662939174865,5464.100376609584,1575.8255865115661,2319.2109826177557,44742.434638804036,0.0,0.0,0.0,44742.43463880404,0,0.0,8.961720254774264e-13,0.03475162503309548,1,0,0,0,1,0.0,0,causal_season,3407,causal_season_seed_3407,False
299,2025-10-27,10,2,74552.73033732208,74552.73033732208,9.79633777458082,10,19919.568657561216,17703.32261021271,8793.698961081482,2319.2109826177557,2555.63253874011,46333.57640722632,0.0,0.0,45.88604613613656,46379.46245336244,0,0.0,9.094947017729282e-13,0.01578812499064952,1,0,0,0,1,0.0,0,causal_season,3407,causal_season_seed_3407,False
300,2025-10-28,10,2,72490.11418488622,72490.11418488622,0.0,0,21379.50729706959,19418.823286962957,4557.008474779601,2555.63253874011,2368.777009645629,44738.262365347895,0.0,0.0,0.0,44738.26236534792,0,0.0,8.402167850363185e-13,0.014993792050518095,1,0,0,0,1,0.0,0,causal_season,3407,causal_season_seed_3407,False
301,2025-10-29,10,2,75117.98603677786,75117.98603677786,0.0,0,21640.588312384945,19463.23110261256,3628.372027005468,2368.777009645629,2382.794731430355,46693.98485679571,0.0,0.0,0.0,46693.98485679569,0,0.0,8.668621376273222e-13,0.015467000077478588,1,0,0,0,1,0.0,0,causal_season,3407,causal_season_seed_3407,False
302,2025-10-30,10,2,74693.47370843033,74693.47370843033,0.5757963211425476,10,19810.928856219725,18368.28064608656,8463.583644618331,2382.794731430355,1815.2242085853898,46219.19816728407,0.0,0.0,2.6970299682316927,46221.89519725231,0,0.0,9.094947017729282e-13,0.015431541949510574,1,0,0,0,1,0.0,0,causal_season,3407,causal_season_seed_3407,False
303,2025-10-31,10,2,33962.5315077602,33962.5315077602,0.0,0,16206.433530575372,14216.077936791993,8067.883847310151,1815.2242085853898,2204.9351284314357,18035.632977685265,0.0,0.0,0.0,18035.632977685273,0,0.0,7.975842208907125e-13,0.048989292001351714,1,0,0,0,1,0.0,0,causal_season,3407,causal_season_seed_3407,False
304,2025-11-01,11,2,33391.98935116265,33391.98935116265,0.0,0,15699.304208494792,14060.958991244659,9209.605700579184,2204.9351284314357,2277.0506558590214,17781.939382693963,0.0,0.0,0.0,17781.939382693963,0,0.0,9.094947017729282e-13,0.04347766691353172,1,0,0,0,1,0.0,0,causal_season,3407,causal_season_seed_3407,False
305,2025-11-02,11,2,73892.71918301022,73892.71918301022,115.58356185717685,10,21971.201212535347,20438.29009225669,3679.0076912554205,2277.0506558590214,1576.9128940371465,45494.502005107664,0.0,0.0,806.3109275156658,46300.81293262335,0,0.0,9.094947017729282e-13,0.020787667017430067,1,0,0,0,1,0.0,0,causal_season,3407,causal_season_seed_3407,False
306,2025-11-03,11,2,77100.92496341924,77100.92496341924,0.0,0,21273.88545524343,18573.778471880043,4895.887696722513,1576.9128940371465,2180.6111345521317,47936.71107522496,0.0,0.0,0.0,47936.71107522497,0,0.0,8.135714324453147e-13,0.015737875015474856,1,0,0,0,1,0.0,0,causal_season,3407,causal_season_seed_3407,False
307,2025-11-04,11,2,76553.80545555451,76553.80545555451,26.806249482230783,20,20194.687945126418,18707.694234908602,7513.545961485581,2180.6111345521317,1619.333113331531,47352.25760778267,0.0,0.0,124.8715867316036,47477.12919451429,0,0.0,9.094947017729282e-13,0.020157083054073155,1,0,0,0,1,0.0,0,causal_season,3407,causal_season_seed_3407,False
308,2025-11-05,11,2,75562.51626625688,75562.51626625688,3.227683333333289,10,22447.102645622464,19741.9313272212,3182.5525645222815,1619.333113331531,2104.701681309108,46858.86547031183,0.0,0.0,13.880652174999808,46872.74612248682,0,0.0,8.810729923425242e-13,0.01487562502734363,1,0,0,0,1,0.0,0,causal_season,3407,causal_season_seed_3407,False
309,2025-11-06,11,2,74324.15963313711,74324.15963313711,963.551544740368,70,21525.00569129073,19997.011166712728,2390.132103299472,2104.701681309108,1446.4145102011234,45952.37566540974,0.0,0.0,4657.27114506354,50609.64681047328,0,0.0,8.988365607365267e-13,0.015792374964803457,1,0,0,0,1,0.0,0,causal_season,3407,causal_season_seed_3407,False
310,2025-11-07,11,2,34678.31084645719,34678.31084645719,0.0,0,17426.20697206913,15259.763430392466,9193.405521447197,1446.4145102011234,1893.1630145130266,18267.92791390598,0.0,0.0,0.0,18267.927913905984,0,0.0,9.094947017729282e-13,0.05048299999907613,1,0,0,0,1,0.0,0,causal_season,3407,causal_season_seed_3407,False
311,2025-11-08,11,2,34284.890851591976,34284.890851591976,0.0,0,16291.24141249536,14597.693006090818,8800.13534518743,1893.1630145130266,1961.0721526705063,17922.365191667002,0.0,0.0,0.0,17922.365191666995,0,0.0,8.526512829121202e-13,0.07157191704027355,1,0,0,0,1,0.0,0,causal_season,3407,causal_season_seed_3407,False
312,2025-11-09,11,2,76106.61111732745,76106.61111732745,177.36873812777537,30,22066.191294154403,20242.985633835597,3113.9570118030833,1961.0721526705063,1556.918870026528,47259.76671005818,0.0,0.0,1167.7096793604733,48427.47638941867,0,0.0,9.094947017729282e-13,0.02039241709280759,1,0,0,0,1,0.0,0,causal_season,3407,causal_season_seed_3407,False
313,2025-11-10,11,2,79946.82716465698,79946.82716465698,0.0,0,23698.256686799592,20995.16429778801,3385.2916756454006,1556.918870026528,1908.2128382206117,49517.13434517038,0.0,0.0,0.0,49517.13434517039,0,0.0,9.094947017729282e-13,0.01538862509187311,1,0,0,0,1,0.0,0,causal_season,3407,causal_season_seed_3407,False
314,2025-11-11,11,2,80587.83820857207,80587.83820857207,0.0,0,21965.47043906292,19604.257536391764,6667.605639234256,1908.2128382206117,2081.7858937421365,50320.87299049323,0.0,0.0,0.0,50320.87299049324,0,0.0,9.094947017729282e-13,0.015430665924213827,1,0,0,0,1,0.0,0,causal_season,3407,causal_season_seed_3407,False
315,2025-11-12,11,2,78377.08340675147,78377.08340675147,11.773333333333312,10,22697.689340261222,20490.629154706832,5225.8088045304075,2081.7858937421365,2015.6850689457108,48751.64662214742,0.0,0.0,51.56131333333324,48803.20793548075,0,0.0,9.094947017729282e-13,0.014923791051842272,1,0,0,0,1,0.0,0,causal_season,3407,causal_season_seed_3407,False
316,2025-11-13,11,2,77347.26967673108,77347.26967673108,0.0,0,21385.863859663154,19393.084477441902,2958.618977843167,2015.6850689457108,1861.9909920659989,48310.38771302504,0.0,0.0,0.0,48310.38771302506,0,0.0,8.806289031326742e-13,0.019316792022436857,1,0,0,0,1,0.0,0,causal_season,3407,causal_season_seed_3407,False
317,2025-11-14,11,2,35197.95153581434,35197.95153581434,0.0,0,16745.90422959164,14653.33425302198,5506.926259244674,1861.9909920659989,2302.5801269958756,18767.217822353276,0.0,0.0,0.0,18767.217822353276,0,0.0,8.526512829121202e-13,0.04829437495209277,1,0,0,0,1,0.0,0,causal_season,3407,causal_season_seed_3407,False
318,2025-11-15,11,2,34828.21088866342,34828.21088866342,0.0,0,16606.08414922137,15174.523940329394,5184.763763104786,2302.5801269958756,2061.142118652267,18611.689968879815,0.0,0.0,0.0,18611.68996887982,0,0.0,9.094947017729282e-13,0.0532865000423044,1,0,0,0,1,0.0,0,causal_season,3407,causal_season_seed_3407,False
319,2025-11-16,11,2,80160.67667924805,80160.67667924805,0.0,0,23187.914269374938,21003.728284170327,3541.946310710111,2061.142118652267,1919.2555248759313,50112.36812619656,0.0,0.0,0.0,50112.368126196554,0,0.0,8.952838470577262e-13,0.019368916051462293,1,0,0,0,1,0.0,0,causal_season,3407,causal_season_seed_3407,False
320,2025-11-17,11,2,82916.14340963808,82916.14340963808,0.0,0,21915.844115495318,19265.695696354902,7570.240657164323,1919.2555248759313,2402.6244305299065,52222.287249518966,0.0,0.0,0.0,52222.28724951897,0,0.0,9.094947017729282e-13,0.01570874999742955,1,0,0,0,1,0.0,0,causal_season,3407,causal_season_seed_3407,False
321,2025-11-18,11,2,81087.98328224834,81087.98328224834,0.0,0,21712.69419411949,19605.21669557615,4089.9539503716787,2402.6244305299065,2335.3818417758944,51162.06058214341,0.0,0.0,0.0,51162.0605821434,0,0.0,9.094947017729282e-13,0.020200083032250404,1,0,0,0,1,0.0,0,causal_season,3407,causal_season_seed_3407,False
322,2025-11-19,11,2,81218.34310345078,81218.34310345078,428.60307617136584,50,23542.678939083107,21588.098675433266,4324.054315972295,2335.3818417758944,1914.0740870385691,50690.008290457285,0.0,0.0,2068.526563246889,52758.534853704194,0,0.0,9.094947017729282e-13,0.015410415944643319,1,0,0,0,1,0.0,0,causal_season,3407,causal_season_seed_3407,False
323,2025-11-20,11,2,81084.8350413486,81084.8350413486,0.0,0,22420.83211740442,20274.160456638314,4145.087347249163,1914.0740870385691,1813.5014816491794,50920.671206053026,0.0,0.0,0.0,50920.67120605302,0,0.0,9.094947017729282e-13,0.01988070795778185,1,0,0,0,1,0.0,0,causal_season,3407,causal_season_seed_3407,False
324,2025-11-21,11,2,35676.93915176789,35676.93915176789,0.0,0,17233.991678411072,15076.148968206915,4654.712374897062,1813.5014816491794,2271.445184522209,19154.624797962475,0.0,0.0,0.0,19154.624797962475,0,0.0,8.526512829121202e-13,0.041370667051523924,1,0,0,0,1,0.0,0,causal_season,3407,causal_season_seed_3407,False
325,2025-11-22,11,2,35971.91459265587,35971.91459265587,0.0,0,16918.752450699096,15303.485551404343,4136.8182100277845,2271.445184522209,2190.6928977131315,19274.154828240713,0.0,0.0,0.0,19274.154828240713,0,0.0,9.094947017729282e-13,0.04264808306470513,1,0,0,0,1,0.0,0,causal_season,3407,causal_season_seed_3407,False
326,2025-11-23,11,2,82495.5532787996,82495.5532787996,0.0,0,22961.180362309824,20718.11964379352,5020.396276949965,2190.6928977131315,2134.7655742072707,51865.68959207337,0.0,0.0,0.0,51865.689592073366,0,0.0,9.094947017729282e-13,0.015762166935019195,1,0,0,0,1,0.0,0,causal_season,3407,causal_season_seed_3407,False
327,2025-11-24,11,2,83073.90608914521,83073.90608914521,18.839666666666517,10,21090.073715247516,19180.646751632103,7021.375092196457,2134.7655742072707,1924.3893524276064,52250.7600061154,0.0,0.0,88.24499866666596,52339.00500478207,0,0.0,9.094947017729282e-13,0.01552554196678102,1,0,0,0,1,0.0,0,causal_season,3407,causal_season_seed_3407,False
328,2025-11-25,11,2,82546.39318054702,82546.39318054702,0.0,0,23703.05400896113,21084.681913045024,3759.3606179642443,1924.3893524276064,2185.874608392125,51823.511617219636,0.0,0.0,0.0,51823.511617219636,0,0.0,9.094947017729282e-13,0.015531916986219585,1,0,0,0,1,0.0,0,causal_season,3407,causal_season_seed_3407,False
329,2025-11-26,11,2,83700.31998973338,83700.31998973338,32.99316666666664,10,23475.84300018696,20802.21519298166,4302.018465861424,2185.874608392125,2529.5546413985135,52632.810586080304,0.0,0.0,154.53999266666654,52787.35057874698,0,0.0,9.094947017729282e-13,0.0199959579622373,1,0,0,0,1,0.0,0,causal_season,3407,causal_season_seed_3407,False
330,2025-11-27,11,2,82455.00212947962,82455.00212947962,0.0,0,22313.083203194983,20404.954987740497,4765.9811806918,2529.5546413985135,2188.892899456673,51981.58263753229,0.0,0.0,0.0,51981.58263753228,0,0.0,8.810729923425242e-13,0.01601370796561241,1,0,0,0,1,0.0,0,causal_season,3407,causal_season_seed_3407,False
331,2025-11-28,11,2,37045.880128208744,37045.880128208744,0.0,0,17617.913106961958,15747.337233595372,4254.065704842159,2188.892899456673,2303.5618968912577,19892.137015640925,0.0,0.0,0.0,19892.13701564092,0,0.0,7.460698725481052e-13,0.048456290969625115,1,0,0,0,1,0.0,0,causal_season,3407,causal_season_seed_3407,False
332,2025-11-29,11,2,37795.625204317286,37795.625204317286,0.0,0,17439.974755608942,15689.695630394026,1115.8959791023715,2303.5618968912577,2310.183337014568,20179.046072780442,0.0,0.0,0.0,20179.046072780435,0,0.0,9.023892744153272e-13,0.058745792019180954,1,0,0,0,1,0.0,0,causal_season,3407,causal_season_seed_3407,False
333,2025-11-30,11,2,86627.61456803144,86627.61456803144,6.062833333333401,10,24036.431357621048,21847.541179775693,4199.959106852766,2310.183337014568,2083.8138432561564,54720.24337680001,0.0,0.0,28.398311333333652,54748.64168813336,0,0.0,9.094947017729282e-13,0.014222915982827544,1,0,0,0,1,0.0,0,causal_season,3407,causal_season_seed_3407,False
334,2025-12-01,12,2,87362.56099241697,87362.56099241697,3084.3996901220944,130,25750.01990092553,22968.617171476682,1366.6302197568857,2083.8138432561564,2301.379325625713,55091.38636599178,0.0,0.0,15004.022039702782,70095.40840569456,0,0.0,9.094947017729282e-13,0.015834207995794713,1,0,0,0,1,0.0,0,causal_season,3407,causal_season_seed_3407,False
335,2025-12-02,12,2,85735.4535070588,85735.4535070588,4628.353438643475,170,23947.69301411742,22234.812733408162,13.116714993018604,2301.379325625713,1582.6051866651985,54134.500435215414,0.0,0.0,23654.913602346784,77789.4140375622,0,0.0,9.094947017729282e-13,0.015855541918426752,1,0,0,0,1,0.0,0,causal_season,3407,causal_season_seed_3407,False
336,2025-12-03,12,2,88532.51725700597,88532.51725700597,1592.7880911944628,80,25204.58257021246,22647.79145004247,405.7656613637756,1582.6051866651985,1620.9033871535946,56007.532964930644,0.0,0.0,7842.898140613212,63850.43110554389,0,0.0,8.810729923425242e-13,0.01586804201360792,1,0,0,0,1,0.0,0,causal_season,3407,causal_season_seed_3407,False
337,2025-12-04,12,2,86387.64968859253,86387.64968859253,4407.119260570498,170,25164.109906890175,22649.935465720824,1509.385757993672,1620.9033871535946,1618.5458569596262,54328.37773820762,0.0,0.0,21551.788606299004,75880.16634450664,0,0.0,9.094947017729282e-13,0.01597466692328453,1,0,0,0,1,0.0,0,causal_season,3407,causal_season_seed_3407,False
338,2025-12-05,12,2,40909.72520941122,40909.72520941122,2103.6181437268333,100,18433.19127472475,16892.1437182357,160.668113315666,1618.5458569596262,1299.9236448846677,21845.382967485035,0.0,0.0,12496.872665777491,34342.255633262524,0,0.0,9.094947017729282e-13,0.0396224589785561,1,0,0,0,1,0.0,0,causal_season,3407,causal_season_seed_3407,False
339,2025-12-06,12,2,42081.40872196872,42081.40872196872,3633.7135771423655,170,17919.549670017517,15870.025908838192,0.9677212651007494,1299.9236448846677,1571.424992812743,22098.035578252428,0.0,0.0,22312.283431043703,44410.31900929613,0,0.0,9.094947017729282e-13,0.05450312502216548,1,0,0,0,1,0.0,0,causal_season,3407,causal_season_seed_3407,False
340,2025-12-07,12,2,89153.1755865694,89153.1755865694,1884.9472084873146,120,25560.685272737854,22936.02257043157,760.7788427504325,1571.424992812743,1643.7296019203832,56277.56213053024,0.0,0.0,9570.390457100872,65847.95258763112,0,0.0,9.094947017729282e-13,0.015267041977494955,1,0,0,0,1,0.0,0,causal_season,3407,causal_season_seed_3407,False
341,2025-12-08,12,2,95597.6706595672,95597.6706595672,0.0,0,25839.9565585132,22476.082047544634,4386.585031931969,1643.7296019203832,2465.794095645373,60727.65824167872,0.0,0.0,0.0,60727.65824167875,0,0.0,9.094947017729282e-13,0.015924707986414433,1,0,0,0,1,0.0,0,causal_season,3407,causal_season_seed_3407,False
342,2025-12-09,12,2,95023.8068066451,95023.8068066451,91.59962011787536,30,25057.606156480357,22678.27373715904,5347.619740774993,2465.794095645373,2332.527075358915,60772.765937081254,0.0,0.0,531.9946132450522,61304.76055032629,0,0.0,9.094947017729282e-13,0.015619333018548787,1,0,0,0,1,0.0,0,causal_season,3407,causal_season_seed_3407,False
343,2025-12-10,12,2,93950.14255235982,93950.14255235982,27.54079037215854,10,24413.812400320883,21958.502692392463,3134.755168136876,2332.527075358915,2347.2089696485596,60010.00234936443,0.0,0.0,129.00106210319058,60139.003411467595,0,0.0,9.094947017729282e-13,0.014902208000421524,1,0,0,0,1,0.0,0,causal_season,3407,causal_season_seed_3407,False
344,2025-12-11,12,2,94378.05593522766,94378.05593522766,27.370000287046878,20,23743.853881928804,21496.505772578672,6196.823126164567,2347.2089696485596,2213.299920017547,60337.03917720806,0.0,0.0,152.36735921473178,60489.40653642277,0,0.0,9.094947017729282e-13,0.015186249976977706,1,0,0,0,1,0.0,0,causal_season,3407,causal_season_seed_3407,False
345,2025-12-12,12,2,47422.80416213408,47422.80416213408,0.0,0,19559.352622461367,17356.02950719099,1505.067563530377,2213.299920017547,2474.0696136894076,24921.168224639398,0.0,0.0,0.0,24921.168224639405,0,0.0,8.881784197001252e-13,0.036601249943487346,1,0,0,0,1,0.0,0,causal_season,3407,causal_season_seed_3407,False
346,2025-12-13,12,2,50308.67214409765,50308.67214409765,0.0,0,19373.753526695902,17303.057426557014,4439.442660625429,2474.0696136894076,2614.6020208091113,26359.28908426037,0.0,0.0,0.0,26359.28908426036,0,0.0,8.455458555545192e-13,0.03536687500309199,1,0,0,0,1,0.0,0,causal_season,3407,causal_season_seed_3407,False
347,2025-12-14,12,2,95331.96689644933,95331.96689644933,0.0,0,24483.536967044907,22365.388092951427,4435.096222355844,2614.6020208091113,2266.5355762015565,61122.736388557634,0.0,0.0,0.0,61122.73638855765,0,0.0,9.094947017729282e-13,0.014790582936257124,1,0,0,0,1,0.0,0,causal_season,3407,causal_season_seed_3407,False
348,2025-12-15,12,2,95640.01385024693,95640.01385024693,2.875666781361133,10,25401.88999036452,22780.965676799853,3552.4072367969497,2266.5355762015565,2351.638070041302,60946.84058678558,0.0,0.0,16.70331049953614,60963.54389728512,0,0.0,9.094947017729282e-13,0.014623082941398025,1,0,0,0,1,0.0,0,causal_season,3407,causal_season_seed_3407,False
349,2025-12-16,12,2,95667.61168195936,95667.61168195936,0.0,0,24233.807801968833,21943.55819663495,3959.2707432921507,2351.638070041302,2211.305489994218,61467.49189541115,0.0,0.0,0.0,61467.49189541112,0,0.0,9.094947017729282e-13,0.014464500010944903,1,0,0,0,1,0.0,0,causal_season,3407,causal_season_seed_3407,False
350,2025-12-17,12,2,95620.10206322928,95620.10206322928,18.193694295919386,20,24838.51573215679,22093.479723875083,4701.412682576814,2211.305489994218,2486.6180580585465,60806.522058783485,0.0,0.0,105.38991371294642,60911.91197249641,0,0.0,9.094947017729282e-13,0.014645292074419558,1,0,0,0,1,0.0,0,causal_season,3407,causal_season_seed_3407,False
351,2025-12-18,12,2,92664.37961833976,92664.37961833976,444.09099183431283,40,25690.433290849433,23406.48837244396,3458.2587251019468,2486.6180580585465,2186.097946378155,58884.703745328654,0.0,0.0,2182.057376261525,61066.76112159017,0,0.0,9.094947017729282e-13,0.014936457970179617,1,0,0,0,1,0.0,0,causal_season,3407,causal_season_seed_3407,False
352,2025-12-19,12,2,48215.23951815124,48215.23951815124,0.0,0,19166.097711617324,17266.3738878598,3407.124394393719,2186.097946378155,2168.298594962454,25445.94906606669,0.0,0.0,0.0,25445.94906606669,0,0.0,9.094947017729282e-13,0.03481433296110481,1,0,0,0,1,0.0,0,causal_season,3407,causal_season_seed_3407,False
353,2025-12-20,12,2,49325.18822203982,49325.18822203982,0.0,0,19787.80744368588,17702.709577187452,4383.738105541386,2168.298594962454,2280.366681697314,25928.237457833537,0.0,0.0,0.0,25928.237457833544,0,0.0,9.094947017729282e-13,0.03985220892354846,1,0,0,0,1,0.0,0,causal_season,3407,causal_season_seed_3407,False
354,2025-12-21,12,2,94478.33120645276,94478.33120645276,22.87399965981274,10,25023.016649170513,22479.921940160602,2920.328630435992,2280.366681697314,2323.36632570568,60411.06327537448,0.0,0.0,132.8636270240223,60543.926902398496,0,0.0,9.094947017729282e-13,0.016129625029861927,1,0,0,0,1,0.0,0,causal_season,3407,causal_season_seed_3407,False
355,2025-12-22,12,2,95818.14937153626,95818.14937153626,36.457136304352616,30,25496.759473912378,23084.73338400373,4505.153334598635,2323.36632570568,2178.270635958152,61215.09851970773,0.0,0.0,201.9347346628137,61417.03325437054,0,0.0,9.094947017729282e-13,0.015694207977503538,1,0,0,0,1,0.0,0,causal_season,3407,causal_season_seed_3407,False
356,2025-12-23,12,2,95238.5173046687,95238.5173046687,0.0,0,24817.58173426781,22153.402000071394,5316.245037138937,2178.270635958152,2370.559844743103,60680.567473008465,0.0,0.0,0.0,60680.56747300847,0,0.0,9.094947017729282e-13,0.014522499986924231,1,0,0,0,1,0.0,0,causal_season,3407,causal_season_seed_3407,False
357,2025-12-24,12,2,94079.92444214257,94079.92444214257,52.58283393262309,10,25824.82206754623,23296.61423793591,3749.7401297982183,2370.559844743103,2313.3496279554442,59975.827757118604,0.0,0.0,305.4273908976412,60281.25514801625,0,0.0,9.094947017729282e-13,0.015257540973834693,1,0,0,0,1,0.0,0,causal_season,3407,causal_season_seed_3407,False
358,2025-12-25,12,2,93253.33256499667,93253.33256499667,60.24343121402717,30,24315.230819135002,22114.540123574086,3300.436767316455,2313.3496279554442,2070.030928420068,59450.06799911884,0.0,0.0,281.39913394832257,59731.46713306718,0,0.0,9.094947017729282e-13,0.014518041047267616,1,0,0,0,1,0.0,0,causal_season,3407,causal_season_seed_3407,False
359,2025-12-26,12,2,48583.52166428915,48583.52166428915,0.0,0,20372.716210981016,17650.752746930557,2853.935766905359,2070.030928420068,2791.7595014426443,25573.132848749166,0.0,0.0,0.0,25573.132848749156,0,0.0,9.094947017729282e-13,0.052968042087741196,1,0,0,0,1,0.0,0,causal_season,3407,causal_season_seed_3407,False
360,2025-12-27,12,2,48540.32116002342,48540.32116002342,0.0,0,19072.786810505306,17384.34485127063,3513.0701341220743,2791.7595014426443,2561.0853425683904,25578.114844430263,0.0,0.0,0.0,25578.11484443026,0,0.0,9.094947017729282e-13,0.065697249956429,1,0,0,0,1,0.0,0,causal_season,3407,causal_season_seed_3407,False
361,2025-12-28,12,2,94336.24027167693,94336.24027167693,104.20299142097667,30,23267.301375230643,21027.259008385183,5391.146146252451,2561.0853425683904,2469.7084090271887,60266.704748114025,0.0,0.0,603.600451590896,60870.30519970492,0,0.0,9.094947017729282e-13,0.015747708966955543,1,0,0,0,1,0.0,0,causal_season,3407,causal_season_seed_3407,False
362,2025-12-29,12,2,94402.03055228027,94402.03055228027,0.0,0,23795.720909202173,21547.847804653582,4630.391181065019,2469.7084090271887,2330.885488203914,60425.410200124395,0.0,0.0,0.0,60425.4102001244,0,0.0,9.094947017729282e-13,0.014512000023387372,1,0,0,0,1,0.0,0,causal_season,3407,causal_season_seed_3407,False
363,2025-12-30,12,2,93455.95631494332,93455.95631494332,318.97675669026,30,24068.123922111623,21695.220082176063,5177.626631698028,2330.885488203914,2295.1427357539887,59261.750176446316,0.0,0.0,1624.3811559976202,60886.13133244392,0,0.0,9.094947017729282e-13,0.015681584016419947,1,0,0,0,1,0.0,0,causal_season,3407,causal_season_seed_3407,False
364,2025-12-31,12,2,92850.08750675351,92850.08750675351,10.419284681871432,10,25972.031598266905,23584.014570868145,1826.0668307032702,2295.1427357539887,2074.6411912893655,59106.230953263206,0.0,0.0,47.40253566017408,59153.63348892338,0,0.0,9.094947017729282e-13,0.015572916949167848,1,0,0,0,1,0.0,0,causal_season,3407,causal_season_seed_3407,False
31,2025-02-01,2,2,45223.118165254105,45223.118165254105,0.0,0,19133.443358852623,16051.875542091264,7763.374415159418,1421.7991105135516,2653.2147823997607,23333.913428603304,0.0,0.0,0.0,23333.913428603293,0,0.0,8.952838470577262e-13,0.03320987499319017,1,0,0,0,1,0.0,0,oracle_season,42,oracle_season_seed_42,True
32,2025-02-02,2,2,89053.77619012483,89053.77619012483,0.0,0,21302.296221064542,19397.17874676035,8792.380765820646,2653.2147823997607,2415.9257437238834,56267.3197903003,0.0,0.0,0.0,56267.319790300295,0,0.0,9.094947017729282e-13,0.01565691700670868,1,0,0,0,1,0.0,0,oracle_season,42,oracle_season_seed_42,True
33,2025-02-03,2,2,87749.44299040997,87749.44299040997,0.0,0,22670.260827289832,20408.555545185045,5270.821208305194,2415.9257437238834,2410.3171274078495,55050.457351028024,0.0,0.0,0.0,55050.45735102803,0,0.0,8.881784197001252e-13,0.015452416962943971,1,0,0,0,1,0.0,0,oracle_season,42,oracle_season_seed_42,True
34,2025-02-04,2,2,89905.0931652551,89905.0931652551,0.0,0,23301.84392731282,20874.728398777774,6283.113686720052,2410.3171274078495,2512.4915158501767,56416.3793337185,0.0,0.0,0.0,56416.379333718505,0,0.0,9.094947017729282e-13,0.015971124987117946,1,0,0,0,1,0.0,0,oracle_season,42,oracle_season_seed_42,True
35,2025-02-05,2,2,90673.02209015397,90673.02209015397,0.0,0,22454.61901940378,20496.872048093624,7966.848135510499,2512.4915158501767,2209.2133499738957,57315.01017186656,0.0,0.0,0.0,57315.01017186653,0,0.0,8.597567102697212e-13,0.018180666957050562,1,0,0,0,1,0.0,0,oracle_season,42,oracle_season_seed_42,True
36,2025-02-06,2,2,89843.3772783303,89843.3772783303,0.0,0,21798.3789744795,19522.078436787244,7296.019523971365,2209.2133499738957,2310.8939007357076,56540.62592721917,0.0,0.0,0.0,56540.62592721915,0,0.0,9.094947017729282e-13,0.01570800004992634,1,0,0,0,1,0.0,0,oracle_season,42,oracle_season_seed_42,True
37,2025-02-07,2,2,42446.293083001394,42446.293083001394,0.0,0,18112.590304689827,16574.53530099262,9102.55841263751,2310.8939007357076,2022.9115705595632,21880.97761908846,0.0,0.0,0.0,21880.97761908847,0,0.0,7.958078640513122e-13,0.03300291590858251,1,0,0,0,1,0.0,0,oracle_season,42,oracle_season_seed_42,True
38,2025-02-08,2,2,37652.097158520875,37652.097158520875,0.0,0,17777.660618886675,16000.809891574492,4298.083714542028,2022.9115705595632,2021.9467231986323,19547.026623225032,0.0,0.0,0.0,19547.02662322503,0,0.0,9.094947017729282e-13,0.0571224169107154,1,0,0,0,1,0.0,0,oracle_season,42,oracle_season_seed_42,True
39,2025-02-09,2,2,82807.17180521492,82807.17180521492,96.69517602241979,10,24686.45266992812,22570.959862756332,1232.9582073988877,2021.9467231986323,1649.6913450901184,51434.90780508023,0.0,0.0,386.2972282095671,51821.20503328978,0,0.0,9.023892744153272e-13,0.016185165964998305,1,0,0,0,1,0.0,0,oracle_season,42,oracle_season_seed_42,True
40,2025-02-10,2,2,86693.22528091214,86693.22528091214,6.194787016776331,10,20809.331855467768,18663.763096932904,10227.213726060723,1649.6913450901184,1717.8232212609269,53930.27162649475,0.0,0.0,28.183183532823918,53958.45481002757,0,0.0,9.094947017729282e-13,0.015171666978858411,1,0,0,0,1,0.0,0,oracle_season,42,oracle_season_seed_42,True
41,2025-02-11,2,2,80930.57127646432,80930.57127646432,0.0,0,23665.507047567844,21330.195022155687,3374.66211771884,1717.8232212609269,1684.8947619860348,50003.89502270026,0.0,0.0,0.0,50003.895022700235,0,0.0,8.881784197001252e-13,0.02082033292390406,1,0,0,0,1,0.0,0,oracle_season,42,oracle_season_seed_42,True
42,2025-02-12,2,2,82032.49287390118,82032.49287390118,0.0,0,21982.025416293065,19786.493575251618,4570.224899526398,1684.8947619860348,1682.079596384043,50851.393809115296,0.0,0.0,0.0,50851.3938091153,0,0.0,9.094947017729282e-13,0.015856208046898246,1,0,0,0,1,0.0,0,oracle_season,42,oracle_season_seed_42,True
43,2025-02-13,2,2,81832.71831521811,81832.71831521811,0.0,0,20606.71545193634,18523.39725046519,8419.921097080289,1682.079596384043,1705.9512681253448,50820.67468452094,0.0,0.0,0.0,50820.67468452093,0,0.0,8.171241461241152e-13,0.020785999950021505,1,0,0,0,1,0.0,0,oracle_season,42,oracle_season_seed_42,True
44,2025-02-14,2,2,35126.5564676962,35126.5564676962,0.0,0,17561.12584087792,15788.484694577706,3552.113504729319,1705.9512681253448,1723.3739024716979,18170.78935867266,0.0,0.0,0.0,18170.789358672653,0,0.0,8.473222123939195e-13,0.07495262508746237,1,0,0,0,1,0.0,0,oracle_season,42,oracle_season_seed_42,True
45,2025-02-15,2,2,35291.24749581405,35291.24749581405,0.0,0,17057.248708629097,15507.148885084718,4461.056572269669,1723.3739024716979,1559.3306989723503,18408.147485632486,0.0,0.0,0.0,18408.147485632486,0,0.0,7.958078640513122e-13,0.05473058403003961,1,0,0,0,1,0.0,0,oracle_season,42,oracle_season_seed_42,True
46,2025-02-16,2,2,80286.35007997934,80286.35007997934,25.750784561160458,10,22853.769569420994,20646.024693462983,2726.9768885825065,1559.3306989723503,1477.4993005028882,49598.95888456107,0.0,0.0,117.15319436099952,49716.112078922066,0,0.0,9.094947017729282e-13,0.015844124951399863,1,0,0,0,1,0.0,0,oracle_season,42,oracle_season_seed_42,True
47,2025-02-17,2,2,81692.09943161046,81692.09943161046,0.0,0,19559.07500357477,17470.23477664008,8419.396038009116,1477.4993005028882,1617.622697689688,50511.744978162475,0.0,0.0,0.0,50511.74497816247,0,0.0,9.094947017729282e-13,0.015785958035849035,1,0,0,0,1,0.0,0,oracle_season,42,oracle_season_seed_42,True
48,2025-02-18,2,2,78267.9215393943,78267.9215393943,28.8887562997038,10,21579.88559983837,19124.793745271807,3750.330657794102,1617.622697689688,1930.7970680968122,48297.02102051963,0.0,0.0,131.42939678550243,48428.450417305125,0,0.0,9.094947017729282e-13,0.01566187501884997,1,0,0,0,1,0.0,0,oracle_season,42,oracle_season_seed_42,True
49,2025-02-19,2,2,78186.09568857623,78186.09568857623,58.35180526904628,20,23082.703443011545,21260.409135453094,3542.8258029534927,1930.7970680968122,1418.533346640611,48062.75641008696,0.0,0.0,259.5922383920504,48322.34864847899,0,0.0,9.094947017729282e-13,0.01608570897951722,1,0,0,0,1,0.0,0,oracle_season,42,oracle_season_seed_42,True
50,2025-02-20,2,2,78387.56735472422,78387.56735472422,31.813290973398352,10,21753.178095091152,19471.389824776095,5144.458642049222,1418.533346640611,1530.7630665320987,48209.492899609264,0.0,0.0,149.01345491939787,48358.50635452869,0,0.0,9.094947017729282e-13,0.016013249987736344,1,0,0,0,1,0.0,0,oracle_season,42,oracle_season_seed_42,True
51,2025-02-21,2,2,34500.94411687048,34500.94411687048,0.0,0,17013.67067892595,15095.381233043321,7022.3926376545205,1530.7630665320987,1759.4193298349207,17766.40296006355,0.0,0.0,0.0,17766.40296006356,0,0.0,9.094947017729282e-13,0.07088074996136129,1,0,0,0,1,0.0,0,oracle_season,42,oracle_season_seed_42,True
52,2025-02-22,2,2,34270.573815190044,34270.573815190044,0.0,0,16879.670566259003,15022.626913675262,4568.767279272972,1759.4193298349207,1937.6417105865096,17752.40513491333,0.0,0.0,0.0,17752.40513491333,0,0.0,9.094947017729282e-13,0.07047375000547618,1,0,0,0,1,0.0,0,oracle_season,42,oracle_season_seed_42,True
53,2025-02-23,2,2,78545.13418202217,78545.13418202217,1.6718846192952697,10,21585.476373532267,19851.42081234783,5280.896822123699,1937.6417105865096,1490.1877741241565,48362.31012986756,0.0,0.0,7.831107556779042,48370.14123742436,0,0.0,9.094947017729282e-13,0.01730954204685986,1,0,0,0,1,0.0,0,oracle_season,42,oracle_season_seed_42,True
54,2025-02-24,2,2,77649.92413969371,77649.92413969371,46.564790651477324,20,20756.512661591183,18620.030027616693,7356.972679704043,1490.1877741241565,1554.3096659508305,47396.682709573724,0.0,0.0,210.12038566151978,47606.80309523523,0,0.0,9.094947017729282e-13,0.017015625024214387,1,0,0,0,1,0.0,0,oracle_season,42,oracle_season_seed_42,True
55,2025-02-25,2,2,75633.10614214929,75633.10614214929,25.094363699477185,20,19697.65298208706,17735.56632226698,7874.790612695352,1554.3096659508305,1546.2156704052077,46430.530539295745,0.0,0.0,111.02247342864258,46541.55301272438,0,0.0,9.094947017729282e-13,0.016390166012570262,1,0,0,0,1,0.0,0,oracle_season,42,oracle_season_seed_42,True
56,2025-02-26,2,2,73668.12856734454,73668.12856734454,0.0,0,22270.49270061032,19537.01859005066,2119.806423451543,1546.2156704052077,2080.034323626264,44844.17722027646,0.0,0.0,0.0,44844.177220276455,0,0.0,9.094947017729282e-13,0.043726167059503496,1,0,0,0,1,0.0,0,oracle_season,42,oracle_season_seed_42,True
57,2025-02-27,2,2,74249.91192684049,74249.91192684049,398.9616699687597,40,21855.283703497582,20050.62365573632,5887.629349047977,2080.034323626264,1678.5638609637974,45323.136150525774,0.0,0.0,1953.3963582155309,47276.53250874134,0,0.0,8.890665981198254e-13,0.022049124934710562,1,0,0,0,1,0.0,0,oracle_season,42,oracle_season_seed_42,True
58,2025-02-28,2,2,33440.54334827963,33440.54334827963,0.0,0,16493.266458040474,14754.62064611617,8409.303986355324,1678.5638609637974,1772.7145288461188,17080.92884178457,0.0,0.0,0.0,17080.928841784567,0,0.0,9.094947017729282e-13,0.07488745800219476,1,0,0,0,1,0.0,0,oracle_season,42,oracle_season_seed_42,True
59,2025-03-01,3,2,33525.08789743669,33525.08789743669,0.0,0,15584.892795230524,13931.132854454638,8212.562023327477,1772.7145288461188,1873.1386234292186,17310.108673358383,0.0,0.0,0.0,17310.10867335838,0,0.0,9.023892744153272e-13,0.05322512495331466,1,0,0,0,1,0.0,0,oracle_season,42,oracle_season_seed_42,True
60,2025-03-02,3,2,78353.55740244484,78353.55740244484,915.5305919345541,60,20308.126420812325,18685.84680607082,5288.501312971224,1873.1386234292186,1442.5070014967662,48394.09076753892,0.0,0.0,6186.558372180416,54580.64913971933,0,0.0,8.810729923425242e-13,0.016802042024210095,1,0,0,0,1,0.0,0,oracle_season,42,oracle_season_seed_42,True
61,2025-03-03,3,2,81840.07348110538,81840.07348110538,0.0,0,22639.493264376877,20270.863526971803,7454.297110366985,1442.5070014967662,1552.8498431832422,50231.83604409724,0.0,0.0,0.0,50231.83604409724,0,0.0,9.00612917575927e-13,0.015819875057786703,1,0,0,0,1,0.0,0,oracle_season,42,oracle_season_seed_42,True
62,2025-03-04,3,2,81961.68332469271,81961.68332469271,0.0,0,19430.558578488857,17338.637596315515,10670.304409186052,1552.8498431832422,1709.7674621930496,50667.85684916427,0.0,0.0,0.0,50667.85684916425,0,0.0,9.094947017729282e-13,0.021330791991204023,1,0,0,0,1,0.0,0,oracle_season,42,oracle_season_seed_42,True
63,2025-03-05,3,2,78556.55831946369,78556.55831946369,0.0,0,18708.697507352415,16918.971197235638,10636.359992680233,1709.7674621930496,1624.2347656807308,48258.873875360085,0.0,0.0,0.0,48258.87387536009,0,0.0,8.739675649849232e-13,0.02404008398298174,1,0,0,0,1,0.0,0,oracle_season,42,oracle_season_seed_42,True
64,2025-03-06,3,2,74939.66093914984,74939.66093914984,0.0,0,20298.81248829578,18566.017219903388,7266.2115374241075,1624.2347656807308,1311.0786459854887,45710.068439879244,0.0,0.0,0.0,45710.06843987924,0,0.0,9.094947017729282e-13,0.018260124954394996,1,0,0,0,1,0.0,0,oracle_season,42,oracle_season_seed_42,True
65,2025-03-07,3,2,32960.573469133196,32960.573469133196,0.0,0,15389.282595153067,13284.243027456574,9933.24836810337,1311.0786459854887,1907.8123603288443,16974.32307721522,0.0,0.0,0.0,16974.323077215224,0,0.0,7.958078640513122e-13,0.049926500068977475,1,0,0,0,1,0.0,0,oracle_season,42,oracle_season_seed_42,True
66,2025-03-08,3,2,31067.644055332414,31067.644055332414,0.0,0,15050.07621916082,13516.724249771072,10471.152569276,1907.8123603288443,1937.6899259315178,16251.899789043571,0.0,0.0,0.0,16251.899789043575,0,0.0,7.389644451905042e-13,0.07607054198160768,1,0,0,0,1,0.0,0,oracle_season,42,oracle_season_seed_42,True
67,2025-03-09,3,2,70538.53027121366,70538.53027121366,0.0,0,20823.537980829573,18987.747779932943,5369.21502031703,1937.6899259315178,1677.7890742004984,42961.84501566566,0.0,0.0,0.0,42961.84501566565,0,0.0,9.071632334212154e-13,0.016503083985298872,1,0,0,0,1,0.0,0,oracle_season,42,oracle_season_seed_42,True
68,2025-03-10,3,2,70174.01033940662,70174.01033940662,210.95929962945934,10,21676.53786011068,19630.054414454455,296.41474337986233,1677.7890742004984,1550.0643207407866,42559.8041358199,0.0,0.0,1471.6520742151083,44031.456210035016,0,0.0,9.094947017729282e-13,0.0334308329038322,1,0,0,0,1,0.0,0,oracle_season,42,oracle_season_seed_42,True
69,2025-03-11,3,2,75138.10861988761,75138.10861988761,0.0,0,19214.36307618466,16923.010346968516,8907.837090671479,1550.0643207407866,1939.990466123378,45342.47450184942,0.0,0.0,0.0,45342.474501849414,0,0.0,9.094947017729282e-13,0.016641292022541165,1,0,0,0,1,0.0,0,oracle_season,42,oracle_season_seed_42,True
70,2025-03-12,3,2,71161.06434531408,71161.06434531408,0.0,0,20060.53118062754,18402.32235663708,7067.320837990279,1939.990466123378,1573.330386002757,43155.26339663534,0.0,0.0,0.0,43155.26339663532,0,0.0,8.633094239485217e-13,0.01691412494983524,1,0,0,0,1,0.0,0,oracle_season,42,oracle_season_seed_42,True
71,2025-03-13,3,2,68463.92664924063,68463.92664924063,1805.7184127878654,80,21180.56679456485,19129.490161233505,672.95041203049,1573.330386002757,1502.7272181565631,41225.97440606047,0.0,0.0,10989.240055976732,52215.2144620372,0,0.0,9.094947017729282e-13,0.03732691693585366,1,0,0,0,1,0.0,0,oracle_season,42,oracle_season_seed_42,True
72,2025-03-14,3,2,30062.944482324852,30062.944482324852,0.0,0,15165.084317951098,13221.670532177488,12090.10471321791,1502.7272181565631,1952.7249727873918,15540.520261712403,0.0,0.0,0.0,15540.520261712401,0,0.0,8.15347789284715e-13,0.05558816692791879,1,0,0,0,1,0.0,0,oracle_season,42,oracle_season_seed_42,True
73,2025-03-15,3,2,30278.461431649237,30278.461431649237,0.0,0,14377.612662724128,13442.786894670737,8419.51051359585,1952.7249727873918,1422.5844092794991,15668.391495059752,0.0,0.0,0.0,15668.391495059754,0,0.0,9.094947017729282e-13,0.04638204199727625,1,0,0,0,1,0.0,0,oracle_season,42,oracle_season_seed_42,True
74,2025-03-16,3,2,72653.70581603228,72653.70581603228,1.6399999999999864,10,19796.154315384127,17540.5127801834,7048.657347498209,1422.5844092794991,1713.5414696910582,43811.55193133163,0.0,0.0,7.461179999999938,43819.01311133162,0,0.0,9.094947017729282e-13,0.021493125008419156,1,0,0,0,1,0.0,0,oracle_season,42,oracle_season_seed_42,True
75,2025-03-17,3,2,70152.08951418966,70152.08951418966,0.0,0,19014.923396594862,16765.762117864535,10044.796802126004,1713.5414696910582,2080.0167094104354,42314.088421502805,0.0,0.0,0.0,42314.088421502805,0,0.0,8.952838470577262e-13,0.015878916019573808,1,0,0,0,1,0.0,0,oracle_season,42,oracle_season_seed_42,True
76,2025-03-18,3,2,64645.303558334555,64645.303558334555,946.7807310909292,70,20816.20992981885,19054.66407847107,2704.5800714110323,2080.0167094104354,1742.627886088852,38826.7638726055,0.0,0.0,4747.388604242679,43574.15247684817,0,0.0,8.810729923425242e-13,0.0866377919446677,1,0,0,0,1,0.0,0,oracle_season,42,oracle_season_seed_42,True
77,2025-03-19,3,2,69074.50280707737,69074.50280707737,0.0,0,20543.766426497794,17999.120101452285,7064.386032031852,1742.627886088852,2259.41750745481,41684.33656697661,0.0,0.0,0.0,41684.336566976606,0,0.0,8.917311333789257e-13,0.04278962500393391,1,0,0,0,1,0.0,0,oracle_season,42,oracle_season_seed_42,True
78,2025-03-20,3,2,66490.77343667569,66490.77343667569,30.37773590509778,10,20144.328458168337,18669.681348511593,2837.542246257371,2259.41750745481,1690.4333825426115,40329.95401948847,0.0,0.0,211.91508567396212,40541.869105162434,0,0.0,8.455458555545192e-13,0.03402737493161112,1,0,0,0,1,0.0,0,oracle_season,42,oracle_season_seed_42,True
79,2025-03-21,3,2,29888.387910836518,29888.387910836518,0.0,0,14465.752360717077,13046.56474025851,16435.735773711283,1690.4333825426115,1661.5643008697066,15488.121115512318,0.0,0.0,0.0,15488.12111551232,0,0.0,7.389644451905042e-13,0.050641292007640004,1,0,0,0,1,0.0,0,oracle_season,42,oracle_season_seed_42,True
80,2025-03-22,3,2,30162.499666639345,30162.499666639345,0.0,0,14556.668506022921,12339.348201415381,12063.979628698475,1661.5643008697066,2464.4175349999987,15539.94808679307,0.0,0.0,0.0,15539.94808679307,0,0.0,8.526512829121202e-13,0.05258499993942678,1,0,0,0,1,0.0,0,oracle_season,42,oracle_season_seed_42,True
81,2025-03-23,3,2,68457.78319364594,68457.78319364594,0.0,0,19417.29625993418,18256.035502163988,8526.802319209079,2464.4175349999987,1641.731112853595,41283.43438944292,0.0,0.0,0.0,41283.43438944292,0,0.0,8.025802245015257e-13,0.041853624978102744,1,0,0,0,1,0.0,0,oracle_season,42,oracle_season_seed_42,True
82,2025-03-24,3,2,66311.38688359954,66311.38688359954,0.0,0,20483.803268915326,18588.890459495982,6417.976990846863,1641.731112853595,1479.962145498989,39640.02804607074,0.0,0.0,0.0,39640.02804607075,0,0.0,9.041656312547275e-13,0.033511374960653484,1,0,0,0,1,0.0,0,oracle_season,42,oracle_season_seed_42,True
83,2025-03-25,3,2,65935.6437755796,65935.6437755796,0.0,0,21902.440967232913,19555.400018180924,2638.4781098609456,1479.962145498989,1645.2405399335769,39533.044462414844,0.0,0.0,0.0,39533.044462414844,0,0.0,9.015010959956271e-13,0.039741583983413875,1,0,0,0,1,0.0,0,oracle_season,42,oracle_season_seed_42,True
84,2025-03-26,3,2,67800.8501962704,67800.8501962704,0.0,0,19733.606837204676,17665.646017068655,10140.33450946772,1645.2405399335769,1744.9578392788303,40566.15620900985,0.0,0.0,0.0,40566.156209009845,0,0.0,8.064660050877137e-13,0.053854750003665686,1,0,0,0,1,0.0,0,oracle_season,42,oracle_season_seed_42,True
85,2025-03-27,3,2,62686.17948467184,62686.17948467184,0.0,0,20346.791188881813,18542.95269799421,2165.351593784241,1744.9578392788303,1501.6304522836665,37652.12597534205,0.0,0.0,0.0,37652.12597534206,0,0.0,9.059419880941277e-13,0.059228959027677774,1,0,0,0,1,0.0,0,oracle_season,42,oracle_season_seed_42,True
86,2025-03-28,3,2,29897.158983889916,29897.158983889916,0.0,0,14526.37917982731,12381.999578452633,16930.898615848575,1501.6304522836665,2230.7902096162056,15315.35643816846,0.0,0.0,0.0,15315.356438168463,0,0.0,8.526512829121202e-13,0.049167791032232344,1,0,0,0,1,0.0,0,oracle_season,42,oracle_season_seed_42,True
87,2025-03-29,3,2,28870.32793140435,28870.32793140435,0.0,0,13246.65893609608,12132.697798634057,20049.157610608992,2230.7902096162056,2008.687895197297,14712.498590435816,0.0,0.0,0.0,14712.49859043582,0,0.0,7.140954494389007e-13,0.0517854169011116,1,0,0,0,1,0.0,0,oracle_season,42,oracle_season_seed_42,True
88,2025-03-30,3,2,60543.469184591326,60543.469184591326,0.0,0,20098.39105861138,18164.322053616706,3263.780479596656,2008.687895197297,1928.819196104385,36598.05891941334,0.0,0.0,0.0,36598.05891941335,0,0.0,8.739675649849232e-13,0.05251133407000452,1,0,0,0,1,0.0,0,oracle_season,42,oracle_season_seed_42,True
89,2025-03-31,3,2,62586.966621641535,62586.966621641535,0.0,0,19207.03321096805,17098.206555944536,3526.7504832846953,1928.819196104385,2127.118601515323,37461.976603484654,0.0,0.0,0.0,37461.97660348464,0,0.0,9.094947017729282e-13,0.03874325007200241,1,0,0,0,1,0.0,0,oracle_season,42,oracle_season_seed_42,True
90,2025-04-01,4,2,64506.62487448395,64506.62487448395,0.0,0,19979.14324401532,18044.323546200154,2362.953660002111,2127.118601515323,2060.6110254717396,38552.39486515757,0.0,0.0,0.0,38552.39486515758,0,0.0,9.094947017729282e-13,0.03399254102259874,1,0,0,0,1,0.0,0,oracle_season,42,oracle_season_seed_42,True
91,2025-04-02,4,2,67333.97906098668,67333.97906098668,797.7284686124933,70,20669.41955978827,18678.074381903094,5705.026951713991,2060.6110254717396,1980.9250246229856,40008.758515420894,0.0,0.0,3876.733979853246,43885.49249527413,0,0.0,8.189005029635155e-13,0.01935370801948011,1,0,0,0,1,0.0,0,oracle_season,42,oracle_season_seed_42,True
92,2025-04-03,4,2,68107.99927259445,68107.99927259445,0.0,0,18743.21710652593,17017.180044619963,10518.431944021811,1980.9250246229856,1824.619280597196,40684.43978507639,0.0,0.0,0.0,40684.43978507641,0,0.0,8.988365607365267e-13,0.0154165830463171,1,0,0,0,1,0.0,0,oracle_season,42,oracle_season_seed_42,True
93,2025-04-04,4,2,28746.289541547296,28746.289541547296,0.0,0,13641.859068169259,11878.02142620339,20551.649649581428,1824.619280597196,2245.8891985668683,14536.957087683562,0.0,0.0,0.0,14536.957087683564,0,0.0,7.389644451905042e-13,0.047525665955618024,1,0,0,0,1,0.0,0,oracle_season,42,oracle_season_seed_42,True
94,2025-04-05,4,2,27956.840430993794,27956.840430993794,0.0,0,12752.815578032822,11781.048312522551,14940.958182150185,2245.8891985668683,1925.9570432135333,14123.65116760334,0.0,0.0,0.0,14123.65116760334,0,0.0,7.389644451905042e-13,0.056190375005826354,1,0,0,0,1,0.0,0,oracle_season,42,oracle_season_seed_42,True
95,2025-04-06,4,2,64885.426646815074,64885.426646815074,0.0,0,19453.000301304433,17448.698142254456,8471.048221098437,1925.9570432135333,1988.1507479417342,38587.135907129115,0.0,0.0,0.0,38587.13590712911,0,0.0,7.958078640513122e-13,0.045032375026494265,1,0,0,0,1,0.0,0,oracle_season,42,oracle_season_seed_42,True
96,2025-04-07,4,2,61720.25306542263,61720.25306542263,0.0,0,19144.043755869832,17279.676306155852,6613.16633237532,1988.1507479417342,1935.4071969844997,36696.0511366935,0.0,0.0,0.0,36696.05113669351,0,0.0,7.998046669399628e-13,0.06412141700275242,1,0,0,0,1,0.0,0,oracle_season,42,oracle_season_seed_42,True
97,2025-04-08,4,2,61614.32157759418,61614.32157759418,296.6547887150683,50,20465.05749284512,18758.582294701908,5851.307551499374,1935.4071969844997,1576.9835251015331,36711.67360839811,0.0,0.0,1503.2589461190537,38214.93255451715,0,0.0,9.059419880941277e-13,0.03412745799869299,1,0,0,0,1,0.0,0,oracle_season,42,oracle_season_seed_42,True
98,2025-04-09,4,2,63253.47850719423,63253.47850719423,0.0,0,19902.74132462057,17519.71534041975,1736.1415063267443,1576.9835251015331,1990.980327349289,37929.827777917686,0.0,0.0,0.0,37929.82777791768,0,0.0,9.07718344933528e-13,0.03996437508612871,1,0,0,0,1,0.0,0,oracle_season,42,oracle_season_seed_42,True
99,2025-04-10,4,2,67479.64783232604,67479.64783232604,0.0,0,19351.986117144937,17320.500820998008,10987.524636179118,1990.980327349289,2092.4754044000806,40034.56270123431,0.0,0.0,0.0,40034.562701234325,0,0.0,9.094947017729282e-13,0.01957345800474286,1,0,0,0,1,0.0,0,oracle_season,42,oracle_season_seed_42,True
100,2025-04-11,4,2,28167.953658198927,28167.953658198927,0.0,0,12898.36065002204,11592.847320215526,21545.79016172575,2092.4754044000806,2109.000692487811,14346.785263901354,0.0,0.0,0.0,14346.785263901358,0,0.0,9.094947017729282e-13,0.046700666076503694,1,0,0,0,1,0.0,0,oracle_season,42,oracle_season_seed_42,True
101,2025-04-12,4,2,27666.13562838299,27666.13562838299,0.0,0,12397.541556403425,10924.14656753539,17167.580089514955,2109.000692487811,2355.2797549608295,13975.821299665522,0.0,0.0,0.0,13975.821299665518,0,0.0,9.00612917575927e-13,0.04726491600740701,1,0,0,0,1,0.0,0,oracle_season,42,oracle_season_seed_42,True
102,2025-04-13,4,2,61916.222723087514,61916.222723087514,0.0,0,19637.620266706363,17897.388399591488,5899.632372639297,2355.2797549608295,2119.6582783151425,36731.310031148925,0.0,0.0,0.0,36731.31003114893,0,0.0,8.810729923425242e-13,0.039931667037308216,1,0,0,0,1,0.0,0,oracle_season,42,oracle_season_seed_42,True
103,2025-04-14,4,2,61700.575948393096,61700.575948393096,0.0,0,19292.22464181207,17346.71851655621,7227.038023137231,2119.6582783151425,2136.822764195854,36461.52459662296,0.0,0.0,0.0,36461.524596622956,0,0.0,8.810729923425242e-13,0.031392583972774446,1,0,0,0,1,0.0,0,oracle_season,42,oracle_season_seed_42,True
104,2025-04-15,4,2,59975.968647217254,59975.968647217254,0.0,0,19010.97488584294,16910.24305796824,7735.807986009222,2136.822764195854,2347.255834642689,35510.974352020705,0.0,0.0,0.0,35510.9743520207,0,0.0,8.988365607365267e-13,0.041115749976597726,1,0,0,0,1,0.0,0,oracle_season,42,oracle_season_seed_42,True
105,2025-04-16,4,2,59310.34019829317,59310.34019829317,0.0,0,19212.916027649553,17421.778664312114,1739.6108849557422,2347.255834642689,2210.0612200700725,35587.570363016785,0.0,0.0,0.0,35587.5703630168,0,0.0,8.313350008393172e-13,0.03388704196549952,1,0,0,0,1,0.0,0,oracle_season,42,oracle_season_seed_42,True
106,2025-04-17,4,2,63950.414846816806,63950.414846816806,0.0,0,18523.492396521997,16549.246956201918,9107.827056496728,2210.0612200700725,2338.5510974805516,37879.347315281455,0.0,0.0,0.0,37879.347315281455,0,0.0,8.739675649849232e-13,0.03675825009122491,1,0,0,0,1,0.0,0,oracle_season,42,oracle_season_seed_42,True
107,2025-04-18,4,2,27743.61307832303,27743.61307832303,0.0,0,12735.565633169277,10973.271535667314,19627.201797487734,2338.5510974805516,2853.725692826924,14052.670014595682,0.0,0.0,0.0,14052.670014595686,0,0.0,9.094947017729282e-13,0.05603908293414861,1,0,0,0,1,0.0,0,oracle_season,42,oracle_season_seed_42,True
108,2025-04-19,4,2,26153.66179834129,26153.66179834129,0.0,0,11819.424807419377,10957.376838367585,18506.934579289504,2853.725692826924,2516.527270184182,13171.2531379229,0.0,0.0,0.0,13171.253137922902,0,0.0,8.526512829121202e-13,0.07522329199127853,1,0,0,0,1,0.0,0,oracle_season,42,oracle_season_seed_42,True
109,2025-04-20,4,2,60368.36194993688,60368.36194993688,0.0,0,19125.11438501519,17292.922682902303,6578.425364490651,2516.527270184182,2431.862834166723,35826.050642660295,0.0,0.0,0.0,35826.0506426603,0,0.0,9.094947017729282e-13,0.03351954196114093,1,0,0,0,1,0.0,0,oracle_season,42,oracle_season_seed_42,True
110,2025-04-21,4,2,60666.12870708496,60666.12870708496,0.0,0,17675.463056813533,16169.294112263866,10643.049379201955,2431.862834166723,2156.346904173224,36129.78653671879,0.0,0.0,0.0,36129.7865367188,0,0.0,8.704148513061227e-13,0.04166229104157537,1,0,0,0,1,0.0,0,oracle_season,42,oracle_season_seed_42,True
111,2025-04-22,4,2,55471.79657582991,55471.79657582991,0.0,0,18859.26095337381,16979.85821699486,1439.4645227842982,2156.346904173224,2149.470680072055,33299.96203527859,0.0,0.0,0.0,33299.9620352786,0,0.0,9.094947017729282e-13,0.034196791937574744,1,0,0,0,1,0.0,0,oracle_season,42,oracle_season_seed_42,True
112,2025-04-23,4,2,61257.487837516426,61257.487837516426,0.0,0,18547.04572884811,16234.315225122271,7544.840617123922,2149.470680072055,2632.272403030854,36186.184577406384,0.0,0.0,0.0,36186.18457740638,0,0.0,8.668621376273222e-13,0.036309666000306606,1,0,0,0,1,0.0,0,oracle_season,42,oracle_season_seed_42,True
113,2025-04-24,4,2,59763.902588071025,59763.902588071025,0.0,0,17494.709130719675,16078.170781740928,11257.257539092281,2632.272403030854,2281.330666439331,35437.85129588372,0.0,0.0,0.0,35437.85129588371,0,0.0,8.881784197001252e-13,0.036198707995936275,1,0,0,0,1,0.0,0,oracle_season,42,oracle_season_seed_42,True
114,2025-04-25,4,2,26261.778743040937,26261.778743040937,0.0,0,11689.814410838777,10534.965479464217,23106.572161666376,2281.330666439331,2266.433693194034,12994.515355227766,0.0,0.0,0.0,12994.515355227766,0,0.0,7.958078640513122e-13,0.04655945801641792,1,0,0,0,1,0.0,0,oracle_season,42,oracle_season_seed_42,True
115,2025-04-26,4,2,26004.293677204852,26004.293677204852,0.0,0,11809.557693036453,10710.19162360238,24834.733974437448,2266.433693194034,2180.430598128235,12765.607800256852,0.0,0.0,0.0,12765.607800256854,0,0.0,9.094947017729282e-13,0.06237816694192588,1,0,0,0,1,0.0,0,oracle_season,42,oracle_season_seed_42,True
116,2025-04-27,4,2,54818.949540632355,54818.949540632355,0.0,0,18874.161684309645,17036.46159355423,4407.778266543606,2180.430598128235,2128.025250866705,32995.38695649799,0.0,0.0,0.0,32995.386956498,0,0.0,9.094947017729282e-13,0.06081687496043742,1,0,0,0,1,0.0,0,oracle_season,42,oracle_season_seed_42,True
117,2025-04-28,4,2,58917.70167335888,58917.70167335888,589.9460423248075,20,18319.23976849755,16635.7332236661,1202.1738541855682,2128.025250866705,1971.5795409830157,35219.43044417953,0.0,0.0,4094.100333921822,39313.53077810137,0,0.0,9.059419880941277e-13,0.03482179204002023,1,0,0,0,1,0.0,0,oracle_season,42,oracle_season_seed_42,True
118,2025-04-29,4,2,65151.51057541042,65151.51057541042,0.0,0,17273.931572431782,14985.882267829602,15430.247554141577,1971.5795409830157,2562.5630109261697,38178.96416239216,0.0,0.0,0.0,38178.96416239215,0,0.0,9.094947017729282e-13,0.06358683295547962,1,0,0,0,1,0.0,0,oracle_season,42,oracle_season_seed_42,True
119,2025-04-30,4,2,57436.29915399695,57436.29915399695,0.0,0,17079.698972192695,15627.76823526936,7727.513983740275,2562.5630109261697,2292.6740386821366,34659.43420805091,0.0,0.0,0.0,34659.4342080509,0,0.0,9.094947017729282e-13,0.04110133391804993,1,0,0,0,1,0.0,0,oracle_season,42,oracle_season_seed_42,True
120,2025-05-01,5,2,56654.5030399048,56654.5030399048,2118.6535928872618,160,18011.91437153087,17215.686064279962,6965.549525541153,2292.6740386821366,1233.3498870212816,33555.30983694275,0.0,0.0,12022.89706183164,45578.206898774406,0,0.0,9.094947017729282e-13,0.0370867500314489,1,0,0,0,1,0.0,0,oracle_season,42,oracle_season_seed_42,True
121,2025-05-02,5,2,27557.03184964324,27557.03184964324,1366.6397251412545,130,12958.778187420246,11694.538849487186,13369.112153518097,1233.3498870212816,1200.0,13704.228729867536,0.0,0.0,6790.963780093287,20495.192509960823,0,0.0,9.094947017729282e-13,0.046313249971717596,1,0,0,0,1,0.0,0,oracle_season,42,oracle_season_seed_42,True
122,2025-05-03,5,2,28096.92411897522,28096.92411897522,856.8576269435548,100,12746.730266136825,11447.378068124386,18787.257897906336,1200.0,1226.0141307952501,14103.349687669164,0.0,0.0,4232.680565675458,18336.03025334462,0,0.0,9.094947017729282e-13,0.051556625054217875,1,0,0,0,1,0.0,0,oracle_season,42,oracle_season_seed_42,True
123,2025-05-04,5,2,60472.87918971963,60472.87918971963,1383.0884804837174,150,17264.601712804055,15512.169187833386,8368.867811899343,1226.0141307952501,1253.3913954141572,35634.461457111436,0.0,0.0,7656.411334121228,43290.87279123267,0,0.0,9.094947017729282e-13,0.03251720801927149,1,0,0,0,1,0.0,0,oracle_season,42,oracle_season_seed_42,True
124,2025-05-05,5,2,58873.90949426873,58873.90949426873,1487.3962102813225,130,20103.926564239293,18116.200253205454,3297.5725935162122,1253.3913954141572,1229.498969525912,34529.15702932599,0.0,0.0,9089.677365951986,43618.83439527796,0,0.0,9.094947017729282e-13,0.07120441703591496,1,0,0,0,1,0.0,0,oracle_season,42,oracle_season_seed_42,True
125,2025-05-06,5,2,61224.125218331326,61224.125218331326,1492.9396448950808,170,19348.76684991978,17436.789410093857,7935.0050567338185,1229.498969525912,1205.3610457181342,35872.581003559506,0.0,0.0,7445.628317232234,43318.20932079175,0,0.0,9.059419880941277e-13,0.05498254194390029,1,0,0,0,1,0.0,0,oracle_season,42,oracle_season_seed_42,True
126,2025-05-07,5,2,60259.25943584506,60259.25943584506,1921.1553654550908,160,19132.734729829983,17087.691444452095,5067.525565922258,1205.3610457181342,1344.2586237251098,35410.98844736894,0.0,0.0,11410.879546943637,46821.86799431257,0,0.0,8.810729923425242e-13,0.06413745903410017,1,0,0,0,1,0.0,0,oracle_season,42,oracle_season_seed_42,True
127,2025-05-08,5,2,63607.09766356071,63607.09766356071,82.43748333333326,20,19575.209110364354,16846.168877888267,5133.982514417949,1344.2586237251098,2157.5113952507354,38716.87248626734,0.0,0.0,554.3650959583329,39271.23758222565,0,0.0,8.668621376273222e-13,0.03598483302630484,1,0,0,0,1,0.0,0,oracle_season,42,oracle_season_seed_42,True
128,2025-05-09,5,2,28449.126141603905,28449.126141603905,0.0,0,12820.274944719167,11155.015375889541,18284.48072277428,2157.5113952507354,2561.4734710511893,14819.49198007049,0.0,0.0,0.0,14819.491980070488,0,0.0,7.993605777301127e-13,0.04525466600898653,1,0,0,0,1,0.0,0,oracle_season,42,oracle_season_seed_42,True
129,2025-05-10,5,2,28702.60381027413,28702.60381027413,0.0,0,11533.878201224972,10681.052853896846,15728.733179612671,2561.4734710511893,2244.65280665032,15322.125982672944,0.0,0.0,0.0,15322.12598267294,0,0.0,7.958078640513122e-13,0.04858741594944149,1,0,0,0,1,0.0,0,oracle_season,42,oracle_season_seed_42,True
130,2025-05-11,5,2,66425.38127523026,66425.38127523026,41.18071666666651,20,17094.43058641386,15539.419971052415,9427.472293202147,2244.65280665032,2081.866718187192,40195.58490484922,0.0,0.0,277.3610394583323,40472.94594430755,0,0.0,9.094947017729282e-13,0.01945658295881003,1,0,0,0,1,0.0,0,oracle_season,42,oracle_season_seed_42,True
131,2025-05-12,5,2,64048.27283681159,64048.27283681159,0.0,0,16812.915241686882,14809.006722734348,10113.169084525716,2081.866718187192,2421.93488998574,38338.67598686874,0.0,0.0,0.0,38338.67598686874,0,0.0,8.597567102697212e-13,0.0537653750507161,1,0,0,0,1,0.0,0,oracle_season,42,oracle_season_seed_42,True
132,2025-05-13,5,2,61179.02316971264,61179.02316971264,0.0,0,18185.622318341077,16302.203457266833,6166.391541971734,2421.93488998574,2490.2997799057057,37066.909395707735,0.0,0.0,0.0,37066.90939570772,0,0.0,9.094947017729282e-13,0.040367707959376276,1,0,0,0,1,0.0,0,oracle_season,42,oracle_season_seed_42,True
133,2025-05-14,5,2,63455.626406026764,63455.626406026764,0.0,0,17574.899276314194,15800.3660744802,8666.944420859432,2490.2997799057057,2508.2649683280188,38278.168612591064,0.0,0.0,0.0,38278.16861259107,0,0.0,8.93507490218326e-13,0.034147667000070214,1,0,0,0,1,0.0,0,oracle_season,42,oracle_season_seed_42,True
134,2025-05-15,5,2,61762.59674396285,61762.59674396285,0.0,0,18494.314018358586,16468.530342893915,6971.754785164845,2508.2649683280188,2694.156586733446,37285.256542598654,0.0,0.0,0.0,37285.256542598654,0,0.0,8.633094239485217e-13,0.033973583951592445,1,0,0,0,1,0.0,0,oracle_season,42,oracle_season_seed_42,True
135,2025-05-16,5,2,27847.792900758257,27847.792900758257,0.0,0,10703.811965613102,10326.56763296824,24755.04203478006,2694.156586733446,1963.5261799993978,14774.18062898462,0.0,0.0,0.0,14774.180628984626,0,0.0,8.526512829121202e-13,0.04185929091181606,1,0,0,0,1,0.0,0,oracle_season,42,oracle_season_seed_42,True
136,2025-05-17,5,2,28108.30873867487,28108.30873867487,0.0,0,11986.336834039093,10628.324959794243,16301.49778109669,1963.5261799993978,2131.5255441375134,14697.62988724157,0.0,0.0,0.0,14697.629887241575,0,0.0,9.094947017729282e-13,0.04800387506838888,1,0,0,0,1,0.0,0,oracle_season,42,oracle_season_seed_42,True
137,2025-05-18,5,2,64807.59661356878,64807.59661356878,0.0,0,18256.351273779575,16067.169316293583,8942.24655608278,2131.5255441375134,2514.7375505627388,39303.17228983518,0.0,0.0,0.0,39303.17228983518,0,0.0,9.094947017729282e-13,0.042962583946064115,1,0,0,0,1,0.0,0,oracle_season,42,oracle_season_seed_42,True
138,2025-05-19,5,2,61918.21230675129,61918.21230675129,79.23649999999998,20,16848.802906085795,15623.39241981375,13256.82177047924,2514.7375505627388,2030.4138513042867,37006.046942156085,0.0,0.0,533.8661983333332,37539.91314048941,0,0.0,9.094947017729282e-13,0.04217379109468311,1,0,0,0,1,0.0,0,oracle_season,42,oracle_season_seed_42,True
139,2025-05-20,5,2,57988.563238198316,57988.563238198316,0.0,0,17846.914938952264,16257.871148526205,1872.124631105587,2030.4138513042867,1824.1830639896864,35204.151251236886,0.0,0.0,0.0,35204.15125123687,0,0.0,9.094947017729282e-13,0.04366008401848376,1,0,0,0,1,0.0,0,oracle_season,42,oracle_season_seed_42,True
140,2025-05-21,5,2,64759.37862224207,64759.37862224207,0.0,0,16903.936643557405,14869.2488390484,11362.07553439973,1824.1830639896864,2187.1009533008687,38825.95894888275,0.0,0.0,0.0,38825.95894888275,0,0.0,9.094947017729282e-13,0.03201883309520781,1,0,0,0,1,0.0,0,oracle_season,42,oracle_season_seed_42,True
141,2025-05-22,5,2,60164.03408825729,60164.03408825729,2.5699999999999363,10,17546.48785181099,15569.031139472208,7372.516559251845,2187.1009533008687,2421.9611301539294,36529.28210449379,0.0,0.0,17.33336499999957,36546.61546949379,0,0.0,8.526512829121202e-13,0.032976416987366974,1,0,0,0,1,0.0,0,oracle_season,42,oracle_season_seed_42,True
142,2025-05-23,5,2,27768.49120250459,27768.49120250459,0.0,0,12198.887717661184,10730.59998493908,19879.25458644915,2421.9611301539294,2683.796625167309,14580.730731612239,0.0,0.0,0.0,14580.730731612242,0,0.0,7.958078640513122e-13,0.04076466697733849,1,0,0,0,1,0.0,0,oracle_season,42,oracle_season_seed_42,True
143,2025-05-24,5,2,27917.813639155218,27917.813639155218,0.0,0,11634.445229989524,10443.145827802768,22972.012853635133,2683.796625167309,2713.158245894736,14833.04103805167,0.0,0.0,0.0,14833.041038051668,0,0.0,7.958078640513122e-13,0.0407241249922663,1,0,0,0,1,0.0,0,oracle_season,42,oracle_season_seed_42,True
144,2025-05-25,5,2,59096.95313335742,59096.95313335742,0.0,0,16249.955493418678,15135.023150234876,9437.010606840282,2713.158245894736,2175.504418525567,35551.3799420902,0.0,0.0,0.0,35551.3799420902,0,0.0,8.952838470577262e-13,0.05364983296021819,1,0,0,0,1,0.0,0,oracle_season,42,oracle_season_seed_42,True
145,2025-05-26,5,2,57652.83821336877,57652.83821336877,0.0,0,18089.322886947102,16329.06480493516,1312.7471813568234,2175.504418525567,2124.1972997191237,35090.436193450616,0.0,0.0,0.0,35090.43619345062,0,0.0,9.094947017729282e-13,0.050018582958728075,1,0,0,0,1,0.0,0,oracle_season,42,oracle_season_seed_42,True
146,2025-05-27,5,2,64849.2655884299,64849.2655884299,0.0,0,16993.687734886338,15102.21568894228,13567.426242485852,2124.1972997191237,2326.691928696137,38712.04110297761,0.0,0.0,0.0,38712.04110297761,0,0.0,9.094947017729282e-13,0.03409275005105883,1,0,0,0,1,0.0,0,oracle_season,42,oracle_season_seed_42,True
147,2025-05-28,5,2,59953.56190671657,59953.56190671657,0.0,0,18145.3133529181,16072.8325502223,5607.257004020766,2326.691928696137,2598.594541437457,36279.25986317807,0.0,0.0,0.0,36279.259863178086,0,0.0,9.094947017729282e-13,0.03776170895434916,1,0,0,0,1,0.0,0,oracle_season,42,oracle_season_seed_42,True
148,2025-05-29,5,2,61059.29243640147,61059.29243640147,17.81743333333327,10,18324.828015444295,16940.360360148446,5582.518714438956,2598.594541437457,2126.3451119711403,36586.91880016095,0.0,0.0,119.77769558333291,36706.696495744276,0,0.0,9.041656312547275e-13,0.09967870800755918,1,0,0,0,1,0.0,0,oracle_season,42,oracle_season_seed_42,True
149,2025-05-30,5,2,28177.310127711797,28177.310127711797,0.0,0,12031.467329782783,10374.682071450223,19924.291602712572,2126.3451119711403,2604.5221034776587,14667.389961584531,0.0,0.0,0.0,14667.389961584528,0,0.0,8.526512829121202e-13,0.05019620805978775,1,0,0,0,1,0.0,0,oracle_season,42,oracle_season_seed_42,True
150,2025-05-31,5,2,28110.18481979821,28110.18481979821,0.0,0,12274.928012962988,10954.186064901916,18400.26132173714,2604.5221034776587,2702.815334692327,14987.30877013001,0.0,0.0,0.0,14987.308770130017,0,0.0,7.958078640513122e-13,0.04409037495497614,1,0,0,0,1,0.0,0,oracle_season,42,oracle_season_seed_42,True
151,2025-06-01,6,2,61929.23986205492,61929.23986205492,9427.880413806768,330,15046.864309867604,14967.873686957639,53.30335295171653,2702.815334692327,1200.0,37296.58016569038,0.0,0.0,57292.33014845657,94588.91031414694,0,0.0,9.094947017729282e-13,0.056992416037246585,1,0,0,0,1,0.0,0,oracle_season,42,oracle_season_seed_42,True
152,2025-06-02,6,2,71249.60643317041,71249.60643317041,4363.249672267431,290,20851.859939789847,18766.67394581087,4886.862661458856,1200.0,1200.0,42476.57353671756,0.0,0.0,24997.087322207797,67473.66085892537,0,0.0,9.094947017729282e-13,0.02041275007650256,1,0,0,0,1,0.0,0,oracle_season,42,oracle_season_seed_42,True
153,2025-06-03,6,2,69401.99908266873,69401.99908266873,2631.2020324960918,300,21118.007412205385,19006.206670984844,1729.0335406109461,1200.0,1200.0,41914.29749756995,0.0,0.0,13839.697633655105,55753.99513122505,0,0.0,9.094947017729282e-13,0.015415333095006645,1,0,0,0,1,0.0,0,oracle_season,42,oracle_season_seed_42,True
154,2025-06-04,6,2,69363.53608784293,69363.53608784293,3721.0437354068417,270,19378.63048917762,17440.767440259864,1501.4559576653464,1200.0,1200.0,41521.61591607414,0.0,0.0,20929.267661156136,62450.883577230255,0,0.0,9.094947017729282e-13,0.015106917009688914,1,0,0,0,1,0.0,0,oracle_season,42,oracle_season_seed_42,True
155,2025-06-05,6,2,69488.46668220652,69488.46668220652,4287.0912677030465,350,21164.357167397837,19047.92145065805,509.8042165031236,1200.0,1200.0,41717.60830438572,0.0,0.0,22899.879167441683,64617.4874718274,0,0.0,8.93507490218326e-13,0.01583241601474583,1,0,0,0,1,0.0,0,oracle_season,42,oracle_season_seed_42,True
156,2025-06-06,6,2,29202.448988731645,29202.448988731645,5684.086844971837,310,13177.429462422966,11859.686516180669,2713.7974874611864,1200.0,1200.0,15117.845580955005,0.0,0.0,31449.544878702094,46567.390459657094,0,0.0,8.810729923425242e-13,0.06410166691057384,1,0,0,0,1,0.0,0,oracle_season,42,oracle_season_seed_42,True
157,2025-06-07,6,2,30969.524553516112,30969.524553516112,3227.818352369949,260,13119.440849611256,11788.0068406555,1739.3957302636418,1200.0,1220.544183748863,16621.73066898779,0.0,0.0,15947.5991268434,32569.32979583119,0,0.0,7.958078640513122e-13,0.04296758305281401,1,0,0,0,1,0.0,0,oracle_season,42,oracle_season_seed_42,True
158,2025-06-08,6,2,83826.65896939156,83826.65896939156,0.0,0,17117.25583615699,14751.003141807647,16275.483008375548,1220.544183748863,1910.4763371647218,51937.758871035214,0.0,0.0,0.0,51937.7588710352,0,0.0,9.094947017729282e-13,0.014866541954688728,1,0,0,0,1,0.0,0,oracle_season,42,oracle_season_seed_42,True
159,2025-06-09,6,2,74476.7048873427,74476.7048873427,332.0258529628388,60,22308.6487040939,20101.548593144245,1668.9178960225463,1910.4763371647218,1885.4260811851248,45877.83262035541,0.0,0.0,2297.4085285077463,48175.24114886318,0,0.0,9.094947017729282e-13,0.019513958017341793,1,0,0,0,1,0.0,0,oracle_season,42,oracle_season_seed_42,True
160,2025-06-10,6,2,78712.90099396114,78712.90099396114,31.26680707032517,40,20797.00085705339,18651.32901517225,4980.051725816998,1885.4260811851248,1954.966418104066,48947.29936890159,0.0,0.0,210.73525629592888,49158.03462519753,0,0.0,9.094947017729282e-13,0.016157457954250276,1,0,0,0,1,0.0,0,oracle_season,42,oracle_season_seed_42,True
161,2025-06-11,6,2,80169.33067342787,80169.33067342787,1241.2267528120399,90,23889.053888884275,21362.759321578098,2799.8165422670745,1954.966418104066,2099.787327990512,49434.27422653956,0.0,0.0,6058.274744385971,55492.54897092556,0,0.0,9.094947017729282e-13,0.015794916078448296,1,0,0,0,1,0.0,0,oracle_season,42,oracle_season_seed_42,True
162,2025-06-12,6,2,82303.79025466861,82303.79025466861,0.0,0,21051.067791701105,18649.257331313627,7449.588360947808,2099.787327990512,2412.5404689249767,51373.992466407624,0.0,0.0,0.0,51373.99246640761,0,0.0,8.952838470577262e-13,0.01947025000117719,1,0,0,0,1,0.0,0,oracle_season,42,oracle_season_seed_42,True
163,2025-06-13,6,2,35084.7310980873,35084.7310980873,0.0,0,12671.72200541233,11462.055199759026,5529.750592434002,2412.5404689249767,2351.9244603938837,20421.198527329416,0.0,0.0,0.0,20421.198527329412,0,0.0,8.526512829121202e-13,0.060257250093854964,1,0,0,0,1,0.0,0,oracle_season,42,oracle_season_seed_42,True
164,2025-06-14,6,2,35740.38151417945,35740.38151417945,0.0,0,11958.21736985573,11034.645983347906,8623.46737767162,2351.9244603938837,2064.947393297621,20708.03686781745,0.0,0.0,0.0,20708.036867817438,0,0.0,7.958078640513122e-13,0.06021991593297571,1,0,0,0,1,0.0,0,oracle_season,42,oracle_season_seed_42,True
165,2025-06-15,6,2,78897.30487129334,78897.30487129334,25.859994180362264,20,21922.506807580707,19407.115478665837,5780.799203225497,2064.947393297621,2405.567544217146,48756.556582466714,0.0,0.0,174.6501599752292,48931.20674244194,0,0.0,9.011680290882396e-13,0.02082470804452896,1,0,0,0,1,0.0,0,oracle_season,42,oracle_season_seed_42,True
166,2025-06-16,6,2,78822.00667879677,78822.00667879677,8.283888773526883,20,21729.299448187372,19572.689076349525,3979.62737906578,2405.567544217146,2388.365203863492,48910.2689171385,0.0,0.0,55.949564143557915,48966.21848128206,0,0.0,9.094947017729282e-13,0.019727292004972696,1,0,0,0,1,0.0,0,oracle_season,42,oracle_season_seed_42,True
167,2025-06-17,6,2,79780.47511170752,79780.47511170752,115.53690979922783,20,22340.21932308573,20688.681371331364,3607.462853085699,2388.365203863492,1774.3731774926553,49411.390362521925,0.0,0.0,793.3811413916014,50204.77150391352,0,0.0,9.094947017729282e-13,0.02012495801318437,1,0,0,0,1,0.0,0,oracle_season,42,oracle_season_seed_42,True
168,2025-06-18,6,2,83162.62234735824,83162.62234735824,34.29520574061826,20,20537.109613910434,17917.69168761118,9649.108726799594,1774.3731774926553,2370.680676602953,51739.767530578356,0.0,0.0,231.24233156005047,51971.00986213844,0,0.0,9.023892744153272e-13,0.01601720799226314,1,0,0,0,1,0.0,0,oracle_season,42,oracle_season_seed_42,True
169,2025-06-19,6,2,77930.56008001247,77930.56008001247,101.59428530434946,20,20419.386764456503,18622.4377532043,7975.701154064612,2370.680676602953,2112.438894865166,48243.76372417842,0.0,0.0,684.0534242911797,48927.81714846961,0,0.0,9.094947017729282e-13,0.015667625004425645,1,0,0,0,1,0.0,0,oracle_season,42,oracle_season_seed_42,True
170,2025-06-20,6,2,33857.30072630806,33857.30072630806,0.0,0,11904.315444926386,10662.207090182677,10214.611521564351,2112.438894865166,2166.9110357337386,19571.487596769715,0.0,0.0,0.0,19571.4875967697,0,0.0,8.455458555545192e-13,0.04598587495274842,1,0,0,0,1,0.0,0,oracle_season,42,oracle_season_seed_42,True
171,2025-06-21,6,2,34220.23844001378,34220.23844001378,0.0,0,12868.275582777871,10889.965916040257,12907.188373276162,2166.9110357337386,2895.7971770632885,19766.7557432878,0.0,0.0,0.0,19766.755743287802,0,0.0,7.958078640513122e-13,0.05734008294530213,1,0,0,0,1,0.0,0,oracle_season,42,oracle_season_seed_42,True
172,2025-06-22,6,2,72946.12844598244,72946.12844598244,41.37823641490979,50,19277.58697168809,18276.963820949815,4529.542431659075,2895.7971770632885,1918.510501588193,45131.3654127734,0.0,0.0,279.4290963367488,45410.79450911017,0,0.0,9.094947017729282e-13,0.01998483296483755,1,0,0,0,1,0.0,0,oracle_season,42,oracle_season_seed_42,True
173,2025-06-23,6,2,77107.87905535534,77107.87905535534,3.299969132020351,10,21014.71991255114,18988.066516909166,8023.239628845382,1918.510501588193,1839.6447770973282,47460.8000760547,0.0,0.0,22.25664181091126,47483.05671786559,0,0.0,8.952838470577262e-13,0.025868084048852324,1,0,0,0,1,0.0,0,oracle_season,42,oracle_season_seed_42,True
174,2025-06-24,6,2,76713.15862336259,76713.15862336259,2487.852255652051,150,22764.499464530523,20419.304263795435,587.0234282795442,1839.6447770973282,1912.1086377169004,47566.72237300422,0.0,0.0,12384.808657098512,59951.531030102735,0,0.0,9.094947017729282e-13,0.024008249980397522,1,0,0,0,1,0.0,0,oracle_season,42,oracle_season_seed_42,True
175,2025-06-25,6,2,82430.91290288717,82430.91290288717,3.1928093815022294,10,20080.3439100482,17869.504765869962,9785.845201423766,1912.1086377169004,2125.8836178289803,51234.78012476104,0.0,0.0,21.49718556565451,51256.277310326695,0,0.0,9.094947017729282e-13,0.015429291990585625,1,0,0,0,1,0.0,0,oracle_season,42,oracle_season_seed_42,True
176,2025-06-26,6,2,77392.87090415068,77392.87090415068,46.917440562904176,30,20851.695452110813,19074.432842658956,8115.141901928392,2125.8836178289803,1801.3212097082155,47625.54181679515,0.0,0.0,316.5210771336815,47942.06289392883,0,0.0,9.094947017729282e-13,0.023788042017258704,1,0,0,0,1,0.0,0,oracle_season,42,oracle_season_seed_42,True
177,2025-06-27,6,2,32726.714739514005,32726.714739514005,0.0,0,12882.097824501498,11185.985693484636,11258.956741830474,1801.3212097082155,2231.2880378424634,18295.812191450976,0.0,0.0,0.0,18295.812191450983,0,0.0,9.094947017729282e-13,0.055086875101551414,1,0,0,0,1,0.0,0,oracle_season,42,oracle_season_seed_42,True
178,2025-06-28,6,2,32845.05274735816,32845.05274735816,0.0,0,12194.976786747487,11180.011090585136,10053.160934529144,2231.2880378424634,2015.6923981461625,18385.989428245037,0.0,0.0,0.0,18385.989428245033,0,0.0,6.821210263296962e-13,0.047181540983729064,1,0,0,0,1,0.0,0,oracle_season,42,oracle_season_seed_42,True
179,2025-06-29,6,2,75109.73318578905,75109.73318578905,4.107050417957453,10,20249.963154061275,18227.55725472515,3823.6658035375594,2015.6923981461625,2012.9618598565917,46418.06872204621,0.0,0.0,27.769821401019318,46445.83854344724,0,0.0,9.094947017729282e-13,0.015235292026773095,1,0,0,0,1,0.0,0,oracle_season,42,oracle_season_seed_42,True
180,2025-06-30,6,2,77072.14314378612,77072.14314378612,78.7156530034141,20,21380.06786849641,19395.05316039487,5288.160105354666,2012.9618598565917,1851.6940489206474,47374.54633459316,0.0,0.0,530.2328554168223,47904.77919000997,0,0.0,9.094947017729282e-13,0.020424250047653913,1,0,0,0,1,0.0,0,oracle_season,42,oracle_season_seed_42,True
181,2025-07-01,7,2,80123.30903640264,80123.30903640264,3219.7023501389576,350,21480.57270523153,19950.766694358303,2946.661342335041,1851.6940489206474,1200.0,49700.95337732963,0.0,0.0,15658.57632592711,65359.52970325674,0,0.0,9.094947017729282e-13,0.015980625059455633,1,0,0,0,1,0.0,0,oracle_season,42,oracle_season_seed_42,True
182,2025-07-02,7,2,73973.10558376722,73973.10558376722,3914.7567691369018,320,20001.64742351309,18001.482681161782,2982.9312438861502,1200.0,1200.0,45315.295193781516,0.0,0.0,21084.808833584386,66400.10402736592,0,0.0,9.094947017729282e-13,0.019313374999910593,1,0,0,0,1,0.0,0,oracle_season,42,oracle_season_seed_42,True
183,2025-07-03,7,2,67969.67697464689,67969.67697464689,13375.870857404654,460,15851.288987181968,14266.160088463768,0.0,1200.0,1200.0,41911.35044162464,0.0,0.0,79918.4584658247,121829.80890744936,0,0.0,4.547473508864641e-13,0.038790374994277954,1,0,0,0,1,0.0,0,oracle_season,42,oracle_season_seed_42,True
184,2025-07-04,7,2,33562.222633615514,33562.222633615514,6868.0795773418085,540,12410.670568294654,11169.603511465182,10308.367687461185,1200.0,1200.0,18883.40434764767,0.0,0.0,27905.57457580907,46788.97892345674,0,0.0,8.100187187665142e-13,0.04888937505893409,1,0,0,0,1,0.0,0,oracle_season,42,oracle_season_seed_42,True
185,2025-07-05,7,2,33795.36791417243,33795.36791417243,7126.732241154306,580,12209.52067865549,10988.568610789935,10911.068120794516,1200.0,1200.0,18748.640463048258,0.0,0.0,31792.84166723281,50541.482130281074,0,0.0,9.094947017729282e-13,0.039298958028666675,1,0,0,0,1,0.0,0,oracle_season,42,oracle_season_seed_42,True
186,2025-07-06,7,2,69758.47517636165,69758.47517636165,11982.182227205372,420,17889.691972491768,16100.72277524259,157.70665631785437,1200.0,1200.0,42975.860431905334,0.0,0.0,70325.68460010721,113301.54503201254,0,0.0,7.176481631177012e-13,0.05503412499092519,1,0,0,0,1,0.0,0,oracle_season,42,oracle_season_seed_42,True
187,2025-07-07,7,2,75739.2140685787,75739.2140685787,3783.3409309974822,340,20076.8938666034,18027.884678587347,4064.0630448934558,1200.0,1243.5548949165845,46730.35006625853,0.0,0.0,19082.357189737275,65812.70725599577,0,0.0,9.094947017729282e-13,0.024193541961722076,1,0,0,0,1,0.0,0,oracle_season,42,oracle_season_seed_42,True
188,2025-07-08,7,2,83890.52282798829,83890.52282798829,82.1976987317172,20,22397.578968646714,19573.690724139895,5577.445265546529,1243.5548949165845,1859.282344574963,52373.11989558107,0.0,0.0,560.6280108259657,52933.74790640703,0,0.0,9.094947017729282e-13,0.015577457961626351,1,0,0,0,1,0.0,0,oracle_season,42,oracle_season_seed_42,True
189,2025-07-09,7,2,84043.94621430212,84043.94621430212,58.19688589927705,20,20011.976665983566,17643.943367670196,7675.384785221364,1859.282344574963,2245.961052283673,53039.676935046824,0.0,0.0,392.44504683999884,53432.12198188681,0,0.0,9.094947017729282e-13,0.01915825007017702,1,0,0,0,1,0.0,0,oracle_season,42,oracle_season_seed_42,True
190,2025-07-10,7,2,82735.84902237456,82735.84902237456,86.57471506372656,50,19914.348676769445,18312.06547063814,8366.517147973638,2245.961052283673,1835.7591837092782,52111.617228684045,0.0,0.0,583.6821546587666,52695.2993833428,0,0.0,9.094947017729282e-13,0.019125959021039307,1,0,0,0,1,0.0,0,oracle_season,42,oracle_season_seed_42,True
191,2025-07-11,7,2,42990.37640150245,42990.37640150245,0.0,0,13912.795175475996,11948.419865775351,8507.223941801805,1835.7591837092782,2439.8551905966356,25715.312822658514,0.0,0.0,0.0,25715.31282265851,0,0.0,9.094947017729282e-13,0.0673632500693202,1,0,0,0,1,0.0,0,oracle_season,42,oracle_season_seed_42,True
192,2025-07-12,7,2,42532.29422902833,42532.29422902833,0.0,0,12980.475169719497,11948.708908659086,10416.284634634583,2439.8551905966356,2159.170101633088,25369.99131562241,0.0,0.0,0.0,25369.991315622407,0,0.0,9.094947017729282e-13,0.047318708966486156,1,0,0,0,1,0.0,0,oracle_season,42,oracle_season_seed_42,True
193,2025-07-13,7,2,85445.97054001577,85445.97054001577,120.09335674024874,30,18346.359274149294,16623.909099097837,14575.89332170456,2159.170101633088,2040.9159354703534,53894.84408441688,0.0,0.0,808.4929233094001,54703.33700772629,0,0.0,9.094947017729282e-13,0.023549166973680258,1,0,0,0,1,0.0,0,oracle_season,42,oracle_season_seed_42,True
194,2025-07-14,7,2,80547.04694635252,80547.04694635252,31.185862997173444,20,18505.874401530396,16714.63676256015,6979.315953712783,2040.9159354703534,1978.355751998427,50573.27512006345,0.0,0.0,210.0582237798364,50783.3333438433,0,0.0,9.094947017729282e-13,0.040878582978621125,1,0,0,0,1,0.0,0,oracle_season,42,oracle_season_seed_42,True
195,2025-07-15,7,2,81364.32515576508,81364.32515576508,18.295787507107434,20,19157.3678409845,16712.93115331931,6189.133672273669,1978.355751998427,2535.654383325848,51094.58395134975,0.0,0.0,123.01223954814243,51217.59619089789,0,0.0,9.094947017729282e-13,0.015473084058612585,1,0,0,0,1,0.0,0,oracle_season,42,oracle_season_seed_42,True
196,2025-07-16,7,2,81332.32730441721,81332.32730441721,60.93244942423087,30,18084.09259984276,16756.9968587681,7931.600629433458,2535.654383325848,2028.3053871975442,51299.59965342234,0.0,0.0,411.2280576303691,51710.82771105271,0,0.0,9.094947017729282e-13,0.015343458973802626,1,0,0,0,1,0.0,0,oracle_season,42,oracle_season_seed_42,True
197,2025-07-17,7,2,79076.25265985006,79076.25265985006,24.642135167007837,10,21280.479022816275,19514.744254258963,4614.743959793097,2028.3053871975442,1646.3938109435348,49763.858093067545,0.0,0.0,166.49458625588846,49930.35267932345,0,0.0,8.810729923425242e-13,0.04303820803761482,1,0,0,0,1,0.0,0,oracle_season,42,oracle_season_seed_42,True
198,2025-07-18,7,2,42833.69069777845,42833.69069777845,0.0,0,13448.066989679495,11375.020312544819,9486.395920643776,1646.3938109435348,2414.026149009585,25495.73551476769,0.0,0.0,0.0,25495.73551476768,0,0.0,9.094947017729282e-13,0.051814042031764984,1,0,0,0,1,0.0,0,oracle_season,42,oracle_season_seed_42,True
199,2025-07-19,7,2,41737.7566596867,41737.7566596867,0.0,0,12289.459780723386,11303.19044567049,13568.668274633797,2414.026149009585,2158.2225067212357,24917.233031160657,0.0,0.0,0.0,24917.23303116066,0,0.0,8.810729923425242e-13,0.0458032920723781,1,0,0,0,1,0.0,0,oracle_season,42,oracle_season_seed_42,True
200,2025-07-20,7,2,80752.50854142748,80752.50854142748,5.028137646612208,20,19028.03893031537,17413.230045181517,7052.749577273569,2158.2225067212357,1854.6491134829485,50988.1411598312,0.0,0.0,34.382006705549514,51022.52316653675,0,0.0,8.881784197001252e-13,0.023102291976101696,1,0,0,0,1,0.0,0,oracle_season,42,oracle_season_seed_42,True
201,2025-07-21,7,2,83310.3971861972,83310.3971861972,9.339395898309135,10,19839.6902080012,17396.794588670462,6887.091612764767,1854.6491134829485,2338.4002235464263,52428.61577295925,0.0,0.0,65.15162578660453,52493.76739874587,0,0.0,8.810729923425242e-13,0.015174333937466145,1,0,0,0,1,0.0,0,oracle_season,42,oracle_season_seed_42,True
202,2025-07-22,7,2,82864.42146821984,82864.42146821984,87.18763160123581,40,19190.138246619703,17865.047599090984,7831.373835625689,2338.4002235464263,1712.350225244855,52266.078757074254,0.0,0.0,588.2114881387096,52854.29024521295,0,0.0,9.023892744153272e-13,0.014742708066478372,1,0,0,0,1,0.0,0,oracle_season,42,oracle_season_seed_42,True
203,2025-07-23,7,2,81973.91103611936,81973.91103611936,58.29820635267333,50,20743.42396416123,18514.02947160487,5586.2676332489955,1712.350225244855,1875.7894851737,51571.456425504184,0.0,0.0,394.45804033751875,51965.914465841735,0,0.0,9.094947017729282e-13,0.015353333088569343,1,0,0,0,1,0.0,0,oracle_season,42,oracle_season_seed_42,True
204,2025-07-24,7,2,81298.70886957305,81298.70886957305,40.77990934658453,30,20037.113081625004,17771.73092049025,5457.634617784881,1875.7894851737,2151.614782730821,51005.151185972034,0.0,0.0,274.7656172877153,51279.91680325972,0,0.0,9.094947017729282e-13,0.015506166964769363,1,0,0,0,1,0.0,0,oracle_season,42,oracle_season_seed_42,True
205,2025-07-25,7,2,41159.8687676102,41159.8687676102,0.0,0,12872.100085074444,11638.428287796654,13420.87740366574,2151.614782730821,2095.180552951851,24503.73607670863,0.0,0.0,0.0,24503.73607670863,0,0.0,7.958078640513122e-13,0.05034870805684477,1,0,0,0,1,0.0,0,oracle_season,42,oracle_season_seed_42,True
206,2025-07-26,7,2,41263.05334546734,41263.05334546734,0.0,0,13277.495964512964,11692.789572165002,11209.255386452713,2095.180552951851,2366.036798049342,24602.89176409177,0.0,0.0,0.0,24602.89176409177,0,0.0,7.815970093361102e-13,0.05190112499985844,1,0,0,0,1,0.0,0,oracle_season,42,oracle_season_seed_42,True
207,2025-07-27,7,2,81047.3721472483,81047.3721472483,489.9140725895255,70,20918.67404002986,19360.61768875476,6294.04006856272,2366.036798049342,1803.3505424518924,50698.09617160331,0.0,0.0,2511.22054906838,53209.31672067168,0,0.0,9.094947017729282e-13,0.01530816697049886,1,0,0,0,1,0.0,0,oracle_season,42,oracle_season_seed_42,True
208,2025-07-28,7,2,82470.7197499713,82470.7197499713,0.18971629590635075,10,21639.872334440322,19766.909536098734,2643.0694345922775,1803.3505424518924,1496.583852556027,51733.2336756053,0.0,0.0,1.2795415577403826,51734.51321716303,0,0.0,8.810729923425242e-13,0.014992333017289639,1,0,0,0,1,0.0,0,oracle_season,42,oracle_season_seed_42,True
209,2025-07-29,7,2,86699.4774399768,86699.4774399768,108.60696287959036,40,20679.840515320153,18152.145088312798,8211.143025849045,1496.583852556027,1981.1621901529986,54219.78675405445,0.0,0.0,736.161034846443,54955.94778890087,0,0.0,9.094947017729282e-13,0.01583854202181101,1,0,0,0,1,0.0,0,oracle_season,42,oracle_season_seed_42,True
210,2025-07-30,7,2,83407.88393253944,83407.88393253944,0.0,0,20265.013482850783,18096.27751087914,7135.893910567796,1981.1621901529986,2131.090647815165,52138.61221790801,0.0,0.0,0.0,52138.61221790798,0,0.0,8.86402062860725e-13,0.019889832939952612,1,0,0,0,1,0.0,0,oracle_season,42,oracle_season_seed_42,True
211,2025-07-31,7,2,79977.85637912326,79977.85637912326,197.8193649120908,70,20810.449684887364,19238.346885529667,3908.5766780109916,2131.090647815165,1594.618497228254,49981.722762082994,0.0,0.0,1308.5907605944137,51290.31352267737,0,0.0,9.023892744153272e-13,0.03489812498446554,1,0,0,0,1,0.0,0,oracle_season,42,oracle_season_seed_42,True
212,2025-08-01,8,2,41539.21820945149,41539.21820945149,0.0,0,13338.854127059554,11373.73830645384,18322.74272217911,1594.618497228254,2259.9937696683764,24328.950479220082,0.0,0.0,0.0,24328.95047922009,0,0.0,9.094947017729282e-13,0.06905537494458258,1,0,0,0,1,0.0,0,oracle_season,42,oracle_season_seed_42,True
213,2025-08-02,8,2,39485.78063115779,39485.78063115779,0.0,0,12713.452298630844,11448.539349037877,17293.842748231487,2259.9937696683764,2253.2135509343334,23262.839772918665,0.0,0.0,0.0,23262.839772918673,0,0.0,9.094947017729282e-13,0.058123208000324667,1,0,0,0,1,0.0,0,oracle_season,42,oracle_season_seed_42,True
214,2025-08-03,8,2,75568.3516547154,75568.3516547154,335.3136034492959,100,17734.37015176048,16732.827428229302,12062.642551300178,2253.2135509343334,1439.565526107644,47564.590471839394,0.0,0.0,1593.857116704204,49158.447588543604,0,0.0,9.094947017729282e-13,0.037567541003227234,1,0,0,0,1,0.0,0,oracle_season,42,oracle_season_seed_42,True
215,2025-08-04,8,2,73317.46261131327,73317.46261131327,41.480578084044396,20,19394.377768768984,16889.078083957935,5437.988421252925,1439.565526107644,2036.0363495077765,46188.91764860452,0.0,0.0,279.29256529104714,46468.21021389555,0,0.0,9.094947017729282e-13,0.031442917068488896,1,0,0,0,1,0.0,0,oracle_season,42,oracle_season_seed_42,True
216,2025-08-05,8,2,75182.02585797435,75182.02585797435,6.01181603530847,10,18662.33892667355,16835.354155157125,8208.743169159909,2036.0363495077765,1994.6641431754963,47457.575776248035,0.0,0.0,40.49859872185551,47498.074374969896,0,0.0,8.384404281969182e-13,0.06502191594336182,1,0,0,0,1,0.0,0,oracle_season,42,oracle_season_seed_42,True
217,2025-08-06,8,2,75631.68705118811,75631.68705118811,220.9247184865839,40,18775.255927338058,17651.614934794467,6614.57151046443,1994.6641431754963,1200.0,47337.96579458192,0.0,0.0,1442.765083791245,48780.73087837316,0,0.0,9.094947017729282e-13,0.06575154094025493,1,0,0,0,1,0.0,0,oracle_season,42,oracle_season_seed_42,True
218,2025-08-07,8,2,76856.45835348428,76856.45835348428,19.003295939667623,10,19681.975576386038,17341.341105367344,11146.841928405247,1200.0,1592.5829770013042,48533.33170822841,0.0,0.0,128.39576901636428,48661.7274772448,0,0.0,9.094947017729282e-13,0.07014745799824595,1,0,0,0,1,0.0,0,oracle_season,42,oracle_season_seed_42,True
219,2025-08-08,8,2,40557.93130248501,40557.93130248501,0.0,0,13440.115275245977,11735.437629869695,23078.082407108737,1592.5829770013042,1972.7584460886496,23704.794502552006,0.0,0.0,0.0,23704.79450255201,0,0.0,9.00612917575927e-13,0.04605141596402973,1,0,0,0,1,0.0,0,oracle_season,42,oracle_season_seed_42,True
220,2025-08-09,8,2,39203.108355289536,39203.108355289536,0.0,0,12932.16503445738,11872.595554023166,19221.60987485532,1972.7584460886496,1726.4728590105908,22936.56433632368,0.0,0.0,0.0,22936.56433632368,0,0.0,9.094947017729282e-13,0.05054987489711493,1,0,0,0,1,0.0,0,oracle_season,42,oracle_season_seed_42,True
221,2025-08-10,8,2,75282.75140145772,75282.75140145772,24.73109231142587,20,18449.0189998493,16290.42844212486,7844.27288604471,1726.4728590105908,2057.129737216539,47434.45689364261,0.0,0.0,168.44413888240052,47602.901032525,0,0.0,8.952838470577262e-13,0.038086250075139105,1,0,0,0,1,0.0,0,oracle_season,42,oracle_season_seed_42,True
222,2025-08-11,8,2,77393.82719173285,77393.82719173285,127.3143963247361,50,18668.99025130986,17116.50443828643,11407.40244170083,2057.129737216539,1725.7091116467052,48591.12381942338,0.0,0.0,858.1184310502045,49449.24225047356,0,0.0,9.094947017729282e-13,0.014682292006909847,1,0,0,0,1,0.0,0,oracle_season,42,oracle_season_seed_42,True
223,2025-08-12,8,2,74488.65852191056,74488.65852191056,136.34042607689992,50,19083.682515065848,17034.396878965992,4815.169661887605,1725.7091116467052,1874.2490773895922,46704.64515284346,0.0,0.0,921.0192743621179,47625.66442720558,0,0.0,9.094947017729282e-13,0.049703957978636026,1,0,0,0,1,0.0,0,oracle_season,42,oracle_season_seed_42,True
224,2025-08-13,8,2,76734.83528533205,76734.83528533205,173.28075935249626,60,18180.481187511818,16195.293072101504,8801.94847927423,1874.2490773895922,2050.4301032415256,48106.65988485872,0.0,0.0,1173.026797363173,49279.68668222189,0,0.0,9.094947017729282e-13,0.02940029208548367,1,0,0,0,1,0.0,0,oracle_season,42,oracle_season_seed_42,True
225,2025-08-14,8,2,73638.20148371978,73638.20148371978,564.3443056850095,100,20101.806959379766,18600.115267483838,6774.56311417552,2050.4301032415256,1514.435630600374,45851.109295503324,0.0,0.0,3560.2603711636743,49411.369666667,0,0.0,9.094947017729282e-13,0.05708075000438839,1,0,0,0,1,0.0,0,oracle_season,42,oracle_season_seed_42,True
226,2025-08-15,8,2,39900.9017420232,39900.9017420232,0.0,0,13834.584468989717,12354.201941716463,21260.79233141661,1514.435630600374,1616.6025819670263,23183.594799097755,0.0,0.0,0.0,23183.594799097747,0,0.0,8.08686451136964e-13,0.0450127919903025,1,0,0,0,1,0.0,0,oracle_season,42,oracle_season_seed_42,True
227,2025-08-16,8,2,39454.89370246906,39454.89370246906,43.951964516142084,10,13523.135063698803,12158.114256402649,21204.544493022382,1616.6025819670263,1629.9972532470895,22886.614608126667,0.0,0.0,306.6089044646072,23193.223512591274,0,0.0,6.821210263296962e-13,0.048001375049352646,1,0,0,0,1,0.0,0,oracle_season,42,oracle_season_seed_42,True
228,2025-08-17,8,2,71475.44793147178,71475.44793147178,181.34185949424239,50,19438.943922108465,17501.798256966707,6554.2505091576,1629.9972532470895,1622.8834702987044,45305.15212729381,0.0,0.0,1221.980554666458,46527.13268196027,0,0.0,9.094947017729282e-13,0.03252537490334362,1,0,0,0,1,0.0,0,oracle_season,42,oracle_season_seed_42,True
229,2025-08-18,8,2,73838.33242106697,73838.33242106697,175.5339182202738,50,19813.3899732743,17496.325485802936,7302.6862351492,1622.8834702987044,1976.7692094424522,46390.47750086687,0.0,0.0,1192.6871670263597,47583.164667893245,0,0.0,9.094947017729282e-13,0.03137533401604742,1,0,0,0,1,0.0,0,oracle_season,42,oracle_season_seed_42,True
230,2025-08-19,8,2,74570.579202445,74570.579202445,117.89497927567152,30,17925.36098978031,16363.762849015975,8809.215990956343,1976.7692094424522,1733.3392273944335,47114.05621948865,0.0,0.0,795.5542810585033,47909.61050054712,0,0.0,9.094947017729282e-13,0.05286345805507153,1,0,0,0,1,0.0,0,oracle_season,42,oracle_season_seed_42,True
231,2025-08-20,8,2,73743.88086348632,73743.88086348632,819.1160861643461,80,21424.201052910397,19598.95651405905,2087.061344132647,1733.3392273944335,1399.0068246932751,46475.154151515526,0.0,0.0,4486.657067448911,50961.81121896442,0,0.0,9.094947017729282e-13,0.03147249994799495,1,0,0,0,1,0.0,0,oracle_season,42,oracle_season_seed_42,True
232,2025-08-21,8,2,78926.2445397178,78926.2445397178,45.434538493675404,40,18125.23020520747,16299.520419357897,11301.550809028566,1399.0068246932751,1412.9068958296791,49248.57775839231,0.0,0.0,306.338271142681,49554.916029534994,0,0.0,8.948397578478762e-13,0.03914945793803781,1,0,0,0,1,0.0,0,oracle_season,42,oracle_season_seed_42,True
233,2025-08-22,8,2,39221.1011257495,39221.1011257495,702.2834173585716,80,13805.68999686129,12321.666378961769,17208.79152520855,1412.9068958296791,1521.9576385021692,22539.25346736134,0.0,0.0,3987.5381021518606,26526.791569513203,0,0.0,8.455458555545192e-13,0.06535862502641976,1,0,0,0,1,0.0,0,oracle_season,42,oracle_season_seed_42,True
234,2025-08-23,8,2,39820.53732096861,39820.53732096861,0.0,0,13257.053703078782,11957.363720612802,15990.841188502633,1521.9576385021692,1494.5350119044815,23264.365458955,0.0,0.0,0.0,23264.36545895499,0,0.0,7.958078640513122e-13,0.05659200006630272,1,0,0,0,1,0.0,0,oracle_season,42,oracle_season_seed_42,True
235,2025-08-24,8,2,76505.32931678297,76505.32931678297,33.28157610644428,30,19562.55958054633,17680.685984891632,10923.147813901376,1494.5350119044815,1416.1291175951887,47921.874997471685,0.0,0.0,225.28439393819787,48147.15939140991,0,0.0,9.094947017729282e-13,0.02189204189926386,1,0,0,0,1,0.0,0,oracle_season,42,oracle_season_seed_42,True
236,2025-08-25,8,2,73948.28120480187,73948.28120480187,85.91108804617954,20,20819.090964050763,18448.44335668764,890.4576688182547,1416.1291175951887,1720.4862318728249,47001.7871065525,0.0,0.0,579.3258126464361,47581.11291919893,0,0.0,8.810729923425242e-13,0.03618812502827495,1,0,0,0,1,0.0,0,oracle_season,42,oracle_season_seed_42,True
237,2025-08-26,8,2,80821.2599242263,80821.2599242263,48.745391941563184,20,19408.901621946537,17056.36320307909,12988.648513967077,1720.4862318728249,2154.4015938473717,50680.93200753422,0.0,0.0,336.95770791369296,51017.88971544791,0,0.0,9.094947017729282e-13,0.02012545894831419,1,0,0,0,1,0.0,0,oracle_season,42,oracle_season_seed_42,True
238,2025-08-27,8,2,73589.44741926246,73589.44741926246,55.327623416187635,30,20528.469136989446,19016.525164405568,4218.682203428101,2154.4015938473717,1584.2398315115177,46665.30122813695,0.0,0.0,376.5397934064336,47041.84102154338,0,0.0,9.094947017729282e-13,0.04584295803215355,1,0,0,0,1,0.0,0,oracle_season,42,oracle_season_seed_42,True
239,2025-08-28,8,2,76046.14316296222,76046.14316296222,170.32657828535775,30,20591.154996657606,18614.88595190548,3472.4057131621275,1584.2398315115177,1496.9120003123385,47964.86141726975,0.0,0.0,1148.1098302146793,49112.97124748443,0,0.0,9.094947017729282e-13,0.03689200000371784,1,0,0,0,1,0.0,0,oracle_season,42,oracle_season_seed_42,True
240,2025-08-29,8,2,40613.65690177084,40613.65690177084,0.0,0,14594.152577139303,12845.198087501132,16309.482062132667,1496.9120003123385,1802.1131485977821,23792.77778762535,0.0,0.0,0.0,23792.77778762535,0,0.0,9.094947017729282e-13,0.04763362498488277,1,0,0,0,1,0.0,0,oracle_season,42,oracle_season_seed_42,True
241,2025-08-30,8,2,40667.81528435988,40667.81528435988,0.0,0,12909.753259009192,12127.163627286844,21372.505819304206,1802.1131485977821,1266.22757411442,23789.049197414108,0.0,0.0,0.0,23789.04919741411,0,0.0,8.917311333789257e-13,0.05198808398563415,1,0,0,0,1,0.0,0,oracle_season,42,oracle_season_seed_42,True
242,2025-08-31,8,2,72668.4271218802,72668.4271218802,185.03813945924765,50,20949.205973741264,18372.151374194953,3629.7875784598186,1266.22757411442,1774.441435539975,46132.00241171514,0.0,0.0,1253.9904666297193,47385.992878344856,0,0.0,9.094947017729282e-13,0.04732108395546675,1,0,0,0,1,0.0,0,oracle_season,42,oracle_season_seed_42,True
243,2025-09-01,9,2,78081.20032323958,78081.20032323958,0.0,0,20138.67255635092,14127.633050925062,18496.02628448038,1774.441435539975,5987.830938659415,49064.16415760842,0.0,0.0,0.0,49064.16415760844,0,0.0,9.094947017729282e-13,0.05117316695395857,1,0,0,0,1,0.0,0,oracle_season,42,oracle_season_seed_42,True
244,2025-09-02,9,2,69139.32482868986,69139.32482868986,0.0,0,17475.209109885705,16674.9787321551,14281.338600959261,5987.830938659415,4989.299041655861,44265.06850811551,0.0,0.0,0.0,44265.0685081155,0,0.0,9.094947017729282e-13,0.04994508298113942,1,0,0,0,1,0.0,0,oracle_season,42,oracle_season_seed_42,True
245,2025-09-03,9,2,69585.31475613665,69585.31475613665,0.0,0,16015.358809637146,14530.666486818749,12552.905183318253,4989.299041655861,4866.135117103345,44308.45582218174,0.0,0.0,0.0,44308.455822181735,0,0.0,7.958078640513122e-13,0.03988337505143136,1,0,0,0,1,0.0,0,oracle_season,42,oracle_season_seed_42,True
246,2025-09-04,9,2,69125.62497468843,69125.62497468843,0.0,0,17620.55851804328,16397.92111652739,13977.42202317254,4866.135117103345,4297.538145493421,44234.29189667673,0.0,0.0,0.0,44234.29189667675,0,0.0,8.100187187665142e-13,0.03637833404354751,1,0,0,0,1,0.0,0,oracle_season,42,oracle_season_seed_42,True
247,2025-09-05,9,2,35059.746455504704,35059.746455504704,0.0,0,12671.269429856446,11088.356653406958,26652.57201238854,4297.538145493421,4630.405641013548,20801.92032187163,0.0,0.0,0.0,20801.92032187162,0,0.0,8.846257060213247e-13,0.039539416087791324,1,0,0,0,1,0.0,0,oracle_season,42,oracle_season_seed_42,True
248,2025-09-06,9,2,35320.492777745254,35320.492777745254,0.0,0,13860.952501121537,11712.764189819993,25451.220766443712,4630.405641013548,5433.722261803061,20924.56926120865,0.0,0.0,0.0,20924.56926120865,0,0.0,6.821210263296962e-13,0.04907562490552664,1,0,0,0,1,0.0,0,oracle_season,42,oracle_season_seed_42,True
249,2025-09-07,9,2,68066.61898338726,68066.61898338726,0.0,0,16344.16147810216,15374.065133867007,12135.539022485451,5433.722261803061,4733.467703785435,43720.63538808401,0.0,0.0,0.0,43720.63538808403,0,0.0,9.094947017729282e-13,0.03283999999985099,1,0,0,0,1,0.0,0,oracle_season,42,oracle_season_seed_42,True
250,2025-09-08,9,2,59449.95061879265,59449.95061879265,1851.8636290134682,80,16006.92783787962,17643.555588834213,3542.872465427379,4733.467703785435,1321.0322351785271,36490.22636614136,0.0,0.0,12334.432496740492,48824.65886288187,0,0.0,9.094947017729282e-13,0.037720250082202256,1,0,0,0,1,0.0,0,oracle_season,42,oracle_season_seed_42,True
251,2025-09-09,9,2,68328.63624697764,68328.63624697764,9.099616666666634,10,19750.945245179086,17034.26638306026,12518.22273485882,1321.0322351785271,2102.730763153899,41821.33813031036,0.0,0.0,60.96743166666645,41882.30556197702,0,0.0,9.023892744153272e-13,0.03142425010446459,1,0,0,0,1,0.0,0,oracle_season,42,oracle_season_seed_42,True
252,2025-09-10,9,2,62363.45770332679,62363.45770332679,1540.5041892913164,80,19800.109300927732,18101.223933646856,889.0778753372325,2102.730763153899,1806.3984008264542,38859.958499193046,0.0,0.0,9702.205062688892,48562.16356188194,0,0.0,9.094947017729282e-13,0.06695787503849715,1,0,0,0,1,0.0,0,oracle_season,42,oracle_season_seed_42,True
253,2025-09-11,9,2,67252.5189318626,67252.5189318626,0.0,0,19128.07268129267,17322.467632174823,11950.828099411432,1806.3984008264542,1693.3973400596858,41083.78763193935,0.0,0.0,0.0,41083.78763193935,0,0.0,8.846257060213247e-13,0.06355491594877094,1,0,0,0,1,0.0,0,oracle_season,42,oracle_season_seed_42,True
254,2025-09-12,9,2,30445.440579698337,30445.440579698337,233.94494938485408,30,13678.910657056012,12554.955688343942,18003.77436037112,1693.3973400596858,1436.266116715913,16532.4838503984,0.0,0.0,884.9689019563618,17417.45275235476,0,0.0,7.958078640513122e-13,0.05815016699489206,1,0,0,0,1,0.0,0,oracle_season,42,oracle_season_seed_42,True
255,2025-09-13,9,2,30795.13473294556,30795.13473294556,351.52627097963966,90,14137.169737713608,12751.450069849454,21753.83985272771,1436.266116715913,1406.7543650441605,16434.984267674525,0.0,0.0,1651.758674036298,18086.742941710818,0,0.0,8.100187187665142e-13,0.05787166696973145,1,0,0,0,1,0.0,0,oracle_season,42,oracle_season_seed_42,True
256,2025-09-14,9,2,61549.64605190106,61549.64605190106,872.1882044582711,90,20113.875398935736,18234.29244729142,442.926554715018,1406.7543650441605,1267.8201300680446,37852.79622097166,0.0,0.0,4653.0014095892075,42505.79763056086,0,0.0,9.094947017729282e-13,0.036723708966746926,1,0,0,0,1,0.0,0,oracle_season,42,oracle_season_seed_42,True
257,2025-09-15,9,2,67618.16283332136,67618.16283332136,224.58355234585622,30,20450.811727290242,18100.63034584621,10425.534370889844,1267.8201300680446,1589.4239881121014,41010.95621830516,0.0,0.0,1547.976745747909,42558.93296405308,0,0.0,8.903988657493755e-13,0.08388158306479454,1,0,0,0,1,0.0,0,oracle_season,42,oracle_season_seed_42,True
258,2025-09-16,9,2,64740.69466297729,64740.69466297729,8.238266666666732,10,19819.015021695297,17785.611927173602,3223.759851788932,1589.4239881121014,1643.7114330982224,40279.502330548356,0.0,0.0,55.3817476666671,40334.88407821504,0,0.0,9.094947017729282e-13,0.03781887504737824,1,0,0,0,1,0.0,0,oracle_season,42,oracle_season_seed_42,True
259,2025-09-17,9,2,68016.68005409144,68016.68005409144,0.0,0,20676.475343505263,18440.93022276773,5821.0165333539135,1643.7114330982224,1820.6910286408279,41587.099056801446,0.0,0.0,0.0,41587.09905680144,0,0.0,9.041656312547275e-13,0.033929666969925165,1,0,0,0,1,0.0,0,oracle_season,42,oracle_season_seed_42,True
260,2025-09-18,9,2,66345.74854945927,66345.74854945927,160.76632491552994,50,19905.11758125318,18267.834387299834,5913.180563754799,1820.6910286408279,1448.3554295027027,40759.61696550589,0.0,0.0,888.1313036812471,41647.748269187156,0,0.0,8.881784197001252e-13,0.06851987494155765,1,0,0,0,1,0.0,0,oracle_season,42,oracle_season_seed_42,True
261,2025-09-19,9,2,31471.375814368643,31471.375814368643,71.93248436622929,30,14694.174085707884,13212.487384008855,13960.269280369175,1448.3554295027027,1461.2884000245322,16911.141598781425,0.0,0.0,429.8531900869733,17340.994788868396,0,0.0,8.810729923425242e-13,0.05439862504135817,1,0,0,0,1,0.0,0,oracle_season,42,oracle_season_seed_42,True
262,2025-09-20,9,2,31082.12988652625,31082.12988652625,466.82572693066265,60,14842.480650850746,13289.629249462512,14350.670478735343,1461.2884000245322,1533.6026659593626,16760.90182352717,0.0,0.0,2253.7123600373234,19014.61418356449,0,0.0,9.094947017729282e-13,0.05730162502732128,1,0,0,0,1,0.0,0,oracle_season,42,oracle_season_seed_42,True
263,2025-09-21,9,2,68411.0836215771,68411.0836215771,254.26988639163193,50,19064.96158706447,17072.871644345298,8385.776081916236,1533.6026659593626,1623.8264363036037,42045.82755030454,0.0,0.0,1577.5032279984514,43623.33077830298,0,0.0,8.988365607365267e-13,0.03362783300690353,1,0,0,0,1,0.0,0,oracle_season,42,oracle_season_seed_42,True
264,2025-09-22,9,2,65238.07389593565,65238.07389593565,953.1573568755853,90,20386.55651201264,18584.6383131481,3775.2931706133677,1623.8264363036037,1374.2832506870723,39714.24583951114,0.0,0.0,5821.011758327966,45535.25759783911,0,0.0,8.668621376273222e-13,0.04437745898030698,1,0,0,0,1,0.0,0,oracle_season,42,oracle_season_seed_42,True
265,2025-09-23,9,2,70336.71291070507,70336.71291070507,16.609366666666688,20,21417.512989817635,18499.5400185862,5318.733722806982,1374.2832506870723,2192.4927351849615,43263.50470758095,0.0,0.0,111.5664441666668,43375.071151747616,0,0.0,8.509304372239512e-13,0.03204304201062769,1,0,0,0,1,0.0,0,oracle_season,42,oracle_season_seed_42,True
266,2025-09-24,9,2,69801.09012001942,69801.09012001942,0.0,0,20634.74015239608,18561.507026946856,6664.631894570206,2192.4927351849615,2202.7797405846136,43124.29057281152,0.0,0.0,0.0,43124.290572811515,0,0.0,8.597567102697212e-13,0.034545250004157424,1,0,0,0,1,0.0,0,oracle_season,42,oracle_season_seed_42,True
267,2025-09-25,9,2,67417.25332532555,67417.25332532555,15.371666666666556,10,19880.948097164946,18552.976056568037,5769.204051395303,2202.7797405846136,1506.9492453328344,41703.146785669815,0.0,0.0,103.49743166666592,41806.64421733649,0,0.0,9.094947017729282e-13,0.03609129204414785,1,0,0,0,1,0.0,0,oracle_season,42,oracle_season_seed_42,True
268,2025-09-26,9,2,32530.937418903966,32530.937418903966,0.0,0,14510.3210980364,13047.743183341896,13374.11600420946,1506.9492453328344,1519.1195922911888,17615.807414431838,0.0,0.0,0.0,17615.807414431838,0,0.0,9.094947017729282e-13,0.05022262502461672,1,0,0,0,1,0.0,0,oracle_season,42,oracle_season_seed_42,True
269,2025-09-27,9,2,31610.78587060763,31610.78587060763,735.0925930434821,130,15024.48454753204,13824.779520066171,13344.871186185244,1519.1195922911888,1200.0,17057.369692893943,0.0,0.0,3501.089754695377,20558.45944758931,0,0.0,7.958078640513122e-13,0.050750041962601244,1,0,0,0,1,0.0,0,oracle_season,42,oracle_season_seed_42,True
270,2025-09-28,9,2,69867.51109622922,69867.51109622922,520.2842216368537,70,21696.65496552529,19437.714488120677,4641.2256737947955,1200.0,1294.1040925201628,42854.86341757106,0.0,0.0,2589.2717588205687,45444.135176391625,0,0.0,8.952838470577262e-13,0.05317900003865361,1,0,0,0,1,0.0,0,oracle_season,42,oracle_season_seed_42,True
271,2025-09-29,9,2,71873.04384646482,71873.04384646482,216.1125489570053,30,20699.696604736324,18425.839394114868,7055.407584800372,1294.1040925201628,1509.020440859802,44159.011331895956,0.0,0.0,1437.1385617012593,45596.149893597205,0,0.0,9.094947017729282e-13,0.015620500082150102,1,0,0,0,1,0.0,0,oracle_season,42,oracle_season_seed_42,True
272,2025-09-30,9,2,72252.61236939704,72252.61236939704,19.48428617690024,10,22228.947453194196,19306.04765548409,3927.0220911971655,1509.020440859802,2246.8905539198304,44917.030104054305,0.0,0.0,131.6455795542265,45048.67568360852,0,0.0,9.094947017729282e-13,0.035361916990950704,1,0,0,0,1,0.0,0,oracle_season,42,oracle_season_seed_42,True
273,2025-10-01,10,2,73096.7301152132,73096.7301152132,0.0,0,18052.489389319275,15016.829902815924,20399.549095376507,2246.8905539198304,3543.857149726715,45393.16052036855,0.0,0.0,0.0,45393.16052036855,0,0.0,9.023892744153272e-13,0.01594108296558261,1,0,0,0,1,0.0,0,oracle_season,42,oracle_season_seed_42,True
274,2025-10-02,10,2,59163.11445621345,59163.11445621345,0.0,0,19795.659960887122,17407.878220556628,5044.549599216291,3543.857149726715,3974.154325908316,37394.633183940314,0.0,0.0,0.0,37394.633183940314,0,0.0,9.094947017729282e-13,0.05784708296414465,1,0,0,0,1,0.0,0,oracle_season,42,oracle_season_seed_42,True
275,2025-10-03,10,2,29800.239959525497,29800.239959525497,0.0,0,13079.109680870377,11600.016487723988,20503.99306637911,3974.154325908316,4154.596234616017,16391.248466806323,0.0,0.0,0.0,16391.248466806323,0,0.0,9.094947017729282e-13,0.04741600004490465,1,0,0,0,1,0.0,0,oracle_season,42,oracle_season_seed_42,True
276,2025-10-04,10,2,30096.170080464788,30096.170080464788,0.0,0,13063.819668579863,12079.175775105025,16015.543753656613,4154.596234616017,3815.4545273209687,16784.160404143644,0.0,0.0,0.0,16784.160404143644,0,0.0,8.526512829121202e-13,0.04991954192519188,1,0,0,0,1,0.0,0,oracle_season,42,oracle_season_seed_42,True
277,2025-10-05,10,2,65500.81077937277,65500.81077937277,0.0,0,18430.365538420032,17088.233901122985,9422.718075409057,3815.4545273209687,3287.4543848347553,40743.85504579299,0.0,0.0,0.0,40743.855045792996,0,0.0,9.041656312547275e-13,0.037731291027739644,1,0,0,0,1,0.0,0,oracle_season,42,oracle_season_seed_42,True
278,2025-10-06,10,2,64946.773505574485,64946.773505574485,0.0,0,19518.416782752516,17372.299218725057,5067.54669154702,3287.4543848347553,3492.2391493092955,40556.95459792893,0.0,0.0,0.0,40556.95459792891,0,0.0,9.094947017729282e-13,0.060066083911806345,1,0,0,0,1,0.0,0,oracle_season,42,oracle_season_seed_42,True
279,2025-10-07,10,2,67410.8860705205,67410.8860705205,0.0,0,19946.178659536818,17784.327463213238,7477.471874196908,3492.2391493092955,3668.5185575307287,42004.60368312183,0.0,0.0,0.0,42004.60368312183,0,0.0,9.094947017729282e-13,0.047289124922826886,1,0,0,0,1,0.0,0,oracle_season,42,oracle_season_seed_42,True
280,2025-10-08,10,2,63975.41631756445,63975.41631756445,0.0,0,18036.31884290931,18158.70009358671,7619.301901575176,3668.5185575307287,1638.3224542303305,38861.344464826114,0.0,0.0,0.0,38861.344464826136,0,0.0,9.094947017729282e-13,0.07175575010478497,1,0,0,0,1,0.0,0,oracle_season,42,oracle_season_seed_42,True
281,2025-10-09,10,2,64316.12624384059,64316.12624384059,71.49360845335661,30,20719.298904941737,18750.78585404483,6659.125118063701,1638.3224542303305,1529.3115337157756,38619.538013151934,0.0,0.0,444.0376062103028,39063.57561936223,0,0.0,8.93507490218326e-13,0.034102207981050014,1,0,0,0,1,0.0,0,oracle_season,42,oracle_season_seed_42,True
282,2025-10-10,10,2,31179.303310252217,31179.303310252217,0.0,0,15039.877746730448,13239.881708864701,20035.696355719803,1529.3115337157756,1841.3316396889622,16107.631332640893,0.0,0.0,0.0,16107.631332640896,0,0.0,8.952838470577262e-13,0.051657167030498385,1,0,0,0,1,0.0,0,oracle_season,42,oracle_season_seed_42,True
283,2025-10-11,10,2,30953.81282620816,30953.81282620816,0.0,0,14977.488927867827,13569.504565172358,15439.514880179355,1841.3316396889622,1746.7115169612055,16001.16644374577,0.0,0.0,0.0,16001.16644374577,0,0.0,7.958078640513122e-13,0.07570750010199845,1,0,0,0,1,0.0,0,oracle_season,42,oracle_season_seed_42,True
284,2025-10-12,10,2,66792.24567546611,66792.24567546611,100.94745148371959,40,19623.735397668515,18180.017942894614,6934.519688842595,1746.7115169612055,1200.0,40437.59678958366,0.0,0.0,621.6870177735855,41059.28380735722,0,0.0,9.094947017729282e-13,0.05548545904457569,1,0,0,0,1,0.0,0,oracle_season,42,oracle_season_seed_42,True
285,2025-10-13,10,2,67915.0835938942,67915.0835938942,0.0,0,21643.43028327117,18726.855689406384,7971.113700029425,1200.0,1992.9216916577445,40946.50923779878,0.0,0.0,0.0,40946.50923779879,0,0.0,8.952838470577262e-13,0.053523416980169713,1,0,0,0,1,0.0,0,oracle_season,42,oracle_season_seed_42,True
286,2025-10-14,10,2,65635.03643117251,65635.03643117251,0.0,0,21390.511955909613,19633.312051785353,3104.0072437149092,1992.9216916577445,1590.4150888205445,39847.96483666319,0.0,0.0,0.0,39847.96483666319,0,0.0,8.775202786637237e-13,0.04691079200711101,1,0,0,0,1,0.0,0,oracle_season,42,oracle_season_seed_42,True
287,2025-10-15,10,2,68856.84903680865,68856.84903680865,0.0,0,20636.31028590985,18352.936712142116,4653.451813040927,1590.4150888205445,1822.0440693542023,41925.88637124058,0.0,0.0,0.0,41925.88637124057,0,0.0,9.059419880941277e-13,0.03499916603323072,1,0,0,0,1,0.0,0,oracle_season,42,oracle_season_seed_42,True
288,2025-10-16,10,2,70317.87059828478,70317.87059828478,346.79096937014106,10,21244.482404546947,19250.943598839207,5704.649811947178,1822.0440693542023,1684.053409019014,42881.03261512334,0.0,0.0,2419.213802326104,45300.24641744944,0,0.0,9.094947017729282e-13,0.024025833001360297,1,0,0,0,1,0.0,0,oracle_season,42,oracle_season_seed_42,True
289,2025-10-17,10,2,33366.77654399119,33366.77654399119,0.0,0,15130.335385212547,13174.29160055726,15406.53344266924,1684.053409019014,2151.027210544128,17615.728096349823,0.0,0.0,0.0,17615.72809634982,0,0.0,9.094947017729282e-13,0.07277991599403322,1,0,0,0,1,0.0,0,oracle_season,42,oracle_season_seed_42,True
290,2025-10-18,10,2,31173.147801942952,31173.147801942952,0.0,0,14674.581269287553,13280.254646277554,13702.22791226628,2151.027210544128,2073.9398368452025,16415.324265217823,0.0,0.0,0.0,16415.32426521783,0,0.0,9.023892744153272e-13,0.0695435410598293,1,0,0,0,1,0.0,0,oracle_season,42,oracle_season_seed_42,True
291,2025-10-19,10,2,68980.20111681065,68980.20111681065,125.77382650340594,50,22040.606986994066,20345.244272061667,3524.8896950483277,2073.9398368452025,1537.7250802321728,41920.93999936512,0.0,0.0,793.7757055037689,42714.715704868875,0,0.0,9.094947017729282e-13,0.062176749925129116,1,0,0,0,1,0.0,0,oracle_season,42,oracle_season_seed_42,True
292,2025-10-20,10,2,72835.98809772899,72835.98809772899,0.0,0,21966.16195785133,19511.17098710684,5940.214760317822,1537.7250802321728,1810.0760065005054,44693.10224613635,0.0,0.0,0.0,44693.10224613635,0,0.0,8.242295734817162e-13,0.015790042001754045,1,0,0,0,1,0.0,0,oracle_season,42,oracle_season_seed_42,True
293,2025-10-21,10,2,73619.06836999088,73619.06836999088,0.0,0,20182.00635467401,17777.011628532884,4751.492293849761,1810.0760065005054,2217.7927771747345,45416.60746528916,0.0,0.0,0.0,45416.60746528918,0,0.0,9.094947017729282e-13,0.02021966699976474,1,0,0,0,1,0.0,0,oracle_season,42,oracle_season_seed_42,True
294,2025-10-22,10,2,74047.50339330672,74047.50339330672,0.0,0,20586.425973577967,18993.298028587124,6899.478748315863,2217.7927771747345,1727.097248621047,45442.22943021148,0.0,0.0,0.0,45442.22943021148,0,0.0,9.094947017729282e-13,0.01625374995637685,1,0,0,0,1,0.0,0,oracle_season,42,oracle_season_seed_42,True
295,2025-10-23,10,2,73670.05664690203,73670.05664690203,0.0,0,20769.138435186214,18383.810182415942,7905.231360798419,1727.097248621047,2052.1945807712173,45358.24832640956,0.0,0.0,0.0,45358.24832640956,0,0.0,8.988365607365267e-13,0.055983667029067874,1,0,0,0,1,0.0,0,oracle_season,42,oracle_season_seed_42,True
296,2025-10-24,10,2,33167.5173069373,33167.5173069373,0.0,0,15688.438114797347,13928.053508198498,12987.081983671778,2052.1945807712173,2254.0963065765704,17533.490679850245,0.0,0.0,0.0,17533.490679850234,0,0.0,8.526512829121202e-13,0.05539324996061623,1,0,0,0,1,0.0,0,oracle_season,42,oracle_season_seed_42,True
297,2025-10-25,10,2,32416.258949984804,32416.258949984804,0.0,0,14932.98703943479,14007.940387355644,12092.779564572322,2254.0963065765704,1655.1060502581001,17054.196721058866,0.0,0.0,0.0,17054.196721058863,0,0.0,6.821210263296962e-13,0.04680470807943493,1,0,0,0,1,0.0,0,oracle_season,42,oracle_season_seed_42,True
298,2025-10-26,10,2,73259.1704236462,73259.1704236462,0.0,0,20327.94149506417,17968.321632219362,6355.238544134723,1655.1060502581001,1999.6106009442942,45209.08721267551,0.0,0.0,0.0,45209.08721267553,0,0.0,8.952838470577262e-13,0.02027895802166313,1,0,0,0,1,0.0,0,oracle_season,42,oracle_season_seed_42,True
299,2025-10-27,10,2,73944.45026585474,73944.45026585474,19.744933333333393,10,20574.17312664461,18355.58455622262,8193.024962099431,1999.6106009442942,2169.5000235669113,45580.76318959418,0.0,0.0,92.4852677333336,45673.2484573275,0,0.0,9.094947017729282e-13,0.025037916959263384,1,0,0,0,1,0.0,0,oracle_season,42,oracle_season_seed_42,True
300,2025-10-28,10,2,73137.58650053832,73137.58650053832,0.0,0,21411.541421869188,19202.101419938666,4955.724798607808,2169.5000235669113,2241.479639824442,45169.645176017475,0.0,0.0,0.0,45169.64517601746,0,0.0,9.023892744153272e-13,0.020671915961429477,1,0,0,0,1,0.0,0,oracle_season,42,oracle_season_seed_42,True
301,2025-10-29,10,2,74738.98300725553,74738.98300725553,0.0,0,21527.8229414913,19538.669662981025,3437.572928745268,2241.479639824442,2068.999512921078,46353.85253099294,0.0,0.0,0.0,46353.852530992925,0,0.0,8.100187187665142e-13,0.016256334027275443,1,0,0,0,1,0.0,0,oracle_season,42,oracle_season_seed_42,True
302,2025-10-30,10,2,76679.51467446354,76679.51467446354,0.0,0,19330.78284183457,17468.896120924048,10029.810303553022,2068.999512921078,1993.9570162109237,47405.08099277586,0.0,0.0,0.0,47405.08099277587,0,0.0,9.094947017729282e-13,0.02182470797561109,1,0,0,0,1,0.0,0,oracle_season,42,oracle_season_seed_42,True
303,2025-10-31,10,2,35117.85601958995,35117.85601958995,0.0,0,16107.975028046738,13829.391446608366,8934.980371484915,1993.9570162109237,2697.8653489558505,18860.270435267295,0.0,0.0,0.0,18860.270435267295,0,0.0,7.958078640513122e-13,0.05212904105428606,1,0,0,0,1,0.0,0,oracle_season,42,oracle_season_seed_42,True
304,2025-11-01,11,2,32610.305614875266,32610.305614875266,0.0,0,15192.091641886605,13970.022423752029,8844.197963407358,2697.8653489558505,2384.6523445056923,17507.12055865375,0.0,0.0,0.0,17507.120558653747,0,0.0,9.094947017729282e-13,0.05708104104269296,1,0,0,0,1,0.0,0,oracle_season,42,oracle_season_seed_42,True
305,2025-11-02,11,2,73916.38943982561,73916.38943982561,39.56280067206251,10,21585.44936814301,20109.191403267443,3683.3103422887684,2384.6523445056923,1665.4587281104323,45642.29083457017,0.0,0.0,275.99009748830804,45918.28093205848,0,0.0,8.821832153671494e-13,0.020384457893669605,1,0,0,0,1,0.0,0,oracle_season,42,oracle_season_seed_42,True
306,2025-11-03,11,2,75952.84331767257,75952.84331767257,0.0,0,20248.09275931121,17669.431144603608,3869.25141963163,1665.4587281104323,2249.270354092061,47150.8235269739,0.0,0.0,0.0,47150.8235269739,0,0.0,9.094947017729282e-13,0.016070500016212463,1,0,0,0,1,0.0,0,oracle_season,42,oracle_season_seed_42,True
307,2025-11-04,11,2,75717.30299068178,75717.30299068178,33.599549999999795,20,20698.228734858738,19168.55998651143,6641.161759001148,2249.270354092061,1679.8979131009005,46792.689041877704,0.0,0.0,155.81717803333237,46948.50621991106,0,0.0,9.094947017729282e-13,0.016264333040453494,1,0,0,0,1,0.0,0,oracle_season,42,oracle_season_seed_42,True
308,2025-11-05,11,2,76010.03161316882,76010.03161316882,3.227683333333289,10,21244.50021188071,18665.956224314705,3756.6952422694703,1679.8979131009005,2158.554981598966,47387.8821168891,0.0,0.0,13.880652174999808,47401.76276906411,0,0.0,8.917311333789257e-13,0.015952917048707604,1,0,0,0,1,0.0,0,oracle_season,42,oracle_season_seed_42,True
309,2025-11-06,11,2,74629.47413147092,74629.47413147092,937.8705235923856,70,21561.941529957956,19798.624679489316,2434.443254594671,2158.554981598966,1744.4259426093577,46167.33921345591,0.0,0.0,4536.287854435394,50703.6270678913,0,0.0,8.277822871605167e-13,0.015528916963376105,1,0,0,0,1,0.0,0,oracle_season,42,oracle_season_seed_42,True
310,2025-11-07,11,2,33633.22637773816,33633.22637773816,0.0,0,17057.594843957482,15454.39726647568,8711.567016923022,1744.4259426093577,1636.3162002699398,17749.457344483773,0.0,0.0,0.0,17749.457344483777,0,0.0,9.094947017729282e-13,0.05441816698294133,1,0,0,0,1,0.0,0,oracle_season,42,oracle_season_seed_42,True
311,2025-11-08,11,2,34340.79291589701,34340.79291589701,0.0,0,16564.519850652945,14411.309716815489,8396.375682059555,1636.3162002699398,2159.9452657262063,18073.99180126172,0.0,0.0,0.0,18073.99180126172,0,0.0,8.526512829121202e-13,0.06626854208298028,1,0,0,0,1,0.0,0,oracle_season,42,oracle_season_seed_42,True
312,2025-11-09,11,2,76357.34439301115,76357.34439301115,0.0,0,22740.572710368608,20638.031770262503,2907.986269571726,2159.9452657262063,1979.1511785074142,47229.26576134618,0.0,0.0,0.0,47229.26576134616,0,0.0,9.094947017729282e-13,0.019878082908689976,1,0,0,0,1,0.0,0,oracle_season,42,oracle_season_seed_42,True
313,2025-11-10,11,2,78905.47153569052,78905.47153569052,0.0,0,23476.451757801628,21128.629694354255,2699.206372243146,1979.1511785074142,1979.3376344802082,48833.74711905586,0.0,0.0,0.0,48833.74711905586,0,0.0,9.094947017729282e-13,0.024596000090241432,1,0,0,0,1,0.0,0,oracle_season,42,oracle_season_seed_42,True
314,2025-11-11,11,2,79268.35864813696,79268.35864813696,2.0516666666667334,10,22063.056994501385,19759.59150602454,5407.9251596601,1979.3376344802082,2081.7530445821576,49469.248943675986,0.0,0.0,8.985274166666958,49478.23421784263,0,0.0,9.059419880941277e-13,0.020500540966168046,1,0,0,0,1,0.0,0,oracle_season,42,oracle_season_seed_42,True
315,2025-11-12,11,2,78383.82196292904,78383.82196292904,11.773333333333312,10,22628.52953138481,20417.206651232533,5228.284666110105,2081.7530445821576,2027.4355783717888,48753.28107041064,0.0,0.0,51.56131333333324,48804.84238374396,0,0.0,9.094947017729282e-13,0.016297832946293056,1,0,0,0,1,0.0,0,oracle_season,42,oracle_season_seed_42,True
316,2025-11-13,11,2,77661.33984222644,77661.33984222644,0.0,0,22136.817359683355,19906.430673613973,3035.081839490399,2027.4355783717888,2045.0441418780372,48407.492850242255,0.0,0.0,0.0,48407.49285024225,0,0.0,8.952838470577262e-13,0.015994040993973613,1,0,0,0,1,0.0,0,oracle_season,42,oracle_season_seed_42,True
317,2025-11-14,11,2,34202.70738005696,34202.70738005696,0.0,0,16470.68295549261,14927.768671024383,5061.337795588737,2045.0441418780372,1935.2561743918804,18213.331031546863,0.0,0.0,0.0,18213.331031546866,0,0.0,8.526512829121202e-13,0.07701604103203863,1,0,0,0,1,0.0,0,oracle_season,42,oracle_season_seed_42,True
318,2025-11-15,11,2,34840.54031148947,34840.54031148947,0.0,0,17014.058710417725,15087.981239690691,4702.575924095772,1935.2561743918804,2172.0808345782148,18665.10258737406,0.0,0.0,0.0,18665.10258737406,0,0.0,9.094947017729282e-13,0.05969174997881055,1,0,0,0,1,0.0,0,oracle_season,42,oracle_season_seed_42,True
319,2025-11-16,11,2,79973.99064512302,79973.99064512302,0.0,0,23207.63414823359,21018.234843383594,3350.046956939691,2172.0808345782148,2033.6109044726581,49939.2806259594,0.0,0.0,0.0,49939.2806259594,0,0.0,8.881784197001252e-13,0.016078375047072768,1,0,0,0,1,0.0,0,oracle_season,42,oracle_season_seed_42,True
320,2025-11-17,11,2,82197.48252466574,82197.48252466574,0.0,0,22227.333936423864,19605.513244094225,6879.907499002769,2033.6109044726581,2454.2858541712035,51527.305305073256,0.0,0.0,0.0,51527.30530507326,0,0.0,9.094947017729282e-13,0.02461995801422745,1,0,0,0,1,0.0,0,oracle_season,42,oracle_season_seed_42,True
321,2025-11-18,11,2,79942.87889043082,79942.87889043082,0.0,0,21581.740831533607,19573.02584038128,3043.612065945144,2454.2858541712035,2296.742138256571,50406.97790496741,0.0,0.0,0.0,50406.9779049674,0,0.0,9.094947017729282e-13,0.020364874973893166,1,0,0,0,1,0.0,0,oracle_season,42,oracle_season_seed_42,True
322,2025-11-19,11,2,81012.39720531707,81012.39720531707,123.42336555955815,30,23591.808808938145,21603.754953709053,3779.455115647526,2296.742138256571,1905.5399041418098,50614.74443563314,0.0,0.0,602.5105595307771,51217.25499516393,0,0.0,9.094947017729282e-13,0.015848000068217516,1,0,0,0,1,0.0,0,oracle_season,42,oracle_season_seed_42,True
323,2025-11-20,11,2,80899.57190797466,80899.57190797466,0.0,0,21664.262906478554,19376.359604070298,3818.5925722330658,1905.5399041418098,2033.587917646454,50839.13481546389,0.0,0.0,0.0,50839.1348154639,0,0.0,9.094947017729282e-13,0.021018833969719708,1,0,0,0,1,0.0,0,oracle_season,42,oracle_season_seed_42,True
324,2025-11-21,11,2,34562.16849304613,34562.16849304613,0.0,0,16936.943072821385,15362.124338163332,4122.965691721412,2033.587917646454,1908.2820617634966,18551.65986441989,0.0,0.0,0.0,18551.659864419897,0,0.0,8.526512829121202e-13,0.06693254201672971,1,0,0,0,1,0.0,0,oracle_season,42,oracle_season_seed_42,True
325,2025-11-22,11,2,35961.43061733085,35961.43061733085,0.0,0,17339.31823538032,15240.977236486788,3643.260135103986,1908.2820617634966,2292.4030598925283,19322.546487907217,0.0,0.0,0.0,19322.54648790721,0,0.0,9.094947017729282e-13,0.04964983300305903,1,0,0,0,1,0.0,0,oracle_season,42,oracle_season_seed_42,True
326,2025-11-23,11,2,82477.1589330936,82477.1589330936,0.0,0,23185.74106935905,20912.07434289153,4971.395923292741,2292.4030598925283,2245.0665245485734,51759.45569877206,0.0,0.0,0.0,51759.45569877205,0,0.0,9.094947017729282e-13,0.020829709013924003,1,0,0,0,1,0.0,0,oracle_season,42,oracle_season_seed_42,True
327,2025-11-24,11,2,82143.00743647118,82143.00743647118,18.839666666666517,10,21150.722784563524,19282.33612245217,6131.516741026477,2245.0665245485734,1985.0370533310238,51539.467085700235,0.0,0.0,88.24499866666596,51627.712084366896,0,0.0,9.094947017729282e-13,0.020733957993797958,1,0,0,0,1,0.0,0,oracle_season,42,oracle_season_seed_42,True
328,2025-11-25,11,2,81987.66187559198,81987.66187559198,0.0,0,23839.137052767604,21244.43746827433,3224.3018244320338,1985.0370533310238,2207.224878972805,51391.63262966538,0.0,0.0,0.0,51391.632629665386,0,0.0,9.094947017729282e-13,0.016803791979327798,1,0,0,0,1,0.0,0,oracle_season,42,oracle_season_seed_42,True
329,2025-11-26,11,2,83670.62816929413,83670.62816929413,32.99316666666664,10,23428.261797279956,20783.510658298837,4301.203313646349,2207.224878972805,2525.481730203937,52611.52260122797,0.0,0.0,154.53999266666654,52766.06259389465,0,0.0,9.094947017729282e-13,0.01593954104464501,1,0,0,0,1,0.0,0,oracle_season,42,oracle_season_seed_42,True
330,2025-11-27,11,2,82312.74294426636,82312.74294426636,0.0,0,22500.30517087136,20388.531462343733,4420.076502405402,2525.481730203937,2379.746257845966,51851.4724028304,0.0,0.0,0.0,51851.47240283038,0,0.0,8.810729923425242e-13,0.016212041955441236,1,0,0,0,1,0.0,0,oracle_season,42,oracle_season_seed_42,True
331,2025-11-28,11,2,35352.565121811065,35352.565121811065,0.0,0,17258.203519763778,15982.181130458035,3155.3041825053224,2379.746257845966,1905.6175748651003,19030.05306789666,0.0,0.0,0.0,19030.053067896664,0,0.0,7.389644451905042e-13,0.07955879194196314,1,0,0,0,1,0.0,0,oracle_season,42,oracle_season_seed_42,True
332,2025-11-29,11,2,37034.40364438506,37034.40364438506,0.0,0,17450.854237508,15668.299845824546,322.39915270160736,1905.6175748651003,1945.1133349461024,19889.485907773178,0.0,0.0,0.0,19889.48590777318,0,0.0,8.526512829121202e-13,0.07103216694667935,1,0,0,0,1,0.0,0,oracle_season,42,oracle_season_seed_42,True
333,2025-11-30,11,2,86226.59440766058,86226.59440766058,6.062833333333401,10,24450.455866991946,21830.718742150173,3368.091999485472,1945.1133349461024,2129.254384442353,54158.746127164515,0.0,0.0,28.398311333333652,54187.14443849785,0,0.0,9.094947017729282e-13,0.01464912504889071,1,0,0,0,1,0.0,0,oracle_season,42,oracle_season_seed_42,True
334,2025-12-01,12,2,86760.88963542756,86760.88963542756,3002.838829765101,120,25394.577453146827,23277.417524228727,1347.6408029412369,2129.254384442353,1684.1134008660897,54594.0185717086,0.0,0.0,14603.57100267659,69197.5895743852,0,0.0,9.094947017729282e-13,0.014445540960878134,1,0,0,0,1,0.0,0,oracle_season,42,oracle_season_seed_42,True
335,2025-12-02,12,2,85748.50026395211,85748.50026395211,5001.685899743232,210,24199.110269289195,22087.309394361022,0.5753387671657038,1684.1134008660897,1359.3367840184105,54120.72065695398,0.0,0.0,26041.514017594018,80162.23467454796,0,0.0,8.43769498715119e-13,0.015791542013175786,1,0,0,0,1,0.0,0,oracle_season,42,oracle_season_seed_42,True
336,2025-12-03,12,2,87952.81646649967,87952.81646649967,2002.8906860083569,140,24930.417836493412,22579.90769723003,442.4484465779876,1359.3367840184105,1209.0952390488178,55534.34634433942,0.0,0.0,10706.756765693024,66241.10311003242,0,0.0,8.881784197001252e-13,0.014963540947064757,1,0,0,0,1,0.0,0,oracle_season,42,oracle_season_seed_42,True
337,2025-12-04,12,2,86551.35791309964,86551.35791309964,4279.867899792911,180,24327.517829769044,21890.532902162886,1623.0321352863848,1209.0952390488178,1213.5573652799321,54423.226446002685,0.0,0.0,21159.188862884217,75582.4153088869,0,0.0,9.094947017729282e-13,0.016069750068709254,1,0,0,0,1,0.0,0,oracle_season,42,oracle_season_seed_42,True
338,2025-12-05,12,2,40039.969754895195,40039.969754895195,3188.71615777242,210,18153.46074341965,16350.97631508432,114.57380099894999,1213.5573652799321,1200.0,21168.48854163013,0.0,0.0,18490.87334932314,39659.36189095327,0,0.0,9.094947017729282e-13,0.06463287502992898,1,0,0,0,1,0.0,0,oracle_season,42,oracle_season_seed_42,True
339,2025-12-06,12,2,41258.75269428738,41258.75269428738,4278.313046730474,200,17392.932919529223,15520.49799517804,0.0,1200.0,1340.3436032571203,21566.595248336977,0.0,0.0,25995.237393170664,47561.832641507644,0,0.0,7.958078640513122e-13,0.038109041983261704,1,0,0,0,1,0.0,0,oracle_season,42,oracle_season_seed_42,True
340,2025-12-07,12,2,89138.40802914806,89138.40802914806,1930.4371634254348,120,25836.60354357434,23241.411811758662,820.9722107578239,1340.3436032571203,1352.4987423661817,56231.318150182466,0.0,0.0,9994.92723053695,66226.24538071941,0,0.0,9.094947017729282e-13,0.016350000048987567,1,0,0,0,1,0.0,0,oracle_season,42,oracle_season_seed_42,True
341,2025-12-08,12,2,95123.7429190165,95123.7429190165,0.0,0,25816.62170756955,22675.90937929688,4135.819474077165,1352.4987423661817,1941.7893503747027,60256.9290340175,0.0,0.0,0.0,60256.92903401751,0,0.0,9.094947017729282e-13,0.015501791960559785,1,0,0,0,1,0.0,0,oracle_season,42,oracle_season_seed_42,True
342,2025-12-09,12,2,95389.7703636754,95389.7703636754,35.298727823620425,20,24857.780831396853,22423.1914676381,5602.025461073608,1941.7893503747027,1887.831702457715,60818.46259666695,0.0,0.0,205.6529684640405,61024.115565130975,0,0.0,9.094947017729282e-13,0.01563195907510817,1,0,0,0,1,0.0,0,oracle_season,42,oracle_season_seed_42,True
343,2025-12-10,12,2,93655.92670329771,93655.92670329771,27.633105604458365,10,24724.279057009073,22396.363965161578,2968.026250388004,1887.831702457715,1735.5018215054747,59518.636868537964,0.0,0.0,129.43346665128297,59648.070335189244,0,0.0,9.094947017729282e-13,0.014641082962043583,1,0,0,0,1,0.0,0,oracle_season,42,oracle_season_seed_42,True
344,2025-12-11,12,2,95543.62731025078,95543.62731025078,4.304743277381249,10,24598.468238972997,21993.696272120204,6981.905386675367,1735.5018215054747,1888.266335493755,60703.77251214553,0.0,0.0,20.16341751125377,60723.935929656785,0,0.0,9.094947017729282e-13,0.0156294999178499,1,0,0,0,1,0.0,0,oracle_season,42,oracle_season_seed_42,True
345,2025-12-12,12,2,46584.91930181159,46584.91930181159,0.0,0,19800.7413002912,17745.170693933804,814.9352121208719,1888.266335493755,1967.8466089985282,24235.249305851707,0.0,0.0,0.0,24235.249305851707,0,0.0,9.094947017729282e-13,0.0540946249384433,1,0,0,0,1,0.0,0,oracle_season,42,oracle_season_seed_42,True
346,2025-12-13,12,2,50253.12365689507,50253.12365689507,0.0,0,19704.547667187577,17553.836959484157,4303.879565858313,1967.8466089985282,2157.8530540946713,26142.002514972515,0.0,0.0,0.0,26142.00251497252,0,0.0,7.993605777301127e-13,0.06208662502467632,1,0,0,0,1,0.0,0,oracle_season,42,oracle_season_seed_42,True
347,2025-12-14,12,2,96008.45665135368,96008.45665135368,0.0,0,24032.756421680384,21866.455282952527,5063.433712625826,2157.8530540946713,1908.059994675214,61476.37515134719,0.0,0.0,0.0,61476.37515134721,0,0.0,9.094947017729282e-13,0.015265624970197678,1,0,0,0,1,0.0,0,oracle_season,42,oracle_season_seed_42,True
348,2025-12-15,12,2,95125.84163722917,95125.84163722917,0.0,0,25098.913201677864,22699.25209309775,3256.62256198238,1908.059994675214,1791.8671494820978,60536.51381122949,0.0,0.0,0.0,60536.51381122948,0,0.0,9.082179452946093e-13,0.016017124988138676,1,0,0,0,1,0.0,0,oracle_season,42,oracle_season_seed_42,True
349,2025-12-16,12,2,96414.43584214723,96414.43584214723,0.0,0,24649.109364552052,22128.180707016305,4475.415851278147,1791.8671494820978,1850.9150121309451,61716.05325688645,0.0,0.0,0.0,61716.05325688649,0,0.0,9.094947017729282e-13,0.015488125034607947,1,0,0,0,1,0.0,0,oracle_season,42,oracle_season_seed_42,True
350,2025-12-17,12,2,95343.18428419114,95343.18428419114,0.0,0,24535.44772250562,22070.14345440232,4686.032949421164,1850.9150121309451,1863.3106091409293,60612.395745004884,0.0,0.0,0.0,60612.39574500489,0,0.0,8.846257060213247e-13,0.015663083060644567,1,0,0,0,1,0.0,0,oracle_season,42,oracle_season_seed_42,True
351,2025-12-18,12,2,93397.19871767427,93397.19871767427,86.85564931403931,10,25911.603408531893,23382.779790902387,3588.963782692132,1863.3106091409293,1797.6019333881372,59333.68549083939,0.0,0.0,427.2863668004164,59760.9718576398,0,0.0,9.094947017729282e-13,0.014217209070920944,1,0,0,0,1,0.0,0,oracle_season,42,oracle_season_seed_42,True
352,2025-12-19,12,2,47144.26038058679,47144.26038058679,0.0,0,19488.831639745527,17709.918103578057,2456.955544419319,1797.6019333881372,1618.4382144143233,24646.417334458703,0.0,0.0,0.0,24646.4173344587,0,0.0,9.094947017729282e-13,0.034719124902039766,1,0,0,0,1,0.0,0,oracle_season,42,oracle_season_seed_42,True
353,2025-12-20,12,2,49137.40420971871,49137.40420971871,0.0,0,20146.908729558803,17969.265425246536,4103.408655406442,1618.4382144143233,1790.205158863797,25661.009014271218,0.0,0.0,0.0,25661.009014271207,0,0.0,9.094947017729282e-13,0.03537408309057355,1,0,0,0,1,0.0,0,oracle_season,42,oracle_season_seed_42,True
354,2025-12-21,12,2,94880.1626320311,94880.1626320311,0.0,0,24563.94765555786,22040.630567306835,3319.063677113414,1790.205158863797,1860.7474808723716,60820.874195772194,0.0,0.0,0.0,60820.87419577218,0,0.0,8.526512829121202e-13,0.015349333989433944,1,0,0,0,1,0.0,0,oracle_season,42,oracle_season_seed_42,True
355,2025-12-22,12,2,95248.14633582963,95248.14633582963,38.745958611944054,20,25266.261755242882,23037.285796740445,4120.489252605815,1860.7474808723716,1546.996603594879,60544.113642235694,0.0,0.0,200.1355654512638,60744.24920768694,0,0.0,9.094947017729282e-13,0.016092333011329174,1,0,0,0,1,0.0,0,oracle_season,42,oracle_season_seed_42,True
356,2025-12-23,12,2,95461.5105568814,95461.5105568814,0.0,0,24247.132366961436,21422.3827167845,5378.668373371131,1546.996603594879,1968.6720081296007,60964.89490383885,0.0,0.0,0.0,60964.89490383886,0,0.0,9.094947017729282e-13,0.013869542046450078,1,0,0,0,1,0.0,0,oracle_season,42,oracle_season_seed_42,True
357,2025-12-24,12,2,93670.50634270733,93670.50634270733,24.76193189193623,10,25646.00489656158,23325.33418361542,3520.038244986447,1968.6720081296007,1711.5474469496266,59444.783776773715,0.0,0.0,143.8296813943116,59588.61345816806,0,0.0,9.094947017729282e-13,0.01554587495047599,1,0,0,0,1,0.0,0,oracle_season,42,oracle_season_seed_42,True
358,2025-12-25,12,2,94053.50926203925,94053.50926203925,45.58945937585236,20,24768.64210897522,22344.20776944337,3862.215848549925,1711.5474469496266,1656.281509967899,59816.54542077569,0.0,0.0,215.66481302442205,60032.21023380011,0,0.0,9.094947017729282e-13,0.014957666979171336,1,0,0,0,1,0.0,0,oracle_season,42,oracle_season_seed_42,True
359,2025-12-26,12,2,47963.56001189652,47963.56001189652,0.0,0,20715.641386122606,18039.833958138966,2280.130150579548,1656.281509967899,2293.2098617298147,24981.706438323985,0.0,0.0,0.0,24981.706438323978,0,0.0,9.023892744153272e-13,0.035256915958598256,1,0,0,0,1,0.0,0,oracle_season,42,oracle_season_seed_42,True
360,2025-12-27,12,2,48456.936022507856,48456.936022507856,0.0,0,19385.189423315307,17614.383718766832,3347.321251292716,2293.2098617298147,2116.4245866778556,25376.29105130229,0.0,0.0,0.0,25376.291051302287,0,0.0,9.094947017729282e-13,0.040322166052646935,1,0,0,0,1,0.0,0,oracle_season,42,oracle_season_seed_42,True
361,2025-12-28,12,2,94891.04123193814,94891.04123193814,44.3167187920335,20,23778.358214337306,21542.75148007236,5890.496466465227,2116.4245866778556,1966.501965017862,60583.062027300584,0.0,0.0,258.31646369725956,60841.37849099784,0,0.0,9.094947017729282e-13,0.014075916958972812,1,0,0,0,1,0.0,0,oracle_season,42,oracle_season_seed_42,True
362,2025-12-29,12,2,94008.60037619645,94008.60037619645,0.0,0,24641.90745008533,22311.348722775765,4154.275382220219,1966.501965017862,1825.6414502669832,59799.4430388988,0.0,0.0,0.0,59799.44303889882,0,0.0,8.917311333789257e-13,0.01496758300345391,1,0,0,0,1,0.0,0,oracle_season,42,oracle_season_seed_42,True
363,2025-12-30,12,2,93879.66465054495,93879.66465054495,76.55522339748853,20,24542.12895380136,22099.718180220927,5289.406500362006,1825.6414502669832,1813.2009215637129,59495.08527162312,0.0,0.0,398.1363774969035,59893.22164912004,0,0.0,9.094947017729282e-13,0.014638334047049284,1,0,0,0,1,0.0,0,oracle_season,42,oracle_season_seed_42,True
364,2025-12-31,12,2,92399.28730026004,92399.28730026004,20.709717718258503,20,25760.300377347085,23547.25606682628,1560.5297741241632,1813.2009215637129,1430.5803695208683,58769.244820370695,0.0,0.0,71.0536066660932,58840.29842703679,0,0.0,9.094947017729282e-13,0.015376167022623122,1,0,0,0,1,0.0,0,oracle_season,42,oracle_season_seed_42,True
31,2025-02-01,2,2,43860.276913834976,43860.276913834976,0.0,0,19129.64727166386,16190.936548396036,6543.3902572338175,1421.7991105135516,2503.0303266731344,22585.177770668313,0.0,0.0,0.0,22585.177770668313,0,0.0,9.023892744153272e-13,0.03261074994225055,1,0,0,0,1,0.0,0,oracle_season,2026,oracle_season_seed_2026,True
32,2025-02-02,2,2,87999.94290745024,87999.94290745024,0.0,0,22012.24715135104,20016.608393159793,7648.026199258992,2503.0303266731344,2286.3237003771656,55287.88251275682,0.0,0.0,0.0,55287.88251275684,0,0.0,8.810729923425242e-13,0.015325291082262993,1,0,0,0,1,0.0,0,oracle_season,2026,oracle_season_seed_2026,True
33,2025-02-03,2,2,86145.62700738138,86145.62700738138,0.0,0,22374.04011154057,20221.29139440116,3775.961790241968,2286.3237003771656,2197.089185351333,53898.79321662895,0.0,0.0,0.0,53898.793216628954,0,0.0,9.094947017729282e-13,0.01628766709472984,1,0,0,0,1,0.0,0,oracle_season,2026,oracle_season_seed_2026,True
34,2025-02-04,2,2,89007.50436021204,89007.50436021204,0.0,0,24438.32904216324,21850.69940544865,5225.0107734974345,2197.089185351333,2348.6642502794925,55617.86098254672,0.0,0.0,0.0,55617.860982546714,0,0.0,8.881784197001252e-13,0.014212791924364865,1,0,0,0,1,0.0,0,oracle_season,2026,oracle_season_seed_2026,True
35,2025-02-05,2,2,90336.84537490952,90336.84537490952,0.3777135975198007,10,22694.444730646483,20650.478212634735,7544.8295871619575,2348.6642502794925,2110.98961690475,56831.75898593104,0.0,0.0,1.7692104907827466,56833.528196421845,0,0.0,9.094947017729282e-13,0.015819250023923814,1,0,0,0,1,0.0,0,oracle_season,2026,oracle_season_seed_2026,True
36,2025-02-06,2,2,89184.72153901268,89184.72153901268,0.0,0,21974.4597032651,19706.68555279149,6645.890171872401,2110.98961690475,2185.122027891242,56021.50252276604,0.0,0.0,0.0,56021.50252276605,0,0.0,9.094947017729282e-13,0.014300832990556955,1,0,0,0,1,0.0,0,oracle_season,2026,oracle_season_seed_2026,True
37,2025-02-07,2,2,41940.112058729166,41940.112058729166,0.0,0,18234.36351448399,16621.542033423797,8521.610911002304,2185.122027891242,1963.114461381945,21628.210545570902,0.0,0.0,0.0,21628.210545570902,0,0.0,9.023892744153272e-13,0.03934120899066329,1,0,0,0,1,0.0,0,oracle_season,2026,oracle_season_seed_2026,True
38,2025-02-08,2,2,37047.40429282647,37047.40429282647,0.0,0,17834.685490955973,16165.524473114534,3801.0805583183674,1963.114461381945,1842.6237438906073,19154.46229443684,0.0,0.0,0.0,19154.46229443684,0,0.0,9.094947017729282e-13,0.056214833981357515,1,0,0,0,1,0.0,0,oracle_season,2026,oracle_season_seed_2026,True
39,2025-02-09,2,2,81522.00989679588,81522.00989679588,398.00030627437866,40,24678.916040991273,22666.250120782523,351.9283161948258,1842.6237438906073,1362.7737403901504,50516.77101765638,0.0,0.0,1748.051409348557,52264.822427004925,0,0.0,8.810729923425242e-13,0.02086700010113418,1,0,0,0,1,0.0,0,oracle_season,2026,oracle_season_seed_2026,True
40,2025-02-10,2,2,85172.75015632689,85172.75015632689,18.48452362216517,10,21550.43201216778,19289.34336224718,8603.508446695112,1362.7737403901504,1474.5554581897031,52726.39265406359,0.0,0.0,84.09534021904044,52810.48799428262,0,0.0,9.094947017729282e-13,0.015469250036403537,1,0,0,0,1,0.0,0,oracle_season,2026,oracle_season_seed_2026,True
41,2025-02-11,2,2,80113.95198275856,80113.95198275856,361.83753420924614,90,24093.143089069727,21597.03036179417,2759.079656358917,1474.5554581897031,1566.049024638013,49215.80564923607,0.0,0.0,1792.1407393734978,51007.94638860958,0,0.0,9.094947017729282e-13,0.016307958052493632,1,0,0,0,1,0.0,0,oracle_season,2026,oracle_season_seed_2026,True
42,2025-02-12,2,2,81820.94482337547,81820.94482337547,0.0,0,22144.98929622991,19919.696647247078,4328.916041059289,1566.049024638013,1577.4266038386022,50629.6572080029,0.0,0.0,0.0,50629.6572080029,0,0.0,9.094947017729282e-13,0.016086542047560215,1,0,0,0,1,0.0,0,oracle_season,2026,oracle_season_seed_2026,True
43,2025-02-13,2,2,81223.9934181634,81223.9934181634,39.1304437048143,30,21266.83649018739,19164.284687334555,7831.093042348715,1577.4266038386022,1551.989404495579,50146.17988485052,0.0,0.0,211.00420749212572,50357.184092342664,0,0.0,8.686384944667225e-13,0.01640854193829,1,0,0,0,1,0.0,0,oracle_season,2026,oracle_season_seed_2026,True
44,2025-02-14,2,2,35136.67573575931,35136.67573575931,0.0,0,17712.98461818987,15853.267146771057,3475.156447673833,1551.989404495579,1645.1912240928195,18141.507355008165,0.0,0.0,0.0,18141.507355008165,0,0.0,8.952838470577262e-13,0.06458629097323865,1,0,0,0,1,0.0,0,oracle_season,2026,oracle_season_seed_2026,True
45,2025-02-15,2,2,34829.735628316106,34829.735628316106,0.0,0,17187.943196538847,15725.076321636374,4086.7776534136315,1645.1912240928195,1375.4200103723635,18073.867326477524,0.0,0.0,0.0,18073.867326477528,0,0.0,7.993605777301127e-13,0.05303370801266283,1,0,0,0,1,0.0,0,oracle_season,2026,oracle_season_seed_2026,True
46,2025-02-16,2,2,78963.31108399274,78963.31108399274,201.59513871443477,50,22892.732616635916,20610.329586025,1505.1240920962687,1375.4200103723635,1368.178150979668,48527.08157021978,0.0,0.0,1273.0695705120024,49800.151140731774,0,0.0,9.094947017729282e-13,0.02044316695537418,1,0,0,0,1,0.0,0,oracle_season,2026,oracle_season_seed_2026,True
47,2025-02-17,2,2,79873.30772106731,79873.30772106731,100.18213566487077,30,20901.788215366007,18733.43586373085,6621.274338430343,1368.178150979668,1450.580286928718,48861.35387367747,0.0,0.0,670.058875820332,49531.41274949779,0,0.0,9.094947017729282e-13,0.0206256250385195,1,0,0,0,1,0.0,0,oracle_season,2026,oracle_season_seed_2026,True
48,2025-02-18,2,2,77208.12386038026,77208.12386038026,34.20666666666659,10,22608.47094425557,20122.70629304377,2665.1780925017997,1450.580286928718,1687.6642086636393,47213.18421984056,0.0,0.0,155.62322999999967,47368.80744984053,0,0.0,9.094947017729282e-13,0.01664933399297297,1,0,0,0,1,0.0,0,oracle_season,2026,oracle_season_seed_2026,True
49,2025-02-19,2,2,77917.97635105217,77917.97635105217,64.20438158062348,20,23226.88358264939,21266.15143907937,3142.1212057294524,1687.6642086636393,1306.1288581006836,47875.901677987764,0.0,0.0,285.56945484503,48161.47113283278,0,0.0,9.094947017729282e-13,0.02173412509728223,1,0,0,0,1,0.0,0,oracle_season,2026,oracle_season_seed_2026,True
50,2025-02-20,2,2,77538.3543292709,77538.3543292709,111.89713061725513,60,22116.224549521034,19852.101276401132,4392.994453434927,1306.1288581006836,1361.469579578222,47536.23504861451,0.0,0.0,614.600831640659,48150.83588025515,0,0.0,9.094947017729282e-13,0.025357124977745116,1,0,0,0,1,0.0,0,oracle_season,2026,oracle_season_seed_2026,True
51,2025-02-21,2,2,34503.79249796439,34503.79249796439,0.0,0,17195.045430738337,15167.19397734307,6915.679011235783,1361.469579578222,1686.4957616086897,17733.798577044145,0.0,0.0,0.0,17733.79857704414,0,0.0,9.094947017729282e-13,0.07441079197451472,1,0,0,0,1,0.0,0,oracle_season,2026,oracle_season_seed_2026,True
52,2025-02-22,2,2,33819.164727977564,33819.164727977564,0.0,0,16952.46874997416,15259.54639379288,4281.479488462948,1686.4957616086897,1684.0455036343837,17425.31028006173,0.0,0.0,0.0,17425.310280061727,0,0.0,9.094947017729282e-13,0.07548250001855195,1,0,0,0,1,0.0,0,oracle_season,2026,oracle_season_seed_2026,True
53,2025-02-23,2,2,77151.20877490715,77151.20877490715,10.061381670378069,10,22071.30905068275,20217.749286931103,3775.8567094925534,1684.0455036343837,1311.3487964791068,47366.6349971319,0.0,0.0,47.127511744050864,47413.76250887592,0,0.0,9.094947017729282e-13,0.01728691696189344,1,0,0,0,1,0.0,0,oracle_season,2026,oracle_season_seed_2026,True
54,2025-02-24,2,2,75868.47244034454,75868.47244034454,373.8485207556913,50,21499.790201308082,19260.529805497907,5800.0269486234,1311.3487964791068,1405.4596297390992,46002.82670081869,0.0,0.0,2352.886239691244,48355.71294050994,0,0.0,9.094947017729282e-13,0.016517958021722734,1,0,0,0,1,0.0,0,oracle_season,2026,oracle_season_seed_2026,True
55,2025-02-25,2,2,74406.56505091488,74406.56505091488,53.45315178606313,30,20301.208659636017,18334.257004614847,6671.743314346447,1405.4596297390992,1338.8734348811984,45253.1303317174,0.0,0.0,237.03560414804292,45490.16593586546,0,0.0,9.094947017729282e-13,0.016383207985199988,1,0,0,0,1,0.0,0,oracle_season,2026,oracle_season_seed_2026,True
56,2025-02-26,2,2,72831.17708126141,72831.17708126141,0.0,0,22521.144840525787,19816.885243979,1312.0694513812923,1338.8734348811984,1815.4762310127865,44213.48031047055,0.0,0.0,0.0,44213.480310470564,0,0.0,8.988365607365267e-13,0.034928541048429906,1,0,0,0,1,0.0,0,oracle_season,2026,oracle_season_seed_2026,True
57,2025-02-27,2,2,73538.85958797476,73538.85958797476,464.92661069440186,60,22034.14676160496,20089.27351953996,5102.328756604164,1815.4762310127865,1542.9496305900977,44811.77509012521,0.0,0.0,2483.9513656320523,47295.72645575726,0,0.0,8.917311333789257e-13,0.021093999966979027,1,0,0,0,1,0.0,0,oracle_season,2026,oracle_season_seed_2026,True
58,2025-02-28,2,2,33366.450158690095,33366.450158690095,0.0,0,16625.94627067882,14820.918560840979,8268.828898852247,1542.9496305900977,1693.0872824942194,17009.30941768576,0.0,0.0,0.0,17009.309417685763,0,0.0,9.094947017729282e-13,0.07918541692197323,1,0,0,0,1,0.0,0,oracle_season,2026,oracle_season_seed_2026,True
59,2025-03-01,3,2,33777.53122022678,33777.53122022678,0.0,0,15748.979803220976,13972.919754187711,8342.705237860182,1693.0872824942194,1905.130721147081,17368.513825257298,0.0,0.0,0.0,17368.513825257294,0,0.0,7.958078640513122e-13,0.07445462502073497,1,0,0,0,1,0.0,0,oracle_season,2026,oracle_season_seed_2026,True
60,2025-03-02,3,2,77318.34829827349,77318.34829827349,1426.995839068087,60,18865.930332910182,17415.485054503184,4936.59179226791,1905.130721147081,1445.3906205463038,47868.19637890263,0.0,0.0,9650.54879004376,57518.745168946414,0,0.0,9.094947017729282e-13,0.023280708002857864,1,0,0,0,1,0.0,0,oracle_season,2026,oracle_season_seed_2026,True
61,2025-03-03,3,2,80244.82025392621,80244.82025392621,0.0,0,22967.184334391346,20720.783285955047,5981.272572156575,1445.3906205463038,1392.3514397087833,49142.8576633813,0.0,0.0,0.0,49142.85766338129,0,0.0,8.526512829121202e-13,0.016444917069748044,1,0,0,0,1,0.0,0,oracle_season,2026,oracle_season_seed_2026,True
62,2025-03-04,3,2,80848.74085543558,80848.74085543558,0.0,0,19840.67513630999,17569.607231945327,9378.215017737584,1392.3514397087833,1694.8764144010045,49972.156431717056,0.0,0.0,0.0,49972.15643171707,0,0.0,9.094947017729282e-13,0.023556791013106704,1,0,0,0,1,0.0,0,oracle_season,2026,oracle_season_seed_2026,True
63,2025-03-05,3,2,77735.27506943893,77735.27506943893,0.0,0,18403.70035766912,16604.455911454475,9805.558606557614,1694.8764144010045,1651.5262367002151,47895.015901907864,0.0,0.0,0.0,47895.01590190787,0,0.0,8.739675649849232e-13,0.021592709003016353,1,0,0,0,1,0.0,0,oracle_season,2026,oracle_season_seed_2026,True
64,2025-03-06,3,2,74026.2416319584,74026.2416319584,57.35872652926821,40,20087.246466920275,18429.24453238892,6484.944290622971,1651.5262367002151,1281.8320375070937,45185.874564835336,0.0,0.0,335.5033166619997,45521.37788149735,0,0.0,8.952838470577262e-13,0.017198750050738454,1,0,0,0,1,0.0,0,oracle_season,2026,oracle_season_seed_2026,True
65,2025-03-07,3,2,33341.93405917625,33341.93405917625,0.0,0,15474.684923862793,13221.251689897861,10166.21529187799,1281.8320375070937,2025.9842145606647,17173.577513835527,0.0,0.0,0.0,17173.57751383553,0,0.0,9.094947017729282e-13,0.0597349579911679,1,0,0,0,1,0.0,0,oracle_season,2026,oracle_season_seed_2026,True
66,2025-03-08,3,2,31017.545525965645,31017.545525965645,0.0,0,14979.889895491971,13568.572877814571,10543.08899162158,2025.9842145606647,1934.6239344230278,16159.056640853181,0.0,0.0,0.0,16159.056640853185,0,0.0,7.389644451905042e-13,0.06345333298668265,1,0,0,0,1,0.0,0,oracle_season,2026,oracle_season_seed_2026,True
67,2025-03-09,3,2,69614.81592858047,69614.81592858047,0.0,0,21099.141400704262,19283.204082888376,4465.353560764582,1934.6239344230278,1624.745155215424,42316.573150843884,0.0,0.0,0.0,42316.57315084388,0,0.0,8.704148513061227e-13,0.03467104095034301,1,0,0,0,1,0.0,0,oracle_season,2026,oracle_season_seed_2026,True
68,2025-03-10,3,2,68471.88698617433,68471.88698617433,1597.8838177992366,30,20653.465650966984,18739.35849434921,113.59219735579813,1624.745155215424,1465.3248209587555,41471.41348330533,0.0,0.0,10937.465178888218,52408.87866219356,0,0.0,9.094947017729282e-13,0.03907045896630734,1,0,0,0,1,0.0,0,oracle_season,2026,oracle_season_seed_2026,True
69,2025-03-11,3,2,74005.99961616933,74005.99961616933,0.0,0,19418.517522261554,17047.792093077896,7696.3553869856705,1465.3248209587555,1917.39737018442,44668.472532233434,0.0,0.0,0.0,44668.47253223343,0,0.0,9.094947017729282e-13,0.021849666023626924,1,0,0,0,1,0.0,0,oracle_season,2026,oracle_season_seed_2026,True
70,2025-03-12,3,2,70344.7000391066,70344.7000391066,0.0,0,20460.08174335907,18735.673618816472,6184.757231230666,1917.39737018442,1578.4011525276144,42635.15364361814,0.0,0.0,0.0,42635.15364361812,0,0.0,9.059419880941277e-13,0.02069679193664342,1,0,0,0,1,0.0,0,oracle_season,2026,oracle_season_seed_2026,True
71,2025-03-13,3,2,67440.98752423981,67440.98752423981,2596.466216270044,90,20318.94701031394,18367.196397369382,540.0851108986403,1578.4011525276144,1493.921866077095,40667.5520810356,0.0,0.0,16243.999069756588,56911.5511507922,0,0.0,9.094947017729282e-13,0.04635662504006177,1,0,0,0,1,0.0,0,oracle_season,2026,oracle_season_seed_2026,True
72,2025-03-14,3,2,30437.513009364153,30437.513009364153,0.0,0,15207.29283596471,13138.31893073385,12339.11312079996,1493.921866077095,2071.8224391777276,15736.66667024331,0.0,0.0,0.0,15736.666670243312,0,0.0,6.821210263296962e-13,0.07673691702075303,1,0,0,0,1,0.0,0,oracle_season,2026,oracle_season_seed_2026,True
73,2025-03-15,3,2,30214.356301682812,30214.356301682812,0.0,0,14272.672023269419,13466.030424145738,8483.58955255913,2071.8224391777276,1417.6256123983283,15565.447812396344,0.0,0.0,0.0,15565.447812396344,0,0.0,9.094947017729282e-13,0.05078541697002947,1,0,0,0,1,0.0,0,oracle_season,2026,oracle_season_seed_2026,True
74,2025-03-16,3,2,71701.8546502092,71701.8546502092,1.6399999999999864,10,20175.43630859428,18018.636264598303,6195.6476728798925,1417.6256123983283,1564.4147604972886,43126.64600639931,0.0,0.0,7.461179999999938,43134.10718639931,0,0.0,9.094947017729282e-13,0.03205029189120978,1,0,0,0,1,0.0,0,oracle_season,2026,oracle_season_seed_2026,True
75,2025-03-17,3,2,68677.60544369633,68677.60544369633,0.0,0,19311.60990570859,17060.97515070504,8568.839255359453,1564.4147604972886,1901.1696765890854,41336.441227487005,0.0,0.0,0.0,41336.44122748701,0,0.0,8.526512829121202e-13,0.019327082904055715,1,0,0,0,1,0.0,0,oracle_season,2026,oracle_season_seed_2026,True
76,2025-03-18,3,2,63233.27111097666,63233.27111097666,1151.3461358645714,80,21014.638586569345,19086.230503992254,1330.2507975974631,1901.1696765890854,1718.7528717022933,38058.44557731706,0.0,0.0,5812.4508417254065,43870.89641904249,0,0.0,8.810729923425242e-13,0.0409642499871552,1,0,0,0,1,0.0,0,oracle_season,2026,oracle_season_seed_2026,True
77,2025-03-19,3,2,67911.63261069302,67911.63261069302,0.0,0,20836.97132935466,18234.3617381336,5843.55256947196,1718.7528717022933,2265.734629842155,41023.89398877815,0.0,0.0,0.0,41023.893988778145,0,0.0,9.078293672359905e-13,0.05530787503812462,1,0,0,0,1,0.0,0,oracle_season,2026,oracle_season_seed_2026,True
78,2025-03-20,3,2,65351.380438625754,65351.380438625754,101.92791562208367,10,20278.623674455353,18807.647231140683,1773.370094266506,2265.734629842155,1678.7253241283981,39678.43385434897,0.0,0.0,711.0491393796558,40389.48299372864,0,0.0,8.739675649849232e-13,0.03788616694509983,1,0,0,0,1,0.0,0,oracle_season,2026,oracle_season_seed_2026,True
79,2025-03-21,3,2,30264.181781186373,30264.181781186373,0.0,0,14503.779947209998,12963.637505775561,16690.574823085273,1678.7253241283981,1773.3453589681512,15680.97793511939,0.0,0.0,0.0,15680.977935119392,0,0.0,7.389644451905042e-13,0.05826016701757908,1,0,0,0,1,0.0,0,oracle_season,2026,oracle_season_seed_2026,True
80,2025-03-22,3,2,30133.553359821963,30133.553359821963,0.0,0,14491.93125711789,12387.622650141759,12148.045019512498,1773.3453589681512,2463.8977093790472,15460.112240611872,0.0,0.0,0.0,15460.112240611874,0,0.0,8.704148513061227e-13,0.05019562505185604,1,0,0,0,1,0.0,0,oracle_season,2026,oracle_season_seed_2026,True
81,2025-03-23,3,2,66650.35439107241,66650.35439107241,3.4510425243049667,10,19729.72752887563,18588.225670717802,6742.583458772218,2463.8977093790472,1587.4504308843575,40093.79891802833,0.0,0.0,24.07447264955145,40117.873390677865,0,0.0,8.775202786637237e-13,0.05852054199203849,1,0,0,0,1,0.0,0,oracle_season,2026,oracle_season_seed_2026,True
82,2025-03-24,3,2,64278.20106378556,64278.20106378556,246.39454579429758,10,20836.979121730426,19065.37329225569,4754.492696771778,1587.4504308843575,1258.4764905402708,38377.770318545816,0.0,0.0,1718.84835146102,40096.61867000682,0,0.0,9.07718344933528e-13,0.03289141692221165,1,0,0,0,1,0.0,0,oracle_season,2026,oracle_season_seed_2026,True
83,2025-03-25,3,2,64473.929426035735,64473.929426035735,0.0,0,22157.22044062747,19598.772908167943,965.3571769095348,1258.4764905402708,1619.7408757160824,38706.98230544814,0.0,0.0,0.0,38706.98230544814,0,0.0,8.526512829121202e-13,0.0730773750692606,1,0,0,0,1,0.0,0,oracle_season,2026,oracle_season_seed_2026,True
84,2025-03-26,3,2,66582.60746276195,66582.60746276195,0.0,0,20045.640346385513,17913.664495098827,8858.076744808595,1619.7408757160824,1754.0447228587107,39855.044822307405,0.0,0.0,0.0,39855.044822307405,0,0.0,8.668621376273222e-13,0.03315633407328278,1,0,0,0,1,0.0,0,oracle_season,2026,oracle_season_seed_2026,True
85,2025-03-27,3,2,61402.82695747937,61402.82695747937,0.0,0,20342.708761053676,18639.333553400462,982.4623498261618,1754.0447228587107,1405.2500627944648,36966.37377321277,0.0,0.0,0.0,36966.37377321277,0,0.0,8.988365607365267e-13,0.05538479203823954,1,0,0,0,1,0.0,0,oracle_season,2026,oracle_season_seed_2026,True
86,2025-03-28,3,2,30332.27823797264,30332.27823797264,0.0,0,14678.84932949053,12326.653056044512,17158.20119785996,1405.2500627944648,2337.396061690167,15530.902840310326,0.0,0.0,0.0,15530.902840310326,0,0.0,8.526512829121202e-13,0.0490891661029309,1,0,0,0,1,0.0,0,oracle_season,2026,oracle_season_seed_2026,True
87,2025-03-29,3,2,28851.136448049438,28851.136448049438,0.0,0,13215.418074857753,12217.800963482034,20146.31015334039,2337.396061690167,1995.9494516616123,14630.970287406924,0.0,0.0,0.0,14630.970287406924,0,0.0,8.952838470577262e-13,0.04911058291327208,1,0,0,0,1,0.0,0,oracle_season,2026,oracle_season_seed_2026,True
88,2025-03-30,3,2,58935.1910692798,58935.1910692798,0.0,0,20317.86487863798,18405.433714687475,1677.1402053292907,1995.9494516616123,1870.1378935172281,35694.64352825139,0.0,0.0,0.0,35694.643528251414,0,0.0,9.094947017729282e-13,0.04328020801767707,1,0,0,0,1,0.0,0,oracle_season,2026,oracle_season_seed_2026,True
89,2025-03-31,3,2,60459.89736359686,60459.89736359686,0.0,0,19526.119126811853,17623.573479802206,1605.9622332538702,1870.1378935172281,1817.3634156968458,36178.05333387125,0.0,0.0,0.0,36178.053333871256,0,0.0,8.881784197001252e-13,0.04531729209702462,1,0,0,0,1,0.0,0,oracle_season,2026,oracle_season_seed_2026,True
90,2025-04-01,4,2,65318.894348788264,65318.894348788264,0.0,0,20045.110524315834,17757.820738431106,2822.753046236865,1817.3634156968458,2115.4383728867037,38997.13076558532,0.0,0.0,0.0,38997.13076558533,0,0.0,7.958078640513122e-13,0.05205737496726215,1,0,0,0,1,0.0,0,oracle_season,2026,oracle_season_seed_2026,True
91,2025-04-02,4,2,66299.9832666808,66299.9832666808,1204.2061887150683,90,20579.585276108402,18689.216324979287,5178.485104266763,2115.4383728867037,1938.7834482916196,39287.100568458925,0.0,0.0,5923.50769853572,45210.60826699463,0,0.0,8.739675649849232e-13,0.0442264589946717,1,0,0,0,1,0.0,0,oracle_season,2026,oracle_season_seed_2026,True
92,2025-04-03,4,2,67281.95608342608,67281.95608342608,127.35900018071163,10,18835.39066463318,17221.62364102085,9932.017793327783,1938.7834482916196,1654.4187468097425,40060.87419681412,0.0,0.0,888.4563852606443,40949.33058207476,0,0.0,9.023892744153272e-13,0.03343920793849975,1,0,0,0,1,0.0,0,oracle_season,2026,oracle_season_seed_2026,True
93,2025-04-04,4,2,29160.162747701546,29160.162747701546,0.0,0,13823.149580850502,11822.074370721803,20728.285287572842,1654.4187468097425,2306.649320822334,14796.650531336238,0.0,0.0,0.0,14796.650531336241,0,0.0,7.389644451905042e-13,0.0771932079223916,1,0,0,0,1,0.0,0,oracle_season,2026,oracle_season_seed_2026,True
94,2025-04-05,4,2,27869.947279300464,27869.947279300464,0.0,0,12703.606821146308,11819.118919754652,14941.344394575473,2306.649320822334,1899.903696106556,14082.086180577691,0.0,0.0,0.0,14082.086180577691,0,0.0,7.389644451905042e-13,0.05126287508755922,1,0,0,0,1,0.0,0,oracle_season,2026,oracle_season_seed_2026,True
95,2025-04-06,4,2,64740.24256416432,64740.24256416432,0.0,0,19482.500191420368,17482.187192039743,8329.853298117021,1899.903696106556,1954.7828958833145,38539.43415112483,0.0,0.0,0.0,38539.43415112482,0,0.0,8.917311333789257e-13,0.04261908307671547,1,0,0,0,1,0.0,0,oracle_season,2026,oracle_season_seed_2026,True
96,2025-04-07,4,2,62045.57871292698,62045.57871292698,0.0,0,19258.767641734954,17354.402319646797,6898.494107505492,1954.7828958833145,1932.1078449684953,36920.03809732717,0.0,0.0,0.0,36920.038097327175,0,0.0,9.094947017729282e-13,0.0679651660611853,1,0,0,0,1,0.0,0,oracle_season,2026,oracle_season_seed_2026,True
97,2025-04-08,4,2,62306.152510940876,62306.152510940876,296.6547887150683,50,20482.122153432952,18697.154277932175,6464.645807488498,1932.1078449684953,1654.6239466185714,37098.48950809267,0.0,0.0,1503.2589461190537,38601.748454211745,0,0.0,8.952838470577262e-13,0.06486791605129838,1,0,0,0,1,0.0,0,oracle_season,2026,oracle_season_seed_2026,True
98,2025-04-09,4,2,63225.58637443741,63225.58637443741,0.0,0,19878.18450623327,17581.697765600424,1794.7886171378898,1654.6239466185714,1979.9888925850696,37859.370617429464,0.0,0.0,0.0,37859.370617429464,0,0.0,8.988365607365267e-13,0.03574033291079104,1,0,0,0,1,0.0,0,oracle_season,2026,oracle_season_seed_2026,True
99,2025-04-10,4,2,66564.94713267365,66564.94713267365,0.0,0,19368.892065324126,17594.014763248197,10329.431930597719,1979.9888925850696,1809.2133505370462,39374.438078467654,0.0,0.0,0.0,39374.43807846766,0,0.0,9.094947017729282e-13,0.03419029200449586,1,0,0,0,1,0.0,0,oracle_season,2026,oracle_season_seed_2026,True
100,2025-04-11,4,2,28661.27444055886,28661.27444055886,0.0,0,13197.751311305092,11537.61410806641,21684.48707065351,1809.2133505370462,2167.9864762024745,14637.431066930743,0.0,0.0,0.0,14637.43106693074,0,0.0,9.094947017729282e-13,0.0455013329628855,1,0,0,0,1,0.0,0,oracle_season,2026,oracle_season_seed_2026,True
101,2025-04-12,4,2,27587.09385191348,27587.09385191348,0.0,0,12338.785014735193,10950.475282018597,17173.623569196883,2167.9864762024745,2330.7712870665673,13933.832554060617,0.0,0.0,0.0,13933.832554060617,0,0.0,7.958078640513122e-13,0.05030366696882993,1,0,0,0,1,0.0,0,oracle_season,2026,oracle_season_seed_2026,True
102,2025-04-13,4,2,61886.85592182776,61886.85592182776,0.0,0,19686.66143883423,17905.457761482685,5829.293761142881,2330.7712870665673,2133.1684970552924,36749.93473120056,0.0,0.0,0.0,36749.93473120056,0,0.0,8.686384944667225e-13,0.03069616702850908,1,0,0,0,1,0.0,0,oracle_season,2026,oracle_season_seed_2026,True
103,2025-04-14,4,2,61796.210262259716,61796.210262259716,0.0,0,19350.422745665895,17416.491806529317,7334.247523123128,2133.1684970552924,2131.9970466542,36568.68170310957,0.0,0.0,0.0,36568.68170310956,0,0.0,8.952838470577262e-13,0.03288195899222046,1,0,0,0,1,0.0,0,oracle_season,2026,oracle_season_seed_2026,True
104,2025-04-15,4,2,60491.92801595331,60491.92801595331,0.0,0,18793.59936448751,16702.83617901992,8261.735997152384,2131.9970466542,2354.835637207296,35854.26758774397,0.0,0.0,0.0,35854.26758774396,0,0.0,8.810729923425242e-13,0.03417870809789747,1,0,0,0,1,0.0,0,oracle_season,2026,oracle_season_seed_2026,True
105,2025-04-16,4,2,59400.73598375856,59400.73598375856,0.0,0,19209.35625920774,17448.383960335945,1860.1717348867628,2354.835637207296,2186.2194853495575,35572.95967329244,0.0,0.0,0.0,35572.95967329243,0,0.0,8.681944052568724e-13,0.038049208000302315,1,0,0,0,1,0.0,0,oracle_season,2026,oracle_season_seed_2026,True
106,2025-04-17,4,2,62913.215832450995,62913.215832450995,0.0,0,18728.081653426136,16849.797033139806,8166.588862164663,2186.2194853495575,2191.9921757246984,37165.93378975131,0.0,0.0,0.0,37165.9337897513,0,0.0,8.757439218243235e-13,0.0357099580578506,1,0,0,0,1,0.0,0,oracle_season,2026,oracle_season_seed_2026,True
107,2025-04-18,4,2,28039.77768243007,28039.77768243007,0.0,0,12880.65794640667,10915.530091930788,19720.532644620853,2191.9921757246984,2905.6782511795336,14252.274297045295,0.0,0.0,0.0,14252.274297045296,0,0.0,9.094947017729282e-13,0.05345462495461106,1,0,0,0,1,0.0,0,oracle_season,2026,oracle_season_seed_2026,True
108,2025-04-19,4,2,26053.362589220484,26053.362589220484,0.0,0,11784.10867581171,10997.404229106562,18481.978892515333,2905.6782511795336,2492.7834298192824,13114.72625315035,0.0,0.0,0.0,13114.72625315035,0,0.0,8.526512829121202e-13,0.0504883750109002,1,0,0,0,1,0.0,0,oracle_season,2026,oracle_season_seed_2026,True
109,2025-04-20,4,2,60445.82014836068,60445.82014836068,0.0,0,19112.100196809668,17281.65731972728,6657.63238794497,2492.7834298192824,2407.647386247572,35918.44595870649,0.0,0.0,0.0,35918.445958706485,0,0.0,9.086065233532281e-13,0.04208008397836238,1,0,0,0,1,0.0,0,oracle_season,2026,oracle_season_seed_2026,True
110,2025-04-21,4,2,60856.89116042591,60856.89116042591,0.0,0,17711.45347226077,16200.38067422311,10828.907979054915,2407.647386247572,2133.5068488070474,36269.970287672724,0.0,0.0,0.0,36269.97028767272,0,0.0,8.952838470577262e-13,0.03463162493426353,1,0,0,0,1,0.0,0,oracle_season,2026,oracle_season_seed_2026,True
111,2025-04-22,4,2,56092.98992133935,56092.98992133935,0.0,0,18791.432085680462,16883.95116203554,2032.5796810277639,2133.5068488070474,2163.3774232496544,33662.112084360306,0.0,0.0,0.0,33662.11208436031,0,0.0,9.094947017729282e-13,0.03678533306811005,1,0,0,0,1,0.0,0,oracle_season,2026,oracle_season_seed_2026,True
112,2025-04-23,4,2,61032.94405982416,61032.94405982416,0.0,0,18545.088500981827,16264.889838449402,7352.828680625071,2163.3774232496544,2612.0938845903456,36016.68482098345,0.0,0.0,0.0,36016.68482098344,0,0.0,7.958078640513122e-13,0.044234792003408074,1,0,0,0,1,0.0,0,oracle_season,2026,oracle_season_seed_2026,True
113,2025-04-24,4,2,58750.35975634296,58750.35975634296,0.0,0,17471.74858477189,16160.790146029605,10349.294617600674,2612.0938845903456,2152.2814048815685,34755.48726623884,0.0,0.0,0.0,34755.48726623885,0,0.0,8.633094239485217e-13,0.04513450001832098,1,0,0,0,1,0.0,0,oracle_season,2026,oracle_season_seed_2026,True
114,2025-04-25,4,2,26543.243492764705,26543.243492764705,0.0,0,11833.551299663366,10484.298604837155,23193.633147938497,2152.2814048815685,2327.1527926258045,13184.926789236182,0.0,0.0,0.0,13184.926789236179,0,0.0,7.958078640513122e-13,0.04428387503139675,1,0,0,0,1,0.0,0,oracle_season,2026,oracle_season_seed_2026,True
115,2025-04-26,4,2,25909.24846193466,25909.24846193466,0.0,0,11765.930263731274,10743.880838110772,24817.005402980823,2327.1527926258045,2164.249533898471,12711.485116739828,0.0,0.0,0.0,12711.48511673983,0,0.0,9.094947017729282e-13,0.047337334020994604,1,0,0,0,1,0.0,0,oracle_season,2026,oracle_season_seed_2026,True
116,2025-04-27,4,2,55092.179452221695,55092.179452221695,0.0,0,18861.85185157832,17018.627831721784,4675.484249031822,2164.249533898471,2118.9644894694407,33144.907183159376,0.0,0.0,0.0,33144.907183159376,0,0.0,9.094947017729282e-13,0.059296042076312006,1,0,0,0,1,0.0,0,oracle_season,2026,oracle_season_seed_2026,True
117,2025-04-28,4,2,58996.39232066099,58996.39232066099,420.9717532367562,20,18489.596053737776,16803.938101890264,1109.738805383571,2118.9644894694407,1946.8294325312108,35318.006941841835,0.0,0.0,2911.7588665901367,38229.76580843198,0,0.0,8.952838470577262e-13,0.03533091698773205,1,0,0,0,1,0.0,0,oracle_season,2026,oracle_season_seed_2026,True
118,2025-04-29,4,2,65196.65475596597,65196.65475596597,0.0,0,17373.127208516387,15011.173548817933,15401.487379600852,1946.8294325312108,2605.2587947118386,38244.61673866701,0.0,0.0,0.0,38244.616738667,0,0.0,9.094947017729282e-13,0.04827475000638515,1,0,0,0,1,0.0,0,oracle_season,2026,oracle_season_seed_2026,True
119,2025-04-30,4,2,57132.54254825077,57132.54254825077,0.0,0,17038.345215057092,15658.29670539897,7495.639605259319,2605.2587947118386,2263.9583707316265,34434.98459023564,0.0,0.0,0.0,34434.98459023565,0,0.0,9.094947017729282e-13,0.04313174996059388,1,0,0,0,1,0.0,0,oracle_season,2026,oracle_season_seed_2026,True
120,2025-05-01,5,2,55938.209204515944,55938.209204515944,2218.3351074890343,170,18050.683077470476,17223.27584400497,6317.758278539467,2263.9583707316265,1233.413112592709,33169.28329784029,0.0,0.0,12417.37125655866,45586.65455439895,0,0.0,8.952838470577262e-13,0.05221375008113682,1,0,0,0,1,0.0,0,oracle_season,2026,oracle_season_seed_2026,True
121,2025-05-02,5,2,27530.40586150676,27530.40586150676,1234.1987306388924,120,13004.302156952914,11735.570403110209,13205.552754969609,1233.413112592709,1200.0,13764.409393379006,0.0,0.0,6005.645179732376,19770.05457311138,0,0.0,8.526512829121202e-13,0.05625495803542435,1,0,0,0,1,0.0,0,oracle_season,2026,oracle_season_seed_2026,True
122,2025-05-03,5,2,28075.986062906202,28075.986062906202,886.1587254116289,100,12746.412476687643,11442.962501523023,18791.523163153215,1200.0,1230.3670651260063,14066.871383878839,0.0,0.0,4368.434576662277,18435.30596054112,0,0.0,9.094947017729282e-13,0.051540082902647555,1,0,0,0,1,0.0,0,oracle_season,2026,oracle_season_seed_2026,True
123,2025-05-04,5,2,60101.598625631595,60101.598625631595,1384.7713595548241,160,17273.664940083763,15527.424160023751,8005.461871793077,1230.3670651260063,1250.2623095035653,35574.56654623316,0.0,0.0,7544.843104333893,43119.40965056706,0,0.0,9.094947017729282e-13,0.05023325001820922,1,0,0,0,1,0.0,0,oracle_season,2026,oracle_season_seed_2026,True
124,2025-05-05,5,2,59449.958010971095,59449.958010971095,1383.507270600214,150,20091.190508648175,18105.31693393027,3771.584906853405,1250.2623095035653,1225.7594261971115,34921.677024281154,0.0,0.0,8169.262478135083,43090.93950241625,0,0.0,9.094947017729282e-13,0.07366458291653544,1,0,0,0,1,0.0,0,oracle_season,2026,oracle_season_seed_2026,True
125,2025-05-06,5,2,60879.555794460466,60879.555794460466,1470.353486153138,170,19675.644418519438,17731.75763541751,7535.940130845012,1225.7594261971115,1200.8009824270275,35744.3791788508,0.0,0.0,7194.433118116506,42938.81229696731,0,0.0,8.242295734817162e-13,0.06375704205129296,1,0,0,0,1,0.0,0,oracle_season,2026,oracle_season_seed_2026,True
126,2025-05-07,5,2,59949.93394565614,59949.93394565614,1857.9327481376783,160,19347.270874740203,17281.148795753452,4673.898664807071,1200.8009824270275,1339.3034645332627,35260.019041363834,0.0,0.0,11053.5677275082,46313.58676887203,0,0.0,8.810729923425242e-13,0.03313983301632106,1,0,0,0,1,0.0,0,oracle_season,2026,oracle_season_seed_2026,True
127,2025-05-08,5,2,62849.24742022579,62849.24742022579,82.43748333333326,20,19513.89735733095,16901.70949785671,4492.984644084886,1339.3034645332627,2035.8458460625266,38319.125664848085,0.0,0.0,554.3650959583329,38873.49076080642,0,0.0,8.668621376273222e-13,0.03317466704174876,1,0,0,0,1,0.0,0,oracle_season,2026,oracle_season_seed_2026,True
128,2025-05-09,5,2,28673.175599285263,28673.175599285263,0.0,0,12979.945591064718,11049.16875548836,18243.012913708902,2035.8458460625266,2702.856931606265,15021.64003942576,0.0,0.0,0.0,15021.640039425758,0,0.0,7.958078640513122e-13,0.04720816598273814,1,0,0,0,1,0.0,0,oracle_season,2026,oracle_season_seed_2026,True
129,2025-05-10,5,2,28665.750854347632,28665.750854347632,0.0,0,11427.82781974096,10681.040108773768,15797.917860047104,2702.856931606265,2285.4414760789555,15302.597483320375,0.0,0.0,0.0,15302.59748332038,0,0.0,7.958078640513122e-13,0.04669833299703896,1,0,0,0,1,0.0,0,oracle_season,2026,oracle_season_seed_2026,True
130,2025-05-11,5,2,66026.89572428603,66026.89572428603,41.18071666666651,20,17478.533784601677,15833.872638029705,8939.33621104741,2285.4414760789555,2176.667312877975,40045.507566844855,0.0,0.0,277.3610394583323,40322.868606303164,0,0.0,9.094947017729282e-13,0.019359541940502822,1,0,0,0,1,0.0,0,oracle_season,2026,oracle_season_seed_2026,True
131,2025-05-12,5,2,63838.61471624241,63838.61471624241,0.0,0,16667.87138625671,14697.124771903329,9936.672868555703,2176.667312877975,2497.0687327747146,38368.21526352376,0.0,0.0,0.0,38368.21526352376,0,0.0,8.881784197001252e-13,0.03374866605736315,1,0,0,0,1,0.0,0,oracle_season,2026,oracle_season_seed_2026,True
132,2025-05-13,5,2,61131.71479867299,61131.71479867299,0.0,0,18072.64028815814,16276.599660406906,6206.461404255091,2497.0687327747146,2485.2382292888396,37096.439978245304,0.0,0.0,0.0,37096.4399782453,0,0.0,9.094947017729282e-13,0.03748308296781033,1,0,0,0,1,0.0,0,oracle_season,2026,oracle_season_seed_2026,True
133,2025-05-14,5,2,63222.99060670609,63222.99060670609,0.0,0,17555.690287413883,15812.4800470676,8465.631583026467,2485.2382292888396,2472.2109224726446,38184.24736100883,0.0,0.0,0.0,38184.247361008835,0,0.0,9.094947017729282e-13,0.03716824995353818,1,0,0,0,1,0.0,0,oracle_season,2026,oracle_season_seed_2026,True
134,2025-05-15,5,2,61456.62946666917,61456.62946666917,0.0,0,18478.64371357897,16456.222030285335,6669.149500042193,2472.2109224726446,2656.2104851237796,37126.81341737015,0.0,0.0,0.0,37126.813417370155,0,0.0,9.094947017729282e-13,0.038517040899023414,1,0,0,0,1,0.0,0,oracle_season,2026,oracle_season_seed_2026,True
135,2025-05-16,5,2,27948.038236254302,27948.038236254302,0.0,0,10753.68252551086,10290.603132324677,24769.452309734785,2656.2104851237796,2010.8013579439116,14908.601370816014,0.0,0.0,0.0,14908.601370816017,0,0.0,8.526512829121202e-13,0.0373796250205487,1,0,0,0,1,0.0,0,oracle_season,2026,oracle_season_seed_2026,True
136,2025-05-17,5,2,28235.133483972666,28235.133483972666,0.0,0,11991.769797049074,10609.170980449842,16403.735584040103,2010.8013579439116,2204.144950343229,14773.283446246267,0.0,0.0,0.0,14773.283446246265,0,0.0,9.094947017729282e-13,0.04501174995675683,1,0,0,0,1,0.0,0,oracle_season,2026,oracle_season_seed_2026,True
137,2025-05-18,5,2,64731.43529026826,64731.43529026826,0.0,0,18218.848440529266,16036.761864914532,8873.18061465352,2204.144950343229,2583.8309133005237,39427.05338395852,0.0,0.0,0.0,39427.05338395852,0,0.0,9.094947017729282e-13,0.03941875009331852,1,0,0,0,1,0.0,0,oracle_season,2026,oracle_season_seed_2026,True
138,2025-05-19,5,2,61564.81788578666,61564.81788578666,79.23649999999998,20,16676.325185905447,15547.646161380435,13000.158811261648,2583.8309133005237,2015.7240485828147,36991.93602106042,0.0,0.0,533.8661983333332,37525.80221939374,0,0.0,9.094947017729282e-13,0.03899150004144758,1,0,0,0,1,0.0,0,oracle_season,2026,oracle_season_seed_2026,True
139,2025-05-20,5,2,58479.218091429735,58479.218091429735,0.0,0,17761.52515579263,16164.245261916307,2354.543380886747,2015.7240485828147,1827.1757500404876,35495.85331538051,0.0,0.0,0.0,35495.853315380504,0,0.0,9.094947017729282e-13,0.05842862499412149,1,0,0,0,1,0.0,0,oracle_season,2026,oracle_season_seed_2026,True
140,2025-05-21,5,2,64289.3872250688,64289.3872250688,0.0,0,16887.483622388514,14883.696052941525,10922.98437228848,1827.1757500404876,2159.2562323843017,38575.59296127914,0.0,0.0,0.0,38575.59296127914,0,0.0,8.988365607365267e-13,0.03655208402778953,1,0,0,0,1,0.0,0,oracle_season,2026,oracle_season_seed_2026,True
141,2025-05-22,5,2,59721.843987998334,59721.843987998334,2.5699999999999363,10,17491.354606670964,15619.94270323241,7036.37126789312,2159.2562323843017,2288.1469201646532,36299.984794366355,0.0,0.0,17.33336499999957,36317.31815936636,0,0.0,8.952838470577262e-13,0.03639858297538012,1,0,0,0,1,0.0,0,oracle_season,2026,oracle_season_seed_2026,True
142,2025-05-23,5,2,27914.64482899455,27914.64482899455,0.0,0,12259.828803988952,10616.899220758336,19850.766362430604,2288.1469201646532,2727.647334779858,14726.60957798936,0.0,0.0,0.0,14726.609577989366,0,0.0,7.958078640513122e-13,0.05555245804134756,1,0,0,0,1,0.0,0,oracle_season,2026,oracle_season_seed_2026,True
143,2025-05-24,5,2,27992.091279152402,27992.091279152402,0.0,0,11640.141908710677,10439.757559187728,23037.20554629612,2727.647334779858,2765.984848180402,14867.896146726333,0.0,0.0,0.0,14867.896146726333,0,0.0,7.958078640513122e-13,0.05483766598626971,1,0,0,0,1,0.0,0,oracle_season,2026,oracle_season_seed_2026,True
144,2025-05-25,5,2,59428.944825526734,59428.944825526734,0.0,0,16150.96438807968,15008.234083432777,9741.2043375465,2765.984848180402,2268.067223687852,35895.194117786246,0.0,0.0,0.0,35895.19411778623,0,0.0,8.526512829121202e-13,0.07367583294399083,1,0,0,0,1,0.0,0,oracle_season,2026,oracle_season_seed_2026,True
145,2025-05-26,5,2,57547.20646587451,57547.20646587451,0.0,0,17873.879405296007,16217.292783832623,1310.7868944111342,2268.067223687852,2130.190527286638,35194.22062189109,0.0,0.0,0.0,35194.220621891094,0,0.0,9.094947017729282e-13,0.038743041921406984,1,0,0,0,1,0.0,0,oracle_season,2026,oracle_season_seed_2026,True
146,2025-05-27,5,2,64635.003431958525,64635.003431958525,0.0,0,16948.360537107845,15088.601283285976,13384.87687813666,2130.190527286638,2304.0348444049005,38663.84991538735,0.0,0.0,0.0,38663.84991538734,0,0.0,9.094947017729282e-13,0.036505165975540876,1,0,0,0,1,0.0,0,oracle_season,2026,oracle_season_seed_2026,True
147,2025-05-28,5,2,59725.52977754428,59725.52977754428,0.0,0,18141.540664777298,16081.17584956672,5391.340862333704,2304.0348444049005,2563.5637612086343,36184.758432773066,0.0,0.0,0.0,36184.75843277308,0,0.0,9.094947017729282e-13,0.0331233749166131,1,0,0,0,1,0.0,0,oracle_season,2026,oracle_season_seed_2026,True
148,2025-05-29,5,2,60291.10029893581,60291.10029893581,17.81743333333327,10,18260.102667539628,16970.67957735013,4909.371142079644,2563.5637612086343,1997.95121414776,36198.25357404151,0.0,0.0,119.77769558333291,36318.031269624844,0,0.0,8.739675649849232e-13,0.04640550003387034,1,0,0,0,1,0.0,0,oracle_season,2026,oracle_season_seed_2026,True
149,2025-05-30,5,2,28253.488153411785,28253.488153411785,0.0,0,12160.808705085137,10282.321855212107,19778.768036872087,1997.95121414776,2696.1884243165478,14789.375678776501,0.0,0.0,0.0,14789.3756787765,0,0.0,8.526512829121202e-13,0.046271041966974735,1,0,0,0,1,0.0,0,oracle_season,2026,oracle_season_seed_2026,True
150,2025-05-31,5,2,28032.179001800505,28032.179001800505,0.0,0,12281.78511433779,11020.488186410055,18381.700523872765,2696.1884243165478,2731.098300522881,14897.047662780713,0.0,0.0,0.0,14897.047662780711,0,0.0,7.958078640513122e-13,0.04742895800154656,1,0,0,0,1,0.0,0,oracle_season,2026,oracle_season_seed_2026,True
151,2025-06-01,6,2,61381.562753951475,61381.562753951475,9856.804250077841,330,14308.218889003172,14329.924385482436,35.24620050858334,2731.098300522881,1200.0,37150.03952816519,0.0,0.0,60133.03184858937,97283.07137675455,0,0.0,8.593126210598712e-13,0.052972833975218236,1,0,0,0,1,0.0,0,oracle_season,2026,oracle_season_seed_2026,True
152,2025-06-02,6,2,70155.87178660721,70155.87178660721,4795.535469036495,290,20784.705639884905,18706.235075896417,4232.129241655217,1200.0,1200.0,41824.38311375339,0.0,0.0,27948.45494264615,69772.83805639955,0,0.0,9.094947017729282e-13,0.015614707954227924,1,0,0,0,1,0.0,0,oracle_season,2026,oracle_season_seed_2026,True
153,2025-06-03,6,2,68718.00766186728,68718.00766186728,2336.470861964868,280,21110.390603144337,18999.3515428299,751.072630184378,1200.0,1200.0,41590.5807549492,0.0,0.0,12040.278233354766,53630.85898830397,0,0.0,9.094947017729282e-13,0.01530362491030246,1,0,0,0,1,0.0,0,oracle_season,2026,oracle_season_seed_2026,True
154,2025-06-04,6,2,68352.08501983761,68352.08501983761,3854.032978279795,270,19519.015525212897,17567.113972691608,608.9556289294491,1200.0,1200.0,40827.09962402522,0.0,0.0,21919.538267721666,62746.6378917469,0,0.0,9.094947017729282e-13,0.05698120791930705,1,0,0,0,1,0.0,0,oracle_season,2026,oracle_season_seed_2026,True
155,2025-06-05,6,2,69315.77704763423,69315.77704763423,4383.9944928087325,340,21085.192625712712,18976.67336314144,441.9342612050241,1200.0,1200.0,41642.296638715176,0.0,0.0,23886.116123240514,65528.41276195568,0,0.0,8.899547765395255e-13,0.02377579198218882,1,0,0,0,1,0.0,0,oracle_season,2026,oracle_season_seed_2026,True
156,2025-06-06,6,2,29364.403931660272,29364.403931660272,5517.786791357365,300,13133.978355564492,11820.58052000804,2713.7974874611864,1200.0,1200.0,15289.195991396362,0.0,0.0,30280.68803684367,45569.884028240034,0,0.0,8.810729923425242e-13,0.07535808393731713,1,0,0,0,1,0.0,0,oracle_season,2026,oracle_season_seed_2026,True
157,2025-06-07,6,2,31086.977170859078,31086.977170859078,3052.0325059330576,240,13233.023389628703,11883.231899829518,1662.7050203262843,1200.0,1227.922016642167,16654.547031136735,0.0,0.0,15223.712047226016,31878.259078362746,0,0.0,9.086065233532281e-13,0.06586658395826817,1,0,0,0,1,0.0,0,oracle_season,2026,oracle_season_seed_2026,True
158,2025-06-08,6,2,83827.56066794161,83827.56066794161,0.0,0,17423.686410989874,14819.71502715972,16038.666017444792,1227.922016642167,2136.131051735027,51981.316263373534,0.0,0.0,0.0,51981.316263373534,0,0.0,9.063860773039778e-13,0.013876292039640248,1,0,0,0,1,0.0,0,oracle_season,2026,oracle_season_seed_2026,True
159,2025-06-09,6,2,74071.22918674145,74071.22918674145,243.1380852739511,60,21509.816898568475,19613.518498474266,1485.3561385878602,2136.131051735027,1867.6712925234963,45752.467672682964,0.0,0.0,1679.054012935599,47431.52168561857,0,0.0,9.094947017729282e-13,0.01529829204082489,1,0,0,0,1,0.0,0,oracle_season,2026,oracle_season_seed_2026,True
160,2025-06-10,6,2,78261.90921619293,78261.90921619293,17.043318312915062,20,20774.900086890124,18665.830257786598,4551.438472068993,1867.6712925234963,1900.959346059809,48687.33001240642,0.0,0.0,114.83047059488523,48802.160483001295,0,0.0,9.094947017729282e-13,0.015679124975576997,1,0,0,0,1,0.0,0,oracle_season,2026,oracle_season_seed_2026,True
161,2025-06-11,6,2,79803.98738681545,79803.98738681545,1427.0580766021396,90,23915.811036596235,21376.83904081386,2607.6271509685525,1900.959346059809,2056.322987883832,49183.968529606835,0.0,0.0,6932.770371250982,56116.73890085781,0,0.0,9.094947017729282e-13,0.015512916026636958,1,0,0,0,1,0.0,0,oracle_season,2026,oracle_season_seed_2026,True
162,2025-06-12,6,2,82270.75191541301,82270.75191541301,0.0,0,21073.69630008773,18663.763869463397,7408.428051455338,2056.322987883832,2375.2521829453513,51347.60218606844,0.0,0.0,0.0,51347.60218606844,0,0.0,8.952838470577262e-13,0.02022712491452694,1,0,0,0,1,0.0,0,oracle_season,2026,oracle_season_seed_2026,True
163,2025-06-13,6,2,35616.96163974073,35616.96163974073,0.0,0,12720.005584107546,11417.722919036234,5969.365274669421,2375.2521829453513,2407.172326077188,20783.882072312295,0.0,0.0,0.0,20783.882072312295,0,0.0,8.526512829121202e-13,0.06294075003825128,1,0,0,0,1,0.0,0,oracle_season,2026,oracle_season_seed_2026,True
164,2025-06-14,6,2,36130.02624193569,36130.02624193569,0.0,0,11957.875694293207,10978.138465127571,8956.946262770056,2407.172326077188,2179.435271247979,20917.76038310674,0.0,0.0,0.0,20917.76038310673,0,0.0,8.810729923425242e-13,0.08066716708708555,1,0,0,0,1,0.0,0,oracle_season,2026,oracle_season_seed_2026,True
165,2025-06-15,6,2,78684.90178919781,78684.90178919781,17.420502627167025,10,21907.72764466454,19290.750947651053,5458.371261478152,2179.435271247979,2628.6936627711148,48722.32940600641,0.0,0.0,117.492579968928,48839.82198597535,0,0.0,9.094947017729282e-13,0.020403458969667554,1,0,0,0,1,0.0,0,oracle_season,2026,oracle_season_seed_2026,True
166,2025-06-16,6,2,77837.06670761529,77837.06670761529,6.323465975504632,10,22004.482306426933,20033.798540380558,3178.6535908777587,2628.6936627711148,2386.500651606619,48245.833518339525,0.0,0.0,42.72449786349704,48288.55801620303,0,0.0,8.952838470577262e-13,0.015596540994010866,1,0,0,0,1,0.0,0,oracle_season,2026,oracle_season_seed_2026,True
167,2025-06-17,6,2,79302.9437468309,79302.9437468309,322.47877071010294,20,22153.240424488682,20600.22759877373,3435.3984751593903,2386.500651606619,1688.3633300210772,49091.10453715822,0.0,0.0,2238.2234576044684,51329.327994762694,0,0.0,9.094947017729282e-13,0.016165209002792835,1,0,0,0,1,0.0,0,oracle_season,2026,oracle_season_seed_2026,True
168,2025-06-18,6,2,83048.27514500372,83048.27514500372,38.13027256138207,20,20714.763286409725,18059.52855653608,9502.779787691452,1688.3633300210772,2303.6987137389724,51536.846323411184,0.0,0.0,257.10243620216977,51793.94875961334,0,0.0,8.242295734817162e-13,0.016266957973130047,1,0,0,0,1,0.0,0,oracle_season,2026,oracle_season_seed_2026,True
169,2025-06-19,6,2,78194.82108354212,78194.82108354212,103.70705075222531,20,20251.172544636258,18442.011188263466,8229.862577921564,2303.6987137389724,2076.061209700887,48410.992485028444,0.0,0.0,698.2746995416835,49109.267184570126,0,0.0,9.094947017729282e-13,0.016457541030831635,1,0,0,0,1,0.0,0,oracle_season,2026,oracle_season_seed_2026,True
170,2025-06-20,6,2,34307.54779116335,34307.54779116335,0.0,0,11924.623869870275,10600.259202346486,10582.60227363956,2076.061209700887,2215.098421389771,19882.15834389929,0.0,0.0,0.0,19882.158343899286,0,0.0,8.526512829121202e-13,0.04595095803961158,1,0,0,0,1,0.0,0,oracle_season,2026,oracle_season_seed_2026,True
171,2025-06-21,6,2,34648.16853201359,34648.16853201359,0.0,0,12845.95211543124,10815.875813594312,13283.35183017666,2215.098421389771,3000.9044873611283,19998.564521516764,0.0,0.0,0.0,19998.56452151676,0,0.0,7.958078640513122e-13,0.06254816695582122,1,0,0,0,1,0.0,0,oracle_season,2026,oracle_season_seed_2026,True
172,2025-06-22,6,2,73425.60905935385,73425.60905935385,22.465031475387946,20,19191.91772112785,18117.436231550357,4916.251501251739,3000.9044873611283,2110.5016687691755,45538.69491354999,0.0,0.0,151.19626636734873,45689.89117991732,0,0.0,9.094947017729282e-13,0.015544000081717968,1,0,0,0,1,0.0,0,oracle_season,2026,oracle_season_seed_2026,True
173,2025-06-23,6,2,76568.55049563649,76568.55049563649,2.3101871672147354,10,21039.897223145374,19119.924791495578,7589.602251153896,2110.5016687691755,1916.5304129845656,47151.564664167105,0.0,0.0,15.581057349279783,47167.1457215164,0,0.0,9.046097204645775e-13,0.016169457929208875,1,0,0,0,1,0.0,0,oracle_season,2026,oracle_season_seed_2026,True
174,2025-06-24,6,2,76761.94890952334,76761.94890952334,2350.5947926398194,150,23020.627176979728,20793.65168645807,616.7759616415116,1916.5304129845656,1837.3815259633514,47596.636718350106,0.0,0.0,11405.463798401684,59002.10051675179,0,0.0,9.094947017729282e-13,0.020060041919350624,1,0,0,0,1,0.0,0,oracle_season,2026,oracle_season_seed_2026,True
175,2025-06-25,6,2,81952.62643173235,81952.62643173235,2.0973907569176617,10,20410.438948538547,18157.534832826652,9264.39834011071,1837.3815259633514,2060.7018071292505,50866.58215242312,0.0,0.0,14.121731966326616,50880.70388438945,0,0.0,9.094947017729282e-13,0.01585229195188731,1,0,0,0,1,0.0,0,oracle_season,2026,oracle_season_seed_2026,True
176,2025-06-26,6,2,77340.64710290123,77340.64710290123,51.38097092965643,30,20865.18718957324,19050.050587290367,8029.507638214682,2060.7018071292505,1774.6399388196428,47640.77861026602,0.0,0.0,346.6404246313774,47987.419034897415,0,0.0,9.094947017729282e-13,0.01560912502463907,1,0,0,0,1,0.0,0,oracle_season,2026,oracle_season_seed_2026,True
177,2025-06-27,6,2,33048.66155089143,33048.66155089143,0.0,0,12908.261413890214,11136.526502207784,11505.280772542337,1774.6399388196428,2281.5622924456097,18544.486324734055,0.0,0.0,0.0,18544.486324734058,0,0.0,9.094947017729282e-13,0.07451104209758341,1,0,0,0,1,0.0,0,oracle_season,2026,oracle_season_seed_2026,True
178,2025-06-28,6,2,33231.85880788631,33231.85880788631,0.0,0,12157.083418738486,11086.753768564065,10384.60304104523,2281.5622924456097,2128.3196961037393,18593.941674058067,0.0,0.0,0.0,18593.94167405807,0,0.0,8.810729923425242e-13,0.05786537507083267,1,0,0,0,1,0.0,0,oracle_season,2026,oracle_season_seed_2026,True
179,2025-06-29,6,2,75218.11051052074,75218.11051052074,0.0,0,20745.94102390245,18565.46975438739,3769.870707672339,2128.3196961037393,2239.9240295439827,46411.87005350017,0.0,0.0,0.0,46411.870053500155,0,0.0,9.094947017729282e-13,0.0243177090305835,1,0,0,0,1,0.0,0,oracle_season,2026,oracle_season_seed_2026,True
180,2025-06-30,6,2,76057.84836047224,76057.84836047224,75.08779151911108,20,21139.731145075348,19400.399120752467,4515.920144335147,2239.9240295439827,1845.0176461866345,46806.06424965459,0.0,0.0,505.79076225864264,47311.85501191323,0,0.0,9.094947017729282e-13,0.020312707987613976,1,0,0,0,1,0.0,0,oracle_season,2026,oracle_season_seed_2026,True
181,2025-07-01,7,2,80440.35908433651,80440.35908433651,3182.807481472521,330,21461.65445447193,19927.40647690984,3222.374554913603,1845.0176461866345,1200.0,49939.30298414108,0.0,0.0,15398.133114792052,65337.43609893313,0,0.0,9.094947017729282e-13,0.015573624987155199,1,0,0,0,1,0.0,0,oracle_season,2026,oracle_season_seed_2026,True
182,2025-07-02,7,2,75601.01474015077,75601.01474015077,3938.2314419190725,340,20182.69679997192,18164.427119974724,4616.210135405978,1200.0,1200.0,46163.84320888021,0.0,0.0,21182.03539530003,67345.87860418024,0,0.0,9.094947017729282e-13,0.019853957928717136,1,0,0,0,1,0.0,0,oracle_season,2026,oracle_season_seed_2026,True
183,2025-07-03,7,2,70438.74336580714,70438.74336580714,11062.855404057882,460,17411.798365316885,15670.618528785193,0.0,1200.0,1200.0,43341.986018713294,0.0,0.0,65473.020988190794,108815.0070069041,0,0.0,8.100187187665142e-13,0.04563279100693762,1,0,0,0,1,0.0,0,oracle_season,2026,oracle_season_seed_2026,True
184,2025-07-04,7,2,34750.162759076455,34750.162759076455,5735.344421456434,490,12775.79150355197,11498.212353196768,10327.060563511022,1200.0,1200.0,19767.172283814165,0.0,0.0,22847.76855689612,42614.94084071029,0,0.0,9.094947017729282e-13,0.03848900005687028,1,0,0,0,1,0.0,0,oracle_season,2026,oracle_season_seed_2026,True
185,2025-07-05,7,2,34738.084711470365,34738.084711470365,6207.834606303944,520,12447.712303131239,11202.941072818114,10911.068120794516,1200.0,1200.0,19350.909901167826,0.0,0.0,28393.01842644747,47743.928327615286,0,0.0,9.094947017729282e-13,0.040670417016372085,1,0,0,0,1,0.0,0,oracle_season,2026,oracle_season_seed_2026,True
186,2025-07-06,7,2,70804.75044596766,70804.75044596766,11177.855897833892,420,18518.37839156302,16666.54055240672,336.7869546452529,1200.0,1200.0,43524.31927518542,0.0,0.0,65241.711759925216,108766.03103511062,0,0.0,8.810729923425242e-13,0.050669207936152816,1,0,0,0,1,0.0,0,oracle_season,2026,oracle_season_seed_2026,True
187,2025-07-07,7,2,76179.91717447023,76179.91717447023,3388.065142044828,320,20178.41394537761,18122.41001266741,4102.495617138193,1200.0,1240.2268473060117,46949.321680994915,0.0,0.0,16989.60820592221,63938.92988691712,0,0.0,9.094947017729282e-13,0.015455042012035847,1,0,0,0,1,0.0,0,oracle_season,2026,oracle_season_seed_2026,True
188,2025-07-08,7,2,84241.09121603926,84241.09121603926,90.34135587877893,30,22582.624818547873,19886.995297525293,6064.416034228789,1240.2268473060117,1701.25218639078,52505.01140434232,0.0,0.0,613.7166359754787,53118.728040317794,0,0.0,9.094947017729282e-13,0.015737125067971647,1,0,0,0,1,0.0,0,oracle_season,2026,oracle_season_seed_2026,True
189,2025-07-09,7,2,84752.84785298051,84752.84785298051,47.069942464626024,20,19781.680920260183,17212.875870171283,8172.387728689571,1701.25218639078,2323.8382056414644,53566.96526520114,0.0,0.0,317.4074948361689,53884.37276003731,0,0.0,9.094947017729282e-13,0.015382374986074865,1,0,0,0,1,0.0,0,oracle_season,2026,oracle_season_seed_2026,True
190,2025-07-10,7,2,83525.34086195345,83525.34086195345,73.15798940671391,50,19713.125494101736,18098.81036730097,9130.560341226068,2323.8382056414644,1947.5298808896548,52682.393651395076,0.0,0.0,493.262764354374,53175.65641574944,0,0.0,9.094947017729282e-13,0.019870957941748202,1,0,0,0,1,0.0,0,oracle_season,2026,oracle_season_seed_2026,True
191,2025-07-11,7,2,43624.52814166763,43624.52814166763,0.0,0,13796.345822735588,11856.075058393746,9165.480227325792,1947.5298808896548,2538.4923055685263,26269.526218787076,0.0,0.0,0.0,26269.52621878707,0,0.0,9.094947017729282e-13,0.05418858304619789,1,0,0,0,1,0.0,0,oracle_season,2026,oracle_season_seed_2026,True
192,2025-07-12,7,2,42812.45604672907,42812.45604672907,0.0,0,12886.23507725621,11899.300170612234,10741.277806751767,2538.4923055685263,2220.48459772588,25471.623921349077,0.0,0.0,0.0,25471.623921349077,0,0.0,9.094947017729282e-13,0.05375112500041723,1,0,0,0,1,0.0,0,oracle_season,2026,oracle_season_seed_2026,True
193,2025-07-13,7,2,85431.38120551355,85431.38120551355,117.96290643400755,30,18550.45121530548,16748.555471011205,14479.727967653283,2220.48459772588,2164.4602349638294,53909.847007118515,0.0,0.0,794.137268440398,54703.984275558905,0,0.0,9.094947017729282e-13,0.019897083984687924,1,0,0,0,1,0.0,0,oracle_season,2026,oracle_season_seed_2026,True
194,2025-07-14,7,2,80681.26370866549,80681.26370866549,46.29659761976677,20,18393.446037528254,16934.412421286997,7460.847473377328,2164.4602349638294,1763.5772550556926,50532.92100786921,0.0,0.0,311.86147751177464,50844.78248538097,0,0.0,9.094947017729282e-13,0.019363833009265363,1,0,0,0,1,0.0,0,oracle_season,2026,oracle_season_seed_2026,True
195,2025-07-15,7,2,81770.80992848161,81770.80992848161,19.945189663682868,20,19182.208770760448,16618.399090345676,6477.894854397191,1763.5772550556926,2444.0876052066624,51364.37504868453,0.0,0.0,134.1516095946749,51498.52665827921,0,0.0,9.094947017729282e-13,0.01938037492800504,1,0,0,0,1,0.0,0,oracle_season,2026,oracle_season_seed_2026,True
196,2025-07-16,7,2,82173.35138638827,82173.35138638827,48.308562513102856,20,19179.292012853366,17582.998302414107,8490.80285512878,2444.0876052066624,2105.0540294000552,51508.69036338352,0.0,0.0,326.0635716875885,51834.753935071116,0,0.0,9.094947017729282e-13,0.01550666696857661,1,0,0,0,1,0.0,0,oracle_season,2026,oracle_season_seed_2026,True
197,2025-07-17,7,2,80393.4852314296,80393.4852314296,18.42253143694677,10,20932.032093470458,19074.85404651493,5834.313649244364,2105.0540294000552,1856.2616633106113,50527.092435437815,0.0,0.0,124.47183365373084,50651.56426909155,0,0.0,8.810729923425242e-13,0.019779291935265064,1,0,0,0,1,0.0,0,oracle_season,2026,oracle_season_seed_2026,True
198,2025-07-18,7,2,43446.52767327179,43446.52767327179,0.0,0,13318.948344306622,11228.265999422129,10081.597228387296,1856.2616633106113,2656.0939276849226,26049.108864897225,0.0,0.0,0.0,26049.108864897225,0,0.0,9.094947017729282e-13,0.04991704202257097,1,0,0,0,1,0.0,0,oracle_season,2026,oracle_season_seed_2026,True
199,2025-07-19,7,2,41925.833857004494,41925.833857004494,0.0,0,11999.377218287516,11207.634321635309,13951.271910352292,2656.0939276849226,2225.8188021342094,24983.00870758709,0.0,0.0,0.0,24983.00870758709,0,0.0,7.958078640513122e-13,0.06366454204544425,1,0,0,0,1,0.0,0,oracle_season,2026,oracle_season_seed_2026,True
200,2025-07-20,7,2,80432.42938404351,80432.42938404351,0.0,0,18559.258604607145,16932.42296136541,6715.615524135109,2225.8188021342094,1984.336510109307,50903.56986877644,0.0,0.0,0.0,50903.56986877644,0,0.0,8.810729923425242e-13,0.015392542001791298,1,0,0,0,1,0.0,0,oracle_season,2026,oracle_season_seed_2026,True
201,2025-07-21,7,2,82149.48309099875,82149.48309099875,18.404380566150053,10,19864.237559995767,17740.90600326632,6054.806564835456,1984.336510109307,2128.6500033595944,51610.06144563682,0.0,0.0,128.38895882946278,51738.450404466275,0,0.0,8.526512829121202e-13,0.020319957984611392,1,0,0,0,1,0.0,0,oracle_season,2026,oracle_season_seed_2026,True
202,2025-07-22,7,2,82647.9534892616,82647.9534892616,88.78292583526638,40,20021.041722345966,18492.469757596704,7413.019833680943,2128.6500033595944,1629.503229659228,51890.30957020608,0.0,0.0,598.9756159599668,52489.285186166075,0,0.0,8.952838470577262e-13,0.015288082999177277,1,0,0,0,1,0.0,0,oracle_season,2026,oracle_season_seed_2026,True
203,2025-07-23,7,2,82419.0653421183,82419.0653421183,34.75633697320325,50,21277.77558598263,18846.78857380119,5806.287550243392,1629.503229659228,1949.1140567985365,51657.25277897071,0.0,0.0,234.78156306031113,51892.03434203103,0,0.0,9.094947017729282e-13,0.015139584080316126,1,0,0,0,1,0.0,0,oracle_season,2026,oracle_season_seed_2026,True
204,2025-07-24,7,2,81630.95779462298,81630.95779462298,26.148033000778128,30,19934.11006410281,17659.023022072714,5765.546785593664,1949.1140567985365,2246.026668413646,51226.4503063367,0.0,0.0,176.19522339256736,51402.64552972927,0,0.0,9.094947017729282e-13,0.014713083044625819,1,0,0,0,1,0.0,0,oracle_season,2026,oracle_season_seed_2026,True
205,2025-07-25,7,2,41825.21604042018,41825.21604042018,0.0,0,12819.809301154532,11495.252914387556,13995.340086986536,2246.026668413646,2290.905140227173,25064.321025068548,0.0,0.0,0.0,25064.32102506856,0,0.0,7.958078640513122e-13,0.04661316599231213,1,0,0,0,1,0.0,0,oracle_season,2026,oracle_season_seed_2026,True
206,2025-07-26,7,2,41406.74747766057,41406.74747766057,0.0,0,13078.693195743197,11633.521291029741,11492.484006280449,2290.905140227173,2435.634772783459,24648.28325499272,0.0,0.0,0.0,24648.28325499272,0,0.0,7.389644451905042e-13,0.052879084018059075,1,0,0,0,1,0.0,0,oracle_season,2026,oracle_season_seed_2026,True
207,2025-07-27,7,2,80803.80392208508,80803.80392208508,451.9891941673136,60,21094.867586695356,19464.840495775836,5940.576225332879,2435.634772783459,1930.239907357587,50553.93890613453,0.0,0.0,2315.715759106419,52869.65466524094,0,0.0,9.094947017729282e-13,0.015635207993909717,1,0,0,0,1,0.0,0,oracle_season,2026,oracle_season_seed_2026,True
208,2025-07-28,7,2,81601.96479650575,81601.96479650575,35.82515736441951,20,21164.817428944185,19610.195199812555,2128.290491405208,1930.239907357587,1337.9879778492118,51246.966433392176,0.0,0.0,120.73590678081773,51367.702340173,0,0.0,8.881784197001252e-13,0.015300083090551198,1,0,0,0,1,0.0,0,oracle_season,2026,oracle_season_seed_2026,True
209,2025-07-29,7,2,85958.5922196262,85958.5922196262,112.3841182389657,40,21026.32930329429,18390.16036242681,7365.561446997681,1337.9879778492118,1900.3843135224909,53737.13318461779,0.0,0.0,761.9449964170891,54499.078181034885,0,0.0,9.094947017729282e-13,0.02055241703055799,1,0,0,0,1,0.0,0,oracle_season,2026,oracle_season_seed_2026,True
210,2025-07-30,7,2,83729.05026438428,83729.05026438428,0.0,0,20668.567818410236,18283.14598494386,7240.374380917896,1900.3843135224909,2236.1813622108975,52343.83969669568,0.0,0.0,0.0,52343.83969669569,0,0.0,8.881784197001252e-13,0.01965587493032217,1,0,0,0,1,0.0,0,oracle_season,2026,oracle_season_seed_2026,True
211,2025-07-31,7,2,80886.03421162866,80886.03421162866,143.99110273214205,70,19965.785803330557,18494.363039505544,4863.606283869116,2236.1813622108975,1682.6185266606071,50720.734548285014,0.0,0.0,950.39341094764,51671.12795923266,0,0.0,8.739675649849232e-13,0.015154417022131383,1,0,0,0,1,0.0,0,oracle_season,2026,oracle_season_seed_2026,True
212,2025-08-01,8,2,42923.71026958841,42923.71026958841,0.0,0,13344.917732439135,11190.118678540814,19517.551549023425,1682.6185266606071,2547.2983226895785,25180.0606297542,0.0,0.0,0.0,25180.060629754207,0,0.0,9.094947017729282e-13,0.04653008398599923,1,0,0,0,1,0.0,0,oracle_season,2026,oracle_season_seed_2026,True
213,2025-08-02,8,2,40098.29091949251,40098.29091949251,0.0,0,12443.956789198153,11397.592991243302,18124.902188204327,2547.2983226895785,2338.5543916307056,23507.95071936242,0.0,0.0,0.0,23507.95071936241,0,0.0,9.094947017729282e-13,0.04738116601947695,1,0,0,0,1,0.0,0,oracle_season,2026,oracle_season_seed_2026,True
214,2025-08-03,8,2,76209.68758448528,76209.68758448528,301.9770633627187,100,17587.60508894191,16646.683567802564,12731.26314337532,2338.5543916307056,1476.476404766746,47872.048980708394,0.0,0.0,1561.2734294231122,49433.32241013151,0,0.0,9.094947017729282e-13,0.033021749928593636,1,0,0,0,1,0.0,0,oracle_season,2026,oracle_season_seed_2026,True
215,2025-08-04,8,2,72748.84958207459,72748.84958207459,50.06636488008621,30,19381.499068567602,16961.89880196722,4963.660597020953,1476.476404766746,1983.9696437991731,45875.90561536576,0.0,0.0,337.17494667672,46213.08056204247,0,0.0,9.094947017729282e-13,0.0388932500500232,1,0,0,0,1,0.0,0,oracle_season,2026,oracle_season_seed_2026,True
216,2025-08-05,8,2,75099.9428872909,75099.9428872909,4.316887475303247,10,18728.349260862466,16804.570356544446,8028.171137114854,1983.9696437991731,2037.66931189332,47509.50800894596,0.0,0.0,29.08071247738032,47538.588721423344,0,0.0,8.633094239485217e-13,0.05488033301662654,1,0,0,0,1,0.0,0,oracle_season,2026,oracle_season_seed_2026,True
217,2025-08-06,8,2,76495.78145878052,76495.78145878052,0.0,0,18973.59299645236,17567.466451483844,6975.255647145321,2037.66931189332,1519.864523207597,48046.04135423234,0.0,0.0,0.0,48046.04135423232,0,0.0,9.094947017729282e-13,0.040993791073560715,1,0,0,0,1,0.0,0,oracle_season,2026,oracle_season_seed_2026,True
218,2025-08-07,8,2,77967.9622691521,77967.9622691521,9.188435491415817,10,19403.16982516536,17162.270309937598,12348.265939415747,1519.864523207597,1836.7063326174443,49371.8092833891,0.0,0.0,62.08166439775097,49433.890947786844,0,0.0,9.094947017729282e-13,0.038664041087031364,1,0,0,0,1,0.0,0,oracle_season,2026,oracle_season_seed_2026,True
219,2025-08-08,8,2,41577.47347382965,41577.47347382965,0.0,0,13337.98088006001,11596.057133181901,24060.378476951537,1836.7063326174443,2266.908550481703,24376.22085891116,0.0,0.0,0.0,24376.220858911154,0,0.0,9.094947017729282e-13,0.04734295897651464,1,0,0,0,1,0.0,0,oracle_season,2026,oracle_season_seed_2026,True
220,2025-08-09,8,2,39831.03305944856,39831.03305944856,0.0,0,12596.79996683559,11760.784112205676,20073.08820481864,2266.908550481703,1820.3273332048227,23192.13552234103,0.0,0.0,0.0,23192.13552234103,0,0.0,7.958078640513122e-13,0.048188667045906186,1,0,0,0,1,0.0,0,oracle_season,2026,oracle_season_seed_2026,True
221,2025-08-10,8,2,75767.07561436683,75767.07561436683,23.643009354886658,20,18396.538513239677,16249.339978957387,8338.901039439423,1820.3273332048227,2144.5078933457075,47648.433214676916,0.0,0.0,160.93175996552355,47809.364974642434,0,0.0,8.917311333789257e-13,0.03297604201361537,1,0,0,0,1,0.0,0,oracle_season,2026,oracle_season_seed_2026,True
222,2025-08-11,8,2,75753.7250474807,75753.7250474807,148.08523548549044,50,19185.16333939304,17713.239495577203,9868.63310581702,2144.5078933457075,1673.7580751069017,47639.632907144,0.0,0.0,998.2076468990132,48637.84055404302,0,0.0,9.094947017729282e-13,0.0367513750679791,1,0,0,0,1,0.0,0,oracle_season,2026,oracle_season_seed_2026,True
223,2025-08-12,8,2,74277.63077219663,74277.63077219663,127.76183535388236,50,19075.251324868797,16900.796769529108,4470.394402210825,1673.7580751069017,1955.1263920165857,46699.62572737842,0.0,0.0,862.7381144340418,47562.36384181247,0,0.0,9.094947017729282e-13,0.03256474994122982,1,0,0,0,1,0.0,0,oracle_season,2026,oracle_season_seed_2026,True
224,2025-08-13,8,2,77631.90238309719,77631.90238309719,128.39849779025872,40,17941.528585326912,15868.766535587101,9566.559381147623,1955.1263920165857,2248.806265773877,48877.76616652738,0.0,0.0,868.2659981967857,49746.03216472418,0,0.0,9.094947017729282e-13,0.018289291998371482,1,0,0,0,1,0.0,0,oracle_season,2026,oracle_season_seed_2026,True
225,2025-08-14,8,2,75570.09496297568,75570.09496297568,163.37148499968177,70,19193.421702777217,17893.801333667925,8507.555095532729,2248.806265773877,1595.5621299891282,47128.73831310035,0.0,0.0,1085.0027721659842,48213.74108526632,0,0.0,9.094947017729282e-13,0.03513829200528562,1,0,0,0,1,0.0,0,oracle_season,2026,oracle_season_seed_2026,True
226,2025-08-15,8,2,41139.025214665715,41139.025214665715,0.0,0,13747.702145045354,12081.916529804714,22313.512716091744,1595.5621299891282,1902.319296826708,23938.401243912762,0.0,0.0,0.0,23938.40124391277,0,0.0,8.597567102697212e-13,0.06760208297055215,1,0,0,0,1,0.0,0,oracle_season,2026,oracle_season_seed_2026,True
227,2025-08-16,8,2,40033.219095937646,40033.219095937646,84.07922165838613,10,13259.086796127078,12062.27979753882,21991.21095234111,1902.319296826708,1766.2341762287738,23125.294980438182,0.0,0.0,586.5366502889017,23711.831630727087,0,0.0,7.958078640513122e-13,0.0658624580828473,1,0,0,0,1,0.0,0,oracle_season,2026,oracle_season_seed_2026,True
228,2025-08-17,8,2,71858.13040704641,71858.13040704641,187.57315889707024,60,19298.261865373723,17432.030793309044,7014.0788772121305,1766.2341762287738,1699.1990396311658,45455.863010937,0.0,0.0,1263.994907262264,46719.85791819925,0,0.0,9.094947017729282e-13,0.03336658305488527,1,0,0,0,1,0.0,0,oracle_season,2026,oracle_season_seed_2026,True
229,2025-08-18,8,2,72984.94377100174,72984.94377100174,191.66678467806116,50,19598.057691750495,17435.62726879895,6620.064516061597,1699.1990396311658,1912.7841783100823,45932.89614358234,0.0,0.0,1302.0551252957634,47234.95126887812,0,0.0,9.094947017729282e-13,0.04556254204362631,1,0,0,0,1,0.0,0,oracle_season,2026,oracle_season_seed_2026,True
230,2025-08-19,8,2,74349.95994556701,74349.95994556701,114.42165393217124,30,17875.860341863536,16221.76803465714,8492.62924229279,1912.7841783100823,1772.069434776307,47096.920776571256,0.0,0.0,772.1129609420525,47869.03373751332,0,0.0,9.094947017729282e-13,0.06035225000232458,1,0,0,0,1,0.0,0,oracle_season,2026,oracle_season_seed_2026,True
231,2025-08-20,8,2,74431.71874980793,74431.71874980793,778.8224156509449,80,21348.133587395492,19384.9622755801,2596.678786976815,1772.069434776307,1591.1428312650396,47053.05414189077,0.0,0.0,4214.882272186419,51267.93641407719,0,0.0,9.094947017729282e-13,0.055474374908953905,1,0,0,0,1,0.0,0,oracle_season,2026,oracle_season_seed_2026,True
232,2025-08-21,8,2,80848.05672178774,80848.05672178774,15.499968032764741,30,17452.452555944357,15629.217848777767,13195.903499320586,1591.1428312650396,1673.3509314101773,50719.1755799066,0.0,0.0,104.52157856482395,50823.69715847143,0,0.0,8.952838470577262e-13,0.020435041980817914,1,0,0,0,1,0.0,0,oracle_season,2026,oracle_season_seed_2026,True
233,2025-08-22,8,2,40123.77770291058,40123.77770291058,319.6707027587595,50,13637.410803856234,12353.244222554396,17928.712424367503,1673.3509314101773,1589.4720444862617,23136.553216243734,0.0,0.0,1707.9737661567308,24844.52698240047,0,0.0,9.094947017729282e-13,0.05718920798972249,1,0,0,0,1,0.0,0,oracle_season,2026,oracle_season_seed_2026,True
234,2025-08-23,8,2,40617.448247571076,40617.448247571076,0.0,0,13192.580016566837,11889.783157150727,16784.645238154968,1589.4720444862617,1572.1204770301842,23586.210410258715,0.0,0.0,0.0,23586.21041025872,0,0.0,7.958078640513122e-13,0.04699808394070715,1,0,0,0,1,0.0,0,oracle_season,2026,oracle_season_seed_2026,True
235,2025-08-24,8,2,77078.53626740242,77078.53626740242,38.15241285876971,40,19408.78672621416,17564.17638585197,11538.48885656567,1572.1204770301842,1470.6447448685128,48213.20729376437,0.0,0.0,258.25796665827477,48471.465260422665,0,0.0,9.094947017729282e-13,0.020141999935731292,1,0,0,0,1,0.0,0,oracle_season,2026,oracle_season_seed_2026,True
236,2025-08-25,8,2,73133.00387234754,73133.00387234754,284.8232234055654,40,20132.458466317352,18221.420749527177,733.7023622962733,1470.6447448685128,1362.9079163066563,46554.5846739006,0.0,0.0,1964.4173817184974,48519.00205561911,0,0.0,8.978373600143641e-13,0.03183504194021225,1,0,0,0,1,0.0,0,oracle_season,2026,oracle_season_seed_2026,True
237,2025-08-26,8,2,81040.50803373457,81040.50803373457,46.034381749971885,20,19775.2841963504,17015.040337665865,12797.48017346666,1362.9079163066563,2187.9624320316866,50838.709092723235,0.0,0.0,318.1752792934808,51156.88437201672,0,0.0,9.094947017729282e-13,0.020195582997985184,1,0,0,0,1,0.0,0,oracle_season,2026,oracle_season_seed_2026,True
238,2025-08-27,8,2,74351.60533774263,74351.60533774263,29.88264910327848,20,20150.7933429829,18503.523748258485,4820.069525454826,2187.9624320316866,1800.2569244827507,47323.38666983458,0.0,0.0,202.69292605290588,47526.07959588747,0,0.0,9.094947017729282e-13,0.035079083987511694,1,0,0,0,1,0.0,0,oracle_season,2026,oracle_season_seed_2026,True
239,2025-08-28,8,2,77105.90450605663,77105.90450605663,142.77522270678958,30,19979.50200088843,18046.99016158493,4548.372906126592,1800.2569244827507,1731.278835672904,48889.656326921584,0.0,0.0,962.3075273694454,49851.96385429104,0,0.0,9.094947017729282e-13,0.056252499925903976,1,0,0,0,1,0.0,0,oracle_season,2026,oracle_season_seed_2026,True
240,2025-08-29,8,2,41581.92879443971,41581.92879443971,0.0,0,14417.51805255922,12658.332453673736,17267.522845554224,1731.278835672904,2065.8834337319877,24413.931772674372,0.0,0.0,0.0,24413.931772674376,0,0.0,9.094947017729282e-13,0.04921158391516656,1,0,0,0,1,0.0,0,oracle_season,2026,oracle_season_seed_2026,True
241,2025-08-30,8,2,41366.62552801972,41366.62552801972,0.0,0,12573.570464394488,11992.377119771141,22272.71235006304,2065.8834337319877,1353.1443107753853,24071.75311053896,0.0,0.0,0.0,24071.75311053895,0,0.0,8.641976023682219e-13,0.06420779100153595,1,0,0,0,1,0.0,0,oracle_season,2026,oracle_season_seed_2026,True
242,2025-08-31,8,2,73113.90892614977,73113.90892614977,193.80041788582605,50,20888.50296060701,18330.517876069185,4103.101176164438,1353.1443107753853,1847.6557978450512,46329.01312960733,0.0,0.0,1313.2202897909685,47642.2334193983,0,0.0,9.094947017729282e-13,0.03326683398336172,1,0,0,0,1,0.0,0,oracle_season,2026,oracle_season_seed_2026,True
243,2025-09-01,9,2,77636.31687367879,77636.31687367879,0.0,0,20081.52506998754,14300.073684149367,18280.730954507293,1847.6557978450512,5825.062047742476,48722.35763463227,0.0,0.0,0.0,48722.357634632244,0,0.0,8.384404281969182e-13,0.046268834033980966,1,0,0,0,1,0.0,0,oracle_season,2026,oracle_season_seed_2026,True
244,2025-09-02,9,2,68874.35761263307,68874.35761263307,0.0,0,17480.838096186315,16751.423904035684,14087.187570482442,5825.062047742476,4751.2899896053705,44001.95636776347,0.0,0.0,0.0,44001.95636776347,0,0.0,8.171241461241152e-13,0.03163891704753041,1,0,0,0,1,0.0,0,oracle_season,2026,oracle_season_seed_2026,True
245,2025-09-03,9,2,68791.935121399,68791.935121399,0.0,0,16300.015540360648,14876.73468333176,11820.937014370102,4751.2899896053705,4533.3872422586255,43610.453696309625,0.0,0.0,0.0,43610.45369630964,0,0.0,7.958078640513122e-13,0.03357520804274827,1,0,0,0,1,0.0,0,oracle_season,2026,oracle_season_seed_2026,True
246,2025-09-04,9,2,69678.63843344053,69678.63843344053,0.0,0,18052.82493224221,16382.689457304383,14082.937408502714,4533.3872422586255,4390.929776670149,44413.5131070054,0.0,0.0,0.0,44413.513107005405,0,0.0,8.313350008393172e-13,0.031212417059578,1,0,0,0,1,0.0,0,oracle_season,2026,oracle_season_seed_2026,True
247,2025-09-05,9,2,34940.60859809462,34940.60859809462,0.0,0,12777.508036691945,11249.421810677457,26588.26070541347,4390.929776670149,4654.806481213927,20794.006808968144,0.0,0.0,0.0,20794.00680896814,0,0.0,7.291944825738028e-13,0.05799079209100455,1,0,0,0,1,0.0,0,oracle_season,2026,oracle_season_seed_2026,True
248,2025-09-06,9,2,35394.737115765216,35394.737115765216,0.0,0,14186.776019056933,11803.75899256492,25290.636389273204,4654.806481213927,5671.309487610237,21045.031344143474,0.0,0.0,0.0,21045.03134414347,0,0.0,9.094947017729282e-13,0.03906816605012864,1,0,0,0,1,0.0,0,oracle_season,2026,oracle_season_seed_2026,True
249,2025-09-07,9,2,67759.18068653051,67759.18068653051,0.0,0,16515.313261464442,15584.257455374947,11867.141263774347,5671.309487610237,4911.861607018811,43592.078244808166,0.0,0.0,0.0,43592.07824480816,0,0.0,9.094947017729282e-13,0.03299179207533598,1,0,0,0,1,0.0,0,oracle_season,2026,oracle_season_seed_2026,True
250,2025-09-08,9,2,59227.39560729907,59227.39560729907,1539.349807112319,70,15913.418490661883,17645.633361433098,3103.390751849267,4911.861607018811,1408.5252178707135,36603.70003340191,0.0,0.0,10382.109905415231,46985.809938817154,0,0.0,9.094947017729282e-13,0.049642874975688756,1,0,0,0,1,0.0,0,oracle_season,2026,oracle_season_seed_2026,True
251,2025-09-09,9,2,67890.21279193163,67890.21279193163,9.099616666666634,10,19586.33869484043,17041.57389894219,12251.713346033384,1408.5252178707135,2026.361462715184,41560.83687692816,0.0,0.0,60.96743166666645,41621.8043085948,0,0.0,9.094947017729282e-13,0.03166104096453637,1,0,0,0,1,0.0,0,oracle_season,2026,oracle_season_seed_2026,True
252,2025-09-10,9,2,63120.45310291578,63120.45310291578,1200.9753520544082,70,20266.494050964564,18361.677515214495,1100.6132692201204,2026.361462715184,1897.9383423790846,39256.267478941496,0.0,0.0,7392.749264415956,46649.01674335744,0,0.0,9.094947017729282e-13,0.05758579191751778,1,0,0,0,1,0.0,0,oracle_season,2026,oracle_season_seed_2026,True
253,2025-09-11,9,2,66774.5866196241,66774.5866196241,0.0,0,19468.478524616046,17342.020433063044,11152.042744737766,1897.9383423790846,2087.264157917827,40856.67281523494,0.0,0.0,0.0,40856.67281523494,0,0.0,8.242295734817162e-13,0.05410854204092175,1,0,0,0,1,0.0,0,oracle_season,2026,oracle_season_seed_2026,True
254,2025-09-12,9,2,29728.8212514532,29728.8212514532,615.4724500735805,50,13045.36232736596,12404.834377613592,18152.10955177441,2087.264157917827,1387.3379714352268,16339.97278847382,0.0,0.0,2447.57978303161,18787.552571505432,0,0.0,7.958078640513122e-13,0.05793812498450279,1,0,0,0,1,0.0,0,oracle_season,2026,oracle_season_seed_2026,True
255,2025-09-13,9,2,31359.88016688575,31359.88016688575,0.0,0,14316.877647353313,12787.87468836525,21823.77572456435,1387.3379714352268,1489.9171930286814,16874.333189008048,0.0,0.0,0.0,16874.333189008048,0,0.0,8.597567102697212e-13,0.05935666710138321,1,0,0,0,1,0.0,0,oracle_season,2026,oracle_season_seed_2026,True
256,2025-09-14,9,2,61082.90948095432,61082.90948095432,1130.3958247219625,90,20079.303233868108,18276.671833899818,311.34915570799876,1489.9171930286814,1273.5131266343428,37552.12735209591,0.0,0.0,6689.46848280244,44241.595834898355,0,0.0,9.094947017729282e-13,0.03744366706814617,1,0,0,0,1,0.0,0,oracle_season,2026,oracle_season_seed_2026,True
257,2025-09-15,9,2,67700.12647050757,67700.12647050757,81.3936985882417,30,20797.947276232564,18266.384500725108,10182.926760255024,1273.5131266343428,1749.7184617683765,41210.856221210284,0.0,0.0,561.7499264576692,41772.60614766796,0,0.0,9.094947017729282e-13,0.06126658304128796,1,0,0,0,1,0.0,0,oracle_season,2026,oracle_season_seed_2026,True
258,2025-09-16,9,2,64539.35760408323,64539.35760408323,8.238266666666732,10,19694.254457509353,17915.123876804595,3276.695306711805,1749.7184617683765,1549.1300615749403,40119.612306050694,0.0,0.0,55.3817476666671,40174.99405371735,0,0.0,9.094947017729282e-13,0.03753008402418345,1,0,0,0,1,0.0,0,oracle_season,2026,oracle_season_seed_2026,True
259,2025-09-17,9,2,68430.46508203684,68430.46508203684,3.7817087700512957,10,20920.72656937815,18470.760053356702,6024.161874785448,1549.1300615749403,1926.38331333881,41758.94693888351,0.0,0.0,17.20488404934837,41776.15182293284,0,0.0,9.094947017729282e-13,0.03847866703290492,1,0,0,0,1,0.0,0,oracle_season,2026,oracle_season_seed_2026,True
260,2025-09-18,9,2,65736.78789410813,65736.78789410813,14.769876945734005,10,19936.737462374356,18254.728141546377,5113.497333559209,1926.38331333881,1597.8601633582937,40469.46789588248,0.0,0.0,57.33666230333941,40526.80455818584,0,0.0,8.277822871605167e-13,0.060588916996493936,1,0,0,0,1,0.0,0,oracle_season,2026,oracle_season_seed_2026,True
261,2025-09-19,9,2,30898.226100231594,30898.226100231594,52.76951014236762,20,14657.689374461945,13304.925690972259,13496.879610217602,1597.8601633582937,1478.7421666688522,16745.509299246194,0.0,0.0,195.86115568609716,16941.370454932287,0,0.0,8.313350008393172e-13,0.058926875004544854,1,0,0,0,1,0.0,0,oracle_season,2026,oracle_season_seed_2026,True
262,2025-09-20,9,2,31642.571977785097,31642.571977785097,173.89767653709595,50,14961.10198462356,13228.79641496158,14438.73035132688,1478.7421666688522,1727.7139485954322,17204.2294894396,0.0,0.0,731.1486665794145,17935.378156019015,0,0.0,9.094947017729282e-13,0.05740862502716482,1,0,0,0,1,0.0,0,oracle_season,2026,oracle_season_seed_2026,True
263,2025-09-21,9,2,67284.4441729977,67284.4441729977,214.4456115471309,30,19203.76527890008,17352.59864999879,7360.235672310206,1727.7139485954322,1654.7603094505916,41344.26151845057,0.0,0.0,1403.4787118749064,42747.74023032547,0,0.0,8.952838470577262e-13,0.0542771250475198,1,0,0,0,1,0.0,0,oracle_season,2026,oracle_season_seed_2026,True
264,2025-09-22,9,2,65205.987619560336,65205.987619560336,521.4175144566962,80,20461.540839903762,18598.380507218477,3250.2249179984133,1654.7603094505916,1461.8679588831035,39947.25637764011,0.0,0.0,3057.3060265735176,43004.56240421361,0,0.0,9.041656312547275e-13,0.0322750840568915,1,0,0,0,1,0.0,0,oracle_season,2026,oracle_season_seed_2026,True
265,2025-09-23,9,2,70073.46118494187,70073.46118494187,16.609366666666688,20,21324.60687578017,18634.985347757956,5283.833440253002,1461.8679588831035,2049.1670518355495,43054.91133402959,0.0,0.0,111.5664441666668,43166.47777819625,0,0.0,8.846257060213247e-13,0.03230437508318573,1,0,0,0,1,0.0,0,oracle_season,2026,oracle_season_seed_2026,True
266,2025-09-24,9,2,69998.53578592377,69998.53578592377,0.0,0,20959.08109055946,18585.52228856497,6561.751883929289,2049.1670518355495,2341.83657970549,43197.74800494086,0.0,0.0,0.0,43197.74800494086,0,0.0,9.023892744153272e-13,0.05550658400170505,1,0,0,0,1,0.0,0,oracle_season,2026,oracle_season_seed_2026,True
267,2025-09-25,9,2,67429.67380825809,67429.67380825809,15.371666666666556,10,19966.379299368335,18520.771047907307,5663.988323463727,2341.83657970549,1761.0002989275608,41738.51095148008,0.0,0.0,103.49743166666592,41842.008383146764,0,0.0,9.094947017729282e-13,0.037163958069868386,1,0,0,0,1,0.0,0,oracle_season,2026,oracle_season_seed_2026,True
268,2025-09-26,9,2,31770.81030837096,31770.81030837096,0.0,0,14266.742080898992,13231.603287724793,13041.428015196769,1761.0002989275608,1348.285733676669,17334.779681652948,0.0,0.0,0.0,17334.779681652944,0,0.0,9.094947017729282e-13,0.05402491590939462,1,0,0,0,1,0.0,0,oracle_season,2026,oracle_season_seed_2026,True
269,2025-09-27,9,2,32290.95377683833,32290.95377683833,296.2354783563742,60,15364.564290938917,13962.519767635633,13383.842481891419,1348.285733676669,1206.603144695894,17512.889025263383,0.0,0.0,1583.0471962816166,19095.936221545002,0,0.0,7.958078640513122e-13,0.0471405420685187,1,0,0,0,1,0.0,0,oracle_season,2026,oracle_season_seed_2026,True
270,2025-09-28,9,2,68515.94762680953,68515.94762680953,814.9338185715685,80,21762.7618506877,19448.656017157497,3529.14644518422,1206.603144695894,1351.8883507753792,42027.69403769947,0.0,0.0,4119.962907342397,46147.65694504189,0,0.0,8.952838470577262e-13,0.06863308395259082,1,0,0,0,1,0.0,0,oracle_season,2026,oracle_season_seed_2026,True
271,2025-09-29,9,2,71049.19298161063,71049.19298161063,95.51566567333839,30,21543.100788351647,19117.886335599265,5959.602594531585,1351.8883507753792,1637.4466340021495,43594.48146754055,0.0,0.0,605.781294366687,44200.26276190726,0,0.0,9.094947017729282e-13,0.036920374957844615,1,0,0,0,1,0.0,0,oracle_season,2026,oracle_season_seed_2026,True
272,2025-09-30,9,2,72041.56185743582,72041.56185743582,25.54511113456101,10,22150.285136200368,19438.968544297823,3933.615610001174,1637.4466340021495,2160.580201655703,44740.10050082905,0.0,0.0,172.59554338066147,44912.69604420972,0,0.0,9.094947017729282e-13,0.037706792005337775,1,0,0,0,1,0.0,0,oracle_season,2026,oracle_season_seed_2026,True
273,2025-10-01,10,2,71972.38832486502,71972.38832486502,0.0,0,18789.802969125052,15403.35381411967,18924.417636526312,2160.580201655703,3749.5918994379194,44573.455949921794,0.0,0.0,0.0,44573.455949921794,0,0.0,8.810729923425242e-13,0.03327720903325826,1,0,0,0,1,0.0,0,oracle_season,2026,oracle_season_seed_2026,True
274,2025-10-02,10,2,60572.07795934678,60572.07795934678,0.0,0,19630.239620826498,17450.511925062026,6661.567146915641,3749.5918994379194,3978.0176914036283,37964.335657412696,0.0,0.0,0.0,37964.33565741269,0,0.0,9.094947017729282e-13,0.036413999972864985,1,0,0,0,1,0.0,0,oracle_season,2026,oracle_season_seed_2026,True
275,2025-10-03,10,2,28300.15726827853,28300.15726827853,0.0,0,12921.145106630402,12150.061230496922,19711.91969214505,3978.0176914036283,3428.8031794582334,15507.463287870336,0.0,0.0,0.0,15507.463287870343,0,0.0,9.094947017729282e-13,0.05920291703660041,1,0,0,0,1,0.0,0,oracle_season,2026,oracle_season_seed_2026,True
276,2025-10-04,10,2,30319.98666709613,30319.98666709613,0.0,0,13735.547412737062,12257.51875842459,15745.975579450325,3428.8031794582334,3538.9283532158556,16668.10857238438,0.0,0.0,0.0,16668.108572384386,0,0.0,8.526512829121202e-13,0.0614150840556249,1,0,0,0,1,0.0,0,oracle_season,2026,oracle_season_seed_2026,True
277,2025-10-05,10,2,65983.33552852107,65983.33552852107,0.0,0,18974.6862593074,17209.759589771722,9482.44779231872,3538.9283532158556,3399.2168639681504,40882.90089818518,0.0,0.0,0.0,40882.90089818518,0,0.0,8.952838470577262e-13,0.0587280000327155,1,0,0,0,1,0.0,0,oracle_season,2026,oracle_season_seed_2026,True
278,2025-10-06,10,2,65215.855722164415,65215.855722164415,0.0,0,19292.723959831357,17457.25348028118,5647.2759926142335,3399.2168639681504,3300.3409623625075,40581.51027524606,0.0,0.0,0.0,40581.51027524608,0,0.0,8.739675649849232e-13,0.0623564999550581,1,0,0,0,1,0.0,0,oracle_season,2026,oracle_season_seed_2026,True
279,2025-10-07,10,2,68485.2664508512,68485.2664508512,0.0,0,20067.564401800566,17691.541858724333,8337.68090777496,3300.3409623625075,3689.5816116445185,42592.12157161509,0.0,0.0,0.0,42592.12157161509,0,0.0,9.094947017729282e-13,0.03268583305180073,1,0,0,0,1,0.0,0,oracle_season,2026,oracle_season_seed_2026,True
280,2025-10-08,10,2,61879.45349119375,61879.45349119375,0.0,0,18777.433490705644,18637.338170401323,5260.862504222767,3689.5816116445185,1857.939764110151,37680.53947394746,0.0,0.0,0.0,37680.53947394744,0,0.0,8.65085780787922e-13,0.03765183303039521,1,0,0,0,1,0.0,0,oracle_season,2026,oracle_season_seed_2026,True
281,2025-10-09,10,2,62683.98234334435,62683.98234334435,100.72925288095485,30,20786.613595810435,18929.610309432228,5167.7266265137705,1857.939764110151,1624.2916397483807,37752.4202705076,0.0,0.0,656.3810157595561,38408.801286267175,0,0.0,9.094947017729282e-13,0.06190041603986174,1,0,0,0,1,0.0,0,oracle_season,2026,oracle_season_seed_2026,True
282,2025-10-10,10,2,29252.52279236805,29252.52279236805,223.05104902148292,40,14838.89426123281,13757.523227241287,19050.591890731343,1624.2916397483807,1200.0,15118.534387554562,0.0,0.0,763.7073480954059,15882.241735649966,0,0.0,7.958078640513122e-13,0.055206208024173975,1,0,0,0,1,0.0,0,oracle_season,2026,oracle_season_seed_2026,True
283,2025-10-11,10,2,31437.54555922629,31437.54555922629,0.0,0,15651.721518352886,13578.02872330496,15257.539180845033,1200.0,1736.027823255255,16191.815112706028,0.0,0.0,0.0,16191.815112706034,0,0.0,7.958078640513122e-13,0.0522800829494372,1,0,0,0,1,0.0,0,oracle_season,2026,oracle_season_seed_2026,True
284,2025-10-12,10,2,65273.6251540731,65273.6251540731,142.43975949201877,20,20326.384923707592,18741.182191582047,5315.906198106243,1736.027823255255,1264.38912026062,39387.412822175735,0.0,0.0,945.6883550163229,40333.10117719206,0,0.0,9.094947017729282e-13,0.03412537497933954,1,0,0,0,1,0.0,0,oracle_season,2026,oracle_season_seed_2026,True
285,2025-10-13,10,2,67010.1181503548,67010.1181503548,0.0,0,21843.447187294285,18968.811026971314,7108.086690031819,1264.38912026062,1992.0201885128552,40413.494043995874,0.0,0.0,0.0,40413.494043995874,0,0.0,8.22453216642316e-13,0.05538100004196167,1,0,0,0,1,0.0,0,oracle_season,2026,oracle_season_seed_2026,True
286,2025-10-14,10,2,66056.76561902711,66056.76561902711,43.97177553356786,10,21541.003555300238,19520.32316869541,3306.227724622513,1992.0201885128552,1851.3831927953502,40165.53394299687,0.0,0.0,207.15103453863819,40372.684977535515,0,0.0,8.597567102697212e-13,0.0513142499839887,1,0,0,0,1,0.0,0,oracle_season,2026,oracle_season_seed_2026,True
287,2025-10-15,10,2,67326.63449200052,67326.63449200052,0.0,0,21146.59791739732,18902.790642713106,3162.8035673163067,1851.3831927953502,1987.5165928561223,40969.35105093544,0.0,0.0,0.0,40969.35105093545,0,0.0,9.094947017729282e-13,0.05342350003775209,1,0,0,0,1,0.0,0,oracle_season,2026,oracle_season_seed_2026,True
288,2025-10-16,10,2,67923.76724700358,67923.76724700358,614.72911803829,10,21908.067820939395,19882.19762996369,3546.1532240661636,1987.5165928561223,1813.6581603769405,41313.31694490943,0.0,0.0,4288.3503274351115,45601.667272344566,0,0.0,8.810729923425242e-13,0.06863875000271946,1,0,0,0,1,0.0,0,oracle_season,2026,oracle_season_seed_2026,True
289,2025-10-17,10,2,31406.218577355314,31406.218577355314,0.0,0,14856.468643194528,13676.45599778546,14222.006615279579,1813.6581603769405,1491.491406162503,16600.50457045796,0.0,0.0,0.0,16600.50457045796,0,0.0,9.094947017729282e-13,0.05274041707161814,1,0,0,0,1,0.0,0,oracle_season,2026,oracle_season_seed_2026,True
290,2025-10-18,10,2,31801.36990317406,31801.36990317406,0.0,0,15362.823276314075,13227.818310647024,13589.77167084034,1491.491406162503,2122.600480461567,16671.050634764295,0.0,0.0,0.0,16671.05063476429,0,0.0,8.455458555545192e-13,0.046511083957739174,1,0,0,0,1,0.0,0,oracle_season,2026,oracle_season_seed_2026,True
291,2025-10-19,10,2,67793.48693109077,67793.48693109077,627.2470993433467,70,22092.712106806226,20389.511785683586,2831.811175978141,2122.600480461567,1589.1549242913213,41134.20068588943,0.0,0.0,4172.107786529402,45306.30847241884,0,0.0,9.094947017729282e-13,0.0336314580636099,1,0,0,0,1,0.0,0,oracle_season,2026,oracle_season_seed_2026,True
292,2025-10-20,10,2,70780.6482002929,70780.6482002929,345.20535755246226,40,22020.248015428606,19579.277239111572,4244.1004148616485,1589.1549242913213,1841.0260969631606,43381.02697196481,0.0,0.0,1655.4821465379832,45036.5091185028,0,0.0,8.739675649849232e-13,0.03136458294466138,1,0,0,0,1,0.0,0,oracle_season,2026,oracle_season_seed_2026,True
293,2025-10-21,10,2,72852.29089020885,72852.29089020885,0.0,0,20841.7929733564,18296.711853509674,3844.6284203621285,1841.0260969631606,2326.8592759157214,44865.24550921349,0.0,0.0,0.0,44865.24550921349,0,0.0,9.094947017729282e-13,0.038897415972314775,1,0,0,0,1,0.0,0,oracle_season,2026,oracle_season_seed_2026,True
294,2025-10-22,10,2,72504.4328637312,72504.4328637312,105.55470436960641,20,21220.784341741346,19515.73823622097,5350.044762580434,2326.8592759157214,1887.2686037591284,44365.33812218112,0.0,0.0,515.2907355293963,44880.6288577105,0,0.0,9.094947017729282e-13,0.020740457926876843,1,0,0,0,1,0.0,0,oracle_season,2026,oracle_season_seed_2026,True
295,2025-10-23,10,2,72353.61757826124,72353.61757826124,0.0,0,20821.243220880813,18415.296925186813,6568.174249233897,1887.2686037591284,2228.606934761011,44514.29299439483,0.0,0.0,0.0,44514.29299439481,0,0.0,8.615330671091215e-13,0.05767012503929436,1,0,0,0,1,0.0,0,oracle_season,2026,oracle_season_seed_2026,True
296,2025-10-24,10,2,31085.416601843666,31085.416601843666,0.0,0,15292.352682689958,14462.8958109183,11835.909013405342,2228.606934761011,1490.975737990346,16436.815710072908,0.0,0.0,0.0,16436.815710072908,0,0.0,8.899547765395255e-13,0.05642491590697318,1,0,0,0,1,0.0,0,oracle_season,2026,oracle_season_seed_2026,True
297,2025-10-25,10,2,32993.412447957,32993.412447957,0.0,0,15694.167903012914,13941.814775137613,11842.626586748365,1490.975737990346,1683.8075691714498,17295.030803903897,0.0,0.0,0.0,17295.0308039039,0,0.0,9.094947017729282e-13,0.0532565830508247,1,0,0,0,1,0.0,0,oracle_season,2026,oracle_season_seed_2026,True
298,2025-10-26,10,2,72024.96916039062,72024.96916039062,0.0,0,21264.297250570235,18796.541049509906,5012.900942663626,1683.8075691714498,2043.5972658012038,44168.237993801624,0.0,0.0,0.0,44168.237993801624,0,0.0,8.597567102697212e-13,0.031457875040359795,1,0,0,0,1,0.0,0,oracle_season,2026,oracle_season_seed_2026,True
299,2025-10-27,10,2,73303.48079465376,73303.48079465376,19.744933333333393,10,20775.02760975158,18624.969891039076,7620.586342607921,2043.5972658012038,2120.0769064636233,45122.38067982607,0.0,0.0,92.4852677333336,45214.86594755942,0,0.0,9.094947017729282e-13,0.016038042027503252,1,0,0,0,1,0.0,0,oracle_season,2026,oracle_season_seed_2026,True
300,2025-10-28,10,2,73950.84388314918,73950.84388314918,0.0,0,21546.44232825964,19058.526716792356,5490.506571681895,2120.0769064636233,2471.375784947273,45656.025489948355,0.0,0.0,0.0,45656.02548994838,0,0.0,8.881784197001252e-13,0.016483624931424856,1,0,0,0,1,0.0,0,oracle_season,2026,oracle_season_seed_2026,True
301,2025-10-29,10,2,73779.06774995255,73779.06774995255,0.0,0,21801.62554401481,19881.90057316472,2547.085979102467,2471.375784947273,2196.8504675029917,45684.62337931942,0.0,0.0,0.0,45684.62337931944,0,0.0,8.952838470577262e-13,0.015608083107508719,1,0,0,0,1,0.0,0,oracle_season,2026,oracle_season_seed_2026,True
302,2025-10-30,10,2,75029.37390775126,75029.37390775126,3.6418333333332384,10,20056.120337553664,18029.246265157162,8218.324018688105,2196.8504675029917,2219.2626241044923,46267.02220277232,0.0,0.0,17.05834733333289,46284.08055010566,0,0.0,9.094947017729282e-13,0.020163459004834294,1,0,0,0,1,0.0,0,oracle_season,2026,oracle_season_seed_2026,True
303,2025-10-31,10,2,32984.32764927909,32984.32764927909,0.0,0,15610.734564527838,14306.898010579003,7776.199028663592,2219.2626241044923,1948.1111207181089,17715.72598504173,0.0,0.0,0.0,17715.725985041732,0,0.0,7.958078640513122e-13,0.07522370899096131,1,0,0,0,1,0.0,0,oracle_season,2026,oracle_season_seed_2026,True
304,2025-11-01,11,2,34007.75027591538,34007.75027591538,0.0,0,15982.426631029906,13818.380317396848,9299.665528948988,1948.1111207181089,2544.520535422424,18230.315490367135,0.0,0.0,0.0,18230.31549036714,0,0.0,9.094947017729282e-13,0.06837470806203783,1,0,0,0,1,0.0,0,oracle_season,2026,oracle_season_seed_2026,True
305,2025-11-02,11,2,73284.70586070017,73284.70586070017,146.65159184616164,10,21491.442788726774,20251.09144676561,3394.6221772518265,2544.520535422424,1586.568668051065,45208.81289529805,0.0,0.0,1023.0415047188235,46231.85440001686,0,0.0,8.641976023682219e-13,0.019728458020836115,1,0,0,0,1,0.0,0,oracle_season,2026,oracle_season_seed_2026,True
306,2025-11-03,11,2,75524.35878087772,75524.35878087772,0.0,0,20425.692725968533,17805.157671217778,3398.893442793648,1586.568668051065,2195.798095133402,46902.00415713338,0.0,0.0,0.0,46902.00415713337,0,0.0,8.693046282814976e-13,0.015238624997437,1,0,0,0,1,0.0,0,oracle_season,2026,oracle_season_seed_2026,True
307,2025-11-04,11,2,76585.44641177026,76585.44641177026,27.723043448868225,20,20450.68267209285,18637.81065466611,7220.22540445905,2195.798095133402,1951.041757312659,47377.25242242103,0.0,0.0,129.0452800121341,47506.29770243318,0,0.0,9.094947017729282e-13,0.021528791985474527,1,0,0,0,1,0.0,0,oracle_season,2026,oracle_season_seed_2026,True
308,2025-11-05,11,2,76162.74491671842,76162.74491671842,0.0,0,20688.961737113757,18138.465188685732,3934.228301623728,1951.041757312659,2458.6931260110628,47469.122519853365,0.0,0.0,0.0,47469.12251985335,0,0.0,8.810729923425242e-13,0.015697750030085444,1,0,0,0,1,0.0,0,oracle_season,2026,oracle_season_seed_2026,True
309,2025-11-06,11,2,74875.77894964842,74875.77894964842,1070.7749639122278,80,21336.743911880723,19607.05026870055,2847.2757203804767,2458.6931260110628,2032.860027823242,46406.7177893501,0.0,0.0,5165.17448921597,51571.89227856607,0,0.0,9.023892744153272e-13,0.02483512496110052,1,0,0,0,1,0.0,0,oracle_season,2026,oracle_season_seed_2026,True
310,2025-11-07,11,2,33543.9118519943,33543.9118519943,0.0,0,16761.338893963264,15485.327479302703,8949.43865400041,2032.860027823242,1611.0939067605025,17851.659472542826,0.0,0.0,0.0,17851.65947254283,0,0.0,9.094947017729282e-13,0.05639604199677706,1,0,0,0,1,0.0,0,oracle_season,2026,oracle_season_seed_2026,True
311,2025-11-08,11,2,35055.712120021744,35055.712120021744,0.0,0,16605.29455032906,14254.772332224062,8913.982801916745,1611.0939067605025,2338.410140207414,18528.79413926706,0.0,0.0,0.0,18528.794139267062,0,0.0,8.526512829121202e-13,0.047295750002376735,1,0,0,0,1,0.0,0,oracle_season,2026,oracle_season_seed_2026,True
312,2025-11-09,11,2,75928.9231415305,75928.9231415305,0.0,0,22013.394726889786,20236.52987715203,2805.241108459408,2338.410140207414,1890.974601051728,47255.4316141267,0.0,0.0,0.0,47255.431614126705,0,0.0,9.094947017729282e-13,0.01672137505374849,1,0,0,0,1,0.0,0,oracle_season,2026,oracle_season_seed_2026,True
313,2025-11-10,11,2,78733.11379231961,78733.11379231961,0.0,0,23476.24646272378,21106.59583418712,2505.020063782942,1890.974601051728,1914.192024937592,48740.693282772874,0.0,0.0,0.0,48740.69328277286,0,0.0,9.094947017729282e-13,0.024657250032760203,1,0,0,0,1,0.0,0,oracle_season,2026,oracle_season_seed_2026,True
314,2025-11-11,11,2,80333.37441692466,80333.37441692466,0.0,0,22222.13429738176,19642.297241630222,6194.51769450645,1914.192024937592,2291.1604260344243,50098.517833037426,0.0,0.0,0.0,50098.517833037404,0,0.0,9.023892744153272e-13,0.015939916018396616,1,0,0,0,1,0.0,0,oracle_season,2026,oracle_season_seed_2026,True
315,2025-11-12,11,2,78206.61944890482,78206.61944890482,11.773333333333312,10,22874.945673419785,20569.115898284443,4956.575257102821,2291.1604260344243,2310.4874320342515,48613.45320653809,0.0,0.0,51.56131333333324,48665.01451987142,0,0.0,9.094947017729282e-13,0.015793125028721988,1,0,0,0,1,0.0,0,oracle_season,2026,oracle_season_seed_2026,True
316,2025-11-13,11,2,78304.85422401855,78304.85422401855,2.0105333333332283,10,21910.416122623323,19688.900679036204,3689.4779970981012,2310.4874320342515,2342.6096707069514,48876.9874254071,0.0,0.0,9.41733813333284,48886.40476354043,0,0.0,9.094947017729282e-13,0.02086908300407231,1,0,0,0,1,0.0,0,oracle_season,2026,oracle_season_seed_2026,True
317,2025-11-14,11,2,34096.34514652234,34096.34514652234,0.0,0,16056.786670045065,14883.434020456527,5324.537196933806,2342.6096707069514,1886.8980351122545,18291.455746534524,0.0,0.0,0.0,18291.45574653452,0,0.0,8.526512829121202e-13,0.053980750031769276,1,0,0,0,1,0.0,0,oracle_season,2026,oracle_season_seed_2026,True
318,2025-11-15,11,2,35631.40302744489,35631.40302744489,0.0,0,17092.19577017667,14971.33128559188,5298.65162619343,1886.8980351122545,2320.8098668194516,19140.456318144472,0.0,0.0,0.0,19140.456318144476,0,0.0,9.094947017729282e-13,0.06391179200727493,1,0,0,0,1,0.0,0,oracle_season,2026,oracle_season_seed_2026,True
319,2025-11-16,11,2,79604.17939587255,79604.17939587255,0.0,0,22907.812261000065,21041.018853592737,3302.8416051318936,2320.8098668194516,1873.8874644076614,49761.33982536802,0.0,0.0,0.0,49761.33982536802,0,0.0,8.562039965909207e-13,0.024440250010229647,1,0,0,0,1,0.0,0,oracle_season,2026,oracle_season_seed_2026,True
320,2025-11-17,11,2,82164.92287105245,82164.92287105245,0.0,0,22269.51131818071,19517.458928148728,6717.116147687132,1873.8874644076614,2427.3927904663806,51531.62228841629,0.0,0.0,0.0,51531.622288416256,0,0.0,9.094947017729282e-13,0.020590542000718415,1,0,0,0,1,0.0,0,oracle_season,2026,oracle_season_seed_2026,True
321,2025-11-18,11,2,81009.27343799731,81009.27343799731,0.0,0,21468.887834186964,19292.01061543476,3941.8443859117697,2427.3927904663806,2459.003376839239,51093.394935838754,0.0,0.0,0.0,51093.39493583876,0,0.0,9.094947017729282e-13,0.020216041011735797,1,0,0,0,1,0.0,0,oracle_season,2026,oracle_season_seed_2026,True
322,2025-11-19,11,2,80918.75401515927,80918.75401515927,1.384999999999991,10,23444.96445343314,21402.32865942994,3509.191621156067,2459.003376839239,2140.814312100335,50737.60185027172,0.0,0.0,6.301057499999959,50743.90290777174,0,0.0,9.094947017729282e-13,0.01657808304298669,1,0,0,0,1,0.0,0,oracle_season,2026,oracle_season_seed_2026,True
323,2025-11-20,11,2,81299.3521009417,81299.3521009417,0.0,0,22281.68732845399,19979.88417672227,4204.472915876649,2140.814312100335,2218.431804721558,50997.94415823752,0.0,0.0,0.0,50997.94415823754,0,0.0,9.094947017729282e-13,0.016294875065796077,1,0,0,0,1,0.0,0,oracle_season,2026,oracle_season_seed_2026,True
324,2025-11-21,11,2,34702.60952917,34702.60952917,0.0,0,16728.299307207664,15403.126165147023,4513.052320442694,2218.431804721558,1851.9693726596295,18753.800280869862,0.0,0.0,0.0,18753.80028086986,0,0.0,8.526512829121202e-13,0.07473125006072223,1,0,0,0,1,0.0,0,oracle_season,2026,oracle_season_seed_2026,True
325,2025-11-22,11,2,37174.29115393256,37174.29115393256,0.0,0,17434.77821434322,15037.446585833946,4557.1300420899515,1851.9693726596295,2541.1918017026896,20045.433554919724,0.0,0.0,0.0,20045.433554919724,0,0.0,9.094947017729282e-13,0.066304708016105,1,0,0,0,1,0.0,0,oracle_season,2026,oracle_season_seed_2026,True
326,2025-11-23,11,2,82005.12314670882,82005.12314670882,0.0,0,22336.42580243491,20529.82503191637,4966.426092856933,2541.1918017026896,2091.0502100856706,51725.18115127177,0.0,0.0,0.0,51725.18115127178,0,0.0,9.094947017729282e-13,0.016139499959535897,1,0,0,0,1,0.0,0,oracle_season,2026,oracle_season_seed_2026,True
327,2025-11-24,11,2,82065.53118676718,82065.53118676718,18.839666666666517,10,21329.62801218923,19336.93873733088,5929.73787857549,2091.0502100856706,1943.1889305113125,51472.07373667902,0.0,0.0,88.24499866666596,51560.31873534568,0,0.0,9.094947017729282e-13,0.015975582995451987,1,0,0,0,1,0.0,0,oracle_season,2026,oracle_season_seed_2026,True
328,2025-11-25,11,2,83117.34196962009,83117.34196962009,0.0,0,23660.614194126443,20873.227292924486,4161.294601751474,1943.1889305113125,2387.3049834186572,52114.59263485065,0.0,0.0,0.0,52114.592634850684,0,0.0,9.094947017729282e-13,0.03096562495920807,1,0,0,0,1,0.0,0,oracle_season,2026,oracle_season_seed_2026,True
329,2025-11-26,11,2,83451.42190149054,83451.42190149054,32.99316666666664,10,23032.20798877976,20439.959083665457,4134.499279709564,2387.3049834186572,2691.967357922633,52680.03093708661,0.0,0.0,154.53999266666654,52834.57092975329,0,0.0,9.094947017729282e-13,0.020794249954633415,1,0,0,0,1,0.0,0,oracle_season,2026,oracle_season_seed_2026,True
330,2025-11-27,11,2,82652.73917637188,82652.73917637188,0.0,0,22670.016738578008,20532.901887019798,4734.731591480333,2691.967357922633,2555.054625753216,52014.245352453,0.0,0.0,0.0,52014.245352452985,0,0.0,9.094947017729282e-13,0.01668670796789229,1,0,0,0,1,0.0,0,oracle_season,2026,oracle_season_seed_2026,True
331,2025-11-28,11,2,35815.45819221885,35815.45819221885,0.0,0,17046.360013869493,15950.171396686867,3798.0310250362218,2555.054625753216,1913.6947689341453,19398.656601422797,0.0,0.0,0.0,19398.6566014228,0,0.0,6.821210263296962e-13,0.06797791598364711,1,0,0,0,1,0.0,0,oracle_season,2026,oracle_season_seed_2026,True
332,2025-11-29,11,2,38387.65929565146,38387.65929565146,0.0,0,17819.81514598291,15466.866915499162,1105.260965167709,1913.6947689341453,2515.546532382244,20618.251099024565,0.0,0.0,0.0,20618.25109902456,0,0.0,9.023892744153272e-13,0.05217462498694658,1,0,0,0,1,0.0,0,oracle_season,2026,oracle_season_seed_2026,True
333,2025-11-30,11,2,85179.799666506,85179.799666506,6.062833333333401,10,23995.10064284756,22061.350772890866,3007.28451321599,2515.546532382244,2024.5921798758045,53722.678839154694,0.0,0.0,28.398311333333652,53751.077150488025,0,0.0,9.094947017729282e-13,0.014753625029698014,1,0,0,0,1,0.0,0,oracle_season,2026,oracle_season_seed_2026,True
334,2025-12-01,12,2,86585.29170993614,86585.29170993614,3381.0728962453913,140,25449.97664352613,22816.329830668703,1033.7900599907757,2024.5921798758045,2118.036587179045,54521.34853567172,0.0,0.0,16447.48904134361,70968.83757701534,0,0.0,9.094947017729282e-13,0.01404158293735236,1,0,0,0,1,0.0,0,oracle_season,2026,oracle_season_seed_2026,True
335,2025-12-02,12,2,86519.76778746012,86519.76778746012,4081.0861189681746,160,24742.44581598973,22802.251631711406,22.849772149961723,2118.036587179045,1555.0980402286743,54582.38112707191,0.0,0.0,20652.739603221955,75235.12073029386,0,0.0,9.094947017729282e-13,0.01566683396231383,1,0,0,0,1,0.0,0,oracle_season,2026,oracle_season_seed_2026,True
336,2025-12-03,12,2,89213.3737745512,89213.3737745512,1227.3307902031681,70,25928.399412885825,23104.099218462987,453.655803664862,1555.0980402286743,1799.0785694631263,56398.37684800425,0.0,0.0,6056.35079792478,62454.72764592904,0,0.0,9.094947017729282e-13,0.013926542014814913,1,0,0,0,1,0.0,0,oracle_season,2026,oracle_season_seed_2026,True
337,2025-12-04,12,2,86850.64033798441,86850.64033798441,3986.7849736539624,160,24239.372323654658,21834.5166545154,1661.3608924991265,1799.0785694631263,1778.9648357593508,54757.566021046274,0.0,0.0,19412.103952131765,74169.66997317804,0,0.0,9.094947017729282e-13,0.015334792085923254,1,0,0,0,1,0.0,0,oracle_season,2026,oracle_season_seed_2026,True
338,2025-12-05,12,2,41453.58191457948,41453.58191457948,1413.0648383251755,80,18998.319091517125,17599.03355049531,155.73352854950747,1778.9648357593508,1251.3426364874795,22235.380571812177,0.0,0.0,7712.332853321066,29947.713425133246,0,0.0,9.094947017729282e-13,0.04305108403787017,1,0,0,0,1,0.0,0,oracle_season,2026,oracle_season_seed_2026,True
339,2025-12-06,12,2,41829.14376238354,41829.14376238354,3822.6611056302704,180,17710.45951831158,15723.28546696444,0.0,1251.3426364874795,1479.1616567654935,21981.014602532836,0.0,0.0,23424.79582375414,45405.810426286975,0,0.0,8.242295734817162e-13,0.057736749993637204,1,0,0,0,1,0.0,0,oracle_season,2026,oracle_season_seed_2026,True
340,2025-12-07,12,2,89264.82440738792,89264.82440738792,1814.0114355159574,110,26007.48807234731,23296.134650539585,714.8011710961432,1479.1616567654935,1595.749157357392,56321.77863641516,0.0,0.0,8972.595094407265,65294.37373082244,0,0.0,9.094947017729282e-13,0.01518329104874283,1,0,0,0,1,0.0,0,oracle_season,2026,oracle_season_seed_2026,True
341,2025-12-08,12,2,95518.94483969876,95518.94483969876,0.0,0,25184.152296640183,21920.737393404932,4408.3188197968375,1595.749157357392,2381.047765546409,60912.435399432274,0.0,0.0,0.0,60912.435399432274,0,0.0,9.094947017729282e-13,0.01433583302423358,1,0,0,0,1,0.0,0,oracle_season,2026,oracle_season_seed_2026,True
342,2025-12-09,12,2,95905.84235121844,95905.84235121844,43.89804152326087,20,24870.11107667998,22430.096608998094,6121.2716583931515,2381.047765546409,2331.5089573027235,61485.524940820476,0.0,0.0,255.6831709345588,61741.20811175501,0,0.0,9.094947017729282e-13,0.016439583036117256,1,0,0,0,1,0.0,0,oracle_season,2026,oracle_season_seed_2026,True
343,2025-12-10,12,2,94549.2304491463,94549.2304491463,24.785680423292774,10,24201.15612912592,21709.965069296184,3695.2066030731917,2331.5089573027235,2406.4290566269137,60446.06706950421,0.0,0.0,116.09612710270335,60562.16319660694,0,0.0,9.094947017729282e-13,0.01422045798972249,1,0,0,0,1,0.0,0,oracle_season,2026,oracle_season_seed_2026,True
344,2025-12-11,12,2,95130.23681996684,95130.23681996684,10.410671278777613,20,24032.667011088855,21708.524192665296,6855.249972822065,2406.4290566269137,2323.0251610930477,60683.07774896165,0.0,0.0,53.90869633378661,60736.98644529545,0,0.0,9.094947017729282e-13,0.014380541048012674,1,0,0,0,1,0.0,0,oracle_season,2026,oracle_season_seed_2026,True
345,2025-12-12,12,2,47371.428435423826,47371.428435423826,0.0,0,19345.749894861197,17440.817282781973,1752.0823400112708,2323.0251610930477,2291.779351803674,24966.605941811325,0.0,0.0,0.0,24966.60594181133,0,0.0,9.023892744153272e-13,0.03525316703598946,1,0,0,0,1,0.0,0,oracle_season,2026,oracle_season_seed_2026,True
346,2025-12-13,12,2,49894.817272329004,49894.817272329004,0.0,0,19698.335500814075,17593.609223539595,3991.5576117211904,2291.779351803674,2433.9687710442877,26070.888651800033,0.0,0.0,0.0,26070.88865180004,0,0.0,9.023892744153272e-13,0.03807791601866484,1,0,0,0,1,0.0,0,oracle_season,2026,oracle_season_seed_2026,True
347,2025-12-14,12,2,95773.69911531542,95773.69911531542,0.0,0,24397.300856082118,22187.262399065767,4784.938858299093,2433.9687710442877,2191.8525357697094,61487.93772334513,0.0,0.0,0.0,61487.93772334512,0,0.0,9.094947017729282e-13,0.01483766594901681,1,0,0,0,1,0.0,0,oracle_season,2026,oracle_season_seed_2026,True
348,2025-12-15,12,2,95524.1224210667,95524.1224210667,0.0,0,25510.88028829617,22918.670256518308,3462.35442262216,2191.8525357697094,2235.1989328579134,60809.18104550596,0.0,0.0,0.0,60809.181045505975,0,0.0,8.881784197001252e-13,0.015532915946096182,1,0,0,0,1,0.0,0,oracle_season,2026,oracle_season_seed_2026,True
349,2025-12-16,12,2,96518.04948270044,96518.04948270044,0.0,0,24641.5366394726,22199.09453142988,4657.5160413243775,2235.1989328579134,2212.3129434564366,61829.56974023907,0.0,0.0,0.0,61829.56974023908,0,0.0,9.059419880941277e-13,0.015635250019840896,1,0,0,0,1,0.0,0,oracle_season,2026,oracle_season_seed_2026,True
350,2025-12-17,12,2,96051.8910120377,96051.8910120377,0.1536487527000645,10,24917.41711069367,22103.96931619534,5046.749799625395,2212.3129434564366,2551.420930378994,61103.96581373082,0.0,0.0,0.8975391888974267,61104.86335291971,0,0.0,9.094947017729282e-13,0.01610866596456617,1,0,0,0,1,0.0,0,oracle_season,2026,oracle_season_seed_2026,True
351,2025-12-18,12,2,93310.79356380586,93310.79356380586,163.27361895964282,20,25758.582688052826,23431.65567719136,3780.8732052373607,2551.420930378994,2289.0243450745434,59510.50855788417,0.0,0.0,806.8483758986173,60317.356933782765,0,0.0,9.094947017729282e-13,0.015216166037134826,1,0,0,0,1,0.0,0,oracle_season,2026,oracle_season_seed_2026,True
352,2025-12-19,12,2,48279.68102709873,48279.68102709873,0.0,0,18967.96930063569,17358.101506525614,3761.421932988651,2289.0243450745434,1986.5744795155013,25545.08211964939,0.0,0.0,0.0,25545.08211964939,0,0.0,9.094947017729282e-13,0.03303633304312825,1,0,0,0,1,0.0,0,oracle_season,2026,oracle_season_seed_2026,True
353,2025-12-20,12,2,49083.125730991305,49083.125730991305,0.0,0,20162.07261586948,18010.73948594634,4075.4403510681623,1986.5744795155013,2129.0096510989597,25737.802619541235,0.0,0.0,0.0,25737.802619541235,0,0.0,9.094947017729282e-13,0.06680566701106727,1,0,0,0,1,0.0,0,oracle_season,2026,oracle_season_seed_2026,True
354,2025-12-21,12,2,95084.29216988993,95084.29216988993,14.993437612791467,10,24826.608374621825,22221.158084312876,3456.053450527106,2129.0096510989597,2258.441098979508,60832.37230817409,0.0,0.0,87.08938237389923,60919.46169054796,0,0.0,9.094947017729282e-13,0.01574737497139722,1,0,0,0,1,0.0,0,oracle_season,2026,oracle_season_seed_2026,True
355,2025-12-22,12,2,95784.41680061739,95784.41680061739,25.693243458580923,20,25379.74338636484,23028.693050444268,4521.6326248220585,2258.441098979508,2061.405899666915,60943.8006198513,0.0,0.0,138.67323188981382,61082.47385174112,0,0.0,9.094947017729282e-13,0.015632291906513274,1,0,0,0,1,0.0,0,oracle_season,2026,oracle_season_seed_2026,True
356,2025-12-23,12,2,96080.8538629315,96080.8538629315,0.0,0,24364.291341874232,21620.570714296467,6079.0407020204075,2061.405899666915,2385.319574569603,61349.49962431132,0.0,0.0,0.0,61349.49962431131,0,0.0,9.094947017729282e-13,0.015254082973115146,1,0,0,0,1,0.0,0,oracle_season,2026,oracle_season_seed_2026,True
357,2025-12-24,12,2,94596.89983803051,94596.89983803051,39.15364350412415,10,25717.69198048596,23150.18281537368,4213.9849997556885,2385.319574569603,2380.82910557424,60346.94771165857,0.0,0.0,227.4239382937051,60574.37164995227,0,0.0,9.094947017729282e-13,0.015540916007012129,1,0,0,0,1,0.0,0,oracle_season,2026,oracle_season_seed_2026,True
358,2025-12-25,12,2,94029.39056336692,94029.39056336692,61.7286054456448,20,24581.56249778054,22272.269753993154,3969.3778916918523,2380.82910557424,2223.913192438024,60228.25290115574,0.0,0.0,287.1796565974354,60515.432557753185,0,0.0,9.094947017729282e-13,0.015410708030685782,1,0,0,0,1,0.0,0,oracle_season,2026,oracle_season_seed_2026,True
359,2025-12-26,12,2,48581.94878065416,48581.94878065416,0.0,0,20084.784004603873,17706.63761547461,3196.1799581915557,2223.913192438024,2613.5774665203407,25652.970248919373,0.0,0.0,0.0,25652.970248919366,0,0.0,8.526512829121202e-13,0.037735374993644655,1,0,0,0,1,0.0,0,oracle_season,2026,oracle_season_seed_2026,True
360,2025-12-27,12,2,48179.43622345722,48179.43622345722,0.0,0,19352.58670005675,17644.61749545951,3132.6579521933136,2613.5774665203407,2373.9933335694273,25324.911770341256,0.0,0.0,0.0,25324.911770341263,0,0.0,9.094947017729282e-13,0.037219124962575734,1,0,0,0,1,0.0,0,oracle_season,2026,oracle_season_seed_2026,True
361,2025-12-28,12,2,94994.5957948978,94994.5957948978,56.33761256944774,20,23573.29072579326,21179.585379946686,5847.973311620683,2373.9933335694273,2412.337292340494,60689.25194813947,0.0,0.0,328.33134049234354,61017.583288631824,0,0.0,9.094947017729282e-13,0.013759250054135919,1,0,0,0,1,0.0,0,oracle_season,2026,oracle_season_seed_2026,True
362,2025-12-29,12,2,94371.27715654364,94371.27715654364,0.0,0,23624.674488255,21455.309048679985,4678.145450301967,2412.337292340494,2208.7899023450123,60393.47547314759,0.0,0.0,0.0,60393.475473147584,0,0.0,8.988365607365267e-13,0.0141730000032112,1,0,0,0,1,0.0,0,oracle_season,2026,oracle_season_seed_2026,True
363,2025-12-30,12,2,94378.36482877359,94378.36482877359,30.340272372516438,10,24159.464794999203,21631.284092534654,5656.121798681554,2208.7899023450123,2327.0951610074867,59948.349065728944,0.0,0.0,177.23270106405477,60125.58176679298,0,0.0,9.094947017729282e-13,0.014524584054015577,1,0,0,0,1,0.0,0,oracle_season,2026,oracle_season_seed_2026,True
364,2025-12-31,12,2,93400.51066777512,93400.51066777512,9.178573658881533,10,25794.190775127063,23391.096499042353,2360.172032015954,2327.0951610074867,2141.232500844362,59730.146080037215,0.0,0.0,41.75792086108153,59771.90400089829,0,0.0,9.094947017729282e-13,0.014608249999582767,1,0,0,0,1,0.0,0,oracle_season,2026,oracle_season_seed_2026,True
31,2025-02-01,2,2,44209.830526675985,44209.830526675985,0.0,0,19139.026938481802,16163.863663581269,6856.4913184421175,1421.7991105135516,2540.465986206602,22764.801274918973,0.0,0.0,0.0,22764.801274918966,0,0.0,9.094947017729282e-13,0.03342850005719811,1,0,0,0,1,0.0,0,oracle_season,3407,oracle_season_seed_3407,True
32,2025-02-02,2,2,88209.67163225591,88209.67163225591,0.0,0,21997.58068073467,19965.224375616082,7821.037377137318,2540.465986206602,2364.009034451596,55472.11536890566,0.0,0.0,0.0,55472.11536890564,0,0.0,9.094947017729282e-13,0.016128582996316254,1,0,0,0,1,0.0,0,oracle_season,3407,oracle_season_seed_3407,True
33,2025-02-03,2,2,86155.9862837134,86155.9862837134,0.0,0,23036.967434152542,20850.64576701195,3752.748116572803,2364.009034451596,2240.2848405969544,53900.60850199001,0.0,0.0,0.0,53900.60850199002,0,0.0,8.490985692333197e-13,0.01589008397422731,1,0,0,0,1,0.0,0,oracle_season,3407,oracle_season_seed_3407,True
34,2025-02-04,2,2,88659.5880942459,88659.5880942459,0.0,0,23959.400089965915,21453.905324353378,4959.229378633352,2240.2848405969544,2355.7656937342117,55465.55292111352,0.0,0.0,0.0,55465.55292111353,0,0.0,8.899547765395255e-13,0.014472332899458706,1,0,0,0,1,0.0,0,oracle_season,3407,oracle_season_seed_3407,True
35,2025-02-05,2,2,89832.54587223625,89832.54587223625,3.7869084810473623,10,22867.640816825267,20784.87249741401,7005.137477972706,2355.7656937342117,2140.7352798010625,56476.99850712104,0.0,0.0,17.737879325225844,56494.736386446246,0,0.0,9.094947017729282e-13,0.015276790945790708,1,0,0,0,1,0.0,0,oracle_season,3407,oracle_season_seed_3407,True
36,2025-02-06,2,2,89530.48582383184,89530.48582383184,5.108496306998404,20,22542.33793247227,20177.54456585324,6899.743736853134,2140.7352798010625,2257.2753027981917,56264.10099392922,0.0,0.0,29.717480453587108,56293.81847438279,0,0.0,9.094947017729282e-13,0.01741808303631842,1,0,0,0,1,0.0,0,oracle_season,3407,oracle_season_seed_3407,True
37,2025-02-07,2,2,41922.92750225779,41922.92750225779,0.0,0,18124.851908399658,16702.23206192741,8694.627989118875,2257.2753027981917,1846.32114647556,21555.321601469717,0.0,0.0,0.0,21555.321601469714,0,0.0,8.100187187665142e-13,0.03658329101745039,1,0,0,0,1,0.0,0,oracle_season,3407,oracle_season_seed_3407,True
38,2025-02-08,2,2,37328.58698646516,37328.58698646516,0.0,0,17977.771904242818,16137.658103483647,3911.3104690393284,1846.32114647556,1890.947852165316,19306.92370303351,0.0,0.0,0.0,19306.9237030335,0,0.0,9.094947017729282e-13,0.05854179093148559,1,0,0,0,1,0.0,0,oracle_season,3407,oracle_season_seed_3407,True
39,2025-02-09,2,2,81687.6777609484,81687.6777609484,323.5212023393025,40,24611.974644975588,22612.385614393483,456.1939660389256,1890.947852165316,1404.3698393932607,50669.362743967016,0.0,0.0,1404.6765633388552,52074.039307305866,0,0.0,9.094947017729282e-13,0.015916125033982098,1,0,0,0,1,0.0,0,oracle_season,3407,oracle_season_seed_3407,True
40,2025-02-10,2,2,85078.10965359127,85078.10965359127,9.090495202333614,10,21525.63964163428,19264.948728642798,8499.87165246878,1404.3698393932607,1518.3456509736413,52720.108787516576,0.0,0.0,41.35720792301677,52761.465995439576,0,0.0,9.094947017729282e-13,0.015899374964646995,1,0,0,0,1,0.0,0,oracle_season,3407,oracle_season_seed_3407,True
41,2025-02-11,2,2,79882.2157612004,79882.2157612004,223.69732090189584,70,24009.47044049206,21582.20979976369,2458.0553080405753,1518.3456509736413,1546.082617286046,49199.6534384359,0.0,0.0,1088.4679093786299,50288.12134781452,0,0.0,9.094947017729282e-13,0.01686125004198402,1,0,0,0,1,0.0,0,oracle_season,3407,oracle_season_seed_3407,True
42,2025-02-12,2,2,81900.88557485133,81900.88557485133,0.0,0,22781.441212815946,20442.81191922533,4295.520147927391,1546.082617286046,1609.8395870074653,50673.672486389216,0.0,0.0,0.0,50673.67248638923,0,0.0,9.094947017729282e-13,0.016665125032886863,1,0,0,0,1,0.0,0,oracle_season,3407,oracle_season_seed_3407,True
43,2025-02-13,2,2,81787.9494667302,81787.9494667302,6.486377288966196,10,21270.901878500696,19148.987614693237,8343.04256354506,1609.8395870074653,1604.3836840172346,50578.95033855856,0.0,0.0,28.407089337027458,50607.35742789558,0,0.0,9.094947017729282e-13,0.016268125036731362,1,0,0,0,1,0.0,0,oracle_season,3407,oracle_season_seed_3407,True
44,2025-02-14,2,2,34699.70128086444,34699.70128086444,0.0,0,17636.24120633812,15974.97123282685,3236.6294906865023,1604.3836840172346,1496.4929397268365,17900.957582707397,0.0,0.0,0.0,17900.9575827074,0,0.0,8.526512829121202e-13,0.07953008299227804,1,0,0,0,1,0.0,0,oracle_season,3407,oracle_season_seed_3407,True
45,2025-02-15,2,2,35103.40364711761,35103.40364711761,0.0,0,17345.83701930967,15677.770916288871,4155.246444096803,1496.4929397268365,1426.3772340462785,18222.98051945498,0.0,0.0,0.0,18222.980519454984,0,0.0,7.958078640513122e-13,0.0675799580058083,1,0,0,0,1,0.0,0,oracle_season,3407,oracle_season_seed_3407,True
46,2025-02-16,2,2,79395.05692368693,79395.05692368693,55.58936323695934,30,23388.129610172386,21056.69183476656,1741.8294115180722,1426.3772340462785,1418.603105813424,48836.49253034538,0.0,0.0,308.8086944043283,49145.301224749695,0,0.0,9.094947017729282e-13,0.021791790961287916,1,0,0,0,1,0.0,0,oracle_season,3407,oracle_season_seed_3407,True
47,2025-02-17,2,2,79818.51732593015,79818.51732593015,46.46179954087381,10,20511.984780512317,18412.19509805358,6581.326276345631,1418.603105813424,1469.8227325396024,49017.97470336467,0.0,0.0,324.1175135971357,49342.09221696183,0,0.0,8.526512829121202e-13,0.02567441703286022,1,0,0,0,1,0.0,0,oracle_season,3407,oracle_season_seed_3407,True
48,2025-02-18,2,2,77023.20305465348,77023.20305465348,34.20666666666659,10,22637.73288194284,20128.14748115409,2456.4365371980552,1469.8227325396024,1728.9314499583588,47161.08863682067,0.0,0.0,155.62322999999967,47316.71186682068,0,0.0,9.094947017729282e-13,0.016662334091961384,1,0,0,0,1,0.0,0,oracle_season,3407,oracle_season_seed_3407,True
49,2025-02-19,2,2,77826.57506613087,77826.57506613087,70.25267636724993,20,22652.736557690652,20755.778451173195,3120.542252647333,1728.9314499583588,1340.6927721946865,47932.182379182224,0.0,0.0,312.2615961503711,48244.44397533259,0,0.0,9.094947017729282e-13,0.027356541948392987,1,0,0,0,1,0.0,0,oracle_season,3407,oracle_season_seed_3407,True
50,2025-02-20,2,2,77975.8628014042,77975.8628014042,51.909140223234886,20,22184.981217102497,19879.325968012883,4728.982959204502,1340.6927721946865,1432.5644511400926,47869.227436271154,0.0,0.0,240.21274400894146,48109.4401802801,0,0.0,9.094947017729282e-13,0.026491833967156708,1,0,0,0,1,0.0,0,oracle_season,3407,oracle_season_seed_3407,True
51,2025-02-21,2,2,34062.85349677477,34062.85349677477,0.0,0,17136.82424032729,15302.97354788572,6668.740770999873,1432.5644511400926,1559.2329280235563,17490.3122193441,0.0,0.0,0.0,17490.3122193441,0,0.0,9.094947017729282e-13,0.061040875036269426,1,0,0,0,1,0.0,0,oracle_season,3407,oracle_season_seed_3407,True
52,2025-02-22,2,2,34088.31548640659,34088.31548640659,0.0,0,17120.03086396287,15200.312408082202,4323.834147192587,1559.2329280235563,1778.1841522215805,17581.896239186164,0.0,0.0,0.0,17581.89623918616,0,0.0,9.094947017729282e-13,0.053414750029332936,1,0,0,0,1,0.0,0,oracle_season,3407,oracle_season_seed_3407,True
53,2025-02-23,2,2,77407.6560789856,77407.6560789856,5.577256893095864,10,21927.378545465097,20073.818465516655,4027.819572596926,1778.1841522215805,1420.6593857425376,47594.26521526512,0.0,0.0,26.123871287261025,47620.38908655236,0,0.0,9.094947017729282e-13,0.01664375001564622,1,0,0,0,1,0.0,0,oracle_season,3407,oracle_season_seed_3407,True
54,2025-02-24,2,2,75825.23946712821,75825.23946712821,232.07357658040326,50,20706.17481705924,18635.494402175544,5783.59901215826,1420.6593857425376,1420.7257231365936,46116.50254456946,0.0,0.0,1394.8419831370163,47511.344527706504,0,0.0,9.094947017729282e-13,0.022088582976721227,1,0,0,0,1,0.0,0,oracle_season,3407,oracle_season_seed_3407,True
55,2025-02-25,2,2,74346.33606717888,74346.33606717888,39.940215981746064,20,20952.407604078606,18911.320376144526,6523.86582189321,1420.7257231365936,1363.6428878162471,45233.1723207575,0.0,0.0,176.98435920811394,45410.1566799656,0,0.0,9.094947017729282e-13,0.023200082941912115,1,0,0,0,1,0.0,0,oracle_season,3407,oracle_season_seed_3407,True
56,2025-02-26,2,2,73500.86369058807,73500.86369058807,0.0,0,22536.873513231607,19651.469872080583,1800.612016103706,1363.6428878162471,2029.5303247786176,44710.39306600068,0.0,0.0,0.0,44710.39306600066,0,0.0,8.881784197001252e-13,0.038291083998046815,1,0,0,0,1,0.0,0,oracle_season,3407,oracle_season_seed_3407,True
57,2025-02-27,2,2,73954.68517867007,73954.68517867007,469.50202091478275,70,21818.291633041656,20073.270495600416,5722.5818621436165,2029.5303247786176,1569.0942374557521,45145.830892387145,0.0,0.0,2287.9511825287036,47433.78207491585,0,0.0,9.094947017729282e-13,0.016928624943830073,1,0,0,0,1,0.0,0,oracle_season,3407,oracle_season_seed_3407,True
58,2025-02-28,2,2,33001.93290532997,33001.93290532997,0.0,0,16633.201019856824,14956.960389190917,8033.098724664067,1569.0942374557521,1582.7136705234343,16797.507495290633,0.0,0.0,0.0,16797.507495290633,0,0.0,9.094947017729282e-13,0.07632308395113796,1,0,0,0,1,0.0,0,oracle_season,3407,oracle_season_seed_3407,True
59,2025-03-01,3,2,33763.22990532837,33763.22990532837,0.0,0,15808.91364221376,13883.481370140904,8179.031699922183,1582.7136705234343,1945.891675827725,17446.83842756514,0.0,0.0,0.0,17446.83842756514,0,0.0,8.264500195309665e-13,0.07098404108546674,1,0,0,0,1,0.0,0,oracle_season,3407,oracle_season_seed_3407,True
60,2025-03-02,3,2,78220.28579452717,78220.28579452717,810.8787460811614,50,19710.77878587336,18171.488995122134,5133.567683190443,1945.891675827725,1490.7470677974075,48537.45374784123,0.0,0.0,5552.995761223947,54090.44950906517,0,0.0,8.881784197001252e-13,0.021607874892652035,1,0,0,0,1,0.0,0,oracle_season,3407,oracle_season_seed_3407,True
61,2025-03-03,3,2,80829.70097025309,80829.70097025309,0.0,0,22869.331245129404,20586.402306977972,6529.6253987683385,1490.7470677974075,1486.5262847713475,49604.127266206815,0.0,0.0,0.0,49604.12726620682,0,0.0,9.023892744153272e-13,0.015170124941505492,1,0,0,0,1,0.0,0,oracle_season,3407,oracle_season_seed_3407,True
62,2025-03-04,3,2,80632.71939036636,80632.71939036636,0.0,0,19909.7436403695,17783.79641244059,9307.314229104122,1486.5262847713475,1628.8001755095108,49802.95522688964,0.0,0.0,0.0,49802.955226889644,0,0.0,9.094947017729282e-13,0.02080516703426838,1,0,0,0,1,0.0,0,oracle_season,3407,oracle_season_seed_3407,True
63,2025-03-05,3,2,77619.05384302331,77619.05384302331,0.0,0,19018.055323483175,17131.277222327422,9601.803725200896,1628.8001755095108,1612.9598721928642,47705.92388343732,0.0,0.0,0.0,47705.923883437295,0,0.0,8.739675649849232e-13,0.017183458083309233,1,0,0,0,1,0.0,0,oracle_season,3407,oracle_season_seed_3407,True
64,2025-03-06,3,2,74257.10566546512,74257.10566546512,0.0,0,20390.910698354975,18472.733875243255,6398.274709020081,1612.9598721928642,1485.5050651226315,45342.45064910927,0.0,0.0,0.0,45342.45064910926,0,0.0,8.928413564035509e-13,0.016965916962362826,1,0,0,0,1,0.0,0,oracle_season,3407,oracle_season_seed_3407,True
65,2025-03-07,3,2,32402.764016284964,32402.764016284964,0.0,0,15209.99086235984,13342.70868390217,9613.196304493957,1485.5050651226315,1850.5194939981855,16716.692407208717,0.0,0.0,0.0,16716.69240720872,0,0.0,7.958078640513122e-13,0.07551479199901223,1,0,0,0,1,0.0,0,oracle_season,3407,oracle_season_seed_3407,True
66,2025-03-08,3,2,31157.0592627736,31157.0592627736,0.0,0,15178.102069500537,13510.986416102196,10426.804092708591,1850.5194939981855,2007.901253279817,16326.582014868969,0.0,0.0,0.0,16326.58201486897,0,0.0,7.389644451905042e-13,0.08713604195509106,1,0,0,0,1,0.0,0,oracle_season,3407,oracle_season_seed_3407,True
67,2025-03-09,3,2,70522.65397950198,70522.65397950198,0.0,0,21049.667105603385,19108.612415147105,5248.0742390457035,2007.901253279817,1835.1228134771077,43038.00223738377,0.0,0.0,0.0,43038.00223738377,0,0.0,8.313350008393172e-13,0.03880274994298816,1,0,0,0,1,0.0,0,oracle_season,3407,oracle_season_seed_3407,True
68,2025-03-10,3,2,69011.7516161909,69011.7516161909,962.3188203790287,20,21076.032298080696,19277.825579407643,133.79226789688016,1835.1228134771077,1508.9902550450001,41919.818904879896,0.0,0.0,6659.274235204692,48579.09314008458,0,0.0,9.094947017729282e-13,0.06692320900037885,1,0,0,0,1,0.0,0,oracle_season,3407,oracle_season_seed_3407,True
69,2025-03-11,3,2,73772.7279760932,73772.7279760932,0.0,0,19468.711555845304,17148.40434269943,7513.501962947332,1508.9902550450001,1902.626422487525,44553.62177616123,0.0,0.0,0.0,44553.62177616123,0,0.0,9.094947017729282e-13,0.016573417000472546,1,0,0,0,1,0.0,0,oracle_season,3407,oracle_season_seed_3407,True
70,2025-03-12,3,2,70160.26100321078,70160.26100321078,0.0,0,20845.853091533758,19090.78538774467,5969.658616088352,1902.626422487525,1555.2843684623017,42490.3234410045,0.0,0.0,0.0,42490.32344100451,0,0.0,8.490985692333197e-13,0.01926991599611938,1,0,0,0,1,0.0,0,oracle_season,3407,oracle_season_seed_3407,True
71,2025-03-13,3,2,67674.36495131138,67674.36495131138,2338.323366059113,90,20616.523273284554,18615.30873676033,465.8557641795968,1555.2843684623017,1491.5773432322528,40862.58492239891,0.0,0.0,14095.221003452645,54957.80592585157,0,0.0,8.988365607365267e-13,0.03814645891543478,1,0,0,0,1,0.0,0,oracle_season,3407,oracle_season_seed_3407,True
72,2025-03-14,3,2,29711.94238464066,29711.94238464066,0.0,0,15233.155948491836,13338.920676315314,11788.281129130806,1491.5773432322528,1882.5610130086234,15378.355554379106,0.0,0.0,0.0,15378.355554379104,0,0.0,8.57980353430321e-13,0.05087699997238815,1,0,0,0,1,0.0,0,oracle_season,3407,oracle_season_seed_3407,True
73,2025-03-15,3,2,30406.268218407982,30406.268218407982,0.0,0,14488.990856693528,13409.44529675541,8402.597508469864,1882.5610130086234,1493.2282119671836,15766.2771917535,0.0,0.0,0.0,15766.277191753492,0,0.0,9.094947017729282e-13,0.045267875073477626,1,0,0,0,1,0.0,0,oracle_season,3407,oracle_season_seed_3407,True
74,2025-03-16,3,2,72534.52962685483,72534.52962685483,1.6399999999999864,10,19936.21930931932,17547.73534714357,6796.638731345742,1493.2282119671836,1909.44933871753,43841.112103539424,0.0,0.0,7.461179999999938,43848.573283539445,0,0.0,9.094947017729282e-13,0.015538332983851433,1,0,0,0,1,0.0,0,oracle_season,3407,oracle_season_seed_3407,True
75,2025-03-17,3,2,69014.98462746211,69014.98462746211,0.0,0,18958.027383934874,16962.1542936337,9160.980103827602,1909.44933871753,2014.9327514784843,41731.92198200562,0.0,0.0,0.0,41731.921982005595,0,0.0,8.903988657493755e-13,0.020126875024288893,1,0,0,0,1,0.0,0,oracle_season,3407,oracle_season_seed_3407,True
76,2025-03-18,3,2,63130.073996608655,63130.073996608655,1329.4337931047176,80,20912.107972407277,19168.64042738274,1590.0818780221582,2014.9327514784843,1648.379178825967,38009.95936495209,0.0,0.0,6741.177974232769,44751.13733918487,0,0.0,8.810729923425242e-13,0.05135958397295326,1,0,0,0,1,0.0,0,oracle_season,3407,oracle_season_seed_3407,True
77,2025-03-19,3,2,67941.60036454217,67941.60036454217,0.0,0,21046.423433185628,18376.4082676705,5806.114749027044,1648.379178825967,2244.3344605921525,41031.75724925155,0.0,0.0,0.0,41031.75724925156,0,0.0,8.952838470577262e-13,0.062407625024206936,1,0,0,0,1,0.0,0,oracle_season,3407,oracle_season_seed_3407,True
78,2025-03-20,3,2,65766.39109551576,65766.39109551576,0.0,0,20619.258277659555,18930.293714902524,1868.4647160920754,2244.3344605921525,1851.1987684435305,39960.00212966814,0.0,0.0,0.0,39960.00212966812,0,0.0,8.490985692333197e-13,0.03307908307760954,1,0,0,0,1,0.0,0,oracle_season,3407,oracle_season_seed_3407,True
79,2025-03-21,3,2,29344.646476432536,29344.646476432536,0.0,0,14360.046082310011,13167.288372636709,16118.42425009257,1851.1987684435305,1594.7940240387766,15245.827426548827,0.0,0.0,0.0,15245.827426548829,0,0.0,7.389644451905042e-13,0.05693004198838025,1,0,0,0,1,0.0,0,oracle_season,3407,oracle_season_seed_3407,True
80,2025-03-22,3,2,30307.106592830212,30307.106592830212,0.0,0,14679.46866495986,12311.16682905943,12057.605023596445,1594.7940240387766,2543.8514926952,15652.952759466882,0.0,0.0,0.0,15652.952759466878,0,0.0,9.023892744153272e-13,0.05243195907678455,1,0,0,0,1,0.0,0,oracle_season,3407,oracle_season_seed_3407,True
81,2025-03-23,3,2,67782.2050564654,67782.2050564654,0.0,0,19690.43196226806,18433.871362514066,7755.924340044739,2543.8514926952,1792.8288933336246,40955.98564637993,0.0,0.0,0.0,40955.98564637992,0,0.0,8.881784197001252e-13,0.05526570905931294,1,0,0,0,1,0.0,0,oracle_season,3407,oracle_season_seed_3407,True
82,2025-03-24,3,2,64948.20358112162,64948.20358112162,0.0,0,20815.98677867741,19060.45790442227,5194.177623533147,1792.8288933336246,1449.1211414604131,38900.31101745575,0.0,0.0,0.0,38900.31101745574,0,0.0,8.901768211444505e-13,0.03292083297856152,1,0,0,0,1,0.0,0,oracle_season,3407,oracle_season_seed_3407,True
83,2025-03-25,3,2,64349.38335468646,64349.38335468646,51.34179889108129,20,21890.972600097775,19601.33997041249,1160.9678072255892,1449.1211414604131,1555.0947259876189,38676.49653194615,0.0,0.0,247.86332513880097,38924.35985708496,0,0.0,9.023892744153272e-13,0.03454620810225606,1,0,0,0,1,0.0,0,oracle_season,3407,oracle_season_seed_3407,True
84,2025-03-26,3,2,66618.37097437275,66618.37097437275,0.0,0,20417.346121544968,18223.159457173628,8831.629443334752,1555.0947259876189,1715.7932989783367,39871.89462164749,0.0,0.0,0.0,39871.894621647494,0,0.0,8.739675649849232e-13,0.032666124985553324,1,0,0,0,1,0.0,0,oracle_season,3407,oracle_season_seed_3407,True
85,2025-03-27,3,2,61865.750732898465,61865.750732898465,0.0,0,20496.537809597343,18464.25631494396,1116.4798382450754,1715.7932989783367,1697.4813013474602,37295.90405646014,0.0,0.0,0.0,37295.904056460146,0,0.0,8.846257060213247e-13,0.0343882089946419,1,0,0,0,1,0.0,0,oracle_season,3407,oracle_season_seed_3407,True
86,2025-03-28,3,2,29344.994208724544,29344.994208724544,0.0,0,14327.285109638431,12441.906977690363,16637.735310109816,1697.4813013474602,2174.6158961214896,15077.59525552169,0.0,0.0,0.0,15077.595255521697,0,0.0,8.526512829121202e-13,0.05679337494075298,1,0,0,0,1,0.0,0,oracle_season,3407,oracle_season_seed_3407,True
87,2025-03-29,3,2,28999.46181614954,28999.46181614954,0.0,0,13337.914024987866,12094.16174495646,20048.500352784802,2174.6158961214896,2079.7063276148983,14819.750717937042,0.0,0.0,0.0,14819.750717937039,0,0.0,6.821210263296962e-13,0.04697116697207093,1,0,0,0,1,0.0,0,oracle_season,3407,oracle_season_seed_3407,True
88,2025-03-30,3,2,60221.09900338545,60221.09900338545,0.0,0,20255.478264338424,18228.80680083151,2848.80783987854,2079.7063276148983,2080.89074508633,36590.66732841592,0.0,0.0,0.0,36590.66732841593,0,0.0,9.094947017729282e-13,0.051680791075341403,1,0,0,0,1,0.0,0,oracle_season,3407,oracle_season_seed_3407,True
89,2025-03-31,3,2,61211.97072586987,61211.97072586987,0.0,0,19330.258330852274,17404.528793855534,2334.8517055397947,2080.89074508633,2073.199773712123,36756.91688271338,0.0,0.0,0.0,36756.916882713354,0,0.0,9.094947017729282e-13,0.05830833304207772,1,0,0,0,1,0.0,0,oracle_season,3407,oracle_season_seed_3407,True
90,2025-04-01,4,2,65064.62670577492,65064.62670577492,0.0,0,19791.533619312188,17805.30715984683,2869.5487296429064,2073.199773712123,2080.655473152245,38895.02500687157,0.0,0.0,0.0,38895.02500687157,0,0.0,8.881784197001252e-13,0.05116083403117955,1,0,0,0,1,0.0,0,oracle_season,3407,oracle_season_seed_3407,True
91,2025-04-02,4,2,66168.89489850342,66168.89489850342,1204.2061887150683,90,20639.85651162696,18683.135155075695,4981.044330667223,2080.655473152245,1967.5889789577614,39266.34849912989,0.0,0.0,5923.50769853572,45189.85619766562,0,0.0,8.5087492607272e-13,0.07135362504050136,1,0,0,0,1,0.0,0,oracle_season,3407,oracle_season_seed_3407,True
92,2025-04-03,4,2,67275.0635281132,67275.0635281132,0.0,0,19374.3567456766,17485.684028285075,9522.860544055009,1967.5889789577614,1916.1883089171552,40133.47449624847,0.0,0.0,0.0,40133.474496248455,0,0.0,8.784084570834239e-13,0.019296166952699423,1,0,0,0,1,0.0,0,oracle_season,3407,oracle_season_seed_3407,True
93,2025-04-04,4,2,28502.049242177134,28502.049242177134,0.0,0,13543.763981960872,11907.991418080608,20435.47442829687,1916.1883089171552,2212.805911717189,14473.620402666336,0.0,0.0,0.0,14473.620402666336,0,0.0,7.389644451905042e-13,0.04753095901105553,1,0,0,0,1,0.0,0,oracle_season,3407,oracle_season_seed_3407,True
94,2025-04-05,4,2,28148.577571635433,28148.577571635433,0.0,0,12820.378847506461,11768.559927192277,15052.643667987912,2212.805911717189,1970.133815655682,14263.212932680526,0.0,0.0,0.0,14263.212932680526,0,0.0,7.389644451905042e-13,0.052866832935251296,1,0,0,0,1,0.0,0,oracle_season,3407,oracle_season_seed_3407,True
95,2025-04-06,4,2,64689.608668299734,64689.608668299734,0.0,0,19547.27016007256,17555.811469389024,8288.073710949526,1970.133815655682,2008.8524004054746,38465.37247972018,0.0,0.0,0.0,38465.372479720194,0,0.0,8.952838470577262e-13,0.05488454189617187,1,0,0,0,1,0.0,0,oracle_season,3407,oracle_season_seed_3407,True
96,2025-04-07,4,2,62709.68060395586,62709.68060395586,0.0,0,19120.057068217102,17278.176943151284,7625.081195556702,2008.8524004054746,1934.9335468744796,37317.485931588904,0.0,0.0,0.0,37317.4859315889,0,0.0,8.79296635503124e-13,0.05356133298482746,1,0,0,0,1,0.0,0,oracle_season,3407,oracle_season_seed_3407,True
97,2025-04-08,4,2,62641.19955923324,62641.19955923324,296.6547887150683,50,20480.35526337367,18636.953736306386,6741.259204214353,1934.9335468744796,1719.2303720735777,37319.799624092804,0.0,0.0,1503.2589461190537,38823.05857021185,0,0.0,8.810729923425242e-13,0.04471291706431657,1,0,0,0,1,0.0,0,oracle_season,3407,oracle_season_seed_3407,True
98,2025-04-09,4,2,63663.58807408434,63663.58807408434,0.0,0,19784.27850963352,17558.33108743455,2303.3296352187085,1719.2303720735777,1980.138908931194,38123.99473277685,0.0,0.0,0.0,38123.99473277689,0,0.0,8.668621376273222e-13,0.06303149997256696,1,0,0,0,1,0.0,0,oracle_season,3407,oracle_season_seed_3407,True
99,2025-04-10,4,2,66710.7621400516,66710.7621400516,0.0,0,19669.120883584983,17568.95843478765,10149.961791254282,1980.138908931194,2120.597121606232,39571.442596742636,0.0,0.0,0.0,39571.44259674266,0,0.0,9.094947017729282e-13,0.015205999952740967,1,0,0,0,1,0.0,0,oracle_season,3407,oracle_season_seed_3407,True
100,2025-04-11,4,2,27938.10829477564,27938.10829477564,0.0,0,12864.193362232796,11622.082500801453,21379.34726667763,2120.597121606232,2073.8918882760054,14254.86924002865,0.0,0.0,0.0,14254.869240028653,0,0.0,9.094947017729282e-13,0.04339262505527586,1,0,0,0,1,0.0,0,oracle_season,3407,oracle_season_seed_3407,True
101,2025-04-12,4,2,27835.037003389814,27835.037003389814,0.0,0,12453.32511200629,10908.677004876665,17265.22834626019,2073.8918882760054,2389.3982290580884,14087.731646963855,0.0,0.0,0.0,14087.731646963854,0,0.0,7.958078640513122e-13,0.05531191697809845,1,0,0,0,1,0.0,0,oracle_season,3407,oracle_season_seed_3407,True
102,2025-04-13,4,2,61957.01853701764,61957.01853701764,0.0,0,19624.538948940706,17853.635408392583,5909.756513136178,2389.3982290580884,2187.486426942915,36790.35544839334,0.0,0.0,0.0,36790.355448393326,0,0.0,8.775202786637237e-13,0.03866049996577203,1,0,0,0,1,0.0,0,oracle_season,3407,oracle_season_seed_3407,True
103,2025-04-14,4,2,62153.11395983726,62153.11395983726,0.0,0,19312.733108879624,17418.61395158377,7730.96300254141,2187.486426942915,2148.3225103139816,36774.44939842657,0.0,0.0,0.0,36774.44939842657,0,0.0,8.597567102697212e-13,0.03200537490192801,1,0,0,0,1,0.0,0,oracle_season,3407,oracle_season_seed_3407,True
104,2025-04-15,4,2,60745.4908349991,60745.4908349991,0.0,0,18722.022795470904,16684.419241953157,8568.458448148021,2148.3225103139816,2322.67076152758,36068.38159783311,0.0,0.0,0.0,36068.381597833104,0,0.0,8.970602038971265e-13,0.037152959033846855,1,0,0,0,1,0.0,0,oracle_season,3407,oracle_season_seed_3407,True
105,2025-04-16,4,2,60214.736300995675,60214.736300995675,0.0,0,19223.68642276751,17419.725208777316,2631.1831370054815,2322.67076152758,2197.8583731047315,36076.33893263336,0.0,0.0,0.0,36076.338932633385,0,0.0,8.908429549592256e-13,0.03337233397178352,1,0,0,0,1,0.0,0,oracle_season,3407,oracle_season_seed_3407,True
106,2025-04-17,4,2,63271.663391644346,63271.663391644346,0.0,0,18925.50928005907,16948.502733953,8426.314495538274,2197.8583731047315,2286.8824112360194,37538.2176984696,0.0,0.0,0.0,37538.217698469605,0,0.0,8.384404281969182e-13,0.041949625010602176,1,0,0,0,1,0.0,0,oracle_season,3407,oracle_season_seed_3407,True
107,2025-04-18,4,2,27632.66705548467,27632.66705548467,0.0,0,12781.489142641818,10990.181806155713,19487.242535665235,2286.8824112360194,2827.798882809233,14032.20482080642,0.0,0.0,0.0,14032.204820806423,0,0.0,9.094947017729282e-13,0.05961025005672127,1,0,0,0,1,0.0,0,oracle_season,3407,oracle_season_seed_3407,True
108,2025-04-19,4,2,26301.478286374902,26301.478286374902,0.0,0,11882.412103000708,10946.264075020159,18580.651008394354,2827.798882809233,2562.069336565976,13277.389315813667,0.0,0.0,0.0,13277.389315813667,0,0.0,8.526512829121202e-13,0.07691850000992417,1,0,0,0,1,0.0,0,oracle_season,3407,oracle_season_seed_3407,True
109,2025-04-20,4,2,60812.30250464113,60812.30250464113,0.0,0,19105.75540489999,17285.96336328272,7034.7655796905265,2562.069336565976,2466.3751264335865,36105.17065559157,0.0,0.0,0.0,36105.17065559157,0,0.0,8.739675649849232e-13,0.06519308302085847,1,0,0,0,1,0.0,0,oracle_season,3407,oracle_season_seed_3407,True
110,2025-04-21,4,2,61339.802794481635,61339.802794481635,0.0,0,17564.578282764982,16129.614025718416,11387.928154101739,2466.3751264335865,2127.491147037529,36528.08005032613,0.0,0.0,0.0,36528.08005032613,0,0.0,9.094947017729282e-13,0.037354958010837436,1,0,0,0,1,0.0,0,oracle_season,3407,oracle_season_seed_3407,True
111,2025-04-22,4,2,56452.09219413154,56452.09219413154,0.0,0,18750.957387904855,16881.351885392072,2429.557374952091,2127.491147037529,2121.703929860855,33905.328205117774,0.0,0.0,0.0,33905.32820511776,0,0.0,9.094947017729282e-13,0.03645149990916252,1,0,0,0,1,0.0,0,oracle_season,3407,oracle_season_seed_3407,True
112,2025-04-23,4,2,61594.212837282845,61594.212837282845,0.0,0,18554.550911252747,16230.331873366036,7870.077082729466,2121.703929860855,2615.8245154395345,36417.54468950689,0.0,0.0,0.0,36417.544689506874,0,0.0,8.992806499463768e-13,0.04047287499997765,1,0,0,0,1,0.0,0,oracle_season,3407,oracle_season_seed_3407,True
113,2025-04-24,4,2,59459.90362072388,59459.90362072388,0.0,0,17442.667176485982,16086.835271261953,11013.965015499862,2615.8245154395345,2206.378272185565,35346.22573195385,0.0,0.0,0.0,35346.22573195385,0,0.0,8.952838470577262e-13,0.04202895797789097,1,0,0,0,1,0.0,0,oracle_season,3407,oracle_season_seed_3407,True
114,2025-04-25,4,2,26261.144435438702,26261.144435438702,0.0,0,11752.012132356633,10538.091026544394,23046.865679626462,2206.378272185565,2247.1926226185765,13053.9605240609,0.0,0.0,0.0,13053.960524060902,0,0.0,7.958078640513122e-13,0.050165917025879025,1,0,0,0,1,0.0,0,oracle_season,3407,oracle_season_seed_3407,True
115,2025-04-26,4,2,26189.09654099089,26189.09654099089,0.0,0,11883.602752379227,10655.556658424217,24890.85681370255,2247.1926226185765,2289.0251486034235,12893.555824143668,0.0,0.0,0.0,12893.555824143668,0,0.0,9.094947017729282e-13,0.0515935419825837,1,0,0,0,1,0.0,0,oracle_season,3407,oracle_season_seed_3407,True
116,2025-04-27,4,2,56004.20241123797,56004.20241123797,0.0,0,18764.31503638827,16976.158882997137,5642.575074513509,2289.0251486034235,2195.9747592594786,33583.835828212024,0.0,0.0,0.0,33583.83582821204,0,0.0,9.094947017729282e-13,0.034652375034056604,1,0,0,0,1,0.0,0,oracle_season,3407,oracle_season_seed_3407,True
117,2025-04-28,4,2,59554.49498556909,59554.49498556909,0.0,0,18954.731802399157,17223.939651950495,1201.7355184537541,2195.9747592594786,2022.3857120720031,35601.2373834426,0.0,0.0,0.0,35601.23738344261,0,0.0,9.094947017729282e-13,0.03571624995674938,1,0,0,0,1,0.0,0,oracle_season,3407,oracle_season_seed_3407,True
118,2025-04-29,4,2,64704.54580548727,64704.54580548727,0.0,0,17596.8801893713,15297.277267483983,14971.729166933292,2022.3857120720031,2591.50599073579,38010.761378075724,0.0,0.0,0.0,38010.76137807574,0,0.0,9.094947017729282e-13,0.06569420895539224,1,0,0,0,1,0.0,0,oracle_season,3407,oracle_season_seed_3407,True
119,2025-04-30,4,2,57795.001891038584,57795.001891038584,0.0,0,17036.367112112035,15629.54255412946,8131.322899722681,2591.50599073579,2278.638510262,34805.194161839325,0.0,0.0,0.0,34805.194161839325,0,0.0,9.094947017729282e-13,0.04610895796213299,1,0,0,0,1,0.0,0,oracle_season,3407,oracle_season_seed_3407,True
120,2025-05-01,5,2,55773.06024075976,55773.06024075976,2345.0862339323457,170,18074.990322827613,17266.098335304436,6297.875687168933,2278.638510262,1226.0142606186669,32988.27725809318,0.0,0.0,13268.338923813322,46256.616181906495,0,0.0,8.668621376273222e-13,0.03847291599959135,1,0,0,0,1,0.0,0,oracle_season,3407,oracle_season_seed_3407,True
121,2025-05-02,5,2,27130.987277437773,27130.987277437773,1574.603049142986,130,12997.234110870608,11722.18999434361,13140.226126720427,1226.0142606186669,1200.0,13397.769788614787,0.0,0.0,8020.958370187663,21418.72815880245,0,0.0,8.526512829121202e-13,0.04819474997930229,1,0,0,0,1,0.0,0,oracle_season,3407,oracle_season_seed_3407,True
122,2025-05-03,5,2,27837.845127192093,27837.845127192093,984.4863883950263,100,12801.324193499524,11468.389363450002,18622.225035537595,1200.0,1255.6586279194264,13843.498871043788,0.0,0.0,4893.529922659427,18737.02879370322,0,0.0,9.094947017729282e-13,0.06854720902629197,1,0,0,0,1,0.0,0,oracle_season,3407,oracle_season_seed_3407,True
123,2025-05-04,5,2,59506.78783812685,59506.78783812685,1415.8652840595564,150,17228.629670714417,15510.025085728836,7469.381203867489,1255.6586279194264,1251.1698990732352,35082.74228452876,0.0,0.0,7828.864586615873,42911.60687114463,0,0.0,9.094947017729282e-13,0.05945358402095735,1,0,0,0,1,0.0,0,oracle_season,3407,oracle_season_seed_3407,True
124,2025-05-05,5,2,59703.18124916533,59703.18124916533,1568.3168638955453,160,20086.420274286567,18101.506420093232,4210.577458867546,1251.1698990732352,1226.1582083603507,34911.31649003354,0.0,0.0,9363.943606734267,44275.2600967678,0,0.0,9.094947017729282e-13,0.054051458020694554,1,0,0,0,1,0.0,0,oracle_season,3407,oracle_season_seed_3407,True
125,2025-05-06,5,2,60274.32773996258,60274.32773996258,1578.507328962011,170,19748.093038484963,17794.902407801146,7029.562071574105,1226.1582083603507,1203.370125963308,35353.28087796402,0.0,0.0,7952.675038310787,43305.955916274805,0,0.0,8.619771563189715e-13,0.03730870794970542,1,0,0,0,1,0.0,0,oracle_season,3407,oracle_season_seed_3407,True
126,2025-05-07,5,2,59698.09637521976,59698.09637521976,2143.237114334602,160,19361.960491551534,17296.69847385343,4708.2255218562605,1203.370125963308,1339.417602300426,34995.94874634304,0.0,0.0,12879.772066262864,47875.72081260591,0,0.0,8.952838470577262e-13,0.03723541705403477,1,0,0,0,1,0.0,0,oracle_season,3407,oracle_season_seed_3407,True
127,2025-05-08,5,2,62564.154318929024,62564.154318929024,82.43748333333326,20,19521.394019238774,17021.31526819268,4320.000651216255,1339.417602300426,1916.9963899192278,38007.964225799355,0.0,0.0,554.3650959583329,38562.3293217577,0,0.0,8.526512829121202e-13,0.04064583301078528,1,0,0,0,1,0.0,0,oracle_season,3407,oracle_season_seed_3407,True
128,2025-05-09,5,2,28771.189108293263,28771.189108293263,0.0,0,13157.293278784575,11151.14708508611,18265.6570645948,1916.9963899192278,2644.7596669145873,14997.887482219852,0.0,0.0,0.0,14997.887482219852,0,0.0,7.958078640513122e-13,0.05279675009660423,1,0,0,0,1,0.0,0,oracle_season,3407,oracle_season_seed_3407,True
129,2025-05-10,5,2,28547.20160494971,28547.20160494971,0.0,0,11571.076720048819,10811.364490765027,15666.444092332587,2644.7596669145873,2225.868089991377,15135.21493004753,0.0,0.0,0.0,15135.214930047528,0,0.0,8.242295734817162e-13,0.04536487499717623,1,0,0,0,1,0.0,0,oracle_season,3407,oracle_season_seed_3407,True
130,2025-05-11,5,2,65286.198473119235,65286.198473119235,41.18071666666651,20,17524.571278292522,15918.168124204165,8236.896952364215,2225.868089991377,2071.913683878166,39244.793775906764,0.0,0.0,277.3610394583323,39522.15481536508,0,0.0,9.094947017729282e-13,0.01475041697267443,1,0,0,0,1,0.0,0,oracle_season,3407,oracle_season_seed_3407,True
131,2025-05-12,5,2,63755.943900271894,63755.943900271894,0.0,0,16788.14845764667,14816.185459715425,9852.785669007317,2071.913683878166,2380.91896811683,38168.59911942903,0.0,0.0,0.0,38168.599119429025,0,0.0,8.810729923425242e-13,0.05670470907352865,1,0,0,0,1,0.0,0,oracle_season,3407,oracle_season_seed_3407,True
132,2025-05-13,5,2,60998.465005524355,60998.465005524355,0.0,0,18193.61559131524,16337.793014301571,6013.4296618440185,2380.91896811683,2419.3522555554055,36940.8289261634,0.0,0.0,0.0,36940.82892616339,0,0.0,9.094947017729282e-13,0.03326691593974829,1,0,0,0,1,0.0,0,oracle_season,3407,oracle_season_seed_3407,True
133,2025-05-14,5,2,63183.542752346024,63183.542752346024,0.0,0,17594.416199606374,15862.712831071603,8437.690600477921,2419.3522555554055,2390.113571283357,38136.14436728027,0.0,0.0,0.0,38136.14436728028,0,0.0,8.242295734817162e-13,0.03174262505490333,1,0,0,0,1,0.0,0,oracle_season,3407,oracle_season_seed_3407,True
134,2025-05-15,5,2,61440.06096013987,61440.06096013987,0.0,0,18566.08847866764,16568.735133584545,6677.649331723434,2390.113571283357,2538.471297729631,36996.07094448834,0.0,0.0,0.0,36996.07094448834,0,0.0,9.07718344933528e-13,0.032611750066280365,1,0,0,0,1,0.0,0,oracle_season,3407,oracle_season_seed_3407,True
135,2025-05-16,5,2,27892.070583606477,27892.070583606477,0.0,0,10780.47149170717,10263.84119828193,24659.933756847906,2538.471297729631,1946.6859707409997,14755.944387607562,0.0,0.0,0.0,14755.944387607567,0,0.0,8.526512829121202e-13,0.05132791690994054,1,0,0,0,1,0.0,0,oracle_season,3407,oracle_season_seed_3407,True
136,2025-05-17,5,2,28188.31838612276,28188.31838612276,0.0,0,12092.233622427453,10714.211908798196,16361.497589160172,1946.6859707409997,2124.6150559619355,14665.718430357067,0.0,0.0,0.0,14665.71843035707,0,0.0,9.094947017729282e-13,0.04729962500277907,1,0,0,0,1,0.0,0,oracle_season,3407,oracle_season_seed_3407,True
137,2025-05-18,5,2,63839.17298766992,63839.17298766992,0.0,0,18275.485415518495,16069.493748712819,7957.013220864239,2124.6150559619355,2523.529136173429,38657.19716306263,0.0,0.0,0.0,38657.19716306262,0,0.0,9.094947017729282e-13,0.06174762500450015,1,0,0,0,1,0.0,0,oracle_season,3407,oracle_season_seed_3407,True
138,2025-05-19,5,2,61572.50602379646,61572.50602379646,79.23649999999998,20,16725.698610219246,15642.980150391151,13053.807513968362,2523.529136173429,1901.7711665686752,36869.36695543141,0.0,0.0,533.8661983333332,37403.23315376473,0,0.0,9.094947017729282e-13,0.051223292015492916,1,0,0,0,1,0.0,0,oracle_season,3407,oracle_season_seed_3407,True
139,2025-05-20,5,2,58699.303332057534,58699.303332057534,0.0,0,17879.13999316407,16236.377792512832,2529.1463147396234,1901.7711665686752,1748.7677364846295,35517.137493783994,0.0,0.0,0.0,35517.137493783994,0,0.0,9.094947017729282e-13,0.05328395904507488,1,0,0,0,1,0.0,0,oracle_season,3407,oracle_season_seed_3407,True
140,2025-05-21,5,2,63882.16836886649,63882.16836886649,0.0,0,16998.987189342537,15004.854050918933,10525.419947109562,1748.7677364846295,2058.9180470192264,38250.478434204575,0.0,0.0,0.0,38250.478434204575,0,0.0,8.597567102697212e-13,0.03189741703681648,1,0,0,0,1,0.0,0,oracle_season,3407,oracle_season_seed_3407,True
141,2025-05-22,5,2,59671.4467616599,59671.4467616599,2.5699999999999363,10,17569.39091396946,15747.873576080165,7035.868607103943,2058.9180470192264,2126.9894957577585,36109.21944809196,0.0,0.0,17.33336499999957,36126.552813091956,0,0.0,9.00612917575927e-13,0.05201795801986009,1,0,0,0,1,0.0,0,oracle_season,3407,oracle_season_seed_3407,True
142,2025-05-23,5,2,27869.532789308316,27869.532789308316,0.0,0,12335.165011979816,10593.592757423414,19707.011651418583,2126.9894957577585,2662.52728207954,14549.508305875446,0.0,0.0,0.0,14549.508305875444,0,0.0,7.958078640513122e-13,0.06949879205785692,1,0,0,0,1,0.0,0,oracle_season,3407,oracle_season_seed_3407,True
143,2025-05-24,5,2,27853.32734250251,27853.32734250251,0.0,0,11696.19222031686,10488.309615451302,22890.94335430362,2662.52728207954,2702.860428992216,14688.966128505108,0.0,0.0,0.0,14688.966128505108,0,0.0,7.958078640513122e-13,0.04594741703476757,1,0,0,0,1,0.0,0,oracle_season,3407,oracle_season_seed_3407,True
144,2025-05-25,5,2,59129.993117928534,59129.993117928534,0.0,0,16349.662114709536,15211.821158671084,9447.141978556749,2702.860428992216,2178.8443991389818,35448.53848590777,0.0,0.0,0.0,35448.53848590777,0,0.0,8.739675649849232e-13,0.061674291966483,1,0,0,0,1,0.0,0,oracle_season,3407,oracle_season_seed_3407,True
145,2025-05-26,5,2,57657.85530424694,57657.85530424694,0.0,0,18160.604249003074,16350.70103357363,1268.1191388174984,2178.8443991389818,2172.354130486087,35053.432846210555,0.0,0.0,0.0,35053.43284621056,0,0.0,9.094947017729282e-13,0.050746957887895405,1,0,0,0,1,0.0,0,oracle_season,3407,oracle_season_seed_3407,True
146,2025-05-27,5,2,64467.58135977383,64467.58135977383,0.0,0,16526.86049948902,14798.251987553194,13348.605547838002,2172.354130486087,2252.3834323015017,38540.89646503052,0.0,0.0,0.0,38540.89646503051,0,0.0,9.094947017729282e-13,0.015115124988369644,1,0,0,0,1,0.0,0,oracle_season,3407,oracle_season_seed_3407,True
147,2025-05-28,5,2,59701.040436496885,59701.040436496885,0.0,0,18169.830270320414,16143.999763676775,5401.385829853244,2252.3834323015017,2472.5280053542447,36117.79589282458,0.0,0.0,0.0,36117.795892824564,0,0.0,9.094947017729282e-13,0.03314362501259893,1,0,0,0,1,0.0,0,oracle_season,3407,oracle_season_seed_3407,True
148,2025-05-29,5,2,60168.446061465365,60168.446061465365,17.81743333333327,10,18359.665484000412,17102.039878961805,4818.514389760096,2472.5280053542447,1862.9031236367177,36017.71062924854,0.0,0.0,119.77769558333291,36137.48832483189,0,0.0,8.810729923425242e-13,0.051005874993279576,1,0,0,0,1,0.0,0,oracle_season,3407,oracle_season_seed_3407,True
149,2025-05-30,5,2,28153.21070405912,28153.21070405912,0.0,0,12353.82145519917,10480.617975906287,19683.773958099577,1862.9031236367177,2535.2258419597283,14581.261574752685,0.0,0.0,0.0,14581.26157475268,0,0.0,9.023892744153272e-13,0.04484441701788455,1,0,0,0,1,0.0,0,oracle_season,3407,oracle_season_seed_3407,True
150,2025-05-31,5,2,27908.275683934255,27908.275683934255,0.0,0,12352.39676868685,10993.45368141775,18160.151046665156,2535.2258419597283,2665.6206856916856,14685.494110847616,0.0,0.0,0.0,14685.494110847609,0,0.0,7.958078640513122e-13,0.04170925007201731,1,0,0,0,1,0.0,0,oracle_season,3407,oracle_season_seed_3407,True
151,2025-06-01,6,2,61814.15568414871,61814.15568414871,9579.589408198004,330,14751.209855144052,14666.498735422692,84.20767262535901,2665.6206856916856,1200.0,37323.33434922954,0.0,0.0,58313.31721904386,95636.65156827339,0,0.0,8.597567102697212e-13,0.034848415991291404,1,0,0,0,1,0.0,0,oracle_season,3407,oracle_season_seed_3407,True
152,2025-06-02,6,2,70184.50141665732,70184.50141665732,5043.37393385103,290,20472.73395838555,18425.460562547003,4539.794504669797,1200.0,1200.0,41804.30194363003,0.0,0.0,29481.4039668838,71285.70591051382,0,0.0,9.094947017729282e-13,0.016220125020481646,1,0,0,0,1,0.0,0,oracle_season,3407,oracle_season_seed_3407,True
153,2025-06-03,6,2,68224.37848048266,68224.37848048266,2566.1234957762335,290,21154.617113403998,19039.15540206359,482.67343158515047,1200.0,1200.0,41184.21451131681,0.0,0.0,13305.09663379801,54489.31114511484,0,0.0,9.094947017729282e-13,0.015369916101917624,1,0,0,0,1,0.0,0,oracle_season,3407,oracle_season_seed_3407,True
154,2025-06-04,6,2,68452.45862671253,68452.45862671253,3990.6417619895096,290,19389.626864463207,17450.66417801689,858.8768855890542,1200.0,1200.0,40909.633521213116,0.0,0.0,22515.320363991417,63424.95388520454,0,0.0,9.094947017729282e-13,0.043013624963350594,1,0,0,0,1,0.0,0,oracle_season,3407,oracle_season_seed_3407,True
155,2025-06-05,6,2,69006.4872730959,69006.4872730959,4736.728710220314,350,20933.082579717156,18839.774321745437,500.5897086778275,1200.0,1200.0,41473.00975453576,0.0,0.0,25430.433384286407,66903.44313882219,0,0.0,9.094947017729282e-13,0.015582374995574355,1,0,0,0,1,0.0,0,oracle_season,3407,oracle_season_seed_3407,True
156,2025-06-06,6,2,29853.667931152882,29853.667931152882,5053.3386637384,280,13382.137074300954,12043.923366870858,2713.7974874611864,1200.0,1200.0,15582.513854055882,0.0,0.0,28363.119232383666,43945.63308643954,0,0.0,8.952838470577262e-13,0.0532790410798043,1,0,0,0,1,0.0,0,oracle_season,3407,oracle_season_seed_3407,True
157,2025-06-07,6,2,31122.307542450686,31122.307542450686,2763.2898323012073,210,13399.522055363237,12038.967078033078,1398.529230755064,1200.0,1221.7172283270613,16555.601036635027,0.0,0.0,14293.13536802394,30848.736404658965,0,0.0,7.958078640513122e-13,0.05506174999754876,1,0,0,0,1,0.0,0,oracle_season,3407,oracle_season_seed_3407,True
158,2025-06-08,6,2,83289.35373433982,83289.35373433982,0.0,0,17204.22257847754,14767.817656467138,15668.025545662746,1221.7172283270613,1976.4292229768585,51618.573392529615,0.0,0.0,0.0,51618.57339252959,0,0.0,9.063860773039778e-13,0.014653041958808899,1,0,0,0,1,0.0,0,oracle_season,3407,oracle_season_seed_3407,True
159,2025-06-09,6,2,74568.03479110407,74568.03479110407,78.77944415518436,60,22300.069310969986,20192.361580130564,1606.3937710865116,1976.4292229768585,1847.5145466998506,46065.40772457832,0.0,0.0,532.855898155477,46598.26362273381,0,0.0,9.094947017729282e-13,0.028189040953293443,1,0,0,0,1,0.0,0,oracle_season,3407,oracle_season_seed_3407,True
160,2025-06-10,6,2,78111.28915288825,78111.28915288825,16.790415537119202,20,20794.952278026165,18688.813472512433,4403.4965295782995,1847.5145466998506,1875.5993435607857,48577.015827287374,0.0,0.0,113.12120179728383,48690.13702908468,0,0.0,9.094947017729282e-13,0.020324832992628217,1,0,0,0,1,0.0,0,oracle_season,3407,oracle_season_seed_3407,True
161,2025-06-11,6,2,79752.39226696471,79752.39226696471,1169.2640299564664,90,23760.058561591206,21438.069354682055,2515.2207733453715,1875.5993435607857,1818.6607958273426,49175.390834794016,0.0,0.0,5724.255804441576,54899.64663923557,0,0.0,8.952838470577262e-13,0.02025629102718085,1,0,0,0,1,0.0,0,oracle_season,3407,oracle_season_seed_3407,True
162,2025-06-12,6,2,82086.95793174216,82086.95793174216,0.0,0,21299.385183460112,18755.18280708195,7090.36412203066,1818.6607958273426,2255.3332437174204,51255.73648491879,0.0,0.0,0.0,51255.73648491878,0,0.0,9.094947017729282e-13,0.026003125007264316,1,0,0,0,1,0.0,0,oracle_season,3407,oracle_season_seed_3407,True
163,2025-06-13,6,2,36195.774289819754,36195.774289819754,0.0,0,12937.724977475404,11266.137284875645,6178.872897219999,2255.3332437174204,2653.5854271685316,21157.84554999977,0.0,0.0,0.0,21157.845549999765,0,0.0,8.526512829121202e-13,0.051434374996460974,1,0,0,0,1,0.0,0,oracle_season,3407,oracle_season_seed_3407,True
164,2025-06-14,6,2,36272.53552211108,36272.53552211108,0.0,0,11716.17270264086,10906.010267218579,9269.030336688795,2653.5854271685316,2272.5785773751654,20987.626225115528,0.0,0.0,0.0,20987.626225115535,0,0.0,7.958078640513122e-13,0.06642162497155368,1,0,0,0,1,0.0,0,oracle_season,3407,oracle_season_seed_3407,True
165,2025-06-15,6,2,77812.48671761766,77812.48671761766,21.948938865376704,10,21889.088827903626,19489.319016068872,4807.691511314965,2272.5785773751654,2494.845512481644,48119.98414444101,0.0,0.0,148.0346181775332,48268.018762618536,0,0.0,8.917311333789257e-13,0.01662645791657269,1,0,0,0,1,0.0,0,oracle_season,3407,oracle_season_seed_3407,True
166,2025-06-16,6,2,78267.92163150787,78267.92163150787,5.81272895005236,10,21815.297666657993,19742.517447471742,3506.901324605001,2494.845512481644,2380.2134242989714,48667.55385994857,0.0,0.0,39.27370315102877,48706.827563099614,0,0.0,8.810729923425242e-13,0.015851792064495385,1,0,0,0,1,0.0,0,oracle_season,3407,oracle_season_seed_3407,True
167,2025-06-17,6,2,79441.50716570305,79441.50716570305,192.71972975551773,20,22289.963687459924,20735.08108426702,3442.3330755990028,2380.2134242989714,1669.6351238921272,49231.985816570625,0.0,0.0,1333.0567538279422,50565.04257039857,0,0.0,9.094947017729282e-13,0.020894750021398067,1,0,0,0,1,0.0,0,oracle_season,3407,oracle_season_seed_3407,True
168,2025-06-18,6,2,83200.4413076409,83200.4413076409,42.526950874398494,20,20265.704262124014,17731.789301117868,9780.662397509139,1669.6351238921272,2204.4232200210467,51861.095850511134,0.0,0.0,286.7488413504401,52147.844691861574,0,0.0,9.094947017729282e-13,0.015524916001595557,1,0,0,0,1,0.0,0,oracle_season,3407,oracle_season_seed_3407,True
169,2025-06-19,6,2,78241.52302012808,78241.52302012808,105.39306620311106,20,20436.195607532885,18641.464061201605,8292.680339999915,2204.4232200210467,1942.0722173909191,48507.5628318878,0.0,0.0,709.6293068412684,49217.19213872908,0,0.0,9.094947017729282e-13,0.01924166700337082,1,0,0,0,1,0.0,0,oracle_season,3407,oracle_season_seed_3407,True
170,2025-06-20,6,2,34926.06852638814,34926.06852638814,0.0,0,12113.673331025024,10405.814004944377,10817.62835030749,1942.0722173909191,2465.420730006669,20291.53616296142,0.0,0.0,0.0,20291.536162961427,0,0.0,8.526512829121202e-13,0.058114666026085615,1,0,0,0,1,0.0,0,oracle_season,3407,oracle_season_seed_3407,True
171,2025-06-21,6,2,34597.368026174794,34597.368026174794,0.0,0,12605.910488477884,10764.590270887751,13421.307408584664,2465.420730006669,3077.5630223140292,20002.74275028605,0.0,0.0,0.0,20002.742750286045,0,0.0,7.958078640513122e-13,0.04295895900577307,1,0,0,0,1,0.0,0,oracle_season,3407,oracle_season_seed_3407,True
172,2025-06-22,6,2,73414.83458831688,73414.83458831688,29.263521262899985,40,18997.354634614705,18141.32642805168,5130.728803016758,3077.5630223140292,1977.398974898834,45480.64057196299,0.0,0.0,197.04098585361916,45677.68155781659,0,0.0,9.094947017729282e-13,0.019914417061954737,1,0,0,0,1,0.0,0,oracle_season,3407,oracle_season_seed_3407,True
173,2025-06-23,6,2,77038.03624738255,77038.03624738255,3.077870181681419,10,20915.43225363175,18869.223509377713,7933.619373310192,1977.398974898834,1929.6122359499163,47529.403448861995,0.0,0.0,20.75869544035033,47550.16214430236,0,0.0,8.952838470577262e-13,0.016149833099916577,1,0,0,0,1,0.0,0,oracle_season,3407,oracle_season_seed_3407,True
174,2025-06-24,6,2,77074.90998011312,77074.90998011312,2268.6551983567424,110,23244.138974236703,20819.41786409957,650.0518183327342,1929.6122359499163,2035.3453219224273,47826.261800593384,0.0,0.0,10917.555205299303,58743.81700589268,0,0.0,9.094947017729282e-13,0.020565791986882687,1,0,0,0,1,0.0,0,oracle_season,3407,oracle_season_seed_3407,True
175,2025-06-25,6,2,81819.91742909135,81819.91742909135,5.119725537441241,10,20240.352876819747,18299.52858669871,9446.791497841095,2035.3453219224273,1947.6332290333287,50813.36689049209,0.0,0.0,34.47111204359187,50847.83800253566,0,0.0,9.094947017729282e-13,0.014340459019877017,1,0,0,0,1,0.0,0,oracle_season,3407,oracle_season_seed_3407,True
176,2025-06-26,6,2,77195.6423342074,77195.6423342074,56.5275518024215,30,20539.603016469708,18780.69305242542,7945.876088632194,1947.6332290333287,1636.62286529129,47634.92212569487,0.0,0.0,381.34881756474147,48016.27094325963,0,0.0,9.094947017729282e-13,0.020192958996631205,1,0,0,0,1,0.0,0,oracle_season,3407,oracle_season_seed_3407,True
177,2025-06-27,6,2,33731.52967013919,33731.52967013919,0.0,0,13108.082728907364,10959.875094728524,11811.676169293682,1636.62286529129,2519.3192962381722,18982.38857054527,0.0,0.0,0.0,18982.388570545263,0,0.0,9.094947017729282e-13,0.04927366611082107,1,0,0,0,1,0.0,0,oracle_season,3407,oracle_season_seed_3407,True
178,2025-06-28,6,2,33192.65116389827,33192.65116389827,0.0,0,11977.12523621623,11067.32746619142,10505.927277206796,2519.3192962381722,2215.830498460806,18580.958994020413,0.0,0.0,0.0,18580.958994020417,0,0.0,8.881784197001252e-13,0.051024333108216524,1,0,0,0,1,0.0,0,oracle_season,3407,oracle_season_seed_3407,True
179,2025-06-29,6,2,75359.21372817422,75359.21372817422,0.18854018063052536,10,20422.9410164308,18443.76782559533,4112.460544186055,2215.830498460806,2149.295216415353,46480.66261615137,0.0,0.0,1.2748144313332974,46481.93743058268,0,0.0,9.094947017729282e-13,0.01985362498089671,1,0,0,0,1,0.0,0,oracle_season,3407,oracle_season_seed_3407,True
180,2025-06-30,6,2,76554.87903960861,76554.87903960861,73.7708024071951,20,20995.93769088403,19192.822266779134,4947.850434577584,2149.295216415353,1836.7796007270065,47199.751423489535,0.0,0.0,496.90799216757296,47696.65941565709,0,0.0,9.094947017729282e-13,0.015730249928310513,1,0,0,0,1,0.0,0,oracle_season,3407,oracle_season_seed_3407,True
181,2025-07-01,7,2,80056.99396288246,80056.99396288246,3432.314547525929,360,21459.27527979279,19917.44992356249,3080.9391208447555,1836.7796007270065,1200.0,49702.19785252135,0.0,0.0,16373.954259778531,66076.15211229987,0,0.0,9.094947017729282e-13,0.016563207958824933,1,0,0,0,1,0.0,0,oracle_season,3407,oracle_season_seed_3407,True
182,2025-07-02,7,2,77103.57730438944,77103.57730438944,2612.1982612998063,270,20222.009315243526,18199.808383719173,4788.808267498228,1200.0,1200.0,47497.90877312964,0.0,0.0,13689.404839947081,61187.31361307671,0,0.0,9.094947017729282e-13,0.015008957940153778,1,0,0,0,1,0.0,0,oracle_season,3407,oracle_season_seed_3407,True
183,2025-07-03,7,2,74321.39193766513,74321.39193766513,7357.036549233437,400,19134.465786379016,17221.019207741112,4.562974927335176,1200.0,1200.0,45913.97068328218,0.0,0.0,42831.11755004421,88745.08823332639,0,0.0,8.100187187665142e-13,0.014749041059985757,1,0,0,0,1,0.0,0,oracle_season,3407,oracle_season_seed_3407,True
184,2025-07-04,7,2,37161.44126293129,37161.44126293129,3509.0351980290443,360,13346.93831550053,12012.244483950473,10454.915162743611,1200.0,1200.0,21305.86810365775,0.0,0.0,15312.293680082197,36618.161783739946,0,0.0,9.094947017729282e-13,0.03899841697420925,1,0,0,0,1,0.0,0,oracle_season,3407,oracle_season_seed_3407,True
185,2025-07-05,7,2,36461.298177101635,36461.298177101635,4557.489092226229,370,12886.297914089562,11597.668122680607,10940.077511252242,1200.0,1200.0,20515.47260221339,0.0,0.0,22005.50504700595,42520.97764921935,0,0.0,9.094947017729282e-13,0.036916415905579925,1,0,0,0,1,0.0,0,oracle_season,3407,oracle_season_seed_3407,True
186,2025-07-06,7,2,69685.93429794861,69685.93429794861,12227.544296890213,420,18076.974666952618,16269.277200257351,311.79957814355305,1200.0,1200.0,42780.5589161456,0.0,0.0,71712.81468167892,114493.37359782457,0,0.0,8.242295734817162e-13,0.05970766709651798,1,0,0,0,1,0.0,0,oracle_season,3407,oracle_season_seed_3407,True
187,2025-07-07,7,2,73806.31893837903,73806.31893837903,4812.10497244699,350,19920.49203079038,17896.628549800917,3185.077663169889,1200.0,1233.5351934368468,45331.1029718563,0.0,0.0,24708.607076423774,70039.71004828009,0,0.0,9.094947017729282e-13,0.019017042010091245,1,0,0,0,1,0.0,0,oracle_season,3407,oracle_season_seed_3407,True
188,2025-07-08,7,2,83738.34141520155,83738.34141520155,188.8684452967941,30,22351.474172793118,19597.384106701073,5601.732777739633,1233.5351934368468,1780.5487751865494,52189.666395999004,0.0,0.0,1302.073160968557,53491.73955696755,0,0.0,9.094947017729282e-13,0.015883499989286065,1,0,0,0,1,0.0,0,oracle_season,3407,oracle_season_seed_3407,True
189,2025-07-09,7,2,84023.89689388685,84023.89689388685,43.658767385210695,20,19908.03184517316,17400.926690939115,7501.725490371355,1780.5487751865494,2324.7788367652615,53036.11055100545,0.0,0.0,294.40133905432526,53330.511890059795,0,0.0,9.094947017729282e-13,0.015197458094917238,1,0,0,0,1,0.0,0,oracle_season,3407,oracle_season_seed_3407,True
190,2025-07-10,7,2,84140.9861757473,84140.9861757473,36.71263911558856,40,19426.463202566618,17688.184455405135,9585.796684368073,2324.7788367652615,2109.35649981136,53111.68026355865,0.0,0.0,247.48639844037118,53359.166661999014,0,0.0,9.094947017729282e-13,0.01956008397974074,1,0,0,0,1,0.0,0,oracle_season,3407,oracle_season_seed_3407,True
191,2025-07-11,7,2,45437.39147263812,45437.39147263812,0.0,0,13878.666252117322,11446.890445276807,10486.838515797595,2109.35649981136,3209.733394581142,27479.68525775169,0.0,0.0,0.0,27479.68525775169,0,0.0,9.094947017729282e-13,0.05242674995679408,1,0,0,0,1,0.0,0,oracle_season,3407,oracle_season_seed_3407,True
192,2025-07-12,7,2,43234.23415335617,43234.23415335617,0.0,0,12209.935857691125,11616.831963384431,11556.886925716139,3209.733394581142,2547.8795464605987,25960.811941527638,0.0,0.0,0.0,25960.811941527638,0,0.0,9.094947017729282e-13,0.04528616706375033,1,0,0,0,1,0.0,0,oracle_season,3407,oracle_season_seed_3407,True
193,2025-07-13,7,2,82301.01126084324,82301.01126084324,142.69040018740395,40,17982.245281919553,16860.661509617315,12054.397488728398,2547.8795464605987,1834.637564357429,51809.84162464825,0.0,0.0,960.8423650185916,52770.68398966684,0,0.0,9.094947017729282e-13,0.015200625057332218,1,0,0,0,1,0.0,0,oracle_season,3407,oracle_season_seed_3407,True
194,2025-07-14,7,2,78551.21870431099,78551.21870431099,150.56867218740172,90,19471.109621179115,17723.43844875651,5146.43698740912,1834.637564357429,1624.4095671900493,49065.61554460481,0.0,0.0,946.2862202530401,50011.90176485783,0,0.0,9.094947017729282e-13,0.029745084000751376,1,0,0,0,1,0.0,0,oracle_season,3407,oracle_season_seed_3407,True
195,2025-07-15,7,2,81626.91224934657,81626.91224934657,21.55236301153559,20,19580.220656997593,16789.75635190185,6108.949723929044,1624.4095671900493,2501.880732864198,51210.04242201315,0.0,0.0,145.0230740362688,51355.06549604942,0,0.0,9.094947017729282e-13,0.015231749974191189,1,0,0,0,1,0.0,0,oracle_season,3407,oracle_season_seed_3407,True
196,2025-07-16,7,2,81789.34547682872,81789.34547682872,42.387595898651284,20,18651.135409215734,17117.387137658847,8163.421417837161,2501.880732864198,2152.5910699749807,51526.81907700531,0.0,0.0,286.1291715154335,51812.948248520726,0,0.0,9.094947017729282e-13,0.015957499970681965,1,0,0,0,1,0.0,0,oracle_season,3407,oracle_season_seed_3407,True
197,2025-07-17,7,2,81098.13845795728,81098.13845795728,8.779682500839044,10,20689.890848666306,18644.705818444378,6341.317043569537,2152.5910699749807,2127.4993932335187,51070.6999776467,0.0,0.0,59.319924816919,51130.019902463595,0,0.0,9.094947017729282e-13,0.022969375015236437,1,0,0,0,1,0.0,0,oracle_season,3407,oracle_season_seed_3407,True
198,2025-07-18,7,2,44966.38950210788,44966.38950210788,0.0,0,13268.613917900577,10977.985557313112,11401.513041520417,2127.4993932335187,3143.3989782456033,27042.721064902486,0.0,0.0,0.0,27042.721064902486,0,0.0,9.094947017729282e-13,0.04556241596583277,1,0,0,0,1,0.0,0,oracle_season,3407,oracle_season_seed_3407,True
199,2025-07-19,7,2,42539.60700047512,42539.60700047512,0.0,0,11605.016838210468,10935.976899249614,14687.748011514257,3143.3989782456033,2625.3528127126847,25543.088945165746,0.0,0.0,0.0,25543.08894516574,0,0.0,7.958078640513122e-13,0.06809387495741248,1,0,0,0,1,0.0,0,oracle_season,3407,oracle_season_seed_3407,True
200,2025-07-20,7,2,76510.51632161066,76510.51632161066,17.937327438715784,20,19365.62186696434,18341.37498719556,3414.2285526139117,2625.3528127126847,1663.688041337027,48319.51214063905,0.0,0.0,123.21758514283243,48442.72972578191,0,0.0,8.757439218243235e-13,0.03136991709470749,1,0,0,0,1,0.0,0,oracle_season,3407,oracle_season_seed_3407,True
201,2025-07-21,7,2,80358.95847487364,80358.95847487364,26.960317411978394,20,20479.670881397396,18225.761251561966,4142.259812450178,1663.688041337027,1880.770540964559,50299.84989274806,0.0,0.0,187.1325891386065,50486.98248188665,0,0.0,9.094947017729282e-13,0.019863084075041115,1,0,0,0,1,0.0,0,oracle_season,3407,oracle_season_seed_3407,True
202,2025-07-22,7,2,82121.72612462819,82121.72612462819,89.57207018166207,40,20101.314407889735,18260.535185007717,6575.374355261169,1880.770540964559,1702.2576291688501,51476.644272360616,0.0,0.0,604.2768629480258,52080.921135308614,0,0.0,9.023892744153272e-13,0.015805582981556654,1,0,0,0,1,0.0,0,oracle_season,3407,oracle_season_seed_3407,True
203,2025-07-23,7,2,81804.25403018741,81804.25403018741,30.455776096940554,50,20881.959184212486,18583.908146630347,5320.111652035548,1702.2576291688501,1923.4643475669952,51398.749835542556,0.0,0.0,205.39205603176163,51604.14189157433,0,0.0,9.094947017729282e-13,0.015217125066556036,1,0,0,0,1,0.0,0,oracle_season,3407,oracle_season_seed_3407,True
204,2025-07-24,7,2,82248.04036334528,82248.04036334528,2.8670290356303667,10,19892.503206588703,17434.089968729444,6176.022154521649,1923.4643475669952,2418.0054849143958,51685.89869974181,0.0,0.0,19.326642729184304,51705.22534247099,0,0.0,9.094947017729282e-13,0.018980209017172456,1,0,0,0,1,0.0,0,oracle_season,3407,oracle_season_seed_3407,True
205,2025-07-25,7,2,43297.961564461715,43297.961564461715,0.0,0,12809.223817284674,11030.336406455814,15013.75458696618,2418.0054849143958,2942.906713937487,26016.53108727321,0.0,0.0,0.0,26016.531087273215,0,0.0,7.958078640513122e-13,0.049957542098127306,1,0,0,0,1,0.0,0,oracle_season,3407,oracle_season_seed_3407,True
206,2025-07-26,7,2,41773.285443894245,41773.285443894245,0.0,0,12587.127155998198,11427.509142151375,12144.575863380753,2942.906713937487,2838.4517267393,25101.380151771198,0.0,0.0,0.0,25101.380151771198,0,0.0,7.389644451905042e-13,0.040118667064234614,1,0,0,0,1,0.0,0,oracle_season,3407,oracle_season_seed_3407,True
207,2025-07-27,7,2,77885.58800975682,77885.58800975682,247.1886799703022,70,20820.83546308171,19894.99456172472,3521.745988370132,2838.4517267393,1619.6649647849174,48647.18790541111,0.0,0.0,1304.2525077858438,49951.44041319698,0,0.0,9.094947017729282e-13,0.015043499995954335,1,0,0,0,1,0.0,0,oracle_season,3407,oracle_season_seed_3407,True
208,2025-07-28,7,2,80190.60194216977,80190.60194216977,441.5089970048814,80,21554.12749854869,19711.797493529484,834.9037008221305,1619.6649647849174,1289.6467748589102,50079.41505251657,0.0,0.0,2555.6018782865385,52635.01693080309,0,0.0,8.952838470577262e-13,0.01501137507148087,1,0,0,0,1,0.0,0,oracle_season,3407,oracle_season_seed_3407,True
209,2025-07-29,7,2,85025.03463663618,85025.03463663618,108.34009896282657,30,20908.904804956845,18157.712273274094,6312.936253916262,1289.6467748589102,1985.666250002984,53059.523065286994,0.0,0.0,734.1382185587523,53793.66128384574,0,0.0,9.094947017729282e-13,0.02022883400786668,1,0,0,0,1,0.0,0,oracle_season,3407,oracle_season_seed_3407,True
210,2025-07-30,7,2,83148.16795418208,83148.16795418208,0.0,0,20265.98331147952,18008.74328178677,6787.673874489323,1985.666250002984,2228.783946940149,52044.53853256722,0.0,0.0,0.0,52044.53853256721,0,0.0,9.094947017729282e-13,0.02006925002206117,1,0,0,0,1,0.0,0,oracle_season,3407,oracle_season_seed_3407,True
211,2025-07-31,7,2,81496.31185809875,81496.31185809875,28.200741563681163,30,19995.058097303387,18435.043478152198,5269.50171384458,2228.783946940149,1765.5195556703982,51202.094463842004,0.0,0.0,192.81286053779567,51394.907324379805,0,0.0,8.881784197001252e-13,0.0195944580482319,1,0,0,0,1,0.0,0,oracle_season,3407,oracle_season_seed_3407,True
212,2025-08-01,8,2,43118.42971966199,43118.42971966199,0.0,0,13463.810845632466,10963.256488488658,19366.515695851518,1765.5195556703982,2982.125007618706,25511.84468687825,0.0,0.0,0.0,25511.844686878252,0,0.0,9.094947017729282e-13,0.06712295801844448,1,0,0,0,1,0.0,0,oracle_season,3407,oracle_season_seed_3407,True
213,2025-08-02,8,2,40139.36364107767,40139.36364107767,0.0,0,12592.783145642592,11465.927995805494,18085.48355790724,2982.125007618706,2842.5387357835407,23870.021277657383,0.0,0.0,0.0,23870.021277657397,0,0.0,8.881784197001252e-13,0.04360216704662889,1,0,0,0,1,0.0,0,oracle_season,3407,oracle_season_seed_3407,True
214,2025-08-03,8,2,74974.4247813251,74974.4247813251,163.57572960195483,80,17212.927901424056,16769.408531553574,11855.001157723225,2842.5387357835407,1495.6472885559267,47365.233936654804,0.0,0.0,1024.15515997612,48389.389096630905,0,0.0,9.094947017729282e-13,0.04553662508260459,1,0,0,0,1,0.0,0,oracle_season,3407,oracle_season_seed_3407,True
215,2025-08-04,8,2,74226.19523655315,74226.19523655315,37.89205996082035,10,19347.99587269324,16745.09268951483,6245.529030002236,1495.6472885559267,2199.8903138964115,46780.1867439157,0.0,0.0,255.1272397162034,47035.313983631895,0,0.0,9.094947017729282e-13,0.03585445799399167,1,0,0,0,1,0.0,0,oracle_season,3407,oracle_season_seed_3407,True
216,2025-08-05,8,2,76207.21450456633,76207.21450456633,0.4081328412204357,10,18555.470388972644,16747.738333804995,9247.580848906568,2199.8903138964115,2149.488895606592,48125.33501570873,0.0,0.0,2.7493868848814653,48128.08440259362,0,0.0,8.952838470577262e-13,0.031803415971808136,1,0,0,0,1,0.0,0,oracle_season,3407,oracle_season_seed_3407,True
217,2025-08-06,8,2,76695.22251497238,76695.22251497238,0.0,0,18926.05394004047,17467.888591424056,7122.657899689304,2149.488895606592,1691.5488788692999,48125.62171403409,0.0,0.0,0.0,48125.62171403409,0,0.0,9.094947017729282e-13,0.03099574998486787,1,0,0,0,1,0.0,0,oracle_season,3407,oracle_season_seed_3407,True
218,2025-08-07,8,2,78088.295324236,78088.295324236,5.640965534573638,10,19293.008003093957,17124.340726393933,12537.28376307054,1691.5488788692999,1943.8632991637355,49435.15261174167,0.0,0.0,38.11318363434678,49473.265795376006,0,0.0,9.094947017729282e-13,0.05415674997493625,1,0,0,0,1,0.0,0,oracle_season,3407,oracle_season_seed_3407,True
219,2025-08-08,8,2,41734.947702697005,41734.947702697005,0.0,0,13387.620022151377,11366.474241718408,23938.630672264037,1943.8632991637355,2663.158958336916,24669.973264015953,0.0,0.0,0.0,24669.97326401597,0,0.0,9.094947017729282e-13,0.050964165944606066,1,0,0,0,1,0.0,0,oracle_season,3407,oracle_season_seed_3407,True
220,2025-08-09,8,2,39645.478877194604,39645.478877194604,0.0,0,12349.65347411595,11485.113034507802,19859.009437586457,2663.158958336916,2272.6968214313274,23404.40535917228,0.0,0.0,0.0,23404.405359172284,0,0.0,8.526512829121202e-13,0.04979070893023163,1,0,0,0,1,0.0,0,oracle_season,3407,oracle_season_seed_3407,True
221,2025-08-10,8,2,74048.87980548054,74048.87980548054,10.74175037678674,10,17997.438528671024,16217.967434095794,6975.531411282092,2272.6968214313274,2251.327457879197,46859.42218240838,0.0,0.0,72.44773541623817,46931.86991782463,0,0.0,8.455458555545192e-13,0.04078395804390311,1,0,0,0,1,0.0,0,oracle_season,3407,oracle_season_seed_3407,True
222,2025-08-11,8,2,75996.35508048648,75996.35508048648,107.33223779698392,50,19178.279830474443,17632.15445425251,9996.308608728203,2251.327457879197,1859.5185079489731,47872.31128369224,0.0,0.0,723.3177950932335,48595.629078785474,0,0.0,9.094947017729282e-13,0.03163350000977516,1,0,0,0,1,0.0,0,oracle_season,3407,oracle_season_seed_3407,True
223,2025-08-12,8,2,74657.3143157551,74657.3143157551,113.49239867609913,40,19011.05828112833,16966.882656131176,4966.087439434039,1859.5185079489731,2010.3273154596843,46895.68438932485,0.0,0.0,765.7993244726222,47661.483713797476,0,0.0,8.473222123939195e-13,0.03314191603567451,1,0,0,0,1,0.0,0,oracle_season,3407,oracle_season_seed_3407,True
224,2025-08-13,8,2,77025.30152727739,77025.30152727739,133.9845916568196,40,18614.088097758064,16492.576316859257,8916.794888035405,2010.3273154596843,2284.4999204349124,48452.166411064594,0.0,0.0,905.4235046573934,49357.589915722,0,0.0,9.094947017729282e-13,0.027605250012129545,1,0,0,0,1,0.0,0,oracle_season,3407,oracle_season_seed_3407,True
225,2025-08-14,8,2,74395.53765304304,74395.53765304304,204.3720161402615,70,19961.039754303343,18561.03230844021,7273.611239986828,2284.4999204349124,1656.1590075168217,46497.29402013994,0.0,0.0,1269.461859114513,47766.75587925447,0,0.0,9.094947017729282e-13,0.031121709034778178,1,0,0,0,1,0.0,0,oracle_season,3407,oracle_season_seed_3407,True
226,2025-08-15,8,2,41128.35984362429,41128.35984362429,0.0,0,13818.933798940547,11856.457670647236,22006.156831997643,1656.1590075168217,2268.146959230867,24118.766217881363,0.0,0.0,0.0,24118.766217881355,0,0.0,7.460698725481052e-13,0.04659400007221848,1,0,0,0,1,0.0,0,oracle_season,3407,oracle_season_seed_3407,True
227,2025-08-16,8,2,40211.9826518976,40211.9826518976,0.0,0,12348.05810839851,11253.909294436617,22188.553471269035,2268.146959230867,2119.881466239689,23500.37341518711,0.0,0.0,0.0,23500.37341518711,0,0.0,7.958078640513122e-13,0.015080541954375803,1,0,0,0,1,0.0,0,oracle_season,3407,oracle_season_seed_3407,True
228,2025-08-17,8,2,70740.88631731419,70740.88631731419,157.33649863142034,50,19024.5883219608,17415.787844417853,6124.02872173599,2119.881466239689,1810.3383813592284,44999.01649595269,0.0,0.0,1060.1744673958333,46059.19096334852,0,0.0,9.094947017729282e-13,0.04390516702551395,1,0,0,0,1,0.0,0,oracle_season,3407,oracle_season_seed_3407,True
229,2025-08-18,8,2,73549.77206341222,73549.77206341222,152.8069128524411,50,19914.90239172067,17644.90461129228,7038.465579169615,1810.3383813592284,2103.911106660319,46281.363740624445,0.0,0.0,1038.2509691077316,47319.61470973218,0,0.0,9.094947017729282e-13,0.048965124995447695,1,0,0,0,1,0.0,0,oracle_season,3407,oracle_season_seed_3407,True
230,2025-08-19,8,2,74895.1609463339,74895.1609463339,102.17852745625214,30,18241.33516022682,16653.767002086195,9092.11126564952,2103.911106660319,1854.5493245269297,47391.09999190115,0.0,0.0,689.5052607168061,48080.60525261796,0,0.0,8.79296635503124e-13,0.046101832995191216,1,0,0,0,1,0.0,0,oracle_season,3407,oracle_season_seed_3407,True
231,2025-08-20,8,2,74311.30262462379,74311.30262462379,782.3460904541328,80,21352.26796363987,19449.398433153478,2540.0881179248663,1854.5493245269297,1609.6232608394262,46925.912819481244,0.0,0.0,4238.639037660812,51164.55185714204,0,0.0,9.094947017729282e-13,0.05207991600036621,1,0,0,0,1,0.0,0,oracle_season,3407,oracle_season_seed_3407,True
232,2025-08-21,8,2,79851.8755636769,79851.8755636769,9.632750808294873,30,17476.34882730251,15632.005464703667,12172.746468553021,1609.6232608394262,1711.5629493185218,50012.032099353964,0.0,0.0,64.95935043560402,50076.99144978958,0,0.0,8.948397578478762e-13,0.027137542027048767,1,0,0,0,1,0.0,0,oracle_season,3407,oracle_season_seed_3407,True
233,2025-08-22,8,2,40305.18169958508,40305.18169958508,0.0,0,13734.727628819206,12381.882742793123,17721.767413558995,1711.5629493185218,1689.8192579325503,23419.291427345303,0.0,0.0,0.0,23419.2914273453,0,0.0,9.094947017729282e-13,0.051485291915014386,1,0,0,0,1,0.0,0,oracle_season,3407,oracle_season_seed_3407,True
234,2025-08-23,8,2,40687.33103291855,40687.33103291855,0.0,0,13208.723127851315,11585.379114144602,16533.980869211835,1689.8192579325503,2008.6524254850317,23859.448637802307,0.0,0.0,0.0,23859.448637802318,0,0.0,7.958078640513122e-13,0.05655025003943592,1,0,0,0,1,0.0,0,oracle_season,3407,oracle_season_seed_3407,True
235,2025-08-24,8,2,74702.28227363783,74702.28227363783,21.297586642459464,20,19716.386907632666,18177.506445679195,9451.109914993473,2008.6524254850317,1552.4851990786167,46982.15832264952,0.0,0.0,143.47405877490996,47125.632381424424,0,0.0,9.094947017729282e-13,0.05792541604023427,1,0,0,0,1,0.0,0,oracle_season,3407,oracle_season_seed_3407,True
236,2025-08-25,8,2,73519.67658565988,73519.67658565988,79.08821746958711,20,20548.533881439744,18542.129642905376,819.2735479284349,1552.4851990786167,1501.4153112570727,46774.55072416813,0.0,0.0,533.3176232747387,47307.86834744288,0,0.0,9.094947017729282e-13,0.04159050004091114,1,0,0,0,1,0.0,0,oracle_season,3407,oracle_season_seed_3407,True
237,2025-08-26,8,2,80411.99669512801,80411.99669512801,40.754855384880216,20,19593.806812952786,16909.587755343746,12239.714109570508,1501.4153112570727,2265.462046140309,50453.85185389351,0.0,0.0,282.02869979689575,50735.88055369039,0,0.0,9.094947017729282e-13,0.023926416994072497,1,0,0,0,1,0.0,0,oracle_season,3407,oracle_season_seed_3407,True
238,2025-08-27,8,2,74323.7800980953,74323.7800980953,33.377103517314026,30,20556.339020293944,18941.504356210997,4828.17367086301,2265.462046140309,1800.8188518812112,47178.166573545845,0.0,0.0,226.0270248780838,47404.19359842392,0,0.0,9.094947017729282e-13,0.044581125024706125,1,0,0,0,1,0.0,0,oracle_season,3407,oracle_season_seed_3407,True
239,2025-08-28,8,2,76550.72090095794,76550.72090095794,141.76043259753965,30,20751.775830910206,18697.714826047348,3870.6253453592763,1800.8188518812112,1778.5600240178355,48336.05204334559,0.0,0.0,955.4101896350328,49291.46223298063,0,0.0,9.094947017729282e-13,0.05726624990347773,1,0,0,0,1,0.0,0,oracle_season,3407,oracle_season_seed_3407,True
240,2025-08-29,8,2,41557.46802706267,41557.46802706267,0.0,0,14520.022549454463,12481.679400282277,16963.904527890485,1778.5600240178355,2396.617594369958,24567.250238694865,0.0,0.0,0.0,24567.250238694876,0,0.0,9.094947017729282e-13,0.052817041985690594,1,0,0,0,1,0.0,0,oracle_season,3407,oracle_season_seed_3407,True
241,2025-08-30,8,2,40897.20052983794,40897.20052983794,0.0,0,12376.726198896582,11754.844168211577,21762.598665819598,2396.617594369958,1747.517319842023,24075.12518697579,0.0,0.0,0.0,24075.125186975783,0,0.0,6.821210263296962e-13,0.05389804090373218,1,0,0,0,1,0.0,0,oracle_season,3407,oracle_season_seed_3407,True
242,2025-08-31,8,2,71551.06245486363,71551.06245486363,160.35306544023433,50,20569.997395878603,18330.858406401152,2825.6534474930686,1747.517319842023,1939.5089468305832,45620.94986820184,0.0,0.0,1085.8214336127571,46706.77130181462,0,0.0,9.094947017729282e-13,0.029289291007444263,1,0,0,0,1,0.0,0,oracle_season,3407,oracle_season_seed_3407,True
243,2025-09-01,9,2,78032.29723413431,78032.29723413431,0.0,0,19940.292457101525,14281.979031503532,18799.849275202985,1939.5089468305832,5802.003614353157,48915.30430798491,0.0,0.0,0.0,48915.30430798491,0,0.0,8.526512829121202e-13,0.04669241595547646,1,0,0,0,1,0.0,0,oracle_season,3407,oracle_season_seed_3407,True
244,2025-09-02,9,2,69144.00796262741,69144.00796262741,0.0,0,17451.679863675166,16764.17160454777,14398.743853500007,5802.003614353157,4687.132371849418,44094.8777412088,0.0,0.0,0.0,44094.87774120881,0,0.0,7.958078640513122e-13,0.03149833297356963,1,0,0,0,1,0.0,0,oracle_season,3407,oracle_season_seed_3407,True
245,2025-09-03,9,2,68995.94429593316,68995.94429593316,0.0,0,16187.401818287499,14934.54816331636,12195.373390962031,4687.132371849418,4301.454108503278,43587.42675090652,0.0,0.0,0.0,43587.42675090652,0,0.0,8.668621376273222e-13,0.033193791983649135,1,0,0,0,1,0.0,0,oracle_season,3407,oracle_season_seed_3407,True
246,2025-09-04,9,2,68556.0890010529,68556.0890010529,0.0,0,18008.71555629163,16607.287091850696,13229.094986611955,4301.454108503278,3880.404120578904,43355.05714307921,0.0,0.0,0.0,43355.05714307922,0,0.0,7.958078640513122e-13,0.04345041699707508,1,0,0,0,1,0.0,0,oracle_season,3407,oracle_season_seed_3407,True
247,2025-09-05,9,2,35034.476421184285,35034.476421184285,0.0,0,12633.310076448533,10754.092312023036,26330.996990092128,3880.404120578904,4529.605764632571,20764.4093452164,0.0,0.0,0.0,20764.4093452164,0,0.0,6.821210263296962e-13,0.04577374993823469,1,0,0,0,1,0.0,0,oracle_season,3407,oracle_season_seed_3407,True
248,2025-09-06,9,2,35057.402195848685,35057.402195848685,0.0,0,13833.398261894785,11636.317157344472,25139.237391298375,4529.605764632571,5387.364386538341,20708.037392858605,0.0,0.0,0.0,20708.0373928586,0,0.0,8.952838470577262e-13,0.04365329199936241,1,0,0,0,1,0.0,0,oracle_season,3407,oracle_season_seed_3407,True
249,2025-09-07,9,2,66808.88641092229,66808.88641092229,0.0,0,16491.95411200511,15731.523186496379,11087.471868746892,5387.364386538341,4450.524360453627,42704.39481855933,0.0,0.0,0.0,42704.39481855935,0,0.0,9.094947017729282e-13,0.03611620794981718,1,0,0,0,1,0.0,0,oracle_season,3407,oracle_season_seed_3407,True
250,2025-09-08,9,2,59966.71241305087,59966.71241305087,1653.6312449402146,70,16334.56344684372,17611.84505831627,3502.0557361303026,4450.524360453627,1382.337156000563,36829.67518682066,0.0,0.0,11055.649234166214,47885.32442098689,0,0.0,9.094947017729282e-13,0.06134112493600696,1,0,0,0,1,0.0,0,oracle_season,3407,oracle_season_seed_3407,True
251,2025-09-09,9,2,65694.46840010914,65694.46840010914,261.00752269979375,40,19684.031386444276,17651.05250135954,10819.662771057514,1382.337156000563,1450.405969452866,39957.72883757022,0.0,0.0,1697.635720219697,41655.3645577899,0,0.0,8.828493491819245e-13,0.04326312500052154,1,0,0,0,1,0.0,0,oracle_season,3407,oracle_season_seed_3407,True
252,2025-09-10,9,2,61869.33090857543,61869.33090857543,1996.8758224676335,100,20139.552242313865,18029.748457915222,440.4042966444166,1450.405969452866,1551.4392229782657,38173.867923751306,0.0,0.0,12700.122263363606,50873.990187114905,0,0.0,9.094947017729282e-13,0.04129741701763123,1,0,0,0,1,0.0,0,oracle_season,3407,oracle_season_seed_3407,True
253,2025-09-11,9,2,65016.38071010655,65016.38071010655,390.9175636966791,80,19638.27066733037,17698.177835423747,9971.119658563268,1551.4392229782657,1526.4211427873443,39502.4967116797,0.0,0.0,2155.6583972090034,41658.1551088887,0,0.0,9.023892744153272e-13,0.041964625008404255,1,0,0,0,1,0.0,0,oracle_season,3407,oracle_season_seed_3407,True
254,2025-09-12,9,2,29120.358811061822,29120.358811061822,1370.361283685993,200,13343.649481573357,12229.482278000669,17824.896691175127,1526.4211427873443,1294.3123399475064,15712.080984349746,0.0,0.0,5281.39665383044,20993.477638180186,0,0.0,7.958078640513122e-13,0.06402100005652755,1,0,0,0,1,0.0,0,oracle_season,3407,oracle_season_seed_3407,True
255,2025-09-13,9,2,31001.868703319313,31001.868703319313,341.4176320806288,50,14330.54806029114,12771.24787409033,21776.884665865793,1294.3123399475064,1427.3866550863165,16507.61041965547,0.0,0.0,2051.3327125711917,18558.943132226654,0,0.0,8.064660050877137e-13,0.054901584051549435,1,0,0,0,1,0.0,0,oracle_season,3407,oracle_season_seed_3407,True
256,2025-09-14,9,2,60832.698632619285,60832.698632619285,1360.1767395814932,110,20194.466412736052,18332.237593862563,231.3218033272949,1427.3866550863165,1261.6645192342446,37199.68765991942,0.0,0.0,8018.229937089435,45217.917597008855,0,0.0,9.094947017729282e-13,0.03896691603586078,1,0,0,0,1,0.0,0,oracle_season,3407,oracle_season_seed_3407,True
257,2025-09-15,9,2,68040.70725713056,68040.70725713056,147.01722525463674,30,20812.77739387171,18332.840442023502,10640.756897203657,1261.6645192342446,1681.888226429528,41271.74754105807,0.0,0.0,1013.3792143173434,42285.12675537541,0,0.0,9.094947017729282e-13,0.056880207965150476,1,0,0,0,1,0.0,0,oracle_season,3407,oracle_season_seed_3407,True
258,2025-09-16,9,2,63094.13154980072,63094.13154980072,211.06676252273058,70,20188.002212097635,18620.633139084995,2246.0592559774786,1681.888226429528,1206.0380147468854,38997.871824334085,0.0,0.0,1140.5229005924446,40138.39472492654,0,0.0,9.094947017729282e-13,0.037327084108255804,1,0,0,0,1,0.0,0,oracle_season,3407,oracle_season_seed_3407,True
259,2025-09-17,9,2,67314.46854079029,67314.46854079029,21.62177192866715,30,21097.57396863592,18941.633444234692,5220.031388317724,1206.0380147468854,1254.7193055765472,40809.41995724808,0.0,0.0,131.98171106643719,40941.40166831454,0,0.0,9.094947017729282e-13,0.08735216700006276,1,0,0,0,1,0.0,0,oracle_season,3407,oracle_season_seed_3407,True
260,2025-09-18,9,2,64640.720351940996,64640.720351940996,508.8469820611639,50,20516.09689634261,18396.360865965013,4073.7801869579,1254.7193055765472,1326.5307740437652,39431.9944294199,0.0,0.0,3157.9106732760183,42589.90510269593,0,0.0,8.36664071357518e-13,0.05662804201710969,1,0,0,0,1,0.0,0,oracle_season,3407,oracle_season_seed_3407,True
261,2025-09-19,9,2,30271.646602668345,30271.646602668345,700.5561204303101,110,14594.101269490355,13213.249716299062,13489.998853240695,1326.5307740437652,1243.7227664408304,16219.508610433888,0.0,0.0,3368.7785604012615,19588.28717083515,0,0.0,8.57980353430321e-13,0.07979750004597008,1,0,0,0,1,0.0,0,oracle_season,3407,oracle_season_seed_3407,True
262,2025-09-20,9,2,31448.91755325297,31448.91755325297,392.73719719922707,50,15201.894931132789,13308.083097719244,14302.409183705322,1243.7227664408304,1637.5552931312827,16912.244898081197,0.0,0.0,1958.9058415330842,18871.15073961428,0,0.0,9.094947017729282e-13,0.05401524994522333,1,0,0,0,1,0.0,0,oracle_season,3407,oracle_season_seed_3407,True
263,2025-09-21,9,2,66943.63536603126,66943.63536603126,463.55229292411354,70,19213.706027502853,17323.446822474896,7229.440970594081,1637.5552931312827,1604.7610004666446,40955.07663572484,0.0,0.0,2895.3641372774255,43850.44077300225,0,0.0,8.988365607365267e-13,0.056635625078342855,1,0,0,0,1,0.0,0,oracle_season,3407,oracle_season_seed_3407,True
264,2025-09-22,9,2,65668.04106717136,65668.04106717136,636.7834738657814,90,20450.817569901592,18548.808388442518,3788.795476244733,1604.7610004666446,1453.9492640050764,40080.657225407296,0.0,0.0,3760.0102498330234,43840.6674752403,0,0.0,8.988365607365267e-13,0.039632458006963134,1,0,0,0,1,0.0,0,oracle_season,3407,oracle_season_seed_3407,True
265,2025-09-23,9,2,68349.4692559215,68349.4692559215,380.5502875348869,80,21530.177662031372,19112.101386968177,4195.327685059865,1453.9492640050764,1733.345464406979,41712.81570695621,0.0,0.0,2271.3574828497512,43984.173189805966,0,0.0,8.917311333789257e-13,0.03438974998425692,1,0,0,0,1,0.0,0,oracle_season,3407,oracle_season_seed_3407,True
266,2025-09-24,9,2,68341.58524694375,68341.58524694375,2.9031874705070777,10,21200.603414543846,19172.13401482279,5252.793934693201,1733.345464406979,1636.8001347679524,41854.53046017427,0.0,0.0,20.252635794257372,41874.783095968545,0,0.0,8.846257060213247e-13,0.04475845897104591,1,0,0,0,1,0.0,0,oracle_season,3407,oracle_season_seed_3407,True
267,2025-09-25,9,2,66495.31325672926,66495.31325672926,511.84451038763103,60,20616.788776581423,18913.903283484724,4968.82337402019,1636.8001347679524,1258.5986998963388,40798.691296096506,0.0,0.0,3130.243965654124,43928.93526175062,0,0.0,9.094947017729282e-13,0.04170404199976474,1,0,0,0,1,0.0,0,oracle_season,3407,oracle_season_seed_3407,True
268,2025-09-26,9,2,31358.051363993905,31358.051363993905,101.2359713456605,50,14878.760147087272,13446.475740257676,12332.759428509973,1258.5986998963388,1200.0,16894.927503658517,0.0,0.0,217.14727303281828,17112.074776691337,0,0.0,9.094947017729282e-13,0.052335291053168476,1,0,0,0,1,0.0,0,oracle_season,3407,oracle_season_seed_3407,True
269,2025-09-27,9,2,32035.45899525295,32035.45899525295,655.3452879837434,110,15433.986519562126,13890.587867605907,13346.10338128047,1200.0,1200.0,17211.662149124157,0.0,0.0,3649.8116292102004,20861.47377833436,0,0.0,9.094947017729282e-13,0.05092141591012478,1,0,0,0,1,0.0,0,oracle_season,3407,oracle_season_seed_3407,True
270,2025-09-28,9,2,68014.40532915118,68014.40532915118,755.9970313802071,80,21752.724546953024,19554.369225689563,3084.4178726012547,1200.0,1224.3314777603773,41553.484626818616,0.0,0.0,3812.607562139447,45366.092188958064,0,0.0,8.988365607365267e-13,0.058003457961604,1,0,0,0,1,0.0,0,oracle_season,3407,oracle_season_seed_3407,True
271,2025-09-29,9,2,72077.61609650831,72077.61609650831,145.0562581649391,30,21583.256221669373,19064.304813926676,6943.82934693055,1224.3314777603773,1604.4644328960098,44098.88307274423,0.0,0.0,946.9668403253248,45045.849913069556,0,0.0,9.094947017729282e-13,0.03440145798958838,1,0,0,0,1,0.0,0,oracle_season,3407,oracle_season_seed_3407,True
272,2025-09-30,9,2,70360.1651158839,70360.1651158839,39.24735007105562,20,22404.53738232154,20272.42167828596,2845.1219952526976,1604.4644328960098,1490.2661178005435,43434.44408410248,0.0,0.0,264.7319754510726,43699.17605955354,0,0.0,9.094947017729282e-13,0.037933083018288016,1,0,0,0,1,0.0,0,oracle_season,3407,oracle_season_seed_3407,True
273,2025-10-01,10,2,73551.45545267724,73551.45545267724,0.0,0,19388.23088752502,15221.004300123113,19722.707331942,1490.2661178005435,3839.209651673894,45515.39138404677,0.0,0.0,0.0,45515.39138404677,0,0.0,8.917311333789257e-13,0.03689554100856185,1,0,0,0,1,0.0,0,oracle_season,3407,oracle_season_seed_3407,True
274,2025-10-02,10,2,58592.920291543836,58592.920291543836,0.0,0,19512.091056927347,17761.739606815194,5111.785724765012,3839.209651673894,3627.487092635144,36869.24214750932,0.0,0.0,0.0,36869.24214750933,0,0.0,9.094947017729282e-13,0.035863750032149255,1,0,0,0,1,0.0,0,oracle_season,3407,oracle_season_seed_3407,True
275,2025-10-03,10,2,28859.892237570897,28859.892237570897,0.0,0,13321.320834084961,12111.18707069724,19832.604774183175,3627.487092635144,3498.8895719752204,15565.448205550798,0.0,0.0,0.0,15565.448205550796,0,0.0,9.094947017729282e-13,0.05070675001479685,1,0,0,0,1,0.0,0,oracle_season,3407,oracle_season_seed_3407,True
276,2025-10-04,10,2,30473.61102050545,30473.61102050545,0.0,0,13667.679680788886,12269.073371628416,15979.022278011646,3498.8895719752204,3532.4501302215904,16659.900636682705,0.0,0.0,0.0,16659.90063668271,0,0.0,8.526512829121202e-13,0.05095120798796415,1,0,0,0,1,0.0,0,oracle_season,3407,oracle_season_seed_3407,True
277,2025-10-05,10,2,65798.11420317992,65798.11420317992,0.0,0,18772.871335320713,17019.870467043173,9309.152268235712,3532.4501302215904,3401.4409035281997,40788.98004887105,0.0,0.0,0.0,40788.98004887107,0,0.0,8.206768598029157e-13,0.04684008297044784,1,0,0,0,1,0.0,0,oracle_season,3407,oracle_season_seed_3407,True
278,2025-10-06,10,2,65742.44138264828,65742.44138264828,0.0,0,19409.266983501355,17295.971437909422,5896.036587056353,3401.4409035281997,3583.133621842107,41028.151418439455,0.0,0.0,0.0,41028.15141843948,0,0.0,9.041656312547275e-13,0.059846124961040914,1,0,0,0,1,0.0,0,oracle_season,3407,oracle_season_seed_3407,True
279,2025-10-07,10,2,67266.11921020196,67266.11921020196,0.0,0,20080.17092260361,17955.925415441576,7370.310703039921,3583.133621842107,3705.649128482218,41914.32743223662,0.0,0.0,0.0,41914.32743223664,0,0.0,9.094947017729282e-13,0.044073957949876785,1,0,0,0,1,0.0,0,oracle_season,3407,oracle_season_seed_3407,True
280,2025-10-08,10,2,63377.98282444732,63377.98282444732,0.0,0,18720.578466616975,18523.155385970607,6702.064077134276,3705.649128482218,1940.4290919783598,38587.83621875417,0.0,0.0,0.0,38587.836218754164,0,0.0,8.526512829121202e-13,0.039336959016509354,1,0,0,0,1,0.0,0,oracle_season,3407,oracle_season_seed_3407,True
281,2025-10-09,10,2,62008.59595571614,62008.59595571614,441.3109025877788,30,20455.66152367653,18961.260925200495,5195.524576494564,1940.4290919783598,1359.4495859364283,37183.497093822225,0.0,0.0,3002.7599125683164,40186.25700639056,0,0.0,8.970602038971265e-13,0.05998037499375641,1,0,0,0,1,0.0,0,oracle_season,3407,oracle_season_seed_3407,True
282,2025-10-10,10,2,29748.695490783008,29748.695490783008,297.2435489115414,60,15170.700829823109,13777.323602939354,19308.950896144128,1359.4495859364283,1229.0658674154672,15085.805632058644,0.0,0.0,1041.4522727452015,16127.257904803848,0,0.0,8.739675649849232e-13,0.06347108294721693,1,0,0,0,1,0.0,0,oracle_season,3407,oracle_season_seed_3407,True
283,2025-10-11,10,2,31108.17360689376,31108.17360689376,74.84733789063495,10,15587.600393312141,13832.052464333297,15321.159432472221,1229.0658674154672,1436.4985164902566,15797.723869181233,0.0,0.0,369.4090361592288,16167.132905340466,0,0.0,7.958078640513122e-13,0.060560291982255876,1,0,0,0,1,0.0,0,oracle_season,3407,oracle_season_seed_3407,True
284,2025-10-12,10,2,66265.99978638487,66265.99978638487,132.6322085470473,20,20221.769427895953,18328.259327821233,5990.165911523859,1436.4985164902566,1300.871755716379,39999.05734549256,0.0,0.0,877.270879624202,40876.32822511678,0,0.0,9.094947017729282e-13,0.03443262504879385,1,0,0,0,1,0.0,0,oracle_season,3407,oracle_season_seed_3407,True
285,2025-10-13,10,2,68071.73918808858,68071.73918808858,0.0,0,21572.574499242553,18668.5491287657,8140.31851761172,1300.871755716379,2088.034259881014,41078.08175233642,0.0,0.0,0.0,41078.081752336424,0,0.0,9.023892744153272e-13,0.06943570799194276,1,0,0,0,1,0.0,0,oracle_season,3407,oracle_season_seed_3407,True
286,2025-10-14,10,2,65269.04124621502,65269.04124621502,258.7573776644641,30,21349.626748928036,19648.830939170934,3053.1735307890403,2088.034259881014,1630.3822004130263,39598.303808966855,0.0,0.0,1260.8511580934064,40859.154967060254,0,0.0,9.023892744153272e-13,0.06982695800252259,1,0,0,0,1,0.0,0,oracle_season,3407,oracle_season_seed_3407,True
287,2025-10-15,10,2,68823.12704028965,68823.12704028965,0.0,0,21072.319598490412,18489.775441873157,4320.559233672389,1630.3822004130263,2131.405247561586,41914.64253078734,0.0,0.0,0.0,41914.64253078734,0,0.0,8.881784197001252e-13,0.04269799997564405,1,0,0,0,1,0.0,0,oracle_season,3407,oracle_season_seed_3407,True
288,2025-10-16,10,2,67105.03672638602,67105.03672638602,912.3386313523359,20,21451.257606721745,19903.543505213107,3503.188306229713,2131.405247561586,1501.6780663292632,40692.029160914964,0.0,0.0,6322.467718780829,47014.49687969578,0,0.0,8.739675649849232e-13,0.03492612508125603,1,0,0,0,1,0.0,0,oracle_season,3407,oracle_season_seed_3407,True
289,2025-10-17,10,2,31902.79200291026,31902.79200291026,0.0,0,15170.891812578167,13716.1228866218,14443.82376028723,1501.6780663292632,1435.9867492906778,16559.012678142888,0.0,0.0,0.0,16559.01267814289,0,0.0,9.094947017729282e-13,0.07379304198548198,1,0,0,0,1,0.0,0,oracle_season,3407,oracle_season_seed_3407,True
290,2025-10-18,10,2,31417.788743330922,31417.788743330922,0.0,0,15319.967425875451,13603.099047127724,13624.32709791652,1435.9867492906778,1630.8585643000556,16236.601989070155,0.0,0.0,0.0,16236.601989070157,0,0.0,8.952838470577262e-13,0.054985875030979514,1,0,0,0,1,0.0,0,oracle_season,3407,oracle_season_seed_3407,True
291,2025-10-19,10,2,68630.6006463774,68630.6006463774,558.2798093171434,20,22386.907768027322,20161.058638446553,3077.308792780436,1630.8585643000556,1617.3222795901331,41576.807756793765,0.0,0.0,3882.7636717753253,45459.57142856906,0,0.0,9.094947017729282e-13,0.03483549994416535,1,0,0,0,1,0.0,0,oracle_season,3407,oracle_season_seed_3407,True
292,2025-10-20,10,2,71858.10744808383,71858.10744808383,54.251820418260664,20,22069.230479554557,19610.063335533145,5012.409757814011,1617.3222795901331,1883.2109028897164,44051.50086548231,0.0,0.0,270.3847002898267,44321.88556577214,0,0.0,8.810729923425242e-13,0.03521420806646347,1,0,0,0,1,0.0,0,oracle_season,3407,oracle_season_seed_3407,True
293,2025-10-21,10,2,72504.7143259176,72504.7143259176,0.0,0,21159.033546973777,18707.279355846884,3590.378784790708,1883.2109028897164,2237.228768619675,44461.23429425676,0.0,0.0,0.0,44461.23429425677,0,0.0,9.094947017729282e-13,0.015682124998420477,1,0,0,0,1,0.0,0,oracle_season,3407,oracle_season_seed_3407,True
294,2025-10-22,10,2,74071.07593205883,74071.07593205883,0.0,0,21006.878347835984,19066.521404128747,6575.822288351581,2237.228768619675,2068.2251702577846,45511.86168256234,0.0,0.0,0.0,45511.86168256233,0,0.0,9.094947017729282e-13,0.02132154197897762,1,0,0,0,1,0.0,0,oracle_season,3407,oracle_season_seed_3407,True
295,2025-10-23,10,2,71444.47618646757,71444.47618646757,0.0,0,20290.391479322647,18732.01518041582,6506.602854227417,2068.2251702577846,1572.102965943002,43877.231128107254,0.0,0.0,0.0,43877.23112810725,0,0.0,9.023892744153272e-13,0.06307087501045316,1,0,0,0,1,0.0,0,oracle_season,3407,oracle_season_seed_3407,True
296,2025-10-24,10,2,32135.869588133653,32135.869588133653,0.0,0,15983.370948351221,14556.352874699905,12288.800797815673,1572.102965943002,1391.516861459179,16686.15799285917,0.0,0.0,0.0,16686.157992859167,0,0.0,8.526512829121202e-13,0.05186741705983877,1,0,0,0,1,0.0,0,oracle_season,3407,oracle_season_seed_3407,True
297,2025-10-25,10,2,32807.39230214781,32807.39230214781,112.81827312006499,10,15769.334753816069,14177.431740216438,11929.874828334914,1391.516861459179,1407.296140222476,16949.034560529686,0.0,0.0,556.8145869840807,17505.849147513767,0,0.0,7.460698725481052e-13,0.07219054095912725,1,0,0,0,1,0.0,0,oracle_season,3407,oracle_season_seed_3407,True
298,2025-10-26,10,2,72602.17776116668,72602.17776116668,0.0,0,21329.716355400513,18558.34850303847,5286.49789213797,1407.296140222476,2080.22483848654,44510.76602478138,0.0,0.0,0.0,44510.76602478138,0,0.0,8.917311333789257e-13,0.03536358301062137,1,0,0,0,1,0.0,0,oracle_season,3407,oracle_season_seed_3407,True
299,2025-10-27,10,2,74107.76606921935,74107.76606921935,12.537981845311378,10,20649.228483974653,18416.222037115665,8334.715937539006,2080.22483848654,2257.400507971734,45664.731297223436,0.0,0.0,58.72790696343849,45723.45920418689,0,0.0,9.094947017729282e-13,0.025372125091962516,1,0,0,0,1,0.0,0,oracle_season,3407,oracle_season_seed_3407,True
300,2025-10-28,10,2,72841.15113147907,72841.15113147907,0.0,0,21598.371223651753,19420.036144724392,4690.394352551726,2257.400507971734,2276.8990662368496,44869.010603719435,0.0,0.0,0.0,44869.01060371943,0,0.0,8.597567102697212e-13,0.02048958302475512,1,0,0,0,1,0.0,0,oracle_season,3407,oracle_season_seed_3407,True
301,2025-10-29,10,2,75149.70560374267,75149.70560374267,0.0,0,21619.012501429206,19438.14203763203,3656.5783399454904,2276.8990662368496,2296.894373093457,46675.35601138003,0.0,0.0,0.0,46675.35601138002,0,0.0,8.917311333789257e-13,0.016422083019278944,1,0,0,0,1,0.0,0,oracle_season,3407,oracle_season_seed_3407,True
302,2025-10-30,10,2,74252.84043289944,74252.84043289944,0.0,0,19514.959821881297,18347.304004813162,8297.366965831308,2296.894373093457,1470.6542919929004,45686.62110951927,0.0,0.0,0.0,45686.621109519285,0,0.0,9.094947017729282e-13,0.016009583952836692,1,0,0,0,1,0.0,0,oracle_season,3407,oracle_season_seed_3407,True
303,2025-10-31,10,2,34073.21836347414,34073.21836347414,0.0,0,16483.31428453296,14345.644597628865,8031.256609903367,1470.6542919929004,1986.4621063144589,17973.865178048934,0.0,0.0,0.0,17973.865178048934,0,0.0,7.958078640513122e-13,0.0564882920589298,1,0,0,0,1,0.0,0,oracle_season,3407,oracle_season_seed_3407,True
304,2025-11-01,11,2,33835.582831556945,33835.582831556945,0.0,0,15902.067034330083,14006.633362488614,9396.110726382147,1986.4621063144589,2308.1995808074576,18003.88069089391,0.0,0.0,0.0,18003.880690893915,0,0.0,9.094947017729282e-13,0.05766204197425395,1,0,0,0,1,0.0,0,oracle_season,3407,oracle_season_seed_3407,True
305,2025-11-02,11,2,74120.1246611478,74120.1246611478,100.28889826296893,10,21876.794874128773,20355.039213017873,3902.273964966516,2308.1995808074576,1606.2542343779292,45640.59752105753,0.0,0.0,699.6153542824711,46340.21287534,0,0.0,9.021672298104022e-13,0.01621366699691862,1,0,0,0,1,0.0,0,oracle_season,3407,oracle_season_seed_3407,True
306,2025-11-03,11,2,77510.65740719212,77510.65740719212,0.0,0,21254.681315916907,18458.55933684679,5209.605144788671,1606.2542343779292,2313.185460906929,48201.17555046131,0.0,0.0,0.0,48201.1755504613,0,0.0,9.094947017729282e-13,0.020511165959760547,1,0,0,0,1,0.0,0,oracle_season,3407,oracle_season_seed_3407,True
307,2025-11-04,11,2,76469.95821564912,76469.95821564912,18.206444581038,20,19474.613083491975,18120.683300408073,7554.162843812926,2313.185460906929,1687.5482999228925,47545.79185672161,0.0,0.0,85.17127761526869,47630.96313433688,0,0.0,9.094947017729282e-13,0.024937916081398726,1,0,0,0,1,0.0,0,oracle_season,3407,oracle_season_seed_3407,True
308,2025-11-05,11,2,76350.99648468854,76350.99648468854,3.227683333333289,10,21307.033279915166,18553.309409382666,3922.480230822715,1687.5482999228925,2344.269614424004,47636.00059230433,0.0,0.0,13.880652174999808,47649.881244479315,0,0.0,9.059419880941277e-13,0.016105207963846624,1,0,0,0,1,0.0,0,oracle_season,3407,oracle_season_seed_3407,True
309,2025-11-06,11,2,74488.69802159237,74488.69802159237,596.7821436214101,60,20957.885974821435,19586.608907551832,2344.6185479441774,2344.269614424004,1580.5674055821648,46373.30195688692,0.0,0.0,2916.6812113233036,49289.98316821024,0,0.0,8.810729923425242e-13,0.01590712508186698,1,0,0,0,1,0.0,0,oracle_season,3407,oracle_season_seed_3407,True
310,2025-11-07,11,2,34882.88761148254,34882.88761148254,0.0,0,17300.68594697237,15203.826483926503,9467.566365103343,1580.5674055821648,1967.1989285597053,18401.04656816075,0.0,0.0,0.0,18401.04656816075,0,0.0,9.094947017729282e-13,0.0666174590587616,1,0,0,0,1,0.0,0,oracle_season,3407,oracle_season_seed_3407,True
311,2025-11-08,11,2,34436.780852081705,34436.780852081705,0.0,0,16186.871779918312,14555.71088264122,9014.412854804616,1967.1989285597053,1980.3473831713727,18016.54233308697,0.0,0.0,0.0,18016.542333086967,0,0.0,8.526512829121202e-13,0.05281941604334861,1,0,0,0,1,0.0,0,oracle_season,3407,oracle_season_seed_3407,True
312,2025-11-09,11,2,76321.9697464517,76321.9697464517,138.70889874478212,30,21394.350141812865,19635.22668469988,3354.7380047501592,1980.3473831713727,1579.463802897723,47442.80803009638,0.0,0.0,889.1194414451529,48331.92747154154,0,0.0,9.094947017729282e-13,0.0200368749210611,1,0,0,0,1,0.0,0,oracle_season,3407,oracle_season_seed_3407,True
313,2025-11-10,11,2,80337.56850813604,80337.56850813604,0.0,0,22714.085808377175,20024.637667760013,3789.6772675188895,1579.463802897723,2020.1161898834462,50090.3901236948,0.0,0.0,0.0,50090.390123694786,0,0.0,9.094947017729282e-13,0.021364708081819117,1,0,0,0,1,0.0,0,oracle_season,3407,oracle_season_seed_3407,True
314,2025-11-11,11,2,80453.77080303048,80453.77080303048,0.0,0,21778.449688020606,19494.654645817565,6610.956094160778,2020.1161898834462,2131.7973732864943,50238.452996139946,0.0,0.0,0.0,50238.45299613997,0,0.0,8.881784197001252e-13,0.021005915943533182,1,0,0,0,1,0.0,0,oracle_season,3407,oracle_season_seed_3407,True
315,2025-11-12,11,2,79114.33290275396,79114.33290275396,11.773333333333312,10,22603.994346227995,20236.07966286951,5802.203802728809,2131.7973732864943,2245.1283963545984,49253.28045780566,0.0,0.0,51.56131333333324,49304.84177113899,0,0.0,8.846257060213247e-13,0.020996041945181787,1,0,0,0,1,0.0,0,oracle_season,3407,oracle_season_seed_3407,True
316,2025-11-13,11,2,77773.61006883616,77773.61006883616,0.0,0,21862.89231406034,19939.695902888452,3454.542340997607,2245.1283963545984,1967.8042136955526,48511.24487046507,0.0,0.0,0.0,48511.24487046506,0,0.0,9.094947017729282e-13,0.019686875049956143,1,0,0,0,1,0.0,0,oracle_season,3407,oracle_season_seed_3407,True
317,2025-11-14,11,2,35379.26376065299,35379.26376065299,0.0,0,16623.043089203846,14602.184944794775,5759.950316243919,1967.8042136955526,2345.753141673411,18879.667481211633,0.0,0.0,0.0,18879.667481211625,0,0.0,8.526512829121202e-13,0.04857516603078693,1,0,0,0,1,0.0,0,oracle_season,3407,oracle_season_seed_3407,True
318,2025-11-15,11,2,34962.31609670152,34962.31609670152,0.0,0,16528.961836648778,15146.834654879409,5368.3019982654905,2345.753141673411,2060.3375530866515,18684.7852610049,0.0,0.0,0.0,18684.785261004905,0,0.0,9.094947017729282e-13,0.05507054110057652,1,0,0,0,1,0.0,0,oracle_season,3407,oracle_season_seed_3407,True
319,2025-11-16,11,2,80405.60809122113,80405.60809122113,0.0,0,23116.915463872323,20927.326157404237,3781.474401419716,2060.3375530866515,1931.6304912357093,50256.91868900812,0.0,0.0,0.0,50256.91868900814,0,0.0,8.242295734817162e-13,0.01576783391647041,1,0,0,0,1,0.0,0,oracle_season,3407,oracle_season_seed_3407,True
320,2025-11-17,11,2,83437.10536404316,83437.10536404316,0.0,0,21864.35467748987,19171.3615172682,8048.357870488165,1931.6304912357093,2465.589182733312,52543.45414204356,0.0,0.0,0.0,52543.45414204355,0,0.0,9.094947017729282e-13,0.020643666968680918,1,0,0,0,1,0.0,0,oracle_season,3407,oracle_season_seed_3407,True
321,2025-11-18,11,2,81109.50309554036,81109.50309554036,0.0,0,21695.071633708998,19615.56105907353,4139.4406875715595,2465.589182733312,2370.7244487168327,51110.39547716778,0.0,0.0,0.0,51110.39547716778,0,0.0,9.094947017729282e-13,0.016125916969031096,1,0,0,0,1,0.0,0,oracle_season,3407,oracle_season_seed_3407,True
322,2025-11-19,11,2,81918.0409113403,81918.0409113403,140.3093391726988,30,23553.0412029478,21486.031315146207,4623.028762711405,2370.7244487168327,2066.8356450606407,51197.51398785067,0.0,0.0,683.1326405467171,51880.64662839737,0,0.0,9.094947017729282e-13,0.017039667000062764,1,0,0,0,1,0.0,0,oracle_season,3407,oracle_season_seed_3407,True
323,2025-11-20,11,2,81455.95203510222,81455.95203510222,0.0,0,22364.06110167907,20264.09492379891,4562.909823888718,2066.8356450606407,1923.0153284511625,51118.77284311471,0.0,0.0,0.0,51118.772843114726,0,0.0,9.094947017729282e-13,0.016312416992150247,1,0,0,0,1,0.0,0,oracle_season,3407,oracle_season_seed_3407,True
324,2025-11-21,11,2,35993.44373568029,35993.44373568029,0.0,0,17093.699655276418,15017.180974323637,5052.540988060841,1923.0153284511625,2310.024055367312,19324.275504909812,0.0,0.0,0.0,19324.275504909805,0,0.0,8.526512829121202e-13,0.04828491702210158,1,0,0,0,1,0.0,0,oracle_season,3407,oracle_season_seed_3407,True
325,2025-11-22,11,2,36170.12264285459,36170.12264285459,0.0,0,16854.855575545145,15289.376461505806,4384.814045481921,2310.024055367312,2183.5261568992164,19371.697683099006,0.0,0.0,0.0,19371.697683099002,0,0.0,9.094947017729282e-13,0.05080520804040134,1,0,0,0,1,0.0,0,oracle_season,3407,oracle_season_seed_3407,True
326,2025-11-23,11,2,82743.12923529948,82743.12923529948,0.0,0,22890.234325299796,20644.881493962264,5265.680120628628,2183.5261568992164,2137.493301380214,52014.189451075195,0.0,0.0,0.0,52014.18945107519,0,0.0,9.094947017729282e-13,0.015877249999903142,1,0,0,0,1,0.0,0,oracle_season,3407,oracle_season_seed_3407,True
327,2025-11-24,11,2,83542.52001128125,83542.52001128125,18.839666666666517,10,21021.575368399477,19062.286789407197,7440.127398955629,2137.493301380214,1986.8961968024757,52550.61344759043,0.0,0.0,88.24499866666596,52638.85844625709,0,0.0,9.094947017729282e-13,0.016449957969598472,1,0,0,0,1,0.0,0,oracle_season,3407,oracle_season_seed_3407,True
328,2025-11-25,11,2,82729.8638043181,82729.8638043181,0.0,0,23635.824617548707,21036.84548626386,3962.22420636659,1986.8961968024757,2235.026073246699,51872.329410628176,0.0,0.0,0.0,51872.32941062816,0,0.0,9.094947017729282e-13,0.020800042082555592,1,0,0,0,1,0.0,0,oracle_season,3407,oracle_season_seed_3407,True
329,2025-11-26,11,2,84429.8145906977,84429.8145906977,32.99316666666664,10,23233.98838012399,20511.26133646284,4982.413830369881,2235.026073246699,2655.954961179427,53146.76100935011,0.0,0.0,154.53999266666654,53301.30100201677,0,0.0,9.094947017729282e-13,0.01573258393909782,1,0,0,0,1,0.0,0,oracle_season,3407,oracle_season_seed_3407,True
330,2025-11-27,11,2,82845.09371622467,82845.09371622467,0.0,0,22224.134902621103,20354.951272970648,5195.017353240898,2655.954961179427,2283.6179954738864,52207.9487920285,0.0,0.0,0.0,52207.94879202849,0,0.0,9.00612917575927e-13,0.01600312499795109,1,0,0,0,1,0.0,0,oracle_season,3407,oracle_season_seed_3407,True
331,2025-11-28,11,2,37478.40428370897,37478.40428370897,0.0,0,17513.041409592446,15715.421162714296,4759.545486830822,2283.6179954738864,2332.439457825012,20107.94751203227,0.0,0.0,0.0,20107.947512032268,0,0.0,9.094947017729282e-13,0.08208833390381187,1,0,0,0,1,0.0,0,oracle_season,3407,oracle_season_seed_3407,True
332,2025-11-29,11,2,38145.656040972324,38145.656040972324,0.0,0,17379.92576491079,15678.099452125627,1514.3796281871637,2332.439457825012,2294.3168685686974,20340.11946730804,0.0,0.0,0.0,20340.119467308035,0,0.0,8.668621376273222e-13,0.05349837499670684,1,0,0,0,1,0.0,0,oracle_season,3407,oracle_season_seed_3407,True
333,2025-11-30,11,2,86712.94540148108,86712.94540148108,6.062833333333401,10,23931.916857367265,21739.24091022562,4281.504171006107,2294.3168685686974,2082.9547216782316,54770.040631318516,0.0,0.0,28.398311333333652,54798.43894265182,0,0.0,9.094947017729282e-13,0.01591399998869747,1,0,0,0,1,0.0,0,oracle_season,3407,oracle_season_seed_3407,True
334,2025-12-01,12,2,87158.13839161888,87158.13839161888,3077.528361621128,130,25684.42748728076,23027.658621080882,1279.970153706791,2082.9547216782316,2176.0586243750668,54910.38791732234,0.0,0.0,14970.658786529417,69881.04670385175,0,0.0,9.094947017729282e-13,0.015029291971586645,1,0,0,0,1,0.0,0,oracle_season,3407,oracle_season_seed_3407,True
335,2025-12-02,12,2,85873.20893635343,85873.20893635343,4582.980449200606,180,24068.813011997507,22264.602022085764,14.168445642297229,2176.0586243750668,1540.788337097472,54174.88264847991,0.0,0.0,23472.30994137073,77647.19258985065,0,0.0,9.094947017729282e-13,0.015389124979265034,1,0,0,0,1,0.0,0,oracle_season,3407,oracle_season_seed_3407,True
336,2025-12-03,12,2,88467.12492934697,88467.12492934697,1557.1156783415963,80,25171.804606848782,22717.713826703854,407.4012608769782,1540.788337097472,1474.2859746445884,55922.05625241825,0.0,0.0,7667.514414646542,63589.570667064785,0,0.0,8.668621376273222e-13,0.014968000003136694,1,0,0,0,1,0.0,0,oracle_season,3407,oracle_season_seed_3407,True
337,2025-12-04,12,2,86342.58883595894,86342.58883595894,4351.295481912066,170,24379.386004436325,21961.917037891937,1505.2066013266065,1474.2859746445884,1452.709085980787,54313.77498615086,0.0,0.0,21269.87554595636,75583.65053210722,0,0.0,9.094947017729282e-13,0.01576033397577703,1,0,0,0,1,0.0,0,oracle_season,3407,oracle_season_seed_3407,True
338,2025-12-05,12,2,41145.08578423725,41145.08578423725,2033.776030498201,100,18681.68452371251,16978.066037165292,163.61564485490214,1452.709085980787,1279.2581923451867,21906.45803090428,0.0,0.0,12081.314671910173,33987.77270281446,0,0.0,9.094947017729282e-13,0.040931374998763204,1,0,0,0,1,0.0,0,oracle_season,3407,oracle_season_seed_3407,True
339,2025-12-06,12,2,42139.72291285083,42139.72291285083,3570.9002454831207,180,17979.083196772437,15934.039117310385,0.9482622052361194,1279.2581923451867,1539.7621564105962,22085.287451911783,0.0,0.0,21924.112646186037,44009.40009809782,0,0.0,9.094947017729282e-13,0.05269199993927032,1,0,0,0,1,0.0,0,oracle_season,3407,oracle_season_seed_3407,True
340,2025-12-07,12,2,89202.24165567635,89202.24165567635,1852.1912764594267,110,25572.024196008642,22946.314889299498,776.0423754266317,1539.7621564105962,1611.974755967329,56291.001052429245,0.0,0.0,9482.790913610292,65773.79196603954,0,0.0,9.094947017729282e-13,0.01659187499899417,1,0,0,0,1,0.0,0,oracle_season,3407,oracle_season_seed_3407,True
341,2025-12-08,12,2,95752.51051831583,95752.51051831583,0.0,0,25727.93433720473,22402.70950329867,4580.074567743106,1611.974755967329,2405.10709183936,60818.87931358267,0.0,0.0,0.0,60818.87931358267,0,0.0,9.094947017729282e-13,0.014733250020071864,1,0,0,0,1,0.0,0,oracle_season,3407,oracle_season_seed_3407,True
342,2025-12-09,12,2,95235.38634112156,95235.38634112156,76.67153771709206,20,24983.795479343018,22617.517228492183,5557.32536132115,2405.10709183936,2265.8600982905905,60918.95577513891,0.0,0.0,446.6439420364622,61365.599717175355,0,0.0,9.094947017729282e-13,0.01611920795403421,1,0,0,0,1,0.0,0,oracle_season,3407,oracle_season_seed_3407,True
343,2025-12-10,12,2,94240.07102353728,94240.07102353728,25.417234178439116,10,24918.417410424765,22406.2839456994,3365.736326323688,2265.8600982905905,2287.2494531201487,59914.16703677135,0.0,0.0,119.05432489180882,60033.221361663156,0,0.0,9.094947017729282e-13,0.014732792042195797,1,0,0,0,1,0.0,0,oracle_season,3407,oracle_season_seed_3407,True
344,2025-12-11,12,2,94534.96871247892,94534.96871247892,22.66567109729135,20,23676.172666376853,21406.057529335954,6326.264546535316,2287.2494531201487,2184.4731843725617,60446.87093341838,0.0,0.0,126.77440731058742,60573.64534072898,0,0.0,9.094947017729282e-13,0.015250041033141315,1,0,0,0,1,0.0,0,oracle_season,3407,oracle_season_seed_3407,True
345,2025-12-12,12,2,47559.35835164605,47559.35835164605,0.0,0,19521.644268143926,17327.993003302916,1651.2936034717065,2184.4731843725617,2439.02266207798,24969.329251385447,0.0,0.0,0.0,24969.32925138544,0,0.0,8.100187187665142e-13,0.03947595797944814,1,0,0,0,1,0.0,0,oracle_season,3407,oracle_season_seed_3407,True
346,2025-12-13,12,2,50411.98755137196,50411.98755137196,0.0,0,19343.04899363821,17281.60895380738,4552.014128207798,2439.02266207798,2573.0348669183786,26390.908662906284,0.0,0.0,0.0,26390.908662906273,0,0.0,8.633094239485217e-13,0.035168625065125525,1,0,0,0,1,0.0,0,oracle_season,3407,oracle_season_seed_3407,True
347,2025-12-14,12,2,95348.86542875657,95348.86542875657,0.0,0,23900.525295826974,21870.115067781473,4539.733400711082,2573.0348669183786,2193.938594984181,61174.526603165694,0.0,0.0,0.0,61174.5266031657,0,0.0,9.094947017729282e-13,0.015835999976843596,1,0,0,0,1,0.0,0,oracle_season,3407,oracle_season_seed_3407,True
348,2025-12-15,12,2,95786.30331097718,95786.30331097718,0.0,0,25394.29643902543,22767.842066428304,3690.2909717133957,2193.938594984181,2285.670713461879,61016.60056541343,0.0,0.0,0.0,61016.60056541341,0,0.0,8.402167850363185e-13,0.015166500001214445,1,0,0,0,1,0.0,0,oracle_season,3407,oracle_season_seed_3407,True
349,2025-12-16,12,2,95852.95426586266,95852.95426586266,0.0,0,24097.933314547365,21827.667144591447,4164.596762573407,2285.670713461879,2138.5961715303993,61602.58325902818,0.0,0.0,0.0,61602.58325902817,0,0.0,8.943956686380261e-13,0.014697125065140426,1,0,0,0,1,0.0,0,oracle_season,3407,oracle_season_seed_3407,True
350,2025-12-17,12,2,95832.07439507489,95832.07439507489,13.322577961670277,20,24764.8051483088,22030.062590877882,4918.80734893897,2138.5961715303993,2410.8282674582406,60925.42920302619,0.0,0.0,76.93528764643025,61002.364490672626,0,0.0,9.094947017729282e-13,0.014598584035411477,1,0,0,0,1,0.0,0,oracle_season,3407,oracle_season_seed_3407,True
351,2025-12-18,12,2,92848.23562162026,92848.23562162026,374.79246153359674,40,25715.22968357427,23409.5526477019,3551.0840806148376,2410.8282674582406,2130.60204967686,58978.75250831363,0.0,0.0,1847.178611936753,60825.93112025036,0,0.0,9.094947017729282e-13,0.014992958982475102,1,0,0,0,1,0.0,0,oracle_season,3407,oracle_season_seed_3407,True
352,2025-12-19,12,2,48381.420626759624,48381.420626759624,0.0,0,19158.532970869026,17235.84312654355,3550.339482434149,2130.60204967686,2137.8084032119405,25509.583746457276,0.0,0.0,0.0,25509.583746457258,0,0.0,9.094947017729282e-13,0.04006100003607571,1,0,0,0,1,0.0,0,oracle_season,3407,oracle_season_seed_3407,True
353,2025-12-20,12,2,49435.4824845268,49435.4824845268,0.0,0,19748.92268268558,17679.886930206583,4510.094482047804,2137.8084032119405,2237.044348868302,25963.636268317707,0.0,0.0,0.0,25963.63626831771,0,0.0,9.094947017729282e-13,0.03833829099312425,1,0,0,0,1,0.0,0,oracle_season,3407,oracle_season_seed_3407,True
354,2025-12-21,12,2,94551.4510932782,94551.4510932782,19.971652957676156,10,24944.533539715314,22412.33149904868,3001.4388389025803,2237.044348868302,2276.834958413839,60439.94959362296,0.0,0.0,116.00534620466195,60555.95493982763,0,0.0,9.094947017729282e-13,0.015125542064197361,1,0,0,0,1,0.0,0,oracle_season,3407,oracle_season_seed_3407,True
355,2025-12-22,12,2,95933.27643986625,95933.27643986625,31.459290388178033,30,25445.635389602467,23056.476952827546,4638.150210146166,2276.834958413839,2113.0235974415573,61050.38952096589,0.0,0.0,174.8177256735237,61225.20724663943,0,0.0,9.094947017729282e-13,0.014576624962501228,1,0,0,0,1,0.0,0,oracle_season,3407,oracle_season_seed_3407,True
356,2025-12-23,12,2,95426.38314729914,95426.38314729914,0.0,0,24766.559788380793,22077.997626907345,5479.728452492363,2113.0235974415573,2336.392326574685,60784.2614001039,0.0,0.0,0.0,60784.26140010391,0,0.0,9.094947017729282e-13,0.01574887498281896,1,0,0,0,1,0.0,0,oracle_season,3407,oracle_season_seed_3407,True
357,2025-12-24,12,2,94253.7795209696,94253.7795209696,47.94229943361415,10,25745.60627601084,23251.90048474577,3953.4567124714877,2336.392326574685,2251.1638456873648,60094.25973279526,0.0,0.0,278.4728462601478,60372.7325790554,0,0.0,9.094947017729282e-13,0.013713333988562226,1,0,0,0,1,0.0,0,oracle_season,3407,oracle_season_seed_3407,True
358,2025-12-25,12,2,93425.06375756228,93425.06375756228,56.47753551721257,20,24251.721138469733,22066.7935548604,3484.1651761368216,2251.1638456873648,1997.923875371319,59540.25985674384,0.0,0.0,262.95951166416734,59803.21936840801,0,0.0,9.094947017729282e-13,0.014353416976518929,1,0,0,0,1,0.0,0,oracle_season,3407,oracle_season_seed_3407,True
359,2025-12-26,12,2,48755.941601830375,48755.941601830375,0.0,0,20379.02605946294,17619.35920732731,2988.65231636141,1997.923875371319,2758.7301925822458,25631.024561866336,0.0,0.0,0.0,25631.024561866332,0,0.0,9.094947017729282e-13,0.06986033299472183,1,0,0,0,1,0.0,0,oracle_season,3407,oracle_season_seed_3407,True
360,2025-12-27,12,2,48650.94170765579,48650.94170765579,0.0,0,19042.64665967229,17363.36827906064,3632.854260377474,2758.7301925822458,2521.5738245741722,25613.31415928328,0.0,0.0,0.0,25613.314159283287,0,0.0,9.094947017729282e-13,0.055553667014464736,1,0,0,0,1,0.0,0,oracle_season,3407,oracle_season_seed_3407,True
361,2025-12-28,12,2,94453.20713900884,94453.20713900884,93.30452278671908,30,23798.49268267613,21523.27562789637,5462.039857015803,2521.5738245741722,2411.281787491972,60417.95980761156,0.0,0.0,541.3613810402388,60959.321188651804,0,0.0,9.094947017729282e-13,0.012615249957889318,1,0,0,0,1,0.0,0,oracle_season,3407,oracle_season_seed_3407,True
362,2025-12-29,12,2,94547.91315783767,94547.91315783767,0.0,0,23662.676796499014,21430.48276273862,4791.9528574106025,2411.281787491972,2269.955755754063,60530.58625351607,0.0,0.0,0.0,60530.58625351608,0,0.0,8.988365607365267e-13,0.013443583040498197,1,0,0,0,1,0.0,0,oracle_season,3407,oracle_season_seed_3407,True
363,2025-12-30,12,2,93634.63876108217,93634.63876108217,235.67633718417062,30,23934.31624434849,21571.30782163515,5282.904075552988,2269.955755754063,2237.886885369159,59377.447981702586,0.0,0.0,1206.4057271645042,60583.8537088671,0,0.0,9.094947017729282e-13,0.012290582992136478,1,0,0,0,1,0.0,0,oracle_season,3407,oracle_season_seed_3407,True
364,2025-12-31,12,2,93072.06513924294,93072.06513924294,8.956641920409425,10,25908.109037483788,23524.54494365966,2051.0347540058933,2237.886885369159,2019.429566314287,59236.28034291728,0.0,0.0,40.748242416902684,59277.02858533416,0,0.0,9.094947017729282e-13,0.012886874959804118,1,0,0,0,1,0.0,0,oracle_season,3407,oracle_season_seed_3407,True
