run_id,day,date,month,scenario,forecast,seed,planned_kwh,final_kwh,emergency_kwh,emergency_minutes,surplus_kwh,up_cost,down_cost,total_cost,planned_cost,emergency_cost,simultaneous_slots,throughput_kwh,direction_reversals,equivalent_full_cycles,initial_soc,final_soc,final_mode,max_balance_error,max_state_error,risk_seconds,planning_seconds,execution_seconds,compute_seconds,charge_kwh,discharge_kwh,direction_reversals_including_warmup_boundary,charging_slots,discharging_slots,active_slots,power_changes_count,power_ramp_total_kw,power_ramp_total_kw_including_warmup_boundary,power_ramp_max_kw_per_10min,power_ramp_p95_kw_per_10min,mean_absolute_power_kw,max_charge_kw,max_discharge_kw,initial_mode,initial_power_kw,final_power_kw
causal_42_grid25,31,2025-02-01,2,2,causal_season,42,65548.20389856983,65548.20389856983,0.0,0,26101.02001021005,0.0,0.0,38267.07687996372,38267.076879963715,0.0,0,28106.062424801206,7,1.16157964061687,1421.7991105135516,5016.522916701491,-1,0.0,9.094947017729282e-13,0.004972624941729009,0.1084390829782933,0.00031450006645172834,0.11372620798647404,16587.53518991383,11518.52723488738,7,22,32,54,51,87456.95810607524,92205.97268196756,6984.814733519002,4854.096208358465,1171.085934366717,4921.774575892316,3274.8691862657606,1,172.75999999999976,0.0
causal_42_grid25,32,2025-02-02,2,2,causal_season,42,94596.16727742636,94596.16727742636,13.58458230903102,10,17350.291484120833,0.0,0.0,60816.016440954685,60786.42242839446,29.594012560224076,0,35614.390827291536,9,1.4884011799250718,5016.522916701491,2041.1398327669249,-1,0.0,7.958078640513122e-13,0.004895917023532093,0.1068591249641031,0.0002977909753099084,0.1120528329629451,17258.786626453046,18355.604200838494,10,23,38,61,63,104447.27033491794,109402.41449045544,7282.520592004567,4807.757492542329,1483.9329511371475,4955.144155537509,4570.56828501626,-1,0.0,0.0
causal_42_grid25,33,2025-02-03,2,2,causal_season,42,83072.76714874357,83072.76714874357,1203.5624270659341,380,2426.2361263273283,0.0,0.0,57007.392277157065,51848.129618730905,5159.262658426162,0,42805.19066030378,9,1.7824385459303884,2041.1398327669249,1420.5518744704555,-1,0.0,7.389644451905042e-13,0.0009209580020979047,0.10710991604719311,0.0003023750614374876,0.1083332491107285,22219.18380489297,20586.0068554108,10,31,45,76,78,122997.54499541152,127955.11198648553,7162.547805899871,4901.530373260988,1783.5496108459906,4957.566991074007,4910.266989019505,-1,0.0,0.0
causal_42_grid25,34,2025-02-04,2,2,causal_season,42,88094.02759052467,88094.02759052467,583.2351445483503,220,4875.393808951645,0.0,0.0,57455.09196540107,54905.72604106881,2549.365924332265,0,45943.47685694072,9,1.9112434068140476,1420.5518744704555,1609.7413382642062,-1,0.0,9.094947017729282e-13,0.0010977908968925476,0.11037791706621647,0.00029891706071794033,0.11177462502382696,24275.240916531046,21668.23594040968,10,32,45,77,76,119491.6892483306,124421.352037575,6862.177829091913,4893.249486234106,1914.3115357058637,4929.662789244395,4894.192145025284,-1,0.0,0.0
causal_42_grid25,35,2025-02-05,2,2,causal_season,42,88845.12000315177,88845.12000315177,441.78796529392173,300,6592.4097954304825,0.0,0.0,57948.762103842506,55735.70818743852,2213.0539164039883,0,43582.83465811598,9,1.8141982265757264,1609.7413382642062,1261.4964567669513,-1,0.0,9.094947017729282e-13,0.001245458028279245,0.10924916702788323,0.00039441604167222977,0.1108890410978347,22764.45292389892,20818.38173421705,10,32,42,74,76,114566.56833572999,119447.63843571502,6903.150686678514,4900.532886589434,1815.9514440881655,4901.530373260988,4980.587314765197,-1,0.0,0.0
causal_42_grid25,36,2025-02-06,2,2,causal_season,42,87575.98577473593,87575.98577473593,397.187958316411,230,5065.326918060812,0.0,0.0,56440.033248369014,54694.804672552156,1745.2285758168523,0,43459.113622925506,9,1.8075191929361722,1261.4964567669513,1611.4493208519086,-1,0.0,8.633094239485217e-13,0.0015272080199792981,0.10837112495210022,0.00030049995984882116,0.11019883293192834,23047.95161062518,20411.162012300323,10,31,45,76,70,113152.98334780597,118114.4484375929,7153.709074861077,4901.530373260988,1810.7964009552295,4986.934279458964,4980.587314765197,-1,0.0,0.0
causal_42_grid25,37,2025-02-07,2,2,causal_season,42,41521.90669591223,41521.90669591223,454.55431484880575,190,8208.139872444946,0.0,0.0,23493.375472130137,21611.684657202597,1881.6908149275403,0,34284.19354468654,5,1.4261807154451775,1611.4493208519086,1769.879137358088,-1,0.0,9.094947017729282e-13,0.0015920839505270123,0.11323370889294893,0.00031866703648120165,0.11514445987995714,18123.41750816798,16160.776036518559,6,37,42,79,75,77583.06618768148,82570.2985808427,7883.546888668415,4016.0926284138473,1428.5080643619392,4987.232393161226,3216.2246999999998,-1,0.0,0.0
causal_42_grid25,38,2025-02-08,2,2,causal_season,42,37361.51842799074,37361.51842799074,373.05870037867203,250,4619.986131972294,0.0,0.0,20845.71652842781,19482.49639944743,1363.220128980381,0,32807.75815648466,5,1.3655109709497268,1769.879137358088,1580.3205750329712,-1,0.0,7.389644451905042e-13,0.0018697079503908753,0.11689625005237758,0.00031687505543231964,0.11908283305820078,17172.593218107555,15635.164938377107,6,38,40,78,82,67248.4885024793,72182.40605480691,7984.499373260988,3696.9500162810136,1366.989923186861,4933.917552327606,3082.969,-1,0.0,0.0
causal_42_grid25,39,2025-02-09,2,2,causal_season,42,81528.66483856963,81528.66483856963,1502.1738499563667,520,1303.293852862619,0.0,0.0,56798.77722798927,50378.54268392851,6420.2345440607605,0,46007.18348397383,9,1.9148565330810334,1580.3205750329712,1330.6727219101265,-1,0.0,9.094947017729282e-13,0.0020952089689671993,0.11353087506722659,0.0003072089748457074,0.1159332930110395,24089.656176485274,21917.527307488555,10,32,48,80,77,115603.60263966344,120471.4827417924,6838.982173260989,4807.354823796057,1916.9659784989094,4901.530373260988,4980.587314765197,-1,0.0,0.0
causal_42_grid25,40,2025-02-10,2,2,causal_season,42,84702.92866790896,84702.92866790896,447.75207041337495,230,8550.499261822579,0.0,0.0,54382.5491608032,52750.00975280219,1632.5394080010205,0,39529.6328773168,9,1.6443612827962213,1330.6727219101265,1523.9775424114546,-1,0.0,7.958078640513122e-13,0.002187084057368338,0.11611812503542751,0.0003107080701738596,0.11861591716296971,20901.58838524161,18628.044492075183,10,27,41,68,64,121046.32408170504,125893.70977064112,6771.815358533853,4901.530373260988,1647.0680365548662,4901.530373260988,4980.587314765197,-1,0.0,0.0
causal_42_grid25,41,2025-02-11,2,2,causal_season,42,82061.02394366544,82061.02394366544,545.5948650315217,320,5185.616962142248,0.0,0.0,53229.26037392013,50563.22666532579,2666.0337085943347,0,44014.761970347776,9,1.8316616533088763,1523.9775424114546,1407.6546123210364,-1,0.0,9.094947017729282e-13,0.0022967499680817127,0.11343066697008908,0.000321374973282218,0.11604879191145301,23107.58334178458,20907.178628563197,10,30,44,74,69,113339.05380841326,118247.0507712557,7233.709433259151,4901.530373260988,1833.9484154311576,4907.9969628424415,4980.587314765197,-1,0.0,0.0
causal_42_grid25,42,2025-02-12,2,2,causal_season,42,82811.99217588292,82811.99217588292,631.8221009087251,260,5832.312233760926,0.0,0.0,53857.026020657155,51173.784718117444,2683.2413025397123,0,42182.264022343414,9,1.754884577386026,1407.6546123210364,1532.4743633788044,-1,0.0,9.094947017729282e-13,0.0025877909502014518,0.11574691603891551,0.00032412493601441383,0.11865883192513138,22263.51496602039,19918.749056323024,10,30,44,74,68,116602.40607502834,121455.5244292092,6882.056793608088,4901.530373260988,1757.5943342643086,4901.530373260988,4976.0763264041825,-1,0.0,0.0
causal_42_grid25,43,2025-02-13,2,2,causal_season,42,82240.17531406795,82240.17531406795,417.0077088796022,290,9359.268144279751,0.0,0.0,52596.4451764008,50816.57825453222,1779.8669218685725,0,39209.43599078383,9,1.631671254010984,1532.4743633788044,1437.123543116651,-1,0.0,9.094947017729282e-13,0.0029886249685660005,0.11607966700103134,0.00037045893259346485,0.1194387509021908,20588.935926392478,18620.50006439135,10,28,40,68,70,113501.2533276034,118355.51167619083,6992.206678260752,4817.785664495336,1633.726499615993,4901.530373260988,4980.587314765197,-1,0.0,0.0
causal_42_grid25,44,2025-02-14,2,2,causal_season,42,35367.97403991807,35367.97403991807,456.7998952292577,250,4205.675696595398,0.0,0.0,20058.928252344565,18386.050060359517,1672.878191985048,0,32250.304827591106,5,1.341636913494092,1437.123543116651,1557.2019292814844,-1,0.0,9.094947017729282e-13,0.0030601249309256673,0.11640650010667741,0.0003055830020457506,0.11977220803964883,17033.800624738185,15216.504202852926,6,47,38,85,86,65016.79066863621,69848.61744261956,7818.64680483686,3408.8015035666995,1343.7627011496297,4901.530373260988,3214.0725,-1,0.0,0.0
causal_42_grid25,45,2025-02-15,2,2,causal_season,42,38190.10584017082,38190.10584017082,494.27449827099446,250,7480.744514744486,0.0,0.0,21545.537385380943,19754.752647514397,1790.7847378665488,0,31618.93301531391,5,1.3150599182173481,1557.2019292814844,1816.9522982962508,-1,0.0,9.094947017729282e-13,0.002827167045325041,0.114559083012864,0.00033000006806105375,0.11771625012625009,16771.23886950562,14847.694145808291,6,39,37,76,72,71289.10220582093,76072.56623779114,7938.234072601941,3589.1851442911134,1317.4555423047464,4901.530373260988,3130.6548835666954,-1,0.0,0.0
causal_42_grid25,46,2025-02-16,2,2,causal_season,42,79817.86066039579,79817.86066039579,918.1613963019979,400,3506.7708644049853,0.0,0.0,53158.45011537048,49177.976998035825,3980.473117334658,0,42562.412395961066,9,1.7718284847380967,1816.9522982962508,1428.1585534523851,-1,0.0,9.094947017729282e-13,0.003078583045862615,0.1124279999639839,0.000293124932795763,0.11579970794264227,22207.14224412694,20355.270151834127,10,29,44,73,70,113599.43636378166,118446.48573366861,7034.182765055169,4901.530373260988,1773.433849831711,4901.530373260988,4980.587314765197,-1,0.0,0.0
causal_42_grid25,47,2025-02-17,2,2,causal_season,42,80578.2798171133,80578.2798171133,325.6556350449123,260,7744.079451922652,0.0,0.0,50882.835868202055,49596.48353821001,1286.3523299920512,0,38154.41160376374,9,1.5876342969328656,1428.1585534523851,1395.9798607733196,-1,0.0,9.094947017729282e-13,0.0030923750018700957,0.11376354203093797,0.00030399998649954796,0.11715991701930761,20065.202218666323,18089.20938509742,10,26,39,65,64,107613.68984825781,112495.24377547695,6909.576687467909,4901.530373260988,1589.7671501568227,4901.530373260988,4979.600490043854,-1,0.0,0.0
causal_42_grid25,48,2025-02-18,2,2,causal_season,42,78823.50841712696,78823.50841712696,402.73729756921057,190,4923.095785677335,0.0,0.0,50332.73028239979,48306.1630804977,2026.5672019020894,0,41564.81639454457,9,1.7294139654951377,1395.9798607733196,1420.1535958028298,-1,0.0,9.094947017729282e-13,0.003266667015850544,0.11007308308035135,0.00032070802990347147,0.11366045812610537,21888.28927011504,19676.527124429536,10,29,44,73,72,112658.10345856693,117585.05942476251,7216.813375342771,4900.056379312484,1731.8673497726907,4926.955966195585,4980.587314765197,-1,0.0,0.0
causal_42_grid25,49,2025-02-19,2,2,causal_season,42,78890.71159871375,78890.71159871375,791.2576403025853,340,4543.934005112077,0.0,0.0,51646.37471518035,48411.25792671577,3235.1167884645715,0,43386.852145813784,9,1.8053343965640736,1420.1535958028298,1395.3084769979005,-1,0.0,8.313350008393172e-13,0.003380749956704676,0.11197108391206712,0.0003370828926563263,0.11568891676142812,22822.779998192353,20564.07214762143,10,30,44,74,68,109236.84365568579,114169.02538039649,7668.376338036588,4901.530373260988,1807.7855060755742,4932.181724710703,4980.587314765197,-1,0.0,0.0
causal_42_grid25,50,2025-02-20,2,2,causal_season,42,78693.87439213473,78693.87439213473,463.569379951722,300,5872.690862697675,0.0,0.0,50536.53315302888,48521.65317999612,2014.8799730327542,0,40288.0848160386,9,1.675967614572065,1395.3084769979005,1566.7397405027446,-1,0.0,9.094947017729282e-13,0.003861582954414189,0.11888258298859,0.0003219590289518237,0.12306612497195601,21289.851996047022,18998.23281999158,10,29,39,68,70,104988.43255558546,109919.63472560985,6908.115935325595,4894.220491270652,1678.670200668275,4931.202170024399,4980.587314765197,-1,0.0,0.0
causal_42_grid25,51,2025-02-21,2,2,causal_season,42,35721.850120738694,35721.850120738694,248.23368378635521,220,8400.693140986707,0.0,0.0,19298.562789522995,18436.610642240514,861.9521472824821,0,31212.421087241855,5,1.2979104680357025,1566.7397405027446,1933.6178599424893,-1,0.0,9.094947017729282e-13,0.0042707499815151095,0.11747237504459918,0.0003165830858051777,0.12205970811191946,16610.774858723435,14601.64622851842,6,45,37,82,84,66908.40917579865,71862.18201721036,8046.623200931109,2685.261391350255,1300.5175453017441,4953.772841411717,3145.0928276701206,-1,0.0,0.0
causal_42_grid25,52,2025-02-22,2,2,causal_season,42,34801.30275161354,34801.30275161354,309.237955256673,200,5853.677518166882,0.0,0.0,19141.285634555214,18085.36462507432,1055.9210094808886,0,30421.859792394876,5,1.2662357855510042,1933.6178599424893,1744.3052622744246,-1,0.0,9.094947017729282e-13,0.004117792006582022,0.11262733291368932,0.00030779209919273853,0.11705291701946408,15916.980048882437,14504.879743512442,6,40,37,77,72,56816.01859690121,61663.04483821301,7889.086763429906,2593.540208497394,1267.5774913497864,4901.530373260988,3181.83,-1,0.0,0.0
causal_42_grid25,53,2025-02-23,2,2,causal_season,42,78620.13372937494,78620.13372937494,359.23721288968216,250,5661.827127031235,0.0,0.0,49544.80655440198,48369.973588605135,1174.8329657968352,0,40983.96932509117,9,1.7061140790287403,1744.3052622744246,1372.4289557404304,-1,0.0,9.094947017729282e-13,0.003935790969990194,0.10805749997962266,0.0003593339351937175,0.11235262488480657,21384.829728495606,19599.13959659556,10,29,43,72,69,107240.24542977226,112177.79248681346,6884.1536347704005,4850.0296686632155,1707.6653885454652,4937.547057041198,4980.587314765197,-1,0.0,0.0
causal_42_grid25,54,2025-02-24,2,2,causal_season,42,77885.84634976035,77885.84634976035,385.70708842447846,260,7905.300556167342,0.0,0.0,49291.081030549365,47495.22260548511,1795.8584250642484,0,39289.8593900139,9,1.6345991304353427,1372.4289557404304,1467.8931984109768,-1,0.0,5.933031843596837e-13,0.0041220000712201,0.10850154107902199,0.00032716698478907347,0.11295070813503116,20726.539327682363,18563.32006233154,10,27,39,66,62,108465.39373175113,113383.1848166628,7061.143355053699,4895.205817940651,1637.0774745839126,4917.791084911671,4980.587314765197,-1,0.0,0.0
causal_42_grid25,55,2025-02-25,2,2,causal_season,42,76409.19059919132,76409.19059919132,260.03442108146044,160,8854.828067497956,0.0,0.0,47720.810725306554,46712.61049972951,1008.2002255770444,0,38194.65030711528,9,1.589275726514227,1467.8931984109768,1450.698332727289,-1,0.0,9.094947017729282e-13,0.004790415987372398,0.11290533398278058,0.0005117920227348804,0.11820754199288785,20093.86201327839,18100.788293836886,10,28,36,64,58,106687.32410870885,111633.80184177027,8008.322122977783,4885.718984960147,1591.4437627964699,4946.477733061422,4980.587314765197,-1,0.0,0.0
causal_42_grid25,56,2025-02-26,2,2,causal_season,42,74019.91537532609,74019.91537532609,463.4147578453949,270,3398.9962281708263,0.0,0.0,47113.03816997666,45166.76241167169,1946.2757583049702,0,39911.51011109521,9,1.6603038297764396,1450.698332727289,1619.812802075363,-1,0.0,9.094947017729282e-13,0.007935374975204468,0.1311847500037402,0.00031883304473012686,0.13943895802367479,21090.497991381264,18821.012119713945,10,30,39,69,70,107954.99958040654,112852.11330970179,7816.988499996411,4894.248545684443,1662.9795879623005,4901.530373260988,4870.4078708240095,-1,0.0,0.0
causal_42_grid25,57,2025-02-27,2,2,causal_season,42,75500.8911087536,75500.8911087536,834.5928988091894,230,7435.290170267524,0.0,0.0,50164.29344225473,46054.377489348095,4109.91595290664,0,41150.28221443523,9,1.712706605301538,1619.812802075363,1397.3097225703086,-1,0.0,6.821210263296962e-13,0.0047637500101700425,0.11732004210352898,0.00032462505623698235,0.122408417169936,21546.94592586525,19603.33628856998,10,29,41,70,63,110520.47651517965,115454.81360867254,7656.149528510903,4901.530373260988,1714.5950922681347,4934.337093492892,4954.118408205834,-1,0.0,0.0
causal_42_grid25,58,2025-02-28,2,2,causal_season,42,34647.82415016878,34647.82415016878,180.2533346919064,150,9673.62259108276,0.0,0.0,18508.726633343096,17767.712501063244,741.0141322798554,0,30559.682080026363,5,1.2709986641618272,1397.3097225703086,1651.1185258690546,-1,0.0,7.958078640513122e-13,0.0051271249540150166,0.12603241589386016,0.00036174990236759186,0.13152129075024277,16210.771711902145,14348.91036812422,6,41,36,77,68,57979.519750135376,62898.0649318275,7979.9791238271955,2586.7480529203062,1273.320086667765,4918.545181692125,3119.0229999999992,-1,0.0,0.0
causal_42_grid25,59,2025-03-01,3,2,causal_season,42,33965.19730796522,33965.19730796522,225.70614716062104,120,8824.579313134293,0.0,0.0,18707.94866468553,17549.217379146816,1158.731285538714,0,28912.210291701864,5,1.2025975863490042,1651.1185258690546,1837.2394199577873,-1,0.0,7.389644451905042e-13,0.006029375013895333,0.125352333066985,0.0003284580307081342,0.13171016611158848,15309.88425018004,13602.326041521823,6,43,36,79,74,56290.08054577157,61068.43588469753,7764.704473260988,2553.0337749229802,1204.675428820911,4901.530373260988,2863.1741,-1,0.0,0.0
causal_42_grid25,60,2025-03-02,3,2,causal_season,42,76752.93391077028,76752.93391077028,1841.1609666619065,360,4581.476739622643,0.0,0.0,55764.02053393965,47202.624977407235,8561.395556532425,0,38603.91635309307,9,1.607096078018236,1837.2394199577873,1459.2415140119206,-1,0.0,9.094947017729282e-13,0.005434541963040829,0.12528504198417068,0.0003570000408217311,0.13107658398803324,20129.113712117975,18474.80264097509,10,28,43,71,70,108286.74365595967,113268.97902361721,6998.85750026137,4875.554631434956,1608.496514712211,4982.235367657548,4576.355142713423,-1,0.0,0.0
causal_42_grid25,61,2025-03-03,3,2,causal_season,42,78892.11660863442,78892.11660863442,827.6803820827213,280,5409.853594755673,0.0,0.0,52063.29652582562,48282.73069863843,3780.5658271872016,0,43374.36194018433,9,1.804738388875543,1459.2415140119206,1469.1909117792297,-1,0.0,9.094947017729282e-13,0.006054416997358203,0.12578662496525794,0.00032549991738051176,0.13216654187999666,22833.579351406224,20540.7825887781,10,30,44,74,66,113864.92599872312,118681.36661570941,7844.33451976103,4900.530027410818,1807.2650808410135,4901.530373260988,4891.526914759279,-1,0.0,0.0
causal_42_grid25,62,2025-03-04,3,2,causal_season,42,80248.0223950739,80248.0223950739,141.57304723954246,110,9064.483959187797,0.0,0.0,49823.756176364644,49406.71607189348,417.04010447116235,0,38746.17329668621,9,1.6119965970108188,1469.1909117792297,1555.6920735863548,-1,0.0,9.094947017729282e-13,0.005183749948628247,0.11825112497899681,0.00033116701524704695,0.12376604194287211,20435.913423239264,18310.259873446947,10,27,40,67,64,110016.40858407412,114954.67885714809,6946.0783887808475,4901.530373260988,1614.4238873619254,4938.270273073967,4810.369918592265,-1,0.0,0.0
causal_42_grid25,63,2025-03-05,3,2,causal_season,42,77424.07104291445,77424.07104291445,186.11267321678974,120,9695.505978487723,0.0,0.0,48181.057283810034,47352.79508674457,828.262197065468,0,37352.6043745177,9,1.5546004631928239,1555.6920735863548,1373.719033529015,-1,0.0,9.094947017729282e-13,0.004987166030332446,0.11829154193401337,0.00033320800866931677,0.12361191597301513,19568.40504774728,17784.19932677043,10,27,40,67,64,108858.84909780677,113724.37963678343,6835.863114852802,4901.530373260988,1556.3585156049044,4901.530373260988,4915.0677212092105,-1,0.0,0.0
causal_42_grid25,64,2025-03-06,3,2,causal_season,42,74460.56879670825,74460.56879670825,449.36228915741367,250,6798.081339635783,0.0,0.0,47165.57739702982,45363.91379227443,1801.663604755394,0,38010.410108046046,9,1.5811972365619562,1373.719033529015,1544.6035923512725,-1,0.0,9.094947017729282e-13,0.005045416997745633,0.11676224996335804,0.00032179197296500206,0.12212945893406868,20090.802860471293,17919.607247574757,10,29,40,69,66,107561.59548095435,112471.22739752458,7375.936516432348,4789.368501052366,1583.767087835252,4909.63191657023,4585.859988070271,-1,0.0,0.0
causal_42_grid25,65,2025-03-07,3,2,causal_season,42,33301.65639333593,33301.65639333593,55.68760146898347,30,10644.979386212224,0.0,0.0,17463.47240960156,17297.582208560445,165.89020104111336,0,27801.322005910413,5,1.156065113525483,1544.6035923512725,1871.9088393593483,-1,0.0,8.526512829121202e-13,0.005366917001083493,0.11745562497526407,0.0003172500291839242,0.12313979200553149,14795.700540584881,13005.621465325532,6,43,34,77,66,49298.50978020644,54143.232418816835,7466.758977503972,2304.9708883287467,1158.388416912934,4901.530373260988,2779.7824,-1,0.0,0.0
causal_42_grid25,66,2025-03-08,3,2,causal_season,42,31614.42736755605,31614.42736755605,314.0568378206829,230,11419.922866216382,0.0,0.0,17575.353918170462,16666.28416260641,909.0697555640529,0,27395.981964397448,5,1.1399093805587612,1871.9088393593483,1875.4417709035424,-1,0.0,8.526512829121202e-13,0.005094417021609843,0.11781579197850078,0.00030912505462765694,0.12321933405473828,14420.70189344557,12975.280070951881,6,42,35,77,79,51453.98698676351,56375.067576500354,7458.371541177656,2601.909134457118,1141.4992485165603,4921.080589736837,2767.8615199125757,-1,0.0,0.0
causal_42_grid25,67,2025-03-09,3,2,causal_season,42,70460.67624310587,70460.67624310587,439.819331846478,280,5812.672954663905,0.0,0.0,44465.329933920875,42827.750060105966,1637.5798738149033,0,39462.42756771063,9,1.6426974535683936,1875.4417709035424,1552.3216240205827,-1,0.0,9.094947017729282e-13,0.004859332926571369,0.12025116698350757,0.00032666604965925217,0.1254371659597382,20608.36256899954,18854.06499871108,10,30,42,72,68,102544.56947659882,107443.30584534144,7311.264622033808,4663.1778283341555,1644.267815321276,4901.530373260988,4671.830630677489,-1,0.0,0.0
causal_42_grid25,68,2025-03-10,3,2,causal_season,42,70772.98444548398,70772.98444548398,973.1947186972917,380,1690.9126957111362,0.0,0.0,47152.61094257902,42802.123158006594,4350.48778457243,0,40111.09296121838,9,1.6691941452050638,1552.3216240205827,1454.27058769957,-1,0.0,9.094947017729282e-13,0.004989915993064642,0.12564862496219575,0.00035470793955028057,0.13099324889481068,21062.143989844262,19048.94897137412,10,33,42,75,81,111723.05015108813,116609.89728479792,7181.341473639115,4886.261495123999,1671.295540050766,4901.530373260988,4838.28482005762,-1,0.0,0.0
causal_42_grid25,69,2025-03-11,3,2,causal_season,42,73823.15854062885,73823.15854062885,297.91048307995726,140,8159.284445487828,0.0,0.0,45822.53134743997,44586.753665427896,1235.7776820120787,0,36840.85022908311,9,1.5327236752081574,1454.27058769957,1538.260659011593,-1,0.0,9.094947017729282e-13,0.0060396670596674085,0.13459691707976162,0.00036512501537799835,0.14100170915480703,19431.85800365205,17408.99222543106,10,27,38,65,61,103583.21720610559,108457.7380112103,7153.017916061945,4901.530373260988,1535.0354262117964,4901.530373260988,4680.096638125503,-1,0.0,0.0
causal_42_grid25,70,2025-03-12,3,2,causal_season,42,72468.31182763612,72468.31182763612,300.9084447635706,190,8281.845557540422,0.0,0.0,44832.347694587625,43741.303585714784,1091.044108872842,0,39113.17344012878,9,1.6274715897765728,1538.260659011593,1531.5032489570685,-1,0.0,9.094947017729282e-13,0.005658042035065591,0.13366729102563113,0.0003347080200910568,0.13966004108078778,20582.506735827355,18530.666704301424,10,26,38,64,61,102771.63636640574,107747.41285117221,7132.537791696636,4901.530373260988,1629.715560005366,4975.776484766466,4701.893836956631,-1,0.0,0.0
causal_42_grid25,71,2025-03-13,3,2,causal_season,42,71176.4081285869,71176.4081285869,1592.7305708040358,310,3299.8047651862553,0.0,0.0,50478.02429258259,42678.61192974093,7799.41236284166,0,40208.23578881276,9,1.673443879260153,1531.5032489570685,1338.7290447992227,-1,0.0,6.430411758628907e-13,0.00529854092746973,0.1276254589902237,0.00037229200825095177,0.1332962919259444,21065.97585317539,19142.259935637376,10,29,45,74,68,104945.05520391592,109733.70190913459,7148.908522056032,4885.718984960147,1675.3431578671987,4901.530373260988,4695.9823253500435,-1,0.0,0.0
causal_42_grid25,72,2025-03-14,3,2,causal_season,42,30809.87017769164,30809.87017769164,259.8434783231996,200,13248.166099396036,0.0,0.0,16923.350672047207,15963.536887010017,959.8137850371916,0,27287.03009299316,5,1.1346020568176183,1338.7290447992227,1695.1851884526905,-1,0.0,5.684341886080801e-13,0.006445375038310885,0.12375108292326331,0.0003530000103637576,0.13054945797193795,14539.575833139315,12747.454259853846,6,49,35,84,73,58915.867211858436,63888.68136479978,7535.235005217488,2686.32632002881,1136.9595872080483,4972.8141529413415,2846.049894151541,-1,0.0,0.0
causal_42_grid25,73,2025-03-15,3,2,causal_season,42,31566.911517174696,31566.911517174696,174.83431430136386,100,9374.747667198091,0.0,0.0,17178.22022610082,16382.257777823903,795.9624482769173,0,27320.640573389643,5,1.136771396172338,1695.1851884526905,1700.1366141858489,-1,0.0,8.526512829121202e-13,0.005705000017769635,0.12342533399350941,0.00038254098035395145,0.129512874991633,14381.756793833803,12938.883779555837,6,45,34,79,68,58080.36272626128,63012.34464151022,7528.772002548264,2671.879680028811,1138.3600238912352,4931.981915248944,2846.049894151541,-1,0.0,0.0
causal_42_grid25,74,2025-03-16,3,2,causal_season,42,71387.0744633181,71387.0744633181,497.7081168140184,300,6619.443711251792,0.0,0.0,45322.277066549286,43239.93030071398,2082.3467658353065,0,36860.081503307345,11,1.533764521448038,1700.1366141858489,1674.3885732475078,-1,0.0,9.094947017729282e-13,0.004940415965393186,0.11815583298448473,0.0003339999821037054,0.12343024893198162,19387.18671942717,17472.894783880176,12,27,39,66,66,104566.90599341581,109424.52731800724,7196.587951187797,4692.6443761799355,1535.8367293044728,4901.530373260988,4695.9823253500435,-1,0.0,0.0
causal_42_grid25,75,2025-03-17,3,2,causal_season,42,71045.941508055,71045.941508055,149.73325366830136,70,11516.455133798432,0.0,0.0,43413.42630030186,42622.83178756054,790.5945127413124,0,36483.726480881975,9,1.5182659753323557,1674.3885732475078,1575.1430828129087,-1,0.0,9.094947017729282e-13,0.004991624969989061,0.11917358404025435,0.00032179197296500206,0.12448700098320842,19152.407337736757,17331.319143145214,10,30,34,64,60,96321.48564463817,101226.88302021963,6983.814685711686,4637.595085365222,1520.1552700367486,4905.397375581459,4752.779100000001,-1,0.0,0.0
causal_42_grid25,76,2025-03-18,3,2,causal_season,42,68147.34171765328,68147.34171765328,1521.5039671439217,310,6510.322037539268,0.0,0.0,48115.53888444841,40672.20254907906,7443.336335369348,0,38782.81740265465,7,1.6137299781705785,1575.1430828129087,1566.495461854596,-1,0.0,9.094947017729282e-13,0.005217541940510273,0.11844454100355506,0.00035212503280490637,0.12401420797687024,20407.691341622958,18375.12606103169,8,30,39,69,63,91507.39461206956,96408.02005016492,7387.182475210475,4673.709103940506,1615.9507251106104,4901.530373260988,4695.9823253500435,-1,0.0,0.0
causal_42_grid25,77,2025-03-19,3,2,causal_season,42,72124.7479824892,72124.7479824892,83.82720409207997,80,10565.914464773039,0.0,0.0,43813.395677114495,43453.81406259048,359.5816145240144,0,38006.06860226311,9,1.5810029249896052,1566.495461854596,1743.6118171756546,-1,0.0,5.684341886080801e-13,0.004883041954599321,0.10941920801997185,0.0002957920078188181,0.11459804198238999,20091.629437035674,17914.43916522744,10,29,36,65,60,99241.65854218858,104196.97633742409,7139.033527810912,4895.205817940651,1583.586191760963,4955.31779523551,4838.28482005762,-1,0.0,0.0
causal_42_grid25,78,2025-03-20,3,2,causal_season,42,70417.95063650525,70417.95063650525,484.59875888782506,220,6911.626796879189,0.0,0.0,44442.396204793695,42358.07172187562,2084.3244829180794,0,37927.19409434022,9,1.578579860124243,1743.6118171756546,1529.107184933977,-1,0.0,9.094947017729282e-13,0.004672750015743077,0.11045595910400152,0.00029779202304780483,0.1154265011427924,19854.577438093722,18072.6166562465,10,29,40,69,66,99007.44642913388,103949.37921806387,7223.979328446912,4882.165250661393,1580.2997539308426,4941.932788929987,4900.871514493845,-1,0.0,0.0
causal_42_grid25,79,2025-03-21,3,2,causal_season,42,30685.935393025276,30685.935393025276,249.39402059184786,200,17366.55829957377,0.0,0.0,16737.067537004128,16011.29629009434,725.7712469097867,0,26555.044929084317,5,1.104624316515149,1529.107184933977,1666.9709180917157,-1,0.0,7.958078640513122e-13,0.004557834006845951,0.10960104095283896,0.00030866696033626795,0.11446754192002118,14045.175763230503,12509.869165853816,6,46,33,79,60,58155.80323295672,63031.35748789192,7740.653473260988,2519.5617743362136,1106.4602053785134,4901.530373260988,2968.95,-1,0.0,0.0
causal_42_grid25,80,2025-03-22,3,2,causal_season,42,30690.326416965912,30690.326416965912,118.99284777709607,120,13163.865279662085,0.0,0.0,16259.528538112298,15849.439669386844,410.08886872545463,0,25758.873462917338,5,1.0709016876025734,1666.9709180917157,2076.0619886437826,-1,0.0,7.958078640513122e-13,0.004539084038697183,0.10946308402344584,0.0003122079651802778,0.1143143760273233,13761.563857332467,11997.309605584873,6,45,32,77,52,54483.08538656501,59435.39613252646,7709.782073260988,2587.7225091380997,1073.2863942882225,4952.3107459614475,2808.2517,-1,0.0,0.0
causal_42_grid25,81,2025-03-23,3,2,causal_season,42,69674.12858670941,69674.12858670941,442.66209332811104,220,10101.369834143654,0.0,0.0,43641.04586429092,41849.79726283171,1791.2486014592146,0,37086.34413065756,9,1.5446734595173033,2076.0619886437826,1368.8696989242285,-1,0.0,7.958078640513122e-13,0.005489667062647641,0.11737937503494322,0.00032599992118775845,0.12319504201877862,19166.022429942383,17920.321700715183,10,27,37,64,57,98954.75884095985,103849.57260829367,7119.361206667334,4896.8226970208225,1545.2643387773983,4901.530373260988,4854.45361085933,-1,0.0,0.0
causal_42_grid25,82,2025-03-24,3,2,causal_season,42,67984.22186092983,67984.22186092983,768.1293843424357,350,8482.467001258367,0.0,0.0,43320.24826618322,40371.78996760929,2948.458298573923,0,38534.03208779107,9,1.602825076975984,1368.8696989242285,1612.4875624745848,-1,0.0,9.094947017729282e-13,0.005121583002619445,0.11562204197980464,0.0003281659446656704,0.12107179092708975,20402.70962423581,18131.322463555254,10,30,38,68,62,95026.40412579718,99966.7059273422,6793.63295506368,4569.491218943309,1605.584670324628,4940.301801545025,4695.9823253500435,-1,0.0,0.0
causal_42_grid25,83,2025-03-25,3,2,causal_season,42,68595.07838826494,68595.07838826494,781.9066058175265,360,6605.616243612987,0.0,0.0,44348.65846300553,40831.93840266,3516.720060345522,0,38940.644050712406,9,1.6207792826436005,1612.4875624745848,1383.9072018120155,-1,0.0,9.094947017729282e-13,0.005056791007518768,0.1168769170762971,0.0003304579295217991,0.12226416601333767,20380.94404225761,18559.700008454794,10,29,39,68,62,97711.99623895923,102692.66221554196,7205.871584452769,4738.673073762317,1622.5268354463503,4980.6659765827335,4695.9823253500435,-1,0.0,0.0
causal_42_grid25,84,2025-03-26,3,2,causal_season,42,69742.18237849607,69742.18237849607,100.72268943735952,120,12303.945991048728,0.0,0.0,42007.159038581565,41601.76624209668,405.39279648488804,0,37176.27929418112,7,1.546887195799712,1383.9072018120155,1373.6509181587498,-1,0.0,7.958078640513122e-13,0.005245083011686802,0.110318582970649,0.0002988750347867608,0.11586254101712257,19561.34175219958,17614.93754198154,8,27,33,60,54,93859.20789817485,98704.40418082634,7209.993065183906,4736.150170137814,1549.0116372575467,4901.530373260988,4670.753289105014,-1,0.0,0.0
causal_42_grid25,85,2025-03-27,3,2,causal_season,42,67209.83467937798,67209.83467937798,509.87445514800856,260,6831.988433779477,0.0,0.0,41929.751837646254,40049.35033194404,1880.4015057022061,0,37741.30383914415,9,1.5699699325196674,1373.6509181587498,1558.2536661061936,-1,0.0,9.094947017729282e-13,0.004822541028261185,0.11229679104872048,0.0004393329145386815,0.11755866499152035,19956.017569945325,17785.286269198823,10,31,36,67,63,90498.81228606081,95408.87500205846,6992.986261865267,4331.140971696494,1572.5543266310062,4910.062715997637,4480.169882689664,-1,0.0,0.0
causal_42_grid25,86,2025-03-28,3,2,causal_season,42,30459.834333144692,30459.834333144692,226.78863273404687,120,18041.50431231734,0.0,0.0,16481.568300844054,15648.790959623615,832.7773412204409,0,25758.771084478267,5,1.0707678863083334,1558.2536661061936,2026.4156325271908,-1,0.0,9.094947017729282e-13,0.005086084012873471,0.11160591698717326,0.00033066608011722565,0.11702266708016396,13791.0044856865,11967.766598791764,6,45,32,77,53,55998.899719175766,60848.22932455254,7621.757328052903,2457.6033487001237,1073.282128519928,4901.530373260988,2903.24,-1,0.0,0.0
causal_42_grid25,87,2025-03-29,3,2,causal_season,42,29693.7785034986,29693.7785034986,129.1900664612036,100,21050.22683918895,0.0,0.0,15613.35084978007,15109.660702409641,503.69014737042977,0,24857.87293624747,5,1.0348423050523936,2026.4156325271908,1783.3021222327939,-1,0.0,5.684341886080801e-13,0.0045816670171916485,0.10952749999705702,0.0003299160161986947,0.11443908303044736,12961.702741842497,11896.170194404971,6,42,33,75,51,51104.413679092984,55989.347401173654,7435.867173260988,2105.7050567768097,1035.744705676978,4901.530373260988,2875.9894,-1,0.0,0.0
causal_42_grid25,88,2025-03-30,3,2,causal_season,42,64821.466066252935,64821.466066252935,443.57521468818084,260,8174.505735232521,0.0,0.0,40769.81489578591,38835.08487392069,1934.7300218652138,0,36315.58367361281,5,1.5114175777611296,1783.3021222327939,1616.6404654055127,-1,0.0,9.094947017729282e-13,0.005126999923959374,0.11327633401378989,0.00030266703106462955,0.1187060009688139,19030.249759660703,17285.3339139521,6,27,35,62,57,85538.10821950229,90387.13136142578,7209.993065183906,4527.962992733165,1513.1493197338666,4901.530373260988,4569.4748,-1,0.0,0.0
causal_42_grid25,89,2025-03-31,3,2,causal_season,42,65530.08283417054,65530.08283417054,346.8492166374707,200,7079.897602378185,0.0,0.0,40498.5728373509,39031.17902424802,1467.39381310287,0,34988.4062327829,9,1.4558205629583034,1616.6404654055127,1620.7961253719377,-1,0.0,8.242295734817162e-13,0.004787917016074061,0.10950637503992766,0.0003169159172102809,0.114611207973212,18417.0255989397,16571.380633843204,10,28,36,64,67,94760.72738240514,99715.12809466122,6830.473629814725,4669.102965238614,1457.8502596992876,4954.4007122560915,4695.9823253500435,-1,0.0,0.0
causal_42_grid25,90,2025-04-01,4,2,causal_season,42,68001.83615962286,68001.83615962286,186.1736931491785,160,6210.604234261342,0.0,0.0,41396.19286598781,40605.539792500735,790.6530734870798,0,35487.39189132824,9,1.476809782075769,1620.7961253719377,1521.4550723479806,-1,0.0,9.094947017729282e-13,0.005338333081454039,0.11240291688591242,0.0002889588940888643,0.11803020886145532,18627.972996586137,16859.418894742103,10,28,39,67,70,87525.75840892567,92453.87641983159,6981.746713553899,4319.086758059707,1478.6413288053434,4928.118010905928,4450.430940133351,-1,0.0,0.0
causal_42_grid25,91,2025-04-02,4,2,causal_season,42,68142.37304339897,68142.37304339897,1092.626855820442,310,6729.872361753538,0.0,0.0,45989.16681704328,40539.420981697804,5449.745835345479,0,38485.35019945728,5,1.6012365576201446,1521.4550723479806,1565.7638745647942,-1,0.0,9.094947017729282e-13,0.004605207941494882,0.10832608409691602,0.000305167050100863,0.11323645908851177,20277.57116846158,18207.779030995705,6,27,40,67,57,87594.41126078655,92441.517547464,7395.544688967411,4754.917057148606,1603.55625831072,4901.530373260988,4667.953609244476,-1,0.0,0.0
causal_42_grid25,92,2025-04-03,4,2,causal_season,42,68558.71544944121,68558.71544944121,370.5317876928443,180,11280.849615917543,0.0,0.0,42361.69550213447,40918.72841734474,1442.9670847897312,0,35311.66768388288,9,1.4694419535965006,1565.7638745647942,1492.0201947555718,-1,0.0,8.455458555545192e-13,0.004766458063386381,0.10536812501959503,0.00028470903635025024,0.11041929211933166,18548.26751921636,16763.40016466652,10,25,34,59,57,94276.41245494912,99236.35721447064,7038.987416113035,4751.557060522767,1471.3194868284531,4959.944759521517,4677.2775,-1,0.0,0.0
causal_42_grid25,93,2025-04-04,4,2,causal_season,42,30210.393524418672,30210.393524418672,62.28344171057148,110,22002.335158061913,0.0,0.0,15554.969174411657,15349.66967673104,205.29949768062062,0,24966.34825755838,5,1.0376686436228328,1492.0201947555718,2018.2708079074646,-1,0.0,9.094947017729282e-13,0.004604790941812098,0.10915379098150879,0.0003013329114764929,0.11405991483479738,13402.943907812853,11563.404349745528,6,43,32,75,50,50530.04005695944,55482.03914993433,7371.621574069067,2635.9044589968325,1040.2645107315993,4951.999092974887,2988.352388859118,-1,0.0,0.0
causal_42_grid25,94,2025-04-05,4,2,causal_season,42,29077.742309559802,29077.742309559802,114.0423988973418,90,15983.854420866937,0.0,0.0,15170.70347539573,14747.590153153,423.1133222427306,0,23849.733167483377,5,0.9925623488864358,2018.2708079074646,1926.7100947499334,-1,0.0,9.094947017729282e-13,0.004812708008103073,0.10634412500075996,0.00030066596809774637,0.11145749897696078,12506.774235870123,11342.958931613253,6,43,31,74,48,46205.82753663362,51149.91705754502,7473.868473260988,2155.196864684996,993.7388819784742,4944.0895209114005,2926.2443,-1,0.0,0.0
causal_42_grid25,95,2025-04-06,4,2,causal_season,42,67157.28715316908,67157.28715316908,178.34277888340137,120,11528.866089385421,0.0,0.0,40656.49420987219,39911.66162055599,744.8325893161884,0,35568.65429084824,9,1.4810170434291727,1926.7100947499334,1450.7034882564851,-1,0.0,6.821210263296962e-13,0.004673500079661608,0.10968916700221598,0.0002941249404102564,0.11465679202228785,18482.670933424313,17085.983357423924,10,28,34,62,58,91150.69295695622,96041.40774136824,7178.902123692727,4310.9209670200225,1482.0272621186766,4901.530373260988,4431.6075,-1,0.0,0.0
causal_42_grid25,96,2025-04-07,4,2,causal_season,42,66432.85616013674,66432.85616013674,88.32852345849722,100,11295.677055331953,0.0,0.0,39445.523550148384,39226.42288041624,219.10066973214634,0,34836.67004074622,7,1.4491882762344814,1450.7034882564851,1600.1900723858407,-1,0.0,9.094947017729282e-13,0.0047406250378116965,0.10959087498486042,0.0002959580160677433,0.11462745803873986,18409.729192838084,16426.940847908132,8,25,35,60,56,86534.06028624614,91431.14140911178,6909.576687467909,4620.82691733271,1451.5279183644257,4901.530373260988,4399.273031336933,-1,0.0,0.0
causal_42_grid25,97,2025-04-08,4,2,causal_season,42,65536.72288691861,65536.72288691861,525.7011078367541,240,9813.610801830502,0.0,0.0,41197.01051991068,38741.25121789183,2455.759302018846,0,37381.98888044584,5,1.5555818491794842,1600.1900723858407,1528.2368223209617,-1,0.0,5.684341886080801e-13,0.00485708296764642,0.10948025004472584,0.0003061660099774599,0.11464349902234972,19638.80422835202,17743.18465209382,6,30,36,66,59,82199.11561780496,87099.44386774683,7172.079702286287,4406.788253418172,1557.5828700185766,4901.530373260988,4411.377335934889,-1,0.0,0.0
causal_42_grid25,98,2025-04-09,4,2,causal_season,42,66057.1151897332,66057.1151897332,240.13044008177803,150,5212.237647433162,0.0,0.0,40220.093452581656,39380.80032491824,839.2931276634165,0,36490.75873752673,9,1.5182747684519333,1528.2368223209617,1558.4093578888173,-1,0.0,6.821210263296962e-13,0.004647957975976169,0.11417904193513095,0.0002900830004364252,0.11911708291154355,19220.727851620948,17270.03088590579,10,27,38,65,67,95516.45790730964,100397.5168187396,7008.06252870607,4885.718984960147,1520.4482807302807,4901.530373260988,4411.377335934889,-1,0.0,0.0
causal_42_grid25,99,2025-04-10,4,2,causal_season,42,67122.18409062066,67122.18409062066,183.926536374497,180,10995.265837459861,0.0,0.0,40763.827937422415,39847.57305018804,916.2548872343799,0,36077.33680281821,9,1.5012456250521258,1558.4093578888173,1509.741593654674,-1,0.0,6.821210263296962e-13,0.004778624977916479,0.1171782499877736,0.0003233749885112047,0.12228024995420128,18963.771846176747,17113.56495664146,10,28,38,66,63,91857.85277052366,96706.19769460832,7092.211692710527,4585.30260724415,1503.2223667840922,4901.530373260988,4411.377335934889,-1,0.0,0.0
causal_42_grid25,100,2025-04-11,4,2,causal_season,42,29508.719097136833,29508.719097136833,155.50969695999618,130,22587.620133411398,0.0,0.0,15617.938086787504,15041.498227233995,576.4398595535076,0,24231.92582846831,5,1.0071999993512277,1509.741593654674,1995.0081508296844,-1,0.0,6.821210263296962e-13,0.005265875020995736,0.11954270803835243,0.00032295798882842064,0.1251315410481766,12995.942161243534,11235.983667224773,6,44,31,75,48,46856.885016003005,51854.918024295184,7575.682973260989,2071.456831309263,1009.6635761861794,4998.033008292179,2846.049894151541,-1,0.0,0.0
causal_42_grid25,101,2025-04-12,4,2,causal_season,42,28524.506062978013,28524.506062978013,33.91542733328396,50,18301.91146996982,0.0,0.0,14596.662156514536,14444.335721060253,152.32643545428323,0,22682.7737689307,5,0.9437232482783287,1995.0081508296844,2032.5794967689608,-1,0.0,4.547473508864641e-13,0.00537412497214973,0.11274854198563844,0.0002985420869663358,0.1184212090447545,11957.061619636088,10725.71214929461,6,42,31,73,43,41007.01012816858,44991.42842960749,7352.172073260988,2145.2541083193505,945.1155737054456,4901.530373260988,2856.9236,-1,0.0,0.0
causal_42_grid25,102,2025-04-13,4,2,causal_season,42,62813.90658597688,62813.90658597688,365.3764351765428,260,7342.25618390584,0.0,0.0,38866.93659550009,37235.26295073635,1631.6736447637334,0,36390.258422132276,5,1.5149379563851975,2032.5794967689608,1677.4789214975922,-1,0.0,9.094947017729282e-13,0.004581207991577685,0.10972758301068097,0.00033070892095565796,0.11463949992321432,18975.46338802326,17414.79503410901,6,29,39,68,62,83385.805091885,88239.39851853039,8119.41844606425,4384.400188466213,1516.2607675888448,4901.530373260988,4411.377335934889,-1,0.0,0.0
causal_42_grid25,103,2025-04-14,4,2,causal_season,42,63831.40349592156,63831.40349592156,147.17618222119074,140,9782.428856558554,0.0,0.0,38361.47072393339,37609.15248849417,752.3182354392192,0,35148.235290622084,5,1.4628792016022139,1677.4789214975922,1495.4385141445705,-1,0.0,9.094947017729282e-13,0.005095499916933477,0.11823666701093316,0.0003262920072302222,0.12365845893509686,18408.17715610314,16740.05813451895,6,27,35,62,60,86546.93915700025,91432.79145411494,7030.089234759306,4582.140329583982,1464.50980377592,4901.530373260988,4553.679830642466,-1,0.0,0.0
causal_42_grid25,104,2025-04-15,4,2,causal_season,42,63389.38022866871,63389.38022866871,188.57607442762983,120,11579.425397514118,0.0,0.0,38047.808308795284,37251.66606118304,796.1422476122436,0,33781.86270681681,7,1.4054485891841353,1495.4385141445705,1576.6603860315836,-1,0.0,7.958078640513122e-13,0.005232959054410458,0.11963533400557935,0.00032570899929851294,0.12519400205928832,17820.48238953286,15961.380317283962,8,27,33,60,56,73698.54277309385,78628.92251599045,7084.614151117063,4278.0254841227315,1407.5776127840343,4930.379742896585,4411.377335934889,-1,0.0,0.0
causal_42_grid25,105,2025-04-16,4,2,causal_season,42,63141.97795298486,63141.97795298486,151.1356032241626,130,5556.569850218411,0.0,0.0,37992.30291650717,37363.859113364284,628.4438031428884,0,36493.99438594327,7,1.5183960385712487,1576.6603860315836,1612.9258594141281,-1,0.0,9.094947017729282e-13,0.004936625016853213,0.11993708298541605,0.00034241704270243645,0.1252161250449717,19225.47307096694,17268.521314976333,8,33,37,70,71,84485.65892210537,89376.6880920565,8503.553458478811,4400.463262341401,1520.583099414303,4901.530373260988,4411.377335934889,-1,0.0,0.0
causal_42_grid25,106,2025-04-17,4,2,causal_season,42,64605.87757702804,64605.87757702804,80.9102856798205,100,10108.738263079184,0.0,0.0,38664.194256187395,38325.13932334484,339.05493284255465,0,34183.08367788115,7,1.4225174072871112,1612.9258594141281,1523.399357871051,-1,0.0,9.094947017729282e-13,0.005220209015533328,0.11718658299650997,0.0003139590844511986,0.1227207510964945,17946.395463754918,16236.688214126236,8,26,35,61,56,84306.91211342825,89284.8060567701,6836.26375385039,4411.377335934891,1424.2951532450481,4977.893943341858,4431.7146,-1,0.0,0.0
causal_42_grid25,107,2025-04-18,4,2,causal_season,42,28711.185140393718,28711.185140393718,164.21180973659585,90,20797.784228401055,0.0,0.0,14935.238717960325,14445.827164791452,489.4115531688748,0,23320.0679617606,5,0.9692332622181421,1523.399357871051,2020.2114809016084,-1,0.0,9.094947017729282e-13,0.005141290952451527,0.12797179096378386,0.00032104202546179295,0.13343412394169718,12521.781750078266,10798.286211682333,6,45,30,75,48,46342.91849910011,51254.5722220537,7310.714167712798,2053.8332069316493,971.6694984066913,4911.653722953587,2822.908449321849,-1,0.0,0.0
causal_42_grid25,108,2025-04-19,4,2,causal_season,42,26945.953040471708,26945.953040471708,243.87905844865747,120,19279.33664909847,0.0,0.0,14291.985838395982,13413.857950456137,878.1278879398446,0,22730.111860647423,5,0.9459301601617132,2020.2114809016084,1949.6081474823186,-1,0.0,8.526512829121202e-13,0.004949041991494596,0.11827758292201906,0.0003367500612512231,0.12356337497476488,11927.96403023466,10802.147830412763,6,45,31,76,42,47460.40976326917,48552.06535760655,7250.149437746145,2357.311720329945,947.0879941936424,4901.530373260988,2762.0769,-1,0.0,0.0
causal_42_grid25,109,2025-04-20,4,2,causal_season,42,62775.44262258287,62775.44262258287,223.4271056190345,150,9548.215546611531,0.0,0.0,37632.94583329902,36976.9003783122,656.0454549868149,0,34986.77136900643,5,1.4565269658391602,1949.6081474823186,1600.62473459156,-1,0.0,9.094947017729282e-13,0.005508208065293729,0.11868799990043044,0.0003294158959761262,0.1245256238617003,18239.84033363174,16746.93103537469,6,27,36,63,61,84575.52555192387,89479.53421811035,6902.869345488408,4270.57977,1457.7821403752682,4904.008666186477,4275.6553,-1,0.0,0.0
causal_42_grid25,110,2025-04-21,4,2,causal_season,42,63323.97670556557,63323.97670556557,135.52415552027412,110,13282.382984488682,0.0,0.0,37743.11827102519,37314.78754752634,428.3307234988426,0,33140.13313029705,5,1.3791095231519097,1600.62473459156,1516.4980949867281,-1,0.0,9.094947017729282e-13,0.005053750006482005,0.11701149994041771,0.0003186250105500221,0.12238387495744973,17400.170311780435,15739.96281851661,6,27,33,60,58,75340.3266611869,80211.14033766241,7008.131333497617,4309.83845339599,1380.8388804290435,4901.530373260988,4411.377335934889,-1,0.0,0.0
causal_42_grid25,111,2025-04-22,4,2,causal_season,42,59611.41005088683,59611.41005088683,513.8648687539546,220,6042.877646212612,0.0,0.0,36914.743629069766,35098.799499703804,1815.9441293659656,0,35066.82258730239,5,1.4589083684178428,1516.4980949867281,1600.4601819360732,-1,0.0,9.094947017729282e-13,0.004954874981194735,0.12216029094997793,0.0003364169970154762,0.12745158292818815,18498.14527203195,16568.67731527044,6,29,36,65,67,88240.0707420785,93195.37188392418,8501.344692595836,4552.503716519736,1461.1176078042663,4955.3011418456745,4364.6486,-1,0.0,0.0
causal_42_grid25,112,2025-04-23,4,2,causal_season,42,62553.834277334114,62553.834277334114,53.325331506990665,60,9181.705337169173,0.0,0.0,37027.31993980972,36722.24470491528,305.07523489444384,0,34554.40562550149,7,1.4373170571308704,1600.4601819360732,1807.63194977872,-1,0.0,9.094947017729282e-13,0.005105833988636732,0.12545375002082437,0.0003334169741719961,0.1308930009836331,18289.97159025337,16264.434035248116,8,28,35,63,64,84201.1302248229,89044.48365465172,8487.016530225977,4545.761708909231,1439.7669010625618,4901.530373260988,4411.377335934889,-1,0.0,0.0
causal_42_grid25,113,2025-04-24,4,2,causal_season,42,60880.39286191665,60880.39286191665,111.90126795294793,90,12357.884812910552,0.0,0.0,36412.75000338314,35805.24489731902,607.5051060641217,0,33899.27575367552,5,1.4110388973311316,1807.63194977872,1567.429237197027,-1,0.0,9.094947017729282e-13,0.004989709006622434,0.1175495000788942,0.0003245000261813402,0.12286370911169797,17721.789185317284,16177.48656835824,6,30,34,64,57,83685.10418120277,88538.36586588621,8389.005230909213,4267.800208554681,1412.4698230698134,4901.530373260988,4431.3,-1,0.0,0.0
causal_42_grid25,114,2025-04-25,4,2,causal_season,42,26958.886777947653,26958.886777947653,84.98693888037684,70,23574.113836964523,0.0,0.0,13418.422342062646,13228.058907796669,190.3634342659755,0,22511.151597236596,5,0.9360396294209696,1567.429237197027,1852.429024864947,-1,0.0,6.821210263296962e-13,0.005617875023745,0.12127183296252042,0.00033883401192724705,0.12722854199819267,11990.27691355005,10520.874683686547,6,47,29,76,42,45539.13636038701,48433.067962703106,7127.370173260988,2063.8783299809675,937.9646498848581,4901.530373260988,2941.25,-1,0.0,0.0
causal_42_grid25,115,2025-04-26,4,2,causal_season,42,26232.157707172584,26232.157707172584,402.4646350809388,220,25446.3788429292,0.0,0.0,14330.117637189747,12717.108092725251,1613.009544464493,0,22245.236237208144,5,0.9257160237844162,1852.429024864947,1799.603767719646,-1,0.0,7.389644451905042e-13,0.00513112498447299,0.11874529195483774,0.0003191250143572688,0.124195541953668,11681.643051599567,10563.593185608577,6,46,30,76,42,50576.8357292931,51510.15652521078,7239.202199061627,2722.882764408078,926.8848432170058,4901.530373260988,2846.049894151541,-1,0.0,0.0
causal_42_grid25,116,2025-04-27,4,2,causal_season,42,58747.11030469135,58747.11030469135,288.4066213599867,150,8965.073004703474,0.0,0.0,35946.90693130606,34695.384547665184,1251.5223836408775,0,35067.43298842492,5,1.459883607908961,1799.603767719646,1450.4381937202556,-1,0.0,9.094947017729282e-13,0.005186459049582481,0.1178637909470126,0.00034695793874561787,0.1233972079353407,18282.202863219725,16785.230125205195,6,33,35,68,64,89049.37652948985,93953.41289572764,8313.122126285869,4260.386755357249,1461.1430411843714,4904.03636623779,4403.1787,-1,0.0,0.0
causal_42_grid25,117,2025-04-28,4,2,causal_season,42,62093.71304017575,62093.71304017575,464.9557928503301,170,3881.694480109104,0.0,0.0,38677.06123062105,36494.534166422505,2182.5270641985494,0,35783.073320871874,7,1.4885178828320986,1450.4381937202556,1622.3638708449175,-1,0.0,9.094947017729282e-13,0.005077459034509957,0.1176030000206083,0.00032545800786465406,0.12300591706298292,18919.040178561092,16864.033142310785,8,36,41,77,78,87144.56547862157,92043.32447145779,8273.019884512769,4037.955617092095,1490.9613883696616,4901.530373260988,4336.080603228072,-1,0.0,0.0
causal_42_grid25,118,2025-04-29,4,2,causal_season,42,63732.43221950988,63732.43221950988,155.14824533986672,60,15031.830392096144,0.0,0.0,38133.21599488267,37368.63665011576,764.5793447668997,0,30848.094895418413,7,1.2839973129476043,1622.3638708449175,1421.0372459524776,-1,0.0,9.094947017729282e-13,0.0052995000733062625,0.11927458399441093,0.00032454205211251974,0.12489862611982971,16135.315625752673,14712.779269665738,8,25,33,58,57,82883.57127360659,87801.77399154045,7229.414459446031,4269.074841227312,1285.3372873091005,4918.20271793386,4411.377335934889,-1,0.0,0.0
causal_42_grid25,119,2025-04-30,4,2,causal_season,42,61473.978857657174,61473.978857657174,293.41635232384226,140,11712.26229298333,0.0,0.0,37282.52664039956,36262.77729834511,1019.7493420544613,0,32712.018398605764,5,1.3609434438485966,1421.0372459524776,1497.7368565605334,-1,0.0,9.094947017729282e-13,0.005067584104835987,0.11853191698901355,0.000332667026668787,0.12393216812051833,17255.148441135058,15456.869957470708,6,29,32,61,56,91244.74420941672,96171.33723987215,8267.84956067252,4427.188724235732,1363.0007666085735,4926.593030455431,4411.377335934889,-1,0.0,0.0
causal_42_grid25,120,2025-05-01,5,2,causal_season,42,57534.85139510502,57534.85139510502,2857.4807956523186,580,7814.355078296054,0.0,0.0,47477.67919115289,33703.59380938292,13774.08538176997,0,35414.52759742517,5,1.4742130562655384,1497.7368565605334,1200.0,-1,0.0,7.958078640513122e-13,0.005266874912194908,0.11732958303764462,0.00032724998891353607,0.12292370793875307,18490.562954943227,16923.964642481944,6,38,35,73,64,88956.88963351374,93872.7333826555,8146.357973260989,4553.679830642468,1475.6053165593821,4915.843749141752,4411.377335934889,-1,0.0,0.0
causal_42_grid25,121,2025-05-02,5,2,causal_season,42,27135.64167604391,27135.64167604391,1927.5623434118545,480,13489.42349069185,0.0,0.0,22441.688643960537,13362.840609709225,9078.848034251312,0,24284.06339483901,5,1.0104218152543993,1200.0,1205.3592736665125,-1,0.0,9.094947017729282e-13,0.005061417003162205,0.11437050008680671,0.0003180409548804164,0.11974995804484934,12783.761920134795,11500.301474704214,6,49,31,80,44,45546.54260066364,50448.07297392463,6933.54506764697,2528.760882143095,1011.8359747849588,4901.530373260988,3130.6548835666954,-1,0.0,0.0
causal_42_grid25,122,2025-05-03,5,2,causal_season,42,28509.502338074577,28509.502338074577,1254.0165790245082,320,19456.17384488492,0.0,0.0,20955.77595132704,14283.703390878893,6672.072560448145,0,23499.5374502565,5,0.9773437191122597,1205.3592736665125,1408.9971778940062,-1,0.0,5.115907697472721e-13,0.005098499939776957,0.11896812496706843,0.0003179999766871333,0.12438462488353252,12469.855436235332,11029.682014021164,6,43,32,75,42,43830.60193329873,48698.23728377903,7115.576938497563,1757.011501309261,979.1473937606874,4901.530373260988,2988.352388859118,-1,0.0,0.0
causal_42_grid25,123,2025-05-04,5,2,causal_season,42,60507.51717116012,60507.51717116012,1421.0878349489913,410,8703.730800848296,0.0,0.0,42899.94758157768,35798.97078509192,7100.97679648576,0,32279.373206776814,5,1.3435680741975053,1408.9971778940062,1200.0,-1,0.0,6.821210263296962e-13,0.005325624952092767,0.1213086670031771,0.00031762500293552876,0.1269519169582054,16884.79003935215,15394.58316742467,6,30,33,63,62,84653.46095282341,89386.93849663444,8282.679788776262,3915.7201227528953,1344.9738836157007,4901.530373260988,4553.679830642466,-1,0.0,0.0
causal_42_grid25,124,2025-05-05,5,2,causal_season,42,59160.54744885955,59160.54744885955,2431.3920161209844,600,4641.857070065689,0.0,0.0,46169.198499844104,34878.588531796646,11290.609968047454,0,35607.43630338209,5,1.4815868468164965,1200.0,1200.0,-1,0.0,9.094947017729282e-13,0.0051769999554380774,0.1169139159610495,0.0003219580976292491,0.12241287401411682,18740.75594914847,16866.68035423362,6,44,36,80,72,82948.07022393198,87842.38058457081,8104.025480386134,4338.793044716178,1483.6431793075872,4901.530373260988,4553.679830642466,-1,0.0,0.0
causal_42_grid25,125,2025-05-06,5,2,causal_season,42,62522.88890056835,62522.88890056835,1219.9071758516811,360,8986.80134453789,0.0,0.0,42182.99176940881,36830.352314688476,5352.639454720331,0,35832.33493909408,5,1.490944635389054,1200.0,1200.0,-1,0.0,9.094947017729282e-13,0.005364042008295655,0.11666779196821153,0.00034195894841104746,0.12237379292491823,18859.123652154783,16973.211286939302,6,30,38,68,63,81246.30649660234,86147.83686986333,7058.958418591896,4484.536097578223,1493.0139557955868,4901.530373260988,4553.679830642466,-1,0.0,0.0
causal_42_grid25,126,2025-05-07,5,2,causal_season,42,63200.99376580403,63200.99376580403,1601.9708843801718,490,7891.9451742970905,0.0,0.0,45161.04269631206,37081.354513863895,8079.688182448171,0,35020.29699185502,5,1.4571566161816454,1200.0,1200.0,-1,0.0,9.094947017729282e-13,0.005111125065013766,0.11466116702649742,0.00031620904337614775,0.12008850113488734,18431.735258871067,16588.56173298396,6,28,36,64,58,77713.09979558083,82614.63016884182,7226.989167397633,4381.687699816845,1459.1790413272927,4901.530373260988,4695.9823253500435,-1,0.0,0.0
causal_42_grid25,127,2025-05-08,5,2,causal_season,42,64825.22542020328,64825.22542020328,333.5486006773947,80,6995.180982361331,0.0,0.0,41262.16131830063,39480.18011591265,1781.9812023879877,0,35259.27530706633,7,1.4660432332186004,1200.0,1681.9973558928514,-1,0.0,9.094947017729282e-13,0.00519541697576642,0.11494479200337082,0.0003483329201117158,0.12048854189924896,18798.17797279284,16461.097334273494,8,32,39,71,74,86993.2473609464,91894.7777342074,8127.644016511726,4366.022756662554,1469.1364711277638,4901.530373260988,4778.366802942096,-1,0.0,0.0
causal_42_grid25,128,2025-05-09,5,2,causal_season,42,29772.551926878794,29772.551926878794,179.60028485195642,100,19916.587196370732,0.0,0.0,16353.35159645322,15666.017715338745,687.3338811144745,0,22859.875412906156,5,0.9504433112918135,1681.9973558928514,2015.4874016192136,-1,0.0,9.094947017729282e-13,0.005032625049352646,0.11929016595240682,0.0003380000125616789,0.12466079101432115,12198.027289133086,10661.84812377307,6,48,30,78,43,45616.869190132595,48102.43615382688,6860.099089376824,2169.1850333146,952.4948088710898,4901.530373260988,3311.605686787667,-1,0.0,0.0
causal_42_grid25,129,2025-05-10,5,2,causal_season,42,30367.860740334414,30367.860740334414,76.81688973198374,80,16935.028631797864,0.0,0.0,16815.692320039845,16497.9696590255,317.7226610143434,0,21718.98766277288,5,0.903164423441084,2015.4874016192136,2261.32723724092,-1,0.0,9.094947017729282e-13,0.005470917094498873,0.11863729194737971,0.0003277920186519623,0.12443600106053054,11553.795688854041,10165.191973918845,6,43,29,72,45,49795.10083574432,50962.06097150268,6926.49479203981,2493.1390478931958,904.9578192822036,4901.530373260988,3314.9449808854015,-1,0.0,0.0
causal_42_grid25,130,2025-05-11,5,2,causal_season,42,64881.94040243848,64881.94040243848,239.93728075842927,180,8716.287162226072,0.0,0.0,40516.85913077226,39317.79194744522,1199.0671833270374,0,32417.33529885244,7,1.3505733431280544,2261.32723724092,1475.5740773415,-1,0.0,9.094947017729282e-13,0.005301665980368853,0.11735462490469217,0.00032354192808270454,0.12297983281314373,16669.42336824497,15747.911930607468,8,26,41,67,71,85633.20757878147,90621.2120964941,7970.761927839971,4809.788306208201,1350.7223041188513,4988.0045177126285,4838.28482005762,-1,0.0,0.0
causal_42_grid25,131,2025-05-12,5,2,causal_season,42,64320.58557371076,64320.58557371076,305.11166590595485,170,10803.723720082262,0.0,0.0,39964.7951601194,38603.836060034955,1360.9591000844482,0,30575.95442462948,5,1.2716141171920339,1475.5740773415,1757.4823297679607,-1,0.0,9.094947017729282e-13,0.005104584037326276,0.11809520795941353,0.0003382080467417836,0.12353800004348159,16233.366355415303,14342.588069214178,6,25,33,58,56,81578.95304028619,86476.8526296427,8042.817197526787,4571.100180518674,1273.9981010262284,4901.530373260988,4695.9823253500435,-1,0.0,0.0
causal_42_grid25,132,2025-05-13,5,2,causal_season,42,61615.840500202044,61615.840500202044,287.15497575772,110,7233.258491536772,0.0,0.0,38928.882712807026,37457.45830458701,1471.4244082200134,0,33502.01572243785,5,1.3944717198507401,1757.4823297679607,1534.43341588045,-1,0.0,9.094947017729282e-13,0.005468167015351355,0.11807275004684925,0.0003244169056415558,0.12386533396784216,17521.269970097084,15980.74575234076,6,37,35,72,64,82324.54693577898,87178.7549004975,8142.738212256141,4515.632179690606,1395.9173217682435,4901.530373260988,4864.800188522647,-1,0.0,0.0
causal_42_grid25,133,2025-05-14,5,2,causal_season,42,64448.45950711277,64448.45950711277,211.1169284054938,130,9553.896243155066,0.0,0.0,39675.8929151552,38937.24981019545,738.6431049597545,0,33292.25566251675,5,1.3845095606773,1534.43341588045,1874.2117761772188,-1,0.0,5.755396159656812e-13,0.005085041048005223,0.11818041699007154,0.00032129103783518076,0.12358674907591194,17691.893535773303,15600.362126743443,6,29,33,62,56,84554.28277887,89554.26487454375,8211.787109552582,4427.188724235732,1387.177319271531,4999.9820956737585,4910.258692242414,-1,0.0,0.0
causal_42_grid25,134,2025-05-15,5,2,causal_season,42,62054.77952009786,62054.77952009786,790.919370888972,230,8273.217210817233,0.0,0.0,40604.3472689455,37475.79269674155,3128.5545722039496,0,33247.49980910778,5,1.3832660538352812,1874.2117761772188,1931.8466440529542,-1,0.0,6.821210263296962e-13,0.005332542001269758,0.11960249999538064,0.0003284589620307088,0.1252635009586811,17527.46160297202,15720.038206135758,6,30,33,63,58,84322.48575058946,89229.00128902243,7927.374642410872,4075.9185902438057,1385.3124920461573,4906.5155384329755,4766.677724387326,-1,0.0,0.0
causal_42_grid25,135,2025-05-16,5,2,causal_season,42,30003.22976368381,30003.22976368381,192.8155380687445,90,25841.25018053471,0.0,0.0,16752.908222290487,16290.930372657249,461.97784963323835,0,20615.43532150602,5,0.8565687466562579,1931.8466440529542,2486.881599866999,-1,0.0,7.958078640513122e-13,0.005139584071002901,0.11819574993569404,0.00032112502958625555,0.1236564590362832,11127.361954695267,9488.073366810753,6,40,27,67,46,56157.86327499185,56157.86327499185,6622.8612891460125,2419.883476012756,858.9764717294175,4901.530373260988,3327.4167493520745,-1,0.0,0.0
causal_42_grid25,136,2025-05-17,5,2,causal_season,42,28954.719730456614,28954.719730456614,229.87621986049965,150,18047.368781197303,0.0,0.0,16361.33297714305,15780.547715317753,580.7852618252969,0,20628.51182287704,6,0.8592024716276034,2486.881599866999,2089.0471377000476,-1,0.0,9.094947017729282e-13,0.005168708972632885,0.1189368749037385,0.00036291603464633226,0.12446849991101772,10658.46995433176,9970.041868545282,6,45,26,71,42,44671.10832886526,44671.10832886526,6822.7373325725,1711.9052802791398,859.5213259532101,4901.530373260988,3447.472887159919,-1,0.0,0.0
causal_42_grid25,137,2025-05-18,5,2,causal_season,42,64587.96013619332,64587.96013619332,560.7726919485112,210,9841.128477006892,0.0,0.0,41819.89469528456,39533.12560363244,2286.769091652118,0,32539.848885130938,5,1.3541261474225228,2089.0471377000476,2007.747081256709,-1,0.0,7.958078640513122e-13,0.00500362494494766,0.11875304102431983,0.0003215830074623227,0.12407824897672981,17085.642568132935,15454.206316998001,6,27,32,59,58,90264.38448920837,95235.18684600144,8032.185256827684,4689.863329256044,1355.8270368804558,4970.802356793068,4838.28482005762,-1,0.0,0.0
causal_42_grid25,138,2025-05-19,5,2,causal_season,42,62999.35384297634,62999.35384297634,164.5527262904098,80,14207.694280710397,0.0,0.0,38940.10164710068,38048.05269945755,892.0489476431297,0,31746.69906108541,5,1.3214505823901275,2007.747081256709,1777.54486111168,-1,0.0,9.094947017729282e-13,0.005129333003424108,0.11718524992465973,0.00033279205672442913,0.12264737498480827,16593.847399820883,15152.851661264529,6,31,33,64,59,88611.01610749363,93463.54963677542,8069.542978696346,4427.188724235732,1322.7791275452255,4901.530373260988,4936.960205339476,-1,0.0,0.0
causal_42_grid25,139,2025-05-20,5,2,causal_season,42,61356.9960132767,61356.9960132767,585.483946908776,170,6108.008314756812,0.0,0.0,39175.645115272586,36941.06106912297,2234.584046149621,0,32656.600273825876,5,1.3597098421532479,1777.54486111168,1365.2818570395048,-1,0.0,9.094947017729282e-13,0.005333582987077534,0.10977683402597904,0.0002958750119432807,0.11540629202499986,16981.838551293935,15674.76172253194,6,29,32,61,58,83572.93783107541,88458.373089453,8046.979809515071,3730.0317286023505,1360.691678076078,4901.530373260988,4980.351038863453,-1,0.0,0.0
causal_42_grid25,140,2025-05-21,5,2,causal_season,42,64034.9307542153,64034.9307542153,222.35132706274135,120,10910.914349912502,0.0,0.0,39367.925497717544,38615.45309280069,752.4724049168573,0,31293.443343966628,7,1.3013468076953634,1365.2818570395048,1702.4783261769091,-1,0.0,9.094947017729282e-13,0.005007875035516918,0.11598875001072884,0.0002981669967994094,0.12129479204304516,16638.597895999414,14654.845447967211,8,29,35,64,60,85454.48514040853,90417.47844643412,8045.112348653451,4276.155047952598,1303.893472665276,4962.993306025581,4794.684171204272,-1,0.0,0.0
causal_42_grid25,141,2025-05-22,5,2,causal_season,42,62709.64049246054,62709.64049246054,97.59735711873896,110,10238.405428551287,0.0,0.0,38441.97953678448,38067.26875795629,374.7107788281928,0,31992.65412928391,5,1.3310295176517029,1702.4783261769091,1770.9509321693936,-1,0.0,9.094947017729282e-13,0.004635250079445541,0.11140154197346419,0.0002975419629365206,0.11633433401584625,16872.427866822618,15120.226262461292,6,28,33,61,58,86193.30858795423,91079.16465020752,7938.366550782293,4538.562321382403,1333.0272553868297,4901.530373260988,4980.587314765197,-1,0.0,0.0
causal_42_grid25,142,2025-05-23,5,2,causal_season,42,30113.44959728438,30113.44959728438,27.377229061084506,40,21964.01219098865,0.0,0.0,16482.383206457253,16422.750373889907,59.63283256734374,0,20936.356502428636,5,0.8697030149751329,1770.9509321693936,2425.8108212150973,-1,0.0,9.094947017729282e-13,0.0047963750548660755,0.11366529192309827,0.0003281659446656704,0.11878983292263001,11346.111127226057,9590.245375202578,6,47,26,73,41,45676.99624369401,45676.99624369401,6728.847673260989,2239.2029156083318,872.3481876011931,4901.530373260988,3268.9550677629377,-1,0.0,0.0
causal_42_grid25,143,2025-05-24,5,2,causal_season,42,29807.236497001966,29807.236497001966,2.6002079386343553,10,24559.542942148822,0.0,0.0,16498.395395152158,16486.216021167595,12.17937398456332,0,20502.5575021133,6,0.8521740978569085,2425.8108212150973,2843.099589967919,-1,0.0,8.810729923425242e-13,0.005201874999329448,0.11592058301903307,0.00030158297158777714,0.1214240409899503,10999.174940785877,9503.382561327424,6,45,25,70,42,48227.63629915351,48227.63629915351,6676.336373260989,2313.4109952957183,854.2732292547207,4901.530373260988,3252.0667823518406,-1,0.0,0.0
causal_42_grid25,144,2025-05-25,5,2,causal_season,42,62056.49867200216,62056.49867200216,166.0235804665611,100,13063.831920743854,0.0,0.0,38200.70612174887,37447.409693371796,753.2964283770817,0,29776.826011181485,5,1.2410754270888689,2843.099589967919,1888.2549527232507,-1,0.0,6.821210263296962e-13,0.004961624974384904,0.11230470903683454,0.00032304192427545786,0.1175893759354949,15195.253079786511,14581.572931394976,6,27,33,60,56,89679.24138572278,94624.41378396467,8165.333788401078,4747.057487152015,1240.7010837992286,4945.17239824189,4765.03025158622,-1,0.0,0.0
causal_42_grid25,145,2025-05-26,5,2,causal_season,42,61656.01619601522,61656.01619601522,527.3306919041929,210,5891.802460808524,0.0,0.0,39483.2357720384,37373.852843121145,2109.382928917262,0,32614.25556819663,5,1.3570544423441357,1888.2549527232507,1883.419961779569,-1,0.0,7.958078640513122e-13,0.005389875033870339,0.11893762496765703,0.0003306659637019038,0.12465816596522927,17162.983522653754,15451.272045542873,6,44,34,78,74,89723.0696423787,94698.88221688147,7987.566489687339,4427.188724235732,1358.927315341526,4975.81257450276,4851.737401772299,-1,0.0,0.0
causal_42_grid25,146,2025-05-27,5,2,causal_season,42,63601.945356227574,63601.945356227574,132.36590642770835,100,12893.34188606749,0.0,0.0,38770.573237978846,38336.39502817203,434.1782098068102,0,31318.5549364096,5,1.3035653884156477,1883.419961779569,1685.402589229525,-1,0.0,8.526512829121202e-13,0.0051643329206854105,0.11676995805464685,0.00030095805414021015,0.12223524902947247,16384.5785064987,14933.976429910907,6,25,32,57,48,77104.46241713112,81952.7402763221,8147.669345171537,4379.754559333209,1304.939789017067,4901.530373260988,4766.561587040445,-1,0.0,0.0
causal_42_grid25,147,2025-05-28,5,2,causal_season,42,62923.10661043653,62923.10661043653,156.71764813575177,100,8734.58773425828,0.0,0.0,38748.33158578318,38077.95243126459,670.3791545185891,0,33014.39580345805,5,1.3729601796645874,1685.402589229525,2019.6785415700515,-1,0.0,7.958078640513122e-13,0.004895249963738024,0.11287208297289908,0.00030112499371171,0.11806845793034881,17542.90411388602,15471.491689572029,6,30,34,64,62,88817.31382714325,93811.16633235579,8013.476926145966,4564.923366435141,1375.5998251440856,4993.852505212538,4838.28482005762,-1,0.0,0.0
causal_42_grid25,148,2025-05-29,5,2,causal_season,42,62471.05513133829,62471.05513133829,303.4649466356626,180,7046.9547790548295,0.0,0.0,39106.28473208676,37933.7940720795,1172.4906600072557,0,34091.43730696831,5,1.4188961259103707,2019.6785415700515,1842.5887195815326,-1,0.0,9.094947017729282e-13,0.00497258291579783,0.10891845799051225,0.0003085000207647681,0.11419954092707485,17854.439552943717,16236.997754024595,6,28,34,62,61,87154.72001691515,92082.5533103775,8118.345624950579,4425.669482812875,1420.476554457013,4927.833293462354,4969.174295151417,-1,0.0,0.0
causal_42_grid25,149,2025-05-30,5,2,causal_season,42,29438.906538514682,29438.906538514682,160.51353073964043,90,21261.34687429701,0.0,0.0,16209.164040068415,15610.981501226943,598.1825388414738,0,21335.159853015517,5,0.8863736852181319,1842.5887195815326,2462.3845359868806,-1,0.0,7.958078640513122e-13,0.004878791980445385,0.11455149995163083,0.00032545800786465406,0.11975574993994087,11538.499890653082,9796.659962362435,6,42,28,70,43,49498.16891607193,50493.72526712357,6699.157909716405,2604.941174030193,888.9649938756464,4901.530373260988,3165.5617947577407,-1,0.0,0.0
causal_42_grid25,150,2025-05-31,5,2,causal_season,42,29570.26576915299,29570.26576915299,165.77247321151097,80,20222.109894348614,0.0,0.0,16607.744196211614,16242.290543564788,365.45365264682664,0,20616.101364922597,5,0.8577264842100403,2462.3845359868806,2502.1284525778487,-1,0.0,8.526512829121202e-13,0.005322332959622145,0.11738866590894759,0.000294207944534719,0.12300520681310445,10870.424081469242,9745.677283453353,6,43,27,70,38,37036.85111639596,37036.85111639596,6647.979396132043,1530.6174164202062,859.0042235384416,4981.31757330368,3272.9573782742727,-1,0.0,0.0
causal_42_grid25,151,2025-06-01,6,2,causal_season,42,62222.14996999173,62222.14996999173,9595.620724831733,920,340.7339765682135,0.0,0.0,85672.09423854393,37501.72770130936,48170.366537234564,0,29498.148244388954,7,1.2302415344517008,2502.1284525778487,1200.0,-1,0.0,6.821210263296962e-13,0.0047441249480471015,0.10890608397312462,0.00030949991196393967,0.11395970883313566,14875.179331322099,14622.968913066854,8,24,37,61,67,87165.26347400686,91489.9639000455,7947.36489264522,4261.149032238633,1229.089510182873,4901.530373260988,4976.205896094922,-1,0.0,0.0
causal_42_grid25,152,2025-06-02,6,2,causal_season,42,68646.55700897097,68646.55700897097,5360.44973539121,860,3421.3503542942153,0.0,0.0,64264.435306776744,41396.600204350034,22867.83510242671,0,36952.12986129102,7,1.5375380888947563,1200.0,1200.0,-1,0.0,9.094947017729282e-13,0.004553667036816478,0.10515354201197624,0.0003019169671460986,0.11000912601593882,19448.489400679486,17503.640460611536,8,27,42,69,67,83978.45553819663,88266.2371074227,6324.619845279523,4209.575507083923,1539.6720775537926,4901.530373260988,4980.587314765197,-1,0.0,0.0
causal_42_grid25,153,2025-06-03,6,2,causal_season,42,69204.17792417567,69204.17792417567,2954.4931289888564,610,1919.56046568169,0.0,0.0,55316.943771888575,41865.93855641702,13451.005215471545,0,38888.13132884055,7,1.6180930124590334,1200.0,1200.0,-1,0.0,7.958078640513122e-13,0.005024207988753915,0.10979366698302329,0.0003485840279608965,0.1151664589997381,20467.43754149503,18420.693787345524,8,34,43,77,77,84441.11962069562,88937.40948072803,7195.206084998565,4388.685626221578,1620.3388053683566,4901.530373260988,4980.587314765197,-1,0.0,0.0
causal_42_grid25,154,2025-06-04,6,2,causal_season,42,69094.53212968167,69094.53212968167,3258.9414560030473,680,839.352495130908,0.0,0.0,55317.11051387977,42038.31212691667,13278.798386963093,0,35508.345203855686,9,1.4774637735223666,1200.0,1200.0,-1,0.0,9.094947017729282e-13,0.005219624959863722,0.10646466701291502,0.00031704199500381947,0.11200133396778256,18688.602738871417,16819.74246498427,10,29,40,69,77,89472.52078694693,94033.26660476254,8111.242198331894,4271.940193279058,1479.514383493987,4901.530373260988,4980.587314765197,-1,0.0,0.0
causal_42_grid25,155,2025-06-05,6,2,causal_season,42,70720.19521103805,70720.19521103805,3722.3279382376804,720,1249.6513185230208,0.0,0.0,58463.27567682145,43236.412772772645,15226.862904048809,0,38827.52246763466,7,1.6155711434090383,1200.0,1200.0,-1,0.0,9.094947017729282e-13,0.004627582966350019,0.10510820802301168,0.00035270792432129383,0.110088498913683,20435.538140860346,18391.984326774313,8,30,44,74,72,87121.04865735405,91807.1024900202,7826.961905127578,4293.992039533183,1617.8134361514442,4901.530373260988,4980.587314765197,-1,0.0,0.0
causal_42_grid25,156,2025-06-06,6,2,causal_season,42,30687.23213821701,30687.23213821701,5290.006952713145,650,3865.7764289592355,0.0,0.0,38891.5735952542,16142.985573356822,22748.588021897383,0,23872.87797744748,5,0.9933245883158927,1200.0,1200.0,-1,0.0,8.952838470577262e-13,0.004899624967947602,0.10589483403600752,0.00030499999411404133,0.11109945899806917,12564.672619709196,11308.205357738281,6,42,31,73,57,43416.55539496828,47895.698703555994,6812.608307270936,2105.4781697711887,994.7032490603116,4840.512146663848,3415.2598729818496,-1,0.0,0.0
causal_42_grid25,157,2025-06-07,6,2,causal_season,42,36834.29090665649,36834.29090665649,1462.711141790751,420,5904.426522780337,0.0,0.0,26296.22436613936,20163.130118635956,6133.0942475034035,0,24055.184821004594,5,1.0009101785616359,1200.0,1200.0,-1,0.0,8.526512829121202e-13,0.004622749984264374,0.10576333303470165,0.00030866696033626795,0.11069474997930229,12660.623590002418,11394.561231002179,6,46,28,74,70,59225.54568395456,64115.20798330287,6736.926128290467,2999.20463350828,1002.2993675418581,4901.530373260988,3699.864862397004,-1,0.0,0.0
causal_42_grid25,158,2025-06-08,6,2,causal_season,42,84641.21025425053,84641.21025425053,196.662589911017,140,17235.460565443336,0.0,0.0,54073.245133350596,53515.11819119767,558.1269421529249,0,30311.61191633239,9,1.2594278884937542,1200.0,2023.2820871173074,-1,0.0,9.094947017729282e-13,0.004991874913685024,0.10551904095336795,0.0003055830020457506,0.11081649886909872,16364.550464191969,13947.061452140417,10,21,33,54,55,99855.15623281167,104756.68660607266,9124.563354536236,4901.530373260988,1262.983829847183,4901.530373260988,4736.461814942608,-1,0.0,0.0
causal_42_grid25,159,2025-06-09,6,2,causal_season,42,75500.39325467974,75500.39325467974,1269.3765713201076,300,4072.5454746666883,0.0,0.0,52897.668111185136,47258.6744750441,5638.99363614104,0,37723.358095143594,7,1.5701132244267908,2023.2820871173074,1802.047173328231,-1,0.0,9.094947017729282e-13,0.004868792020715773,0.10887404205277562,0.00030508392956107855,0.11404791800305247,19743.934856571715,17979.423238571882,8,30,43,73,72,100581.48372389365,105493.87913221674,8950.325330104351,4896.346149650164,1571.80658729765,4912.3954083230965,4959.187517906259,-1,0.0,0.0
causal_42_grid25,160,2025-06-10,6,2,causal_season,42,81627.31857993209,81627.31857993209,363.64080362499953,120,7975.3523411588485,0.0,0.0,53277.71518940527,51811.26954204335,1466.4456473619239,0,37886.08837002357,9,1.5755137447161311,1802.047173328231,2205.764884915985,-1,0.0,9.094947017729282e-13,0.004760832991451025,0.10926745901815593,0.0003007079940289259,0.11432900000363588,20141.625589544234,17744.462780479334,10,28,42,70,71,104624.70465874815,109513.28757104442,8856.242379026695,4892.999221025054,1578.587015417649,4901.530373260988,4736.9115362222,-1,0.0,0.0
causal_42_grid25,161,2025-06-11,6,2,causal_season,42,82931.57059486727,82931.57059486727,1642.7293222914127,310,6686.468973919356,0.0,0.0,59344.440046920936,51619.57893043669,7724.861116484246,0,42697.40713835784,9,1.7775675521922312,2205.764884915985,1761.3015297158363,-1,0.0,4.547473508864641e-13,0.0046232920140028,0.123149250051938,0.0004865420050919056,0.1282590840710327,22250.395882465244,20447.011255892594,10,30,48,78,64,106515.21907730142,111380.28911699587,8974.797066640494,4900.085962479155,1779.05863076491,4901.530373260988,4968.7038594137775,-1,0.0,0.0
causal_42_grid25,162,2025-06-12,6,2,causal_season,42,86007.50753011188,86007.50753011188,316.9247133007271,120,11799.123923499146,0.0,0.0,55547.832153975374,54175.09027878489,1372.7418751904856,0,36873.02117645411,9,1.5339560782592316,1761.3015297158363,1893.7166188046317,-1,0.0,9.094947017729282e-13,0.00694991706404835,0.14820354199036956,0.0003897920250892639,0.15554325107950717,19472.969031517117,17400.05214493699,10,26,41,67,66,106175.31085241324,111163.4779587904,8693.016459125536,4901.530373260988,1536.3758823522548,4988.16710637717,4891.395742870229,-1,0.0,0.0
causal_42_grid25,163,2025-06-13,6,2,causal_season,42,42031.14048549717,42031.14048549717,40.622462341323946,30,11904.457959674384,0.0,0.0,24956.961942179936,24723.85766967783,233.10427250210654,0,22696.997071194783,5,0.9430196435306938,1893.7166188046317,2521.9999156867293,-1,0.0,5.684341886080801e-13,0.005723875015974045,0.13290791597682983,0.000370207941159606,0.13900199893396348,12259.494179679445,10437.50289151534,6,41,27,68,66,62226.42644085908,67167.69640608894,7535.354103151114,3240.0677134474195,945.7082112997826,4941.269965229859,3778.9422288626392,-1,0.0,0.0
causal_42_grid25,164,2025-06-14,6,2,causal_season,42,45101.35965959361,45101.35965959361,0.0,0,17877.993157628585,0.0,0.0,25958.02186572318,25958.02186572319,0.0,0,21589.690266429676,5,0.8985570056041237,2521.9999156867293,2415.5766771178855,-1,0.0,7.958078640513122e-13,0.005769875016994774,0.12355174997355789,0.00031770789064466953,0.12963933288119733,11309.857009197349,10279.833257232323,6,29,26,55,56,68629.34863062583,73549.85320309177,7126.8303438587145,3422.7799061748606,899.5704277679031,4920.504572465943,3932.4897999999994,-1,0.0,0.0
causal_42_grid25,165,2025-06-15,6,2,causal_season,42,81796.3231437612,81796.3231437612,264.2241707177424,90,9862.125575346494,0.0,0.0,52255.9645467032,50925.08654132665,1330.8780053765452,0,38426.36304626392,9,1.599869726393191,2415.5766771178855,1963.9579781437722,-1,0.0,9.094947017729282e-13,0.005546125001274049,0.1192699579987675,0.00031991698779165745,0.1251359999878332,19998.905226031515,18427.457820232405,10,27,52,79,72,100053.8766689716,105015.00536910191,8868.847437737411,4901.530373260988,1601.0984602609965,4961.128700130316,4884.966190898258,-1,0.0,0.0
causal_42_grid25,166,2025-06-16,6,2,causal_season,42,82519.1392735088,82519.1392735088,348.5598585300105,140,8169.6775073097415,0.0,0.0,52939.495770562164,51416.77798962309,1522.71778093907,0,39726.39431053285,9,1.6531630485445254,1963.9579781437722,1876.943325269633,-1,0.0,9.094947017729282e-13,0.005088457954116166,0.11327512504067272,0.00036204198841005564,0.11872562498319894,20865.181559297627,18861.212751235224,10,28,46,74,70,107405.228693448,112376.59494478708,8490.55606934537,4901.530373260988,1655.2664296055357,4971.366251339068,4980.587314765197,-1,0.0,0.0
causal_42_grid25,167,2025-06-17,6,2,causal_season,42,83491.69372718297,83491.69372718297,784.9118465454422,130,7653.730862321012,0.0,0.0,55926.789870889326,52495.86156838613,3430.9283025031923,0,39504.581369017746,9,1.6439477748943503,1876.943325269633,1783.4887987386078,-1,0.0,9.094947017729282e-13,0.0045125409960746765,0.11642683402169496,0.00032379094045609236,0.12126316595822573,20745.222431879236,18759.35893713851,10,28,48,76,74,111190.46303323488,116079.70273832267,8540.314123532806,4901.530373260988,1646.0242237090729,4901.530373260988,4980.587314765197,-1,0.0,0.0
causal_42_grid25,168,2025-06-18,6,2,causal_season,42,85486.46808303957,85486.46808303957,88.65722504109476,90,12576.462939692825,0.0,0.0,54245.9783747974,53966.19108465152,279.7872901458712,0,35162.00839296631,9,1.462570740077716,1783.4887987386078,2003.4330896826016,-1,0.0,8.526512829121202e-13,0.004958917037583888,0.11893450003117323,0.00031937495805323124,0.12421279202681035,18616.139930677073,16545.868462289232,10,25,46,71,72,109716.13216261602,114563.97465865148,8666.556226937722,4901.530373260988,1465.0836830402632,4901.530373260988,4737.8588661973345,-1,0.0,0.0
causal_42_grid25,169,2025-06-19,6,2,causal_season,42,82176.40826294976,82176.40826294976,398.141184293144,140,12436.70930630824,0.0,0.0,53582.63247126246,51795.08645030645,1787.5460209560144,0,36554.74346334685,9,1.5211034056492498,2003.4330896826016,1957.771877591661,-1,0.0,9.094947017729282e-13,0.005643209093250334,0.11378595803398639,0.00030262500513345003,0.11973179213237017,19216.539702140755,17338.2037612061,10,26,42,68,66,102450.97969911364,107330.79730675733,8388.033212989078,4729.5418640942535,1523.1143109727855,4901.530373260988,4930.617076076293,-1,0.0,0.0
causal_42_grid25,170,2025-06-20,6,2,causal_season,42,39533.50048847491,39533.50048847491,0.0,0,14963.928795440734,0.0,0.0,23710.99706670295,23710.99706670295,0.0,0,21105.20626292326,5,0.8758409527800244,1957.771877591661,3017.431080828501,-1,0.0,9.094947017729282e-13,0.005396457971073687,0.11794775002636015,0.0003245000261813402,0.12366870802361518,11637.098552978718,9468.107709944541,6,35,24,59,61,63526.13879909086,64267.554544361614,7018.358930721852,3171.247907217831,879.3835942884692,4901.530373260988,3783.1712821696606,-1,0.0,0.0
causal_42_grid25,171,2025-06-21,6,2,causal_season,42,39230.798328209334,39230.798328209334,44.932294884874665,70,18931.141705388727,0.0,0.0,23700.890916044864,23560.22303663493,140.66787940993532,0,20541.194852790257,5,0.8548533673048945,3017.431080828501,2946.0651666626,-1,0.0,9.094947017729282e-13,0.005369834019802511,0.11775433307047933,0.0003227080451324582,0.1234468751354143,10775.521685247873,9765.673167542383,6,44,25,69,65,52221.152505370155,52221.152505370155,7306.657429723192,2353.949965927256,855.8831188662607,4949.400421276292,3951.687304369185,-1,0.0,0.0
causal_42_grid25,172,2025-06-22,6,2,causal_season,42,78194.24716484881,78194.24716484881,192.40949222930504,90,10113.448250089697,0.0,0.0,49834.74571090912,49111.90567019031,722.8400407188076,0,35245.553924660344,9,1.4688113397010432,2946.0651666626,1905.461040266946,-1,0.0,9.094947017729282e-13,0.005199957988224924,0.11478641699068248,0.00030087505001574755,0.12028725002892315,18030.710615824388,17214.843308835956,10,24,45,69,74,106015.21859336598,110941.63503774565,8594.105047054794,4901.530373260988,1468.5647468608477,4926.41644437968,4902.266684078184,-1,0.0,0.0
causal_42_grid25,173,2025-06-23,6,2,causal_season,42,80259.8202683743,80259.8202683743,300.48271938956566,160,11601.748601783176,0.0,0.0,51086.82098744014,49973.151122885814,1113.6698645543129,0,37652.0314897411,9,1.5668456203659704,1905.461040266946,1820.9263931721794,-1,0.0,7.958078640513122e-13,0.004829499986954033,0.11266545800026506,0.0003297089133411646,0.11782466690056026,19774.649937860897,17877.381551880204,10,27,42,69,64,100038.86458457034,104905.85630655644,7915.871995549789,4901.530373260988,1568.834645405879,4901.530373260988,4980.587314765197,-1,0.0,0.0
causal_42_grid25,174,2025-06-24,6,2,causal_season,42,80563.45848821764,80563.45848821764,1904.2128038696983,340,3995.2232872519753,0.0,0.0,59546.6850490958,50371.352445535056,9175.332603560752,0,42591.471606577805,9,1.772268439558432,1820.9263931721794,1782.8730055880465,-1,0.0,8.526512829121202e-13,0.0050908749690279365,0.11985745804850012,0.00033320789225399494,0.12528154090978205,22397.56368070658,20193.907925871223,10,31,51,82,81,108104.8430833402,113032.13720833704,8870.53818671358,4744.3843652073465,1774.6446502740755,4927.294124996842,4980.587314765197,-1,0.0,0.0
causal_42_grid25,175,2025-06-25,6,2,causal_season,42,83686.47853457258,83686.47853457258,423.23812193554005,120,11492.07088751925,0.0,0.0,54533.66942996265,52713.86936002277,1819.8000699398756,0,36807.84349451736,11,1.531000922160015,1782.8730055880465,2026.179710738806,-1,0.0,9.094947017729282e-13,0.005366791971027851,0.1335236249724403,0.00037791708018630743,0.13926833402365446,19494.03394841978,17313.80954609758,12,28,44,72,74,110254.32376306345,115106.06087694553,8436.456411472467,4884.2918902457095,1533.66014560489,4901.530373260988,4980.587314765197,-1,0.0,0.0
causal_42_grid25,176,2025-06-26,6,2,causal_season,42,80172.94439790733,80172.94439790733,257.94958851979766,110,11245.941756488275,0.0,0.0,51123.9385695937,50185.71960618743,938.2189634062714,0,37052.474166521126,9,1.5423997006574834,2026.179710738806,1713.184075460936,-1,0.0,9.094947017729282e-13,0.005954041960649192,0.13567420793697238,0.0005282920319586992,0.14215654192958027,19345.021281563317,17707.452884957813,10,26,45,71,66,105260.76044897927,110154.82967641068,8601.069873092853,4896.436436593212,1543.8530902717134,4901.530373260988,4980.587314765197,-1,0.0,0.0
causal_42_grid25,177,2025-06-27,6,2,causal_season,42,37674.81702703184,37674.81702703184,5.549065095581682,20,16129.083021964721,0.0,0.0,21745.470294020917,21733.273591362424,12.196702658492999,0,22299.944479168065,5,0.9265458345611657,1713.184075460936,2319.9810123794705,-1,0.0,8.242295734817162e-13,0.006291708094067872,0.1344522919971496,0.00036641606129705906,0.14111041615251452,12039.790841332047,10260.153637836016,6,40,26,66,66,64739.789227731846,67502.45570728321,6741.902483864722,2890.2774026205643,929.1643532986693,4901.530373260988,3841.844063441461,-1,0.0,0.0
causal_42_grid25,178,2025-06-28,6,2,causal_season,42,36199.693994457004,36199.693994457004,152.01939695968343,110,13302.80412758643,0.0,0.0,21298.01182480385,20633.18526235882,664.8265624450329,0,21514.098359682594,5,0.8948716221652175,2319.9810123794705,2459.837033976904,-1,0.0,7.958078640513122e-13,0.006138832890428603,0.1327272499911487,0.00035758293233811855,0.13922366581391543,11393.04075342309,10121.057606259505,6,36,29,65,63,65662.21475650267,65662.21475650267,6863.018665824237,3047.6179691290204,896.4207649867747,4933.273238119113,3699.864862397004,-1,0.0,0.0
causal_42_grid25,179,2025-06-29,6,2,causal_season,42,80158.87713447545,80158.87713447545,374.4235350327704,140,9730.443003127084,0.0,0.0,51513.12830712726,50058.0624403736,1455.0658667536604,0,35774.62095307511,9,1.4893069653509134,2459.837033976904,2111.5686793665764,-1,0.0,9.094947017729282e-13,0.0059757090639323,0.11855833302251995,0.0003472079988569021,0.12488125008530915,18654.855043061452,17119.76591001366,10,24,45,69,68,103677.04007794952,108674.46946864398,8369.156241424991,4901.530373260988,1490.6092063781296,4997.429390694446,4730.397001075551,-1,0.0,0.0
causal_42_grid25,180,2025-06-30,6,2,causal_season,42,79879.99803445795,79879.99803445795,687.4227802833051,230,8799.135603002367,0.0,0.0,52205.95379735209,49718.902169729336,2487.0516276227536,0,37906.63644213675,9,1.5774835251666002,2111.5686793665764,2006.9387619583795,-1,0.0,9.094947017729282e-13,0.005118874949403107,0.12136291596107185,0.0005048329476267099,0.12698662385810167,19898.61883527115,18008.017606865593,10,26,48,74,74,109601.13625683635,114575.71598176392,8769.170800693551,4901.530373260988,1579.4431850890312,4986.477503632257,4980.587314765197,-1,0.0,0.0
causal_42_grid25,181,2025-07-01,7,2,causal_season,42,83021.09886539975,83021.09886539975,3956.6258162058884,590,6948.182616024966,0.0,0.0,66292.9969996328,51823.474526036574,14469.522473596226,0,37407.54913308874,9,1.5582571939325955,2006.9387619583795,1200.0,-1,0.0,9.094947017729282e-13,0.0059545839903876185,0.12300737504847348,0.00031925004441291094,0.129281209083274,19285.273582668033,18122.2755504207,10,28,41,69,61,106830.4399985619,110986.9880844781,8509.213002059518,4835.679891408568,1558.647880545364,4901.530373260988,4980.587314765197,-1,0.0,0.0
causal_42_grid25,182,2025-07-02,7,2,causal_season,42,79161.99547857762,79161.99547857762,4640.065702417089,670,9076.26100628134,0.0,0.0,66329.03479063706,48681.48137858441,17647.55341205265,0,34599.64235288722,9,1.4396536323993547,1200.0,1200.0,-1,0.0,7.460698725481052e-13,0.005490499897859991,0.11418495792895555,0.0003964999923482537,0.1200719578191638,18210.338080466958,16389.30427242026,10,27,37,64,60,85832.25413573062,90269.79046891468,7405.9220048929155,4690.415633577177,1441.6517647036342,4901.530373260988,4980.587314765197,-1,0.0,0.0
causal_42_grid25,183,2025-07-03,7,2,causal_season,42,76279.42674970604,76279.42674970604,6477.197977900935,890,944.0464340290628,0.0,0.0,74424.38500931587,46860.62921566804,27563.75579364783,0,38991.02784464673,7,1.622374425001705,1200.0,1200.0,-1,0.0,7.958078640513122e-13,0.005137875094078481,0.11489187506958842,0.00032275007106363773,0.12035250023473054,20521.59360244565,18469.43424220108,8,28,48,76,72,89729.95994547382,94157.88115753875,8140.024435236466,4365.04947163502,1624.626160193614,4901.530373260988,4980.587314765197,-1,0.0,0.0
causal_42_grid25,184,2025-07-04,7,2,causal_season,42,37594.293869983165,37594.293869983165,3980.809931117458,780,11410.003523928379,0.0,0.0,35610.35106552094,21701.558965118766,13908.792100402175,0,23999.251987460393,5,0.9985365064348174,1200.0,1221.1435899087653,-1,0.0,9.094947017729282e-13,0.005110000027343631,0.13403483293950558,0.00037366594187915325,0.13951849890872836,12641.742398982984,11357.50958847741,6,39,26,65,57,63868.19959900831,68716.80061874985,7356.149536551313,3509.1100992704833,999.9688328108496,4901.530373260988,4269.0748412273115,-1,0.0,0.0
causal_42_grid25,185,2025-07-05,7,2,causal_season,42,38785.38062095858,38785.38062095858,2784.8837710274634,660,11445.10046485519,0.0,0.0,33463.81384897811,21930.851067255728,11532.962781722385,0,24931.895780298204,5,1.0373389290273316,1221.1435899087653,1244.054263545304,-1,0.0,5.684341886080801e-13,0.005765707930549979,0.12146583397407085,0.0003376660170033574,0.12756920792162418,13133.489870381198,11798.405909917004,6,42,26,68,52,66829.95817177834,71373.15248777565,7810.825820615897,3427.408793705543,1038.8289908457582,4811.624679940684,4269.0748412273115,-1,0.0,0.0
causal_42_grid25,186,2025-07-06,7,2,causal_season,42,78523.83432861842,78523.83432861842,5648.457315593938,860,2313.0338271767955,0.0,0.0,72677.80062254911,48187.40382578586,24490.396796763252,0,40076.11995434261,7,1.6676205423039923,1244.054263545304,1200.0,-1,0.0,9.094947017729282e-13,0.005363042000681162,0.11806079198140651,0.0003288340521976352,0.1237526680342853,21070.69811068909,19005.421843653523,8,30,47,77,69,96544.00865911497,101365.6994513427,7900.810070995025,4708.618350023107,1669.8383314309422,4901.530373260988,4980.587314765197,-1,0.0,0.0
causal_42_grid25,187,2025-07-07,7,2,causal_season,42,83960.66348059376,83960.66348059376,2176.5121907732937,480,10840.417558391127,0.0,0.0,60548.88455278939,52119.3473075602,8429.53724522919,0,34881.390507032906,9,1.4512639642345633,1200.0,1251.4840450364336,-1,0.0,9.094947017729282e-13,0.005080208997242153,0.11304479092359543,0.00033670791890472174,0.1184617078397423,18384.33292667108,16497.057580361827,10,25,34,59,56,94332.24900976187,99233.77938302286,9289.139078915527,4872.973731098903,1453.3912711263708,4901.530373260988,4980.587314765197,-1,0.0,0.0
causal_42_grid25,188,2025-07-08,7,2,causal_season,42,95521.1144150001,95521.1144150001,206.5492370852509,110,17264.33256420884,0.0,0.0,61024.27304595792,60150.66926624604,873.603779711887,0,37120.54582732686,9,1.5424853146711042,1251.4840450364336,2191.0173730865995,-1,0.0,9.094947017729282e-13,0.005088125006295741,0.10985170910134912,0.00030666706152260303,0.11524650116916746,20006.24494926835,17114.300878058508,10,26,41,67,60,106542.7151247448,111434.859573075,8575.15200137694,4901.530373260988,1546.6894094719528,4901.530373260988,4904.177463996024,-1,0.0,0.0
causal_42_grid25,189,2025-07-09,7,2,causal_season,42,93770.39038910039,93770.39038910039,31.197058291136614,10,17726.096998029963,0.0,0.0,60097.09541321315,60029.132621725905,67.9627914872411,0,34068.51040726603,9,1.4170625874114615,2191.0173730865995,2415.0137701281956,-1,0.0,6.821210263296962e-13,0.004963999963365495,0.11963787500280887,0.0004148749867454171,0.12501674995291978,18042.637919980472,16025.872487285567,10,24,35,59,56,107651.85788711032,112610.19938120706,8542.544898374385,4901.530373260988,1419.5212669694183,4958.341494096735,4861.616990723893,-1,0.0,0.0
causal_42_grid25,190,2025-07-10,7,2,causal_season,42,90654.25857284624,90654.25857284624,171.85636171965598,60,16639.2400697516,0.0,0.0,58240.314175832784,57590.69629959558,649.6178762372136,0,34493.61850071728,9,1.436301023253692,2415.0137701281956,1932.1423855783687,-1,0.0,9.094947017729282e-13,0.00579437508713454,0.11847112502437085,0.0003220830112695694,0.12458758312277496,17913.434991099122,16580.183509618157,10,23,38,61,60,105072.52089196883,110037.20972849564,8515.54129139974,4901.530373260988,1437.2341041965535,4964.688836526815,4898.212402789524,-1,0.0,0.0
causal_42_grid25,191,2025-07-11,7,2,causal_season,42,49991.84674563723,49991.84674563723,10.49562125069118,30,15290.473632329446,0.0,0.0,30236.26599790334,30199.839786286946,36.42621161639612,0,23780.167566930464,5,0.9873994415713745,1932.1423855783687,2874.9529408205863,-1,0.0,6.341593916658894e-13,0.005244416068308055,0.1178860830841586,0.00032604194711893797,0.12345654109958559,12986.629575744464,10793.537991185996,6,37,25,62,63,54555.46370949886,59411.82167005028,8550.349873810028,2766.9929526473366,990.8403152887693,4901.530373260988,4426.251264843321,-1,0.0,0.0
causal_42_grid25,192,2025-07-12,7,2,causal_season,42,50559.44277146638,50559.44277146638,11.521654296913852,10,18667.944720971333,0.0,0.0,30252.696966670563,30203.620480192858,49.07648647770455,0,22403.68014736982,5,0.9329842286444344,2874.9529408205863,2514.0880924709904,-1,0.0,9.094947017729282e-13,0.005560916964896023,0.11762862501200289,0.0003210419090464711,0.12351058388594538,11611.228259414227,10792.451887955596,6,38,25,63,61,60229.02942115582,65130.85742280034,8481.814707219202,3130.6548835666977,933.486672807076,4901.82800164452,4346.407197229702,-1,0.0,0.0
causal_42_grid25,193,2025-07-13,7,2,causal_season,42,90495.74928097642,90495.74928097642,118.09894610125912,50,20096.307750762273,0.0,0.0,57992.63403295266,57550.69575054066,441.9382824119962,0,32654.222408440484,9,1.359736364242137,2514.0880924709904,2044.6141923426517,-1,0.0,9.094947017729282e-13,0.00519612489733845,0.11692879104521126,0.0003054579719901085,0.12243037391453981,16952.021242377945,15702.201166062536,10,22,33,55,54,103675.84472349184,108595.66495497507,8587.752845341798,4901.530373260988,1360.5926003516868,4919.820231483226,4980.587314765197,-1,0.0,0.0
causal_42_grid25,194,2025-07-14,7,2,causal_season,42,88767.88631027268,88767.88631027268,72.30953485399627,70,15529.179993206337,0.0,0.0,56571.593130055146,56275.22246159805,296.3706684571001,0,31853.892940807702,9,1.3257862908532927,2044.6141923426517,1871.1897799096755,-1,0.0,8.881784197001252e-13,0.004909666953608394,0.10877912503201514,0.00029850006103515625,0.1139872920466587,16678.61478803069,15175.27815277701,10,23,35,58,56,97402.12525071311,102337.7184624477,8799.6160149156,4901.530373260988,1327.2455392003208,4935.593211734581,4913.361890823779,-1,0.0,0.0
causal_42_grid25,195,2025-07-15,7,2,causal_season,42,87071.32380787043,87071.32380787043,69.05936434073615,60,12648.057400705637,0.0,0.0,54811.88664845029,54597.36074955521,214.5258988950662,0,33907.5903525313,9,1.4109488708152627,1871.1897799096755,1829.7975798533798,-1,0.0,9.094947017729282e-13,0.004883041023276746,0.10913674999028444,0.0003010000800713897,0.11432079109363258,17825.43277035175,16082.157582179549,10,25,37,62,57,95531.88932734035,100365.87429191865,8825.160810694237,4718.823812879083,1412.816264688804,4901.530373260988,4957.0225287509675,-1,0.0,0.0
causal_42_grid25,196,2025-07-16,7,2,causal_season,42,86449.43482522346,86449.43482522346,339.0853901189139,140,13033.109979421431,0.0,0.0,55325.2439586791,54210.47427838799,1114.7696802911091,0,34132.27379908765,7,1.4205925304125069,1829.7975798533798,1653.965265382424,-1,0.0,9.094947017729282e-13,0.004896290949545801,0.10914537508506328,0.0003129170509055257,0.1143545830855146,17876.560325837625,16255.713473250024,8,27,34,61,57,92303.3704506821,97163.14699030918,9096.46162118636,4593.94003636707,1422.1780749619854,4901.530373260988,4980.587314765197,-1,0.0,0.0
causal_42_grid25,197,2025-07-17,7,2,causal_season,42,87118.91516333645,87118.91516333645,634.9119458183942,130,12847.619302498293,0.0,0.0,57829.174453657404,54851.45856635929,2977.7158872981117,0,36122.73815561448,7,1.5024030205482428,1653.965265382424,1938.9552570532544,-1,0.0,9.094947017729282e-13,0.0047170419711619616,0.10821812506765127,0.00030116597190499306,0.11323633301071823,19154.26494780219,16968.47320781229,8,25,39,64,60,96981.05913677826,101716.95385535383,9120.631985644075,4878.7523808629785,1505.11408981727,4901.530373260988,4980.587314765197,-1,0.0,0.0
causal_42_grid25,198,2025-07-18,7,2,causal_season,42,50199.78018688014,50199.78018688014,7.029651442678215,10,17044.081836029647,0.0,0.0,30180.959938184704,30153.463456566667,27.49648161803584,0,22807.061385032357,5,0.9474660109172631,1938.9552570532544,2628.0185506415496,-1,0.0,6.821210263296962e-13,0.0050482910592108965,0.10967145906761289,0.00030687497928738594,0.11502662510611117,12347.770643662763,10459.290741369594,6,39,25,64,60,56045.8220357002,61017.205496726776,8780.34671567487,2339.3136337647356,950.2942243763482,4971.383461026579,4395.781078448987,-1,0.0,0.0
causal_42_grid25,199,2025-07-19,7,2,causal_season,42,50798.54916742092,50798.54916742092,7.497518508603207,10,22932.791626688293,0.0,0.0,29969.390597814476,29953.360903243083,16.029694571393655,0,21528.97762551612,5,0.8967695447704558,2628.0185506415496,2184.7360839207663,-1,0.0,7.958078640513122e-13,0.004901416948996484,0.11334366700612009,0.00029029196593910456,0.11853537592105567,11109.706817378674,10419.270808137446,6,23,22,45,45,63562.480295067144,68444.91967780842,8475.68031211802,3773.5283934474987,897.0407343965051,4901.530373260988,4422.111403616544,-1,0.0,0.0
causal_42_grid25,200,2025-07-20,7,2,causal_season,42,86353.0480817199,86353.0480817199,369.06419795872404,130,13222.372493322462,0.0,0.0,56009.581928805455,54449.9214032618,1559.6605255436616,0,33636.69025947079,9,1.40037810534933,2184.7360839207663,1823.6450617930623,-1,0.0,9.094947017729282e-13,0.004834791994653642,0.110114875016734,0.00030991598032414913,0.1152595829917118,17523.225914580136,16113.464344890657,10,28,36,64,62,98596.4704448549,103594.53829976398,9046.384632551302,4901.530373260988,1401.528760811283,4998.06785490908,4934.34818289249,-1,0.0,0.0
causal_42_grid25,201,2025-07-21,7,2,causal_season,42,87541.52783718152,87541.52783718152,95.34399060982787,60,11765.644960673118,0.0,0.0,55626.390608850124,55173.26483564979,453.12577320032324,0,35960.76451727951,9,1.4963130339689679,1823.6450617930623,1812.4352253560614,-1,0.0,7.673861546209082e-13,0.004838500055484474,0.11292245797812939,0.00029395800083875656,0.11805491603445262,18921.121017198868,17039.64350008064,10,25,37,62,57,103736.68414310137,108646.78389800778,8746.16966383945,4901.530373260988,1498.3651882199795,4910.099754906404,4960.318989200041,-1,0.0,0.0
causal_42_grid25,202,2025-07-22,7,2,causal_season,42,88798.76279235064,88798.76279235064,384.48657322092674,50,13608.86350172794,0.0,0.0,57895.192587877056,56252.52506487994,1642.667522997119,0,34488.5081857288,9,1.43510839274238,1812.4352253560614,1776.4419444176272,-1,0.0,9.094947017729282e-13,0.004829499986954033,0.11321654100902379,0.0003312920453026891,0.11837733304128051,18133.87471645288,16354.63346927592,10,25,39,64,64,110227.46898150517,115208.46596708932,9270.667490029824,4901.530373260988,1437.0211744053668,4980.996985584142,4977.2062137335515,-1,0.0,0.0
causal_42_grid25,203,2025-07-23,7,2,causal_season,42,86254.0756190008,86254.0756190008,466.31992387892603,160,10599.544438600997,0.0,0.0,56602.48029991149,54421.30684310429,2181.173456807195,0,37220.833633717906,7,1.5488386563917045,1776.4419444176272,1721.6787863002605,-1,0.0,9.094947017729282e-13,0.005370666040107608,0.1109594579320401,0.00031383300665766,0.11664395697880536,19562.568810664983,17658.264823052923,8,30,37,67,60,100096.14914424875,104988.5598602716,9196.582209887303,4828.897455928562,1550.8680680715795,4901.530373260988,4980.587314765197,-1,0.0,0.0
causal_42_grid25,204,2025-07-24,7,2,causal_season,42,86905.21725954165,86905.21725954165,673.6704129497144,150,12041.237179892887,0.0,0.0,57803.9978811372,54868.1694192022,2935.828461934994,0,34167.527315523395,9,1.421403929513915,1721.6787863002605,1844.7369263901005,-1,0.0,9.094947017729282e-13,0.004863124922849238,0.11401266604661942,0.0003039590083062649,0.11917974997777492,18044.35290406094,16123.174411462454,10,26,38,64,62,107676.21101512862,112598.74658816427,9263.659306468071,4885.718984960147,1423.6469714801415,4922.5355730356505,4824.670060799083,-1,0.0,0.0
causal_42_grid25,205,2025-07-25,7,2,causal_season,42,49183.47464156625,49183.47464156625,92.85376666666662,20,21103.608549485874,0.0,0.0,29357.672718685095,29001.72831671843,355.9444019666664,0,22921.341199884788,5,0.9527197753042762,1844.7369263901005,2306.390692596492,-1,0.0,8.810729923425242e-13,0.004917207988910377,0.11195508297532797,0.0002947909524664283,0.11716708191670477,12294.370745982582,10626.970453902202,6,34,23,57,49,57647.08518993216,62581.902163393956,8209.78636004449,3156.542498791566,955.0558833285328,4934.816973461802,4284.465833477543,-1,0.0,0.0
causal_42_grid25,206,2025-07-26,7,2,causal_season,42,49346.05588745274,49346.05588745274,19.38455828019022,10,19269.311503190933,0.0,0.0,29799.772695758576,29744.44916642691,55.32352933166288,0,22384.489363809545,5,0.930408540551105,2306.390692596492,2755.920098002318,-1,0.0,9.094947017729282e-13,0.004830457968637347,0.10865604190621525,0.00030258402694016695,0.11378908390179276,12005.763369842436,10378.725993967108,6,36,22,58,60,60100.60384513004,64961.71592952925,8252.148862353253,2975.760513158761,932.6870568253976,4901.530373260988,4382.8442,-1,0.0,0.0
causal_42_grid25,207,2025-07-27,7,2,causal_season,42,83548.25873666554,83548.25873666554,302.2271007850823,170,9265.878835022671,0.0,0.0,54043.53182341361,52672.0748146624,1371.4570087512116,0,38181.40832339646,7,1.5911249097191806,2755.920098002318,1644.2487151177938,-1,0.0,9.094947017729282e-13,0.005045957979746163,0.1118731249589473,0.00032191607169806957,0.11724099901039153,19540.41276291221,18640.995560484254,8,28,38,66,61,98851.11665554163,103715.20504148514,9230.396756295271,4859.7912745605045,1590.8920134748525,4901.530373260988,4980.587314765197,-1,0.0,0.0
causal_42_grid25,208,2025-07-28,7,2,causal_season,42,86680.74569575879,86680.74569575879,436.04408709069753,180,7007.972346210292,0.0,0.0,56550.8549703258,54640.22493687664,1910.6300334491589,0,38009.10622618887,9,1.5811807260781818,1644.2487151177938,1797.922635730394,-1,0.0,8.810729923425242e-13,0.005234500044025481,0.1286387499421835,0.00037150003481656313,0.13424475002102554,20081.52321474736,17927.58301144151,10,28,40,68,64,105446.2887541519,110384.19344681341,9173.307740197444,4880.315725652569,1583.7127594245367,4937.904692661517,4883.664330968149,-1,0.0,0.0
causal_42_grid25,209,2025-07-29,7,2,causal_season,42,88745.45313193795,88745.45313193795,101.79110491452408,60,11157.18549822142,0.0,0.0,56705.96680556862,56147.95089497024,558.0159105983785,0,36002.041257082994,9,1.498607711732042,1797.922635730394,1523.5108123225,-1,0.0,9.094947017729282e-13,0.005771666998043656,0.13320699997711927,0.00036762491799890995,0.13934629189316183,18811.42702285702,17190.614234225977,10,26,43,69,69,108642.79652774546,113557.46530625007,9110.360837329816,4901.530373260988,1500.0850523784584,4914.668778504603,4980.587314765197,-1,0.0,0.0
causal_42_grid25,210,2025-07-30,7,2,causal_season,42,86125.35385334445,86125.35385334445,273.858669508485,110,9978.615355876256,0.0,0.0,55360.724107492664,54250.289950163125,1110.4341573295396,0,36613.92474000601,9,1.5226086434041521,1523.5108123225,1914.3469584731397,-1,0.0,9.094947017729282e-13,0.006366165936924517,0.13867175008635968,0.00041112489998340607,0.1454490409232676,19465.633928491337,17148.290811514667,10,25,37,62,59,103647.12853788296,108558.07736099267,9032.341813467277,4901.530373260988,1525.5801975002503,4910.9488231097,4781.337253160844,-1,0.0,0.0
causal_42_grid25,211,2025-07-31,7,2,causal_season,42,86127.95322770157,86127.95322770157,595.8743698119102,160,10228.572271541072,0.0,0.0,57226.44244256428,54540.057985559484,2686.384457004797,0,36251.814537850325,9,1.508635307508929,1914.3469584731397,1806.4662560697261,-1,0.0,7.958078640513122e-13,0.006833916995674372,0.15207695891149342,0.0004645000444725156,0.1593753759516403,19026.036798578025,17225.7777392723,10,25,38,63,60,107597.49600474934,112566.4021284768,9242.843435094466,4901.530373260988,1510.4922724104301,4968.906123727461,4980.587314765197,-1,0.0,0.0
causal_42_grid25,212,2025-08-01,8,2,causal_season,42,47077.595939924046,47077.595939924046,62.53369550200341,40,24438.876425481365,0.0,0.0,27883.4660616827,27658.05949238597,225.40656929672826,0,22337.693615083794,5,0.928845023967438,1806.4662560697261,2081.072318909946,-1,0.0,9.094947017729282e-13,0.007783249951899052,0.23021220800001174,0.0005595830734819174,0.2385550410253927,11893.793579180907,10443.900035902887,6,34,24,58,54,63898.05641041671,68758.69058944925,8040.286220770781,3520.5813479958624,930.7372339618248,4901.530373260988,4273.001526307458,-1,0.0,0.0
causal_42_grid25,213,2025-08-02,8,2,causal_season,42,44674.969614590955,44674.969614590955,95.00095661373564,30,22575.22283385713,0.0,0.0,26638.12987075072,26287.333374534843,350.79649621587475,0,22503.00387616914,5,0.9361425631521735,2081.072318909946,2164.542187271476,-1,0.0,8.810729923425242e-13,0.009510749951004982,0.23139854101464152,0.0007217499660328031,0.2416310409316793,11885.36334009168,10617.640536077455,6,38,24,62,37,48811.31139048728,53041.98151484592,8071.630624718631,3426.42255720438,937.6251615070474,4901.530373260988,4281.28992207197,-1,0.0,0.0
causal_42_grid25,214,2025-08-03,8,2,causal_season,42,79194.53830601383,79194.53830601383,396.05031947413096,170,15883.864653861427,0.0,0.0,51205.49681892459,49649.2043089004,1556.2925100241887,0,32572.617922349946,5,1.3571716052095872,2164.542187271476,1316.2621459840807,-1,0.0,9.094947017729282e-13,0.012671292060986161,0.24863549997098744,0.0005503749707713723,0.261857167002745,16719.930955321575,15852.68696702837,6,25,30,55,48,83489.56388224164,88457.2352706339,9122.740691118957,4740.211176745719,1357.1924134312476,4967.67138839226,4980.587314765197,-1,0.0,0.0
causal_42_grid25,215,2025-08-04,8,2,causal_season,42,77116.7005640826,77116.7005640826,520.5891578667961,210,10021.161237342783,0.0,0.0,50100.66136843073,48120.32853539984,1980.3328330308755,0,34632.29594994237,7,1.4401828280384499,1316.2621459840807,1694.5073775064216,-1,0.0,9.094947017729282e-13,0.00967500009573996,0.24253362498711795,0.000720792100764811,0.2529294171836227,18416.38467560782,16215.911274334543,8,28,33,61,57,83558.54957418315,88515.34298854886,9312.907709195877,4579.561888293601,1443.0123312475985,4956.793414365697,4980.587314765197,-1,0.0,0.0
causal_42_grid25,216,2025-08-05,8,2,causal_season,42,77095.56962828476,77095.56962828476,289.04085313712415,150,10429.22545579091,0.0,0.0,49351.99470703662,48272.521266578464,1079.4734404581484,0,34750.774600810386,7,1.4459989867803225,1694.5073775064216,1668.5585678158277,-1,0.0,9.094947017729282e-13,0.012012791936285794,0.23543412506114691,0.0005565410247072577,0.24800345802213997,18276.924946554012,16473.84965425637,8,30,34,64,61,87879.19299596883,92776.36548265662,9227.384497417013,4815.923413194637,1447.948941700433,4901.530373260988,4980.587314765197,-1,0.0,0.0
causal_42_grid25,217,2025-08-06,8,2,causal_season,42,77504.33709038302,77504.33709038302,1427.14503320642,310,9202.475410904979,0.0,0.0,53883.10860521342,48151.56121926448,5731.547385948951,0,33788.936283919815,7,1.406280647223522,1668.5585678158277,1504.5736628440918,-1,0.0,9.094947017729282e-13,0.00916187500115484,0.17991724994499236,0.0006250409642234445,0.18970416591037065,17701.771864968803,16087.16441895101,8,26,34,60,58,88206.63959894984,93148.90916640182,9069.870873907326,4585.30260724415,1407.8723451633257,4942.269567451984,4980.587314765197,-1,0.0,0.0
causal_42_grid25,218,2025-08-07,8,2,causal_season,42,78343.69831105677,78343.69831105677,459.94660104018647,200,13628.520353452632,0.0,0.0,50637.99638267046,49115.16374403794,1522.8326386325255,0,35375.07350956452,7,1.472082540503304,1504.5736628440918,1429.7633099982413,-1,0.0,9.094947017729282e-13,0.007562416954897344,0.15431300003547221,0.0003740409156307578,0.16224945790600032,18581.10640910442,16793.967100460104,8,33,32,65,58,86283.2296090866,90817.13173474796,9056.97444545004,4643.308105417105,1473.9613962318554,4901.530373260988,4980.587314765197,-1,0.0,0.0
causal_42_grid25,219,2025-08-08,8,2,causal_season,42,41736.84621874111,41736.84621874111,291.26187143020945,140,24711.085770232166,0.0,0.0,25260.7933997728,24198.356297085105,1062.4371026876966,0,24309.404434697673,5,1.010911724824468,1429.7633099982413,1692.53624509638,-1,0.0,6.536993168992922e-13,0.006028000032529235,0.13206166599411517,0.00038074993062764406,0.13847041595727205,12925.627752318418,11383.776682379255,6,43,26,69,42,57911.71034306981,62783.11489873901,7581.912601118348,3557.5623676894265,1012.8918514457364,4901.530373260988,4269.0748412273115,-1,0.0,0.0
causal_42_grid25,220,2025-08-09,8,2,causal_season,42,40843.63823725566,40843.63823725566,442.9418637590428,180,20956.94705583538,0.0,0.0,25286.43483694808,23773.79874995084,1512.6360869972398,0,23710.065531352404,5,0.9861992009814979,1692.53624509638,1852.563903077406,-1,0.0,7.958078640513122e-13,0.005773084005340934,0.13337429193779826,0.00036270800046622753,0.13951008394360542,12558.884788265863,11151.180743086537,6,43,25,68,44,69654.31826076117,74603.05356480753,7752.675393165133,3609.5821457692973,987.9193971396833,4948.735304046368,4159.023757684003,-1,0.0,0.0
causal_42_grid25,221,2025-08-10,8,2,causal_season,42,77162.63788365718,77162.63788365718,297.9501739819782,150,10655.669767277665,0.0,0.0,49422.12182636988,48347.349453794435,1074.7723725754472,0,33233.14762344669,7,1.3833416687888893,1852.563903077406,1603.4047755638912,-1,0.0,9.094947017729282e-13,0.005802999949082732,0.12739937496371567,0.00031849998049438,0.13352087489329278,17366.723431904094,15866.424191542594,8,32,32,64,58,85664.50671984215,90549.8215462541,9312.907709195877,4627.363140885859,1384.7144843102787,4901.530373260988,4980.587314765197,-1,0.0,0.0
causal_42_grid25,222,2025-08-11,8,2,causal_season,42,77522.91462472586,77522.91462472586,436.4853526427694,150,11803.1753084405,0.0,0.0,50453.61028799045,48493.78113791761,1959.8291500728342,0,36135.83546586524,7,1.50424695628898,1603.4047755638912,1296.0640591442439,-1,0.0,8.384404281969182e-13,0.005136457970365882,0.11566400004085153,0.0003305829595774412,0.12113104097079486,18865.403400730025,17270.432065135217,8,30,36,66,59,87203.14207191605,92083.13875376988,9265.342949429963,4850.04071609537,1505.6598110777184,4901.530373260988,4980.587314765197,-1,0.0,0.0
causal_42_grid25,223,2025-08-12,8,2,causal_season,42,75745.14760090188,75745.14760090188,834.0491438139919,270,6976.4951180409935,0.0,0.0,51259.952222570544,47296.594392499566,3963.357830070977,0,33580.943166488745,7,1.3971025321225803,1296.0640591442439,1370.9077078756977,-1,0.0,7.958078640513122e-13,0.005176499951630831,0.11921862501185387,0.0003416669787839055,0.12473679194226861,17711.550571581807,15869.392594906934,8,29,37,66,64,86826.00814298449,91752.43159192528,9199.379510265011,4832.233723512615,1399.2059652703642,4926.423448940792,4980.587314765197,-1,0.0,0.0
causal_42_grid25,224,2025-08-13,8,2,causal_season,42,77189.96274495355,77189.96274495355,391.70346271189794,220,9516.268579668678,0.0,0.0,50182.180720421966,48248.452211119395,1933.7285093025719,0,34704.58182604922,7,1.4437612238192459,1370.9077078756977,1488.9325303054343,-1,0.0,7.034373084024992e-13,0.005561541998758912,0.13255416706670076,0.0003959579626098275,0.1385116670280695,18324.500002022993,16380.081824026227,8,27,34,61,60,83576.65463891235,88504.06694010047,9141.249127470906,4768.110910833673,1446.024242752051,4927.4123011881165,4980.587314765197,-1,0.0,0.0
causal_42_grid25,225,2025-08-14,8,2,causal_season,42,75206.15765738525,75206.15765738525,1257.597110710975,350,8455.298786847843,0.0,0.0,52788.7347959109,46750.94803165449,6037.786764256411,0,37136.64663134966,5,1.5449354086417437,1488.9325303054343,1616.7142849762695,-1,0.0,7.958078640513122e-13,0.005607916973531246,0.12969583400990814,0.00032708398066461086,0.135630834964104,19609.40581463235,17527.240816717305,6,28,33,61,51,85270.06864799283,90241.59584559324,8628.338154993446,4869.907596659306,1547.3602763062356,4971.52719760042,4980.587314765197,-1,0.0,0.0
causal_42_grid25,226,2025-08-15,8,2,causal_season,42,41131.52625575673,41131.52625575673,439.625897477768,190,23059.066681669727,0.0,0.0,25433.676248349424,23895.170912403097,1538.5053359463263,0,24452.338222239705,5,1.0172916956459923,1616.7142849762695,1682.1984648237967,-1,0.0,9.094947017729282e-13,0.005388875026255846,0.120471749920398,0.0003361670533195138,0.12619679199997336,12902.348405235574,11549.98981700413,6,42,25,67,44,65497.49925329913,70451.43308959625,7736.807071515296,3595.3006562844444,1018.8474259266544,4953.9338362971175,4142.132883455932,-1,0.0,0.0
causal_42_grid25,227,2025-08-16,8,2,causal_season,42,41139.31555789952,41139.31555789952,296.31026468749945,130,23413.262677871287,0.0,0.0,25436.37424574752,23769.755193729714,1666.6190520178088,0,24008.89436834484,5,0.9993586003965886,1682.1984648237967,1511.4185221352664,-1,0.0,6.821210263296962e-13,0.0055542499758303165,0.11430133308749646,0.0002976669929921627,0.12015325005631894,12550.988573196953,11457.90579514789,6,44,25,69,41,64751.564832267686,69607.56811652907,7810.825820615897,3310.3416122336503,1000.3705986810351,4901.530373260988,4196.36,-1,0.0,0.0
causal_42_grid25,228,2025-08-17,8,2,causal_season,42,73855.37265935847,73855.37265935847,710.3026943444015,260,9471.63556875761,0.0,0.0,49762.989474963266,46618.29151984218,3144.6979551210816,0,35071.2426707396,5,1.4590945988445392,1511.4185221352664,1594.3247211685052,-1,0.0,9.094947017729282e-13,0.005157292005605996,0.11128783295862377,0.000294207944534719,0.11673933290876448,18499.944419509102,16571.298251230503,6,34,31,65,59,91731.00824298622,96718.43542433465,8772.91038697996,4885.718984960147,1461.3017779474835,4987.427181348426,4980.587314765197,-1,0.0,0.0
causal_42_grid25,229,2025-08-18,8,2,causal_season,42,75357.15520653619,75357.15520653619,416.59812377658534,180,9353.725144504124,0.0,0.0,49275.9808124498,47405.92961603342,1870.051196416382,0,34987.481646405955,7,1.4553861126838765,1594.3247211685052,1779.0469132052935,-1,0.0,9.094947017729282e-13,0.004741374985314906,0.10890650004148483,0.00030554202385246754,0.1139534170506522,18506.69710777397,16480.78453863199,8,32,33,65,59,91125.96594772936,95826.55565929913,8632.052455072433,4661.696807805259,1457.811735266915,4901.530373260988,4980.587314765197,-1,0.0,0.0
causal_42_grid25,230,2025-08-19,8,2,causal_season,42,75860.39001221117,75860.39001221117,338.11135102549224,150,10238.408815172683,0.0,0.0,49399.093260760725,47996.14759812579,1402.9456626349322,0,32694.279448948375,7,1.3605455369587207,1779.0469132052935,1700.619160298162,-1,0.0,9.094947017729282e-13,0.00490404199808836,0.10866529203485698,0.00030274991877377033,0.1138720839517191,17168.35597350618,15525.92347544219,8,29,33,62,60,82265.34507299779,87141.28051981531,9084.03484289872,4716.041409685414,1362.2616437061822,4901.530373260988,4980.587314765197,-1,0.0,0.0
causal_42_grid25,231,2025-08-20,8,2,causal_season,42,75267.64838031144,75267.64838031144,1777.0684090648697,380,4595.348946320487,0.0,0.0,55891.10535920211,47476.831576075005,8414.273783127104,0,38387.251144724476,7,1.5977388003379382,1700.619160298162,1478.6065876099515,-1,0.0,8.810729923425242e-13,0.004620874999091029,0.10989199997857213,0.00029937492217868567,0.11481224989984185,20092.963960556815,18294.28718416766,8,39,38,77,77,103534.07741622278,108431.69187592588,9312.907709195877,4585.30260724415,1599.4687976968532,4901.530373260988,4980.587314765197,-1,0.0,0.0
causal_42_grid25,232,2025-08-21,8,2,causal_season,42,79588.30149539854,79588.30149539854,418.7590916345982,140,12453.11373835048,0.0,0.0,51481.90812812101,49980.958315406555,1500.9498127144623,0,32125.356923745723,9,1.3366601865374086,1478.6065876099515,1497.3526759316374,-1,0.0,9.094947017729282e-13,0.00459825003053993,0.1089187499601394,0.0002877078950405121,0.11380470788571984,16917.44264454752,15207.914279198203,10,26,34,60,61,97651.15391539672,102435.54397170905,9108.86355497338,4811.379880247718,1338.556538489405,4901.530373260988,4947.895377243054,-1,0.0,0.0
causal_42_grid25,233,2025-08-22,8,2,causal_season,42,40571.47176542134,40571.47176542134,975.0815336675511,300,19090.50097135589,0.0,0.0,27381.266020166568,23374.090299990192,4007.175720176375,0,24432.021788046153,5,1.0167226249189831,1497.3526759316374,1436.8558713880166,-1,0.0,7.958078640513122e-13,0.004120833007618785,0.10470879205968231,0.0002767920959740877,0.10910641716327518,12828.752357889576,11603.269430156577,6,44,25,69,42,71469.78611486935,76388.05963565156,7774.49433855921,3557.5623676894265,1018.0009078352564,4918.273520782207,4269.0748412273115,-1,0.0,0.0
causal_42_grid25,234,2025-08-23,8,2,causal_season,42,42111.66451935578,42111.66451935578,151.2572061093577,90,18015.182441248147,0.0,0.0,25181.449922415217,24674.63382892806,506.8160934871495,0,24085.35414879623,5,1.0011770977508299,1436.8558713880166,1887.5634689023532,-1,0.0,6.821210263296962e-13,0.004271457903087139,0.10164729098323733,0.0002775409957394004,0.10619628988206387,12901.54364150661,11183.810507289623,6,42,24,66,43,63245.09693755098,68229.75807935608,7728.84758259394,3430.4177399014525,1003.5564228665096,4984.661141805099,4179.648015665826,-1,0.0,0.0
causal_42_grid25,235,2025-08-24,8,2,causal_season,42,76633.0843975688,76633.0843975688,500.20263389325544,220,11753.231131439892,0.0,0.0,50419.5482794527,48314.93311331936,2104.615166133332,0,34886.58127556257,7,1.4520093691473104,1887.5634689023532,1697.6307818886694,-1,0.0,7.176481631177012e-13,0.004306832910515368,0.10505587491206825,0.0002899169921875,0.10965262481477112,18266.523846125696,16620.057429436863,8,26,36,62,58,88688.66527187859,93587.9324149237,9298.86518330885,4901.530373260988,1453.60755314844,4901.530373260988,4934.57634013618,-1,0.0,0.0
causal_42_grid25,236,2025-08-25,8,2,causal_season,42,75658.13821948702,75658.13821948702,435.29980285091773,170,3547.8392928573066,0.0,0.0,49797.37073155786,47973.554481115425,1823.8162504424345,0,36415.3464635768,7,1.515519528736341,1697.6307818886694,1553.3453324801567,-1,0.0,9.094947017729282e-13,0.0044307500356808305,0.10088258411269635,0.00028574990574270487,0.10559908405411988,19093.929088195386,17321.417375381414,8,36,39,75,74,100126.28720796619,105042.80183223823,8994.519952060884,4746.777981311537,1517.3061026490332,4916.514624272042,4980.587314765197,-1,0.0,0.0
causal_42_grid25,237,2025-08-26,8,2,causal_season,42,79448.16826145399,79448.16826145399,142.1433244507092,60,12056.08137568078,0.0,0.0,50671.718585391936,50062.78557903445,608.9330063574994,0,35523.66438222148,7,1.4778030877510633,1553.3453324801567,1689.2790173041428,-1,0.0,9.094947017729282e-13,0.0042420829413458705,0.10019745805766433,0.00027579208835959435,0.1047153330873698,18764.538104556035,16759.126277665448,8,31,35,66,60,87630.77568027773,92511.14831320304,9014.544244362802,4659.50864828744,1480.1526825925619,4901.530373260988,4980.587314765197,-1,0.0,0.0
causal_42_grid25,238,2025-08-27,8,2,causal_season,42,76148.84717929622,76148.84717929622,305.9941363269523,140,6640.484289899519,0.0,0.0,49813.80627774555,48343.63750443593,1470.1687733096228,0,37190.65520613037,7,1.547588471229855,1689.2790173041428,1632.0048887155572,-1,0.0,9.094947017729282e-13,0.004265540977939963,0.10078275005798787,0.0002952920040115714,0.1053435830399394,19545.431682593677,17645.22352353669,8,34,38,72,67,98309.32376622535,103278.65958763467,9274.757875195924,4869.907596659306,1549.6106335887655,4969.3358214093105,4980.587314765197,-1,0.0,0.0
causal_42_grid25,239,2025-08-28,8,2,causal_season,42,77456.34979599007,77456.34979599007,835.0766956857831,270,5616.086908399249,0.0,0.0,53000.469107974786,49139.27141275077,3861.1976952240107,0,35897.26693167786,7,1.4936063851594439,1632.0048887155572,1650.2449308853368,-1,0.0,9.094947017729282e-13,0.004857166903093457,0.10913954197894782,0.0003005830803886056,0.11429729196242988,18902.405765810567,16994.861165867296,8,33,37,70,69,99139.94754394516,103997.1751110118,9239.099522471784,4845.458711757077,1495.7194554865778,4901.530373260988,4980.587314765197,-1,0.0,0.0
causal_42_grid25,240,2025-08-29,8,2,causal_season,42,42652.66682880001,42652.66682880001,398.2336919670621,140,18702.41779272258,0.0,0.0,27008.682940370814,25246.952417044176,1761.7305233266366,0,25553.65566436384,5,1.062275375597983,1650.2449308853368,2099.2003165227843,-1,0.0,5.684341886080801e-13,0.004856624989770353,0.10847850004211068,0.0002929170150309801,0.11362804204691201,13673.459021204168,11880.196643159676,6,45,26,71,44,64023.187404138735,68923.16869846576,8136.284839351828,3527.9231632145916,1064.7356526818267,4901.530373260988,4134.258048917507,-1,0.0,0.0
causal_42_grid25,241,2025-08-30,8,2,causal_season,42,42718.236041791984,42718.236041791984,136.96328498988282,120,23555.93736163652,0.0,0.0,25584.040341043896,25087.502459729323,496.5378813145734,0,23321.290536364868,5,0.9713418477133361,2099.2003165227843,1657.6941758986907,-1,0.0,9.094947017729282e-13,0.004673417075537145,0.10831833304837346,0.0002984579186886549,0.11329020804259926,12053.916334088446,11267.374202276422,6,38,25,63,48,85931.96815232089,90838.55616797229,7459.191273260988,3767.4396720458026,971.7204390152029,4906.588015651398,4135.1453015692405,-1,0.0,0.0
causal_42_grid25,242,2025-08-31,8,2,causal_season,42,75474.12865907846,75474.12865907846,515.2293839854273,170,7615.863554719825,0.0,0.0,50037.820707774845,47971.90425188313,2065.9164558917137,0,36822.43972248172,7,1.5326055174671276,1657.6941758986907,1446.2493746925345,-1,0.0,7.958078640513122e-13,0.004869208089075983,0.1089057499775663,0.00032479199580848217,0.11409975006245077,19274.655563746226,17547.784158735492,8,35,34,69,66,97321.4293345396,102174.29746668492,9141.29562920747,4901.530373260988,1534.2683217700715,4901.530373260988,4980.587314765197,-1,0.0,0.0
causal_42_grid25,243,2025-09-01,9,2,causal_season,42,78462.63591655812,78462.63591655812,0.0,0,21367.8547647254,0.0,0.0,49709.582827101956,49709.582827101956,0.0,0,30857.627792847627,5,1.2797875632889708,1446.2493746925345,3345.442605599505,-1,0.0,9.094947017729282e-13,0.004460291005671024,0.10738012508954853,0.00030562502797693014,0.11214604112319648,17189.13720567351,13668.49058717412,6,28,30,58,54,85719.6418592113,90644.89326971522,8833.162974857467,4585.30260724415,1285.734491368651,4925.251410503908,4208.627403436062,-1,0.0,0.0
causal_42_grid25,244,2025-09-02,9,2,causal_season,42,74266.12176695888,74266.12176695888,134.45549249490531,60,18972.62186216989,0.0,0.0,47561.469166528084,47073.36237555114,488.1067909769447,0,33890.562978969676,5,1.4110576960841894,3345.442605599505,2931.3543847611704,-1,0.0,6.821210263296962e-13,0.004571750061586499,0.1088211250025779,0.000300833024084568,0.11369370808824897,17630.381263126787,16260.18171584289,6,30,34,64,57,87293.8389159946,92224.1927822581,8601.395235657992,4855.131997487166,1412.106790790403,4930.353866263512,4543.2275,-1,0.0,0.0
causal_42_grid25,245,2025-09-03,9,2,causal_season,42,73898.36268607993,73898.36268607993,3.7783316281055477,10,16519.756952798718,0.0,0.0,46755.445844255504,46740.66690009217,14.778944163334849,0,29302.65522155841,7,1.2186095707927906,2931.3543847611704,3224.182047751337,-1,0.0,7.958078640513122e-13,0.004572124918922782,0.1071834999602288,0.00029541703406721354,0.1120510419132188,15568.661018233865,13733.994203324542,8,27,31,58,61,89235.08450998159,94096.42622529385,8335.193390187407,4850.765089184276,1220.9439675649337,4901.530373260988,4393.877532493841,-1,0.0,0.0
causal_42_grid25,246,2025-09-04,9,2,causal_season,42,73942.26206021864,73942.26206021864,33.941284241938064,50,18460.058595885246,0.0,0.0,47541.04299838774,47370.969573195674,170.073425192068,0,33005.00404770459,7,1.3736242357196224,3224.182047751337,3077.4524025423307,-1,0.0,6.821210263296962e-13,0.004719957942143083,0.1085813749814406,0.0002970839850604534,0.11359841690864414,17297.79162313996,15707.212424564626,8,30,33,63,58,88604.64808340087,93511.35164090792,8770.940393472034,4819.57819688616,1375.2085019876913,4906.703557507051,4419.5175,-1,0.0,0.0
causal_42_grid25,247,2025-09-05,9,2,causal_season,42,41716.804472177246,41716.804472177246,0.0,0,33339.86508288737,0.0,0.0,25101.659424479392,25101.65942447939,0.0,0,21383.015333680814,5,0.8887858362238233,3077.4524025423307,3505.3012648993395,-1,0.0,7.958078640513122e-13,0.004714624956250191,0.10759833303745836,0.000340208993293345,0.1126531669870019,11467.846528152011,9915.168805528803,6,39,23,62,35,55625.827564016334,56875.22827253698,7420.789823527988,3106.2266398052416,890.9589722367007,4901.530373260988,3475.8378339960445,-1,0.0,0.0
causal_42_grid25,248,2025-09-06,9,2,causal_season,42,39755.79805471664,39755.79805471664,14.006640389897228,20,30665.509980513543,0.0,0.0,23933.47388864336,23875.445697996605,58.028190646753046,0,21084.85232866076,6,0.8767172881665581,3505.3012648993395,3779.162782187764,-1,0.0,7.958078640513122e-13,0.004917499958537519,0.12507766706403345,0.0003823329461738467,0.13037749996874481,11234.031671626875,9850.820657033886,6,44,26,70,45,61871.06878934569,61871.06878934569,7578.410923072235,3085.174317493588,878.5355136941985,4901.530373260988,3450.392363922773,-1,0.0,0.0
causal_42_grid25,249,2025-09-07,9,2,causal_season,42,72397.78505906713,72397.78505906713,47.575953250656084,40,16351.616637994277,0.0,0.0,46681.00571345785,46547.97903350443,133.0266799534247,0,30556.42611329621,7,1.2724639345432849,3779.162782187764,3303.030666423711,-1,0.0,8.197886813832156e-13,0.005527083994820714,0.12388254201505333,0.0003294579219073057,0.12973908393178135,15844.593435476527,14711.832677819682,8,27,30,57,56,90459.78405683619,95334.98668386415,8420.330493665602,4896.664879776331,1273.184421387342,4901.530373260988,4391.458374331704,-1,0.0,0.0
causal_42_grid25,250,2025-09-08,9,2,causal_season,42,63079.61073176321,63079.61073176321,1371.367930708022,330,4928.104685598199,0.0,0.0,44711.025082807464,38806.33816757708,5904.6869152303925,0,32556.833283930144,7,1.3581379257045334,3303.030666423711,1714.6160227482342,-1,0.0,9.094947017729282e-13,0.00486570899374783,0.11757474998012185,0.00032841693609952927,0.12276887590996921,16342.068863734925,16214.764420195217,8,28,36,64,67,91502.29117693022,96384.65393273695,8559.978453050326,4731.988744333868,1356.534720163756,4901.530373260988,4738.709514646138,-1,0.0,0.0
causal_42_grid25,251,2025-09-09,9,2,causal_season,42,67580.5258511183,67580.5258511183,492.16193675876184,160,13344.787973273225,0.0,0.0,44107.087031380346,41353.539408432465,2753.5476229478872,0,34311.643128365504,7,1.4280673610714936,1714.6160227482342,1533.5546651477157,-1,0.0,9.094947017729282e-13,0.004891916993074119,0.11745379201602191,0.0003254589391872287,0.12267116794828326,17968.354338151334,16343.288790214165,8,29,33,62,60,87200.20580125682,92167.41021309172,7939.523603277876,4472.4482279367385,1429.6517970152292,4967.2044118348995,4918.69388239991,-1,0.0,0.0
causal_42_grid25,252,2025-09-10,9,2,causal_season,42,65059.893270398214,65059.893270398214,1967.3486443303336,340,4033.249398236018,0.0,0.0,51230.867778849715,40028.087153946064,11202.780624903638,0,37138.3586967912,7,1.5458944140858097,1533.5546651477157,1256.514095115818,-1,0.0,9.094947017729282e-13,0.005391041981056333,0.1190951659809798,0.0003177500329911709,0.1248039579950273,19408.17628164187,17730.182415149335,8,40,37,77,76,93935.2986153342,98782.72453562151,8861.917377384429,4569.491218943309,1547.4316123663002,4901.530373260988,4838.28482005762,-1,0.0,0.0
causal_42_grid25,253,2025-09-11,9,2,causal_season,42,68307.4363978217,68307.4363978217,457.0806431405746,130,12737.234574914548,0.0,0.0,44260.1931357759,42158.215369443045,2101.9777663328587,0,35262.09936178116,7,1.4657347815710597,1256.514095115818,1932.7480731018645,-1,0.0,7.958078640513122e-13,0.004846624913625419,0.11881920893210918,0.00032758305314928293,0.12399341689888388,18896.64802224778,16365.451339533378,8,26,31,57,53,87820.08446827467,92493.7410365594,8150.57977656678,4545.386962008242,1469.2541400742148,4901.530373260988,4864.620965952471,-1,0.0,0.0
causal_42_grid25,254,2025-09-12,9,2,causal_season,42,32801.059410331465,32801.059410331465,360.996610406154,140,19852.147137438165,0.0,0.0,19826.707223859827,18425.80763595686,1400.8995879029721,0,24086.914724360307,5,1.0011532299916346,1932.7480731018645,2423.9492082689453,-1,0.0,7.958078640513122e-13,0.005064041935838759,0.12276516598649323,0.0003553749993443489,0.12818458292167634,12922.583703829883,11164.331020530428,6,48,27,75,46,65676.88335397947,70529.4106102817,7445.6363120516735,3320.391543176798,1003.6214468483463,4901.530373260988,3484.9036885621276,-1,0.0,0.0
causal_42_grid25,255,2025-09-13,9,2,causal_season,42,32677.12052460368,32677.12052460368,225.96414876870003,130,23983.955144144868,0.0,0.0,18993.14370575475,18140.655443782824,852.4882619719217,0,24179.610312306926,5,1.006879238198986,2423.9492082689453,2062.865722642283,-1,0.0,7.958078640513122e-13,0.005521665909327567,0.12571470893453807,0.0003619999624788761,0.1315983748063445,12545.819179100554,11633.791133206374,6,42,29,71,49,68348.58630765277,73134.78318918725,7472.4078078242255,3320.391543176798,1007.4837630127887,4901.530373260988,3390.2954746032574,-1,0.0,0.0
causal_42_grid25,256,2025-09-14,9,2,causal_season,42,64337.52533922612,64337.52533922612,635.7743826695724,300,3338.1407531773893,0.0,0.0,42372.40816974202,39864.31504986759,2508.093119874426,0,36203.112465327635,7,1.5071839219000942,2062.865722642283,1692.76000221323,-1,0.0,9.094947017729282e-13,0.005920749972574413,0.13493541697971523,0.0003672910388559103,0.14122345799114555,18869.47334202297,17333.63912330467,8,38,33,71,73,91066.96219386734,96017.73016502378,7779.155227227126,4543.09033507955,1508.4630193886517,4950.7679711564415,4918.085383269876,-1,0.0,0.0
causal_42_grid25,257,2025-09-15,9,2,causal_season,42,68663.65594381803,68663.65594381803,169.55533359322789,150,11969.531254115276,0.0,0.0,43229.23915580487,42525.37756960499,703.8615861998853,0,36395.494057616146,9,1.5146381901149901,1692.76000221323,1573.692044920827,-1,0.0,9.094947017729282e-13,0.005657583009451628,0.1311370839830488,0.00037483288906514645,0.13716949988156557,19096.071723789395,17299.422333826747,10,30,34,64,63,94573.56338820986,99520.8835279924,8020.301393279152,4711.691024682201,1516.4789190673391,4947.3201397825305,4905.1025,-1,0.0,0.0
causal_42_grid25,258,2025-09-16,9,2,causal_season,42,67864.65719354927,67864.65719354927,181.48629358129017,80,6590.809382076928,0.0,0.0,42938.128302748824,42186.864750522494,751.2635522263224,0,35855.88363995024,7,1.4917566677969407,1573.692044920827,1650.210450784976,-1,0.0,7.958078640513122e-13,0.005650541977956891,0.13448016601614654,0.00045012496411800385,0.14058083295822144,18909.72388083527,16946.15975911497,8,35,35,70,73,96783.04435963795,101672.05739805993,7922.493946703022,4427.188724235732,1493.9951516645933,4901.530373260988,4980.587314765197,-1,0.0,0.0
causal_42_grid25,259,2025-09-17,9,2,causal_season,42,66355.93081053445,66355.93081053445,575.3778717642315,240,4922.666699442324,0.0,0.0,43465.22731324601,41012.78270405147,2452.4446091945456,0,37405.48383447662,7,1.5562263831188525,1650.210450784976,1730.1351339174016,-1,0.0,8.526512829121202e-13,0.00606474990490824,0.14009645907208323,0.0004259170964360237,0.1465871260734275,19727.00370866649,17678.48012581013,8,37,35,72,71,90209.77630857711,95109.17203032692,7724.39877622223,4269.074841227312,1558.5618264365257,4901.530373260988,4838.28482005762,-1,0.0,0.0
causal_42_grid25,260,2025-09-18,9,2,causal_season,42,66819.26353104068,66819.26353104068,254.45503662148138,140,6469.808966631379,0.0,0.0,42745.708773269864,41435.26334139203,1310.4454318778332,0,37001.912217908175,9,1.5402674314872378,1730.1351339174016,1430.108716951484,-1,0.0,9.094947017729282e-13,0.005873666028492153,0.13158104196190834,0.0003646670375019312,0.13781937502790242,19324.88535113614,17677.02686677203,10,28,34,62,65,101720.86885601829,106589.92179074134,8111.242198331894,4900.182695128319,1541.7463424128405,4901.530373260988,4888.053591934302,-1,0.0,0.0
causal_42_grid25,261,2025-09-19,9,2,causal_season,42,33893.62526489225,33893.62526489225,306.9320343753554,140,16124.134859791828,0.0,0.0,19637.973800491047,18605.5951587902,1032.3786417008482,0,25820.90978647281,5,1.0730271648264649,1430.108716951484,2047.0386539997232,-1,0.0,6.821210263296962e-13,0.005746041075326502,0.13110054202843457,0.0003690000157803297,0.1372155831195414,13897.989954640962,11922.919831831845,6,44,32,76,51,64674.401845997934,69543.62185628332,7529.531473260988,3320.391543176798,1075.8712411030338,4901.530373260988,3234.6040475535774,-1,0.0,0.0
causal_42_grid25,262,2025-09-20,9,2,causal_season,42,32840.00968034178,32840.00968034178,491.78867105341817,230,16715.70691901417,0.0,0.0,20145.508355410915,18154.81553744504,1990.6928179658755,0,25814.97238743749,5,1.0749851457896644,2047.0386539997232,1658.4750458556061,-1,0.0,7.958078640513122e-13,0.0055481670424342155,0.13268504210282117,0.0003304579295217991,0.13856366707477719,13392.81504324259,12422.157344194897,6,41,31,72,51,70808.15457824485,75728.41414810724,7450.897373260988,3320.391543176798,1075.623849476562,4920.259569862396,3272.9573782742727,-1,0.0,0.0
causal_42_grid25,263,2025-09-21,9,2,causal_season,42,68661.94968534111,68661.94968534111,215.27092869392138,160,8919.051122006047,0.0,0.0,43940.46853481459,42929.034475635126,1011.4340591794612,0,34015.00369222783,7,1.4155900548956388,1658.4750458556061,1538.727732306414,-1,0.0,9.094947017729282e-13,0.005636667017824948,0.11802108306437731,0.000332208932377398,0.12398995901457965,17842.842850461737,16172.160841766097,8,30,28,58,61,95327.97412973983,100175.90360664464,7768.962318453237,4805.958034784181,1417.2918205094932,4901.530373260988,4838.28482005762,-1,0.0,0.0
causal_42_grid25,264,2025-09-22,9,2,causal_season,42,66621.55016566307,66621.55016566307,730.4697614220261,270,4581.617021867764,0.0,0.0,44209.221421038645,41270.18953650198,2939.0318845366655,0,36854.08513161252,7,1.5329826874988373,1538.727732306414,1755.7228186879295,-1,0.0,9.094947017729282e-13,0.00504958292003721,0.11957583297044039,0.0003368749748915434,0.12496229086536914,19505.234076748256,17348.85105486426,8,32,33,65,66,91990.27223921323,96939.43094552474,7547.251157123759,4745.545083251568,1535.5868804838547,4949.158706311515,4980.587314765197,-1,0.0,0.0
causal_42_grid25,265,2025-09-23,9,2,causal_season,42,69076.8866507766,69076.8866507766,306.1789397879869,150,5366.48765011548,0.0,0.0,44518.499004624624,43085.76478631646,1432.7342183081566,0,37687.80121897126,9,1.568332178291459,1755.7228186879295,1672.0006514991678,-1,0.0,9.094947017729282e-13,0.00507504097186029,0.11676791694480926,0.0004151250468567014,0.12225808296352625,19793.88178804352,17893.919430927737,10,33,36,69,65,95704.50965133091,100569.84574121183,7765.146241227312,4577.858461770872,1570.3250507904693,4901.530373260988,4974.002037893817,-1,0.0,0.0
causal_42_grid25,266,2025-09-24,9,2,causal_season,42,69647.18745033351,69647.18745033351,225.51812497368508,130,6760.209366400104,0.0,0.0,44387.21717858901,43264.81385609946,1122.403322489552,0,38137.75284364913,7,1.5867782975389406,1672.0006514991678,1714.0799327106288,-1,0.0,9.094947017729282e-13,0.0051524159498512745,0.11137370800133795,0.00034066697116941214,0.11686679092235863,20093.511976278114,18044.240867371016,8,31,33,64,64,96926.90555298516,101847.40547176464,7319.900211170103,4722.122476950405,1589.073035152047,4920.49991877947,4877.8350386879965,-1,0.0,0.0
causal_42_grid25,267,2025-09-25,9,2,causal_season,42,67763.45077674337,67763.45077674337,792.9331468809384,320,6171.133433993033,0.0,0.0,45582.35137636296,42317.00560219343,3265.3457741695247,0,36564.863445673844,9,1.5211491137716706,1714.0799327106288,1839.5889809996602,-1,0.0,9.094947017729282e-13,0.004661125014536083,0.10945916699711233,0.00034370901994407177,0.11446400103159249,19307.33251765256,17257.530928021282,10,29,33,62,68,102756.29620503107,107726.89114796549,7634.094541227312,4874.653573950737,1523.535976903077,4970.594942934416,4980.587314765197,-1,0.0,0.0
causal_42_grid25,268,2025-09-26,9,2,causal_season,42,34709.90408021746,34709.90408021746,163.186869787577,100,15644.286106172756,0.0,0.0,19802.55855537494,19229.41577915403,573.1427762209058,0,25960.67214604946,5,1.0798260477652692,1839.5889809996602,2008.0326224831454,-1,0.0,9.094947017729282e-13,0.005394916050136089,0.11164420796558261,0.0003230840666219592,0.11736220808234066,13747.61674494087,12213.05540110859,6,43,30,73,56,79581.94812032467,84549.32355919438,7525.876737429684,3320.391543176798,1081.6946727520606,4967.375438869714,3272.9573782742727,-1,0.0,0.0
causal_42_grid25,269,2025-09-27,9,2,causal_season,42,33667.34269803195,33667.34269803195,748.2288016690229,270,15501.30498771932,0.0,0.0,21778.639120665874,18604.072089557656,3174.5670311082163,0,26432.607112156227,5,1.1004431350156798,2008.0326224831454,1729.42088000977,-1,0.0,8.526512829121202e-13,0.00512650003656745,0.11036058294121176,0.000293959048576653,0.11578104202635586,13772.78568706894,12659.821425087284,6,40,30,70,50,52255.02713770812,57105.754745707076,7673.293070625839,2055.4804791094466,1101.358629673176,4901.530373260988,3284.0,-1,0.0,0.0
causal_42_grid25,270,2025-09-28,9,2,causal_season,42,69315.51994790969,69315.51994790969,846.8617319900441,320,4689.908965008017,0.0,0.0,46936.86254885879,43289.88945689459,3646.973091964202,0,38758.174965035636,7,1.6128065830307503,1729.42088000977,1674.2840629650682,-1,0.0,9.094947017729282e-13,0.00482029200065881,0.10878808400593698,0.0003054580884054303,0.11391383409500122,20371.509256630346,18386.66570840529,8,38,37,75,75,95280.99222835561,100106.00160815206,7810.825820615897,4717.4238219609715,1614.923956876485,4901.530373260988,4980.587314765197,-1,0.0,0.0
causal_42_grid25,271,2025-09-29,9,2,causal_season,42,71460.65749146185,71460.65749146185,314.964725604602,210,7069.910395168286,0.0,0.0,45963.627003587186,44648.578719282465,1315.0482843047246,0,37499.01065972795,9,1.5603542821162406,1674.2840629650682,1646.4335440011273,-1,0.0,7.958078640513122e-13,0.0045759170316159725,0.10831279202830046,0.00028887507505714893,0.11317758413497359,19722.415440813067,17776.59521891489,10,32,35,67,64,98252.51660888782,103158.57496553211,7249.575034717841,4890.629196032698,1562.458777488665,4906.058356644293,4980.587314765197,-1,0.0,0.0
causal_42_grid25,272,2025-09-30,9,2,causal_season,42,70934.58588281847,70934.58588281847,565.3000906613538,240,3907.6469168164235,0.0,0.0,47095.73368618955,44626.11754021287,2469.616145976677,0,38774.915517615096,9,1.6130983245720503,1646.4335440011273,1775.892236768794,-1,0.0,8.526512829121202e-13,0.004603958921507001,0.1100361670833081,0.0002977909753099084,0.11493791698012501,20472.489903805912,18302.42561380918,10,32,34,66,66,101828.43456278775,106533.43313208023,7536.899716210876,4901.530373260988,1615.6214799006289,4901.530373260988,4980.587314765197,-1,0.0,0.0
causal_42_grid25,273,2025-10-01,10,2,causal_season,42,72460.60960356264,72460.60960356264,42.065352552683294,30,20208.93953054743,0.0,0.0,45467.34023747775,45375.57935115532,91.76088632243642,0,32487.454829414914,9,1.3497422979338718,1775.892236768794,2699.5202356517484,-1,0.0,9.094947017729282e-13,0.004846832947805524,0.10805304103996605,0.0003034159308299422,0.11320328991860151,17559.83436082473,14927.620468590176,10,27,30,57,55,94003.88590877582,98899.77328123373,7454.848261580362,4867.477260724417,1353.6439512256213,4901.530373260988,4898.83,-1,0.0,0.0
causal_42_grid25,274,2025-10-02,10,2,causal_season,42,64211.2583563075,64211.2583563075,171.44246203605604,80,10906.150007168875,0.0,0.0,40751.520389698526,39998.33379129157,753.1865984069532,0,35484.99017403995,5,1.4767596111766477,2699.5202356517484,2577.487731066406,-1,0.0,9.094947017729282e-13,0.005052417051047087,0.10872987494803965,0.0003028339706361294,0.11408512596972287,18615.378934273984,16869.611239765967,6,36,33,69,61,90262.30632318756,95166.8709926098,7388.562534640871,4815.075576210183,1478.5412572516643,4904.5646694222305,4973.47,-1,0.0,0.0
causal_42_grid25,275,2025-10-03,10,2,causal_season,42,31289.471395366625,31289.471395366625,19.06172390436808,40,22277.02728805207,0.0,0.0,16783.278811600758,16742.1540160756,41.12479552515509,0,24812.97637710625,5,1.0326422070114136,2577.487731066406,2485.7666115145544,-1,0.0,8.526512829121202e-13,0.004637375008314848,0.10890195798128843,0.00029454100877046585,0.11383387399837375,13013.664254162584,11799.312122943662,6,43,31,74,50,52590.28994333936,57476.086523848746,7660.2826784815925,2762.520777565048,1033.8740157127604,4901.530373260988,2992.0539,-1,0.0,0.0
causal_42_grid25,276,2025-10-04,10,2,causal_season,42,31576.497268592837,31576.497268592837,251.74191406139897,140,17389.787468890827,0.0,0.0,18011.694891330386,17033.714509168854,977.9803821615294,0,25444.58534617844,5,1.0587144248763345,2485.7666115145544,2489.0517427127675,-1,0.0,8.526512829121202e-13,0.004773291992023587,0.11001691699493676,0.0002984999446198344,0.11508870893158019,13393.527313304257,12051.058032874182,6,46,31,77,55,56241.81934066149,61233.36956679452,7572.274073260988,2414.375180829363,1060.1910560907681,4991.550226133033,2846.049894151541,-1,0.0,0.0
causal_42_grid25,277,2025-10-05,10,2,causal_season,42,68013.7904463589,68013.7904463589,86.11073926168035,50,11437.886711511455,0.0,0.0,42647.55897287397,42417.219980642374,230.33899223160483,0,34437.54434601091,7,1.432659548826298,2489.0517427127675,2602.7604166100114,-1,0.0,8.810729923425242e-13,0.005041000084020197,0.10948912508320063,0.0003161249915137887,0.11484625015873462,18181.798876726683,16255.745469284226,8,29,32,61,56,94109.13339434672,99079.90662648209,7091.429787368383,4901.530373260988,1434.897681083788,4990.401397395025,4888.6104,-1,0.0,0.0
causal_42_grid25,278,2025-10-06,10,2,causal_season,42,68342.40182222081,68342.40182222081,17.12436137821112,20,8928.447046976919,0.0,0.0,42550.22064276737,42478.728084916336,71.49255785102675,0,35893.10480169594,9,1.4938929539313335,2602.7604166100114,2411.354234834757,-1,0.0,7.958078640513122e-13,0.004594541038386524,0.11516833305358887,0.0002983330050483346,0.12006120709702373,18795.53734415902,17097.56745753692,10,31,33,64,61,93258.10814606266,98142.18011176646,7218.072776614145,4867.926799130088,1495.5460334039972,4918.988780818181,4660.159916896997,-1,0.0,0.0
causal_42_grid25,279,2025-10-07,10,2,causal_season,42,68817.71808677867,68817.71808677867,5.45455075291386,20,9016.195333997095,0.0,0.0,42767.546587730416,42747.35874134035,20.187846390064884,0,37090.162303114834,9,1.5430985391797045,2411.354234834757,2494.77034784596,-1,0.0,7.958078640513122e-13,0.004793458036147058,0.11381870904006064,0.0003048339858651161,0.11891700106207281,19562.78830332466,17527.373999790172,10,30,35,65,64,95420.590151495,100408.42392143188,7180.381526788524,4897.214481432326,1545.423429296451,4987.833769936893,4861.4808,-1,0.0,0.0
causal_42_grid25,280,2025-10-08,10,2,causal_season,42,65006.61377251085,65006.61377251085,186.55329983492237,130,7779.4815254274,0.0,0.0,40128.21582483512,39224.18762587278,904.0281989623481,0,37497.39273166252,7,1.5625061455428464,2494.77034784596,1454.972079687256,-1,0.0,7.958078640513122e-13,0.004709000000730157,0.11409341602120548,0.0003036250127479434,0.11910604103468359,19216.29130595711,18281.10142570541,8,31,33,64,60,99334.22207679023,104268.82767440556,7333.763528123465,4821.948050992417,1562.3913638192716,4934.605597615333,4930.0063,-1,0.0,0.0
causal_42_grid25,281,2025-10-09,10,2,causal_season,42,64575.613598999815,64575.613598999815,404.6746980963869,210,7161.657452228677,0.0,0.0,40654.64128213622,38801.24514484158,1853.3961372946253,0,38915.078580997295,7,1.6191912284122683,1454.972079687256,1465.4737660014252,-1,0.0,9.094947017729282e-13,0.0051242500776425,0.11712112498935312,0.0003244170220568776,0.1225697920890525,20486.86387126574,18428.21470973155,8,35,33,68,62,101898.39649129646,106768.48067151828,7283.994343350649,4533.560258816776,1621.4616075415538,4901.530373260988,4836.046248686723,-1,0.0,0.0
causal_42_grid25,282,2025-10-10,10,2,causal_season,42,32032.871694977628,32032.871694977628,204.3646156064508,140,21082.605543945807,0.0,0.0,17228.912042955337,16565.136878597135,663.7751643582005,0,27646.25863289634,5,1.1495491858091484,1465.4737660014252,1821.9214093014562,-1,0.0,5.115907697472721e-13,0.005135999992489815,0.11515454202890396,0.0002960419515147805,0.12058658397290856,14728.639241433972,12917.61939146237,6,44,33,77,56,61636.304876843904,66514.2143273077,7573.216493540928,2875.8889275421325,1151.9274430373475,4901.530373260988,2879.2043756966423,-1,0.0,0.0
causal_42_grid25,283,2025-10-11,10,2,causal_season,42,32969.67533285284,32969.67533285284,7.1245181940473685,20,17418.227948470514,0.0,0.0,17267.5748231735,17252.35423271842,15.220590455083151,0,27705.188525874553,5,1.1527958556504625,1821.9214093014562,1816.003709449065,-1,0.0,7.958078640513122e-13,0.005319999996572733,0.11986291594803333,0.0003364579752087593,0.12551937391981483,14578.723422558796,13126.465103315755,6,44,33,77,57,65246.34731951861,70167.34840996121,7493.851104858478,3320.391543176798,1154.382855244773,4921.001090442603,2979.29,-1,0.0,0.0
causal_42_grid25,284,2025-10-12,10,2,causal_season,42,65875.33612915789,65875.33612915789,286.9908611891823,230,6114.107615727983,0.0,0.0,41284.14191528609,39922.82530931137,1361.3166059747193,0,37825.83590244368,9,1.574896886533989,1816.003709449065,1357.7985589062264,-1,0.0,7.958078640513122e-13,0.005430000019259751,0.1323576250579208,0.0003750419709831476,0.1381626670481637,19679.54964686472,18146.28625557896,10,30,33,63,60,103051.63805288245,108010.06596341066,7325.911629076915,4901.530373260988,1576.0764959351534,4958.4279105282,4980.587314765197,-1,0.0,0.0
causal_42_grid25,285,2025-10-13,10,2,causal_season,42,67283.05234451697,67283.05234451697,203.68463076174928,100,8056.415014449566,0.0,0.0,41848.5259421068,40874.83401666868,973.6919254381057,0,39076.95689424834,9,1.625189477200193,1357.7985589062264,1704.5238398837796,-1,0.0,6.821210263296962e-13,0.006257542059756815,0.13419979100581259,0.0003526249201968312,0.14080995798576623,20739.941777538745,18337.01511670959,10,34,34,68,65,95292.33777197817,100144.54572801782,7155.468740756187,4774.25802349422,1628.2065372603474,4901.530373260988,4837.57,-1,0.0,0.0
causal_42_grid25,286,2025-10-14,10,2,causal_season,42,66127.54693584071,66127.54693584071,461.83240262852405,190,3921.8071247770886,0.0,0.0,42091.94863645686,40203.18218784164,1888.7664486152128,0,39958.75546338494,9,1.6631002596577074,1704.5238398837796,1494.8838159294583,-1,0.0,5.115907697472721e-13,0.006169624975882471,0.13549316697753966,0.0003754169447347522,0.14203820889815688,20926.24919687188,19032.50626651306,10,39,36,75,73,98711.9053423106,103584.82443996627,7195.340404482846,4553.924696984321,1664.9481443077061,4901.530373260988,4888.1545,-1,0.0,0.0
causal_42_grid25,287,2025-10-15,10,2,causal_season,42,67545.37145124006,67545.37145124006,321.85095344734384,140,3861.3253702466973,0.0,0.0,42688.4615476901,41097.01917128081,1591.442376409299,0,38922.641342717805,9,1.6194469957347744,1494.8838159294583,1532.2489178086794,-1,0.0,8.526512829121202e-13,0.00609470799099654,0.13308108400087804,0.0004249999765306711,0.13960079196840525,20504.257363579258,18418.383979138554,10,36,34,70,73,100605.18067064337,105539.06863308753,7576.216997338062,4649.287185127791,1621.7767226132423,4933.887962444155,4824.438564504637,-1,0.0,0.0
causal_42_grid25,288,2025-10-16,10,2,causal_season,42,68040.75317066559,68040.75317066559,1256.7055633604293,270,4289.504699903742,0.0,0.0,46661.77433592822,41441.79131421065,5219.983021717574,0,40093.81655641277,9,1.6684111789662879,1532.2489178086794,1463.4337525805709,-1,0.0,5.684341886080801e-13,0.005828708061017096,0.13265058409888297,0.00035554193891584873,0.13883483409881592,21067.648820267514,19026.167736145253,10,33,37,70,64,100639.37327461899,105495.05746618641,7485.751936400497,4743.416490252569,1670.575689850532,4901.530373260988,4843.28400736953,-1,0.0,0.0
causal_42_grid25,289,2025-10-17,10,2,causal_season,42,34217.48695311869,34217.48695311869,57.693518742968394,60,16424.421529179133,0.0,0.0,18349.816289984297,18057.735367651556,292.0809223327398,0,28008.706849882954,5,1.1645941090393677,1463.4337525805709,1836.3678001683675,-1,0.0,9.094947017729282e-13,0.006725791958160698,0.13382699992507696,0.00038004200905561447,0.14093283389229327,14927.633237949405,13081.073611933545,6,37,34,71,49,52635.13846294342,57609.82020785729,7522.982958075385,2858.7104272801166,1167.0294520784564,4974.68174491387,2916.6139,-1,0.0,0.0
causal_42_grid25,290,2025-10-18,10,2,causal_season,42,33193.56373354956,33193.56373354956,201.84150798190285,80,15365.236347731188,0.0,0.0,18352.540056821697,17582.28148234998,770.258574471714,0,26991.049505713225,5,1.1218978583949752,1836.3678001683675,2370.1016305538865,-1,0.0,5.684341886080801e-13,0.00634162500500679,0.14386900002136827,0.0004017909523099661,0.15061241597868502,14472.312566423418,12518.736939289807,6,41,34,75,52,46331.948488566006,51319.696463800035,7495.287673260988,2050.5089628238325,1124.6270627380509,4987.747975234033,2798.4002,-1,0.0,0.0
causal_42_grid25,291,2025-10-19,10,2,causal_season,42,67746.18642867461,67746.18642867461,1047.7828034840204,390,3671.853369319096,0.0,0.0,45804.86256157822,41336.504289409786,4468.358272168435,0,40085.72492079731,9,1.6698415533056061,2370.1016305538865,1495.5077753505868,-1,0.0,9.094947017729282e-13,0.006461250013671815,0.13984270801302046,0.0003668329445645213,0.1466707909712568,20661.059125151754,19424.665795645553,10,33,40,73,72,109536.65569578129,114469.16607758366,7382.078017303259,4783.437229680443,1670.2385383665544,4932.510381802381,4811.294012589856,-1,0.0,0.0
causal_42_grid25,292,2025-10-20,10,2,causal_season,42,71636.2837636717,71636.2837636717,603.646240324705,160,5429.867348505248,0.0,0.0,47089.98425528902,44103.104720717674,2986.879534571342,0,40352.498571057426,9,1.678484700259284,1495.5077753505868,1741.3130365052816,-1,0.0,8.242295734817162e-13,0.006854209001176059,0.14837850001640618,0.0004137499490752816,0.15564645896665752,21360.889429940962,18991.609141116463,10,37,35,72,69,98256.01474066975,103185.95643723733,7564.071105039055,4618.916265014819,1681.3541071273928,4929.941696567583,4838.28482005762,-1,0.0,0.0
causal_42_grid25,293,2025-10-21,10,2,causal_season,42,71906.25949500667,71906.25949500667,390.450063434213,140,3777.28033375899,0.0,0.0,46170.20704735854,44325.73437280323,1844.4726745553025,0,38236.961522870144,9,1.5909010909922507,1741.3130365052816,1785.7508429797017,-1,0.0,9.094947017729282e-13,0.006511625018902123,0.1362017079954967,0.0003756249789148569,0.14308895799331367,20146.904698776016,18090.05682409413,10,28,40,68,72,104066.2061550281,109022.67770947718,7502.724176913438,4901.530373260988,1593.2067301195896,4956.47155444908,4838.28482005762,-1,0.0,0.0
causal_42_grid25,294,2025-10-22,10,2,causal_season,42,72143.17060650763,72143.17060650763,801.5076663712539,280,5574.840103755154,0.0,0.0,47979.13902539235,44099.193089196546,3879.945936195815,0,39755.02470729111,9,1.6547727464253754,1785.7508429797017,1507.937540860225,-1,0.0,9.094947017729282e-13,0.006088999914936721,0.13707662501838058,0.00047316704876720905,0.1436387919820845,20784.983088207424,18970.041619083684,10,29,38,67,65,102000.87810255427,106992.5280576583,7599.746296802951,4901.530373260988,1656.459362803796,4991.64995510403,4954.523700000001,-1,0.0,0.0
causal_42_grid25,295,2025-10-23,10,2,causal_season,42,72055.8884280583,72055.8884280583,206.97713813262246,130,6824.626044085735,0.0,0.0,45318.340985199786,44494.91123178661,823.4297534131753,0,38228.36819614803,9,1.5905383781359397,1507.937540860225,1554.7254990935635,-1,0.0,9.094947017729282e-13,0.006487125065177679,0.15504216705448925,0.00042633397970348597,0.16195562609937042,20143.55534245994,18084.812853688094,10,30,35,65,62,103255.76727786916,108107.09623485223,7432.573411584298,4585.30260724415,1592.8486748395017,4901.530373260988,4865.936623151455,-1,0.0,0.0
causal_42_grid25,296,2025-10-24,10,2,causal_season,42,33558.37006710371,33558.37006710371,266.4202649044938,180,13705.07107342569,0.0,0.0,18706.055440400647,17602.74514641941,1103.310293981241,0,29287.311805333535,5,1.2182658342080932,1554.7254990935635,1713.1761905543185,-1,0.0,6.252776074688882e-13,0.006719166995026171,0.137442082981579,0.00037379190325737,0.14453504187986255,15493.490173624687,13793.821631708845,6,39,36,75,51,50819.481507260614,55691.12520008816,7664.257843525636,2572.3841090975498,1220.304658555564,4901.530373260988,2846.049894151541,-1,0.0,0.0
causal_42_grid25,297,2025-10-25,10,2,causal_season,42,34452.32197939857,34452.32197939857,90.42314811248178,60,13519.29064958404,0.0,0.0,18626.323275227427,18255.458689705938,370.8645855214848,0,28322.41354661874,5,1.178169866117858,1713.1761905543185,1847.7310839474771,-1,0.0,7.958078640513122e-13,0.005927792051807046,0.13468941603787243,0.0003617920447140932,0.14097900013439357,14973.71764560621,13348.695901012534,6,38,35,73,54,52434.444904792064,57410.755614989386,7697.059945444897,2680.987377680891,1180.1005644424476,4976.310710197321,2846.049894151541,-1,0.0,0.0
causal_42_grid25,298,2025-10-26,10,2,causal_season,42,71535.23117060882,71535.23117060882,176.96514936760246,140,5263.581963130914,0.0,0.0,44943.422325857435,44104.99208342949,838.4302424279437,0,38530.44441354905,9,1.6034815109393288,1847.7310839474771,1723.9437275674486,-1,0.0,8.526512829121202e-13,0.006027166964486241,0.13082212500739843,0.00033141602762043476,0.1371807079995051,20217.373376863936,18313.0710366851,10,30,40,70,70,104510.88656236857,109351.40666593814,7595.219588029317,4663.150113377595,1605.4351838978764,4901.530373260988,4943.232496104116,-1,0.0,0.0
causal_42_grid25,299,2025-10-27,10,2,causal_season,42,72958.41185049734,72958.41185049734,329.4587049066903,150,7673.11009578434,0.0,0.0,46341.36928745418,44966.51359416744,1374.8556932867477,0,39224.70360636059,9,1.632102425661844,1723.9437275674486,1721.661272487758,-1,0.0,9.094947017729282e-13,0.00518829096108675,0.11872645898256451,0.0003191659925505519,0.12423391593620181,20643.441199656812,18581.262406703783,10,30,36,66,61,103195.28953119025,108103.50035788426,7889.882762120106,4664.575505268861,1634.3626502650247,4908.210826694006,4980.587314765197,-1,0.0,0.0
causal_42_grid25,300,2025-10-28,10,2,causal_season,42,72741.30770432156,72741.30770432156,83.03577137619331,80,4858.806402249584,0.0,0.0,45462.08443618656,45013.65520541846,448.42923076811513,0,40232.989814707355,9,1.674324325516803,1721.661272487758,1597.078193811787,-1,0.0,9.094947017729282e-13,0.00522141600959003,0.11065216700080782,0.00030512502416968346,0.11617870803456753,21113.052594077766,19119.937220629596,10,36,38,74,74,107635.11901408611,112557.7653541978,7889.882762120106,4704.5413327978,1676.3745756128064,4922.6463401116935,4835.04855338347,-1,0.0,0.0
causal_42_grid25,301,2025-10-29,10,2,causal_season,42,73033.36189181439,73033.36189181439,759.1856378868891,220,2762.7113357976377,0.0,0.0,49099.15808566402,45206.916115255146,3892.241970408875,0,40168.03749395539,9,1.6722193068277584,1597.078193811787,1200.0,-1,0.0,9.094947017729282e-13,0.0048662080662325025,0.10943329089786857,0.0003040420124307275,0.1146035409765318,20942.80844392952,19225.229050025875,10,33,42,75,78,111634.11060468694,116554.12010282058,7964.947864981789,4795.544967064536,1673.6682289148082,4920.009498133643,4838.28482005762,-1,0.0,0.0
causal_42_grid25,302,2025-10-30,10,2,causal_season,42,74269.930159033,74269.930159033,265.3611159447462,190,7163.425228537199,0.0,0.0,47039.33355252976,45751.25225156046,1288.0813009692981,0,38682.32319438417,9,1.6083258365433415,1200.0,1748.8974223214227,-1,0.0,9.094947017729282e-13,0.004686083062551916,0.09992275002878159,0.0002939589321613312,0.10490279202349484,20633.185795412362,18049.137398971805,10,31,36,67,62,100156.70442523064,105058.23479849163,7832.166224755659,4642.056725950013,1611.7634664326736,4901.530373260988,4980.587314765197,-1,0.0,0.0
causal_42_grid25,303,2025-10-31,10,2,causal_season,42,35112.61733826025,35112.61733826025,61.86913714477483,100,9657.77277849196,0.0,0.0,18976.01542179624,18698.40684703779,277.608574758453,0,29603.30879585041,5,1.2316422461606893,1748.8974223214227,1803.3256061501688,-1,0.0,4.547473508864641e-13,0.004501290968619287,0.10194079193752259,0.00029079196974635124,0.10673287487588823,15607.865213048402,13995.443582802009,6,41,36,77,53,53373.06738754798,58281.571074332096,7709.2013732609885,2669.8299800288114,1233.4711998271005,4908.503686784118,2901.1973,-1,0.0,0.0
causal_42_grid25,304,2025-11-01,11,2,causal_season,42,35251.46877608561,35251.46877608561,168.99114998201313,100,10911.998814624369,0.0,0.0,19344.176824162667,18955.56032805158,388.6164961110909,0,28916.374012436943,5,1.202207234409263,1803.3256061501688,2246.4480311432535,-1,0.0,7.958078640513122e-13,0.004414625000208616,0.10192462499253452,0.0002770000137388706,0.106616250006482,15440.398345273436,13475.975667163508,6,37,35,72,53,51963.82476591281,56844.3221591034,7693.3038732609875,2760.6576126609425,1204.8489171848726,4901.530373260988,2812.110486143319,-1,0.0,0.0
causal_42_grid25,305,2025-11-02,11,2,causal_season,42,73044.89530153327,73044.89530153327,489.050133018029,280,3496.137448476974,0.0,0.0,47499.51992698967,45270.520407410746,2228.999519578922,0,41071.646307847244,9,1.7109675795683525,2246.4480311432535,1324.9292618290788,-1,0.0,9.094947017729282e-13,0.0043544170912355185,0.1008153329603374,0.00028187502175569534,0.10545162507332861,21156.535180294115,19915.111127553126,10,31,42,73,75,114030.77480273286,118954.76979952445,8111.065392915879,4899.54972464241,1711.318596160302,4923.9949967915945,4898.9347,-1,0.0,0.0
causal_42_grid25,306,2025-11-03,11,2,causal_season,42,76712.81940570513,76712.81940570513,152.02459090620374,110,4737.85992844563,0.0,0.0,48112.79430095833,47563.24276690748,549.5515340508576,0,39649.74912680012,9,1.6486077360393878,1324.9292618290788,1860.8969976325843,-1,0.0,7.958078640513122e-13,0.004507832927629352,0.09994070802349597,0.0002637499710544944,0.10471229092217982,21135.901455816238,18513.847670983876,10,31,41,72,75,103098.569200369,108000.54696110524,7728.4954316274125,4804.353751219751,1652.0728802833385,4901.977760736238,4816.395020760829,-1,0.0,0.0
causal_42_grid25,307,2025-11-04,11,2,causal_season,42,76415.83038240875,76415.83038240875,116.40079331552798,130,7269.257152218232,0.0,0.0,47893.29453724664,47371.978905465425,521.3156317812193,0,39616.51003103781,9,1.6492832533937392,1860.8969976325843,1458.1613200118877,-1,0.0,9.094947017729282e-13,0.0041397500317543745,0.0947611250448972,0.0002690419787541032,0.09916991705540568,20649.706010605267,18966.804020432548,10,29,40,69,68,107151.14063527038,112141.86622718693,8016.968301123506,4890.1461758137775,1650.6879179599089,4990.725591916549,4980.587314765197,-1,0.0,0.0
causal_42_grid25,308,2025-11-05,11,2,causal_season,42,76627.03311813288,76627.03311813288,200.76418159487798,120,4604.7494418316255,0.0,0.0,48470.102935938776,47672.864992559626,797.2379433791534,0,41170.845278332854,9,1.7122438588026265,1458.1613200118877,1836.8273495388755,-1,0.0,9.094947017729282e-13,0.004126292071305215,0.09589054202660918,0.0002667090157046914,0.10028354311361909,21857.93653478116,19312.908743551685,10,30,39,69,70,107499.38970674705,112349.30336010589,8316.790246242837,4868.622556231371,1715.451886597202,4901.530373260988,4840.290225969436,-1,0.0,0.0
causal_42_grid25,309,2025-11-06,11,2,causal_season,42,74686.20018660373,74686.20018660373,1345.0343596777336,300,2823.096216607376,0.0,0.0,53141.91519873115,46445.12945172665,6696.785747004498,0,40673.76025418144,9,1.6930546716566153,1836.8273495388755,1534.2375151773076,-1,0.0,9.094947017729282e-13,0.004079999984242022,0.09626849996857345,0.0002672920236364007,0.10061579197645187,21256.157016927762,19417.603237253676,10,33,39,72,73,109735.95234395796,114720.7938737758,8141.759561310921,4773.316575421261,1694.7400105908932,4984.84152981783,4871.617225745876,-1,0.0,0.0
causal_42_grid25,310,2025-11-07,11,2,causal_season,42,35898.53359413202,35898.53359413202,46.094434490254685,100,10737.511519459567,0.0,0.0,19229.345415847805,19051.089609098995,178.25580674881,0,31650.481994755955,5,1.316452902860226,1534.2375151773076,1757.3866843838605,-1,0.0,4.547473508864641e-13,0.0041086249984800816,0.09469195792917162,0.00026754196733236313,0.09906812489498407,16769.568360292666,14880.91363446329,6,40,38,78,64,59281.783593831184,64124.890791330836,7555.821646129441,2798.3884291634586,1318.7700831148313,4901.530373260988,2949.65,-1,0.0,0.0
causal_42_grid25,311,2025-11-08,11,2,causal_season,42,35143.32647129238,35143.32647129238,58.271220069375204,80,9788.914267468379,0.0,0.0,18751.261620502788,18459.63086841014,291.63075209264883,0,30072.246069889814,5,1.2511885336559299,1757.3866843838605,1796.1669646731937,-1,0.0,9.094947017729282e-13,0.004128792090341449,0.09454070799984038,0.00026704196352511644,0.09893654205370694,15846.861196891592,14225.38487299822,6,36,37,73,58,58670.8852081068,63400.57601803019,7664.595532411607,2788.1692680490446,1253.0102529120754,4901.530373260988,2846.049894151541,-1,0.0,0.0
causal_42_grid25,312,2025-11-09,11,2,causal_season,42,76525.19631604945,76525.19631604945,500.54425613678455,220,3562.7498848302516,0.0,0.0,49918.44620892076,47621.42431608301,2297.021892837755,0,41780.7963480473,9,1.738635535553615,1796.1669646731937,1713.2362450721153,-1,0.0,9.094947017729282e-13,0.004196249996311963,0.09534804103896022,0.00027112499810755253,0.09981541603337973,21948.48492603497,19832.311422012324,10,30,41,71,75,108559.46473192488,113485.23734915505,8002.807184957165,4817.456447822453,1740.8665145019704,4925.77261723018,4819.971603098571,-1,0.0,0.0
causal_42_grid25,313,2025-11-10,11,2,causal_season,42,79182.28128353471,79182.28128353471,347.86394115421,220,3487.4085837981247,0.0,0.0,50893.1050569413,49186.25516664226,1706.849890299039,0,43218.07503916341,9,1.7984556724702125,1713.2362450721153,1622.768869617866,-1,0.0,8.206768598029157e-13,0.004098291974514723,0.09658366709481925,0.00029679201543331146,0.10097875108476728,22701.184290027108,20516.890749136306,10,31,44,75,81,113394.99156326767,118370.92245534495,7754.853140598634,4901.530373260988,1800.7531266318088,4975.93089207728,4960.112,-1,0.0,0.0
causal_42_grid25,314,2025-11-11,11,2,causal_season,42,79841.67755442123,79841.67755442123,137.5689200777215,90,6012.58242834241,0.0,0.0,50553.297166989854,49946.35959538552,606.9375716043362,0,41282.57884595772,9,1.7172075832643292,1622.768869617866,1857.9719333547496,-1,0.0,9.094947017729282e-13,0.004331249976530671,0.09825170796830207,0.0002962920116260648,0.10287924995645881,21845.111612723802,19437.467233233925,10,29,39,68,61,109355.94288688326,114271.58416767295,7377.476964568423,4901.530373260988,1720.1074519149051,4915.6412807896795,4925.368431257664,-1,0.0,0.0
causal_42_grid25,315,2025-11-12,11,2,causal_season,42,78948.93065018753,78948.93065018753,167.6745897972251,120,6158.808844664029,0.0,0.0,50175.811299811576,49320.44191693449,855.3693828770824,0,42078.23867675323,9,1.7512973152978029,1857.9719333547496,1644.8410379353081,-1,0.0,9.094947017729282e-13,0.004479374969378114,0.10048583301249892,0.00026666594203561544,0.10523187392391264,22040.023661036972,20038.21501571625,10,30,42,72,63,110753.9298003312,115605.04124008004,7273.440333080806,4901.022855100542,1753.2599448647177,4901.530373260988,4980.587314765197,-1,0.0,0.0
causal_42_grid25,316,2025-11-13,11,2,causal_season,42,78434.97319151314,78434.97319151314,283.023971584721,150,4348.739481609659,0.0,0.0,50410.60977123771,49058.69238215411,1351.9173890836046,0,40677.55319579859,9,1.6929168343541348,1644.8410379353081,1477.071020758308,-1,0.0,9.094947017729282e-13,0.004005208029411733,0.09633216692600399,0.0002720420015975833,0.10060941695701331,21325.469780310064,19352.083415488523,10,29,42,71,72,113252.17399706523,118186.33251129987,7255.175940650857,4901.530373260988,1694.8980498249412,4934.15851423465,4919.098007487687,-1,0.0,0.0
causal_42_grid25,317,2025-11-14,11,2,causal_season,42,36501.94642405254,36501.94642405254,71.45630018308157,80,6882.50579280526,0.0,0.0,19869.510665594098,19572.177634049676,297.3330315444235,0,30761.617890155052,5,1.2789179739045233,1477.071020758308,1951.137188335283,-1,0.0,8.526512829121202e-13,0.004167666891589761,0.09692616702523082,0.0002687498927116394,0.10136258380953223,16427.029760792706,14334.588129362346,6,38,36,74,65,56985.9139413548,61874.3460292603,7633.720573260988,2670.2868580735635,1281.7340787564606,4901.530373260988,2844.2463,-1,0.0,0.0
causal_42_grid25,318,2025-11-15,11,2,causal_season,42,35517.60146974615,35517.60146974615,229.8708650517932,150,6090.699902202813,0.0,0.0,20035.792014811417,19010.896183135177,1024.8958316762382,0,30981.60737160663,7,1.2895189745075912,1951.137188335283,1765.1540169114185,-1,0.0,9.094947017729282e-13,0.004220291040837765,0.09672849997878075,0.0002928330795839429,0.10124162409920245,16213.246443767552,14768.36092783908,8,40,38,78,77,56375.074858472086,61269.41302119693,7605.277772704952,2634.088301087517,1290.9003071502764,4901.530373260988,2846.049894151541,-1,0.0,0.0
causal_42_grid25,319,2025-11-16,11,2,causal_season,42,79146.774250997,79146.774250997,568.2166580809067,240,3093.190165045018,0.0,0.0,52191.03152375104,49575.317676227685,2615.713847523338,0,43382.26177354843,9,1.805299774931116,1765.1540169114185,1669.0001727357178,-1,0.0,8.242295734817162e-13,0.0040586249670013785,0.09729795798193663,0.0002841249806806445,0.10164070792961866,22784.759067123992,20597.50270642444,10,32,44,76,76,107933.8215997244,112765.85183596514,7034.110909971152,4822.676027292926,1807.5942405645178,4901.530373260988,4838.28482005762,-1,0.0,0.0
causal_42_grid25,320,2025-11-17,11,2,causal_season,42,82190.84153946498,82190.84153946498,145.7639473160915,100,7307.457585717471,0.0,0.0,52339.75946161644,51652.27361569076,687.4858459256799,0,41122.54000343291,9,1.7106930997992205,1669.0001727357178,1838.2841577095423,-1,0.0,9.094947017729282e-13,0.004481625044718385,0.10031779098790139,0.0002987500047311187,0.10509816603735089,21727.966785581582,19394.573217851324,10,29,43,72,66,108101.39263808011,113040.86925078652,6880.640273845561,4901.530373260988,1713.4391668097046,4939.476612706406,4715.961071357035,-1,0.0,0.0
causal_42_grid25,321,2025-11-18,11,2,causal_season,42,81115.80694668362,81115.80694668362,275.4565013584416,140,4397.778237142486,0.0,0.0,52202.574710513385,50993.88996681405,1208.6847436993357,0,41381.787310503365,9,1.7220161598655126,1838.2841577095423,1763.1245581005323,-1,0.0,9.094947017729282e-13,0.004626916954293847,0.09993508295156062,0.00029137497767806053,0.10485337488353252,21742.36034403481,19639.42696646856,10,30,45,75,76,111430.30641883354,116405.93428478487,7446.349196385352,4901.530373260988,1724.2411379376401,4975.627865951328,4794.139833365163,-1,0.0,0.0
causal_42_grid25,322,2025-11-19,11,2,causal_season,42,81456.02176195741,81456.02176195741,734.3668781798744,240,4624.466834553794,0.0,0.0,54360.23609388423,50956.23565234069,3404.0004415435315,0,44211.3520792933,9,1.8398704135129846,1763.1245581005323,1633.6420333077053,-1,0.0,9.094947017729282e-13,0.004668375011533499,0.10222158301621675,0.0002950839698314667,0.10718504199758172,23204.48114243839,21006.870936854913,10,31,45,76,72,112966.13118983505,117942.76845234267,7364.678541489773,4901.530373260988,1842.1396699705542,4976.6372625076165,4807.632510099721,-1,0.0,0.0
causal_42_grid25,323,2025-11-20,11,2,causal_season,42,80929.0916247837,80929.0916247837,517.9362566037007,250,4410.933355654269,0.0,0.0,52920.96387319932,50737.684405726715,2183.2794674726115,0,42153.188036199645,9,1.7538948364815357,1633.6420333077053,1658.1055882343355,-1,0.0,7.958078640513122e-13,0.004360874998383224,0.10102716600522399,0.0002810000441968441,0.10566904104780406,22198.10326429973,19955.084771899918,10,29,44,73,72,113051.27598217916,117898.14933770537,7036.067793874644,4901.530373260988,1756.382834841652,4901.530373260988,4689.897131443961,-1,0.0,0.0
causal_42_grid25,324,2025-11-21,11,2,causal_season,42,36418.66774279704,36418.66774279704,236.97539752193947,160,5932.415635704278,0.0,0.0,20197.89977291553,19482.642551057987,715.2572218575436,0,31618.95805992036,5,1.3152030489065838,1658.1055882343355,1853.0635509545486,-1,0.0,9.094947017729282e-13,0.004477333975955844,0.10185195796657354,0.00028179201763123274,0.10661108396016061,16738.900748934197,14880.057310986158,6,38,38,76,71,58159.10546045633,63009.37159252539,7729.141210320254,2680.6621000288105,1317.4565858300148,4901.530373260988,2936.585,-1,0.0,0.0
causal_42_grid25,325,2025-11-22,11,2,causal_season,42,36297.609426167364,36297.609426167364,265.63947447217765,200,4794.877124736436,0.0,0.0,20221.20042439994,19357.48768901003,863.7127353899124,0,31985.292863100763,5,1.331169613698602,1853.0635509545486,1717.9821539518887,-1,0.0,9.094947017729282e-13,0.004422625061124563,0.100526166963391,0.0002986250910907984,0.10524741711560637,16766.91757783527,15218.375285265494,6,39,40,79,75,58683.107776917226,63565.2625526895,7544.026055533688,2683.734460734678,1332.7205359625318,4901.530373260988,3130.6548835666954,-1,0.0,0.0
causal_42_grid25,326,2025-11-23,11,2,causal_season,42,82329.14673924352,82329.14673924352,351.5147075555255,200,5280.9161733625715,0.0,0.0,53410.71989915376,51825.330144759166,1585.389754394591,0,42903.91024610671,9,1.7853838564034914,1717.9821539518887,1627.4050647547456,-1,0.0,9.094947017729282e-13,0.004563625087030232,0.10073062498122454,0.00028499995823949575,0.10557925002649426,22535.779618104923,20368.13062800179,10,29,42,71,75,117987.31636702779,122933.23149584966,7072.143564616068,4871.875988667441,1787.6629269211132,4945.9151288218745,4822.730948707018,-1,0.0,0.0
causal_42_grid25,327,2025-11-24,11,2,causal_season,42,82931.90301247203,82931.90301247203,370.90960179312924,160,7013.080617475021,0.0,0.0,53782.4298607784,52136.784014190736,1645.6458465876658,0,39895.46712487637,9,1.6599456158278372,1627.4050647547456,1655.4708331323855,-1,0.0,9.094947017729282e-13,0.004378249985165894,0.09839166700839996,0.0002828330034390092,0.10305274999700487,21011.62771083326,18883.839414043112,10,29,42,71,67,119927.46152320958,124770.26489731204,7011.658124641035,4875.275833694984,1662.311130203182,4901.530373260988,4838.28482005762,-1,0.0,0.0
causal_42_grid25,328,2025-11-25,11,2,causal_season,42,82560.00585070351,82560.00585070351,327.62951424154016,210,4354.247237786203,0.0,0.0,53086.54530547708,51786.37030030734,1300.1750051697334,0,44398.03707901297,9,1.847292756904413,1655.4708331323855,1683.4985464604847,-1,0.0,9.094947017729282e-13,0.004423624952323735,0.10006258299108595,0.0003085409989580512,0.10479474894236773,23381.382369752573,21016.654709260398,10,31,46,77,76,113325.51674127483,118192.44652774172,7257.70709486522,4901.530373260988,1849.9182116255406,4901.530373260988,4808.304900143129,-1,0.0,0.0
causal_42_grid25,329,2025-11-26,11,2,causal_season,42,83900.98188642689,83900.98188642689,134.54876743015666,120,4874.998732639266,0.0,0.0,53464.71689664361,52872.22860164551,592.488294998092,0,43445.163853982434,9,1.8074508502976134,1683.4985464604847,1799.9373975692763,-1,0.0,9.094947017729282e-13,0.004614334087818861,0.10245041700545698,0.0003106669755652547,0.1073754180688411,22924.01444593344,20521.149408048997,10,31,46,77,76,120421.18217032467,125268.96301635387,7228.5515218352975,4901.530373260988,1810.2151605826014,4901.530373260988,4844.0064657242,-1,0.0,0.0
causal_42_grid25,330,2025-11-27,11,2,causal_season,42,82759.63729344873,82759.63729344873,209.51998027469006,160,5052.278595818508,0.0,0.0,53015.53855706734,52120.53362845714,895.004928610192,0,42439.2420915956,9,1.7660653443048087,1799.9373975692763,1702.143478958687,-1,0.0,9.094947017729282e-13,0.004666208056733012,0.10156354098580778,0.0002839580411091447,0.10651370708364993,22287.614018083597,20151.62807351201,10,29,46,75,74,115604.85574164917,120506.78204744645,7052.170767524887,4901.530373260988,1768.3017538164834,4901.926305797288,4838.28482005762,-1,0.0,0.0
causal_42_grid25,331,2025-11-28,11,2,causal_season,42,37223.42359673609,37223.42359673609,237.86202039150012,170,4905.255549066868,0.0,0.0,21032.591143622012,19913.334223168138,1119.2569204538756,0,32699.63698034016,5,1.3607858570526168,1702.143478958687,1615.7817742383827,-1,0.0,9.094947017729282e-13,0.00432270800229162,0.10092029208317399,0.00030033302027732134,0.10554333310574293,17167.214249200442,15532.422731139717,6,39,40,79,81,65789.20081521607,70677.17463722486,7703.790073260989,3258.7271288035186,1362.4848741808398,4901.530373260988,3059.1924855612656,-1,0.0,0.0
causal_42_grid25,332,2025-11-29,11,2,causal_season,42,37765.31891858704,37765.31891858704,868.0973730599278,220,2439.5056515173983,0.0,0.0,24167.71740458094,20053.2233713283,4114.494033252643,0,31048.96752751444,5,1.2927257610897769,1615.7817742383827,1245.5730186143019,-1,0.0,8.526512829121202e-13,0.004517957917414606,0.10897670802660286,0.0003225000109523535,0.11381716595496982,16156.714033822007,14892.253493692433,6,43,40,83,82,64776.97354931757,69736.80510136326,7583.89825126154,3399.4484846810124,1293.7069803131017,4959.83155204569,2968.261369030468,-1,0.0,0.0
causal_42_grid25,333,2025-11-30,11,2,causal_season,42,86287.31002214062,86287.31002214062,444.914690147245,230,3802.3315295778552,0.0,0.0,56087.19001668818,54201.22167070571,1885.9683459824655,0,46486.30723481391,9,1.933721309236591,1245.5730186143019,1484.321240983048,-1,0.0,9.094947017729282e-13,0.005190916010178626,0.11017658293712884,0.00031779101118445396,0.11568528995849192,24585.686150428624,21900.621084385282,10,32,46,78,73,118247.37401001225,123176.90307194919,7383.051041606927,4901.530373260988,1936.929468117246,4929.529061936937,4838.28482005762,-1,0.0,0.0
causal_42_grid25,334,2025-12-01,12,2,causal_season,42,86529.0500732922,86529.0500732922,3882.391494075553,710,1688.9034210406053,0.0,0.0,69098.40915401586,54410.68004969838,14687.72910431748,0,47318.972294843916,9,1.9690380012126076,1484.321240983048,1417.3666287024125,-1,0.0,9.094947017729282e-13,0.005086040939204395,0.11794166697654873,0.00032991706393659115,0.12335762497968972,24871.291353918863,22447.68094092506,10,33,44,77,73,117767.3875099251,122418.43623985027,7524.41440548233,4733.907133609031,1971.6238456184967,4901.530373260988,4980.587314765197,-1,0.0,0.0
causal_42_grid25,335,2025-12-02,12,2,causal_season,42,85625.11949275198,85625.11949275198,5518.042845450108,820,331.0002345258265,0.0,0.0,80099.17440757205,54083.20821562523,26015.966191946827,0,45270.070876427926,9,1.8840959979775465,1417.3666287024125,1208.794391544302,-1,0.0,7.958078640513122e-13,0.004989749984815717,0.11552187509369105,0.0003084579948335886,0.12082008307334036,23722.2115150521,21547.85936137582,10,33,42,75,81,124084.72575597987,128823.92571722533,7159.9345109363285,4677.555533935507,1886.2529531844966,4901.530373260988,4980.587314765197,-1,0.0,0.0
causal_42_grid25,336,2025-12-03,12,2,causal_season,42,89406.48469298816,89406.48469298816,1819.2382347502808,520,1329.2763664498107,0.0,0.0,62889.93766168687,56770.77587956226,6119.161782124615,0,46766.76260622029,9,1.9453163693297773,1208.794391544302,1481.4617454562203,-1,0.0,9.094947017729282e-13,0.00469633296597749,0.10685945802833885,0.0003132499987259507,0.11186904099304229,24750.230300421135,22016.532305799163,10,34,43,77,82,117220.5170032399,121941.9917202935,7547.922198598506,4566.667472777813,1948.6151085925126,4901.530373260988,4980.587314765197,-1,0.0,0.0
causal_42_grid25,337,2025-12-04,12,2,causal_season,42,88059.48754514553,88059.48754514553,3140.5227153639735,610,2009.2276619466084,0.0,0.0,67895.81306021291,55696.96716555739,12198.845894655526,0,47413.15061737801,9,1.9729764087407573,1481.4617454562203,1405.501332869394,-1,0.0,9.094947017729282e-13,0.004707791027612984,0.10836750001180917,0.0003015840193256736,0.11337687505874783,24916.362232970456,22496.788384407555,10,33,45,78,76,121817.26445292911,126556.49577564624,7659.400998160492,4830.661180284388,1975.5479423907502,4901.530373260988,4980.587314765197,-1,0.0,0.0
causal_42_grid25,338,2025-12-05,12,2,causal_season,42,43419.287828718,43419.287828718,1273.1215055671546,510,1343.9725855117463,0.0,0.0,26984.861957121044,22732.740794338246,4252.121162782797,0,37271.133908990516,7,1.5506464254553352,1405.501332869394,1480.7761025056802,-1,0.0,9.094947017729282e-13,0.004722833982668817,0.10839695890899748,0.00030916603282094,0.11342895892448723,19653.971487215294,17617.162421775218,8,44,45,89,89,67292.30365598788,72159.0405451808,7834.006619194316,3409.296975964059,1552.9639128746048,4901.530373260988,3842.1673571045812,-1,0.0,0.0
causal_42_grid25,339,2025-12-06,12,2,causal_season,42,45455.698707151285,45455.698707151285,1800.3978771817365,460,1972.3977150358191,0.0,0.0,31373.117329125944,23603.385971748954,7769.731357376986,0,36009.698729814234,5,1.4989310474152036,1480.7761025056802,1204.2135372841112,-1,0.0,7.958078640513122e-13,0.0049302090192213655,0.10307412501424551,0.0003057079156860709,0.10831004194915295,18814.38339122238,17195.31533859185,6,39,43,82,83,75621.1504863582,80421.03645068884,8011.082564214492,4297.712005340586,1500.4041137422598,4901.530373260988,3842.1673571045812,-1,0.0,0.0
causal_42_grid25,340,2025-12-07,12,2,causal_season,42,91605.6244502204,91605.6244502204,1246.0750558953719,450,2518.0132390472195,0.0,0.0,62482.12665569847,58116.929619831,4365.197035867471,0,47589.32002718482,9,1.9797528790517769,1204.2135372841112,1380.7621970951036,-1,0.0,9.094947017729282e-13,0.004680541926063597,0.10250316699966788,0.0002851249882951379,0.10746883391402662,25135.16252212669,22454.15750505813,10,34,43,77,78,114342.62428019103,119217.50590380435,7485.430065014895,4654.958805879713,1982.8883344660342,4901.530373260988,4980.587314765197,-1,0.0,0.0
causal_42_grid25,341,2025-12-08,12,2,causal_season,42,97152.11302714341,97152.11302714341,303.1333760514759,140,7104.9694188562735,0.0,0.0,63415.568195461594,62014.27600581282,1401.2921896487662,0,45398.933050997606,9,1.8887508434688012,1380.7621970951036,1494.5682712194525,-1,0.0,7.389644451905042e-13,0.00444887496996671,0.10191020905040205,0.0002757910406216979,0.10663487506099045,23950.99945933478,21447.933591662833,10,33,40,73,74,118352.34337723846,123217.43041620478,7502.238815572351,4365.879099660251,1891.622210458234,4901.530373260988,4525.250166969947,-1,0.0,0.0
causal_42_grid25,342,2025-12-09,12,2,causal_season,42,96928.31181094375,96928.31181094375,205.8345283712706,150,7279.2100109493385,0.0,0.0,62951.30963782921,61841.99466246511,1109.3149753640942,0,46103.93815523911,9,1.9182471657534237,1494.5682712194525,1534.5827322415007,-1,0.0,9.094947017729282e-13,0.0043591249268502,0.10067741700913757,0.00028199993539601564,0.10531854187138379,24285.210108469066,21818.728046770044,10,33,39,72,68,120972.71016042301,125908.59380284164,8103.467003194454,4749.5487836249185,1920.997423134963,4935.883642418627,4980.587314765197,-1,0.0,0.0
causal_42_grid25,343,2025-12-10,12,2,causal_season,42,96045.18891324471,96045.18891324471,593.7596955065179,190,5903.387998310516,0.0,0.0,63856.50690097283,61329.086828232015,2527.420072740815,0,44698.38659268647,9,1.8598615506918041,1534.5827322415007,1529.971822512236,-1,0.0,9.094947017729282e-13,0.00462633406277746,0.10185929201543331,0.00027829199098050594,0.10676391806919128,23523.16436823026,21175.22222445621,10,32,39,71,73,123349.3158158199,128348.35355190796,7932.030158954351,4604.599547669669,1862.4327746952695,4999.037736088061,4606.743652161393,-1,0.0,0.0
causal_42_grid25,344,2025-12-11,12,2,causal_season,42,97503.19182274662,97503.19182274662,87.19942934154756,70,9183.588798666864,0.0,0.0,62464.29331269661,62134.49821465032,329.7950980462976,0,44996.08528205036,9,1.8720685342633352,1529.971822512236,1607.411893185662,-1,0.0,9.094947017729282e-13,0.004426750005222857,0.10126466699875891,0.00028845900669693947,0.10597987601067871,23720.816517735835,21275.26876431452,10,33,39,72,67,123264.32605052556,128134.41185726502,7506.361885367316,4858.167067183256,1874.8368867520985,4901.530373260988,4967.250837240246,-1,0.0,0.0
causal_42_grid25,345,2025-12-12,12,2,causal_season,42,52481.08533486466,52481.08533486466,166.0251596544037,130,6875.988514083099,0.0,0.0,28339.136147006924,27588.907339610065,750.2288073968575,0,34384.323711161866,7,1.4301520226183542,1607.411893185662,1854.7619700465202,-1,0.0,7.389644451905042e-13,0.00457949994597584,0.10099383408669382,0.00027683295775204897,0.10585016699042171,18220.51610413225,16163.807607029616,8,30,41,71,66,67495.95462580261,72350.60807058246,4901.530373260988,3112.6036532246394,1432.6801546317445,4901.530373260988,3751.2212829385026,-1,0.0,0.0
causal_42_grid25,346,2025-12-13,12,2,causal_season,42,55612.45250441434,55612.45250441434,75.54078417440729,80,9907.636535938458,0.0,0.0,29724.50530593616,29314.645326422084,409.8599795140774,0,34671.70959155864,9,1.4423075035945903,1854.7619700465202,2011.9764183030256,-1,0.0,9.094947017729282e-13,0.004630249924957752,0.10063316696323454,0.00027770805172622204,0.10554112493991852,18326.766480437796,16344.943111120843,10,30,44,74,70,79766.58861638786,84638.00164665584,4974.502218692804,4427.188724235732,1444.6545663149434,4901.530373260988,3690.1942323933054,-1,0.0,0.0
causal_42_grid25,347,2025-12-14,12,2,causal_season,42,96865.80058228907,96865.80058228907,173.58121130152693,130,6283.965429986064,0.0,0.0,62805.688920626264,62089.39893360427,716.289987022006,0,44856.108221973525,9,1.8672576757200945,2011.9764183030256,1627.290004592242,-1,0.0,9.094947017729282e-13,0.004367624991573393,0.10128354199696332,0.00028249993920326233,0.10593366692773998,23416.401392789026,21439.706829184495,10,33,38,71,65,119498.20039574399,124482.09913191642,7670.393789981577,4666.123901016494,1869.0045092488965,4983.898736172428,4717.677224524323,-1,0.0,0.0
causal_42_grid25,348,2025-12-15,12,2,causal_season,42,96411.57709086842,96411.57709086842,171.12910568368807,130,4706.22277882868,0.0,0.0,62124.80736044989,61298.05997412555,826.747386324344,0,47201.07371731643,9,1.9641553829922316,1627.290004592242,1549.8410735181083,-1,0.0,9.094947017729282e-13,0.00418329203967005,0.0978340000147,0.0002565419999882579,0.1022738340543583,24803.999584186597,22397.074133129834,10,32,40,72,75,127137.42805276031,132024.47516529384,7747.58026741253,4901.530373260988,1966.7114048881845,4901.530373260988,4940.581670065951,-1,0.0,0.0
causal_42_grid25,349,2025-12-16,12,2,causal_season,42,97247.38507247395,97247.38507247395,144.91810428103392,100,5534.810161255349,0.0,0.0,62810.36476983427,62322.162780232036,488.2019896022313,0,46068.27910523384,9,1.9168187790535278,1549.8410735181083,1564.6169664057459,-1,0.0,9.094947017729282e-13,0.0043589579872787,0.09728858398739249,0.0002851660829037428,0.10193270805757493,24253.840393700073,21814.438711533778,10,32,39,71,73,126243.16221350178,131145.69772608936,7330.929800536576,4898.235125660988,1919.5116293847434,4902.535512587579,4846.8872509982475,-1,0.0,0.0
causal_42_grid25,350,2025-12-17,12,2,causal_season,42,96901.18870098979,96901.18870098979,282.7319334787744,180,6398.758701675252,0.0,0.0,62862.015098952084,61523.21211782225,1338.8029811298247,0,45880.268350791725,9,1.9086361275344492,1564.6169664057459,1743.4287001311222,-1,0.0,9.094947017729282e-13,0.004262041999027133,0.09672287502326071,0.0003178339684382081,0.10130275099072605,24236.791608459185,21643.476742332547,10,33,40,73,67,123706.02370847431,128673.22215209507,7747.58026741253,4896.374184482024,1911.6778479496554,4967.198443620763,4911.287689274353,-1,0.0,0.0
causal_42_grid25,351,2025-12-18,12,2,causal_season,42,94868.48814422973,94868.48814422973,492.58242603326437,170,5631.6274260378395,0.0,0.0,62457.53295455088,60253.55255137162,2203.980403179254,0,47601.845910496675,9,1.9809734756749628,1743.4287001311222,1601.0472255949471,-1,0.0,8.242295734817162e-13,0.0043967500096186996,0.09878729202318937,0.00028650008607655764,0.10347054211888462,24982.511044027582,22619.334866469093,10,34,42,76,71,124240.01030982024,129183.10123262847,7571.598073260988,4886.911982681733,1983.410246270695,4943.090922808227,4980.587314765197,-1,0.0,0.0
causal_42_grid25,352,2025-12-19,12,2,causal_season,42,54030.34441394509,54030.34441394509,168.49244398624296,110,9223.103426315687,0.0,0.0,29249.250944622374,28608.259651792556,640.991292829819,0,34992.954249163755,9,1.4555234738780116,1601.0472255949471,1826.96804977,-1,0.0,9.094947017729282e-13,0.004484749981202185,0.10081687499769032,0.00028908299282193184,0.10559070797171444,18530.1481903897,16462.806058774055,10,27,42,69,65,85456.86392882813,90351.771065881,7563.967790252569,4585.30260724415,1458.039760381823,4901.530373260988,3692.434685788601,-1,0.0,0.0
causal_42_grid25,353,2025-12-20,12,2,causal_season,42,54920.58725060429,54920.58725060429,66.8975286686087,60,10143.953675938286,0.0,0.0,29335.51180334486,29083.137479279343,252.37432406551306,0,35231.16766319553,9,1.4656388493901165,1826.96804977,1960.05938569587,-1,0.0,7.958078640513122e-13,0.004925208049826324,0.10821629199199378,0.0003028750652447343,0.11344437510706484,18609.17325826507,16621.994404930458,10,31,44,75,69,75488.80458872611,80377.88792234355,4973.311499094399,3833.735811135322,1467.9653192998135,4901.530373260988,3634.60790796832,-1,0.0,0.0
causal_42_grid25,354,2025-12-21,12,2,causal_season,42,97051.41792271826,97051.41792271826,448.4041494734442,180,6430.837831363018,0.0,0.0,63857.6319880629,62138.07013022447,1719.5618578384267,0,44850.31902967667,9,1.8668964240065007,1960.05938569587,1630.2615525592996,-1,0.0,9.094947017729282e-13,0.004810250014998019,0.11634100007358938,0.00037629203870892525,0.12152754212729633,23440.76070191935,21409.558327757324,10,33,38,71,73,125711.20551273615,130707.22862768342,7826.0470671178155,4891.307814458213,1868.7632929031945,4996.023114947273,4980.587314765197,-1,0.0,0.0
causal_42_grid25,355,2025-12-22,12,2,causal_season,42,97289.44388389465,97289.44388389465,165.93274362460656,130,6230.306141750376,0.0,0.0,62521.00597682074,61880.3518069375,640.6541698832422,0,47044.563819645366,9,1.957887032749597,1630.2615525592996,1441.6138141240644,-1,0.0,8.526512829121202e-13,0.004984125029295683,0.11775508301798254,0.00032745907083153725,0.12306666711810976,24666.103611040457,22378.460208604913,10,33,40,73,70,124962.22612989473,129713.27307740621,7678.229173260988,4900.7554753143695,1960.1901591518904,4901.530373260988,4950.888066213284,-1,0.0,0.0
causal_42_grid25,356,2025-12-23,12,2,causal_season,42,97087.02876414033,97087.02876414033,36.33208692699506,60,7206.727242268496,0.0,0.0,62146.86705376153,61998.28535706848,148.58169669305047,0,45343.86746074242,9,1.8861118317961851,1441.6138141240644,1714.013095513482,-1,0.0,9.094947017729282e-13,0.005626874975860119,0.1320208751130849,0.0003661249065771699,0.1380138749955222,24001.20426810396,21342.663192638458,10,32,40,72,68,113805.59716417363,118760.1664339336,7824.092773260989,4510.357542603098,1889.3278108642673,4954.56926975997,4526.799526161756,-1,0.0,0.0
causal_42_grid25,357,2025-12-24,12,2,causal_season,42,95742.61154133118,95742.61154133118,302.17297551583727,180,6009.7217176018785,0.0,0.0,62236.06738518247,60740.123680541394,1495.9437046410662,0,47149.1453958074,9,1.9624859284665144,1714.013095513482,1412.564801938065,-1,0.0,8.526512829121202e-13,0.005647415993735194,0.13085041707381606,0.0003576250746846199,0.13685545814223588,24664.824439192933,22484.320956614465,10,34,41,75,69,126865.69904356566,131836.71670205088,7642.344541220402,4899.109983338225,1964.5477248253083,4971.017658485227,4980.587314765197,-1,0.0,0.0
causal_42_grid25,358,2025-12-25,12,2,causal_season,42,96776.43715788401,96776.43715788401,284.1143555051068,180,6728.948964864983,0.0,0.0,62783.933289185596,61525.63509561739,1258.2981935682026,0,45539.31970857658,9,1.894573076135755,1412.564801938065,1535.0823262175245,-1,0.0,9.094947017729282e-13,0.005556458956561983,0.13443545799236745,0.00036874995566904545,0.14036066690459847,24029.236861883684,21510.082846692894,10,32,39,71,67,126990.7447544767,131950.63843712062,7366.491230240223,4901.530373260988,1897.4716545240242,4959.893682643923,4980.587314765197,-1,0.0,0.0
causal_42_grid25,359,2025-12-26,12,2,causal_season,42,51901.808357906986,51901.808357906986,77.98822550563618,60,6432.266388154787,0.0,0.0,27797.9263779173,27379.752387685636,418.17399023166683,0,35992.54615192032,7,1.4961931766477234,1535.0823262175245,2181.5415476379126,-1,0.0,9.094947017729282e-13,0.005602833000011742,0.12692562502343208,0.0003619999624788761,0.1328904579859227,19266.226956922415,16726.319194997915,8,29,44,73,74,78727.96684558157,83723.84487193056,5238.334081177437,4577.144350844064,1499.6894229966804,4995.878026348992,3910.0700000000006,-1,0.0,0.0
causal_42_grid25,360,2025-12-27,12,2,causal_season,42,53851.19184647803,53851.19184647803,40.868251847913086,50,9068.43526751515,0.0,0.0,28833.575969149668,28618.52228954455,215.05367960512194,0,33855.78765962616,9,1.4093550131700996,2181.5415476379126,1884.061442713206,-1,0.0,7.389644451905042e-13,0.00562312500551343,0.13396504195407033,0.0003570419503375888,0.13994520890992135,17670.301711885146,16185.485947741014,10,30,43,73,68,78033.00451207225,82893.16250541664,5123.931138413771,4528.339481204208,1410.65781915109,4901.530373260988,3879.2436148351762,-1,0.0,0.0
causal_42_grid25,361,2025-12-28,12,2,causal_season,42,96586.11420279447,96586.11420279447,156.67864975506086,100,7689.999113931916,0.0,0.0,62736.086893762425,61834.820230876954,901.2666628854732,0,43289.490689830185,9,1.801305350012779,1884.061442713206,1849.157807988312,-1,0.0,9.094947017729282e-13,0.005619333009235561,0.1304780839709565,0.0003387919859960675,0.13643620896618813,22766.51483922391,20522.97585060628,10,31,38,69,70,119778.9337610682,124618.43885326473,6960.896446200598,4871.305277317611,1803.7287787429243,4901.530373260988,4980.587314765197,-1,0.0,0.0
causal_42_grid25,362,2025-12-29,12,2,causal_season,42,95864.09340365605,95864.09340365605,341.33366730752766,110,6568.936444652551,0.0,0.0,62755.27132462783,61188.63170857132,1566.6396160565062,0,44208.36890917577,9,1.8399323537783414,1849.157807988312,1634.8288488778394,-1,0.0,9.094947017729282e-13,0.005194416036829352,0.11786708398722112,0.0003364579752087593,0.12339795799925923,23160.546634410057,21047.822274765706,10,33,41,74,71,119052.60179146308,123959.45865469234,7133.743721216271,4585.30260724415,1842.0153712156566,4906.8568632292545,4507.133586238839,-1,0.0,0.0
causal_42_grid25,363,2025-12-30,12,2,causal_season,42,95286.14022253783,95286.14022253783,353.4384784310831,140,7008.678848865433,0.0,0.0,62115.00586130745,60428.903435688124,1686.1024256193227,0,45471.74049091177,9,1.8920007644754975,1634.8288488778394,1648.0949883561896,-1,0.0,9.094947017729282e-13,0.004954459029249847,0.11407087498810142,0.0002957920078188181,0.11932112602517009,23939.118871507628,21532.62161940414,10,32,42,74,68,117899.00381049779,122896.48496830407,7350.160629467879,4826.422413104002,1894.65585378799,4997.481157806282,4980.587314765197,-1,0.0,0.0
causal_42_grid25,364,2025-12-31,12,2,causal_season,42,94387.16661735711,94387.16661735711,957.0460873144486,300,4353.009668244442,0.0,0.0,64152.27211458165,59869.52538530082,4282.74672928083,0,46892.69364569719,9,1.9514248524577984,1648.0949883561896,1524.667513047641,-1,0.0,9.094947017729282e-13,0.004698166041634977,0.10852708294987679,0.00031150004360824823,0.11353674903512001,24618.736874395487,22273.956771301702,10,32,42,74,70,123232.59388353639,128146.17260832454,7605.277772704952,4901.530373260988,1953.8622352373827,4913.578724788153,4754.192208572078,-1,0.0,0.0
