run_id,day,date,month,scenario,forecast,seed,planned_kwh,final_kwh,emergency_kwh,emergency_minutes,surplus_kwh,up_cost,down_cost,total_cost,planned_cost,emergency_cost,simultaneous_slots,throughput_kwh,direction_reversals,equivalent_full_cycles,initial_soc,final_soc,final_mode,max_balance_error,max_state_error,risk_seconds,planning_seconds,execution_seconds,compute_seconds,charge_kwh,discharge_kwh,direction_reversals_including_warmup_boundary,charging_slots,discharging_slots,active_slots,power_changes_count,power_ramp_total_kw,power_ramp_total_kw_including_warmup_boundary,power_ramp_max_kw_per_10min,power_ramp_p95_kw_per_10min,mean_absolute_power_kw,max_charge_kw,max_discharge_kw,initial_mode,initial_power_kw,final_power_kw
greedy_execution,31,2025-02-01,2,2,no_season,42,65449.894066159875,65449.894066159875,0.0,0,22774.99327326977,0.0,0.0,38272.97716872327,38272.97716872327,0.0,0,31096.40140776676,12,1.2792618795200263,1421.7991105135516,8091.114949837735,1,0.0,9.094947017729282e-13,0.005045374971814454,0.030989915947429836,0.000321374973282218,0.03635666589252651,19696.563133661766,11399.838274104994,12,54,33,87,80,80597.36745306545,85424.60745306546,7082.474065845347,3554.481189669041,1295.6833919902815,5000.0,3133.7456512103026,1,172.75999999999976,372.9115714106945
greedy_execution,32,2025-02-02,2,2,no_season,42,91475.09031096728,91475.09031096728,0.0,0,15864.222690669136,0.0,0.0,59653.44250653263,59653.44250653263,0.0,0,33768.47772615029,16,1.4150017372557535,8091.114949837735,3562.139149005723,1,0.0,8.810729923425242e-13,0.00540720799472183,0.031525917001999915,0.00029025005642324686,0.03722337505314499,15511.533698224222,18256.94402792607,16,54,38,92,88,92317.96784183757,96945.05627042688,8054.464591949651,4161.131295096972,1407.0199052562623,5000.0,4506.926520754334,1,372.9115714106945,494.61115853579463
greedy_execution,33,2025-02-03,2,2,no_season,42,81540.23875382775,81540.23875382775,0.0,0,777.8430925201995,0.0,0.0,51350.90108391878,51350.90108391878,0.0,0,43767.8419380642,21,1.8249932989791744,3562.139149005723,1801.6075816289526,-1,0.0,9.094947017729282e-13,0.0012569589307531714,0.03186608396936208,0.0003614169545471668,0.03348445985466242,22156.660549685876,21611.181388378325,21,70,68,138,139,128070.0634447401,132575.4522862043,7236.401218599259,4697.322706268634,1823.660080752675,5000.0,4765.604153584892,1,494.61115853579463,-161.26924567347055
greedy_execution,34,2025-02-04,2,2,no_season,42,87748.22564728392,87748.22564728392,0.0,0,3836.978090417456,0.0,0.0,54910.36411430345,54910.364114303455,0.0,0,46958.92650227895,18,1.9533723340644613,1801.6075816289526,2046.8085901079862,1,0.0,9.094947017729282e-13,0.0011992499930784106,0.030521332984790206,0.0004368330119177699,0.032157415989786386,24837.655054572708,22121.271447706236,19,75,56,131,124,119084.03759266397,124245.30683833743,6873.713268511947,4641.891791062074,1956.621937594956,5000.0,4754.325462150912,-1,-161.26924567347055,324.29995696487435
greedy_execution,35,2025-02-05,2,2,no_season,42,88328.04204264967,88328.04204264967,173.0312527894581,10,5850.865567419811,0.0,0.0,56905.35684138369,55698.29082192443,1207.0660194592597,0,43607.771859760134,26,1.8153359817440817,2046.8085901079862,1652.8974858393187,1,0.0,9.094947017729282e-13,0.0015730420127511024,0.02964741608593613,0.0002805410185828805,0.03150099911727011,22754.776302223057,20852.995557537073,26,66,61,127,129,121536.25980199542,125863.78207846032,6930.726992952517,4622.6183749775755,1816.990494156672,5000.0,4960.93833194722,1,324.29995696487435,226.42731921814197
greedy_execution,36,2025-02-06,2,2,no_season,42,86871.0408745966,86871.0408745966,17.048695078380433,20,3942.222773944037,0.0,0.0,54621.31668139395,54522.02703294371,99.28964845023924,0,43807.27215515394,28,1.821962439664551,1652.8974858393187,2022.5735337617832,1,0.0,9.094947017729282e-13,0.0014369579730555415,0.02926379209384322,0.0003105420619249344,0.031011292128823698,23241.040867109114,20566.231288044833,28,76,58,134,134,118216.46959491223,122581.47974571919,7264.488437081643,4764.94856389366,1825.3030064647473,5000.0,5000.0,1,226.42731921814197,297.2037776008124
greedy_execution,37,2025-02-07,2,2,no_season,42,41030.09600070519,41030.09600070519,0.0,0,7520.830068769311,0.0,0.0,21476.40642947189,21476.406429471885,0.0,0,34751.140003455526,18,1.4462327135271391,2022.5735337617832,1896.9783552529248,1,0.0,9.094947017729282e-13,0.00157512491568923,0.029940250096842647,0.00027716695331037045,0.03179254196584225,18227.36313436237,16523.776869093155,18,62,55,117,117,77620.13767705325,82322.93389945244,5632.345288528881,4096.363034076907,1447.964166810647,5000.0,3213.6875,1,297.2037776008124,95.05255781854339
greedy_execution,38,2025-02-08,2,2,no_season,42,37011.61385756945,37011.61385756945,0.0,0,3485.902611632863,0.0,0.0,19397.68067590212,19397.68067590212,0.0,0,33895.46708556059,24,1.4099922479745222,1896.9783552529248,2061.783352715908,1,0.0,9.094947017729282e-13,0.0017634170362725854,0.030644499929621816,0.0002768749836832285,0.03268479194957763,17922.00780741525,15973.459278145336,24,66,56,122,123,74333.5119862466,79196.99325096891,7880.555810700486,4072.2023076434302,1412.3111285650245,4958.533822540862,3082.969,1,95.05255781854339,255.22054733215828
greedy_execution,39,2025-02-09,2,2,no_season,42,81238.32453314668,81238.32453314668,768.6901090467748,60,659.0653873512904,0.0,0.0,54064.648303358284,50454.972915284816,3609.6753880734605,0,46405.88734696204,32,1.9323258530013028,2061.783352715908,1410.9995296528473,1,0.0,9.094947017729282e-13,0.0018072909442707896,0.031797499977983534,0.0002911250339820981,0.03389591595623642,24099.210317568763,22306.67702939327,32,59,70,129,129,121151.5836929889,125896.36314565675,6803.922615742038,4763.61911426778,1933.5786394567517,5000.0,5000.0,1,255.22054733215828,76.04291283364728
greedy_execution,40,2025-02-10,2,2,no_season,42,84426.99398842824,84426.99398842824,0.0,0,7937.096207217572,0.0,0.0,52754.29604129401,52754.29604129401,0.0,0,39979.41868846237,26,1.6633705553603704,1410.9995296528473,1470.161795580468,1,0.0,9.094947017729282e-13,0.002097125048749149,0.03096170793287456,0.0002832090249285102,0.03334204200655222,21071.339443169854,18908.079245292516,26,59,62,121,117,123377.01422456538,128298.15291411885,6858.082734297563,4736.253519835682,1665.8091120192653,5000.0,4958.517174091435,1,76.04291283364728,42.82940917216092
greedy_execution,41,2025-02-11,2,2,no_season,42,82059.4371192721,82059.4371192721,0.0,0,4358.695247973039,0.0,0.0,50657.732876362825,50657.73287636283,0.0,0,45201.36212978677,26,1.8805576315785109,1470.161795580468,1571.427829013878,1,0.0,9.094947017729282e-13,0.0022194579942151904,0.030599458958022296,0.0002740419004112482,0.033092958852648735,23840.753433876253,21360.608695910523,26,68,58,126,118,116793.11875698791,121738.17063687496,7333.912163181666,4636.394734292184,1883.3900887411155,5000.0,4883.147273284332,1,42.82940917216092,225.32187490924457
greedy_execution,42,2025-02-12,2,2,no_season,42,82642.17054705715,82642.17054705715,0.0,0,4926.811796584752,0.0,0.0,51248.53768593649,51248.53768593649,0.0,0,43342.133551730076,28,1.8030514779294275,1571.427829013878,1739.117941217296,1,0.0,9.023892744153272e-13,0.0022976669715717435,0.03092291601933539,0.00027595891151577234,0.033496541902422905,22895.378084434567,20446.75546729551,28,76,62,138,130,122937.37112007149,127712.04924516224,7157.331707151046,4639.725943159697,1805.9222313220862,5000.0,4832.945663445718,1,225.32187490924457,212.61989003848043
greedy_execution,43,2025-02-13,2,2,no_season,42,81930.78139043723,81930.78139043723,0.0,0,8606.055745958429,0.0,0.0,50846.77009704927,50846.77009704927,0.0,0,39882.76627583891,34,1.659706744262906,1739.117941217296,1635.1274761451764,1,0.0,8.339995360984176e-13,0.0023921249667182565,0.030393207911401987,0.0002864160342141986,0.03307174891233444,20939.006451825517,18943.75982401339,34,59,61,120,114,118762.57478658727,123388.78892948342,7340.464942376711,4697.8409820894185,1661.7819281599545,5000.0,4859.64667861033,1,212.61989003848043,99.5290783828109
greedy_execution,44,2025-02-14,2,2,no_season,42,35068.71430142384,35068.71430142384,0.0,0,3389.6313749160286,0.0,0.0,18210.77096166699,18210.77096166699,0.0,0,33386.91819273412,17,1.3889298063866584,1635.1274761451764,1755.3690203431108,-1,0.0,9.00612917575927e-13,0.002597374957986176,0.03039791702758521,0.00026787503156811,0.033263167017139494,17632.099651287634,15754.818541446488,17,76,54,130,130,70758.10365860217,75349.11201049936,7891.098109694616,3084.9438034125383,1391.1215913639217,5000.0,3358.6035,1,99.5290783828109,-68.06939543714884
greedy_execution,45,2025-02-15,2,2,no_season,42,37656.042416799115,37656.042416799115,0.0,0,6700.177522141006,0.0,0.0,19627.943440375,19627.943440375,0.0,0,32132.080674847395,17,1.3370148575894578,1755.3690203431108,1739.9593163384036,-1,0.0,9.094947017729282e-13,0.0030367920408025384,0.03089741710573435,0.00028962502256035805,0.034223834169097245,16903.92723475275,15228.153440094644,18,63,53,116,117,69743.75958461419,74453.28034205313,7879.799767432169,4200.765957569628,1338.836694785308,5000.0,3275.9718415170773,-1,-68.06939543714884,-37.492228025201484
greedy_execution,46,2025-02-16,2,2,no_season,42,79913.18746050438,79913.18746050438,5.661516975403629,10,2387.526037749464,0.0,0.0,49359.08510078232,49333.32802930272,25.75707147959881,0,44593.441375135124,36,1.8559087896361859,1739.9593163384036,1546.6119459463325,1,0.0,9.094947017729282e-13,0.0028976249741390347,0.03093745792284608,0.00027950003277510405,0.03411458292976022,23373.69260743272,21219.748767702404,37,68,69,137,132,123538.46506318214,128285.26656050174,7289.731826061274,4748.32514379776,1858.0600572972965,5000.0,5000.0,-1,-37.492228025201484,200.35213021738718
greedy_execution,47,2025-02-17,2,2,no_season,42,80740.0748343725,80740.0748343725,0.0,0,7384.336460286871,0.0,0.0,49826.23918447953,49826.239184479535,0.0,0,38689.05486946518,36,1.609511855402038,1546.6119459463325,1682.4093230473038,1,0.0,9.094947017729282e-13,0.002898833015933633,0.03192091709934175,0.00030212500132620335,0.035121875116601586,20430.46503844207,18258.589831023106,36,70,58,128,122,115901.41601203324,120509.5483141954,6830.871761785138,4693.535100006676,1612.0439528943825,5000.0,4831.47935242571,1,200.35213021738718,262.741278776399
greedy_execution,48,2025-02-18,2,2,no_season,42,78595.32590634155,78595.32590634155,3.399561461987105,10,4075.7566730746225,0.0,0.0,48382.580347633986,48367.11404276268,15.466304871310335,0,42344.8296732512,24,1.7614768991503922,1682.4093230473038,1885.596706612878,1,0.0,9.094947017729282e-13,0.0034516670275479555,0.03163737501017749,0.00028370798099786043,0.03537275001872331,22388.205342323396,19956.624330927814,24,75,52,127,124,122037.4210059788,126718.60792107413,7721.851447818018,4580.095505750997,1764.3679030521334,5000.0,5000.0,1,262.741278776399,87.20160574877195
greedy_execution,49,2025-02-19,2,2,no_season,42,78408.80826540149,78408.80826540149,9.037460670932319,10,3625.172506758906,0.0,0.0,48379.431140248365,48339.851581240015,39.57955900834809,0,44316.35628201744,39,1.844875913034545,1885.596706612878,1465.9210669785991,-1,0.0,9.094947017729282e-13,0.003360291011631489,0.030648959102109075,0.0002879159292206168,0.03429716604296118,23114.851058998807,21201.505223018634,39,67,67,134,129,121213.73678379695,126055.34960829983,8183.120278602986,4609.169211123675,1846.5148450840602,5000.0,5000.0,1,87.20160574877195,-58.25599749153071
greedy_execution,50,2025-02-20,2,2,no_season,42,78703.65104601695,78703.65104601695,5.4644472704088685,10,5419.4941702807655,0.0,0.0,48714.06386932235,48688.468398307756,25.595471014595137,0,40954.59486207226,28,1.7037667197613198,1465.9210669785991,1607.0993372835644,1,0.0,9.094947017729282e-13,0.003572167013771832,0.030546874972060323,0.00027900002896785736,0.03439804201480001,21625.541225872763,19329.0536361995,29,64,60,124,124,108052.84905147529,113111.10504896683,6618.0116870635375,4616.476148650169,1706.4414525863442,5000.0,5000.0,-1,-58.25599749153071,140.2809556260114
greedy_execution,51,2025-02-21,2,2,no_season,42,35493.299566997186,35493.299566997186,0.0,0,7902.468491798356,0.0,0.0,18363.082901852693,18363.082901852697,0.0,0,31699.569104365375,21,1.3181893902637143,1607.0993372835644,1969.7726712201727,-1,0.0,7.958078640513122e-13,0.003647874924354255,0.03081000002566725,0.0002714169677346945,0.0347292919177562,16865.069073115435,14834.500031249936,21,64,52,116,117,69009.96471921357,73759.31716064733,8010.111967093563,2989.6509336429176,1320.8153793485571,4928.8520065439525,3139.6677042934116,1,140.2809556260114,-7.6497094564330155
greedy_execution,52,2025-02-22,2,2,no_season,42,34962.977313945674,34962.977313945674,0.0,0,5269.097409567171,0.0,0.0,18221.934320664244,18221.934320664244,0.0,0,31335.58819061159,21,1.3034009431375329,1969.7726712201727,2169.9256209479927,-1,0.0,8.526512829121202e-13,0.003717959043569863,0.030708165955729783,0.000293583027087152,0.0347197080263868,16592.352605828382,14743.235584783211,22,74,50,124,125,66153.00928861545,71160.65899807189,7976.327442131581,2749.591599494156,1305.6495079421495,5000.0,3181.83,-1,-7.6497094564330155,-143.5727092878974
greedy_execution,53,2025-02-23,2,2,no_season,42,78394.16533332912,78394.16533332912,0.0,0,5260.729414450073,0.0,0.0,48494.36827259059,48494.36827259059,0.0,0,40704.528506977505,28,1.694858857233575,2169.9256209479927,1628.413714249375,1,0.0,9.094947017729282e-13,0.0041371670085936785,0.032089457963593304,0.00031295802909880877,0.03653958300128579,21153.055371261606,19551.473135715903,29,65,56,121,118,117124.36040322983,122215.82868539335,6630.170148694476,4563.4128128907605,1696.022021124063,5000.0,4875.259375293397,-1,-143.5727092878974,2.843570515206693
greedy_execution,54,2025-02-24,2,2,no_season,42,77701.58081124561,77701.58081124561,5.931070242428177,10,7366.215408526055,0.0,0.0,47646.65015572081,47620.67799912922,25.972156591592988,0,39675.57251428698,24,1.6507476214222607,1628.413714249375,1678.5580436203636,1,0.0,9.094947017729282e-13,0.004537333035841584,0.033548499923199415,0.00027129100635647774,0.03835712396539748,20906.91768529115,18768.65482899583,24,72,56,128,121,114713.0200999892,119710.17652947399,7523.029961406492,4515.167200269622,1653.1488547619576,5000.0,5000.0,1,2.843570515206693,167.8209582233494
greedy_execution,55,2025-02-25,2,2,no_season,42,76390.66637605272,76390.66637605272,0.0,0,8574.324159573687,0.0,0.0,46900.21088610654,46900.21088610655,0.0,0,38461.65237197607,24,1.600411981493171,1678.5580436203636,1649.2388971069395,1,0.0,7.958078640513122e-13,0.0039714580634608865,0.03172174992505461,0.0003212500596418977,0.036014458048157394,20228.33567756089,18233.31669441518,24,68,48,116,109,112884.20368668754,117632.26626960811,7937.604409235386,4775.004113325106,1602.5688488323362,5000.0,4976.091060933799,1,167.8209582233494,205.4858728497088
greedy_execution,56,2025-02-26,2,2,no_season,42,73837.2183689758,73837.2183689758,0.0,0,2219.5466147831585,0.0,0.0,45200.31134458035,45200.31134458035,0.0,0,41515.96942325098,30,1.726077863515527,1649.2388971069395,2267.8690183073345,1,0.0,9.094947017729282e-13,0.0045328750275075436,0.03208587504923344,0.0002852079924196005,0.03690395806916058,22159.39657205514,19356.572851195844,30,80,59,139,139,116219.18542341348,120832.13072688738,7783.255043291709,4564.277052278229,1729.8320593021242,5000.0,4813.691998754386,1,205.4858728497088,198.21951162968162
greedy_execution,57,2025-02-27,2,2,no_season,42,74965.78164906216,74965.78164906216,218.02223291782656,40,6421.588050157523,0.0,0.0,47061.98443843164,45977.2983554821,1084.6860829495417,0,41920.5729475232,16,1.7451496019187591,2267.8690183073345,1866.5985438222392,1,0.0,9.094947017729282e-13,0.004315625061281025,0.0337721249088645,0.0002954580122604966,0.03838320798240602,21863.102289672835,20057.470657850365,16,71,47,118,109,115270.38461883584,120072.16510720616,7631.165461563209,4676.817702948852,1746.6905394801333,5000.0,4974.071362912563,1,198.21951162968162,389.78268208437316
greedy_execution,58,2025-02-28,2,2,no_season,42,34165.4735058438,34165.4735058438,0.0,0,8994.74109592816,0.0,0.0,17624.36461542085,17624.36461542085,0.0,0,30699.797907062653,20,1.2768091807022017,1866.5985438222392,2129.3227027474636,1,0.0,9.094947017729282e-13,0.005231040995568037,0.03227204200811684,0.0002934589283540845,0.03779654193203896,16288.968383489151,14410.829523573506,20,68,44,112,112,66439.36798652781,71049.58530444343,8125.8428,2578.4819041531305,1279.1582461276107,5000.0,3125.8428,1,389.78268208437316,179.85527809331631
greedy_execution,59,2025-03-01,3,2,no_season,42,33515.14590965703,33515.14590965703,0.0,0,8389.22839383009,0.0,0.0,17423.15207481516,17423.15207481516,0.0,0,28944.22022781716,20,1.204461124067763,2129.3227027474636,2073.016232367206,1,0.0,8.988365607365267e-13,0.005007375031709671,0.032086499966681004,0.00027470802888274193,0.037368583027273417,15205.685905155386,13738.534322661777,20,74,46,120,122,60866.35190904947,65435.13201064029,7813.293289815259,2622.934372700073,1206.0091761590484,4950.119189815259,2873.681,1,179.85527809331631,308.71002693240644
greedy_execution,60,2025-03-02,3,2,no_season,42,76602.49944162705,76602.49944162705,963.2827790852909,60,3733.716673461836,0.0,0.0,53741.789955835746,47278.81647215994,6462.973483675814,0,39851.80892747943,28,1.6595602660868325,2073.016232367206,1448.4454287735143,1,0.0,8.775202786637237e-13,0.004847333068028092,0.03456066700164229,0.0003054160624742508,0.03971341613214463,20662.783704031637,19189.025223447796,28,72,63,135,133,117601.7651182359,122293.0550913035,7237.849966497524,4611.031467215162,1660.4920386449764,5000.0,4588.975,1,308.71002693240644,47.87410403015451
greedy_execution,61,2025-03-03,3,2,no_season,42,79260.43360822437,79260.43360822437,0.0,0,4665.768672204244,0.0,0.0,48705.821421632136,48705.82142163212,0.0,0,44652.41122880088,24,1.8574390965146002,1448.4454287735143,1676.152427048183,1,0.0,8.86402062860725e-13,0.005153917009010911,0.03322175005450845,0.0003065000055357814,0.03868216706905514,23614.96476574383,21037.44646305705,24,72,61,133,129,114755.91660431222,119470.31866884594,7584.535631999563,4602.112447270539,1860.5171345333702,5000.0,4747.943504221201,1,47.87410403015451,61.25373473347895
greedy_execution,62,2025-03-04,3,2,no_season,42,80281.42415404477,80281.42415404477,0.0,0,8947.621844791447,0.0,0.0,49658.99192712982,49658.99192712983,0.0,0,38454.48008881058,23,1.5998067593801357,1676.152427048183,1786.7300591189023,-1,0.0,8.455458555545192e-13,0.004994208109565079,0.03517487505450845,0.0003280419623479247,0.04049712512642145,20294.412232365285,18160.06785644529,23,69,48,117,113,112997.12843696785,117935.87470223437,7407.6457964075125,4379.626635504797,1602.2700037004408,5000.0,4661.986300364059,1,61.25373473347895,-66.91824560281339
greedy_execution,63,2025-03-05,3,2,no_season,42,77459.50888331037,77459.50888331037,0.0,0,9428.382148336343,0.0,0.0,47620.37309198908,47620.37309198908,0.0,0,37270.39482792572,17,1.5509145861768685,1786.7300591189023,1725.7004624945287,-1,0.0,9.094947017729282e-13,0.005861999932676554,0.03423087496776134,0.00031349994242191315,0.040406374842859805,19585.524773116533,17684.870054809187,18,70,47,117,112,109270.49427105486,114235.04955492282,6533.825111879746,4520.101414773838,1552.9331178302382,5000.0,4765.707920367114,-1,-66.91824560281339,-46.46529744175382
greedy_execution,64,2025-03-06,3,2,no_season,42,74072.97414925942,74072.97414925942,0.0,0,6460.9399985932405,0.0,0.0,45344.82008515294,45344.82008515294,0.0,0,38029.58748961569,21,1.5830950112793865,1725.7004624945287,1395.0649820774574,-1,0.0,9.094947017729282e-13,0.005246459040790796,0.033327915938571095,0.0003000000724568963,0.03887437505181879,19850.483753474266,18179.103736141413,22,68,65,133,128,116238.11335180528,121244.63515227204,7465.4141812758935,4430.250264183147,1584.5661454006533,5000.0,4529.257394372438,-1,-46.46529744175382,-125.37870997182642
greedy_execution,65,2025-03-07,3,2,no_season,42,33584.67072064556,33584.67072064556,0.0,0,10347.829905439596,0.0,0.0,17432.4060899146,17432.4060899146,0.0,0,28365.867522462162,10,1.178468727717284,1395.0649820774574,2217.8202084631666,1,0.0,9.094947017729282e-13,0.0049027500208467245,0.030310374917462468,0.00028241705149412155,0.035495541989803314,15340.211402167397,13025.656120294765,11,71,38,109,110,61741.2751362515,66540.14289158388,7509.607811042155,2811.4578801465486,1181.9111467692567,5000.0,2779.7824,-1,-125.37870997182642,201.60788279592953
greedy_execution,66,2025-03-08,3,2,no_season,42,31136.874532886104,31136.874532886104,0.0,0,10597.181593574609,0.0,0.0,16486.65809383872,16486.658093838723,0.0,0,27979.287192880856,20,1.1641791319511736,2217.8202084631666,2221.7850636221874,1,0.0,8.482103908136196e-13,0.0047637090319767594,0.031820124946534634,0.0002764579840004444,0.03686029196251184,14727.920307762844,13251.366885118012,20,61,53,114,115,59893.73859435493,64692.130711559,7476.175021401734,2720.8672941840223,1165.8036330367022,5000.0,2717.2579,1,201.60788279592953,84.11201046850078
greedy_execution,67,2025-03-09,3,2,no_season,42,70224.73382260915,70224.73382260915,0.0,0,5204.460636419294,0.0,0.0,42862.973115042165,42862.973115042165,0.0,0,39888.05997343461,26,1.660605091887585,2221.7850636221874,1808.588931575938,1,0.0,9.094947017729282e-13,0.0044940420193597674,0.03158108296338469,0.0002725840313360095,0.036347709014080465,20787.404054812232,19100.65591862237,26,58,62,120,117,112166.27683020089,117082.1648197324,7443.108723493982,4416.927071930878,1662.0024988931084,5000.0,4662.5182,1,84.11201046850078,112.06971556856365
greedy_execution,68,2025-03-10,3,2,no_season,42,70680.34769730273,70680.34769730273,0.0,0,420.2343730600314,0.0,0.0,42912.82641713416,42912.826417134165,0.0,0,42110.21535279625,28,1.752156672192555,1808.588931575938,1810.3060619334397,1,0.0,9.094947017729282e-13,0.004524333053268492,0.028864082996733487,0.0002592910313978791,0.03364770708139986,22164.12861351947,19946.08673927678,28,75,65,140,140,121650.599039461,126293.57553790824,7301.478227355461,4762.422990405135,1754.5923063665102,4998.898500609708,4859.5256650598485,1,112.06971556856365,101.73650511510027
greedy_execution,69,2025-03-11,3,2,no_season,42,73880.49671789582,73880.49671789582,0.0,0,7640.579028906879,0.0,0.0,44910.71977156443,44910.71977156443,0.0,0,37165.918765608956,26,1.5456762087691107,1810.3060619334397,2155.6826559267574,1,0.0,8.810729923425242e-13,0.004287249990738928,0.02857000008225441,0.00027004198636859655,0.033127292059361935,19733.45882729895,17432.459938310014,26,80,49,129,125,115154.18799358277,120052.45148846768,7098.732993631691,4640.555308307577,1548.5799485670402,5000.0,4667.41,1,101.73650511510027,343.0195352966059
greedy_execution,70,2025-03-12,3,2,no_season,42,71502.55824440507,71502.55824440507,0.0,0,7565.1518528457145,0.0,0.0,43334.08489377622,43334.08489377622,0.0,0,39096.42491936844,28,1.6279805109951748,2155.6826559267574,1599.0763319419177,1,0.0,8.384404281969182e-13,0.004463874967768788,0.028720916947349906,0.00026233401149511337,0.03344712592661381,20299.14831379723,18797.276605571213,28,67,54,121,116,112095.02122435518,116695.89465960512,7169.699299615372,4347.567933052777,1629.0177049736847,5000.0,4558.938675367432,1,343.0195352966059,185.95931450533135
greedy_execution,71,2025-03-13,3,2,no_season,42,70684.68110217384,70684.68110217384,726.0404569108985,60,1531.4227048784342,0.0,0.0,46018.49927750423,42527.95175380112,3490.5475237031033,0,41819.01171853341,20,1.7397524008683365,1599.0763319419177,1731.9407030075733,1,0.0,8.917311333789257e-13,0.004452374996617436,0.028648665989749134,0.0002684580394998193,0.03336949902586639,22076.346278036515,19742.665440496894,20,77,50,127,127,111847.9507147061,116353.74150935972,7153.6669396767775,4594.72647666006,1742.458821605559,5000.0,4814.241609778574,1,185.95931450533135,323.50400702822094
greedy_execution,72,2025-03-14,3,2,no_season,42,30382.275740162462,30382.275740162462,0.0,0,12502.431364034983,0.0,0.0,15810.248021148504,15810.248021148505,0.0,0,27680.304830153502,24,1.150883226030808,1731.9407030075733,2126.04717923106,1,0.0,8.710809851208978e-13,0.004146666964516044,0.02863366703968495,0.00026362494099885225,0.03304395894519985,14765.361611473827,12914.943218679678,24,66,45,111,112,61316.43340941871,65992.92940239048,7408.2107420607035,3020.8209022522783,1153.3460345897292,5000.0,2980.29,1,323.50400702822094,252.35382532304902
greedy_execution,73,2025-03-15,3,2,no_season,42,31226.58515175833,31226.58515175833,0.0,0,9276.449439558966,0.0,0.0,16227.277076350972,16227.27707635097,0.0,0,27250.678445245154,13,1.1347677024200304,2126.04717923106,1717.244906681493,-1,0.0,7.958078640513122e-13,0.0043097499292343855,0.028015166986733675,0.000249749980866909,0.03257466689683497,14138.344503722257,13112.333941522895,13,71,41,112,112,57256.20479004897,62003.85096472592,7619.823936851531,2527.312324049917,1135.4449352185482,5000.0,3051.8942,1,252.35382532304902,-127.5776586569259
greedy_execution,74,2025-03-16,3,2,no_season,42,71446.30699815156,71446.30699815156,0.0,0,5853.442830570441,0.0,0.0,43355.43291619815,43355.432916198144,0.0,0,37757.693885016866,35,1.5704976923688847,1717.244906681493,1972.1684188604572,-1,0.0,9.094947017729282e-13,0.004032500088214874,0.02665637491736561,0.0002442080294713378,0.030933083035051823,19999.75555963233,17757.93832538454,36,77,58,135,132,114309.99636256347,119354.06888499859,7219.663825336792,4604.812863869946,1573.237245209036,5000.0,4931.829390011739,-1,-127.5776586569259,-22.667114715236266
greedy_execution,75,2025-03-17,3,2,no_season,42,70674.24329127185,70674.24329127185,0.0,0,10596.166123141491,0.0,0.0,42602.463039325434,42602.463039325434,0.0,0,36890.48425816382,18,1.534361837362066,1972.1684188604572,2250.896036066698,1,0.0,9.023892744153272e-13,0.003877833019942045,0.026835791999474168,0.00024016702082008123,0.030953792040236294,19555.214996480427,17335.269261683396,19,74,39,113,109,103725.79925019876,108748.466364914,7262.328027939517,4564.19498086787,1537.103510756826,5000.0,4721.930200850067,-1,-22.667114715236266,230.99329292111906
greedy_execution,76,2025-03-18,3,2,no_season,42,67331.74850533048,67331.74850533048,912.4347815363903,70,5375.296141712511,0.0,0.0,44971.108646906265,40393.60805071229,4577.500596193973,0,39611.76578545694,25,1.6489534817366693,2250.896036066698,1908.5205031812923,-1,0.0,9.059419880941277e-13,0.0039076670072972775,0.026712708990089595,0.000249749980866909,0.030870125978253782,20677.347281972317,18934.418503484623,25,69,49,118,113,99037.60406468937,103806.61077176825,7270.6634453676215,4445.398930437329,1650.4902410607058,5000.0,4665.000413787691,1,230.99329292111906,-42.66754744060154
greedy_execution,77,2025-03-19,3,2,no_season,42,71631.21506015002,71631.21506015002,0.0,0,9600.585555048443,0.0,0.0,43312.021592605626,43312.021592605626,0.0,0,38462.83164270842,22,1.5992091434623648,1908.5205031812923,2450.0705876687157,1,0.0,8.562039965909207e-13,0.004102165927179158,0.026856542099267244,0.00024529104121029377,0.031203999067656696,20513.995348904995,17948.836293803426,23,73,42,115,109,104892.84129983891,109682.75758926857,7181.262758161045,4563.713208650214,1602.6179851128509,5000.0,4940.67,-1,-42.66754744060154,235.60369065907162
greedy_execution,78,2025-03-20,3,2,no_season,42,69573.40274333832,69573.40274333832,0.0,0,6013.524779665036,0.0,0.0,42076.46127651798,42076.46127651798,0.0,0,38564.68407895495,30,1.6061253943054434,2450.0705876687157,1770.3243903691343,1,0.0,9.094947017729282e-13,0.003994082915596664,0.026493333047255874,0.00024862505961209536,0.030736041022464633,19957.800112980785,18606.88396597417,30,71,60,131,124,108388.71107307132,113153.10738241224,7207.849660591878,4497.697248742465,1606.861836623123,5000.0,4703.803767329375,1,235.60369065907162,207.96679669719765
greedy_execution,79,2025-03-21,3,2,no_season,42,30561.56049937553,30561.56049937553,0.0,0,17051.01772841986,0.0,0.0,15926.44626795165,15926.44626795165,0.0,0,27169.564924901595,20,1.1303927251429475,1770.3243903691343,1817.4909162491801,1,0.0,7.958078640513122e-13,0.004332957905717194,0.026771874981932342,0.00023620796855539083,0.03134104085620493,14323.321589595296,12846.243335306299,20,60,46,106,106,61576.70388511016,66368.73708841296,7496.387200662655,2921.481762740016,1132.065205204233,5000.0,2968.95,1,207.96679669719765,45.74018885494377
greedy_execution,80,2025-03-22,3,2,no_season,42,30440.253436436782,30440.253436436782,0.0,0,12474.842183304694,0.0,0.0,15654.072068231413,15654.072068231413,0.0,0,26442.57881832511,14,1.0987263150597677,1817.4909162491801,2510.948895581635,1,0.0,7.958078640513122e-13,0.0040954999858513474,0.026810458046384156,0.00025858404114842415,0.031164542073383927,14263.395169061934,12179.183649263177,14,76,41,117,116,58790.0499022578,63744.30971340286,7559.124516354763,2650.1368358528825,1101.774117430213,5000.0,2808.2517,1,45.74018885494377,69.38192781643602
greedy_execution,81,2025-03-23,3,2,no_season,42,69281.00619346739,69281.00619346739,0.0,0,9213.521277085772,0.0,0.0,41794.31405575709,41794.31405575709,0.0,0,37855.496956579605,26,1.5766516401615414,2510.948895581635,1815.3550241012056,1,0.0,9.094947017729282e-13,0.004055458935908973,0.027679875027388334,0.00023908307775855064,0.03197441704105586,19576.630878147276,18278.86607843233,26,66,48,114,109,105891.10711775726,110821.72518994083,7274.204599999999,4729.767394674107,1577.3123731908167,5000.0,4906.1392,1,69.38192781643602,278.08301285148696
greedy_execution,82,2025-03-24,3,2,no_season,42,67667.71548336036,67667.71548336036,0.0,0,7614.052188503049,0.0,0.0,40324.312038680575,40324.312038680575,0.0,0,39691.00019859801,28,1.651573816193683,1815.3550241012056,1781.4742663729098,1,0.0,9.094947017729282e-13,0.003990457975305617,0.02593087498098612,0.00022541696671396494,0.0301467499230057,20873.08320506099,18817.916993537023,28,74,59,133,124,110920.50748028191,115622.6329019928,6825.628989979636,4393.791840289152,1653.7916749415838,5000.0,4834.11,1,278.08301285148696,34.661619705520025
greedy_execution,83,2025-03-25,3,2,no_season,42,68446.29674618505,68446.29674618505,0.0,0,5311.054399445883,0.0,0.0,41049.54553817841,41049.54553817841,0.0,0,40209.220811702384,28,1.6729109338475252,1781.4742663729098,1850.4126656449803,1,0.0,8.57980353430321e-13,0.003737000050023198,0.02549158304464072,0.00023175007663667202,0.02946033317130059,21197.16922088744,19012.051590814946,28,64,58,122,115,105082.52176363589,109937.1318387925,7107.950544444476,4633.47372405303,1675.3842004875996,5000.0,4801.155,1,34.661619705520025,224.7056079121794
greedy_execution,84,2025-03-26,3,2,no_season,42,69230.73363423104,69230.73363423104,0.0,0,11634.669506168459,0.0,0.0,41477.55969317288,41477.55969317288,0.0,0,37037.442213522954,16,1.5409688842716418,1850.4126656449803,1904.6580473816862,1,0.0,8.846257060213247e-13,0.0037172919837757945,0.025710875052027404,0.00023108406458050013,0.0296592511003837,19520.475737459434,17516.966476063513,16,69,38,107,102,101935.24126671972,106710.53565880754,7433.646860496745,4473.402594118587,1543.2267588967895,5000.0,4476.918730668942,1,224.7056079121794,109.4423426531066
greedy_execution,85,2025-03-27,3,2,no_season,42,66485.18375263672,66485.18375263672,0.0,0,5928.2849988294765,0.0,0.0,39855.54426789009,39855.54426789009,0.0,0,38268.7018212835,24,1.592701841640574,1904.6580473816862,1730.1833778187001,1,0.0,8.526512829121202e-13,0.0037737080128863454,0.025396915967576206,0.00023795804008841515,0.029408582020550966,20054.30558754538,18214.396233738124,24,66,64,130,124,99550.86737393626,104265.56971039248,7227.747704691603,4289.073174890041,1594.5292425534792,5000.0,4447.337259114031,1,109.4423426531066,129.19423580844682
greedy_execution,86,2025-03-28,3,2,no_season,42,30343.491723966075,30343.491723966075,0.0,0,17310.229408052062,0.0,0.0,15663.666616299546,15663.666616299546,0.0,0,26330.884084771715,15,1.0937866397847809,1730.1833778187001,2556.874718499007,-1,0.0,8.526512829121202e-13,0.0038535420317202806,0.025157625088468194,0.00022083299700170755,0.029232000117190182,14271.13281700953,12059.751267762185,15,65,41,106,104,57071.48425674955,61942.2900209411,7496.527881594839,2532.3043037120115,1097.1201701988214,5000.0,2903.24,1,129.19423580844682,-22.34850050568889
greedy_execution,87,2025-03-29,3,2,no_season,42,28973.3992280541,28973.3992280541,0.0,0,20251.120646809333,0.0,0.0,14862.352839872165,14862.352839872163,0.0,0,24876.70663960877,14,1.035738950246119,2556.874718499007,2262.2353962520897,1,0.0,8.029132914089132e-13,0.0038700419245287776,0.02517033403273672,0.00022429099772125483,0.02926466695498675,12945.888018760103,11930.81862084867,15,71,40,111,112,53334.71856862857,58038.623295787605,7438.024937974866,2383.632945846107,1036.529443317032,4975.527096734526,2887.3596,-1,-22.34850050568889,165.4606023598319
greedy_execution,88,2025-03-30,3,2,no_season,42,64326.907246316616,64326.907246316616,0.0,0,7142.123377634914,0.0,0.0,38780.17300568363,38780.17300568364,0.0,0,37226.88524876126,24,1.549234205730817,2262.2353962520897,2141.9230618566253,1,0.0,8.739675649849232e-13,0.00387983291875571,0.02610837505199015,0.00023654208052903414,0.030224750051274896,19533.02470872148,17693.86054003978,24,71,51,122,116,94149.7665775891,98876.55707399068,7370.210217412848,4338.102539860752,1551.1202186983855,5000.0,4569.4748,1,165.4606023598319,56.695445600975745
greedy_execution,89,2025-03-31,3,2,no_season,42,64668.881469896725,64668.881469896725,0.0,0,5787.137334269193,0.0,0.0,38704.02415357366,38704.02415357366,0.0,0,35645.77004397989,28,1.4830627125755607,2141.9230618566253,2196.2598648618227,1,0.0,9.094947017729282e-13,0.0037829589564353228,0.025373625103384256,0.00022966705728322268,0.029386251117102802,18788.06234813704,16857.707695842844,28,83,49,132,127,103950.26788328553,108706.75276815688,7059.73866424562,4350.455658005086,1485.240418499162,5000.0,4776.2825,1,56.695445600975745,195.50768345658344
greedy_execution,90,2025-04-01,4,2,no_season,42,66979.58492162681,66979.58492162681,0.0,0,5027.078375077577,0.0,0.0,40140.025396653116,40140.025396653116,0.0,0,36070.92275598003,22,1.5012119928451144,2196.2598648618227,2041.2304048589133,1,0.0,9.094947017729282e-13,0.003861041972413659,0.025212291977368295,0.00023150001652538776,0.029304833966307342,18907.288892931305,17163.633863048726,22,59,59,118,120,99325.33843886829,103970.43342704083,7310.0047938242105,4079.363291826492,1502.9551148325013,5000.0,4454.3535999999995,1,195.50768345658344,92.45674815368852
greedy_execution,91,2025-04-02,4,2,no_season,42,66778.24785267375,66778.24785267375,734.0491413681987,50,5022.7431023758745,0.0,0.0,43507.087644053914,39939.85090647737,3567.236737576536,0,39350.990667674516,22,1.637389170790589,2041.2304048589133,2024.3206876393667,1,0.0,8.855138844410249e-13,0.003823542036116123,0.024988334043882787,0.00023349991533905268,0.029045375995337963,20702.6045796703,18648.38608800422,22,61,48,109,103,94139.86793768074,98740.3319990789,7706.85179862847,4395.401710697532,1639.6246111531052,5000.0,4703.249051326465,1,92.45674815368852,350.633559579197
greedy_execution,92,2025-04-03,4,2,no_season,42,67447.0090347226,67447.0090347226,0.0,0,9727.482447686507,0.0,0.0,40435.598046391504,40435.598046391504,0.0,0,36299.82450521239,22,1.51051609876055,2024.3206876393667,1969.7242580236166,1,0.0,9.094947017729282e-13,0.004133458016440272,0.025223791017197073,0.0002281250199303031,0.029585374053567648,19077.910412790916,17221.914092421477,22,75,53,128,124,104965.00396348463,109613.636954398,7164.3555428074915,4547.115266766987,1512.4926877171831,5000.0,4608.672732892157,1,350.633559579197,418.31586207305077
greedy_execution,93,2025-04-04,4,2,no_season,42,29164.110325969676,29164.110325969676,0.0,0,20968.978761453596,0.0,0.0,14855.389800988338,14855.38980098834,0.0,0,25093.700234012966,18,1.043147504432062,1969.7242580236166,2413.9482028908196,1,0.0,8.526512829121202e-13,0.004059292026795447,0.026784208021126688,0.00025266699958592653,0.03109616704750806,13429.014774264524,11664.685459748442,18,65,42,107,108,54501.71517703707,59083.399314964016,7487.350032879621,2144.391698078793,1045.5708430838736,5000.0,2947.8192591726147,1,418.31586207305077,272.1865009185145
greedy_execution,94,2025-04-05,4,2,no_season,42,28143.471676448164,28143.471676448164,0.0,0,15234.366766171432,0.0,0.0,14239.70102300129,14239.70102300129,0.0,0,24119.43790589353,20,1.0044718717532226,2413.9482028908196,2008.9326771742535,1,0.0,8.313350008393172e-13,0.004082416999153793,0.026714125066064298,0.00022591697052121162,0.031022459035739303,12492.21391641846,11627.223989475067,20,65,44,109,108,52372.48986550502,57100.30336458651,7280.756484226484,2236.4825772566287,1004.9765794122304,5000.0,2865.9387773528542,1,272.1865009185145,210.71834820260574
greedy_execution,95,2025-04-06,4,2,no_season,42,66601.23023294241,66601.23023294241,0.0,0,10298.749024948407,0.0,0.0,39774.074755760914,39774.074755760914,0.0,0,36485.64728830981,22,1.5181895066149618,2008.9326771742535,1981.0016803822118,1,0.0,8.952838470577262e-13,0.003913416992872953,0.025392791023477912,0.0002220839960500598,0.029528292012400925,19189.026114818575,17296.62117349123,22,66,47,113,104,95658.42561824941,100447.70727004681,7224.63770367629,4378.0130110263435,1520.2353036795753,5000.0,4474.140988630129,1,210.71834820260574,423.43516246161334
greedy_execution,96,2025-04-07,4,2,no_season,42,65575.69489773363,65575.69489773363,0.0,0,10430.656700588172,0.0,0.0,38945.02179244085,38945.02179244085,0.0,0,34933.13079534676,28,1.4533897656665091,1981.0016803822118,2044.8232196446768,1,0.0,9.094947017729282e-13,0.003759165992960334,0.025354666053317487,0.00023445894476026297,0.029348290991038084,18417.724854579443,16515.40594076732,28,64,47,111,107,94003.89183525005,98580.45667278844,6777.993438592104,4315.524995623649,1455.547116472782,5000.0,4333.3761,1,423.43516246161334,53.71360790358153
greedy_execution,97,2025-04-08,4,2,no_season,42,64618.16625839127,64618.16625839127,0.0,0,8729.43026861727,0.0,0.0,38312.71751305303,38312.71751305303,0.0,0,38429.693709593135,14,1.6000875450357739,2044.8232196446768,1557.0741130897752,1,0.0,9.094947017729282e-13,0.00395150005351752,0.024974290980026126,0.0002318329643458128,0.02915762399788946,19982.618041350233,18447.0756682429,14,70,50,120,111,87421.10630071977,92254.36772753726,7277.380544206692,4197.108974532109,1601.2372378997143,5000.0,4472.23,1,53.71360790358153,66.75101395412071
greedy_execution,98,2025-04-09,4,2,no_season,42,65762.05092136917,65762.05092136917,0.0,0,4385.351089167894,0.0,0.0,39293.797652405716,39293.797652405716,0.0,0,37148.0221946775,18,1.5450581926048,1557.0741130897752,1844.70251930789,1,0.0,9.094947017729282e-13,0.003920334042049944,0.025111334049142897,0.00024554203264415264,0.029277210123836994,19695.20550510606,17452.816689571442,18,71,50,121,122,98748.75750105624,103659.94313537088,7176.995271605609,4340.32939615384,1547.8342581115626,5000.0,4377.4809,1,66.75101395412071,67.96698503262928
greedy_execution,99,2025-04-10,4,2,no_season,42,66571.77189560448,66571.77189560448,0.0,0,10115.698644628146,0.0,0.0,39657.46023453037,39657.46023453037,0.0,0,36508.58892179388,22,1.5189204772561316,1844.70251930789,1918.7358004694217,1,0.0,9.094947017729282e-13,0.0039060830604285,0.02538375009316951,0.0002210000529885292,0.02951083320658654,19252.01213638511,17256.576785408775,22,71,55,126,120,100566.83882813828,105498.87184310565,7261.9448117374395,4256.395248103046,1521.191205074745,5000.0,4557.6097,1,67.96698503262928,84.42476098426062
greedy_execution,100,2025-04-11,4,2,no_season,42,28684.87475366554,28684.87475366554,0.0,0,21823.84520650096,0.0,0.0,14633.87810946436,14633.878109464362,0.0,0,24447.068001046173,16,1.0166501156363974,1918.7358004694217,2176.7850482255135,1,0.0,8.526512829121202e-13,0.003754375036805868,0.024722291971556842,0.00022974994499236345,0.028706416953355074,12995.723690772042,11451.344310274131,16,65,39,104,104,53458.56623186407,58374.14147087981,7381.087119622092,2151.1449541699553,1018.6278333769237,5000.0,2958.92,1,84.42476098426062,114.30549766045533
greedy_execution,101,2025-04-12,4,2,no_season,42,27965.498034252058,27965.498034252058,0.0,0,17428.111591279205,0.0,0.0,14197.670798687814,14197.67079868781,0.0,0,23002.97160352827,19,0.9564665298671525,2176.7850482255135,2478.746744754237,-1,0.0,9.094947017729282e-13,0.0037365829339250922,0.02481754100881517,0.0002205829368904233,0.028774706879630685,12257.59874825056,10745.372855277707,19,68,38,106,107,53999.31532965915,56312.2951631216,7358.149987161493,2441.5452482117917,958.4571501470111,4994.133602252421,2856.9236,1,114.30549766045533,-12.358833120720647
greedy_execution,102,2025-04-13,4,2,no_season,42,62472.92309937673,62472.92309937673,0.0,0,6823.760668334975,0.0,0.0,37118.04881074623,37118.04881074623,0.0,0,35921.378952596904,20,1.495786751558977,2478.746744754237,1960.233139299515,1,0.0,9.094947017729282e-13,0.0036881250562146306,0.024300458026118577,0.000213916995562613,0.02820250007789582,18647.091450152664,17274.28750244424,21,64,54,118,114,92870.81588893259,97785.23101199258,7118.638919346093,4435.603179796854,1496.7241230248708,5000.0,4415.095876557731,-1,-12.358833120720647,171.37908271384845
greedy_execution,103,2025-04-14,4,2,no_season,42,63119.12605202221,63119.12605202221,0.0,0,8597.16475481132,0.0,0.0,37330.32347936718,37330.32347936718,0.0,0,35871.47083945323,14,1.492340352695641,1960.233139299515,2066.337547993683,1,0.0,8.171241461241152e-13,0.003526958986185491,0.02392812503967434,0.00022649997845292091,0.027681584004312754,18932.70016833206,16938.77067112117,14,66,44,110,102,91334.17938313635,96162.8003004225,7272.881576450046,4324.768814690285,1494.6446183105513,5000.0,4555.900000000001,1,171.37908271384845,305.6307862453068
greedy_execution,104,2025-04-15,4,2,no_season,42,62696.08084035508,62696.08084035508,0.0,0,10530.236936989584,0.0,0.0,37009.27437843099,37009.27437843099,0.0,0,34345.787992962374,14,1.4286106643217154,2066.337547993683,2285.3831634371736,1,0.0,8.739675649849232e-13,0.0036045419983565807,0.02492574998177588,0.0002168749924749136,0.028747166972607374,18186.101531497272,16159.686461465108,14,80,42,122,119,89490.02894740968,94184.39816116437,7087.213362236949,4207.233195502295,1431.074499706766,5000.0,4506.441500000001,1,305.6307862453068,428.2095882366111
greedy_execution,105,2025-04-16,4,2,no_season,42,61887.42063484572,61887.42063484572,0.0,0,4367.56414590962,0.0,0.0,36886.23167717561,36886.23167717561,0.0,0,36368.66883925036,20,1.5136427439817923,2285.3831634371736,2111.265910279398,1,0.0,9.094947017729282e-13,0.0037274170899763703,0.02422191691584885,0.00022137502674013376,0.028170709032565355,19054.46668909323,17314.20215015712,20,70,47,117,118,93729.07699086439,98300.86740262777,7278.2194056509325,4330.708583227054,1515.3612016354314,5000.0,4383.19,1,428.2095882366111,102.7067840105442
greedy_execution,106,2025-04-17,4,2,no_season,42,63405.19275405879,63405.19275405879,0.0,0,8616.080590179212,0.0,0.0,37753.56300052629,37753.56300052629,0.0,0,34723.17265961664,22,1.4445888494229657,2111.265910279398,2204.629723457918,1,0.0,9.094947017729282e-13,0.0036507080076262355,0.024766833055764437,0.00023558305110782385,0.028653124114498496,18321.97123674811,16401.20142286853,22,74,42,116,114,92344.28211155237,97241.57532754182,7163.72163615124,4262.425544704428,1446.79886081736,5000.0,4505.26,1,102.7067840105442,202.93764462478305
greedy_execution,107,2025-04-18,4,2,no_season,42,27724.78698876702,27724.78698876702,0.0,0,19549.339037148235,0.0,0.0,14068.681034703339,14068.681034703337,0.0,0,23609.731912115996,10,0.9811044960947238,2204.629723457918,2784.1462337571334,1,0.0,9.094947017729282e-13,0.0037464170018211007,0.02422900008969009,0.00021725008264183998,0.02819266717415303,12715.531340200725,10894.20057191527,10,65,39,104,104,55358.03605858799,57085.98398270527,7288.356106779179,2727.0241928148125,983.7388296714998,4992.5412986882675,2825.0144,1,202.93764462478305,255.30501236924408
greedy_execution,108,2025-04-19,4,2,no_season,42,25947.244079292133,25947.244079292133,0.0,0,18395.43724105449,0.0,0.0,13034.228050786762,13034.228050786762,0.0,0,22801.867211303754,13,0.9497118056398749,2784.1462337571334,2350.5746165644796,1,0.0,9.094947017729282e-13,0.00359691702760756,0.024698292021639645,0.00021537498105317354,0.02851058403030038,11784.497399770698,11017.369811533052,14,68,40,108,108,48112.23413091372,48427.27107219447,7130.437231320215,1455.6574778782071,950.0778004709896,4772.933831320215,2796.8,1,255.30501236924408,95.14869939362984
greedy_execution,109,2025-04-20,4,2,no_season,42,61655.112125429114,61655.112125429114,0.0,0,8047.6542030751125,0.0,0.0,36445.578481301,36445.578481300996,0.0,0,35830.47085557508,25,1.4913855573396546,2350.5746165644796,2114.145709077615,-1,0.0,9.023892744153272e-13,0.003774042008444667,0.024102083989419043,0.00021466694306582212,0.028090792940929532,18740.09194729787,17090.378908277205,25,65,51,116,114,90811.71943622014,95673.49244872268,6634.608577834824,4293.752320337011,1492.9362856489615,5000.0,4208.357049505821,1,95.14869939362984,-206.85613905675518
greedy_execution,110,2025-04-21,4,2,no_season,42,62727.90425113737,62727.90425113737,0.0,0,12666.828624942746,0.0,0.0,37094.7979218173,37094.7979218173,0.0,0,33345.39245189587,18,1.3879286968974065,2114.145709077615,1902.997644925761,1,0.0,9.094947017729282e-13,0.0035488749854266644,0.02522666600998491,0.0002127089537680149,0.02898824994917959,17444.77884737858,15900.613604517286,19,66,41,107,103,88963.58184265114,94100.67161040845,7095.96179945405,4148.169744597626,1389.3913521623278,5000.0,4428.82,-1,-206.85613905675518,208.8892827038651
greedy_execution,111,2025-04-22,4,2,no_season,42,58241.76830183771,58241.76830183771,0.0,0,4291.75370611087,0.0,0.0,34415.11232375451,34415.11232375451,0.0,0,36130.13750087864,25,1.5035653640608173,1902.997644925761,1798.3517002350775,-1,0.0,8.526512829121202e-13,0.0035969169111922383,0.024178874911740422,0.0002163329627364874,0.027992124785669148,18963.61138996941,17166.52611090923,25,65,57,122,122,95765.4076388678,100477.77438040738,6722.052902257741,4177.430686903324,1505.4223958699436,5000.0,4260.960798104337,1,208.8892827038651,-241.90999792459866
greedy_execution,112,2025-04-23,4,2,no_season,42,61907.26239353667,61907.26239353667,0.0,0,8074.603962990843,0.0,0.0,36455.45270480055,36455.45270480055,0.0,0,34902.68341052142,14,1.4509545415115601,1798.3517002350775,2394.936945091994,1,0.0,8.917311333789257e-13,0.003747708979062736,0.025240916991606355,0.00024208298418670893,0.0292307089548558,18667.712562200293,16234.970848321133,15,72,39,111,112,84915.42487508932,89843.53629747014,7140.089056484466,4015.299722364869,1454.2784754383927,5000.0,4423.542377818484,-1,-241.90999792459866,123.1056778643117
greedy_execution,113,2025-04-24,4,2,no_season,42,59447.78393328462,59447.78393328462,0.0,0,11113.271570800094,0.0,0.0,35108.183977212466,35108.183977212466,0.0,0,33727.40781852232,18,1.4045263757579627,2394.936945091994,1863.4792788698876,1,0.0,9.023892744153272e-13,0.003855499904602766,0.02518750005401671,0.0002469590399414301,0.029289958998560905,17485.906740503422,16241.501078018899,18,73,41,114,112,90350.93605673237,94997.82698838781,6759.570394793955,4278.530706372675,1405.3086591050967,5000.0,4431.3,1,123.1056778643117,31.986143373552068
greedy_execution,114,2025-04-25,4,2,no_season,42,26442.547712701707,26442.547712701707,0.0,0,23016.837534840142,0.0,0.0,13007.453749457192,13007.453749457192,0.0,0,22576.153276929996,18,0.9388485261017802,1863.4792788698876,2100.9423374953694,1,0.0,7.958078640513122e-13,0.0037213340401649475,0.02515458408743143,0.0002205829368904233,0.0290965010644868,12000.752902395776,10575.400374534216,18,65,39,104,104,56728.51897741004,58347.6325256768,7143.351222441466,2456.996728554022,940.6730532054165,5000.0,2869.618357706807,1,31.986143373552068,276.420701207804
greedy_execution,115,2025-04-26,4,2,no_season,42,25807.891556938157,25807.891556938157,0.0,0,24784.429081835497,0.0,0.0,12614.403369073143,12614.403369073141,0.0,0,22626.405139613445,22,0.9419819679117997,2100.9423374953694,1863.0179872262747,1,0.0,9.094947017729282e-13,0.003807708970271051,0.025332999997772276,0.00022829195950180292,0.02936900092754513,11789.836990691389,10836.568148922057,22,58,50,108,108,62232.87295721112,62337.986918988325,7221.311608277243,2962.477737851088,942.7668808172267,5000.0,2904.7994,1,276.420701207804,188.8265057207841
greedy_execution,116,2025-04-27,4,2,no_season,42,58203.06301690247,58203.06301690247,0.0,0,7724.465621999117,0.0,0.0,34462.28994984338,34462.28994984338,0.0,0,36072.04757170497,18,1.5009043302774239,1863.0179872262747,1869.6245359229401,1,0.0,9.094947017729282e-13,0.003849833970889449,0.025553999934345484,0.000313500058837235,0.029717333964072168,18988.5868916375,17083.460680067466,18,74,45,119,116,99201.85764134148,104013.0311356207,7358.16424155049,4386.107656436666,1503.0019821543735,5000.0,4272.443174487073,1,188.8265057207841,63.13515993643978
greedy_execution,117,2025-04-28,4,2,no_season,42,61206.826644316636,61206.826644316636,0.0,0,2296.8189700762955,0.0,0.0,36175.10609868325,36175.106098683245,0.0,0,36206.723852504605,23,1.5056827408598876,1869.6245359229401,2252.578623779573,-1,0.0,9.094947017729282e-13,0.003925541997887194,0.0256385839311406,0.00023612496443092823,0.029800250893458724,19247.382105039134,16959.34174746547,23,74,50,124,127,103041.50977459933,107978.37461466288,7206.251237002241,4179.1395850686895,1508.6134938543585,5000.0,4285.23833562029,1,63.13515993643978,-2.173737115307631
greedy_execution,118,2025-04-29,4,2,no_season,42,62951.76537844731,62951.76537844731,0.0,0,13933.700799771916,0.0,0.0,37128.52552581065,37128.52552581065,0.0,0,31128.640436546157,16,1.295346487610102,2252.578623779573,2199.0057369969627,1,0.0,8.490985692333197e-13,0.004016167018562555,0.025256084045395255,0.00022895808797329664,0.029501209151931107,16356.745649277444,14771.894787268713,17,78,36,114,115,89172.34255410644,94022.62186967206,7256.77381398818,3900.501243481851,1297.02668485609,5000.0,4455.356706668817,-1,-2.173737115307631,441.7639876296889
greedy_execution,119,2025-04-30,4,2,no_season,42,60184.41182646406,60184.41182646406,0.0,0,10448.573921384866,0.0,0.0,35710.60825190641,35710.60825190641,0.0,0,32878.634063290454,13,1.368596578830719,2199.0057369969627,1947.1857613561226,-1,0.0,9.094947017729282e-13,0.0037352090002968907,0.025215124944224954,0.00022525002714246511,0.02917558397166431,17178.808767518152,15699.825295772298,13,70,39,109,109,92024.32664360109,96582.5626559714,6708.310224136376,3333.7816466539616,1369.9430859704355,5000.0,4372.9944,1,441.7639876296889,-163.22238090516748
greedy_execution,120,2025-05-01,5,2,no_season,42,56769.526602651524,56769.526602651524,2530.206743756017,180,7142.720990466839,0.0,0.0,47851.33681710889,33432.45267808719,14418.8841390217,0,35483.83107258593,22,1.4780291585151548,1947.1857613561226,1224.2472666076721,1,0.0,9.094947017729282e-13,0.003776208031922579,0.025467374944128096,0.00024070893414318562,0.02948429191019386,18314.73231426331,17169.09875832261,23,52,60,112,113,96949.04623502574,101948.66458936094,6423.370182923239,4174.412893661162,1478.492961357747,5000.0,4774.81054659445,-1,-163.22238090516748,132.50541953477727
greedy_execution,121,2025-05-02,5,2,no_season,42,27144.762817343715,27144.762817343715,1678.0664212096547,150,13269.848642915758,0.0,0.0,21407.323229052818,13459.633421897754,7947.689807155066,0,24450.609270862915,23,1.017416535340223,1224.2472666076721,1200.0,-1,0.0,9.023892744153272e-13,0.003722707973793149,0.025242541916668415,0.000225124997086823,0.029190374887548387,12856.634891583597,11593.974379279316,23,55,49,104,109,50259.81294089384,55066.57853053132,7052.40366130681,2148.8261165684794,1018.7753862859548,4998.2545293367375,3278.4933,1,132.50541953477727,0.0
greedy_execution,122,2025-05-03,5,2,no_season,42,28609.22285387068,28609.22285387068,621.1244096422577,110,19088.292596970085,0.0,0.0,17418.477175931715,14559.949613085775,2858.527562845941,0,24123.679052351854,17,1.0037486955108454,1200.0,1205.2229369994209,-1,0.0,6.821210263296962e-13,0.003981332993134856,0.023836542037315667,0.0002270829863846302,0.028044958016835153,12699.281034447355,11424.3980179045,18,54,42,96,99,50811.1002651459,55602.63031672707,7059.544476567911,2212.175565976722,1005.1532938479941,4991.114577757397,3435.05,-1,0.0,-129.68329048185228
greedy_execution,123,2025-05-04,5,2,no_season,42,60253.96750281339,60253.96750281339,1571.888555803982,160,8355.053896819414,0.0,0.0,44225.178270703436,35482.47958257177,8742.698688131668,0,32675.436052859506,18,1.3595535329687842,1205.2229369994209,1221.6207005422032,1,0.0,8.988365607365267e-13,0.0038987499428912997,0.024427292053587735,0.00022412498947232962,0.028550166985951364,17205.78544066207,15469.650612197436,19,51,49,100,103,87115.12907797188,91897.43883719048,6458.779829780704,3989.0748259738125,1361.4765022024794,5000.0,4811.078012861333,-1,-129.68329048185228,123.49552577021245
greedy_execution,124,2025-05-05,5,2,no_season,42,58786.83049536506,58786.83049536506,1341.4544141642828,160,3032.7120517991643,0.0,0.0,42769.98548465135,34634.29004221994,8135.695442431408,0,38176.8007109678,18,1.5884727832272831,1221.6207005422032,1231.895698863889,1,0.0,8.725520306285262e-13,0.0036099159624427557,0.024221832980401814,0.00034437503200024366,0.028176123974844813,20098.18338434899,18078.617326618813,18,60,55,115,112,86151.07496661087,90895.02292313473,7194.11719890288,3591.593016573016,1590.7000296236586,5000.0,4881.439,1,123.49552577021245,201.7261119454688
greedy_execution,125,2025-05-06,5,2,no_season,42,62497.5101565474,62497.5101565474,1097.5795282572014,140,8811.617558229796,0.0,0.0,42237.87247682782,36854.21626226446,5383.656214563363,0,36031.85773180399,19,1.4992092824585967,1231.895698863889,1248.8954556380127,-1,0.0,9.094947017729282e-13,0.0037640840746462345,0.025121583021245897,0.00021929200738668442,0.029104959103278816,18972.623745856068,17059.233985947925,19,50,54,104,103,79032.93915632575,83831.21304438029,6549.491726804872,3412.6298997562253,1501.327405491833,5000.0,4866.769186761599,1,201.7261119454688,-120.17147129873479
greedy_execution,126,2025-05-07,5,2,no_season,42,63142.25417506668,63142.25417506668,1397.084318733495,160,7551.197971525209,0.0,0.0,45593.897078245034,37131.61775874143,8462.279319503597,0,35500.33485298396,24,1.4770165945977953,1248.8954556380127,1300.823323571655,1,0.0,9.094947017729282e-13,0.0037958750035613775,0.02547358290757984,0.00026520900428295135,0.029534666915424168,18710.314712629457,16790.020140354496,25,60,57,117,115,83074.46611285274,88153.21312156871,7658.759570180055,3607.895147535062,1479.1806188743312,5000.0,4729.242178524083,-1,-120.17147129873479,7.280616619387729
greedy_execution,127,2025-05-08,5,2,no_season,42,64273.76675837758,64273.76675837758,88.35817811573395,30,5867.257549081091,0.0,0.0,39627.401231009826,39022.61877160443,604.7824594053977,0,36527.16282556666,16,1.5182177149262028,1300.823323571655,2047.7312729572593,1,0.0,9.094947017729282e-13,0.0038170829648151994,0.024642292060889304,0.0002251670230180025,0.028684542048722506,19597.758906489442,16929.403919077216,16,68,46,114,115,89893.9892449173,94833.99491300341,8403.375649733716,4484.806139961711,1521.965117731944,5000.0,5000.0,1,7.280616619387729,110.34914083149465
greedy_execution,128,2025-05-09,5,2,no_season,42,29210.65870417792,29210.65870417792,0.0,0,18422.104310050163,0.0,0.0,15476.993022042658,15476.993022042656,0.0,0,23834.440794493075,14,0.9894529771709304,2047.7312729572593,3083.8916852009424,1,0.0,7.958078640513122e-13,0.003685917006805539,0.024306792067363858,0.00022249994799494743,0.028215209022164345,13061.804669310417,10772.636125182657,14,70,40,110,110,59306.890143049575,59597.940925275805,6637.609889616483,2200.3585886651613,993.1016997705447,4904.82258672372,3270.137337297957,1,110.34914083149465,503.4317253179157
greedy_execution,129,2025-05-10,5,2,no_season,42,29165.133504843106,29165.133504843106,0.0,0,16194.824053859533,0.0,0.0,16016.904069488284,16016.904069488282,0.0,0,21483.07599001962,20,0.8945055313325655,3083.8916852009424,2802.077047183547,1,0.0,9.094947017729282e-13,0.0037401660811156034,0.024150875047780573,0.00022420799359679222,0.02811524912249297,11166.170078834934,10316.905911184691,20,66,41,107,108,50151.74130004628,50354.61203373241,6937.463690175136,1661.8896256436647,895.1281662508177,4837.412190175136,3308.2466766682055,1,503.4317253179157,180.18495242401764
greedy_execution,130,2025-05-11,5,2,no_season,42,64245.62640009246,64245.62640009246,13.619049999999902,10,7803.95375132487,0.0,0.0,39140.38631949328,39048.83225586827,91.55406362499934,0,32930.31248580566,27,1.3718679130911484,2802.077047183547,2039.0577749825504,-1,0.0,9.094947017729282e-13,0.0037474160781130195,0.02435299998614937,0.0002156669506803155,0.028316083014942706,16950.76255061996,15979.549935185705,27,59,55,114,115,89969.87406398186,94789.68911155783,8173.234681662396,4388.131854438808,1372.096353575236,5000.0,5000.0,1,180.18495242401764,-61.77004948744161
greedy_execution,131,2025-05-12,5,2,no_season,42,63682.23653131467,63682.23653131467,0.0,0,9556.422439423817,0.0,0.0,38360.780891702,38360.780891702,0.0,0,31418.034041238607,14,1.3060822237057992,2039.0577749825504,2580.8468152491278,1,0.0,9.094947017729282e-13,0.0036453750217333436,0.02451229200232774,0.0002217909786850214,0.028379458002746105,16806.326449898064,14611.707591340539,15,71,41,112,113,87159.80170014786,92186.50585572152,8424.605414347649,3826.2152780133356,1309.0847517182754,5000.0,4792.8858010984895,-1,-61.77004948744161,370.3697824501262
greedy_execution,132,2025-05-13,5,2,no_season,42,60877.903164722884,60877.903164722884,0.0,0,5867.747848718027,0.0,0.0,37178.42354628558,37178.42354628558,0.0,0,34275.70106880266,10,1.4260057841315035,2580.8468152491278,2657.9119101879664,1,0.0,8.453238109495942e-13,0.0037055000429973006,0.024700207985006273,0.0002337079495191574,0.02863941597752273,18078.32180907043,16197.37925973223,10,73,37,110,109,85860.25647400547,90489.88669155534,8281.139496152471,4067.9172822388596,1428.1542112001107,5000.0,4876.6899,1,370.3697824501262,381.1599430330143
greedy_execution,133,2025-05-14,5,2,no_season,42,63024.9762560545,63024.9762560545,0.0,0,8298.436433619192,0.0,0.0,38310.70435305276,38310.704353052766,0.0,0,33236.36704087114,16,1.3830102382244032,2657.9119101879664,2620.969270880728,1,0.0,9.094947017729282e-13,0.003740917076356709,0.02397037495393306,0.00021762505639344454,0.027928917086683214,17474.379039986554,15761.988000884583,16,68,41,109,104,88269.79030037406,92888.63035734106,8339.842309879721,4652.261162184476,1384.848626702964,5000.0,4764.434022694639,1,381.1599430330143,97.92542530434662
greedy_execution,134,2025-05-15,5,2,no_season,42,61002.85204861322,61002.85204861322,0.0,0,6358.59210257209,0.0,0.0,36939.70760535749,36939.7076053575,0.0,0,35075.60301541332,18,1.4593851134597329,2620.969270880728,2654.132528699637,1,0.0,9.023892744153272e-13,0.0036481249844655395,0.02497808402404189,0.0002162080490961671,0.028842417057603598,18477.402339060554,16598.20067635276,18,81,50,131,126,93734.21262932994,98636.28720402559,7870.571402737369,4281.884967472237,1461.4834589755546,5000.0,4673.2057144348955,1,97.92542530434662,300.43507489945443
greedy_execution,135,2025-05-16,5,2,no_season,42,28703.41962391101,28703.41962391101,0.0,0,25104.171891644142,0.0,0.0,15549.00414152609,15549.004141526091,0.0,0,20455.22840327925,17,0.8515433954184334,2654.132528699637,2461.015097884122,-1,0.0,8.526512829121202e-13,0.0037139999913051724,0.024413458071649075,0.00022058398462831974,0.028348042047582567,10669.484801106393,9785.743602172857,17,62,37,99,99,48431.59191375741,48446.998665982625,6711.8649183898715,1805.4700003621563,852.3011834699687,5000.0,3362.4993000000004,1,300.43507489945443,-104.45294848511958
greedy_execution,136,2025-05-17,5,2,no_season,42,28849.182987777764,28849.182987777764,0.0,0,16968.495966535538,0.0,0.0,15488.943033624833,15488.943033624832,0.0,0,21831.143173221728,21,0.9077490024040274,2461.015097884122,2744.288117346568,1,0.0,7.958078640513122e-13,0.0037872500251978636,0.024636917049065232,0.00021579198073595762,0.028639959054999053,11631.515555565311,10199.627617656417,21,64,40,104,105,51283.19454103805,51360.95974432487,6954.874400000001,1677.7652576462842,909.6309655509053,5000.0,3387.899786982866,-1,-104.45294848511958,103.16262671451136
greedy_execution,137,2025-05-18,5,2,no_season,42,62524.431336056325,62524.431336056325,2.7678323524704638,10,7020.473885288601,0.0,0.0,38310.03045154253,38291.3628062413,18.667645301237044,0,34131.13763125455,20,1.4200845950108894,2744.288117346568,2778.517077072315,1,0.0,9.094947017729282e-13,0.0039305000100284815,0.024166999966837466,0.00021970807574689388,0.02831720805261284,17980.84740718737,16150.29022406717,20,62,45,107,107,92641.47515862371,97447.87874034302,7776.745846234189,4466.713133408341,1422.130734635606,5000.0,5000.0,1,103.16262671451136,441.1228720602744
greedy_execution,138,2025-05-19,5,2,no_season,42,61554.93779257838,61554.93779257838,67.00333333333333,10,12814.299060602063,0.0,0.0,37650.10800409679,37198.204022430116,451.90398166666665,0,32187.482289167223,17,1.3401683049217943,2778.517077072315,2376.307113327517,-1,0.0,9.094947017729282e-13,0.0035461660008877516,0.02435904194135219,0.00021758303046226501,0.028122790972702205,16739.953902238438,15447.528386928789,17,69,39,108,108,94994.35141234189,99553.22854028162,8388.412404301967,4314.673923057767,1341.1450953819678,5000.0,5000.0,1,441.1228720602744,-59.01770268484188
greedy_execution,139,2025-05-20,5,2,no_season,42,61284.98741631448,61284.98741631448,0.0,0,5299.09706148431,0.0,0.0,37118.66216462539,37118.66216462539,0.0,0,33527.53574063217,10,1.395716666896578,2376.307113327517,2069.770647075948,1,0.0,9.094947017729282e-13,0.0036599580198526382,0.024891666951589286,0.000218583969399333,0.028770208940841258,17493.015639397836,16034.520101234335,11,79,41,120,123,89528.52167534188,94497.4090926541,7043.804909913607,4167.623420359266,1396.980655859674,5000.0,4753.915812663934,-1,-59.01770268484188,133.02533911879095
greedy_execution,140,2025-05-21,5,2,no_season,42,63463.2362533466,63463.2362533466,0.0,0,10164.662714346683,0.0,0.0,38531.88610881111,38531.88610881111,0.0,0,31359.87467270828,22,1.3042235787622312,2069.770647075948,2355.6053506119574,1,0.0,9.00612917575927e-13,0.0036735410103574395,0.02475141698960215,0.0002216249704360962,0.028646582970395684,16647.91646418743,14711.958208520851,22,65,45,110,111,95073.34275161452,99913.8606986158,8165.74789399039,4407.85356240178,1306.6614446961785,5000.0,4837.76986273822,1,133.02533911879095,62.481639850903775
greedy_execution,141,2025-05-22,5,2,no_season,42,61447.782135043315,61447.782135043315,0.0,0,8844.720525381104,0.0,0.0,37513.3588504417,37513.3588504417,0.0,0,32124.561058853964,14,1.3364580997328634,2355.6053506119574,2451.40254719993,1,0.0,9.094947017729282e-13,0.0039689160184934735,0.024395333020947874,0.00021404202561825514,0.028578291065059602,16955.495925924755,15169.065132929209,14,70,39,109,106,88987.45246448187,93885.64071609997,7846.818333714342,4117.350764480783,1338.5233774522485,5000.0,4885.140484896596,1,62.481639850903775,411.9323305274045
greedy_execution,142,2025-05-23,5,2,no_season,42,29186.417553958338,29186.417553958338,0.0,0,20375.233928091307,0.0,0.0,15992.109760547506,15992.109760547506,0.0,0,22286.092482643897,14,0.9246269788104452,2451.40254719993,3670.3745515044075,1,0.0,9.094947017729282e-13,0.0036114159738644958,0.02486916701309383,0.00022341602016240358,0.02870399900712073,12338.163612588796,9947.9288700551,14,70,30,100,100,53062.013177511966,53147.044348962736,6469.097850841057,2397.259476454508,928.587186776829,4784.146593810455,3206.3024527171465,1,411.9323305274045,273.59579693927503
greedy_execution,143,2025-05-24,5,2,no_season,42,28527.6515915919,28527.6515915919,0.0,0,23648.628018853844,0.0,0.0,15828.099181471614,15828.099181471613,0.0,0,22105.87711342301,16,0.9198871210638733,3670.3745515044075,3631.3754716084245,1,0.0,8.526512829121202e-13,0.0036940419813618064,0.025304167065769434,0.00022366701159626245,0.029221876058727503,11615.199651413868,10490.67746200914,16,70,31,101,101,65024.126725596776,65161.79164425417,6774.8060000000005,2871.4569749050993,921.078213059292,5000.0,3305.290973814898,1,273.59579693927503,378.6850049191046
greedy_execution,144,2025-05-25,5,2,no_season,42,60916.53217494441,60916.53217494441,0.0,0,11851.213097312379,0.0,0.0,36873.40913882923,36873.40913882923,0.0,0,30106.565451379578,18,1.2550386850567867,3631.3754716084245,2565.651193482276,1,0.0,9.094947017729282e-13,0.003760625026188791,0.02404216700233519,0.0002145410981029272,0.02801733312662691,15313.437172839136,14793.128278540438,18,68,43,111,111,89136.41655224914,93757.73154733004,8378.595173920192,4520.68628006973,1254.4402271408158,5000.0,4783.26239722105,1,378.6850049191046,532.4486428124642
greedy_execution,145,2025-05-26,5,2,no_season,42,60718.89067361355,60718.89067361355,0.0,0,4287.324413572627,0.0,0.0,36715.81668472213,36715.81668472213,0.0,0,34228.47443287568,20,1.4240994207603381,2565.651193482276,2615.9555711319695,1,0.0,9.094947017729282e-13,0.0038684579776600003,0.02562654099892825,0.00023454194888472557,0.029729540925472975,18040.103871458297,16188.370561417381,20,75,45,120,118,96540.8836787414,101008.43503592894,8513.449555233698,4407.005909790541,1426.1864347031535,5000.0,4949.6,1,532.4486428124642,221.93306199494668
greedy_execution,146,2025-05-27,5,2,no_season,42,62790.38003020559,62790.38003020559,0.0,0,11855.749019981846,0.0,0.0,37815.3275270483,37815.3275270483,0.0,0,31971.655042940423,16,1.3306099783922603,2615.9555711319695,2477.3084296625734,1,0.0,9.094947017729282e-13,0.003917334019206464,0.026430292055010796,0.00021366705186665058,0.03056129312608391,16757.959376582086,15213.69566635834,16,65,41,106,102,89703.43986334163,94481.50680134668,8657.108901263127,4312.403957463866,1332.152293455851,5000.0,4960.4213,1,221.93306199494668,195.2953550603263
greedy_execution,147,2025-05-28,5,2,no_season,42,61372.573628402766,61372.573628402766,0.0,0,7182.5838264849735,0.0,0.0,37114.14700621002,37114.14700621002,0.0,0,33739.6618963004,15,1.4035624683732224,2477.3084296625734,2617.8973093033846,-1,0.0,9.094947017729282e-13,0.0037751670461148024,0.024714624974876642,0.00022841698955744505,0.02871820901054889,17827.91379910909,15911.748097191306,15,68,42,110,111,95343.99548088902,100148.70012582869,8111.610348891273,4433.3058661283185,1405.819245679183,5000.0,4863.596085736979,1,195.2953550603263,-2.712345887301808
greedy_execution,148,2025-05-29,5,2,no_season,42,61857.42071972464,61857.42071972464,0.0,0,5583.987587542506,0.0,0.0,37725.25707810952,37725.25707810953,0.0,0,35014.66757514177,18,1.4562187043395067,2617.8973093033846,2938.7744370460946,1,0.0,8.917311333789257e-13,0.003759959014132619,0.0250634589465335,0.00022391590755432844,0.02904733386822045,18588.98860366195,16425.67897147982,19,73,48,121,121,97653.65871993692,102621.45771483752,8475.106685698864,4498.936034400699,1458.9444822975738,5000.0,4841.996785688147,-1,-2.712345887301808,357.2632602734477
greedy_execution,149,2025-05-30,5,2,no_season,42,28905.004003498034,28905.004003498034,0.0,0,20564.909182647036,0.0,0.0,15788.61637784246,15788.616377842462,0.0,0,21046.63484787639,18,0.8743306849908555,2938.7744370460946,3575.801288180896,1,0.0,8.846257060213247e-13,0.0036977080162614584,0.02431012492161244,0.00021816696971654892,0.02822599990759045,11395.248201030361,9651.386646846027,18,73,37,110,111,52652.34596104046,52701.0520365902,6824.740277508112,1078.2380205641532,876.9431186615162,5000.0,3174.68958627942,1,357.2632602734477,280.1825365789475
greedy_execution,150,2025-05-31,5,2,no_season,42,28531.619803325724,28531.619803325724,0.0,0,19003.602236573617,0.0,0.0,15868.688747335706,15868.688747335706,0.0,0,22847.626271139157,19,0.9508047979600839,3575.801288180896,3512.042288979843,-1,0.0,9.094947017729282e-13,0.0038645840249955654,0.024888667045161128,0.0002240829635411501,0.028977334033697844,11993.231143945633,10854.395127193526,19,66,37,103,103,62904.32574773187,62999.0788559761,6688.821711171591,2820.648998178393,951.9844279641317,5000.0,3307.6821,1,280.1825365789475,-676.4630596207896
greedy_execution,151,2025-06-01,6,2,no_season,42,62365.50943774389,62365.50943774389,8170.646652394773,330,0.5704824296550441,0.0,0.0,86927.06448363201,37695.6925041035,49231.37197952851,0,30772.344925304078,25,1.2854742011813356,3512.042288979843,1200.0,-1,0.0,8.646416915780719e-13,0.003709792043082416,0.025386375025846064,0.00022620800882577896,0.02932237507775426,15041.552116506538,15730.792808797534,26,35,83,118,119,93175.716677993,98308.13614854921,8165.946972388537,4156.6186397934325,1282.1810385543365,5000.0,5000.0,-1,-676.4630596207896,0.0
greedy_execution,152,2025-06-02,6,2,no_season,42,70464.87207712521,70464.87207712521,3645.646820781176,270,3426.128177585784,0.0,0.0,62658.40310776456,42690.464008334675,19967.939099429892,0,38828.08213609136,17,1.6155944306071661,1200.0,1200.0,-1,0.0,8.828493491819245e-13,0.0037663329858332872,0.022732916986569762,0.0002952499780803919,0.02679449995048344,20435.83270320598,18392.24943288538,18,45,78,123,114,92286.55587607122,96433.52677989683,6047.119719394728,4249.528538410661,1617.8367556704734,5000.0,5000.0,-1,0.0,0.0
greedy_execution,153,2025-06-03,6,2,no_season,42,70402.41151563675,70402.41151563675,1937.4008964669251,230,2038.7653693918287,0.0,0.0,52430.66228708199,42771.570655069816,9659.091632012176,0,40064.92397819155,27,1.6670580796392054,1200.0,1200.0,-1,0.0,9.094947017729282e-13,0.004132165922783315,0.023703624960035086,0.00022254092618823051,0.02805833180900663,21086.802093785038,18978.121884406522,28,47,69,116,114,89188.08973953381,93558.62242107652,6886.60468920297,4535.335966533495,1669.3718324246483,5000.0,5000.0,-1,0.0,0.0
greedy_execution,154,2025-06-04,6,2,no_season,42,70054.35035112666,70054.35035112666,2146.724396428479,200,612.3023279237875,0.0,0.0,54636.60350312796,42782.5825522648,11854.020950863161,0,36926.72045632896,27,1.536480831083313,1200.0,1200.0,-1,0.0,8.668621376273222e-13,0.003760209074243903,0.02373112505301833,0.0002305000089108944,0.02772183413617313,19435.116029646822,17491.60442668214,28,49,78,127,128,100112.22777485577,104545.33084208268,8000.870723295902,4307.812094342494,1538.61335234704,4963.291301580637,5000.0,-1,0.0,0.0
greedy_execution,155,2025-06-05,6,2,no_season,42,70992.84387910803,70992.84387910803,2315.8495325749336,220,8.107740979387813,0.0,0.0,55413.1211638566,43447.01151830273,11966.109645553866,0,40874.08542670104,25,1.7007264108509292,1200.0,1200.0,-1,0.0,9.094947017729282e-13,0.003751291078515351,0.023721916950307786,0.0002989999484270811,0.02777220797725022,21512.67654036897,19361.408886332072,26,62,67,129,129,96024.04302687634,100536.78335892112,7888.339679571978,4131.256706349832,1703.0868927792103,5000.0,5000.0,-1,0.0,0.0
greedy_execution,156,2025-06-06,6,2,no_season,42,31088.077540555125,31088.077540555125,3992.29993395283,220,2865.758040026091,0.0,0.0,40364.97472933314,16392.642131368328,23972.332597964814,0,25832.85665515543,15,1.0748771776175006,1200.0,1200.0,-1,0.0,7.958078640513122e-13,0.0037735829828307033,0.023478000075556338,0.0002425409620627761,0.027494124020449817,13596.240344818645,12236.616310336783,16,52,59,111,114,52359.91063707956,56735.52090294412,6516.207557386617,2242.7703504901997,1076.369027298143,4605.355585667034,3798.6614,-1,0.0,0.0
greedy_execution,157,2025-06-07,6,2,no_season,42,37607.86561658987,37607.86561658987,1062.2653607182847,110,6146.824742574956,0.0,0.0,26006.52315257684,20445.945642322564,5560.577510254272,0,25045.205129861126,18,1.0419311898183108,1200.0,1278.733501816302,1,0.0,7.958078640513122e-13,0.0040264170384034514,0.02398166700731963,0.00022070901468396187,0.028228793060407043,13220.999098963832,11824.206030897294,19,62,48,110,113,59241.85450369554,63965.7564249468,6679.564458426582,2382.1244913863275,1043.5502137442136,4897.097627298579,3942.144395432806,-1,0.0,458.742073307297
greedy_execution,158,2025-06-08,6,2,no_season,42,85620.60789809772,85620.60789809772,0.0,0,17243.983812197668,0.0,0.0,54241.74807237023,54241.74807237023,0.0,0,30459.996945526407,16,1.2639189898086571,1278.733501816302,2869.4813668799516,1,0.0,9.094947017729282e-13,0.0037877500290051103,0.02577549999114126,0.00024329195730388165,0.02980654197745025,16825.848882379894,13634.14806314651,16,68,39,107,106,99254.91544469782,103796.17337139053,8963.67681517488,4553.66723125849,1269.1665393969333,5000.0,4577.635088308661,1,458.742073307297,155.04914580903846
greedy_execution,159,2025-06-09,6,2,no_season,42,76409.93799806187,76409.93799806187,0.0,0,3019.583106455598,0.0,0.0,48273.177321226365,48273.177321226365,0.0,0,39675.37952724958,18,1.6500382038353794,2869.4813668799516,3239.458444286161,1,0.0,9.094947017729282e-13,0.003950041951611638,0.026109292055480182,0.00024333305191248655,0.030302667059004307,21066.510842761258,18608.86868448832,18,72,59,131,129,109411.44694318314,114256.3977973741,8827.758081970409,4317.572469799793,1653.1408136353991,5000.0,4711.7339284230675,1,155.04914580903846,81.96987906249365
greedy_execution,160,2025-06-10,6,2,no_season,42,79445.52687453321,79445.52687453321,0.0,0,5933.555112659762,0.0,0.0,50780.135908459066,50780.13590845906,0.0,0,37457.32064112961,16,1.5587296231864844,3239.458444286161,3161.4399104978415,1,0.0,8.970602038971265e-13,0.004143459023907781,0.026698540896177292,0.000245707924477756,0.03108770784456283,19675.424084834864,17781.896556294752,16,66,49,115,116,113406.54493005486,118239.65880212387,8792.197749189636,4689.460878837196,1560.721693380401,5000.0,4609.827628122846,1,81.96987906249365,261.3822866327471
greedy_execution,161,2025-06-11,6,2,no_season,42,82001.30564492662,82001.30564492662,340.9039399533484,30,4094.643664940996,0.0,0.0,52894.966616742895,51253.80313379684,1641.1634829460459,0,45450.163719106,14,1.8916349482089319,3161.4399104978415,2932.127806770869,1,0.0,9.094947017729282e-13,0.003958666929975152,0.027336625033058226,0.00023462495300918818,0.031529916916042566,23806.641661189155,21643.522057916853,14,71,53,124,114,106126.47951980453,110865.09723317178,8938.748026764755,4569.481787019555,1893.7568216294167,5000.0,4820.905218684135,1,261.3822866327471,594.6565035032925
greedy_execution,162,2025-06-12,6,2,no_season,42,84249.81451743458,84249.81451743458,0.0,0,9471.134561646806,0.0,0.0,53203.13859669615,53203.13859669615,0.0,0,37779.72205403349,20,1.571231305480771,2932.127806770869,3270.478860583725,1,0.0,8.748557434046234e-13,0.003970041987486184,0.02532766608055681,0.00023154192604124546,0.02952924999408424,20053.005288243963,17726.716765789522,20,71,49,120,118,107734.18262093961,112139.52611743631,8664.374097600497,4373.256997529098,1574.1550855847286,5000.0,4738.826773269146,1,594.6565035032925,907.9962290522432
greedy_execution,163,2025-06-13,6,2,no_season,42,42045.77988286523,42045.77988286523,0.0,0,11488.121420025827,0.0,0.0,24778.921972037777,24778.92197203778,0.0,0,23315.136168883866,12,0.9679539599598206,3270.478860583725,4257.07862277687,1,0.0,7.958078640513122e-13,0.0037547920364886522,0.026858875062316656,0.00024337496142834425,0.030857042060233653,12763.740465861636,10551.39570302223,12,77,29,106,105,70484.99643595092,74577.00020689868,7930.989897420701,3272.9713498041006,971.4640070368278,5000.0,3759.88170410196,1,907.9962290522432,239.1974590445725
greedy_execution,164,2025-06-14,6,2,no_season,42,42902.10288335837,42902.10288335837,0.0,0,15936.430608198008,0.0,0.0,25027.683977923534,25027.683977923538,0.0,0,21184.507250714727,10,0.88221685138048,4257.07862277687,3913.958516939332,1,0.0,9.059419880941277e-13,0.004151792032644153,0.027173042064532638,0.00024737499188631773,0.03157220908906311,10978.418387937541,10206.088862777184,10,67,26,93,92,71541.48925321912,76228.97042457396,7253.306927311001,3427.866057211437,882.6878021131135,5000.0,3932.4897999999994,1,239.1974590445725,593.9602177522279
greedy_execution,165,2025-06-15,6,2,no_season,42,80169.74369479105,80169.74369479105,0.0,0,8294.336206910044,0.0,0.0,50389.1473787685,50389.14737876851,0.0,0,37989.08235506734,12,1.5823337572902485,3913.958516939332,3161.9239629430963,1,0.0,9.023892744153272e-13,0.004198167007416487,0.02772487490437925,0.0002471670741215348,0.03217020898591727,19618.757754807495,18370.32460025984,12,50,55,105,95,93467.33457074169,97873.37435298946,8820.956749278152,4573.987016989988,1582.8784314611391,5000.0,4746.1100208553,1,593.9602177522279,513.4886634721722
greedy_execution,166,2025-06-16,6,2,no_season,42,80846.89367153999,80846.89367153999,0.0,0,6261.765109788245,0.0,0.0,51176.835624860316,51176.835624860316,0.0,0,39326.36527365288,18,1.6367199543520956,3161.9239629430963,2982.9429413516496,1,0.0,8.952838470577262e-13,0.004117915988899767,0.027862707967869937,0.0002455830108374357,0.03222620696760714,20608.720509368974,18717.6447642839,18,71,52,123,122,118085.31595024875,122571.82728677658,8602.1731758353,4737.077507713487,1638.5985530688697,5000.0,4830.027635273539,1,513.4886634721722,544.6742641433839
greedy_execution,167,2025-06-17,6,2,no_season,42,82651.40516552802,82651.40516552802,0.0,0,6290.229878241489,0.0,0.0,52353.043854233205,52353.043854233205,0.0,0,40163.45938264757,18,1.672013827314387,2982.9429413516496,2592.6998509501536,1,0.0,9.094947017729282e-13,0.003974083927460015,0.02666824997868389,0.0002454170025885105,0.030887750908732414,20943.811726633714,19219.647656013854,18,70,53,123,122,115659.2677583148,120114.59349417142,8563.421472920008,4437.141802567008,1673.477474276982,5000.0,4915.792658690267,1,544.6742641433839,416.40708739270053
greedy_execution,168,2025-06-18,6,2,no_season,42,84056.09692759,84056.09692759,0.0,0,11389.381111357976,0.0,0.0,53083.0115498066,53083.0115498066,0.0,0,34834.96926174751,22,1.4496541601692607,2592.6998509501536,2497.4733482251777,1,0.0,9.094947017729282e-13,0.004043124965392053,0.026860499987378716,0.0002477499656379223,0.031151374918408692,18286.647088989765,16548.32217275774,22,67,52,119,116,107840.29336722716,112423.88627983446,8890.417737617323,4671.088000265869,1451.4570525728127,5000.0,4920.629096208715,1,416.40708739270053,205.02352928448
greedy_execution,169,2025-06-19,6,2,no_season,42,81255.67445506415,81255.67445506415,37.90170066488565,20,11102.933539976164,0.0,0.0,51415.11282808364,51159.83468751481,255.27814056882337,0,36854.027214815666,20,1.5334749139954886,2497.4733482251777,2488.9142581766414,1,0.0,9.094947017729282e-13,0.003961959038861096,0.026345874997787178,0.00023558398243039846,0.030543418019078672,19392.58281528427,17461.4443995314,20,69,46,115,113,108172.57359082057,112761.5087340133,8313.09127015958,4431.947193086861,1535.5844672839862,5000.0,5000.0,1,205.02352928448,25.68536417217888
greedy_execution,170,2025-06-20,6,2,no_season,42,39056.56716844081,39056.56716844081,0.0,0,13353.550986592489,0.0,0.0,23516.615750619167,23516.61575061917,0.0,0,22156.54401386839,10,0.9172184177751534,2488.9142581766414,4628.180722267405,1,0.0,8.526512829121202e-13,0.004158290917985141,0.0265499169472605,0.00023812497965991497,0.030946332844905555,12729.489672858357,9427.054341010036,10,78,24,102,102,69657.20267824658,69890.53646703598,7723.187068220635,3264.259290227502,923.1893339111832,4989.381180907758,3786.1453533141375,1,25.68536417217888,429.1949701566473
greedy_execution,171,2025-06-21,6,2,no_season,42,37415.04646350983,37415.04646350983,0.0,0,16257.98046637993,0.0,0.0,22689.02986822826,22689.02986822826,0.0,0,24488.286289119504,16,1.0177595508087203,4628.180722267405,5162.389560832249,1,0.0,9.094947017729282e-13,0.004117041942663491,0.027547792065888643,0.0002458749804645777,0.03191070898901671,13155.305943124704,11332.980345994798,16,72,31,103,103,82860.50751836476,83155.26047901742,7959.838574432761,3218.3538964434742,1020.3452620466461,4899.189269234252,3960.836761968446,1,429.1949701566473,415.41868409167364
greedy_execution,172,2025-06-22,6,2,no_season,42,75461.03316280013,75461.03316280013,0.0,0,8617.04943823376,0.0,0.0,48225.559291454934,48225.559291454934,0.0,0,32793.73471277673,14,1.369649031364149,5162.389560832249,2819.799312993347,1,0.0,9.094947017729282e-13,0.0039011669578030705,0.02738687500823289,0.0002444579731673002,0.03153249993920326,16090.188668671555,16703.546044105176,14,68,49,117,118,95703.83195229893,100288.41326820725,8838.487576093372,4240.687569392087,1366.4056130323638,5000.0,4752.9170049020095,1,415.41868409167364,270.2646182206672
greedy_execution,173,2025-06-23,6,2,no_season,42,79469.44980470178,79469.44980470178,0.0,0,10991.490271765384,0.0,0.0,49761.59017475062,49761.590174750614,0.0,0,37238.656330440186,24,1.5506531486773474,2819.799312993347,2275.7895667556245,1,0.0,9.094947017729282e-13,0.004183084005489945,0.02744408301077783,0.0002441250253468752,0.03187129204161465,19327.664931688298,17910.99139875189,24,68,53,121,116,103432.21135102518,108161.94673280451,7907.2591008224235,4395.481754590895,1551.6106804350077,5000.0,4851.657341158357,1,270.2646182206672,143.76039198676267
greedy_execution,174,2025-06-24,6,2,no_season,42,80159.71655608654,80159.71655608654,849.5683841115522,50,2312.416352711587,0.0,0.0,54472.66935494634,50464.308552021925,4008.3608029244083,0,44234.42237860343,15,1.8403269004921319,2275.7895667556245,2375.8771322025195,-1,0.0,8.917311333789257e-13,0.004241334041580558,0.02785929199308157,0.0002635420532897115,0.03236416808795184,23331.249358044963,20903.173020558464,15,74,55,129,127,116143.89116870609,121000.13077671932,9030.640865066405,4512.785158750467,1843.1009324418094,5000.0,4855.34011126603,1,143.76039198676267,-11.6106949856362
greedy_execution,175,2025-06-25,6,2,no_season,42,83567.51569464651,83567.51569464651,0.0,0,11081.565329444917,0.0,0.0,53014.88397634988,53014.88397634988,0.0,0,36446.0884973179,16,1.5161960834499304,2375.8771322025195,2506.3718125628384,1,0.0,9.094947017729282e-13,0.004409792018122971,0.027634333004243672,0.00024145899806171656,0.03228558402042836,19247.308747926407,17198.779749391484,17,66,47,113,113,111888.0271842026,116869.5641174223,8733.933483763398,4748.921918165824,1518.587020721579,5000.0,4816.7565002338215,-1,-11.6106949856362,332.2323898744223
greedy_execution,176,2025-06-26,6,2,no_season,42,80043.92836973646,80043.92836973646,0.0,0,10691.786999450338,0.0,0.0,50272.759182592315,50272.759182592315,0.0,0,36871.12802963256,18,1.5344659726054604,2506.3718125628384,2370.355144364242,1,0.0,9.094947017729282e-13,0.00437916605733335,0.02689041697885841,0.0002449579769745469,0.03151454101316631,19337.94278329267,17533.18524633989,18,67,50,117,112,103968.15978830765,108449.03539778964,8459.72032825115,4566.589393309956,1536.29700123469,5000.0,4927.183933578544,1,332.2323898744223,1017.9667348611326
greedy_execution,177,2025-06-27,6,2,no_season,42,37428.01917262566,37428.01917262566,0.0,0,14283.988081136622,0.0,0.0,21893.504739251144,21893.50473925114,0.0,0,23606.076732254583,10,0.9775458294027902,2370.355144364242,4503.271504467355,1,0.0,7.958078640513122e-13,0.004183499957434833,0.028174208011478186,0.00023854197934269905,0.03259624994825572,13489.230978538473,10116.845753716108,10,76,27,103,103,70214.9032926966,70837.18577484979,7212.632847931023,3488.7711261844397,983.5865305106074,4878.873571031152,3718.661913578495,1,1017.9667348611326,769.3288702779233
greedy_execution,178,2025-06-28,6,2,no_season,42,36095.54042840343,36095.54042840343,0.0,0,13295.408075533825,0.0,0.0,21416.501780016326,21416.501780016326,0.0,0,23853.319026483492,18,0.9930207482399682,4503.271504467355,4270.71757695041,1,0.0,7.247535904753022e-13,0.004113958915695548,0.02679362497292459,0.00024091696832329035,0.03114850085694343,12438.26263134322,11415.056395140273,18,70,34,104,104,84007.62456589399,84021.59024391336,7662.560588699833,3571.146122426171,993.8882927701457,5000.0,3703.51,1,769.3288702779233,96.68828973921791
greedy_execution,179,2025-06-29,6,2,no_season,42,78526.8619297891,78526.8619297891,0.0,0,9098.438053359829,0.0,0.0,49394.50676484003,49394.50676484003,0.0,0,35300.52702066835,24,1.472543927083685,4270.71757695041,2571.0947645685824,1,0.0,8.810729923425242e-13,0.004000707995146513,0.02725087502039969,0.0002472499618306756,0.03149883297737688,17730.591181882144,17569.93583878621,24,59,56,115,116,94205.19024304702,99108.5019533078,8249.662768336144,4510.270529533208,1470.855292527848,5000.0,4814.8953070624975,1,96.68828973921791,154.45624840156393
greedy_execution,180,2025-06-30,6,2,no_season,42,80143.18598172479,80143.18598172479,0.0,0,8783.558896238113,0.0,0.0,50088.41277180943,50088.412771809424,0.0,0,37624.21248190309,17,1.5665969514447764,2571.0947645685824,2072.1245834531155,-1,0.0,8.917311333789257e-13,0.00400679197628051,0.027482083067297935,0.00023783405777066946,0.031726709101349115,19553.077792028213,18071.13468987487,17,64,53,117,110,107918.55896223396,112675.90592229892,8545.09950474466,4512.301999250604,1567.6755200792952,5000.0,4958.227500163566,1,154.45624840156393,-720.3602731484555
greedy_execution,181,2025-07-01,7,2,no_season,42,82943.8148259313,82943.8148259313,2402.3459291515246,300,5208.273870346417,0.0,0.0,62812.93445899051,51928.52532132539,10884.40913766511,0,40702.91469948298,19,1.6955167362520573,2072.1245834531155,1200.0,-1,0.0,9.094947017729282e-13,0.004183667013421655,0.02761641691904515,0.00024375005159527063,0.032043833984062076,20987.128775443027,19715.785924039952,20,43,70,113,99,112989.43805863956,117951.63127555186,7806.48377934158,4621.761821321316,1695.9547791451241,5000.0,5000.0,-1,-720.3602731484555,0.0
greedy_execution,182,2025-07-02,7,2,no_season,42,79149.43036449028,79149.43036449028,2754.415075396397,270,7009.468204563938,0.0,0.0,63918.03133688747,48844.22231719285,15073.809019694614,0,37802.60650446531,15,1.5729255005948222,1200.0,1200.0,-1,0.0,9.094947017729282e-13,0.0042440000688657165,0.02549683302640915,0.0002513329964131117,0.029992166091687977,19896.108686560685,17906.497817904616,16,37,76,113,102,93407.13713088713,97757.80286855796,8286.546487670106,4593.459906858427,1575.1086043527212,5000.0,5000.0,-1,0.0,0.0
greedy_execution,183,2025-07-03,7,2,no_season,42,75692.39958193639,75692.39958193639,6251.154156725996,380,126.42331011495605,0.0,0.0,81409.05784759417,46515.563647445044,34893.49420014914,0,39077.51840906781,13,1.6259732036817596,1200.0,1200.0,-1,0.0,9.094947017729282e-13,0.004083000007085502,0.025550083024427295,0.0002424169797450304,0.029875500011257827,20567.114952140953,18510.403456926855,14,38,74,112,110,97412.23303464972,101661.01171205132,7825.661628564927,4279.0758562011915,1628.2299337111588,5000.0,5000.0,-1,0.0,0.0
greedy_execution,184,2025-07-04,7,2,no_season,42,37449.80658924457,37449.80658924457,3229.57291130255,280,10453.091157855044,0.0,0.0,36373.27288048975,21428.800120947104,14944.472759542645,0,25562.996644482624,19,1.0636485949448242,1200.0,1200.0,-1,0.0,8.704148513061227e-13,0.004113417002372444,0.025915915961377323,0.00024999992456287146,0.030279332888312638,13454.208760254012,12108.787884228612,20,38,57,95,100,71944.43007799516,76646.43710347192,6971.674453245304,3176.7856592321323,1065.124860186776,5000.0,4455.7962659881,-1,0.0,0.0
greedy_execution,185,2025-07-05,7,2,no_season,42,38199.90948621022,38199.90948621022,2855.281424965696,260,10929.001505445089,0.0,0.0,36833.31274220273,21547.073487765152,15286.23925443758,0,25386.079342219113,19,1.0562872576731772,1200.0,1200.0,-1,0.0,9.094947017729282e-13,0.004387250053696334,0.026746332994662225,0.00027641700580716133,0.03141000005416572,13361.094390641636,12024.984951577473,20,44,53,97,101,70985.84610475496,75236.5195310409,7975.447852506063,3053.970781273338,1057.7533059257962,4575.27877113453,4270.174017017033,-1,0.0,0.0
greedy_execution,186,2025-07-06,7,2,no_season,42,78535.04959777575,78535.04959777575,4617.944960480571,300,1154.9082957086725,0.0,0.0,75326.89693790609,48349.48898704269,26977.407950863402,0,41877.989538405454,25,1.742497773290325,1200.0,1200.0,-1,0.0,8.93507490218326e-13,0.004600374959409237,0.026954874978400767,0.00027445796877145767,0.03182970790658146,22041.047125476558,19836.942412928904,26,39,87,126,118,106103.7609550524,110720.7710575827,7893.470698563232,4400.633031678355,1744.9162307668944,5000.0,5000.0,-1,0.0,0.0
greedy_execution,187,2025-07-07,7,2,no_season,42,83887.65900113201,83887.65900113201,1092.949537922584,190,9544.89992072506,0.0,0.0,57948.418348200015,52178.292781250486,5770.125566949531,0,36323.3397033942,24,1.511123430071592,1200.0,1314.6300078577065,1,0.0,9.094947017729282e-13,0.004485958954319358,0.025305000017397106,0.00023441703524440527,0.03002537600696087,19174.78277752853,17148.556925865672,25,43,63,106,99,100580.55343863089,105367.58084172827,9015.932917131973,4611.976465006352,1513.4724876414248,5000.0,5000.0,-1,0.0,560.7087997173917
greedy_execution,188,2025-07-08,7,2,no_season,42,95132.71468805912,95132.71468805912,0.0,0,14973.005010749397,0.0,0.0,60223.49580471682,60223.49580471682,0.0,0,38969.37666551079,22,1.615901559509171,1314.6300078577065,3855.4544318658614,1,0.0,9.094947017729282e-13,0.0039099580608308315,0.026989499921910465,0.0002548330230638385,0.031154291005805135,21778.84966307692,17190.52700243387,22,73,48,121,115,103863.60566044861,108302.89686073121,8546.07171455747,4516.719647977722,1623.7240277296162,5000.0,4774.891415856943,1,560.7087997173917,730.5060841920549
greedy_execution,189,2025-07-09,7,2,no_season,42,92648.70803836737,92648.70803836737,0.0,0,16922.823070273287,0.0,0.0,59938.94403374826,59938.94403374825,0.0,0,32454.360791316187,12,1.3504807495366147,3855.4544318658614,3814.433275712139,1,0.0,9.094947017729282e-13,0.004032166092656553,0.026958958012983203,0.00023895897902548313,0.03123008308466524,17060.760371371805,15393.600419944383,12,62,36,98,96,105318.96804777009,109588.46196357804,8510.624272262747,4668.105984351564,1352.265032971508,5000.0,4704.586347289869,1,730.5060841920549,519.7963985320273
greedy_execution,190,2025-07-10,7,2,no_season,42,89721.50007134836,89721.50007134836,0.0,0,15729.058836042354,0.0,0.0,57301.88238482724,57301.88238482724,0.0,0,34244.24344600588,20,1.4263229558906045,3814.433275712139,3150.0016216274316,1,0.0,9.094947017729282e-13,0.004108791938051581,0.027211208012886345,0.00023937493097037077,0.0315593748819083,17691.53064898928,16552.712797016597,20,62,46,108,105,103675.37233630924,108155.57593777722,8520.57037780298,4497.094625221856,1426.8434769169116,5000.0,4833.444352293878,1,519.7963985320273,939.934548549664
greedy_execution,191,2025-07-11,7,2,no_season,42,48940.92617267732,48940.92617267732,0.0,0,13464.681620258776,0.0,0.0,29834.59531825493,29834.595318254935,0.0,0,24568.158701504017,6,1.018599385940395,3150.0016216274316,4816.718112232515,1,0.0,6.821210263296962e-13,0.004101665923371911,0.026650792104192078,0.0002458749804645777,0.030998333008028567,13762.813051961279,10805.345649542738,6,74,25,99,99,64943.4356119734,64946.73787436127,8665.245050487167,3209.5023612512755,1023.6732792293341,5000.0,4422.4883,1,939.934548549664,542.8419829331524
greedy_execution,192,2025-07-12,7,2,no_season,42,47789.97497629707,47789.97497629707,0.0,0,16244.41883929055,0.0,0.0,28996.10570071331,28996.10570071331,0.0,0,22074.11822482304,10,0.9200184225706896,4816.718112232515,4115.263001639644,1,0.0,9.094947017729282e-13,0.004144083010032773,0.02764483296778053,0.000238833948969841,0.032027749926783144,11267.715514248113,10806.402710574932,10,72,28,100,102,57549.83360838222,57676.24127622578,8561.629198066348,1713.267211039996,919.7549260342935,5000.0,4333.451691213802,1,542.8419829331524,92.28107194567451
greedy_execution,193,2025-07-13,7,2,no_season,42,88127.18499009186,88127.18499009186,0.0,0,18750.505612789668,0.0,0.0,56376.32209650481,56376.32209650481,0.0,0,31858.715715316182,16,1.3290496084972192,4115.263001639644,2545.2714561055345,1,0.0,9.094947017729282e-13,0.004205459030345082,0.027397167054004967,0.0003772920463234186,0.03197991813067347,15983.837346309188,15874.878369006996,16,60,38,98,96,98159.35839789905,102980.52453274347,8544.47223418196,4281.309231054099,1327.4464881381743,5000.0,4976.7568574474435,1,92.28107194567451,237.44838210141052
greedy_execution,194,2025-07-14,7,2,no_season,42,87783.44157835227,87783.44157835227,0.0,0,14631.810902865134,0.0,0.0,55513.12754696841,55513.12754696841,0.0,0,32576.026807964605,20,1.3562669771743077,2545.2714561055345,2174.1808558575717,1,0.0,8.952838470577262e-13,0.004100666963495314,0.026425082935020328,0.00024083396419882774,0.03076658386271447,16959.98913339254,15616.037674572068,20,70,39,109,105,95187.79202003291,99812.76264077149,8772.028649136635,4591.4760125131115,1357.3344503318585,5000.0,4859.956955757256,1,237.44838210141052,233.28964791423027
greedy_execution,195,2025-07-15,7,2,no_season,42,86917.62155915331,86917.62155915331,0.0,0,11632.405420569641,0.0,0.0,54797.25420057548,54797.25420057548,0.0,0,34488.74220256908,16,1.4334559314010173,2174.1808558575717,2896.1501039373393,1,0.0,9.094947017729282e-13,0.0043617080664262176,0.027387750102207065,0.00024624995421618223,0.031995708122849464,18512.45387890971,15976.288323659377,16,67,42,109,105,103432.04228303678,108017.20529633916,8760.825625179858,4438.131121615723,1437.030925107045,5000.0,4845.712086536367,1,233.28964791423027,325.6569896414328
greedy_execution,196,2025-07-16,7,2,no_season,42,86637.39085833286,86637.39085833286,0.0,0,13291.051200455298,0.0,0.0,54920.377184028264,54920.37718402827,0.0,0,33019.560196966195,18,1.3750634448524028,2896.1501039373393,2369.3246079490214,1,0.0,9.094947017729282e-13,0.004191540996544063,0.02500875003170222,0.00022483302745968103,0.029425124055705965,17115.66823575521,15903.891961210986,18,66,43,109,107,101410.48212166948,105824.4731093843,8967.046730538013,4570.44720628904,1375.8150082069246,5000.0,4900.279882939036,1,325.6569896414328,164.4370620322934
greedy_execution,197,2025-07-17,7,2,no_season,42,85814.39794070355,85814.39794070355,0.0,0,11194.11256068189,0.0,0.0,54193.609685480274,54193.60968548028,0.0,0,36968.46603728511,20,1.5383184840560697,2369.3246079490214,2323.421560781958,1,0.0,9.094947017729282e-13,0.0038257089909166098,0.02603633305989206,0.0002462079282850027,0.03010824997909367,19434.167675320045,17534.298361965055,20,72,47,119,115,103277.1026912216,107890.95119986957,9084.86682216114,4267.257113471815,1540.3527515535459,5000.0,4909.206031771503,1,164.4370620322934,745.7485546898201
greedy_execution,198,2025-07-18,7,2,no_season,42,49951.689253237724,49951.689253237724,0.0,0,14717.009849222002,0.0,0.0,30200.415834804764,30200.415834804764,0.0,0,24464.698944159885,8,1.0120800446569809,2323.421560781958,4999.946800369069,1,0.0,7.958078640513122e-13,0.004061291925609112,0.02767287497408688,0.00023849995341151953,0.03197266685310751,14212.565124087803,10252.13382007208,8,74,26,100,100,61637.386766077114,65891.6382113873,8743.576001361444,2111.3463462812206,1019.3624560066617,5000.0,4254.781279700757,1,745.7485546898201,1205.6983137203526
greedy_execution,199,2025-07-19,7,2,no_season,42,48103.07157653804,48103.07157653804,0.0,0,20331.86805235815,0.0,0.0,29325.669894609906,29325.669894609906,0.0,0,20203.1158974576,7,0.8416727390415584,4999.946800369069,4524.350207355197,-1,0.0,8.526512829121202e-13,0.004220000002533197,0.026586208026856184,0.0002355840988457203,0.0310417921282351,10395.750185818742,9807.365711638855,7,68,23,91,91,55175.66587165136,55593.96326973845,8434.632656200141,1861.9441350578775,841.7964957274,5000.0,4373.708056751815,1,1205.6983137203526,-30.110607825073203
greedy_execution,200,2025-07-20,7,2,no_season,42,84663.0598372842,84663.0598372842,0.0,0,12562.58722492537,0.0,0.0,54348.36705747806,54348.36705747806,0.0,0,31920.879293432627,12,1.331859583316292,4524.350207355197,2852.4811104465034,1,0.0,8.668621376273222e-13,0.004111208021640778,0.026682000025175512,0.00023037497885525227,0.03102358302567154,15965.6868445624,15955.19244887023,13,54,40,94,88,87913.45392585124,92943.56453367631,8984.031899635274,3989.269768357091,1330.0366372263595,5000.0,4923.1286034688765,-1,-30.110607825073203,164.05633585863507
greedy_execution,201,2025-07-21,7,2,no_season,42,86431.73671905919,86431.73671905919,0.0,0,11104.223094183146,0.0,0.0,54824.01233391575,54824.01233391575,0.0,0,35070.26074226308,20,1.4603512204640434,2852.4811104465034,2343.7370680746108,1,0.0,9.094947017729282e-13,0.004033875069580972,0.025464999955147505,0.00023845897521823645,0.029737333999946713,18204.01250856956,16866.24823369352,20,65,44,109,105,101805.62202793895,106555.1181798014,8690.390791968928,4450.161201631138,1461.2608642609619,5000.0,4800.223669573145,1,164.05633585863507,117.71230270153865
greedy_execution,202,2025-07-22,7,2,no_season,42,87848.20314968882,87848.20314968882,0.0,0,12403.16423229645,0.0,0.0,55775.68068253921,55775.68068253921,0.0,0,35002.97744493764,12,1.4568584130331608,2343.7370680746108,2151.1024059771585,1,0.0,8.668621376273222e-13,0.004094791947863996,0.02681787498295307,0.00024033302906900644,0.031152999959886074,18326.435872831677,16676.541572105965,12,68,45,113,109,106790.99532846449,111673.28302576295,9077.59067598048,4515.044300224023,1458.4573935390683,5000.0,4911.343040092739,1,117.71230270153865,123.38186842546793
greedy_execution,203,2025-07-23,7,2,no_season,42,86595.02339002526,86595.02339002526,0.0,0,10043.956190869427,0.0,0.0,54714.41112818121,54714.41112818121,0.0,0,38086.2310233924,18,1.5840021613030262,2151.1024059771585,2481.5420035112015,1,0.0,9.050538096744276e-13,0.0041924999095499516,0.02684025000780821,0.00024108309298753738,0.0312738330103457,20210.375552940783,17875.855470451617,18,74,43,117,118,110689.01179342366,115565.6299249982,8937.262214195984,4419.075160604409,1586.9262926413498,5000.0,4773.2708025868,1,123.38186842546793,11.396109095387601
greedy_execution,204,2025-07-24,7,2,no_season,42,85507.23656890247,85507.23656890247,0.0,0,9862.658122672874,0.0,0.0,54322.15892106861,54322.15892106861,0.0,0,35050.30829383043,20,1.4580027051284299,2481.5420035112015,2665.149862513812,1,0.0,9.094947017729282e-13,0.004105875035747886,0.02710299997124821,0.00023558398243039846,0.031444458989426494,18539.207370030013,16511.10092380042,20,70,51,121,120,115936.38509497937,120880.57316691824,9045.942116421269,4726.418662950609,1460.4295122429348,5000.0,4788.433720098142,1,11.396109095387601,623.051238237307
greedy_execution,205,2025-07-25,7,2,no_season,42,47880.75814268457,47880.75814268457,0.0,0,18804.184171489636,0.0,0.0,28277.161441191995,28277.161441191998,0.0,0,24294.744976522205,12,1.0080394696625616,2665.149862513812,3959.5274888503536,1,0.0,8.526512829121202e-13,0.004211290972307324,0.0276441250462085,0.00024045805912464857,0.032095874077640474,13432.999690525237,10861.745285996967,12,72,26,98,98,71655.2353419919,73115.65618213313,8175.660761155681,3948.2360634044003,1012.2810406884253,5000.0,4194.660671476021,1,623.051238237307,463.7359774601541
greedy_execution,206,2025-07-26,7,2,no_season,42,47839.630515550496,47839.630515550496,0.0,0,17315.287118046203,0.0,0.0,29179.037788643385,29179.037788643385,0.0,0,22843.902094853394,6,0.9486369354835168,3959.5274888503536,4813.652502137908,1,0.0,9.094947017729282e-13,0.004281791974790394,0.027134958072565496,0.0002404589904472232,0.03165720903780311,12449.57696284551,10394.325132007885,6,71,22,93,93,63320.15771459065,63694.673606198914,8481.947883371826,2168.864968573657,951.8292539522247,5000.0,4225.753704935395,1,463.7359774601541,214.02983349780288
greedy_execution,207,2025-07-27,7,2,no_season,42,81992.96951114773,81992.96951114773,0.0,0,8689.438919982278,0.0,0.0,52502.81779695647,52502.81779695647,0.0,0,35972.95979888429,18,1.5017917833963104,4813.652502137908,2535.5221263020376,1,0.0,9.094947017729282e-13,0.004329791059717536,0.0273876249557361,0.00023708294611424208,0.03195449896156788,17795.65029502487,18177.30950385941,18,62,45,107,102,86447.6622807278,91230.40277466817,9151.533785566258,4348.339833695238,1498.8733249535117,5000.0,4745.45542073892,1,214.02983349780288,97.94109197783541
greedy_execution,208,2025-07-28,7,2,no_season,42,85565.17209050337,85565.17209050337,0.0,0,6065.893382532418,0.0,0.0,54380.71610890302,54380.71610890301,0.0,0,37588.5016165264,28,1.5649697733334493,2535.5221263020376,2100.9791331158845,1,0.0,9.094947017729282e-13,0.00412416597828269,0.02655929105821997,0.0002335419412702322,0.03091699897777289,19566.451545582007,18022.050070944395,28,66,57,123,126,111476.6391695682,116262.04285340039,8872.124723191713,4789.633871324293,1566.1875673552668,5000.0,4744.721178001056,1,97.94109197783541,234.061784115381
greedy_execution,209,2025-07-29,7,2,no_season,42,88697.84828013623,88697.84828013623,2.2790275547650936,10,10540.358773393631,0.0,0.0,56611.17326430465,56595.828571778424,15.344692526233375,0,35840.169422723906,12,1.4908221958847656,2100.9791331158845,2305.4604224407035,1,0.0,9.094947017729282e-13,0.0041111670434474945,0.026262791943736374,0.00026245799381285906,0.030636416980996728,18965.346003510633,16874.823419213273,12,65,44,109,109,103192.25041312052,107958.18862900513,9038.300483332152,4398.752710428378,1493.340392613496,5000.0,5000.0,1,234.061784115381,36.75094194858548
greedy_execution,210,2025-07-30,7,2,no_season,42,85763.69863972602,85763.69863972602,0.0,0,9462.328466998446,0.0,0.0,54335.22671366399,54335.22671366399,0.0,0,36548.74184741004,18,1.520150745601275,2305.4604224407035,2580.3395362150936,1,0.0,9.094947017729282e-13,0.0040903749177232385,0.026880874997004867,0.00023612496443092823,0.031207374879159033,19373.428985068807,17175.312862341238,18,69,44,113,108,100473.27082196061,105374.10244275696,8961.333813369909,4677.2052669796185,1522.864243642085,5000.0,4693.243487684172,1,36.75094194858548,271.05116261278704
greedy_execution,211,2025-07-31,7,2,no_season,42,85121.03873261731,85121.03873261731,0.0,0,8803.129973713694,0.0,0.0,54088.769503258154,54088.769503258154,0.0,0,37441.53923331614,20,1.5586654295821032,2580.3395362150936,2232.1621257774195,1,0.0,8.206768598029157e-13,0.004144833073951304,0.02669570897705853,0.00023445894476026297,0.031075000995770097,19532.225862776548,17909.313370539596,20,67,51,118,113,107331.20305825351,112060.15189564072,8950.504680429292,4497.590677247436,1560.0641347215055,5000.0,4820.294708517686,1,271.05116261278704,648.5845743329687
greedy_execution,212,2025-08-01,8,2,no_season,42,46809.273484295394,46809.273484295394,0.0,0,22284.585070845853,0.0,0.0,28007.997485928332,28007.997485928332,0.0,0,23466.13819333994,8,0.9719244948853443,2232.1621257774195,4273.259933397541,1,0.0,8.526512829121202e-13,0.004077167017385364,0.027409041998907924,0.00024308310821652412,0.03172929212450981,13369.733470061403,10096.404723278532,8,68,24,92,91,60322.56706970202,64673.98249536905,8636.796761541362,3657.7700931426352,977.7557580558306,5000.0,4243.67355828561,1,648.5845743329687,703.689433591906
greedy_execution,213,2025-08-02,8,2,no_season,42,42318.47774679435,42318.47774679435,0.0,0,20736.362617082803,0.0,0.0,25254.288909843388,25254.288909843388,0.0,0,23323.615275521508,15,0.9717275181731435,4273.259933397541,3699.99688730582,-1,0.0,8.526512829121202e-13,0.004166957922279835,0.02918512502219528,0.0002458749804645777,0.03359795792493969,11989.352735949862,11334.262539571648,15,70,29,99,100,70425.96527957896,70744.53530420398,8492.600659950731,3503.03262304486,971.8173031467296,5000.0,4256.298097920166,1,703.689433591906,-222.60455579447103
greedy_execution,214,2025-08-03,8,2,no_season,42,78337.84921938283,78337.84921938283,117.5813360986636,40,16267.449689519139,0.0,0.0,49794.393767498346,49480.49653516,313.8972323383368,0,31296.024972811912,12,1.307241606217211,3699.99688730582,1398.148193826723,1,0.0,9.023892744153272e-13,0.004084540996700525,0.027388041955418885,0.0002549580531194806,0.03172754100523889,15322.262927720472,15973.762045091444,13,60,36,96,92,79533.36850719218,84577.11029149828,8948.799772878034,4550.034333213924,1304.0010405338298,5000.0,5000.0,-1,-222.60455579447103,202.02172872583424
greedy_execution,215,2025-08-04,8,2,no_season,42,77126.91804724684,77126.91804724684,9.414174555169893,10,9313.863830642917,0.0,0.0,48236.98137022536,48173.595732945396,63.38563727995889,0,35621.56434828385,19,1.4810064264320881,1398.148193826723,1930.880693765147,-1,0.0,9.094947017729282e-13,0.004379458026960492,0.028430707985535264,0.00024824996944516897,0.033058415981940925,19014.188828054812,16607.37552022904,19,68,48,116,114,77599.09839545259,82244.86725545696,9255.186678588405,3376.909769539962,1484.2318478451607,5000.0,5000.0,1,202.02172872583424,-133.1899210328163
greedy_execution,216,2025-08-05,8,2,no_season,42,77401.55142603171,77401.55142603171,0.0,0,10462.974879121968,0.0,0.0,48583.80430410334,48583.80430410334,0.0,0,34220.957291990955,22,1.4239295379771333,1930.880693765147,1916.023900427574,1,0.0,9.059419880941277e-13,0.0042462090495973825,0.028387458994984627,0.00025883305352181196,0.03289250109810382,18003.612052783687,16217.345239207265,23,66,44,110,110,88462.95946242611,93433.88311628714,9032.648693897952,3695.0340970230163,1425.873220499623,5000.0,4884.802955630384,-1,-133.1899210328163,305.02167598356505
greedy_execution,217,2025-08-06,8,2,no_season,42,77543.904558939,77543.904558939,209.10361380563452,20,8450.570362957551,0.0,0.0,49878.4087430283,48419.98998314317,1458.4187598851386,0,34845.1464906677,27,1.4512872431927777,1916.023900427574,1269.2108809194447,-1,0.0,9.094947017729282e-13,0.004478792077861726,0.028950084000825882,0.000266083050519228,0.033694959129206836,18016.592516894063,16828.55397377364,27,71,57,128,125,94627.0801309798,99322.05845499624,9151.352864620236,3669.696677925363,1451.8811037778207,5000.0,4828.387547611566,1,305.02167598356505,-298.21565134251273
greedy_execution,218,2025-08-07,8,2,no_season,42,78312.4548968795,78312.4548968795,0.0,0,12588.50141104493,0.0,0.0,49281.41450747523,49281.41450747523,0.0,0,36502.35881165332,18,1.5179127099237844,1269.2108809194447,1684.57803692391,1,0.0,9.059419880941277e-13,0.004233083105646074,0.027984333923086524,0.00025108305271714926,0.03246850008144975,19419.163523743948,17083.19528790937,19,62,44,106,103,88547.40573253811,93459.69232083416,8925.246296759178,4779.436075713398,1520.9316171522214,5000.0,4948.347666112391,-1,-298.21565134251273,186.68224718216743
greedy_execution,219,2025-08-08,8,2,no_season,42,41675.9397877006,41675.9397877006,0.0,0,24066.292849983573,0.0,0.0,24299.49211634946,24299.492116349466,0.0,0,24946.798618118955,20,1.0368640651442729,1684.57803692391,2206.788107917324,1,0.0,6.821210263296962e-13,0.0042988338973373175,0.02736004104372114,0.00024583307094872,0.03190470801200718,13390.637152917992,11556.161465200967,20,67,36,103,105,74584.61832612951,79397.93607894734,7604.083852104493,3656.7309683097424,1039.4499424216233,5000.0,4233.414669393307,1,186.68224718216743,195.0870028974059
greedy_execution,220,2025-08-09,8,2,no_season,42,40682.87281479301,40682.87281479301,0.0,0,20573.497048505582,0.0,0.0,23851.55751187679,23851.55751187679,0.0,0,24105.89890255279,16,1.0031988399978562,2206.788107917324,2125.390535815792,1,0.0,9.094947017729282e-13,0.004116459051147103,0.026756083010695875,0.0003326669102534652,0.031205208972096443,12646.67283442011,11459.226068132682,16,59,39,98,98,70664.75808519969,74342.13144871939,7792.341762207096,3524.6536112010917,1004.4124542730331,5000.0,4049.5425893860347,1,195.0870028974059,348.56501715711715
greedy_execution,221,2025-08-10,8,2,no_season,42,77415.43032261949,77415.43032261949,10.663968044841795,20,10222.573585830363,0.0,0.0,48630.697477422145,48558.66906044776,72.02841697438362,0,33235.134018278295,18,1.3825492087871043,2125.390535815792,2275.2823611178533,1,0.0,8.526512829121202e-13,0.004077707999385893,0.02756479091476649,0.00023150001652538776,0.03187399893067777,17567.01783655614,15668.116181722158,18,69,43,112,110,87825.33253701398,92476.76751985686,9127.853208555236,4129.6884872667715,1384.7972507615955,5000.0,5000.0,1,348.56501715711715,156.6096890377894
greedy_execution,222,2025-08-11,8,2,no_season,42,77606.17135392943,77606.17135392943,45.1508044364781,20,11688.124943541658,0.0,0.0,48967.252832668644,48663.08182726904,304.1710053996075,0,35308.111639311915,14,1.4701344893872004,2275.2823611178533,1818.271158917746,1,0.0,8.739675649849232e-13,0.004169667023234069,0.027448417036794126,0.00023058406077325344,0.03184866812080145,18355.027760401415,16953.0838789105,14,67,40,107,105,87658.18295535949,92501.57326632169,9091.35997264185,4550.944438483054,1471.1713183046631,5000.0,5000.0,1,156.6096890377894,281.5923973344952
greedy_execution,223,2025-08-12,8,2,no_season,42,75965.59165197764,75965.59165197764,59.9651777563015,20,6290.763097074421,0.0,0.0,47911.483153927606,47507.64284745205,403.84030647555585,0,34798.822884356494,22,1.4476278729220817,1818.271158917746,1961.2023505887278,1,0.0,8.952838470577262e-13,0.0040365420281887054,0.027301583089865744,0.0002532500075176358,0.031591375125572085,18386.536483508007,16412.28640084849,22,73,57,130,128,93510.76915849882,98229.17676116433,9166.960274200315,4116.266279921766,1449.950953514854,5000.0,5000.0,1,281.5923973344952,394.11937312572127
greedy_execution,224,2025-08-13,8,2,no_season,42,77364.59149685716,77364.59149685716,96.34245132921944,20,9379.003995615614,0.0,0.0,49208.093247051234,48558.84130462323,649.2519424280082,0,34036.24444520952,14,1.4158388774237722,1961.2023505887278,2131.0069160456887,1,0.0,9.094947017729282e-13,0.004648417001590133,0.027275915956124663,0.0002959578996524215,0.03222029085736722,17998.597473890142,16037.646971319384,14,66,42,108,105,90571.70166692464,95177.58229379891,8909.162711743254,4330.44036650365,1418.17685188373,5000.0,5000.0,1,394.11937312572127,345.0928261170782
greedy_execution,225,2025-08-14,8,2,no_season,42,75075.96198083312,75075.96198083312,201.63477467019015,60,7857.04588670008,0.0,0.0,48130.088902706266,46911.33397023889,1218.7549324673746,0,37546.318702194505,22,1.5633198246961244,2131.0069160456887,1648.475975684427,1,0.0,9.094947017729282e-13,0.004199333023279905,0.027203166973777115,0.00024145806673914194,0.03164395806379616,19520.289293832193,18026.02940836231,22,63,54,117,113,92690.76306639126,97345.67024027418,8565.090617295311,4304.703166623319,1564.4299459247711,5000.0,5000.0,1,345.0928261170782,140.21753861667298
greedy_execution,226,2025-08-15,8,2,no_season,42,41267.231839571585,41267.231839571585,0.0,0,22204.765359993577,0.0,0.0,24090.34210713445,24090.34210713445,0.0,0,25751.896711147503,27,1.070306468706638,1648.475975684427,2196.61230520941,-1,0.0,8.739675649849232e-13,0.0041976249776780605,0.027885082992725074,0.0002579169813543558,0.03234062495175749,13827.31815369609,11924.578557451416,27,62,41,103,104,77643.53899398682,82431.1579619748,7891.242235536232,3896.515679090165,1072.9956962978126,5000.0,4131.598894931556,1,140.21753861667298,-150.25244348399633
greedy_execution,227,2025-08-16,8,2,no_season,42,41028.77969516103,41028.77969516103,0.0,0,22762.393826919302,0.0,0.0,23910.85333435087,23910.85333435087,0.0,0,24592.10168327985,14,1.0231567519208034,2196.61230520941,2239.456047073363,1,0.0,9.059419880941277e-13,0.004216333036310971,0.026785833993926644,0.00023791601415723562,0.03124008304439485,12964.603592427455,11627.49809085239,15,65,32,97,97,72382.2980933887,77331.75864329816,7901.587834414005,3832.164762117319,1024.6709034699934,5000.0,4383.916165328235,-1,-150.25244348399633,254.64489663179302
greedy_execution,228,2025-08-17,8,2,no_season,42,73653.26176928564,73653.26176928564,6.92753879527163,20,8856.5034226002,0.0,0.0,46791.72620959836,46745.1476284807,46.57858111765594,0,35781.13717943881,21,1.489352214832455,2239.456047073363,1994.1906312315034,-1,0.0,8.313350008393172e-13,0.003952999948523939,0.026735000079497695,0.00023387500550597906,0.030921875033527613,18709.714724126436,17071.42245531238,21,66,46,112,112,94201.87990924926,98947.23501261746,8630.783189122034,4385.338610109357,1490.8807158099507,5000.0,5000.0,1,254.64489663179302,-91.34205099633641
greedy_execution,229,2025-08-18,8,2,no_season,42,75488.51432817274,75488.51432817274,19.88319447633876,10,9031.912201609504,0.0,0.0,47689.365840644765,47555.2636354991,134.10220514566674,0,35581.67112254305,28,1.480054388296457,1994.1906312315034,2204.1317817043573,1,0.0,9.023892744153272e-13,0.004041042062453926,0.02663716592360288,0.0002425829879939556,0.03092079097405076,18832.020413457976,16749.650709085072,29,72,46,118,114,94552.42812217298,99226.00060082792,8545.60782079685,4533.890999152138,1482.5696301059602,5000.0,5000.0,-1,-91.34205099633641,165.12928251206927
greedy_execution,230,2025-08-19,8,2,no_season,42,75984.15472965667,75984.15472965667,0.0,0,10048.750265110684,0.0,0.0,48217.62258764797,48217.62258764797,0.0,0,32763.04879747414,20,1.3634691191055133,2204.1317817043573,2097.3572171440064,1,0.0,8.952838470577262e-13,0.004021333996206522,0.026825749897398055,0.0002542909933254123,0.03110137488692999,17190.396606010057,15572.65219146408,20,63,43,106,107,92967.7209852802,97708.27973923934,8902.647251822951,4158.955211395263,1365.127033228089,5000.0,4993.901957216156,1,165.12928251206927,90.46953392790601
greedy_execution,231,2025-08-20,8,2,no_season,42,75224.95101373075,75224.95101373075,545.5008297445283,60,3246.2286202930004,0.0,0.0,50433.8377113674,47637.07211099231,2796.7656003750894,0,40367.5266155936,19,1.6802004137208204,2097.3572171440064,1845.9342369144742,-1,0.0,9.094947017729282e-13,0.004085250082425773,0.027434749994426966,0.00024341698735952377,0.03176341706421226,21120.529386054608,19246.997229538996,19,77,50,127,130,96764.13949479169,101603.24018293894,9170.956204832431,3646.0415080377247,1681.9802756497334,5000.0,5000.0,1,90.46953392790601,-13.712072702959858
greedy_execution,232,2025-08-21,8,2,no_season,42,79673.22024109858,79673.22024109858,0.0,0,11901.791162844505,0.0,0.0,50266.08993608777,50266.089936087774,0.0,0,32666.286854402337,22,1.3587526190909835,1845.9342369144742,2053.9548933971023,1,0.0,8.952838470577262e-13,0.003854250069707632,0.02709920797497034,0.0002572910161688924,0.031210749060846865,17296.648724661536,15369.638129740802,23,68,45,113,113,104732.26396454009,109466.29613926756,9042.327333492576,4480.094074537262,1361.0952856000974,5000.0,4767.2107793456,-1,-13.712072702959858,137.36934165663342
greedy_execution,233,2025-08-22,8,2,no_season,42,40941.31051821921,40941.31051821921,0.0,0,18637.521295199513,0.0,0.0,23776.656068012217,23776.65606801222,0.0,0,25391.042757074312,18,1.0570716661330997,2053.9548933971023,1790.4388111610922,1,0.0,9.094947017729282e-13,0.004108165972866118,0.02729170792736113,0.00030049995984882116,0.03170037386007607,13232.131290047007,12158.911467027308,18,69,42,111,111,77340.74253027012,81916.82049701332,8005.443300761691,3887.8398046271564,1057.9601148780966,5000.0,4507.04,1,137.36934165663342,590.390572724486
greedy_execution,234,2025-08-23,8,2,no_season,42,42358.107223570405,42358.107223570405,0.0,0,17860.667858682147,0.0,0.0,24896.8960885212,24896.8960885212,0.0,0,24344.47327592337,16,1.011440365061138,1790.4388111610922,2477.5362773936654,1,0.0,8.952838470577262e-13,0.004241792019456625,0.028622333076782525,0.000272165983915329,0.03313629108015448,13155.953245405812,11188.52003051756,16,71,30,101,101,69430.25713497034,73839.86656224585,8284.446313879882,3548.4524118259005,1014.3530531634739,5000.0,4134.110215400966,1,590.390572724486,30.595262504796665
greedy_execution,235,2025-08-24,8,2,no_season,42,76455.67980281648,76455.67980281648,0.0,0,11214.380760394275,0.0,0.0,48438.402306899145,48438.40230689914,0.0,0,35379.167658330305,20,1.4728670018387309,2477.5362773936654,2122.692566669698,1,0.0,8.832934383917745e-13,0.004146666964516044,0.02894587500486523,0.0002470000181347132,0.033339541987515986,18443.43860870958,16935.72904962072,20,68,49,117,116,93026.94789592159,97841.8694060409,9207.053952151378,4300.648815340164,1474.1319857637625,5000.0,4765.984474397403,1,30.595262504796665,381.101052320176
greedy_execution,236,2025-08-25,8,2,no_season,42,76059.8494791382,76059.8494791382,0.0,0,3286.1773574744016,0.0,0.0,48515.022183393565,48515.022183393565,0.0,0,36787.832438112935,22,1.5305604634940162,2122.692566669698,2187.1653237713736,1,0.0,8.952838470577262e-13,0.0038305839989334345,0.028048541978932917,0.0003018749412149191,0.03218100091908127,19394.208771555033,17393.623666557898,22,71,52,123,124,100184.29067089714,104803.18961857697,8811.173635605286,4333.98915800735,1532.8263515880387,5000.0,4967.166204048664,1,381.101052320176,179.63912904711083
greedy_execution,237,2025-08-26,8,2,no_season,42,79482.55288251,79482.55288251,0.0,0,11755.494114261455,0.0,0.0,50329.82689774827,50329.82689774827,0.0,0,35596.56602234623,18,1.4804214154523707,2187.1653237713736,2512.352944535948,1,0.0,9.094947017729282e-13,0.0037609159480780363,0.02712187496945262,0.00025445898063480854,0.031137249898165464,18897.40320363072,16699.162818715507,18,68,43,111,106,88149.62207143578,92969.98294238867,8715.87532952269,4491.176170938299,1483.1902509310928,5000.0,4886.18722794969,1,179.63912904711083,190.69806167642082
greedy_execution,238,2025-08-27,8,2,no_season,42,75726.12836120611,75726.12836120611,0.0,0,6170.234030832482,0.0,0.0,48291.61126796612,48291.61126796613,0.0,0,37385.075029401676,20,1.5562681313827458,2512.352944535948,2186.0105691777317,1,0.0,9.094947017729282e-13,0.004004999995231628,0.027759750024415553,0.0002481659175828099,0.03201291593722999,19513.41024655432,17871.664782847358,20,69,46,115,114,100071.99388670699,104861.10557858535,9020.930229921665,4509.926089281615,1557.7114595584035,5000.0,4860.457271682838,1,190.69806167642082,285.61851874483705
greedy_execution,239,2025-08-28,8,2,no_season,42,77281.02287054391,77281.02287054391,25.74175105901577,20,4486.083957607893,0.0,0.0,49468.62608605014,49295.30612328113,173.3199627690165,0,37219.267630677474,26,1.5484470264189125,2186.0105691777317,2280.1178600704907,1,0.0,9.094947017729282e-13,0.004576749983243644,0.02665233297739178,0.0002467499580234289,0.03147583291865885,19636.07665566959,17583.190975007885,26,67,57,124,122,106075.47314410782,110789.85462536298,9115.310779815143,4638.650348589037,1550.8028179448947,5000.0,5000.0,1,285.61851874483705,742.4662093962165
greedy_execution,240,2025-08-29,8,2,no_season,42,42567.45672635826,42567.45672635826,0.0,0,17910.591336499485,0.0,0.0,25294.258475189206,25294.258475189206,0.0,0,26408.481669276654,16,1.0972653442038374,2280.1178600704907,2992.830633439029,1,0.0,9.094947017729282e-13,0.003986208001151681,0.026951667037792504,0.000266083050519228,0.031203958089463413,14255.063354567714,12153.418314708946,16,75,32,107,109,71945.28027449695,76202.81406510074,8038.952576526888,3962.651869576348,1100.3534028865274,5000.0,4369.10725467158,1,742.4662093962165,267.70883569382954
greedy_execution,241,2025-08-30,8,2,no_season,42,42446.57319606206,42446.57319606206,0.0,0,23141.238815314016,0.0,0.0,25292.5693673126,25292.5693673126,0.0,0,23016.571443190707,20,0.958614261669822,2992.830633439029,2573.4654428289427,1,0.0,8.331113576787175e-13,0.0040727079613134265,0.026914665941148996,0.00025116605684161186,0.031238539959304035,11904.592995302712,11111.978447887997,20,66,32,98,98,71086.30810984991,75681.82549601064,7372.525910631607,3718.0166984438115,959.0238101329461,4960.261926473117,4155.838322720624,1,267.70883569382954,137.29006884701266
greedy_execution,242,2025-08-31,8,2,no_season,42,74899.72452515963,74899.72452515963,0.0,0,6391.178664392722,0.0,0.0,47896.52390268564,47896.52390268564,0.0,0,37467.07597670532,16,1.559206064515506,2573.4654428289427,2463.2841415578378,1,0.0,9.094947017729282e-13,0.0041462089866399765,0.027313792030327022,0.00024633307475596666,0.031706334091722965,19664.49937706945,17802.576599635868,16,74,39,113,113,95453.64402968687,100316.35396083986,9062.11216161646,4525.30331701877,1561.1281656960548,5000.0,4980.145562490819,1,137.29006884701266,930.3302367380029
greedy_execution,243,2025-09-01,9,2,no_season,42,76896.4843612476,76896.4843612476,0.0,0,17662.55278733414,0.0,0.0,49045.53725973489,49045.53725973488,0.0,0,32665.586483387782,8,1.3505260998049153,2463.2841415578378,6409.308986808557,1,0.0,8.526512829121202e-13,0.0040796250104904175,0.02745070797391236,0.0002359580248594284,0.031766291009262204,19162.691761983948,13502.894721403834,8,57,30,87,82,76165.99977896188,80235.66954222387,8981.144559147324,4127.855891326472,1361.0661034744908,5000.0,4212.7,1,930.3302367380029,1061.2696514462496
greedy_execution,244,2025-09-02,9,2,no_season,42,71102.73209023057,71102.73209023057,0.0,0,15787.15840027826,0.0,0.0,46097.25572983206,46097.25572983206,0.0,0,33284.92832697272,6,1.386034688089789,6409.308986808557,5914.602830013798,1,0.0,9.094947017729282e-13,0.0039163329638540745,0.026870999950915575,0.0002603749744594097,0.03104770788922906,17271.373083462513,16013.555243510207,6,46,35,81,73,57123.27216534372,61062.00251389747,8557.657222094782,3028.4013247855864,1386.8720136238633,5000.0,4543.2275,1,1061.2696514462496,1059.4852961615554
greedy_execution,245,2025-09-03,9,2,no_season,42,71041.58580971108,71041.58580971108,0.0,0,14075.738601239993,0.0,0.0,45737.42903764598,45737.429037645976,0.0,0,28164.40936996353,14,1.172031561111175,5914.602830013798,5850.306338153962,1,0.0,8.526512829121202e-13,0.00392200006172061,0.02798508293926716,0.0002602089662104845,0.03216729196719825,14791.2696642173,13373.13970574623,14,50,33,83,81,66064.89487963029,70005.40958346873,8358.056240969941,3409.301783344899,1173.5170570818138,5000.0,4397.826211998807,1,1059.4852961615554,1338.0544402771986
greedy_execution,246,2025-09-04,9,2,no_season,42,72171.73041719865,72171.73041719865,0.0,0,16491.981515315536,0.0,0.0,46739.369197794345,46739.36919779434,0.0,0,32929.805283062524,8,1.3701273260976685,5850.306338153962,5871.371239556676,1,0.0,8.952838470577262e-13,0.004170959000475705,0.029638875043019652,0.0002848749281838536,0.03409470897167921,17341.994317472818,15587.810965589702,8,49,33,82,78,62427.941718989925,66089.88727871273,8455.186829675195,3242.1548604382774,1372.075220127605,5000.0,4361.1289,1,1338.0544402771986,614.0815639374181
greedy_execution,247,2025-09-05,9,2,no_season,42,39442.28730418169,39442.28730418169,0.0,0,30290.448058542053,0.0,0.0,24164.10088657303,24164.10088657303,0.0,0,23740.28536268782,14,0.9854400419029558,5871.371239556676,6950.956422509264,1,0.0,9.094947017729282e-13,0.0041628750041127205,0.029468416003510356,0.00027362501714378595,0.03390491602476686,13033.931470830394,10706.353891857427,14,67,26,93,93,74631.52364324164,74911.23362853596,7899.891899849759,3712.9082522788267,989.1785567786592,5000.0,3366.188502928757,1,614.0815639374181,731.7232273007106
greedy_execution,248,2025-09-06,9,2,no_season,42,37507.138900521655,37507.138900521655,0.0,0,28298.83872066007,0.0,0.0,22910.19347071655,22910.193470716546,0.0,0,25467.17149117848,16,1.0593389517779748,6950.956422509264,7097.999257137256,1,0.0,8.810729923425242e-13,0.004448957974091172,0.028834874974563718,0.0002807909622788429,0.03356462391093373,13477.193985520034,11989.977505658448,16,64,33,97,97,81427.26892436825,82042.70564409575,7722.20442754584,3533.613733038551,1061.13214546577,5000.0,3390.707387030413,1,731.7232273007106,929.8665677880526
greedy_execution,249,2025-09-07,9,2,no_season,42,70005.52599501514,70005.52599501514,0.0,0,14755.801228698469,0.0,0.0,45762.068893109965,45762.068893109965,0.0,0,29199.130060283285,10,1.2176849287129181,7097.999257137256,5848.211879955521,1,0.0,9.094947017729282e-13,0.004372250055894256,0.029935042024590075,0.0002959589473903179,0.03460325102787465,14743.935604966637,14455.194455316645,10,48,32,80,78,76513.00101720224,80583.1344494142,8325.372870818936,3893.367925506749,1216.6304191784702,5000.0,4292.1784,1,929.8665677880526,193.63527871499127
greedy_execution,250,2025-09-08,9,2,no_season,42,59469.945632819145,59469.945632819145,718.0295150991266,20,3626.6248956704317,0.0,0.0,42232.02391586144,37254.74661825453,4977.2772976069145,0,30977.234449271396,23,1.298733542568369,5848.211879955521,1377.4153051549024,-1,0.0,9.094947017729282e-13,0.004578292020596564,0.03117383294738829,0.00029462494421750307,0.03604674991220236,14071.50758409295,16905.726865178447,23,57,68,125,125,80733.99928979784,85428.48205137107,8805.671467068412,3136.2413500394473,1290.718102052975,5000.0,4760.213747208366,1,193.63527871499127,-420.63041193844924
greedy_execution,251,2025-09-09,9,2,no_season,42,68899.65758245552,68899.65758245552,0.0,0,13190.817242639772,0.0,0.0,42505.52856032639,42505.52856032639,0.0,0,35144.51892031291,17,1.460664513427053,1377.4153051549024,2134.7595368415064,-1,0.0,9.094947017729282e-13,0.005079500027932227,0.03085991705302149,0.0002818329958245158,0.03622125007677823,18875.262496730997,16269.256423581919,18,69,42,111,108,82572.41200689191,87993.04241883036,8199.54203812878,3885.134009797785,1464.3549550130383,5000.0,4827.184834165755,-1,-420.63041193844924,-165.9549851720103
greedy_execution,252,2025-09-10,9,2,no_season,42,64395.68386910401,64395.68386910401,420.57827481536856,50,1515.461163890012,0.0,0.0,41973.14805588634,39878.7482188594,2094.3998370269424,0,40124.11646717404,17,1.6697998955253701,2134.7595368415064,2007.5900061048299,-1,0.0,9.094947017729282e-13,0.005127291078679264,0.03087562508881092,0.000277541927061975,0.03628045809455216,21054.459398601706,19069.657068572338,18,90,47,137,137,98888.27207782485,104054.22706299686,8215.810296606516,3725.7567405499935,1671.8381861322523,5000.0,4928.911658922834,-1,-165.9549851720103,-107.63593934087567
greedy_execution,253,2025-09-11,9,2,no_season,42,67727.7748505513,67727.7748505513,0.0,0,12154.400469488952,0.0,0.0,42002.564760422145,42002.56476042214,0.0,0,35610.963574413705,16,1.4812877593569496,2007.5900061048299,2210.8991499658196,1,0.0,9.094947017729282e-13,0.004610209027305245,0.030126082943752408,0.0002749999985098839,0.03501129196956754,18844.126086071352,16766.837488342346,17,72,44,116,112,97293.29968846185,101998.1216465377,8260.09119085253,4445.534785128544,1483.7901489339042,5000.0,4972.69,-1,-107.63593934087567,500.2870719369678
greedy_execution,254,2025-09-12,9,2,no_season,42,33100.91733275649,33100.91733275649,0.0,0,19426.251284230457,0.0,0.0,18385.791646797683,18385.791646797683,0.0,0,25683.937336801595,12,1.0669871787673617,2210.8991499658196,2983.1932240422025,1,0.0,8.819611707622244e-13,0.004692915943451226,0.029725999920628965,0.0002632919931784272,0.03468220785725862,13903.473592663817,11780.463744137778,12,71,35,106,106,56502.54464037368,61002.25756843671,7570.20109222177,2892.622699013713,1070.1640557000662,5000.0,3499.3338999999996,1,500.2870719369678,568.9889711990195
greedy_execution,255,2025-09-13,9,2,no_season,42,33398.55397831679,33398.55397831679,0.0,0,24197.9531468782,0.0,0.0,18593.5480250282,18593.5480250282,0.0,0,24554.495807082014,18,1.0219030285245136,2983.1932240422025,2884.213501465594,1,0.0,7.958078640513122e-13,0.004385791951790452,0.02895916602574289,0.0002690419787541032,0.033613999956287444,12873.99757759364,11680.498229488378,18,70,38,108,110,56677.962143416305,60933.91556996019,7657.3266,2361.445962340652,1023.1039919617506,5000.0,3355.421695450237,1,568.9889711990195,362.9522276727366
greedy_execution,256,2025-09-14,9,2,no_season,42,63754.48106489801,63754.48106489801,0.0,0,3038.1113495545806,0.0,0.0,39863.43453531679,39863.43453531679,0.0,0,35596.13256326652,26,1.4838756760845577,2884.213501465594,1626.0339661666446,1,0.0,9.094947017729282e-13,0.004376124939881265,0.02914083399809897,0.0002667090157046914,0.033783667953684926,18106.588764304972,17489.543798961546,26,68,52,120,123,99532.1355889149,103848.31563381302,7546.3886719888405,4397.3266358203,1483.172190136105,5000.0,4851.077728084916,1,362.9522276727366,55.52126672832469
greedy_execution,257,2025-09-15,9,2,no_season,42,68141.43395248808,68141.43395248808,0.0,0,10593.025606217228,0.0,0.0,42294.336419317115,42294.336419317115,0.0,0,37293.99646412728,16,1.5506240696897178,1626.0339661666446,2145.289449104482,1,0.0,8.668621376273222e-13,0.0046244170516729355,0.029382333043031394,0.00030991691164672375,0.034316667006351054,19887.6870885324,17406.309375594876,16,67,41,108,109,97062.55269746613,101735.70168544102,8165.130238531381,4296.091965796868,1553.9165193386366,5000.0,4797.35,1,55.52126672832469,521.4597387573363
greedy_execution,258,2025-09-16,9,2,no_season,42,67233.16221833427,67233.16221833427,0.0,0,6102.8631162400925,0.0,0.0,41976.93756872292,41976.93756872292,0.0,0,35806.625757534115,20,1.4904151928016276,2145.289449104482,1898.9178459211917,1,0.0,8.526512829121202e-13,0.00497995805926621,0.02798524999525398,0.00026637502014636993,0.03323158307466656,18722.577438147477,17084.048319386642,20,70,43,113,115,102657.9060243675,106885.50346919932,7899.3658343087245,4554.707336567788,1491.9427398972548,5000.0,4897.955567403078,1,521.4597387573363,20.049636990188446
greedy_execution,259,2025-09-17,9,2,no_season,42,66384.9080508642,66384.9080508642,0.0,0,4194.65313386153,0.0,0.0,41175.570965759274,41175.570965759274,0.0,0,38193.02830695454,26,1.588687453270218,1898.9178459211917,2119.200290267198,1,0.0,9.094947017729282e-13,0.00445554091129452,0.028320209006778896,0.0002686659572646022,0.03304441587533802,20211.582411978605,17981.445894975943,26,76,50,126,124,93776.4415674792,98515.52212619245,7703.171773197478,4208.187309758381,1591.3761794564393,5000.0,4858.863728907971,1,20.049636990188446,75.91074226751971
greedy_execution,260,2025-09-18,9,2,no_season,42,66558.63382985521,66558.63382985521,0.0,0,6092.410263964241,0.0,0.0,41494.67749909549,41494.67749909549,0.0,0,36905.04993527271,20,1.5365282636092588,2119.200290267198,1686.4018307135352,1,0.0,8.526512829121202e-13,0.0044976669596508145,0.029940707958303392,0.0002672920236364007,0.03470566694159061,19207.611192248507,17697.438743024206,20,69,43,112,111,103184.69329289254,108108.78255062502,8041.415435832152,4358.810908686305,1537.7104139696962,5000.0,4926.165280481453,1,75.91074226751971,429.83506676901925
greedy_execution,261,2025-09-19,9,2,no_season,42,33786.326781157826,33786.326781157826,0.0,0,15303.619759334477,0.0,0.0,18532.687351012348,18532.687351012348,0.0,0,26885.541289469445,18,1.1165561671098596,1686.4018307135352,2654.069235960185,1,0.0,7.958078640513122e-13,0.0048560419818386436,0.02934733300935477,0.0002583330497145653,0.03446170804090798,14633.44799731306,12252.093292156385,18,73,44,117,117,63143.70225234402,67713.867185575,7434.4309436967305,3189.5822134801733,1120.230887061227,5000.0,3117.404982508887,1,429.83506676901925,84.30084424131155
greedy_execution,262,2025-09-20,9,2,no_season,42,33213.89468470105,33213.89468470105,0.0,0,16358.952839344434,0.0,0.0,18423.990529273196,18423.990529273196,0.0,0,26514.25124165874,11,1.1036376824248266,2654.069235960185,2467.832315774189,-1,0.0,7.958078640513122e-13,0.004552124999463558,0.028600582969374955,0.0003043330507352948,0.03345704101957381,13861.879676841012,12652.37156481773,11,70,37,107,108,57169.268340744784,61884.34089189231,7538.078495729293,2792.929082726293,1104.7604684024475,5000.0,3432.53,1,84.30084424131155,-8.760343476494654
greedy_execution,263,2025-09-21,9,2,no_season,42,68721.32805923534,68721.32805923534,0.0,0,8951.233394800794,0.0,0.0,43161.694467615234,43161.694467615234,0.0,0,33891.1149809404,18,1.4108338779850607,2467.832315774189,2166.27864914093,1,0.0,8.615330671091215e-13,0.004425542079843581,0.02914074994623661,0.00035783404018729925,0.03392412606626749,17686.861081020812,16204.253899919595,19,68,37,105,104,103869.05332688862,108877.81367036511,8351.881758434136,4618.742307168985,1412.1297908725169,5000.0,4916.487872110208,-1,-8.760343476494654,261.6542566237126
greedy_execution,264,2025-09-22,9,2,no_season,42,65215.23771451369,65215.23771451369,0.0,0,3031.690780028929,0.0,0.0,40595.207225310805,40595.207225310805,0.0,0,37966.794557432964,28,1.5806986795523572,2166.27864914093,1736.958316301988,1,0.0,9.094947017729282e-13,0.004264916991814971,0.0304922079667449,0.00024854205548763275,0.035005667014047503,19768.160804292194,18198.633753140763,28,72,60,132,133,100220.45672028918,104958.80246366546,7552.259584109367,4333.287851928359,1581.9497732263735,5000.0,4910.832907332963,1,261.6542566237126,328.3242270126882
greedy_execution,265,2025-09-23,9,2,no_season,42,68773.28258161219,68773.28258161219,0.09012232427937761,10,3963.800304596586,0.0,0.0,43006.983173160974,43006.3793535883,0.6038195726718301,0,38807.89140933158,22,1.613325941401644,1736.958316301988,2388.297288970133,1,0.0,9.059419880941277e-13,0.004151250002905726,0.03034945798572153,0.00027483399026095867,0.034775541978888214,20750.424112669072,18057.467296662515,22,73,46,119,114,101574.8367991455,106246.51257213281,7927.355407333598,4501.952820674759,1616.995475388816,5000.0,5000.0,1,328.3242270126882,785.6190437943051
greedy_execution,266,2025-09-24,9,2,no_season,42,68954.5451763338,68954.5451763338,0.0,0,5796.871763858482,0.0,0.0,43096.865908913926,43096.865908913926,0.0,0,38655.41145215281,22,1.608278132226748,2388.297288970133,2448.333472131521,1,0.0,9.094947017729282e-13,0.004389208042994142,0.028687500045634806,0.00025454105343669653,0.033331249142065644,20374.92988231406,18280.481569838747,22,70,42,112,114,103896.35821547575,108110.73917168145,7791.087268492719,4648.289958891206,1610.6421438397,5000.0,4811.045943189091,1,785.6190437943051,286.8581783722684
greedy_execution,267,2025-09-25,9,2,no_season,42,67181.11673877687,67181.11673877687,0.0,0,5385.220489100492,0.0,0.0,42218.23250401649,42218.232504016494,0.0,0,37072.213484227934,32,1.5436122762093323,2448.333472131521,1956.9306056777489,1,0.0,9.094947017729282e-13,0.004237540997564793,0.028996125096455216,0.0002555829705670476,0.03348924906458706,19266.330416952154,17805.88306727578,32,66,61,127,129,109649.89420232529,114363.03602395303,7756.164742860539,4590.7581412608615,1544.6755618428303,5000.0,4915.05847656643,1,286.8581783722684,72.01217676489739
greedy_execution,268,2025-09-26,9,2,no_season,42,34702.10769488057,34702.10769488057,0.0,0,15072.034731664486,0.0,0.0,19168.342017854695,19168.342017854702,0.0,0,26457.559143087292,12,1.099677212450819,1956.9306056777489,2501.0110527158677,1,0.0,7.958078640513122e-13,0.00442008301615715,0.030758499982766807,0.00028074998408555984,0.03545933298300952,14196.694303151691,12260.864839935599,12,70,35,105,105,64541.67800096988,69344.28060478976,7527.678217007942,3352.101290443163,1102.3982976286372,5000.0,3236.297332651014,1,72.01217676489739,230.19889635145034
greedy_execution,269,2025-09-27,9,2,no_season,42,33903.28587173246,33903.28587173246,0.0,0,15281.050470225511,0.0,0.0,18844.205719824575,18844.205719824575,0.0,0,27218.96947770442,20,1.133895017059265,2501.0110527158677,1888.5179465890253,1,0.0,9.094947017729282e-13,0.0047643749276176095,0.029012582963332534,0.0002574579557403922,0.034034415846690536,14019.951314605683,13199.018163098734,20,65,46,111,111,62253.63393784726,67023.43504149582,7495.201246853019,2950.869533955317,1134.1237282376842,5000.0,3262.4974,1,230.19889635145034,157.49919293912035
greedy_execution,270,2025-09-28,9,2,no_season,42,69449.71269334426,69449.71269334426,92.78265669563802,30,3785.388740150308,0.0,0.0,43940.86077718283,43498.173186876804,442.6875903060297,0,40066.356495543674,19,1.6667647357741942,1888.5179465890253,2049.4628547563334,-1,0.0,8.952838470577262e-13,0.004569833050481975,0.02871133293956518,0.0002633749973028898,0.03354454098735005,21167.9169693833,18898.43952616037,19,74,50,124,120,97033.0141308327,101676.73682656766,7941.464646823154,4644.446414541869,1669.4315206476526,5000.0,4893.5477448879055,1,157.49919293912035,-181.21313131199622
greedy_execution,271,2025-09-29,9,2,no_season,42,70669.32681230546,70669.32681230546,0.0,0,6043.952182731938,0.0,0.0,44287.85267569139,44287.85267569139,0.0,0,38222.19453194187,21,1.5907051879295704,2049.4628547563334,1903.0485046906254,-1,0.0,9.094947017729282e-13,0.00446774996817112,0.028654207941144705,0.0002579579595476389,0.03337991586886346,20043.838780757695,18178.355751184172,22,64,51,115,114,105270.9490598595,110250.51983951288,7560.681909164759,4442.78447291978,1592.591438830911,5000.0,4955.188825050756,-1,-181.21313131199622,-362.15893463882344
greedy_execution,272,2025-09-30,9,2,no_season,42,70548.71571827991,70548.71571827991,0.0,0,2612.629851272416,0.0,0.0,44541.04058603607,44541.04058603608,0.0,0,40060.4184307518,27,1.6659801903044857,1903.0485046906254,2309.079289229302,-1,0.0,9.023892744153272e-13,0.004500166047364473,0.028077416005544364,0.00025770801585167646,0.032835290068760514,21287.164765546317,18773.253665205484,28,71,58,129,130,107237.66787216213,112108.10370492678,7298.594066906573,4538.595197773554,1669.184101281325,5000.0,4893.370427788361,-1,-362.15893463882344,-68.05889428154228
greedy_execution,273,2025-10-01,10,2,no_season,42,71913.62029883958,71913.62029883958,0.0,0,18785.194683733993,0.0,0.0,45141.8965486793,45141.8965486793,0.0,0,33303.625092817376,18,1.3819635900773712,2309.079289229302,4025.540015784719,1,0.0,8.952838470577262e-13,0.00460141699295491,0.028636832954362035,0.00025145895779132843,0.03348970890510827,18385.26458729482,14918.360505522556,19,68,35,103,103,101800.7844146924,106868.84330897394,8084.706922442123,4730.209176279846,1387.6510455340572,5000.0,4791.910290653329,-1,-68.05889428154228,316.87405780747304
greedy_execution,274,2025-10-02,10,2,no_season,42,62687.019776021974,62687.019776021974,0.0,0,9065.16352118212,0.0,0.0,39408.609981314716,39408.609981314716,0.0,0,35892.643294731635,14,1.4934496379948148,4025.540015784719,4027.5294220827145,1,0.0,9.094947017729282e-13,0.004466666025109589,0.029122874955646694,0.0002483330899849534,0.033837874070741236,18891.858216452412,17000.78507827923,14,70,38,108,101,85181.40187022446,89791.59785504254,7271.663075583515,4449.720920711915,1495.5268039471516,5000.0,4882.749325026355,1,316.87405780747304,567.4856136467627
greedy_execution,275,2025-10-03,10,2,no_season,42,31305.96425335323,31305.96425335323,0.0,0,21586.512520524353,0.0,0.0,17274.175200325208,17274.175200325208,0.0,0,24436.895585676084,8,1.0154396780016441,4027.5294220827145,4644.530220037592,1,0.0,9.094947017729282e-13,0.0045573749812319875,0.02936325001064688,0.0002549160271883011,0.03417554101906717,13169.596809252482,11267.298776423602,8,70,32,102,102,58285.378103116316,58369.647288675704,7734.295806573369,2560.134988493693,1018.2039827365035,5000.0,2890.968111957956,1,567.4856136467627,427.3000295548012
greedy_execution,276,2025-10-04,10,2,no_season,42,32120.00551586225,32120.00551586225,0.0,0,17672.417408704183,0.0,0.0,18133.334168626214,18133.334168626214,0.0,0,24557.210308865702,8,1.0216690841195677,4644.530220037592,4703.733196210597,1,0.0,9.094947017729282e-13,0.004342665895819664,0.028620083001442254,0.0002476670779287815,0.0332104159751907,12954.407991345219,11602.802317520483,8,73,31,104,104,52593.75494765982,52703.5338989958,7670.7437,2207.39574079138,1023.2170962027376,5000.0,3000.082234208416,1,427.3000295548012,294.83404712055903
greedy_execution,277,2025-10-05,10,2,no_season,42,66828.27314876454,66828.27314876454,0.0,0,11073.890713125116,0.0,0.0,42288.66321137907,42288.66321137906,0.0,0,33203.09527590609,14,1.3831459661150145,4703.733196210597,3973.61128440447,1,0.0,9.094947017729282e-13,0.004411708912812173,0.028241250081919134,0.000259542022831738,0.032912501017563045,17110.758322439426,16092.336953466662,14,68,36,104,100,83506.24671700974,88169.4879021575,8006.252053707041,4442.343532228375,1383.4623031627534,5000.0,4885.8427657750635,1,294.83404712055903,320.2611345140026
greedy_execution,278,2025-10-06,10,2,no_season,42,67522.7933810733,67522.7933810733,0.0,0,7864.589404388186,0.0,0.0,42473.691467906516,42473.69146790652,0.0,0,35768.10965833688,14,1.4881788223703576,3973.61128440447,4016.2329975906387,1,0.0,9.094947017729282e-13,0.004500332986935973,0.029016542015597224,0.00024666590616106987,0.03376354090869427,18846.602192510993,16921.507465825878,14,64,37,101,96,87738.11986140476,92417.85872689076,7597.545057865265,4624.727401539086,1490.3379024307033,5000.0,4601.885592550001,1,320.2611345140026,807.5965394418504
greedy_execution,279,2025-10-07,10,2,no_season,42,68099.70557769068,68099.70557769068,0.0,0,8432.447996477604,0.0,0.0,42768.22866713934,42768.22866713934,0.0,0,36348.666113095605,10,1.5124668118584714,4016.2329975906387,3998.815748297534,1,0.0,9.023892744153272e-13,0.004516459070146084,0.029282208997756243,0.00025162496604025364,0.03405029303394258,19122.180347154346,17226.48576594126,10,62,36,98,93,89979.81201393677,94172.21547449492,7362.233285204451,4719.334517963201,1514.527754712317,5000.0,4861.4808,1,807.5965394418504,171.92050096118146
greedy_execution,280,2025-10-08,10,2,no_season,42,64984.48817956471,64984.48817956471,0.0,0,8362.82121577754,0.0,0.0,39810.88547426063,39810.88547426063,0.0,0,35345.51099822014,12,1.4744592563380399,3998.815748297534,2279.3137595952194,1,0.0,9.023892744153272e-13,0.004430540953762829,0.029531792039051652,0.0002729579573497176,0.0342352909501642,17744.34114767032,17601.16985054982,12,66,37,103,98,91872.15346388049,96600.551806671,7234.371645643536,4454.281035723632,1472.729624925839,5000.0,4930.0063,1,171.92050096118146,308.60564495309336
greedy_execution,281,2025-10-09,10,2,no_season,42,64854.442665603674,64854.442665603674,0.0,0,7390.61983076553,0.0,0.0,39260.19803030571,39260.19803030571,0.0,0,38494.42334422908,20,1.602418767956942,2279.3137595952194,1956.6854663483207,1,0.0,8.988365607365267e-13,0.004649332957342267,0.029527499922551215,0.0002608749782666564,0.03443770785816014,20099.132247866946,18395.291096362133,20,78,48,126,122,104311.02726181602,109002.42161686294,7407.247188551921,4528.50226755656,1603.9343060095448,5000.0,4920.9912,1,308.60564495309336,126.04188706085301
greedy_execution,282,2025-10-10,10,2,no_season,42,32448.68411408367,32448.68411408367,0.0,0,21219.17407102021,0.0,0.0,16834.51973429298,16834.519734292975,0.0,0,27655.160623192736,14,1.1497561800263796,1956.6854663483207,2387.647136863101,1,0.0,7.460698725481052e-13,0.004430457949638367,0.029851417057216167,0.0002608749782666564,0.03454274998512119,14770.529874794765,12884.630748397974,14,70,39,109,109,54840.70583841196,59383.064349144595,7591.0829463106475,2580.5716076927665,1152.2983592996975,5000.0,2916.1252,1,126.04188706085301,63.66741657182695
greedy_execution,283,2025-10-11,10,2,no_season,42,32816.34021094025,32816.34021094025,0.0,0,16942.54972059377,0.0,0.0,17245.696910752617,17245.69691075262,0.0,0,27917.2204655382,6,1.1609505533980977,2387.647136863101,2686.2104603321905,1,0.0,7.958078640513122e-13,0.004876374965533614,0.030368333915248513,0.00027541699819266796,0.035520125878974795,14842.348686275678,13074.871779262525,6,72,34,106,105,58332.0649661141,63267.36615799362,7520.168916187709,3077.2069014991257,1163.217519397425,5000.0,2953.6933,1,63.66741657182695,144.50116427855778
greedy_execution,284,2025-10-12,10,2,no_season,42,67269.7864056304,67269.7864056304,0.0,0,7696.0338971686615,0.0,0.0,41318.85367051062,41318.85367051062,0.0,0,35986.0894231805,20,1.499176331900752,2686.2104603321905,1849.8430720609522,1,0.0,9.094947017729282e-13,0.004739666008390486,0.029093916062265635,0.00025337503757327795,0.0340869571082294,18522.442974154445,17463.646449026048,20,76,39,115,114,99934.20468218386,104789.7035179053,7283.4756679825105,4436.948687718241,1499.4203926325204,5000.0,4994.520193754406,1,144.50116427855778,81.78262255783602
greedy_execution,285,2025-10-13,10,2,no_season,42,67215.05415840725,67215.05415840725,0.0,0,7692.389048350332,0.0,0.0,40945.87179621405,40945.87179621404,0.0,0,39043.69734218081,22,1.6235989511521447,1849.8430720609522,2290.7926000063303,1,0.0,9.094947017729282e-13,0.004305707989260554,0.028440791997127235,0.00026000000070780516,0.033006499987095594,20769.483576118866,18274.21376606194,22,76,45,121,118,97010.02359007366,101886.15889707592,7233.536451770853,4400.877189700762,1626.820722590867,5000.0,4837.57,1,81.78262255783602,219.80308194295935
greedy_execution,286,2025-10-14,10,2,no_season,42,66456.58684800196,66456.58684800196,0.0,0,3988.2048426062324,0.0,0.0,40538.21324791337,40538.21324791337,0.0,0,40307.52466384464,26,1.6780899059896668,2290.7926000063303,1863.3041556895166,1,0.0,8.952838470577262e-13,0.00430174998473376,0.02857058309018612,0.00025949999690055847,0.03313183307182044,21001.038692953516,19306.485970891124,26,75,48,123,120,104285.80125287207,109065.99817092912,7242.69661323773,4285.545407522847,1679.4801943268599,5000.0,4718.957412737009,1,219.80308194295935,293.9606160900644
greedy_execution,287,2025-10-15,10,2,no_season,42,68058.25075558774,68058.25075558774,0.0,0,3895.1848777448076,0.0,0.0,41720.216441486795,41720.216441486795,0.0,0,38678.18505523994,18,1.6089020332339647,1863.3041556895166,2070.9402172640926,1,0.0,9.094947017729282e-13,0.0043457080610096455,0.028240959043614566,0.0002572499215602875,0.0328439170261845,20460.613641541437,18217.571413698504,18,77,44,121,121,111876.79882746152,116582.83821137146,7460.075308756574,4546.699640926269,1611.5910439683307,5000.0,4711.2761278653925,1,293.9606160900644,211.33502709920026
greedy_execution,288,2025-10-16,10,2,no_season,42,68537.13025020591,68537.13025020591,93.9130581412154,10,3723.750319761404,0.0,0.0,42764.5493992619,42109.41190566878,655.1374935931186,0,41176.81409943325,20,1.713819760886744,2070.9402172640926,1844.2453141734914,1,0.0,9.023892744153272e-13,0.004495000001043081,0.02949858398642391,0.00027654203586280346,0.034270126023329794,21558.817069009485,19617.997030423765,20,80,54,134,128,117594.04831388209,122382.71328678289,7529.0312999059115,4697.533281379508,1715.7005874763852,5000.0,4815.257627020179,1,211.33502709920026,34.02641693261796
greedy_execution,289,2025-10-17,10,2,no_season,42,33918.32527596572,33918.32527596572,0.0,0,15792.564507738109,0.0,0.0,17963.038323745906,17963.038323745903,0.0,0,27966.270850457993,10,1.1622195771117096,1844.2453141734914,2494.799442962566,1,0.0,9.094947017729282e-13,0.004623665940016508,0.02848170802462846,0.0002477500820532441,0.03335312404669821,15043.916151009471,12922.354699448522,10,70,35,105,103,55408.102010275565,60374.07559334295,7449.562725191019,2410.6922781668854,1165.2612854357499,5000.0,2934.6311,1,34.02641693261796,498.4822270280281
greedy_execution,290,2025-10-18,10,2,no_season,42,32241.964845752376,32241.964845752376,0.0,0,14560.930430469605,0.0,0.0,17197.02130696897,17197.02130696897,0.0,0,27046.970982041013,22,1.1249978623066388,2494.799442962566,2675.9669015195273,1,0.0,9.094947017729282e-13,0.0046212500892579556,0.028469332959502935,0.00025516690220683813,0.03334574995096773,14325.70606532856,12721.264916712455,22,65,46,111,112,62505.378190078074,67006.89596305005,7487.464690277629,2640.973978977624,1126.957124251709,5000.0,2760.171742445623,1,498.4822270280281,191.8286264917815
greedy_execution,291,2025-10-19,10,2,no_season,42,68322.97418306302,68322.97418306302,0.0,0,2977.713048413273,0.0,0.0,42015.48094589978,42015.48094589978,0.0,0,41290.82826241954,28,1.7196338511005373,2675.9669015195273,1961.3135042650454,1,0.0,9.094947017729282e-13,0.004385959007777274,0.02931200002785772,0.0002472089836373925,0.03394516801927239,21375.183431867972,19915.64483055156,28,78,57,135,127,117222.2148284119,122030.38620192012,7357.939837729614,4567.079495318647,1720.451177600814,5000.0,4951.339351377826,1,191.8286264917815,75.86791090355769
greedy_execution,292,2025-10-20,10,2,no_season,42,71072.36847067904,71072.36847067904,0.0,0,4557.839073748589,0.0,0.0,44021.35260021132,44021.35260021132,0.0,0,40871.17232261132,23,1.7007751003655485,1961.3135042650454,1883.8388216907733,-1,0.0,8.93507490218326e-13,0.004420666955411434,0.028605917003005743,0.0002551659708842635,0.03328174992930144,21472.45967643755,19398.71264617377,23,67,47,114,113,108536.79667509696,113460.9287641934,7700.712799999999,4755.916458831818,1702.9655134421382,5000.0,4913.77274848318,1,75.86791090355769,-131.95249764333448
greedy_execution,293,2025-10-21,10,2,no_season,42,72069.3774323008,72069.3774323008,0.0,0,3159.9357271558447,0.0,0.0,44667.63438921301,44667.63438921301,0.0,0,39018.41922971808,22,1.6226505430559635,1883.8388216907733,2277.6439795021392,1,0.0,9.094947017729282e-13,0.004381041973829269,0.028159540961496532,0.00024383305571973324,0.032784415991045535,20732.639792431513,18285.779437286565,23,77,47,124,125,110804.11736104783,115866.19888401561,7437.757471671168,4537.746072695813,1625.7674679049198,5000.0,4909.825491628117,-1,-131.95249764333448,137.77325339420713
greedy_execution,294,2025-10-22,10,2,no_season,42,72046.81429600393,72046.81429600393,0.0,0,4828.5210459883865,0.0,0.0,44411.004702694925,44411.004702694925,0.0,0,39886.095714319104,24,1.66057441485815,2277.6439795021392,1841.1673765598348,1,0.0,9.094947017729282e-13,0.0044675839599221945,0.029527583043091,0.00025045801885426044,0.034245625021867454,20774.746132167318,19111.349582151783,24,75,55,130,129,107969.96243126006,112832.18917786586,7588.721326891948,4663.3145067472,1661.920654763296,5000.0,4907.166966304754,1,137.77325339420713,99.93684002847203
greedy_execution,295,2025-10-23,10,2,no_season,42,71702.58636639977,71702.58636639977,0.0,0,6123.427927670786,0.0,0.0,44529.61506576123,44529.61506576123,0.0,0,38702.389278604154,22,1.6100072076974412,1841.1673765598348,2004.0867317474588,1,0.0,9.023892744153272e-13,0.004398042103275657,0.02844637504313141,0.00024937500711530447,0.03309379215352237,20451.025341999906,18251.363936604248,22,74,45,119,114,103912.31511366283,108721.09132968853,7628.710664698976,4541.337729629286,1612.5995532751726,5000.0,4809.356828455968,1,99.93684002847203,65.0407177504635
greedy_execution,296,2025-10-24,10,2,no_season,42,32926.912334673645,32926.912334673645,0.0,0,12788.779679428018,0.0,0.0,17290.610408037624,17290.610408037624,0.0,0,29774.43737668322,14,1.2385504673015835,2004.0867317474588,2155.3026044318826,1,0.0,7.993605777301127e-13,0.004398458986543119,0.02873554197140038,0.00024987501092255116,0.03338387596886605,15746.259657631088,14028.177719052132,14,73,47,120,119,55924.38863199101,60845.76722320293,7665.791038285467,2387.3124700155404,1240.6015573618008,5000.0,3054.1988,1,65.0407177504635,153.52032639800268
greedy_execution,297,2025-10-25,10,2,no_season,42,33419.213980830915,33419.213980830915,0.0,0,12692.441440171324,0.0,0.0,17631.27803089303,17631.27803089303,0.0,0,28624.20743155318,16,1.1914135854290833,2155.3026044318826,1976.857853727833,1,0.0,9.023892744153272e-13,0.004470375017262995,0.029156083008274436,0.00027066702023148537,0.03389712504576892,14976.273619439717,13647.933812113462,16,68,43,111,111,56257.447207343575,61012.632336959534,7497.822166618647,2431.971082563526,1192.6753096480493,5000.0,2913.39,1,153.52032639800268,150.96719844067752
greedy_execution,298,2025-10-26,10,2,no_season,42,71694.18781315404,71694.18781315404,0.0,0,4897.791053209769,0.0,0.0,44422.7254976492,44422.7254976492,0.0,0,38650.63597363925,24,1.6077327040635985,1976.857853727833,2195.0009451652304,1,0.0,9.094947017729282e-13,0.004565666080452502,0.03078745794482529,0.0002833330072462559,0.03563645703252405,20451.360358458427,18199.27561518082,24,72,50,122,122,111367.95132395712,116006.45624036105,7615.6052408877895,4529.148389234922,1610.443165568302,5000.0,4812.741310079077,1,150.96719844067752,208.84474860543492
greedy_execution,299,2025-10-27,10,2,no_season,42,71450.50808968433,71450.50808968433,0.0,0,6113.223202670042,0.0,0.0,44127.365409240796,44127.365409240796,0.0,0,39935.60370421664,24,1.6623737182088334,2195.0009451652304,1877.3900770285577,1,0.0,9.023892744153272e-13,0.004848458920605481,0.03059354203287512,0.00027804099954664707,0.03572004195302725,20860.153462282142,19075.450241934508,24,80,55,135,128,112636.76410089388,117427.91935228845,7744.47627374424,4568.161421275728,1663.9834876756931,5000.0,4970.204141377899,1,208.84474860543492,298.9907467023436
greedy_execution,300,2025-10-28,10,2,no_season,42,71876.78663689001,71876.78663689001,0.0,0,3571.060211617541,0.0,0.0,44453.55844307351,44453.55844307351,0.0,0,41125.654211488785,18,1.7108232336639704,1877.3900770285577,2046.420963061784,1,0.0,9.094947017729282e-13,0.004666875000111759,0.029327500029467046,0.000310791889205575,0.03430516691878438,21729.479468380632,19396.174743108157,18,81,42,123,125,115205.47329905385,119814.93276931997,8066.6600371443965,4535.805555242329,1713.5689254786994,5000.0,4716.175891249531,1,298.9907467023436,75.66499612198686
greedy_execution,301,2025-10-29,10,2,no_season,42,72072.62686830368,72072.62686830368,0.0,0,922.5126303111346,0.0,0.0,44769.69391820044,44769.69391820045,0.0,0,41906.308023658436,26,1.7444836364339662,2046.420963061784,1678.172849273013,1,0.0,8.952838470577262e-13,0.004355457960627973,0.03043425001669675,0.00028441601898521185,0.035074123996309936,21872.08273082549,20034.225292832947,26,89,54,143,141,118950.66195856132,123851.12310985355,7962.015507946605,4520.951573181926,1746.0961676524346,5000.0,4845.259399898542,1,75.66499612198686,110.95559406408756
greedy_execution,302,2025-10-30,10,2,no_season,42,74993.80425853311,74993.80425853311,0.0,0,8149.837370990221,0.0,0.0,46448.27966244597,46448.27966244597,0.0,0,38687.59233156518,28,1.6097049690003733,1678.172849273013,1698.1607199633297,1,0.0,9.094947017729282e-13,0.0047680409625172615,0.03077158296946436,0.00028249993920326233,0.035822123871184886,20371.87078455404,18315.72154701114,28,68,58,126,122,110852.76071076602,115696.62943855685,7700.294238693628,4613.436358364794,1611.983013815216,5000.0,4751.7489715071115,1,110.95559406408756,218.70511727182247
greedy_execution,303,2025-10-31,10,2,no_season,42,34892.862551231636,34892.862551231636,0.0,0,8655.270638542055,0.0,0.0,18594.095330978562,18594.095330978562,0.0,0,30341.718272576334,18,1.2608689426720652,1698.1607199633297,2435.550048446799,1,0.0,7.958078640513122e-13,0.004982416983693838,0.02943179104477167,0.00025508401449769735,0.03466929204296321,16337.509059299624,14004.20921327671,18,71,43,114,116,62989.38854193289,67658.85209615678,7702.003261425101,2743.0361993484894,1264.2382613573473,4943.754988436251,2925.73,1,218.70511727182247,198.55609712409603
greedy_execution,304,2025-11-01,11,2,no_season,42,32029.146410176978,32029.146410176978,0.0,0,8305.836210666808,0.0,0.0,17094.139877717847,17094.139877717844,0.0,0,29425.89226469136,27,1.2251908390850672,2435.550048446799,2065.5778605861774,-1,0.0,9.094947017729282e-13,0.00438983307685703,0.029647166025824845,0.00033974996767938137,0.03437674907036126,15302.582015434096,14123.310249257262,27,62,58,120,121,59053.10723065873,63673.59610360433,7639.730904059902,2490.2057656984907,1226.0788443621398,4903.614969763347,2863.0427,1,198.55609712409603,-174.3560676132047
greedy_execution,305,2025-11-02,11,2,no_season,42,71033.66737173902,71033.66737173902,800.861115235096,80,1312.599994972783,0.0,0.0,47689.12739183198,43746.9736312104,3942.153760621578,0,42953.221857302924,24,1.78841223146597,2065.5778605861774,1529.6837817347136,1,0.0,8.810729923425242e-13,0.004516624961979687,0.029260333976708353,0.0002561250003054738,0.034033083938993514,22339.383207985462,20613.83864931746,25,71,59,130,133,113363.99182257797,118538.34789019117,7624.541491339496,4485.473193632913,1789.7175773876215,5000.0,4814.105124671701,-1,-174.3560676132047,254.757573822837
greedy_execution,306,2025-11-03,11,2,no_season,42,72521.16787296496,72521.16787296496,0.0,0,504.9931896940034,0.0,0.0,44814.06301707533,44814.06301707533,0.0,0,42073.242938868694,34,1.749970136407543,1529.6837817347136,1826.9589984238037,1,0.0,9.094947017729282e-13,0.004337374935857952,0.028692415915429592,0.000268207979388535,0.03329799883067608,22292.243669403146,19780.999269465538,34,74,69,143,143,112668.6572733439,117413.89969952106,7849.657530508883,4757.3425693934905,1753.0517891195286,5000.0,4817.26293478157,1,254.757573822837,30.984888977814762
greedy_execution,307,2025-11-04,11,2,no_season,42,72350.52724927272,72350.52724927272,94.34427395923126,30,2851.0138071068054,0.0,0.0,45253.51853853284,44642.19119660403,611.3273419288055,0,41912.70460153364,26,1.7443641874011109,1826.9589984238037,1634.5461755148606,1,0.0,9.094947017729282e-13,0.00466774997767061,0.03158933389931917,0.0002983750309795141,0.036555458907969296,21963.245142162727,19949.459459370915,26,69,59,128,122,109858.28199783577,114715.29572462926,7574.960018353942,4596.214219694639,1746.3626917305683,5000.0,5000.0,1,30.984888977814762,120.31907288509228
greedy_execution,308,2025-11-05,11,2,no_season,42,73273.73406451746,73273.73406451746,0.0,0,962.0797839721731,0.0,0.0,45339.38497580359,45339.38497580358,0.0,0,42807.41799845371,28,1.7803344501766638,1634.5461755148606,2015.6866509559593,1,0.0,8.810729923425242e-13,0.004845625022426248,0.03070887492503971,0.0003073749830946326,0.03586187493056059,22720.526106166166,20086.891892287545,28,77,60,137,139,120874.48736576922,125754.16829288413,8061.8400410373815,4515.752070425638,1783.642416602238,5000.0,4877.729077221171,1,120.31907288509228,382.20102565673255
greedy_execution,309,2025-11-06,11,2,no_season,42,72411.11055617078,72411.11055617078,1612.6394470729524,90,660.8884769233925,0.0,0.0,52560.20438820041,44735.422571068804,7824.781817131598,0,41860.593709609355,32,1.7422349243080726,2015.6866509559593,1805.4831421707368,1,0.0,9.094947017729282e-13,0.004785583005286753,0.03111816698219627,0.00028479204047471285,0.03618854202795774,21926.935342964844,19933.65836664451,32,75,56,131,133,123145.06343654564,127762.8624108889,8294.469522036557,4544.008181039964,1744.1914045670562,5000.0,4866.49243051924,1,382.20102565673255,473.66004355114137
greedy_execution,310,2025-11-07,11,2,no_season,42,33801.2985305275,33801.2985305275,0.0,0,8909.957067391158,0.0,0.0,17858.660863824494,17858.660863824494,0.0,0,32094.34472608434,23,1.3356663022792872,1805.4831421707368,1689.025373051799,-1,0.0,9.094947017729282e-13,0.004605332971550524,0.03068487497512251,0.0002780839568004012,0.03556829190347344,16833.61220294367,15260.732523140665,23,61,55,116,116,63990.46651672121,68419.0439932105,7554.261532643768,2814.7223809906673,1337.2643635868471,4902.237520040423,2921.866329198863,1,473.66004355114137,-12.354984690043239
greedy_execution,311,2025-11-08,11,2,no_season,42,33807.29967635081,33807.29967635081,0.0,0,8180.314659887781,0.0,0.0,17685.502403035418,17685.50240303542,0.0,0,30966.36875019689,18,1.2880247407612027,1689.025373051799,1895.2802776465408,1,0.0,8.775202786637237e-13,0.004736041999422014,0.031193750095553696,0.0002834579208865762,0.036213250015862286,16401.073333329965,14565.29541686693,19,76,47,123,124,67121.58578805857,71694.43958375984,7599.538547465025,2914.571152808499,1290.265364591537,4986.752309455006,2888.47,-1,-12.354984690043239,23.31206431498663
greedy_execution,312,2025-11-09,11,2,no_season,42,74778.43370629675,74778.43370629675,0.0,0,1277.406969960472,0.0,0.0,46426.26971214189,46426.26971214189,0.0,0,43280.355023233366,25,1.8011203386969683,1895.2802776465408,1771.4047165922052,-1,0.0,9.094947017729282e-13,0.004718792042694986,0.03333208290860057,0.0003291670000180602,0.038380041951313615,22717.282288118156,20563.072735115216,25,74,64,138,136,121206.27268959413,126182.96062527914,7828.737065353715,4586.606512826974,1803.348125968057,5000.0,4848.71,1,23.31206431498663,-82.23529370418169
greedy_execution,313,2025-11-10,11,2,no_season,42,76243.81689340803,76243.81689340803,584.654507965113,110,677.1544821292302,0.0,0.0,50141.19657808401,47149.148480300275,2992.048097783734,0,43794.09435444411,24,1.8222513434769105,1771.4047165922052,1759.3094373097908,1,0.0,9.094947017729282e-13,0.00522758299484849,0.033687832998111844,0.0003055409761145711,0.039220956969074905,23043.484086844015,20750.610267600106,25,76,61,137,137,117006.77105226429,122089.00634596848,8021.499775388538,4401.204809423198,1824.7539314351718,5000.0,4960.112,-1,-82.23529370418169,313.342300694957
greedy_execution,314,2025-11-11,11,2,no_season,42,77378.75715052162,77378.75715052162,0.0,0,3365.7113554887846,0.0,0.0,48305.87367363817,48305.87367363817,0.0,0,43134.34990773943,21,1.794369943666858,1759.3094373097908,1943.3617200048386,-1,0.0,8.789080574445052e-13,0.005452958052046597,0.03372116596437991,0.00030037492979317904,0.03947449894621968,22794.18801805279,20340.16188968664,21,68,53,121,113,117911.52286578881,122470.98546574902,7985.960393858168,4684.79845062408,1797.2645794891428,5000.0,4973.151785950349,1,313.342300694957,-27.915713927675142
greedy_execution,315,2025-11-12,11,2,no_season,42,76748.49434515735,76748.49434515735,6.253900251762957,10,3549.1407996728835,0.0,0.0,47792.12194520349,47764.7329890509,27.38895615259587,0,43663.44488733495,27,1.8168950473773176,1943.3617200048386,1894.8381152234215,-1,0.0,8.881784197001252e-13,0.004962041974067688,0.032918790937401354,0.0003238749923184514,0.038204707903787494,22956.532291535594,20706.91259579936,28,73,55,128,124,119803.17773976925,124805.0142540942,7235.24626576522,4564.765018483851,1819.3102036389564,5000.0,5000.0,-1,-27.915713927675142,-32.40267095705667
greedy_execution,316,2025-11-13,11,2,no_season,42,76294.4154502765,76294.4154502765,0.0,0,1445.0979209347993,0.0,0.0,47687.75829345546,47687.75829345547,0.0,0,42972.49951462928,24,1.7876180909504849,1894.8381152234215,2086.839942054485,1,0.0,9.094947017729282e-13,0.0052827909821644425,0.03534099995158613,0.00036237493623048067,0.04098616586998105,22712.972863652158,20259.526650977125,25,77,59,136,138,121819.84177710388,126688.3763335009,7028.752180522138,4575.113999452925,1790.5208131095533,5000.0,4872.209834117111,-1,-32.40267095705667,222.4836023068068
greedy_execution,317,2025-11-14,11,2,no_season,42,34359.2639718737,34359.2639718737,0.0,0,5104.757946362106,0.0,0.0,18422.048835760706,18422.048835760706,0.0,0,31126.892242898495,20,1.2951171883473263,2086.839942054485,2104.657876791838,1,0.0,8.988365607365267e-13,0.005112917046062648,0.03194429201539606,0.0003060839371755719,0.03736329299863428,16391.471484205045,14735.420758693455,20,73,51,124,126,61629.59751575706,66305.12361260534,7325.379614529202,2954.5416028018335,1296.9538434541041,4898.009699155084,2835.56,1,222.4836023068068,122.90715338084976
greedy_execution,318,2025-11-15,11,2,no_season,42,34186.165419106495,34186.165419106495,0.0,0,4486.767991127322,0.0,0.0,18240.68412508919,18240.68412508919,0.0,0,31808.166668112615,20,1.3239131397118233,2104.657876791838,1917.7953611103321,1,0.0,9.094947017729282e-13,0.0048166250344365835,0.031343292095698416,0.00027541699819266796,0.03643533412832767,16647.838589712563,15160.328078400053,20,67,51,118,119,63220.73252716726,68097.82537378641,7477.511179359775,2874.658465045784,1325.3402778380257,5000.0,2917.853357139155,1,122.90715338084976,120.30894877827996
greedy_execution,319,2025-11-16,11,2,no_season,42,78981.07483072477,78981.07483072477,0.0,0,2190.9263853746215,0.0,0.0,49408.45191346632,49408.45191346631,0.0,0,45045.474235371716,21,1.8743267821919456,1917.7953611103321,1902.5638788208298,-1,0.0,9.023892744153272e-13,0.004853707971051335,0.030816584010608494,0.0002948750043287873,0.03596516698598862,23700.539148694268,21344.935086677448,21,82,58,140,135,121048.07619146106,125794.97381422445,7215.620267550423,4610.659592581242,1876.8947598071545,5000.0,4958.124895164918,1,120.30894877827996,-31.4136904153861
greedy_execution,320,2025-11-17,11,2,no_season,42,80341.4081741462,80341.4081741462,0.0,0,4830.807852027816,0.0,0.0,50430.215952239516,50430.215952239516,0.0,0,42863.104529240176,24,1.782259996861207,1902.5638788208298,2462.2326997802074,1,0.0,9.094947017729282e-13,0.005078415968455374,0.03064170910511166,0.00027779198717325926,0.03599791706074029,22838.975259012608,20024.129270227568,25,70,56,126,117,119284.62339695814,124316.03708737352,7251.750484411421,4695.8418658503415,1785.962688718341,5000.0,4604.988436828813,-1,-31.4136904153861,450.8601785507972
greedy_execution,321,2025-11-18,11,2,no_season,42,78265.64763173502,78265.64763173502,0.0,0,1334.7483514539827,0.0,0.0,49187.6008056788,49187.6008056788,0.0,0,42894.162702899965,24,1.7852567025852035,2462.2326997802074,2244.6911229770944,1,0.0,9.094947017729282e-13,0.004779250011779368,0.03167725005187094,0.0002774590393528342,0.036733959103003144,22467.255074923836,20426.90762797613,24,71,62,133,135,121514.5546512598,126063.694472709,7320.770869280028,4689.330824230489,1787.2567792874984,5000.0,4896.146801313489,1,450.8601785507972,358.73040008197745
greedy_execution,322,2025-11-19,11,2,no_season,42,79433.1978009599,79433.1978009599,345.8608119664325,40,2495.6234195075417,0.0,0.0,51399.96276308092,49731.92604549094,1668.0367175899828,0,45079.436426105356,28,1.876711144142979,2244.6911229770944,1786.5778533005755,1,0.0,9.094947017729282e-13,0.004782332922331989,0.031010083970613778,0.0002757919719442725,0.03606820886489004,23497.28000976207,21582.156416343285,28,71,59,130,126,122789.34455384513,127385.36265174711,7369.128772234316,4734.220955587133,1878.3098510877235,5000.0,4871.234258165925,1,358.73040008197745,0.525390541931074
greedy_execution,323,2025-11-20,11,2,no_season,42,80087.44332595292,80087.44332595292,0.0,0,2674.140441042186,0.0,0.0,50289.468683914514,50289.468683914514,0.0,0,43618.64773816083,26,1.8142120458585718,1786.5778533005755,2111.536796631811,1,0.0,9.094947017729282e-13,0.004833500017412007,0.030437042005360126,0.0002880840329453349,0.03555862605571747,23119.437294869116,20499.21044329171,26,70,62,132,131,119833.35644276362,124822.61686474516,7226.508748067679,4741.723378018676,1817.4436557567014,5000.0,4665.907153303185,1,0.525390541931074,419.98748540473093
greedy_execution,324,2025-11-21,11,2,no_season,42,35283.1945882548,35283.1945882548,0.0,0,4850.193973033392,0.0,0.0,18931.817056301195,18931.817056301195,0.0,0,31867.05227101016,22,1.3261920008887298,2111.536796631811,2002.7893435718688,1,0.0,8.526512829121202e-13,0.004655042081139982,0.031781791942194104,0.00028354208916425705,0.03672037611249834,16717.834409782452,15149.217861227711,22,66,52,118,119,61516.135594554355,66096.14810914962,7558.175332914306,2676.3513008311434,1327.7938446254234,5000.0,2936.585,1,419.98748540473093,386.1366898153078
greedy_execution,325,2025-11-22,11,2,no_season,42,35698.823464323825,35698.823464323825,0.0,0,3827.6065740769654,0.0,0.0,19078.12613151718,19078.12613151718,0.0,0,32284.732534974653,23,1.343437732800142,2002.7893435718688,1954.9139458767436,-1,0.0,9.094947017729282e-13,0.0047790000680834055,0.02972308301832527,0.00025995797477662563,0.0347620410611853,16968.059970944087,15316.672564030565,23,71,55,126,126,63212.350035314594,67583.01547073889,7396.375971688257,2687.1042937220627,1345.197188957277,4996.321397469825,3151.482877365868,1,386.1366898153078,-28.984635193479335
greedy_execution,326,2025-11-23,11,2,no_season,42,82285.20979507116,82285.20979507116,0.0,0,4610.6414619559,0.0,0.0,51897.57222702209,51897.57222702209,0.0,0,43753.282281640844,24,1.8202199586448553,1954.9139458767436,2094.775513465678,1,0.0,9.094947017729282e-13,0.004325165995396674,0.030563290929421782,0.0002827499993145466,0.035171206924133,23097.87716571139,20655.40511592946,25,70,54,124,123,123602.79345601931,128486.1487519564,7292.626987367193,4642.460716589402,1823.0534284017021,5000.0,4741.105068180103,-1,-28.984635193479335,293.7751845842258
greedy_execution,327,2025-11-24,11,2,no_season,42,81171.16159017848,81171.16159017848,12.795830700975557,10,5233.702604765119,0.0,0.0,51210.316405723046,51150.38073471967,59.93567100336951,0,40584.0521717137,21,1.689421981250505,2094.775513465678,1746.6013135447718,-1,0.0,9.094947017729282e-13,0.00457116705365479,0.028853791998699307,0.0002590419026091695,0.03368400095496327,21186.18164391402,19397.870527799678,21,75,56,131,127,127566.2052350248,131960.32021450414,7121.471113237724,4633.1666719214945,1691.0021738214043,5000.0,5000.0,1,293.7751845842258,-71.46781557355894
greedy_execution,328,2025-11-25,11,2,no_season,42,81326.44580099054,81326.44580099054,0.0,0,2459.221355748913,0.0,0.0,51124.19452810631,51124.19452810631,0.0,0,45441.67204714489,26,1.8901047876168868,1746.6013135447718,2053.9242925495614,1,0.0,9.094947017729282e-13,0.004263625014573336,0.029194458038546145,0.0002685830695554614,0.03372666612267494,24070.11801285993,21371.554034284964,27,67,64,131,128,115895.2979486483,120966.76576422185,7189.950473743216,4552.600680713873,1893.4030019643708,5000.0,4790.415,-1,-71.46781557355894,101.12783571474733
greedy_execution,329,2025-11-26,11,2,no_season,42,82547.77365208129,82547.77365208129,32.35046668976952,10,3153.4116042478345,0.0,0.0,52176.046679057414,52024.51709308253,151.52958597488043,0,44308.77820078098,24,1.8429001848934308,2053.9242925495614,2391.3967032573646,1,0.0,9.094947017729282e-13,0.004300458007492125,0.029532457934692502,0.00026529200840741396,0.03409820795059204,23488.91191598543,20819.86628479555,24,78,55,133,131,122218.76489325124,127117.63705753649,7174.244283579287,4696.7607440241745,1846.1990916992077,5000.0,5000.0,1,101.12783571474733,178.08255501764893
greedy_execution,330,2025-11-27,11,2,no_season,42,81717.3240079645,81717.3240079645,0.0,0,3672.2777802508,0.0,0.0,51471.822433129884,51471.822433129884,0.0,0,43541.159078208206,22,1.8117608169109596,2391.3967032573646,2363.872096992339,1,0.0,9.046097204645775e-13,0.004311833996325731,0.028514791978523135,0.00026766699738800526,0.03309429297223687,22902.656286294292,20638.50279191391,22,81,58,139,137,121244.64823548887,126066.56568047122,7145.987160890553,4594.980670023145,1814.2149615920086,5000.0,4810.416603380801,1,178.08255501764893,460.5919507308014
greedy_execution,331,2025-11-28,11,2,no_season,42,36298.91545795376,36298.91545795376,0.0,0,3828.423135486287,0.0,0.0,19587.48593143152,19587.485931431525,0.0,0,32808.83510841057,15,1.3655299371357048,2363.872096992339,2186.098679959484,-1,0.0,7.851497230149107e-13,0.00425129197537899,0.029470791923813522,0.0002954169176518917,0.034017500816844404,17179.044440439015,15629.790667971552,15,71,47,118,118,63009.09710349825,67548.50515276745,7661.601824491807,2562.338592687025,1367.0347961837736,5000.0,3066.075,1,460.5919507308014,-232.84553632288032
greedy_execution,332,2025-11-29,11,2,no_season,42,37133.46723915237,37133.46723915237,0.0,0,597.7080674132699,0.0,0.0,19884.277438362908,19884.277438362908,0.0,0,32914.44867559232,19,1.369811315163344,2186.098679959484,2059.8934269804276,-1,0.0,8.810729923425242e-13,0.004213915904983878,0.028459500055760145,0.00027487496845424175,0.032948290929198265,17260.378873665715,15654.06980192661,20,77,57,134,135,70945.07599232093,76138.19372808766,7482.936579559197,4441.9066568635835,1371.4353614830134,5000.0,2984.9234769927107,-1,-232.84553632288032,-169.13357639804303
greedy_execution,333,2025-11-30,11,2,no_season,42,85253.74725524755,85253.74725524755,0.0,0,2782.761918614301,0.0,0.0,53715.22692464578,53715.22692464577,0.0,0,46741.90941674216,28,1.9453939553171207,2059.8934269804276,1825.625455439728,1,0.0,9.094947017729282e-13,0.00433408294338733,0.029145709006115794,0.0002657080767676234,0.03374550002627075,24484.03331835438,22257.876098387776,29,74,64,138,137,134203.67175881242,139372.80533521046,7111.974136518173,4807.289355544117,1947.5795590309228,5000.0,4981.419736748743,-1,-169.13357639804303,115.13103437833274
greedy_execution,334,2025-12-01,12,2,no_season,42,85902.76048686485,85902.76048686485,3533.3163665698557,150,408.9078404971227,0.0,0.0,71498.44327175901,54325.792140364465,17172.651131394545,0,48220.26889694268,23,2.0059751711473086,1825.625455439728,2016.2220129510292,-1,0.0,9.094947017729282e-13,0.004247792065143585,0.02873016695957631,0.000271458993665874,0.03324941801838577,25474.25508827347,22746.013808669217,23,56,75,131,129,129717.61377076611,134314.0310280762,7236.797296034907,4825.4716560611805,2009.1778707059452,5000.0,5000.0,1,115.13103437833274,-191.1233166065433
greedy_execution,335,2025-12-02,12,2,no_season,42,89769.68148707546,89769.68148707546,1737.6067508156837,100,3.886508828565411,0.0,0.0,65841.38755064372,57395.22099909686,8446.166551546874,0,47861.17476958738,28,1.9906905240529449,2016.2220129510292,2363.285624492071,1,0.0,9.094947017729282e-13,0.0042500830022618175,0.02846237493213266,0.0002656660508364439,0.03297812398523092,25363.38327432498,22497.791495262398,29,72,67,139,137,123262.732205466,128453.85552207255,7345.365095903755,4699.501849940275,1994.2156153994745,5000.0,5000.0,-1,-191.1233166065433,337.17529208184556
greedy_execution,336,2025-12-03,12,2,no_season,42,91364.63505342737,91364.63505342737,0.0,0,1682.202812991029,0.0,0.0,58631.679824672334,58631.679824672334,0.0,0,46765.83369464131,32,1.9457475920071605,2363.285624492071,2421.690579510227,1,0.0,8.846257060213247e-13,0.004255209001712501,0.02944866707548499,0.000258082989603281,0.03396195906680077,24642.758684205488,22123.075010435823,32,66,69,135,134,128229.17105949283,132891.995767411,7635.829982457545,4686.991085711109,1948.576403943388,5000.0,4780.742642236119,1,337.17529208184556,94.63193366322366
greedy_execution,337,2025-12-04,12,2,no_season,42,92274.8990692144,92274.8990692144,612.5690693018965,50,3465.0599881449198,0.0,0.0,61798.62809665568,58801.22921469603,2997.3988819596457,0,47900.94829379077,24,1.992820865611057,2421.690579510227,2551.968002879251,1,0.0,9.094947017729282e-13,0.004130874993279576,0.029389875009655952,0.00025808403734117746,0.033778834040276706,25276.07384708107,22624.8744467097,24,69,59,128,120,125578.39157989726,130422.32571902513,7591.238352697652,4725.190220195213,1995.8728455746152,5000.0,5000.0,1,94.63193366322366,513.9291432567571
greedy_execution,338,2025-12-05,12,2,no_season,42,44770.91014057896,44770.91014057896,0.0,0,1239.8496270089909,0.0,0.0,24217.288984596624,24217.28898459662,0.0,0,37857.530995123394,21,1.5747125022971538,2551.968002879251,2779.2141654412417,-1,0.0,9.094947017729282e-13,0.004163041012361646,0.028566874912939966,0.00026424997486174107,0.03299416590016335,20038.481912680014,17819.049082443373,21,68,59,127,127,77403.12101189294,81876.37191571627,7646.461842951182,4501.722381497362,1577.397124796808,5000.0,3925.6424554111236,1,513.9291432567571,-64.2001109648595
greedy_execution,339,2025-12-06,12,2,no_season,42,46637.42703715227,46637.42703715227,0.0,0,560.3286011538161,0.0,0.0,25250.02848062617,25250.02848062617,0.0,0,37152.94471861549,22,1.5448900849384233,2779.2141654412417,3236.897992411398,1,0.0,9.094947017729282e-13,0.004557458101771772,0.028489875025115907,0.00026062491815537214,0.03330795804504305,19782.706168973637,17370.238549641846,23,76,63,139,137,87137.49800499427,92079.74452449649,5444.4290299243785,3351.02698436359,1548.039363275645,5000.0,3920.063603294452,-1,-64.2001109648595,30.662666987070907
greedy_execution,340,2025-12-07,12,2,no_season,42,89587.79178144959,89587.79178144959,74.91588574522052,20,1019.8367775839272,0.0,0.0,57531.793065623875,57141.24465097122,390.54841465265474,0,47566.466168566614,42,1.982512388087208,3236.897992411398,1721.48905272388,1,0.0,9.094947017729282e-13,0.004509374964982271,0.028379749972373247,0.00026245799381285906,0.03315158293116838,24278.32790408875,23288.138264477864,42,66,75,141,134,129731.17678979386,134691.20145006088,7698.338654563475,4814.079623877394,1981.9360903569423,5000.0,5000.0,1,30.662666987070907,355.57016720124466
greedy_execution,341,2025-12-08,12,2,no_season,42,97904.5883866187,97904.5883866187,0.0,0,6839.441640566983,0.0,0.0,62602.0368335155,62602.03683351549,0.0,0,45250.25349967448,20,1.8809773912971468,1721.48905272388,2558.993175084619,1,0.0,9.094947017729282e-13,0.004634583019651473,0.028505042078904808,0.00025762501172721386,0.033397250110283494,24234.09456452977,21016.158935144704,20,78,45,123,121,117621.80308944423,122266.23292224298,7494.05528806358,4514.700733490853,1885.427229153103,5000.0,4451.1743,1,355.57016720124466,438.53604970050174
greedy_execution,342,2025-12-09,12,2,no_season,42,95998.61675150861,95998.61675150861,0.0,0,6861.530394706802,0.0,0.0,61628.13332086512,61628.13332086512,0.0,0,45454.307484588164,24,1.8927180701578645,2558.993175084619,1914.3998847234784,1,0.0,9.094947017729282e-13,0.004388791974633932,0.028330834000371397,0.0002648750087246299,0.03298450098372996,23601.469787361646,21852.837697226518,24,76,47,123,116,131267.79545610087,135776.28038234133,7924.202556287142,4675.575005936879,1893.929478524507,5000.0,4879.488183670909,1,438.53604970050174,190.45689103989866
greedy_execution,343,2025-12-10,12,2,no_season,42,95719.56657462896,95719.56657462896,0.0,0,4940.622160676383,0.0,0.0,61194.99089208086,61194.99089208086,0.0,0,45104.80727864803,25,1.876723977378211,1914.3998847234784,1931.8127410720272,-1,0.0,8.455458555545192e-13,0.004721791949123144,0.028009000001475215,0.0002604579785838723,0.03299124992918223,23748.066612966977,21356.740665681056,25,82,51,133,134,126338.62960892532,131148.1727178854,7859.786572921948,4381.134244986985,1879.3669699436682,5000.0,4675.8632044648275,1,190.45689103989866,-10.298187904552151
greedy_execution,344,2025-12-11,12,2,no_season,42,95167.06839144426,95167.06839144426,0.0,0,6773.454773616812,0.0,0.0,60709.71398009047,60709.71398009048,0.0,0,45276.57860015599,22,1.8838009398743971,1931.8127410720272,1981.262375132917,1,0.0,9.094947017729282e-13,0.004485583980567753,0.02821099990978837,0.00026158406399190426,0.03295816795434803,23854.468758991716,21422.109841164274,23,77,48,125,124,123685.88894638013,128420.18107593805,7529.509363000079,4629.829247492416,1886.5241083398328,5000.0,4806.817633044948,-1,-10.298187904552151,499.7014965172423
greedy_execution,345,2025-12-12,12,2,no_season,42,51534.210802721405,51534.210802721405,0.0,0,5525.597638939013,0.0,0.0,27303.126352200183,27303.126352200183,0.0,0,35141.390330003545,14,1.4612187095633817,1981.262375132917,2426.5323411948048,1,0.0,9.023892744153272e-13,0.004514582920819521,0.028905750019475818,0.0002602910390123725,0.03368062397930771,18717.795005226304,16423.59532477724,14,64,50,114,109,74824.14648218069,79324.44498566345,4713.351930188891,3392.262774523166,1464.2245970834808,5000.0,3604.0223559257747,1,499.7014965172423,69.79401914823586
greedy_execution,346,2025-12-13,12,2,no_season,42,53197.74105842808,53197.74105842808,0.0,0,7436.520105184101,0.0,0.0,28126.114362701763,28126.114362701763,0.0,0,35192.74740538676,13,1.4640895669610023,2426.5323411948048,2537.1233269973104,-1,0.0,8.881784197001252e-13,0.004401709069497883,0.029507791972719133,0.0002645000349730253,0.03417400107719004,18577.717487648708,16615.029917738062,13,66,50,116,110,75647.29669169086,80577.50267254263,5561.686544465047,3497.1144013618155,1466.3644752244486,5000.0,3803.43,1,69.79401914823586,-171.42909724932906
greedy_execution,347,2025-12-14,12,2,no_season,42,95800.10399750058,95800.10399750058,0.0,0,4928.473489035043,0.0,0.0,61654.54569507341,61654.54569507341,0.0,0,45872.74978130529,24,1.9094213240144757,2537.1233269973104,2215.230639890317,1,0.0,9.059419880941277e-13,0.004405166022479534,0.02873016695957631,0.0002615830162540078,0.03339691599830985,23982.829244885423,21889.92053641988,25,85,49,134,136,129188.96813054354,134305.10300616405,7672.35503743946,4687.001638066251,1911.3645742210542,5000.0,4605.985185192412,-1,-171.42909724932906,99.98255795585055
greedy_execution,348,2025-12-15,12,2,no_season,42,95634.71610642064,95634.71610642064,0.0,0,3547.735862938852,0.0,0.0,61348.00457291981,61348.00457291981,0.0,0,46957.74959797052,22,1.9535405499932048,2215.230639890317,2361.394995646136,1,0.0,8.952838470577262e-13,0.004396666889078915,0.0288998750038445,0.00024524994660168886,0.033541791839525104,24787.58593739283,22170.16366057769,22,85,44,129,132,132595.07194481994,137495.0893868641,7689.153909529444,4598.407565728357,1956.5728999154385,5000.0,4809.996863752565,1,99.98255795585055,397.8719250136485
greedy_execution,349,2025-12-16,12,2,no_season,42,95398.19293589711,95398.19293589711,0.0,0,3952.9519868393,0.0,0.0,61313.719161123736,61313.719161123736,0.0,0,46057.54083185733,26,1.9172760463187555,2361.394995646136,1963.9126035459512,1,0.0,9.094947017729282e-13,0.004196375026367605,0.027306833071634173,0.00025454198475927114,0.03175775008276105,24042.345223790904,22015.195608066424,26,81,48,129,131,132272.03856804225,136874.1666430286,7437.704813270716,4549.618569732781,1919.0642013273884,5000.0,4892.957592928228,1,397.8719250136485,7.151230473059059
greedy_execution,350,2025-12-17,12,2,no_season,42,95825.52380944983,95825.52380944983,0.0,0,5254.7390775398635,0.0,0.0,61117.73800912684,61117.73800912684,0.0,0,45155.044511409986,32,1.878847305632458,1963.9126035459512,1966.2722491887453,1,0.0,9.094947017729282e-13,0.004209709004499018,0.02678975008893758,0.0002556659746915102,0.03125512506812811,23766.991088326646,21388.053423083347,32,76,53,129,126,132972.34823381217,137965.1970033391,7706.147743706028,4550.1103734959715,1881.4601879754164,5000.0,4778.456378431428,1,7.151230473059059,347.99957525515424
greedy_execution,351,2025-12-18,12,2,no_season,42,93780.55274398162,93780.55274398162,169.39428147902163,10,3685.727766095356,0.0,0.0,60587.03049563081,59753.69532789477,833.3351677360469,0,48486.88913804002,24,2.0167270767485945,1966.2722491887453,2312.763245538273,1,0.0,9.094947017729282e-13,0.004249208956025541,0.02673845796380192,0.00023970799520611763,0.03122737491503358,25692.420715369313,22794.468422670703,24,83,52,135,126,127990.74473146533,132642.74515621018,7485.346552340556,4647.1561093513765,2020.287047418334,5000.0,4888.170410130341,1,347.99957525515424,492.0705791694892
greedy_execution,352,2025-12-19,12,2,no_season,42,51624.26447692088,51624.26447692088,0.0,0,7023.024914690397,0.0,0.0,27573.115162774426,27573.115162774426,0.0,0,34590.95715981382,16,1.4395727458988798,2312.763245538273,2184.8575375732635,1,0.0,9.094947017729282e-13,0.00392524991184473,0.027689042035490274,0.0002605840563774109,0.031874876003712416,18141.90271102215,16449.05444879167,16,70,45,115,112,76340.59121663193,80843.42453754203,5560.295086623246,3920.746982044942,1441.2898816589093,5000.0,3756.5816999999997,1,492.0705791694892,99.21231581312998
greedy_execution,353,2025-12-20,12,2,no_season,42,52282.33336310173,52282.33336310173,0.0,0,7363.440061235549,0.0,0.0,27851.09106041082,27851.09106041082,0.0,0,35648.13519538308,16,1.482871112537446,2184.8575375732635,2371.4395506301576,1,0.0,8.419931418757187e-13,0.004094042000360787,0.026632666937075555,0.0002400000812485814,0.030966709018684924,18855.338123624635,16792.797071758447,16,65,50,115,108,74542.47148712297,79365.56040273696,5001.077976105851,2931.843243602725,1485.3389664742951,5000.0,3666.3034468513833,1,99.21231581312998,36.51437026305257
greedy_execution,354,2025-12-21,12,2,no_season,42,96193.32420439221,96193.32420439221,0.0,0,4827.23991569795,0.0,0.0,61836.499637613,61836.499637613,0.0,0,45599.46027044489,30,1.8975015259132026,2371.4395506301576,2299.6709079904526,1,0.0,9.094947017729282e-13,0.0038514159386977553,0.028510749922133982,0.00025508308317512274,0.03261724894400686,23963.881346236238,21635.578924208654,30,82,46,128,130,136057.07928453234,141020.5649142693,7806.55345974134,4678.642366881238,1899.9775112685368,5000.0,4951.6714280798615,1,36.51437026305257,413.28114164360386
greedy_execution,355,2025-12-22,12,2,no_season,42,96853.23480665527,96853.23480665527,0.0,0,5628.175009110499,0.0,0.0,62070.691522576846,62070.691522576846,0.0,0,46321.35466335075,28,1.9277115180177342,2299.6709079904526,2149.1289358063204,1,0.0,8.810729923425242e-13,0.004116749973036349,0.028292416944168508,0.00024675007443875074,0.03265591699164361,24304.493688781095,22016.860974569656,28,73,50,123,117,128584.18868190664,132826.62618572934,7749.174872365345,4673.8119400167,1930.056444306281,5000.0,4978.53606328714,1,413.28114164360386,44.979724155526355
greedy_execution,356,2025-12-23,12,2,no_season,42,96010.57712078808,96010.57712078808,0.0,0,6229.169183078773,0.0,0.0,61675.14468701504,61675.14468701504,0.0,0,44698.662160484855,24,1.8594879243527542,2149.1289358063204,2320.1201680397403,1,0.0,8.988365607365267e-13,0.004010958014987409,0.027172000030986965,0.0002574579557403922,0.031440416001714766,23610.98878243041,21087.67337805444,24,77,46,123,120,125625.56616666674,130533.51821681068,7791.430875834843,4625.342877664165,1862.4442566868686,5000.0,4645.620100708173,1,44.979724155526355,159.39321272200436
greedy_execution,357,2025-12-24,12,2,no_season,42,94586.17070121941,94586.17070121941,0.0,0,4797.301308856452,0.0,0.0,60243.747646072225,60243.747646072225,0.0,0,47571.279780559744,19,1.9806399204567915,2320.1201680397403,1749.8883338457913,-1,0.0,9.094947017729282e-13,0.00434174994006753,0.029255082947202027,0.0002605840563774109,0.03385741694364697,24752.79492812802,22818.484852431728,19,82,50,132,127,129415.26720088776,134098.71965162668,7504.053880450752,4481.181070358972,1982.1366575233228,5000.0,4985.716297306096,1,159.39321272200436,-32.14757974469035
greedy_execution,358,2025-12-25,12,2,no_season,42,94826.94946968005,94826.94946968005,17.372148730851904,10,4443.905809608074,0.0,0.0,60657.668168085904,60576.2970234306,81.37114465531032,0,45707.65461867611,28,1.9014456498519685,1749.8883338457913,1932.4425973372117,1,0.0,9.094947017729282e-13,0.004174583009444177,0.02843574993312359,0.00026033399626612663,0.03287066693883389,24147.81094707281,21559.843671603303,29,84,48,132,138,137798.90150611577,142589.97407283416,7436.940187965368,4807.233309364399,1904.4856091115046,5000.0,5000.0,-1,-32.14757974469035,493.98022230498316
greedy_execution,359,2025-12-26,12,2,no_season,42,51232.80880843955,51232.80880843955,0.0,0,5580.340768799999,0.0,0.0,27352.593830950325,27352.593830950325,0.0,0,35826.599746062246,14,1.4890387000994112,1932.4425973372117,2692.7314526063615,1,0.0,8.242295734817162e-13,0.004221041104756296,0.027743916027247906,0.0002375420881435275,0.03220249922014773,19235.72267618423,16590.877069878014,14,69,47,116,113,79204.52414602427,83710.54392371929,5049.727941572768,3402.6785304379146,1492.7749894192598,5000.0,3777.126699868006,1,493.98022230498316,7.578754428459661
greedy_execution,360,2025-12-27,12,2,no_season,42,51676.64310247474,51676.64310247474,0.0,0,6840.133580766982,0.0,0.0,27585.392988805845,27585.392988805845,0.0,0,33875.57828727245,19,1.4101524720338934,2692.7314526063615,2407.1108639110707,-1,0.0,9.094947017729282e-13,0.004034416982904077,0.02833087509498,0.0002781669609248638,0.03264345903880894,17686.639371156773,16188.938916115678,19,63,49,112,107,78125.29112849144,83117.71237406299,5577.189936969178,3661.4083327455123,1411.482428636352,5000.0,3838.436340031339,1,7.578754428459661,-105.3261610443401
greedy_execution,361,2025-12-28,12,2,no_season,42,95887.17031997412,95887.17031997412,11.662728546248218,10,6939.242639462004,0.0,0.0,61636.97976340429,61569.236804643406,67.74295876088277,0,43234.98052346317,26,1.7992356176941566,2407.1108639110707,2281.7474783512007,1,0.0,9.094947017729282e-13,0.003937625093385577,0.028357625007629395,0.00024404202122241259,0.032539292122237384,22692.65809126077,20542.322432202407,27,78,48,126,126,130440.08051203212,135145.39478440757,7215.363450975648,4520.840820666025,1801.4575218109655,5000.0,5000.0,-1,-105.3261610443401,278.09489067485583
greedy_execution,362,2025-12-29,12,2,no_season,42,95435.82653226901,95435.82653226901,0.0,0,5695.85190085078,0.0,0.0,61232.64920377186,61232.649203771856,0.0,0,44711.39383679346,29,1.8606935622322416,2281.7474783512007,2144.534410941678,-1,0.0,9.094947017729282e-13,0.0038025000831112266,0.02804791694507003,0.00026358303148299456,0.03211400005966425,23463.801100772507,21247.59273602095,29,79,50,129,128,128198.4698024534,132920.37491177855,7297.158941982232,4484.56886983991,1862.974743199727,5000.0,4548.933225333216,1,278.09489067485583,-11.016439483069917
greedy_execution,363,2025-12-30,12,2,no_season,42,94710.16906932271,94710.16906932271,0.0,0,6143.2119144286735,0.0,0.0,60461.49025675803,60461.49025675803,0.0,0,45106.87669961361,20,1.8769174261800896,2144.534410941678,2112.999115766976,1,0.0,9.094947017729282e-13,0.004171375068835914,0.02848104201257229,0.0002625830238685012,0.032915000105276704,23724.715627253827,21382.16107235978,21,78,44,122,114,117050.97113450967,121825.30668119807,7380.782163035034,4536.878538288611,1879.4531958172338,5000.0,4946.087860677188,-1,-11.016439483069917,274.24359182951207
greedy_execution,364,2025-12-31,12,2,no_season,42,93945.18845312545,93945.18845312545,0.0,0,3260.9256332489763,0.0,0.0,59957.81893777115,59957.81893777115,0.0,0,47887.45034512327,27,1.9936046240271499,2112.999115766976,1629.777132221758,-1,0.0,9.094947017729282e-13,0.0045484170550480485,0.029406582936644554,0.00026587501633912325,0.034220875008031726,24962.645115833202,22924.80522929007,27,71,57,128,127,134043.60978933514,138769.36619750562,7877.622878201619,4437.775958805491,1995.3104310468027,5000.0,4772.884279161823,1,274.24359182951207,-329.7938872872046
