scenario,date,period,charge_kwh,discharge_kwh,initial_soc,final_soc
2,2025-02-01,0:00-4:00,8703.024024988175,12.86079941406257,1421.7991105135516,1861.7648341724805
2,2025-02-01,4:00-8:00,1196.75747393663,6628.931233333333,1421.7991105135516,1861.7648341724805
2,2025-02-01,8:00-12:00,4936.263866666666,677.7272833333334,1421.7991105135516,1861.7648341724805
2,2025-02-01,12:00-16:00,3193.022671491609,109.38135501302094,1421.7991105135516,1861.7648341724805
2,2025-02-01,16:00-20:00,91.78764441553744,6244.050038411458,1421.7991105135516,1861.7648341724805
2,2025-02-01,20:00-24:00,832.9239512225117,2968.062826193878,1421.7991105135516,1861.7648341724805
2,2025-02-02,0:00-4:00,7900.014350130208,103.44580983072922,1861.7648341724805,1894.077465119996
2,2025-02-02,4:00-8:00,3677.0778237946006,2589.3506230858693,1861.7648341724805,1894.077465119996
2,2025-02-02,8:00-12:00,5820.274463802084,6694.197708984375,1861.7648341724805,1894.077465119996
2,2025-02-02,12:00-16:00,3976.0636392551687,1369.538691514548,1861.7648341724805,1894.077465119996
2,2025-02-02,16:00-20:00,1.948274305555844,6102.662716947354,1861.7648341724805,1894.077465119996
2,2025-02-02,20:00-24:00,1134.485985763889,3369.0280796875,1861.7648341724805,1894.077465119996
2,2025-02-03,0:00-4:00,8159.776678205393,76.32932122395835,1894.077465119996,1812.8151637072754
2,2025-02-03,4:00-8:00,3213.192371529165,3057.474451692709,1894.077465119996,1812.8151637072754
2,2025-02-03,8:00-12:00,5638.682347526042,6770.220738867188,1894.077465119996,1812.8151637072754
2,2025-02-03,12:00-16:00,5259.44364534005,1723.1284856770824,1894.077465119996,1812.8151637072754
2,2025-02-03,16:00-20:00,136.11918548419737,6249.801017333069,1894.077465119996,1812.8151637072754
2,2025-02-03,20:00-24:00,1190.4382283564814,3438.025384114583,1894.077465119996,1812.8151637072754
2,2025-02-04,0:00-4:00,8390.12479793854,5.111619140624953,1812.8151637072754,1689.2264040343102
2,2025-02-04,4:00-8:00,2810.4149503685308,3248.5188899088544,1812.8151637072754,1689.2264040343102
2,2025-02-04,8:00-12:00,5805.581075781251,7260.0559,1812.8151637072754,1689.2264040343102
2,2025-02-04,12:00-16:00,6562.290410836627,2510.0921366317343,1812.8151637072754,1689.2264040343102
2,2025-02-04,16:00-20:00,317.36643526738476,6073.259896612586,1812.8151637072754,1689.2264040343102
2,2025-02-04,20:00-24:00,513.54057890625,2979.5945740234374,1812.8151637072754,1689.2264040343102
2,2025-02-05,0:00-4:00,8158.916236848703,21.797914062500013,1689.2264040343102,1621.1719574986369
2,2025-02-05,4:00-8:00,3318.6295996911235,2461.0512366360713,1689.2264040343102,1621.1719574986369
2,2025-02-05,8:00-12:00,5705.476785807292,7470.248307877604,1689.2264040343102,1621.1719574986369
2,2025-02-05,12:00-16:00,5276.050508825231,1616.8296166666664,1689.2264040343102,1621.1719574986369
2,2025-02-05,16:00-20:00,74.64143499710028,6393.3768699352695,1689.2264040343102,1621.1719574986369
2,2025-02-05,20:00-24:00,1108.0465033203127,3378.8431341491337,1689.2264040343102,1621.1719574986369
2,2025-02-06,0:00-4:00,8358.099668065433,2.781618750000007,1621.1719574986369,1832.2313904861041
2,2025-02-06,4:00-8:00,3004.2221077427994,2348.840453212011,1621.1719574986369,1832.2313904861041
2,2025-02-06,8:00-12:00,5928.847562890625,6824.734066666668,1621.1719574986369,1832.2313904861041
2,2025-02-06,12:00-16:00,5032.72502970197,2214.0308679036457,1621.1719574986369,1832.2313904861041
2,2025-02-06,16:00-20:00,146.93282116608057,5921.824413498602,1621.1719574986369,1832.2313904861041
2,2025-02-06,20:00-24:00,367.21911660156235,3041.80169654948,1621.1719574986369,1832.2313904861041
2,2025-02-07,0:00-4:00,8098.966625696541,44.72029199218747,1832.2313904861041,1360.0972427979168
2,2025-02-07,4:00-8:00,1407.2465463693247,6291.796595572916,1832.2313904861041,1360.0972427979168
2,2025-02-07,8:00-12:00,4765.899283333334,1115.31345,1832.2313904861041,1360.0972427979168
2,2025-02-07,12:00-16:00,3460.5571425925964,29.127236523437574,1832.2313904861041,1360.0972427979168
2,2025-02-07,16:00-20:00,32.36359613715422,6283.2725666666665,1832.2313904861041,1360.0972427979168
2,2025-02-07,20:00-24:00,679.5615617404519,3283.8109198783504,1832.2313904861041,1360.0972427979168
2,2025-02-08,0:00-4:00,6965.821250651043,93.54408580729176,1360.0972427979168,1374.3763482915351
2,2025-02-08,4:00-8:00,1618.8180806682542,6333.294848828136,1360.0972427979168,1374.3763482915351
2,2025-02-08,8:00-12:00,6006.262766666667,376.8593166666667,1360.0972427979168,1374.3763482915351
2,2025-02-08,12:00-16:00,2923.3864139376224,3.683328450520847,1360.0972427979168,1374.3763482915351
2,2025-02-08,16:00-20:00,56.54240654398586,6588.76472848603,1360.0972427979168,1374.3763482915351
2,2025-02-08,20:00-24:00,788.3471709346065,3113.5676233304175,1360.0972427979168,1374.3763482915351
2,2025-02-09,0:00-4:00,8429.917968593501,84.89089680989593,1374.3763482915351,1214.6002375010783
2,2025-02-09,4:00-8:00,3385.2044671242065,4520.490322583007,1374.3763482915351,1214.6002375010783
2,2025-02-09,8:00-12:00,4642.413298177084,6193.6569019522485,1374.3763482915351,1214.6002375010783
2,2025-02-09,12:00-16:00,6446.7517994140635,2180.013378450521,1374.3763482915351,1214.6002375010783
2,2025-02-09,16:00-20:00,257.5950032060541,6387.513351337723,1374.3763482915351,1214.6002375010783
2,2025-02-09,20:00-24:00,671.5382240885419,2235.0907611440784,1374.3763482915351,1214.6002375010783
2,2025-02-10,0:00-4:00,8520.028331380208,79.0014748046874,1214.6002375010783,1200.0
2,2025-02-10,4:00-8:00,3706.0021747477213,3536.8254454689286,1214.6002375010783,1200.0
2,2025-02-10,8:00-12:00,5997.167799869792,4989.050950000001,1214.6002375010783,1200.0
2,2025-02-10,12:00-16:00,2953.753264476764,1392.6386072916666,1214.6002375010783,1200.0
2,2025-02-10,16:00-20:00,127.69826105384898,6245.154156011529,1214.6002375010783,1200.0
2,2025-02-10,20:00-24:00,699.2328017361115,3574.674737826035,1214.6002375010783,1200.0
2,2025-02-11,0:00-4:00,8418.40480325521,60.441981184895894,1200.0,1343.8844135730128
2,2025-02-11,4:00-8:00,3336.311178645834,5642.579229126052,1200.0,1343.8844135730128
2,2025-02-11,8:00-12:00,5621.201520703125,4876.223173399991,1200.0,1343.8844135730128
2,2025-02-11,12:00-16:00,5816.448084428281,1186.5249833333337,1200.0,1343.8844135730128
2,2025-02-11,16:00-20:00,42.82136522759197,6436.9900295092,1200.0,1343.8844135730128
2,2025-02-11,20:00-24:00,872.6251740813079,3357.770777147231,1200.0,1343.8844135730128
2,2025-02-12,0:00-4:00,8611.35517701823,32.34971816406278,1343.8844135730128,1229.2587378200567
2,2025-02-12,4:00-8:00,3229.810835395812,4453.290467054119,1343.8844135730128,1229.2587378200567
2,2025-02-12,8:00-12:00,5819.896676432292,5521.860233333334,1343.8844135730128,1229.2587378200567
2,2025-02-12,12:00-16:00,4265.817057123563,1618.4160723307275,1343.8844135730128,1229.2587378200567
2,2025-02-12,16:00-20:00,145.54062832590728,6339.304599343652,1343.8844135730128,1229.2587378200567
2,2025-02-12,20:00-24:00,697.2671693214697,2636.2411631442305,1343.8844135730128,1229.2587378200567
2,2025-02-13,0:00-4:00,8351.372814713543,120.93803294270845,1229.2587378200567,1347.4739569372082
2,2025-02-13,4:00-8:00,3363.2614499360507,4897.086840301565,1229.2587378200567,1347.4739569372082
2,2025-02-13,8:00-12:00,6019.238826822917,4285.605216666667,1229.2587378200567,1347.4739569372082
2,2025-02-13,12:00-16:00,3554.885269976314,776.6500500000002,1229.2587378200567,1347.4739569372082
2,2025-02-13,16:00-20:00,13.873582291805747,6375.320455555722,1229.2587378200567,1347.4739569372082
2,2025-02-13,20:00-24:00,825.058513266782,3347.1720118881876,1229.2587378200567,1347.4739569372082
2,2025-02-14,0:00-4:00,5964.663647392994,135.89651764322906,1347.4739569372082,1230.0299644583174
2,2025-02-14,4:00-8:00,992.0674475936044,6158.074847265617,1347.4739569372082,1230.0299644583174
2,2025-02-14,8:00-12:00,5173.872783333333,106.9927004228471,1347.4739569372082,1230.0299644583174
2,2025-02-14,12:00-16:00,4945.415729205482,60.68400338541663,1347.4739569372082,1230.0299644583174
2,2025-02-14,16:00-20:00,24.571964778645793,6635.59233299267,1347.4739569372082,1230.0299644583174
2,2025-02-14,20:00-24:00,556.9387952112266,2905.9540831750746,1347.4739569372082,1230.0299644583174
2,2025-02-15,0:00-4:00,5958.950946872852,204.22490325520835,1230.0299644583174,1200.0
2,2025-02-15,4:00-8:00,990.6324415384787,5911.265396549479,1230.0299644583174,1200.0
2,2025-02-15,8:00-12:00,5909.7378499999995,159.00708333333336,1230.0299644583174,1200.0
2,2025-02-15,12:00-16:00,4199.976671255666,69.65820904947911,1230.0299644583174,1200.0
2,2025-02-15,16:00-20:00,81.13299703414384,6402.253990539551,1230.0299644583174,1200.0
2,2025-02-15,20:00-24:00,534.9718754701969,3189.9418469498046,1230.0299644583174,1200.0
2,2025-02-16,0:00-4:00,8426.731683854166,86.35557213541676,1200.0,1229.8268261030414
2,2025-02-16,4:00-8:00,3493.3207346179606,5021.583424896711,1200.0,1229.8268261030414
2,2025-02-16,8:00-12:00,5678.647224609375,5620.108179592791,1200.0,1229.8268261030414
2,2025-02-16,12:00-16:00,5159.857977310226,647.2950204427074,1200.0,1229.8268261030414
2,2025-02-16,16:00-20:00,68.71271104664004,6569.661223399319,1200.0,1229.8268261030414
2,2025-02-16,20:00-24:00,803.3719309534144,3294.27840392785,1200.0,1229.8268261030414
2,2025-02-17,0:00-4:00,8292.315091471353,167.09630286458344,1229.8268261030414,1268.28162076502
2,2025-02-17,4:00-8:00,3649.2570712566517,4240.881992505758,1229.8268261030414,1268.28162076502
2,2025-02-17,8:00-12:00,6010.11373359375,4143.184666666666,1229.8268261030414,1268.28162076502
2,2025-02-17,12:00-16:00,2407.190553737919,758.7133096354166,1229.8268261030414,1268.28162076502
2,2025-02-17,16:00-20:00,128.66392290738418,6457.027656659642,1229.8268261030414,1268.28162076502
2,2025-02-17,20:00-24:00,795.5466468822337,3351.3929681065188,1229.8268261030414,1268.28162076502
2,2025-02-18,0:00-4:00,8424.076747265626,101.46294348958327,1268.28162076502,1354.7449461522815
2,2025-02-18,4:00-8:00,2703.2925223632546,5244.792956508396,1268.28162076502,1354.7449461522815
2,2025-02-18,8:00-12:00,5518.6310127604165,4412.2062000000005,1268.28162076502,1354.7449461522815
2,2025-02-18,12:00-16:00,5089.006223502604,1068.457808398439,1268.28162076502,1354.7449461522815
2,2025-02-18,16:00-20:00,38.93578431396486,6341.604901334759,1268.28162076502,1354.7449461522815
2,2025-02-18,20:00-24:00,836.483894212963,3098.8324435569643,1268.28162076502,1354.7449461522815
2,2025-02-19,0:00-4:00,8147.738167385458,202.3965726562501,1354.7449461522815,1200.0
2,2025-02-19,4:00-8:00,2714.7878962076916,5457.1213835415,1354.7449461522815,1200.0
2,2025-02-19,8:00-12:00,5885.197910937501,4263.559446908479,1354.7449461522815,1200.0
2,2025-02-19,12:00-16:00,4994.874369700272,1051.104331770836,1354.7449461522815,1200.0
2,2025-02-19,16:00-20:00,181.65166312173187,6399.403684624679,1354.7449461522815,1200.0
2,2025-02-19,20:00-24:00,659.4542721715859,3098.552377942465,1354.7449461522815,1200.0
2,2025-02-20,0:00-4:00,8594.033796223957,82.62933697916685,1200.0,1246.443768492593
2,2025-02-20,4:00-8:00,3466.9942367973736,5357.908211754628,1200.0,1246.443768492593
2,2025-02-20,8:00-12:00,5180.408746875,5026.555466666667,1200.0,1246.443768492593
2,2025-02-20,12:00-16:00,4883.706120124476,338.17593333333343,1200.0,1246.443768492593
2,2025-02-20,16:00-20:00,0.0,6321.597576893835,1200.0,1246.443768492593
2,2025-02-20,20:00-24:00,733.3831647569447,3401.7465052049006,1200.0,1246.443768492593
2,2025-02-21,0:00-4:00,5971.648260562331,128.69249257812515,1246.443768492593,1200.0
2,2025-02-21,4:00-8:00,904.2640544265669,5851.759977799455,1246.443768492593,1200.0
2,2025-02-21,8:00-12:00,7218.217866666667,125.67031666666671,1246.443768492593,1200.0
2,2025-02-21,12:00-16:00,2760.783174857471,45.94605813802089,1246.443768492593,1200.0
2,2025-02-21,16:00-20:00,71.92635651764994,6302.834880110677,1246.443768492593,1200.0
2,2025-02-21,20:00-24:00,479.81441241319453,3255.145415073995,1246.443768492593,1200.0
2,2025-02-22,0:00-4:00,5629.514766987836,239.24746953124986,1200.0,1283.849420238254
2,2025-02-22,4:00-8:00,937.7631732421853,5507.687575976515,1200.0,1283.849420238254
2,2025-02-22,8:00-12:00,6503.709066666666,144.0951,1200.0,1283.849420238254
2,2025-02-22,12:00-16:00,3593.890556206311,133.05331985677088,1200.0,1283.849420238254
2,2025-02-22,16:00-20:00,45.1812775817871,6455.93671377767,1200.0,1283.849420238254
2,2025-02-22,20:00-24:00,709.8791717737271,3118.3774875392037,1200.0,1283.849420238254
2,2025-02-23,0:00-4:00,8436.937258398439,115.76814843749992,1283.849420238254,1229.1452160392168
2,2025-02-23,4:00-8:00,3468.189666227214,5438.404064970333,1283.849420238254,1229.1452160392168
2,2025-02-23,8:00-12:00,5835.876134505209,4936.355166666666,1283.849420238254,1229.1452160392168
2,2025-02-23,12:00-16:00,4355.738236390037,368.7266691406251,1283.849420238254,1229.1452160392168
2,2025-02-23,16:00-20:00,35.412582790347564,6265.597227565926,1283.849420238254,1229.1452160392168
2,2025-02-23,20:00-24:00,729.9306550347223,3502.9217680870893,1283.849420238254,1229.1452160392168
2,2025-02-24,0:00-4:00,8515.732123177084,5.835103125000046,1229.1452160392168,1303.2769200521825
2,2025-02-24,4:00-8:00,2720.808465010925,5103.848635524165,1229.1452160392168,1303.2769200521825
2,2025-02-24,8:00-12:00,6021.784294270834,3639.0998999999997,1229.1452160392168,1303.2769200521825
2,2025-02-24,12:00-16:00,3193.247120231238,683.5762263020832,1229.1452160392168,1303.2769200521825
2,2025-02-24,16:00-20:00,25.318347786498293,6459.296441131393,1229.1452160392168,1303.2769200521825
2,2025-02-24,20:00-24:00,744.7914494212963,3137.5298043723224,1229.1452160392168,1303.2769200521825
2,2025-02-25,0:00-4:00,8415.500593815104,192.7004594736287,1303.2769200521825,1209.8741934649051
2,2025-02-25,4:00-8:00,2632.4775161457947,6454.632330476681,1303.2769200521825,1209.8741934649051
2,2025-02-25,8:00-12:00,6362.003966666667,3066.2635666666665,1303.2769200521825,1209.8741934649051
2,2025-02-25,12:00-16:00,3814.6128812698107,379.15653333333364,1303.2769200521825,1209.8741934649051
2,2025-02-25,16:00-20:00,37.65423893209493,6272.370803083613,1303.2769200521825,1209.8741934649051
2,2025-02-25,20:00-24:00,640.8809919487849,3436.3030835722348,1303.2769200521825,1209.8741934649051
2,2025-02-26,0:00-4:00,8547.844450364335,103.92042545572906,1209.8741934649051,1486.1922199737487
2,2025-02-26,4:00-8:00,2646.910074186187,6698.6878581509345,1209.8741934649051,1486.1922199737487
2,2025-02-26,8:00-12:00,4629.913346913814,3282.038270910679,1209.8741934649051,1486.1922199737487
2,2025-02-26,12:00-16:00,4018.3733656539334,1052.4731799479168,1209.8741934649051,1486.1922199737487
2,2025-02-26,16:00-20:00,112.15582796211925,6400.634449704476,1209.8741934649051,1486.1922199737487
2,2025-02-26,20:00-24:00,956.2314807798034,1020.3932104052153,1209.8741934649051,1486.1922199737487
2,2025-02-27,0:00-4:00,8303.47286017336,113.23642695312503,1486.1922199737487,1375.192405993922
2,2025-02-27,4:00-8:00,2518.3578609989872,6706.560078806598,1486.1922199737487,1375.192405993922
2,2025-02-27,8:00-12:00,6215.262133333334,3191.356922416485,1486.1922199737487,1375.192405993922
2,2025-02-27,12:00-16:00,4507.692008835111,543.2990666666667,1486.1922199737487,1375.192405993922
2,2025-02-27,16:00-20:00,0.5878307290832936,6364.046223235633,1486.1922199737487,1375.192405993922
2,2025-02-27,20:00-24:00,839.3562319372107,3333.060984937244,1486.1922199737487,1375.192405993922
2,2025-02-28,0:00-4:00,5351.552763628091,139.8604416015625,1375.192405993922,1328.6410439068136
2,2025-02-28,4:00-8:00,914.798310546875,5404.435168684375,1375.192405993922,1328.6410439068136
2,2025-02-28,8:00-12:00,8612.8429,45.65338333333337,1375.192405993922,1328.6410439068136
2,2025-02-28,12:00-16:00,1266.479965150018,0.0,1375.192405993922,1328.6410439068136
2,2025-02-28,16:00-20:00,57.142364638773586,6492.4572110828685,1375.192405993922,1328.6410439068136
2,2025-02-28,20:00-24:00,613.4053654947916,3096.355797524096,1375.192405993922,1328.6410439068136
2,2025-03-01,0:00-4:00,5538.235841440455,32.059759635416754,1328.6410439068136,1290.9464748900823
2,2025-03-01,4:00-8:00,1337.1698623697298,4696.125766666667,1328.6410439068136,1290.9464748900823
2,2025-03-01,8:00-12:00,6449.632250000001,27.876399999999954,1328.6410439068136,1290.9464748900823
2,2025-03-01,12:00-16:00,1943.164243732971,65.47661341145832,1328.6410439068136,1290.9464748900823
2,2025-03-01,16:00-20:00,58.83324151407879,6538.971553190105,1328.6410439068136,1290.9464748900823
2,2025-03-01,20:00-24:00,580.6331393301504,2992.1518356983806,1328.6410439068136,1290.9464748900823
2,2025-03-02,0:00-4:00,8635.924229361979,20.2792496093748,1290.9464748900823,1272.7525016599063
2,2025-03-02,4:00-8:00,3420.3995220168968,4083.655027468528,1290.9464748900823,1272.7525016599063
2,2025-03-02,8:00-12:00,5555.341390234376,4084.2152000000006,1290.9464748900823,1272.7525016599063
2,2025-03-02,12:00-16:00,2285.233294255757,2756.213331380208,1290.9464748900823,1272.7525016599063
2,2025-03-02,16:00-20:00,113.10372565104183,6442.634884081932,1290.9464748900823,1272.7525016599063
2,2025-03-02,20:00-24:00,796.1860204427079,1355.8319897550873,1290.9464748900823,1272.7525016599063
2,2025-03-03,0:00-4:00,8500.697058658856,121.86310963541655,1272.7525016599063,1252.5277267484137
2,2025-03-03,4:00-8:00,2676.494566459527,4749.66349299703,1272.7525016599063,1252.5277267484137
2,2025-03-03,8:00-12:00,5862.722487369792,5256.964943190246,1272.7525016599063,1252.5277267484137
2,2025-03-03,12:00-16:00,5700.621044063694,1347.2222360677085,1272.7525016599063,1252.5277267484137
2,2025-03-03,16:00-20:00,154.6193405618667,6458.989295400288,1272.7525016599063,1252.5277267484137
2,2025-03-03,20:00-24:00,760.8715168185767,3374.9072414137577,1272.7525016599063,1252.5277267484137
2,2025-03-04,0:00-4:00,8607.954668815104,75.00471204427095,1252.5277267484137,1200.0
2,2025-03-04,4:00-8:00,3723.3467055274577,4081.2228271057124,1252.5277267484137,1200.0
2,2025-03-04,8:00-12:00,6073.119730989583,4370.5409666666665,1252.5277267484137,1200.0
2,2025-03-04,12:00-16:00,1976.0029947243004,758.0857,1252.5277267484137,1200.0
2,2025-03-04,16:00-20:00,57.37643024269218,6210.302443236144,1252.5277267484137,1200.0
2,2025-03-04,20:00-24:00,161.72955963541676,3094.2526089390876,1252.5277267484137,1200.0
2,2025-03-05,0:00-4:00,8782.02916074219,0.0,1200.0,1211.9656753908873
2,2025-03-05,4:00-8:00,3181.835712587638,4718.840657407085,1200.0,1211.9656753908873
2,2025-03-05,8:00-12:00,6158.2604833333335,3157.904783333333,1200.0,1211.9656753908873
2,2025-03-05,12:00-16:00,1690.3436722075987,847.1170239583354,1200.0,1211.9656753908873
2,2025-03-05,16:00-20:00,49.499052760596534,6295.4992512283025,1200.0,1211.9656753908873
2,2025-03-05,20:00-24:00,735.4227490306713,3506.938395275545,1200.0,1211.9656753908873
2,2025-03-06,0:00-4:00,8559.144413606771,52.778323893229185,1211.9656753908873,1200.0
2,2025-03-06,4:00-8:00,2754.149353760602,5085.831171446188,1211.9656753908873,1200.0
2,2025-03-06,8:00-12:00,6163.759734635418,3131.026966666667,1211.9656753908873,1200.0
2,2025-03-06,12:00-16:00,2555.5083203749587,971.3773656250005,1211.9656753908873,1200.0
2,2025-03-06,16:00-20:00,109.43224868020991,6510.037878373231,1211.9656753908873,1200.0
2,2025-03-06,20:00-24:00,708.0817499565972,3025.3681693020158,1211.9656753908873,1200.0
2,2025-03-07,0:00-4:00,4882.64005133147,42.818907291666676,1200.0,1311.8216159101723
2,2025-03-07,4:00-8:00,1306.7851285157508,4137.681683333333,1200.0,1311.8216159101723
2,2025-03-07,8:00-12:00,8574.863988941594,0.0,1200.0,1311.8216159101723
2,2025-03-07,12:00-16:00,0.0,56.22193470052094,1200.0,1311.8216159101723
2,2025-03-07,16:00-20:00,64.38859882269786,6293.941067914022,1200.0,1311.8216159101723
2,2025-03-07,20:00-24:00,569.05466775897,3221.21229921889,1200.0,1311.8216159101723
2,2025-03-08,0:00-4:00,3824.1749676843438,238.86671575520825,1311.8216159101723,1289.9426725544165
2,2025-03-08,4:00-8:00,847.6783565104167,4071.8845753950795,1311.8216159101723,1289.9426725544165
2,2025-03-08,8:00-12:00,9730.278433333335,0.0,1311.8216159101723,1289.9426725544165
2,2025-03-08,12:00-16:00,389.01007920548017,0.0,1311.8216159101723,1289.9426725544165
2,2025-03-08,16:00-20:00,118.15741202143876,6409.690083688839,1311.8216159101723,1289.9426725544165
2,2025-03-08,20:00-24:00,549.7181445963541,3213.4304673177085,1311.8216159101723,1289.9426725544165
2,2025-03-09,0:00-4:00,8396.214507912047,202.15985312500027,1289.9426725544165,1305.9218152957956
2,2025-03-09,4:00-8:00,2661.5098764375593,6703.094634425464,1289.9426725544165,1305.9218152957956
2,2025-03-09,8:00-12:00,5687.803600429437,3132.024569598584,1289.9426725544165,1305.9218152957956
2,2025-03-09,12:00-16:00,4943.773594618055,636.0169755859372,1289.9426725544165,1305.9218152957956
2,2025-03-09,16:00-20:00,269.1441271122686,6268.264612971993,1289.9426725544165,1305.9218152957956
2,2025-03-09,20:00-24:00,743.6505038700814,3475.166797798617,1289.9426725544165,1305.9218152957956
2,2025-03-10,0:00-4:00,8407.234698242188,108.61140510444045,1305.9218152957956,1271.1899490412816
2,2025-03-10,4:00-8:00,2477.1828111328127,6771.629541538994,1305.9218152957956,1271.1899490412816
2,2025-03-10,8:00-12:00,4287.176217226314,3054.1044021977095,1305.9218152957956,1271.1899490412816
2,2025-03-10,12:00-16:00,2997.7524983506955,544.9706427734375,1305.9218152957956,1271.1899490412816
2,2025-03-10,16:00-20:00,90.89758388671885,6055.389693410585,1305.9218152957956,1271.1899490412816
2,2025-03-10,20:00-24:00,892.0505184895836,735.3087509960936,1305.9218152957956,1271.1899490412816
2,2025-03-11,0:00-4:00,8578.91699843291,40.06433313802086,1271.1899490412816,1505.863224713362
2,2025-03-11,4:00-8:00,2424.4693702040586,5799.637293074642,1271.1899490412816,1505.863224713362
2,2025-03-11,8:00-12:00,6348.674500000001,2513.693883333333,1271.1899490412816,1505.863224713362
2,2025-03-11,12:00-16:00,2642.826002794099,843.7236241536457,1271.1899490412816,1505.863224713362
2,2025-03-11,16:00-20:00,41.08271700014677,6634.94467701373,1271.1899490412816,1505.863224713362
2,2025-03-11,20:00-24:00,1019.6951573278359,2895.403843340865,1271.1899490412816,1505.863224713362
2,2025-03-12,0:00-4:00,8152.829460325271,285.601196484375,1505.863224713362,1242.0311043333706
2,2025-03-12,4:00-8:00,2255.7779228195022,6951.630088216146,1505.863224713362,1242.0311043333706
2,2025-03-12,8:00-12:00,6571.156253077006,2414.235483333334,1505.863224713362,1242.0311043333706
2,2025-03-12,12:00-16:00,3987.1347117915698,401.54941666666673,1505.863224713362,1242.0311043333706
2,2025-03-12,16:00-20:00,32.08141745198566,6358.589185546371,1505.863224713362,1242.0311043333706
2,2025-03-12,20:00-24:00,739.0095446686922,3402.87813496748,1505.863224713362,1242.0311043333706
2,2025-03-13,0:00-4:00,8423.846437148188,110.63947532552095,1242.0311043333706,1253.4825078895344
2,2025-03-13,4:00-8:00,1800.4889594177907,6865.713856836014,1242.0311043333706,1253.4825078895344
2,2025-03-13,8:00-12:00,3095.9094884502697,2278.4938314275328,1242.0311043333706,1253.4825078895344
2,2025-03-13,12:00-16:00,3575.7116900245933,491.45698333333314,1242.0311043333706,1253.4825078895344
2,2025-03-13,16:00-20:00,250.22109905497246,5725.129966443523,1242.0311043333706,1253.4825078895344
2,2025-03-13,20:00-24:00,748.2734343315974,622.7081289257814,1242.0311043333706,1253.4825078895344
2,2025-03-14,0:00-4:00,3274.1276186643236,272.30283196614573,1253.4825078895344,1263.7978652825072
2,2025-03-14,4:00-8:00,892.6186229732493,3512.691497480325,1253.4825078895344,1263.7978652825072
2,2025-03-14,8:00-12:00,10101.716012538815,0.0,1253.4825078895344,1263.7978652825072
2,2025-03-14,12:00-16:00,0.0,45.43714876302086,1253.4825078895344,1263.7978652825072
2,2025-03-14,16:00-20:00,81.0703094256365,6561.660209374653,1253.4825078895344,1263.7978652825072
2,2025-03-14,20:00-24:00,738.6824623842593,3177.515828531373,1253.4825078895344,1263.7978652825072
2,2025-03-15,0:00-4:00,3373.6610012071396,153.92092701822924,1263.7978652825072,1200.0
2,2025-03-15,4:00-8:00,984.7195115885215,3807.398128742661,1263.7978652825072,1200.0
2,2025-03-15,8:00-12:00,7808.677833333334,0.0,1263.7978652825072,1200.0
2,2025-03-15,12:00-16:00,2286.4469292054796,0.0,1263.7978652825072,1200.0
2,2025-03-15,16:00-20:00,2.041312711588489,6483.081340351855,1263.7978652825072,1200.0
2,2025-03-15,20:00-24:00,452.5795573278358,3033.4371039685593,1263.7978652825072,1200.0
2,2025-03-16,0:00-4:00,8421.03658343725,82.79673600260412,1200.0,1200.0
2,2025-03-16,4:00-8:00,2611.132535756342,6476.717089051821,1200.0,1200.0
2,2025-03-16,8:00-12:00,6314.238468489583,2268.289416666667,1200.0,1200.0
2,2025-03-16,12:00-16:00,3137.748990729192,871.3965186848959,1200.0,1200.0
2,2025-03-16,16:00-20:00,121.07623128255193,6432.428711155404,1200.0,1200.0
2,2025-03-16,20:00-24:00,689.6508244936346,3033.766799208306,1200.0,1200.0
2,2025-03-17,0:00-4:00,8519.673197890375,105.24871653645869,1200.0,1493.614554139825
2,2025-03-17,4:00-8:00,2226.5477453912135,6484.777977083309,1200.0,1493.614554139825
2,2025-03-17,8:00-12:00,6953.849917057292,1631.6283999999996,1200.0,1493.614554139825
2,2025-03-17,12:00-16:00,1605.6871504999672,46.72663339843748,1200.0,1493.614554139825
2,2025-03-17,16:00-20:00,139.56793143491177,6261.48790708008,1200.0,1493.614554139825
2,2025-03-17,20:00-24:00,963.9832848596643,3559.961446744792,1200.0,1493.614554139825
2,2025-03-18,0:00-4:00,8228.79017030482,112.11277037760419,1493.614554139825,1200.0
2,2025-03-18,4:00-8:00,1756.4805134095727,7692.807101639354,1493.614554139825,1200.0
2,2025-03-18,8:00-12:00,3816.310859934648,1460.3709669029981,1493.614554139825,1200.0
2,2025-03-18,12:00-16:00,4764.363402929687,277.06668984375017,1493.614554139825,1200.0
2,2025-03-18,16:00-20:00,176.2160686848958,6393.338480304908,1493.614554139825,1200.0
2,2025-03-18,20:00-24:00,868.5114119140624,1992.4563989682997,1493.614554139825,1200.0
2,2025-03-19,0:00-4:00,8514.644984739334,45.27901608072921,1200.0,1608.4814598946982
2,2025-03-19,4:00-8:00,2569.8354867115113,6295.655340862562,1200.0,1608.4814598946982
2,2025-03-19,8:00-12:00,5595.2219310283945,3034.7983166666663,1200.0,1608.4814598946982
2,2025-03-19,12:00-16:00,4132.247461763058,445.3653165364584,1200.0,1608.4814598946982
2,2025-03-19,16:00-20:00,300.4537358559694,6093.898034833659,1200.0,1608.4814598946982
2,2025-03-19,20:00-24:00,881.4107453197336,3491.917347330729,1200.0,1608.4814598946982
2,2025-03-20,0:00-4:00,7977.972697531261,217.69937760416644,1608.4814598946982,1376.3776084388621
2,2025-03-20,4:00-8:00,2577.307068775444,6445.6913840514735,1608.4814598946982,1376.3776084388621
2,2025-03-20,8:00-12:00,4181.765991835688,2777.3772166666668,1608.4814598946982,1376.3776084388621
2,2025-03-20,12:00-16:00,4319.553868229166,670.1993594401042,1608.4814598946982,1376.3776084388621
2,2025-03-20,16:00-20:00,104.14768995361317,6543.242858523167,1608.4814598946982,1376.3776084388621
2,2025-03-20,20:00-24:00,924.5585838686346,1642.758161178203,1608.4814598946982,1376.3776084388621
2,2025-03-21,0:00-4:00,2893.731173938441,382.68342871093733,1376.3776084388621,1205.7357212606369
2,2025-03-21,4:00-8:00,1159.8296412290272,3257.6884612158256,1376.3776084388621,1205.7357212606369
2,2025-03-21,8:00-12:00,9924.66702920548,0.0,1376.3776084388621,1205.7357212606369
2,2025-03-21,12:00-16:00,0.0,0.0,1376.3776084388621,1205.7357212606369
2,2025-03-21,16:00-20:00,26.835047600108716,6375.825659506765,1376.3776084388621,1205.7357212606369
2,2025-03-21,20:00-24:00,457.35557868923627,3161.8641824763386,1376.3776084388621,1205.7357212606369
2,2025-03-22,0:00-4:00,3319.4084194462544,131.2768918619792,1205.7357212606369,1467.8717012005488
2,2025-03-22,4:00-8:00,920.045808546575,3421.89562845281,1205.7357212606369,1467.8717012005488
2,2025-03-22,8:00-12:00,9821.757770493263,0.0,1205.7357212606369,1467.8717012005488
2,2025-03-22,12:00-16:00,0.0,33.570000000000014,1205.7357212606369,1467.8717012005488
2,2025-03-22,16:00-20:00,40.37894664713545,6401.058111555989,1205.7357212606369,1467.8717012005488
2,2025-03-22,20:00-24:00,703.6283999204284,3088.2127526904114,1205.7357212606369,1467.8717012005488
2,2025-03-23,0:00-4:00,8295.626632000487,121.38330677083354,1467.8717012005488,1351.545520280383
2,2025-03-23,4:00-8:00,2200.9746009215633,6789.481713282708,1467.8717012005488,1351.545520280383
2,2025-03-23,8:00-12:00,5583.45640407527,2550.7722333333336,1467.8717012005488,1351.545520280383
2,2025-03-23,12:00-16:00,4274.120221212826,3.8885666666666716,1467.8717012005488,1351.545520280383
2,2025-03-23,16:00-20:00,39.04223554509474,6539.609375233731,1467.8717012005488,1351.545520280383
2,2025-03-23,20:00-24:00,793.5061028718167,3173.2750866420474,1467.8717012005488,1351.545520280383
2,2025-03-24,0:00-4:00,8425.21447126277,100.18207981770831,1351.545520280383,1200.0
2,2025-03-24,4:00-8:00,1781.056136919381,6686.678069855507,1351.545520280383,1200.0
2,2025-03-24,8:00-12:00,5827.372112278394,2436.6965833333334,1351.545520280383,1200.0
2,2025-03-24,12:00-16:00,4174.299157658462,953.5902530164929,1351.545520280383,1200.0
2,2025-03-24,16:00-20:00,25.944747916666756,6392.423766253274,1351.545520280383,1200.0
2,2025-03-24,20:00-24:00,724.2808225332752,2436.548655420113,1351.545520280383,1200.0
2,2025-03-25,0:00-4:00,8376.08520902319,216.68781855468762,1200.0,1258.9802765540735
2,2025-03-25,4:00-8:00,1775.0122589350308,6905.05422141055,1200.0,1258.9802765540735
2,2025-03-25,8:00-12:00,2495.107197174231,2014.2456811971606,1200.0,1258.9802765540735
2,2025-03-25,12:00-16:00,5996.847473292826,174.29250442708326,1200.0,1258.9802765540735
2,2025-03-25,16:00-20:00,119.91783983815503,6626.243260275902,1200.0,1258.9802765540735
2,2025-03-25,20:00-24:00,807.830212883391,1621.24308288551,1200.0,1258.9802765540735
2,2025-03-26,0:00-4:00,8420.731296067459,128.89341679687493,1258.9802765540735,1200.0
2,2025-03-26,4:00-8:00,1633.275438623238,6506.864265138278,1258.9802765540735,1200.0
2,2025-03-26,8:00-12:00,6808.338451601315,2230.9748333333328,1258.9802765540735,1200.0
2,2025-03-26,12:00-16:00,3046.697672899278,0.0,1258.9802765540735,1200.0
2,2025-03-26,16:00-20:00,28.49295273056032,6352.543434857601,1258.9802765540735,1200.0
2,2025-03-26,20:00-24:00,752.0598595341435,3457.3137574655666,1258.9802765540735,1200.0
2,2025-03-27,0:00-4:00,8562.005134413812,207.52396855468749,1200.0,1259.0558992332162
2,2025-03-27,4:00-8:00,1675.2621085280487,6689.514855983194,1200.0,1259.0558992332162
2,2025-03-27,8:00-12:00,3144.2144500000013,2316.50169410979,1200.0,1259.0558992332162
2,2025-03-27,12:00-16:00,4429.487208372147,290.46514499421346,1200.0,1259.0558992332162
2,2025-03-27,16:00-20:00,77.70924078939754,6595.804664251176,1200.0,1259.0558992332162
2,2025-03-27,20:00-24:00,720.8741964626735,592.7614315625002,1200.0,1259.0558992332162
2,2025-03-28,0:00-4:00,2843.948534660339,210.42519296875008,1259.0558992332162,1346.4098139080836
2,2025-03-28,4:00-8:00,967.5877773429235,3271.7663330880932,1259.0558992332162,1346.4098139080836
2,2025-03-28,8:00-12:00,10114.603512538813,0.0,1259.0558992332162,1346.4098139080836
2,2025-03-28,12:00-16:00,0.0,0.0,1259.0558992332162,1346.4098139080836
2,2025-03-28,16:00-20:00,0.0,6240.422982910157,1259.0558992332162,1346.4098139080836
2,2025-03-28,20:00-24:00,636.3714983723961,3300.7744817846487,1259.0558992332162,1346.4098139080836
2,2025-03-29,0:00-4:00,2768.278263672601,231.71979414062503,1346.4098139080836,1320.779514264819
2,2025-03-29,4:00-8:00,1050.7544878932792,2973.8477541017783,1346.4098139080836,1320.779514264819
2,2025-03-29,8:00-12:00,9707.667986658624,0.0,1346.4098139080836,1320.779514264819
2,2025-03-29,12:00-16:00,0.0,0.0,1346.4098139080836,1320.779514264819
2,2025-03-29,16:00-20:00,43.4569639973958,6666.271670377944,1346.4098139080836,1320.779514264819
2,2025-03-29,20:00-24:00,536.6570448929399,2848.6090909786053,1346.4098139080836,1320.779514264819
2,2025-03-30,0:00-4:00,8220.993569694732,206.11528906249987,1320.779514264819,1200.0
2,2025-03-30,4:00-8:00,1665.6236606775146,7213.971926366711,1320.779514264819,1200.0
2,2025-03-30,8:00-12:00,3510.8636166666665,1592.4497998354946,1320.779514264819,1200.0
2,2025-03-30,12:00-16:00,4634.495270963542,479.6828225260415,1320.779514264819,1200.0
2,2025-03-30,16:00-20:00,726.4699206787107,6219.527631306378,1320.779514264819,1200.0
2,2025-03-30,20:00-24:00,791.8659139684605,1998.1147962172204,1320.779514264819,1200.0
2,2025-03-31,0:00-4:00,8366.041094700271,62.002473893229194,1200.0,1452.8048985934265
2,2025-03-31,4:00-8:00,1802.325793888279,6831.106467215992,1200.0,1452.8048985934265
2,2025-03-31,8:00-12:00,4025.624840273185,1297.1399833333332,1200.0,1452.8048985934265
2,2025-03-31,12:00-16:00,3817.9858824942135,702.4078468098958,1200.0,1452.8048985934265
2,2025-03-31,16:00-20:00,99.37552668355318,6713.528295345395,1200.0,1452.8048985934265
2,2025-03-31,20:00-24:00,930.1315595630789,1291.3193762835326,1200.0,1452.8048985934265
2,2025-04-01,0:00-4:00,8182.345043919021,260.74557701822937,1452.8048985934265,1384.515211755721
2,2025-04-01,4:00-8:00,1654.7561492187501,7024.827982040489,1452.8048985934265,1384.515211755721
2,2025-04-01,8:00-12:00,3003.542254515133,1632.0572833333335,1452.8048985934265,1384.515211755721
2,2025-04-01,12:00-16:00,4575.400318945313,284.9970506510416,1452.8048985934265,1384.515211755721
2,2025-04-01,16:00-20:00,292.04474201202413,6253.820954091161,1452.8048985934265,1384.515211755721
2,2025-04-01,20:00-24:00,928.6851852213541,1381.4327626462118,1452.8048985934265,1384.515211755721
2,2025-04-02,0:00-4:00,8224.22621154055,160.63581178385414,1384.515211755721,1318.4206382308766
2,2025-04-02,4:00-8:00,1632.9033333333336,7665.457575080521,1384.515211755721,1318.4206382308766
2,2025-04-02,8:00-12:00,4599.341474487528,1220.3697031510246,1384.515211755721,1318.4206382308766
2,2025-04-02,12:00-16:00,5519.947038051285,0.0,1384.515211755721,1318.4206382308766
2,2025-04-02,16:00-20:00,0.0,6238.888126612152,1384.515211755721,1318.4206382308766
2,2025-04-02,20:00-24:00,854.7011204933447,3525.358861482675,1384.515211755721,1318.4206382308766
2,2025-04-03,0:00-4:00,8316.194566018268,93.90455468749974,1318.4206382308766,1282.5401970310395
2,2025-04-03,4:00-8:00,2402.390330014482,6254.184675776336,1318.4206382308766,1282.5401970310395
2,2025-04-03,8:00-12:00,6930.796772174229,2262.297733333334,1318.4206382308766,1282.5401970310395
2,2025-04-03,12:00-16:00,1912.177157846332,665.0519997251155,1318.4206382308766,1282.5401970310395
2,2025-04-03,16:00-20:00,17.92532656249989,6670.1276195102855,1318.4206382308766,1282.5401970310395
2,2025-04-03,20:00-24:00,852.9648285879629,2477.676675343807,1318.4206382308766,1282.5401970310395
2,2025-04-04,0:00-4:00,2697.660195108372,168.6479503255287,1282.5401970310395,1292.690312054822
2,2025-04-04,4:00-8:00,1048.71758046875,2998.413543763635,1282.5401970310395,1292.690312054822
2,2025-04-04,8:00-12:00,9804.862945570603,0.0,1282.5401970310395,1292.690312054822
2,2025-04-04,12:00-16:00,0.0,0.0,1282.5401970310395,1292.690312054822
2,2025-04-04,16:00-20:00,2.6057366210937403,6359.810885609128,1282.5401970310395,1292.690312054822
2,2025-04-04,20:00-24:00,611.0036850115744,3211.8635042077035,1282.5401970310395,1292.690312054822
2,2025-04-05,0:00-4:00,2348.0059551907,299.61131028645906,1292.690312054822,1217.5601185824296
2,2025-04-05,4:00-8:00,1215.4971249431292,2577.9472782552084,1292.690312054822,1217.5601185824296
2,2025-04-05,8:00-12:00,9655.368585298505,0.0,1292.690312054822,1217.5601185824296
2,2025-04-05,12:00-16:00,0.0,0.0,1292.690312054822,1217.5601185824296
2,2025-04-05,16:00-20:00,8.152451660156274,6584.864798655744,1292.690312054822,1217.5601185824296
2,2025-04-05,20:00-24:00,546.8457104528358,3005.334217319942,1292.690312054822,1217.5601185824296
2,2025-04-06,0:00-4:00,8490.144867682051,90.32825579427072,1217.5601185824296,1319.2772143245675
2,2025-04-06,4:00-8:00,1757.1070093145054,7266.556561457412,1217.5601185824296,1319.2772143245675
2,2025-04-06,8:00-12:00,6107.8718259218585,1729.0060333333333,1217.5601185824296,1319.2772143245675
2,2025-04-06,12:00-16:00,3910.953338554559,62.87781666666675,1217.5601185824296,1319.2772143245675
2,2025-04-06,16:00-20:00,150.47904108565922,6397.605648138336,1217.5601185824296,1319.2772143245675
2,2025-04-06,20:00-24:00,804.222353240741,3455.8289669726487,1217.5601185824296,1319.2772143245675
2,2025-04-07,0:00-4:00,8332.123210091146,223.7758559895766,1319.2772143245675,1200.0
2,2025-04-07,4:00-8:00,1725.933827800552,6862.077866406526,1319.2772143245675,1200.0
2,2025-04-07,8:00-12:00,5582.919819531249,1375.9573333333337,1319.2772143245675,1200.0
2,2025-04-07,12:00-16:00,3919.5292118001908,148.44104635416656,1319.2772143245675,1200.0
2,2025-04-07,16:00-20:00,64.57981148726887,6349.820627576157,1319.2772143245675,1200.0
2,2025-04-07,20:00-24:00,714.6641618778934,3458.8586097374186,1319.2772143245675,1200.0
2,2025-04-08,0:00-4:00,8676.756181809651,41.6942745442708,1200.0,1200.0
2,2025-04-08,4:00-8:00,1528.21235322612,7305.9647623696565,1200.0,1200.0
2,2025-04-08,8:00-12:00,3916.667666666667,1836.812644618265,1200.0,1200.0
2,2025-04-08,12:00-16:00,6196.929840552662,66.31186692708353,1200.0,1200.0
2,2025-04-08,16:00-20:00,46.53631805826825,6698.435490751679,1200.0,1200.0
2,2025-04-08,20:00-24:00,700.7840173321758,3010.078700670033,1200.0,1200.0
2,2025-04-09,0:00-4:00,8472.998988320063,71.85233274739471,1200.0,1200.0
2,2025-04-09,4:00-8:00,1736.728220109951,6881.634797889749,1200.0,1200.0
2,2025-04-09,8:00-12:00,2190.640115885417,1897.9170833333335,1200.0,1200.0
2,2025-04-09,12:00-16:00,3308.54206279923,783.5119907552087,1200.0,1200.0
2,2025-04-09,16:00-20:00,438.10147855771373,4897.393574379455,1200.0,1200.0
2,2025-04-09,20:00-24:00,735.2584205078125,661.7325784570307,1200.0,1200.0
2,2025-04-10,0:00-4:00,8511.27972249975,108.81227955729184,1200.0,1419.4450553403344
2,2025-04-10,4:00-8:00,1721.305247995429,6947.244722752737,1200.0,1419.4450553403344
2,2025-04-10,8:00-12:00,6086.270483333334,1971.0340333333338,1200.0,1419.4450553403344
2,2025-04-10,12:00-16:00,3904.879061276997,102.84408899739572,1200.0,1419.4450553403344
2,2025-04-10,16:00-20:00,42.72053673502603,6781.569858047152,1200.0,1419.4450553403344
2,2025-04-10,20:00-24:00,905.1847175564236,2934.786950928207,1200.0,1419.4450553403344
2,2025-04-11,0:00-4:00,2085.076924211516,267.73562311197907,1419.4450553403344,1200.0
2,2025-04-11,4:00-8:00,1233.5187085035743,2581.0330701727476,1419.4450553403344,1200.0
2,2025-04-11,8:00-12:00,9734.676029205482,0.0,1419.4450553403344,1200.0
2,2025-04-11,12:00-16:00,0.0,0.0,1419.4450553403344,1200.0
2,2025-04-11,16:00-20:00,18.307891086842915,6471.665833333334,1419.4450553403344,1200.0
2,2025-04-11,20:00-24:00,520.3569603226273,3120.4921942201213,1419.4450553403344,1200.0
2,2025-04-12,0:00-4:00,2046.0020302309385,166.68940683593758,1200.0,1255.2449979288522
2,2025-04-12,4:00-8:00,1503.8725030597102,2054.022460739835,1200.0,1255.2449979288522
2,2025-04-12,8:00-12:00,9036.871609887912,0.0,1200.0,1255.2449979288522
2,2025-04-12,12:00-16:00,0.0,0.0,1200.0,1255.2449979288522
2,2025-04-12,16:00-20:00,45.17798312174484,6353.438352166793,1200.0,1255.2449979288522
2,2025-04-12,20:00-24:00,603.7524348958334,3285.548678498023,1200.0,1255.2449979288522
2,2025-04-13,0:00-4:00,8435.706444266245,86.4033286458332,1255.2449979288522,1307.5437769069956
2,2025-04-13,4:00-8:00,1788.2632694437916,6855.925709244204,1255.2449979288522,1307.5437769069956
2,2025-04-13,8:00-12:00,3287.53755,1701.5809833333333,1255.2449979288522,1307.5437769069956
2,2025-04-13,12:00-16:00,6070.728363561559,68.6837735677083,1255.2449979288522,1307.5437769069956
2,2025-04-13,16:00-20:00,22.925615250142528,6548.333742488183,1255.2449979288522,1307.5437769069956
2,2025-04-13,20:00-24:00,792.1435783420137,3047.0318233731105,1255.2449979288522,1307.5437769069956
2,2025-04-14,0:00-4:00,8235.323835585688,105.6385871093753,1307.5437769069956,1334.7657321273327
2,2025-04-14,4:00-8:00,1752.3369661673498,6821.65472878054,1307.5437769069956,1334.7657321273327
2,2025-04-14,8:00-12:00,3922.453316666667,1491.0586000000003,1307.5437769069956,1334.7657321273327
2,2025-04-14,12:00-16:00,5451.50385441057,1.769583333333382,1307.5437769069956,1334.7657321273327
2,2025-04-14,16:00-20:00,32.89238393859853,6448.233498537185,1307.5437769069956,1334.7657321273327
2,2025-04-14,20:00-24:00,883.0237535445603,3355.600687263841,1307.5437769069956,1334.7657321273327
2,2025-04-15,0:00-4:00,8410.922761171625,98.83752812500006,1334.7657321273327,1491.7226049931971
2,2025-04-15,4:00-8:00,1678.3665295789929,6383.692738151041,1334.7657321273327,1491.7226049931971
2,2025-04-15,8:00-12:00,6097.820370047561,845.3337500000001,1334.7657321273327,1491.7226049931971
2,2025-04-15,12:00-16:00,1932.1944262487348,688.7894302083338,1334.7657321273327,1491.7226049931971
2,2025-04-15,16:00-20:00,135.72025958557117,6585.7742140153105,1334.7657321273327,1491.7226049931971
2,2025-04-15,20:00-24:00,967.6509868055557,2549.0777757924707,1334.7657321273327,1491.7226049931971
2,2025-04-16,0:00-4:00,6637.1222847656245,196.31620631510418,1491.7226049931971,1224.1533011548997
2,2025-04-16,4:00-8:00,1292.1634148486687,6545.907437176864,1491.7226049931971,1224.1533011548997
2,2025-04-16,8:00-12:00,2086.5597166666666,670.8858491817278,1491.7226049931971,1224.1533011548997
2,2025-04-16,12:00-16:00,3924.75887578125,205.2577373697915,1491.7226049931971,1224.1533011548997
2,2025-04-16,16:00-20:00,232.5219966674805,5414.198792834065,1491.7226049931971,1224.1533011548997
2,2025-04-16,20:00-24:00,809.0283640335649,705.2116942317708,1491.7226049931971,1224.1533011548997
2,2025-04-17,0:00-4:00,8476.01212219593,117.42617460937504,1224.1533011548997,1377.7290248779007
2,2025-04-17,4:00-8:00,1756.9319565320604,6421.396651692655,1224.1533011548997,1377.7290248779007
2,2025-04-17,8:00-12:00,4894.190698444735,1400.99385,1224.1533011548997,1377.7290248779007
2,2025-04-17,12:00-16:00,3875.3629034071178,77.98540833333311,1224.1533011548997,1377.7290248779007
2,2025-04-17,16:00-20:00,34.61473032226604,6571.732578971418,1224.1533011548997,1377.7290248779007
2,2025-04-17,20:00-24:00,958.1998580656829,3260.5516543821986,1224.1533011548997,1377.7290248779007
2,2025-04-18,0:00-4:00,1684.5609445077405,378.0207707031346,1377.7290248779007,1743.1427431757554
2,2025-04-18,4:00-8:00,1450.7982837985223,2069.102315950823,1377.7290248779007,1743.1427431757554
2,2025-04-18,8:00-12:00,9515.612094425318,0.0,1377.7290248779007,1743.1427431757554
2,2025-04-18,12:00-16:00,0.0,0.0,1377.7290248779007,1743.1427431757554
2,2025-04-18,16:00-20:00,0.0,6213.460522187952,1377.7290248779007,1743.1427431757554
2,2025-04-18,20:00-24:00,898.7982412254053,3187.547107291666,1377.7290248779007,1743.1427431757554
2,2025-04-19,0:00-4:00,1021.2903718638047,251.31433580729174,1743.1427431757554,1339.9050001331816
2,2025-04-19,4:00-8:00,1052.1437489527227,1975.4453318357607,1743.1427431757554,1339.9050001331816
2,2025-04-19,8:00-12:00,9947.509079205482,0.0,1743.1427431757554,1339.9050001331816
2,2025-04-19,12:00-16:00,0.0,0.0,1743.1427431757554,1339.9050001331816
2,2025-04-19,16:00-20:00,0.0,6339.578741952173,1743.1427431757554,1339.9050001331816
2,2025-04-19,20:00-24:00,606.6625458043982,3181.051673616615,1743.1427431757554,1339.9050001331816
2,2025-04-20,0:00-4:00,8346.863359797204,157.13815996094138,1339.9050001331816,1254.4881878797448
2,2025-04-20,4:00-8:00,1649.852799274429,6460.995628580679,1339.9050001331816,1254.4881878797448
2,2025-04-20,8:00-12:00,4630.697237451169,1957.411816666667,1339.9050001331816,1254.4881878797448
2,2025-04-20,12:00-16:00,4875.01546964733,2.0062500000000605,1339.9050001331816,1254.4881878797448
2,2025-04-20,16:00-20:00,16.359595768229156,6517.248334785869,1339.9050001331816,1254.4881878797448
2,2025-04-20,20:00-24:00,863.6796105975113,3330.4545784456723,1339.9050001331816,1254.4881878797448
2,2025-04-21,0:00-4:00,8451.356327585108,132.57529283854524,1254.4881878797448,1260.0469136735337
2,2025-04-21,4:00-8:00,1596.3234703613282,5940.2003516276645,1254.4881878797448,1260.0469136735337
2,2025-04-21,8:00-12:00,4055.866116666667,1148.3090333333332,1254.4881878797448,1260.0469136735337
2,2025-04-21,12:00-16:00,4058.744067406396,69.30867851562486,1254.4881878797448,1260.0469136735337
2,2025-04-21,16:00-20:00,73.6108561197916,6167.0681946295135,1254.4881878797448,1260.0469136735337
2,2025-04-21,20:00-24:00,707.8285605034722,3586.621437514795,1254.4881878797448,1260.0469136735337
2,2025-04-22,0:00-4:00,6507.321114595991,244.10673124998743,1260.0469136735337,1200.0
2,2025-04-22,4:00-8:00,874.1936465483825,6412.244771376576,1260.0469136735337,1200.0
2,2025-04-22,8:00-12:00,4090.283416666666,43.97728650493255,1260.0469136735337,1200.0
2,2025-04-22,12:00-16:00,3408.8338266927085,573.6553006510417,1260.0469136735337,1200.0
2,2025-04-22,16:00-20:00,193.56917581380202,6274.438969954064,1260.0469136735337,1200.0
2,2025-04-22,20:00-24:00,725.1445505931716,727.9536021846066,1260.0469136735337,1200.0
2,2025-04-23,0:00-4:00,8429.714771978917,89.39590019529999,1200.0,1387.527755067711
2,2025-04-23,4:00-8:00,1644.0905610661503,6059.195347296016,1200.0,1387.527755067711
2,2025-04-23,8:00-12:00,4226.415516666666,1185.8100666666664,1200.0,1387.527755067711
2,2025-04-23,12:00-16:00,3973.7807711507653,12.562120703124936,1200.0,1387.527755067711
2,2025-04-23,16:00-20:00,34.89364922598405,6257.772959652006,1200.0,1387.527755067711
2,2025-04-23,20:00-24:00,852.743585720486,3462.8341265613117,1200.0,1387.527755067711
2,2025-04-24,0:00-4:00,8114.7576853307,67.23439225260961,1387.527755067711,1200.0
2,2025-04-24,4:00-8:00,1717.7014917704819,5845.432797591233,1387.527755067711,1200.0
2,2025-04-24,8:00-12:00,4307.7928833333335,1077.02905,1387.527755067711,1200.0
2,2025-04-24,12:00-16:00,3547.6939973156336,34.507464192708255,1387.527755067711,1200.0
2,2025-04-24,16:00-20:00,40.856615080655786,6418.1848891523605,1387.527755067711,1200.0
2,2025-04-24,20:00-24:00,686.4774339626738,3309.267952078863,1387.527755067711,1200.0
2,2025-04-25,0:00-4:00,1493.7325799931236,100.0799831380209,1200.0,1221.6441940042134
2,2025-04-25,4:00-8:00,1392.797152305468,1714.140538087471,1200.0,1221.6441940042134
2,2025-04-25,8:00-12:00,9248.55935937966,0.0,1200.0,1221.6441940042134
2,2025-04-25,12:00-16:00,0.0,0.0,1200.0,1221.6441940042134
2,2025-04-25,16:00-20:00,0.0,6330.1806303511385,1200.0,1221.6441940042134
2,2025-04-25,20:00-24:00,487.374517541956,3195.282611369991,1200.0,1221.6441940042134
2,2025-04-26,0:00-4:00,1294.8847606210193,296.39076171875,1221.6441940042134,1213.0127911005634
2,2025-04-26,4:00-8:00,1784.110005405259,1702.4506370075226,1221.6441940042134,1213.0127911005634
2,2025-04-26,8:00-12:00,9238.413650262213,0.0,1221.6441940042134,1213.0127911005634
2,2025-04-26,12:00-16:00,0.0,0.0,1221.6441940042134,1213.0127911005634
2,2025-04-26,16:00-20:00,0.0,6840.193333333333,1221.6441940042134,1213.0127911005634
2,2025-04-26,20:00-24:00,583.4487738281251,2779.925206818783,1221.6441940042134,1213.0127911005634
2,2025-04-27,0:00-4:00,6350.745776439524,123.70497506510424,1213.0127911005634,1228.9434935512154
2,2025-04-27,4:00-8:00,1037.905496948577,6006.587026432291,1213.0127911005634,1228.9434935512154
2,2025-04-27,8:00-12:00,5463.75985,531.8391621300212,1213.0127911005634,1228.9434935512154
2,2025-04-27,12:00-16:00,4661.197783632561,132.05066184895801,1213.0127911005634,1228.9434935512154
2,2025-04-27,16:00-20:00,19.547252506510404,6868.0134982990785,1213.0127911005634,1228.9434935512154
2,2025-04-27,20:00-24:00,748.6966957103585,2776.3590545971865,1213.0127911005634,1228.9434935512154
2,2025-04-28,0:00-4:00,6837.293075678168,236.46506191406263,1228.9434935512154,1365.0347296060272
2,2025-04-28,4:00-8:00,1857.1494891947325,5600.1456154296875,1228.9434935512154,1365.0347296060272
2,2025-04-28,8:00-12:00,1210.4283833333334,2015.8458399611288,1228.9434935512154,1365.0347296060272
2,2025-04-28,12:00-16:00,2605.1647000000003,450.5700958333332,1228.9434935512154,1365.0347296060272
2,2025-04-28,16:00-20:00,358.79201383056676,3306.3764916141754,1228.9434935512154,1365.0347296060272
2,2025-04-28,20:00-24:00,889.2880478804976,643.7935515169273,1228.9434935512154,1365.0347296060272
2,2025-04-29,0:00-4:00,8382.664026890667,34.655507421875086,1365.0347296060272,1564.028241285274
2,2025-04-29,4:00-8:00,1644.9844767071663,5138.522909440097,1365.0347296060272,1564.028241285274
2,2025-04-29,8:00-12:00,6497.259981481485,748.4452500000001,1365.0347296060272,1564.028241285274
2,2025-04-29,12:00-16:00,48.829923177082605,132.4967326822918,1365.0347296060272,1564.028241285274
2,2025-04-29,16:00-20:00,157.21207398681645,6631.588003558148,1365.0347296060272,1564.028241285274
2,2025-04-29,20:00-24:00,1034.9814560474542,3114.848520408665,1365.0347296060272,1564.028241285274
2,2025-04-30,0:00-4:00,5649.890669516781,221.74969127605743,1564.028241285274,1200.0
2,2025-04-30,4:00-8:00,1071.68730663805,5667.720671160825,1564.028241285274,1200.0
2,2025-04-30,8:00-12:00,4016.645816666667,505.2973286285069,1564.028241285274,1200.0
2,2025-04-30,12:00-16:00,5506.362875651042,0.0,1564.028241285274,1200.0
2,2025-04-30,16:00-20:00,655.3393015907321,6283.180816666667,1564.028241285274,1200.0
2,2025-04-30,20:00-24:00,787.5499543402777,3586.1273367571794,1564.028241285274,1200.0
2,2025-05-01,0:00-4:00,6730.9745855468755,167.64955950524006,1200.0,1200.0
2,2025-05-01,4:00-8:00,1000.0463686537338,6262.238190965335,1200.0,1200.0
2,2025-05-01,8:00-12:00,5582.56205,528.0311083099748,1200.0,1200.0
2,2025-05-01,12:00-16:00,4536.7264625388125,284.39241354166677,1200.0,1200.0
2,2025-05-01,16:00-20:00,0.0,8300.26507935685,1200.0,1200.0
2,2025-05-01,20:00-24:00,498.95085356626157,971.7579365960462,1200.0,1200.0
2,2025-05-02,0:00-4:00,1393.1198309859662,213.57411152343252,1200.0,1200.0
2,2025-05-02,4:00-8:00,1168.3114518878638,1846.1254630630153,1200.0,1200.0
2,2025-05-02,8:00-12:00,9846.412312538814,0.0,1200.0,1200.0
2,2025-05-02,12:00-16:00,0.0,0.0,1200.0,1200.0
2,2025-05-02,16:00-20:00,0.0,7864.07850424744,1200.0,1200.0
2,2025-05-02,20:00-24:00,387.18873997395855,1591.7510230140545,1200.0,1200.0
2,2025-05-03,0:00-4:00,1598.1131644567413,272.9491898437814,1200.0,1200.0
2,2025-05-03,4:00-8:00,1291.6696208506264,1829.7266937389047,1200.0,1200.0
2,2025-05-03,8:00-12:00,9565.81226454554,0.0,1200.0,1200.0
2,2025-05-03,12:00-16:00,0.0,0.0,1200.0,1200.0
2,2025-05-03,16:00-20:00,32.057467013888626,7167.761876605601,1200.0,1200.0
2,2025-05-03,20:00-24:00,382.0248429108795,2312.2718636116206,1200.0,1200.0
2,2025-05-04,0:00-4:00,7752.6539344463345,164.84826093749996,1200.0,1224.8286276810547
2,2025-05-04,4:00-8:00,1672.1904651936852,5086.416199864856,1200.0,1224.8286276810547
2,2025-05-04,8:00-12:00,4375.97755,844.7216666666667,1200.0,1224.8286276810547
2,2025-05-04,12:00-16:00,3091.7844823088226,0.0,1200.0,1224.8286276810547
2,2025-05-04,16:00-20:00,10.104982096354206,7422.879646931529,1200.0,1224.8286276810547
2,2025-05-04,20:00-24:00,545.5497499348958,2161.014768787001,1200.0,1224.8286276810547
2,2025-05-05,0:00-4:00,6823.717852864584,137.73783873702564,1224.8286276810547,1200.0
2,2025-05-05,4:00-8:00,1098.697224720379,6642.819178361575,1224.8286276810547,1200.0
2,2025-05-05,8:00-12:00,3914.481233333334,373.1710571223933,1224.8286276810547,1200.0
2,2025-05-05,12:00-16:00,4133.889205729167,108.8246471354167,1224.8286276810547,1200.0
2,2025-05-05,16:00-20:00,15.44500528971355,7148.609252781576,1224.8286276810547,1200.0
2,2025-05-05,20:00-24:00,566.1868021122685,509.56812190104165,1224.8286276810547,1200.0
2,2025-05-06,0:00-4:00,8316.595394504955,185.1438425781247,1200.0,1200.0
2,2025-05-06,4:00-8:00,1654.2804176839193,6370.246550618696,1200.0,1200.0
2,2025-05-06,8:00-12:00,4680.010116666666,1829.364316666667,1200.0,1200.0
2,2025-05-06,12:00-16:00,4805.742975285068,281.83616822916684,1200.0,1200.0
2,2025-05-06,16:00-20:00,116.81129602864587,7348.6609874166425,1200.0,1200.0
2,2025-05-06,20:00-24:00,505.8315155743634,2056.092678659955,1200.0,1200.0
2,2025-05-07,0:00-4:00,7305.468441907966,146.34406223958342,1200.0,1226.3348965611358
2,2025-05-07,4:00-8:00,1649.0699174397791,6223.293019064116,1200.0,1226.3348965611358
2,2025-05-07,8:00-12:00,3766.226733333333,1466.8686666666665,1200.0,1226.3348965611358
2,2025-05-07,12:00-16:00,4741.234983333334,796.099809375,1200.0,1226.3348965611358
2,2025-05-07,16:00-20:00,0.0,7083.194511067601,1200.0,1226.3348965611358
2,2025-05-07,20:00-24:00,595.3523978515627,510.83368154296903,1200.0,1226.3348965611358
2,2025-05-08,0:00-4:00,7958.804553438627,77.36103834635423,1226.3348965611358,1365.445183405375
2,2025-05-08,4:00-8:00,1804.233276358696,5727.6909824534105,1226.3348965611358,1365.445183405375
2,2025-05-08,8:00-12:00,2959.9689500000004,1345.9257333333335,1226.3348965611358,1365.445183405375
2,2025-05-08,12:00-16:00,3079.861265538194,353.16260377604203,1226.3348965611358,1365.445183405375
2,2025-05-08,16:00-20:00,1143.2356107432047,6039.354062247228,1226.3348965611358,1365.445183405375
2,2025-05-08,20:00-24:00,1064.089447829861,2533.70776764521,1226.3348965611358,1365.445183405375
2,2025-05-09,0:00-4:00,1122.3257820204415,401.71875384114486,1365.445183405375,1669.2865890284822
2,2025-05-09,4:00-8:00,1345.1932814432384,1669.2990705157504,1365.445183405375,1669.2865890284822
2,2025-05-09,8:00-12:00,9778.505829205482,0.0,1365.445183405375,1669.2865890284822
2,2025-05-09,12:00-16:00,0.0,0.0,1365.445183405375,1669.2865890284822
2,2025-05-09,16:00-20:00,5.147685185185542,6824.185497026037,1365.445183405375,1669.2865890284822
2,2025-05-09,20:00-24:00,1018.7818166087964,2759.50636686306,1365.445183405375,1669.2865890284822
2,2025-05-10,0:00-4:00,1223.4406217700387,191.0910059895824,1669.2865890284822,1291.68219300699
2,2025-05-10,4:00-8:00,951.9782793212892,1729.165650723493,1669.2865890284822,1291.68219300699
2,2025-05-10,8:00-12:00,9582.816620005997,0.0,1669.2865890284822,1291.68219300699
2,2025-05-10,12:00-16:00,0.0,0.0,1669.2865890284822,1291.68219300699
2,2025-05-10,16:00-20:00,219.38459215856398,6569.119872980464,1669.2865890284822,1291.68219300699
2,2025-05-10,20:00-24:00,613.0780161747684,3200.4787705700933,1669.2865890284822,1291.68219300699
2,2025-05-11,0:00-4:00,8356.234296523187,272.6197791016001,1291.68219300699,1343.500838749473
2,2025-05-11,4:00-8:00,1705.8871394106072,5469.875263063304,1291.68219300699,1343.500838749473
2,2025-05-11,8:00-12:00,4620.976628772425,1309.333466666667,1291.68219300699,1343.500838749473
2,2025-05-11,12:00-16:00,3317.852448704477,218.91174596354176,1291.68219300699,1343.500838749473
2,2025-05-11,16:00-20:00,161.6522847294558,6266.961680077908,1291.68219300699,1343.500838749473
2,2025-05-11,20:00-24:00,1071.1730764105905,3723.536868479161,1291.68219300699,1343.500838749473
2,2025-05-12,0:00-4:00,8321.379632815107,341.25662688801424,1343.500838749473,1469.9525580820896
2,2025-05-12,4:00-8:00,1741.7002155467987,4701.752339064145,1343.500838749473,1469.9525580820896
2,2025-05-12,8:00-12:00,4720.026777213542,533.2459833333332,1343.500838749473,1469.9525580820896
2,2025-05-12,12:00-16:00,1380.7575539718355,7.250820312499968,1343.500838749473,1469.9525580820896
2,2025-05-12,16:00-20:00,50.167336293538256,6722.298426049899,1343.500838749473,1469.9525580820896
2,2025-05-12,20:00-24:00,1061.0412117838541,3121.7986250736967,1343.500838749473,1469.9525580820896
2,2025-05-13,0:00-4:00,6733.69983370857,51.23250266927107,1469.9525580820896,1727.0479599487767
2,2025-05-13,4:00-8:00,1034.6238913620393,5370.257224804687,1469.9525580820896,1727.0479599487767
2,2025-05-13,8:00-12:00,2965.9498999999996,1461.5088166666667,1469.9525580820896,1727.0479599487767
2,2025-05-13,12:00-16:00,4527.906574869792,28.372209244791673,1469.9525580820896,1727.0479599487767
2,2025-05-13,16:00-20:00,608.8807891947423,6103.969108156897,1469.9525580820896,1727.0479599487767
2,2025-05-13,20:00-24:00,1275.94444026331,2173.062911159789,1469.9525580820896,1727.0479599487767
2,2025-05-14,0:00-4:00,7991.081807156868,166.68471035166942,1727.0479599487767,1231.9894285525997
2,2025-05-14,4:00-8:00,1777.696747209553,5707.950740803464,1727.0479599487767,1231.9894285525997
2,2025-05-14,8:00-12:00,3164.2490500000004,933.5708000000001,1727.0479599487767,1231.9894285525997
2,2025-05-14,12:00-16:00,4195.377190705869,0.0,1727.0479599487767,1231.9894285525997
2,2025-05-14,16:00-20:00,35.689434295428995,6116.616560411801,1727.0479599487767,1231.9894285525997
2,2025-05-14,20:00-24:00,883.8954253399884,3788.021637962974,1727.0479599487767,1231.9894285525997
2,2025-05-15,0:00-4:00,8160.582729932448,84.30188860677083,1231.9894285525997,1396.1414112526625
2,2025-05-15,4:00-8:00,1812.8863967915854,6041.070520435875,1231.9894285525997,1396.1414112526625
2,2025-05-15,8:00-12:00,4406.010133333333,858.7055833333337,1231.9894285525997,1396.1414112526625
2,2025-05-15,12:00-16:00,3466.1760922524973,790.1864815104168,1231.9894285525997,1396.1414112526625
2,2025-05-15,16:00-20:00,278.39203085327176,6435.034850006492,1231.9894285525997,1396.1414112526625
2,2025-05-15,20:00-24:00,965.9268463686338,2815.949238356277,1231.9894285525997,1396.1414112526625
2,2025-05-16,0:00-4:00,1018.0489046838827,164.55589863284757,1396.1414112526625,1200.0
2,2025-05-16,4:00-8:00,1667.5309946774983,1295.3989906137144,1396.1414112526625,1200.0
2,2025-05-16,8:00-12:00,8849.129511327548,0.0,1396.1414112526625,1200.0
2,2025-05-16,12:00-16:00,0.0,0.0,1396.1414112526625,1200.0
2,2025-05-16,16:00-20:00,0.0,6260.018806575521,1396.1414112526625,1200.0
2,2025-05-16,20:00-24:00,512.2344629195602,3308.3518713370145,1396.1414112526625,1200.0
2,2025-05-17,0:00-4:00,796.5993793909141,383.23428092447216,1200.0,1209.4209376670694
2,2025-05-17,4:00-8:00,1791.4787070673624,1132.5792468879765,1200.0,1209.4209376670694
2,2025-05-17,8:00-12:00,9215.44767920548,0.0,1200.0,1209.4209376670694
2,2025-05-17,12:00-16:00,0.0,0.0,1200.0,1209.4209376670694
2,2025-05-17,16:00-20:00,0.0,7046.804052278646,1200.0,1209.4209376670694
2,2025-05-17,20:00-24:00,753.1551915653938,2729.457795198416,1200.0,1209.4209376670694
2,2025-05-18,0:00-4:00,8442.264520800614,270.94693092449404,1209.4209376670694,1540.3512798148902
2,2025-05-18,4:00-8:00,1721.3992341776848,5664.763944987166,1209.4209376670694,1540.3512798148902
2,2025-05-18,8:00-12:00,4031.612413661023,1330.2297166666665,1209.4209376670694,1540.3512798148902
2,2025-05-18,12:00-16:00,3987.3491287457164,0.0,1209.4209376670694,1540.3512798148902
2,2025-05-18,16:00-20:00,3.518982385705921,5580.143294805471,1209.4209376670694,1540.3512798148902
2,2025-05-18,20:00-24:00,821.6732159794561,3947.0037703776043,1209.4209376670694,1540.3512798148902
2,2025-05-19,0:00-4:00,8198.182804420718,56.89614082031255,1540.3512798148902,1200.0
2,2025-05-19,4:00-8:00,1630.585119137666,5123.561503727806,1540.3512798148902,1200.0
2,2025-05-19,8:00-12:00,4913.888910919419,855.9667000000001,1540.3512798148902,1200.0
2,2025-05-19,12:00-16:00,1736.0488732241,100.0296451822916,1540.3512798148902,1200.0
2,2025-05-19,16:00-20:00,420.05700625723273,6306.648407448827,1540.3512798148902,1200.0
2,2025-05-19,20:00-24:00,927.868105714699,3923.7509151577187,1540.3512798148902,1200.0
2,2025-05-20,0:00-4:00,6044.795547182436,145.62864544269905,1200.0,1200.0
2,2025-05-20,4:00-8:00,966.9256350416055,5211.254296049499,1200.0,1200.0
2,2025-05-20,8:00-12:00,3681.308933333333,953.6661225094406,1200.0,1200.0
2,2025-05-20,12:00-16:00,1785.3725105468748,861.8619557291664,1200.0,1200.0
2,2025-05-20,16:00-20:00,333.15716668294283,4357.992793777669,1200.0,1200.0
2,2025-05-20,20:00-24:00,736.897047337963,663.2073426041668,1200.0,1200.0
2,2025-05-21,0:00-4:00,8575.902033372124,139.48238593749988,1200.0,1200.0
2,2025-05-21,4:00-8:00,1712.4612406000101,4574.134616019153,1200.0,1200.0
2,2025-05-21,8:00-12:00,3242.9459025101214,833.2733666666666,1200.0,1200.0
2,2025-05-21,12:00-16:00,2794.6632561125634,296.24661302083325,1200.0,1200.0
2,2025-05-21,16:00-20:00,56.51599946289082,6210.67366146842,1200.0,1200.0
2,2025-05-21,20:00-24:00,868.4275698567707,3472.0137586104597,1200.0,1200.0
2,2025-05-22,0:00-4:00,6361.550294682185,162.696243424479,1200.0,1513.677970042631
2,2025-05-22,4:00-8:00,931.2027738540969,5108.293400846529,1200.0,1513.677970042631
2,2025-05-22,8:00-12:00,4031.629,942.0986999999999,1200.0,1513.677970042631
2,2025-05-22,12:00-16:00,5260.525129210069,0.0,1200.0,1513.677970042631
2,2025-05-22,16:00-20:00,293.6104921590175,6398.193022907983,1200.0,1513.677970042631
2,2025-05-22,20:00-24:00,1136.4015674623847,3304.564913306156,1200.0,1513.677970042631
2,2025-05-23,0:00-4:00,268.1287323169847,373.06266477866916,1513.677970042631,1462.0195777811446
2,2025-05-23,4:00-8:00,1673.5709324114482,973.408159622754,1513.677970042631,1462.0195777811446
2,2025-05-23,8:00-12:00,9343.021929205479,0.0,1513.677970042631,1462.0195777811446
2,2025-05-23,12:00-16:00,0.0,0.0,1513.677970042631,1462.0195777811446
2,2025-05-23,16:00-20:00,0.0,6428.83445,1513.677970042631,1462.0195777811446
2,2025-05-23,20:00-24:00,1028.8400073278358,3355.9076206767654,1513.677970042631,1462.0195777811446
2,2025-05-24,0:00-4:00,377.30182234584936,319.60417447916666,1462.0195777811446,1435.1073977020135
2,2025-05-24,4:00-8:00,1651.0728770802814,1138.2063622075707,1462.0195777811446,1435.1073977020135
2,2025-05-24,8:00-12:00,9434.510412538813,0.0,1462.0195777811446,1435.1073977020135
2,2025-05-24,12:00-16:00,0.0,0.0,1462.0195777811446,1435.1073977020135
2,2025-05-24,16:00-20:00,0.0,6230.854485071288,1462.0195777811446,1435.1073977020135
2,2025-05-24,20:00-24:00,748.5698876736112,3327.175613671875,1462.0195777811446,1435.1073977020135
2,2025-05-25,0:00-4:00,6614.122627246642,83.78381725260408,1435.1073977020135,1399.6923842380031
2,2025-05-25,4:00-8:00,910.3218552490235,4757.886459687575,1435.1073977020135,1399.6923842380031
2,2025-05-25,8:00-12:00,4888.210683333334,773.8803166666667,1435.1073977020135,1399.6923842380031
2,2025-05-25,12:00-16:00,3698.3090491085086,138.62818776041664,1435.1073977020135,1399.6923842380031
2,2025-05-25,16:00-20:00,5.641490999348775,6607.768824927372,1435.1073977020135,1399.6923842380031
2,2025-05-25,20:00-24:00,1061.306237832755,3131.770774871558,1435.1073977020135,1399.6923842380031
2,2025-05-26,0:00-4:00,5039.806358803582,59.8512828124999,1399.6923842380031,1367.997534092294
2,2025-05-26,4:00-8:00,889.5189800295432,5465.986351811793,1399.6923842380031,1367.997534092294
2,2025-05-26,8:00-12:00,1690.6507333333334,0.0,1399.6923842380031,1367.997534092294
2,2025-05-26,12:00-16:00,3727.881087278398,124.31925638020826,1399.6923842380031,1367.997534092294
2,2025-05-26,16:00-20:00,192.95098912760415,4926.015272385195,1399.6923842380031,1367.997534092294
2,2025-05-26,20:00-24:00,1001.6392452835646,742.0988660481769,1399.6923842380031,1367.997534092294
2,2025-05-27,0:00-4:00,8306.756082590897,219.3838184245251,1367.997534092294,1311.7990612049523
2,2025-05-27,4:00-8:00,1704.1710966183505,4832.38961970361,1367.997534092294,1311.7990612049523
2,2025-05-27,8:00-12:00,4657.654258015045,949.3682166666666,1367.997534092294,1311.7990612049523
2,2025-05-27,12:00-16:00,1941.5572976342642,19.127467447916672,1367.997534092294,1311.7990612049523
2,2025-05-27,16:00-20:00,131.93794997829747,5928.461726532438,1367.997534092294,1311.7990612049523
2,2025-05-27,20:00-24:00,992.4991024667246,4065.7019124022354,1367.997534092294,1311.7990612049523
2,2025-05-28,0:00-4:00,5943.622800418589,188.85954902338392,1311.7990612049523,1492.6418420922419
2,2025-05-28,4:00-8:00,883.2013137391606,5547.305995338949,1311.7990612049523,1492.6418420922419
2,2025-05-28,8:00-12:00,1751.1753333333331,523.0427938158401,1311.7990612049523,1492.6418420922419
2,2025-05-28,12:00-16:00,6203.791707552084,0.0,1311.7990612049523,1492.6418420922419
2,2025-05-28,16:00-20:00,168.11593916422527,6415.701812936446,1311.7990612049523,1492.6418420922419
2,2025-05-28,20:00-24:00,1063.8120433015047,1565.8745468426077,1311.7990612049523,1492.6418420922419
2,2025-05-29,0:00-4:00,8077.573419750892,125.6482354166667,1492.6418420922419,1344.3531256403699
2,2025-05-29,4:00-8:00,1675.4496179204825,5899.734414220491,1492.6418420922419,1344.3531256403699
2,2025-05-29,8:00-12:00,2066.1283833333337,1543.490483333333,1492.6418420922419,1344.3531256403699
2,2025-05-29,12:00-16:00,4918.080851822917,225.90258138020835,1492.6418420922419,1344.3531256403699
2,2025-05-29,16:00-20:00,105.78961030273445,6573.784658687906,1492.6418420922419,1344.3531256403699
2,2025-05-29,20:00-24:00,958.7455948423034,1793.7093857240307,1492.6418420922419,1344.3531256403699
2,2025-05-30,0:00-4:00,962.9985843424394,188.24196764327274,1344.3531256403699,1253.3373871589763
2,2025-05-30,4:00-8:00,1540.2533292847834,1399.686062504069,1344.3531256403699,1253.3373871589763
2,2025-05-30,8:00-12:00,9228.239522057078,0.0,1344.3531256403699,1253.3373871589763
2,2025-05-30,12:00-16:00,0.0,0.0,1344.3531256403699,1253.3373871589763
2,2025-05-30,16:00-20:00,0.0,6796.008536653646,1344.3531256403699,1253.3373871589763
2,2025-05-30,20:00-24:00,682.5820205150462,2875.074654735453,1344.3531256403699,1253.3373871589763
2,2025-05-31,0:00-4:00,749.3942088541671,276.4317807942829,1253.3373871589763,1460.5769898430347
2,2025-05-31,4:00-8:00,1478.1564632612863,1237.089007469,1253.3373871589763,1460.5769898430347
2,2025-05-31,8:00-12:00,9517.205062538815,0.0,1253.3373871589763,1460.5769898430347
2,2025-05-31,12:00-16:00,0.0,0.0,1253.3373871589763,1460.5769898430347
2,2025-05-31,16:00-20:00,0.0,6350.59575,1253.3373871589763,1460.5769898430347
2,2025-05-31,20:00-24:00,882.7043508530262,3303.9927889322917,1253.3373871589763,1460.5769898430347
2,2025-06-01,0:00-4:00,7215.836917036149,691.6183995441888,1460.5769898430347,1200.0
2,2025-06-01,4:00-8:00,1682.9141322704872,5444.62221899999,1460.5769898430347,1200.0
2,2025-06-01,8:00-12:00,299.1147282986111,2119.8403639521594,1460.5769898430347,1200.0
2,2025-06-01,12:00-16:00,1696.1685622395842,1795.7549614843751,1460.5769898430347,1200.0
2,2025-06-01,16:00-20:00,0.0,0.0,1460.5769898430347,1200.0
2,2025-06-01,20:00-24:00,535.370590878183,481.83353179036453,1460.5769898430347,1200.0
2,2025-06-02,0:00-4:00,7430.63054997371,660.966004622277,1200.0,1200.0
2,2025-06-02,4:00-8:00,1688.087052101644,6152.380466603841,1200.0,1200.0
2,2025-06-02,8:00-12:00,6800.969666666667,1393.499370641699,1200.0,1200.0
2,2025-06-02,12:00-16:00,3326.999591445065,2482.4009865885446,1200.0,1200.0
2,2025-06-02,16:00-20:00,0.0,6632.771345712012,1200.0,1200.0
2,2025-06-02,20:00-24:00,509.1845372829862,458.26608355468755,1200.0,1200.0
2,2025-06-03,0:00-4:00,7440.846981288814,431.0336594401224,1200.0,1200.0
2,2025-06-03,4:00-8:00,1668.9368451885862,6250.492164164822,1200.0,1200.0
2,2025-06-03,8:00-12:00,3948.13390414858,1517.2796202247164,1200.0,1200.0
2,2025-06-03,12:00-16:00,4976.657569697629,636.038392057292,1200.0,1200.0
2,2025-06-03,16:00-20:00,62.47312526041668,7452.4997471386705,1200.0,1200.0
2,2025-06-03,20:00-24:00,560.7020782696762,504.6318704427085,1200.0,1200.0
2,2025-06-04,0:00-4:00,7389.224727577876,613.2794589192588,1200.0,1200.0
2,2025-06-04,4:00-8:00,1617.5685006103517,5944.927350427799,1200.0,1200.0
2,2025-06-04,8:00-12:00,5168.148987292863,1547.9070960223517,1200.0,1200.0
2,2025-06-04,12:00-16:00,2585.3773470052083,2046.2899117187517,1200.0,1200.0
2,2025-06-04,16:00-20:00,0.0,4931.883789149511,1200.0,1200.0
2,2025-06-04,20:00-24:00,612.9760927300348,551.6784834570313,1200.0,1200.0
2,2025-06-05,0:00-4:00,7585.441214166418,779.6417848957146,1200.0,1200.0
2,2025-06-05,4:00-8:00,1665.328645421982,6301.1953703037,1200.0,1200.0
2,2025-06-05,8:00-12:00,5110.762896093751,1244.8557184301483,1200.0,1200.0
2,2025-06-05,12:00-16:00,4020.3997516782397,2310.7937979166663,1200.0,1200.0
2,2025-06-05,16:00-20:00,0.0,5907.25258507812,1200.0,1200.0
2,2025-06-05,20:00-24:00,583.0572972149886,524.7515674934897,1200.0,1200.0
2,2025-06-06,0:00-4:00,1415.994637706066,1201.9561812858071,1200.0,1200.0
2,2025-06-06,4:00-8:00,908.020300929769,782.801853486444,1200.0,1200.0
2,2025-06-06,8:00-12:00,8222.73265,0.0,1200.0,1200.0
2,2025-06-06,12:00-16:00,1777.8276292054802,684.4025166666667,1200.0,1200.0
2,2025-06-06,16:00-20:00,0.0,8422.957144618267,1200.0,1200.0
2,2025-06-06,20:00-24:00,415.4867597728588,373.9380837955729,1200.0,1200.0
2,2025-06-07,0:00-4:00,1299.3765765516491,1136.3902815102886,1200.0,1202.5013400120608
2,2025-06-07,4:00-8:00,889.9454780432542,757.6180676251245,1200.0,1202.5013400120608
2,2025-06-07,8:00-12:00,6138.388383333333,0.0,1200.0,1202.5013400120608
2,2025-06-07,12:00-16:00,3907.31327735363,10.153333333333345,1200.0,1202.5013400120608
2,2025-06-07,16:00-20:00,54.9667361979167,8489.904599027734,1200.0,1202.5013400120608
2,2025-06-07,20:00-24:00,341.4684270326968,971.8737296725617,1200.0,1202.5013400120608
2,2025-06-08,0:00-4:00,8500.26436852829,37.55156634114587,1202.5013400120608,1229.8966573739751
2,2025-06-08,4:00-8:00,2704.7518956310937,4689.647297011021,1202.5013400120608,1229.8966573739751
2,2025-06-08,8:00-12:00,4969.321600816444,724.7185333333334,1202.5013400120608,1229.8966573739751
2,2025-06-08,12:00-16:00,772.3398333333292,695.1058500000001,1202.5013400120608,1229.8966573739751
2,2025-06-08,16:00-20:00,64.80627245890332,5926.218001188151,1202.5013400120608,1229.8966573739751
2,2025-06-08,20:00-24:00,961.2384092447911,4076.2194141118734,1202.5013400120608,1229.8966573739751
2,2025-06-09,0:00-4:00,8438.692591546336,270.62175716144145,1229.8966573739751,1378.5722768711375
2,2025-06-09,4:00-8:00,1673.2974228942871,6551.955702334642,1229.8966573739751,1378.5722768711375
2,2025-06-09,8:00-12:00,2021.9745106228295,2304.554783333333,1229.8966573739751,1378.5722768711375
2,2025-06-09,12:00-16:00,4228.119057725692,1602.6240378255209,1229.8966573739751,1378.5722768711375
2,2025-06-09,16:00-20:00,26.667104085286496,4048.481797050274,1229.8966573739751,1378.5722768711375
2,2025-06-09,20:00-24:00,1227.9159520833334,935.7158203124999,1229.8966573739751,1378.5722768711375
2,2025-06-10,0:00-4:00,8340.70793513004,221.09253912760425,1378.5722768711375,1200.0
2,2025-06-10,4:00-8:00,1805.7649040211677,5589.678533924613,1378.5722768711375,1200.0
2,2025-06-10,8:00-12:00,6080.164538020834,3020.463083333333,1378.5722768711375,1200.0
2,2025-06-10,12:00-16:00,3968.6108000651034,1110.625136979164,1378.5722768711375,1200.0
2,2025-06-10,16:00-20:00,508.9670168233238,5773.269077911822,1378.5722768711375,1200.0
2,2025-06-10,20:00-24:00,913.8680456669563,3910.5550810406503,1378.5722768711375,1200.0
2,2025-06-11,0:00-4:00,8624.305312304818,67.82077962239589,1200.0,1392.6329172845005
2,2025-06-11,4:00-8:00,1573.7083823999242,6089.829415463004,1200.0,1392.6329172845005
2,2025-06-11,8:00-12:00,5802.066637369791,3020.5621301488645,1200.0,1392.6329172845005
2,2025-06-11,12:00-16:00,4898.734892559073,2862.5126365885417,1200.0,1392.6329172845005
2,2025-06-11,16:00-20:00,217.2191679524741,6115.610761671678,1200.0,1392.6329172845005
2,2025-06-11,20:00-24:00,1010.2008966362852,1574.5284055230932,1200.0,1392.6329172845005
2,2025-06-12,0:00-4:00,8427.153462068616,168.38240683592062,1392.6329172845005,1543.0136600441454
2,2025-06-12,4:00-8:00,2578.870077343734,4768.338461083984,1392.6329172845005,1543.0136600441454
2,2025-06-12,8:00-12:00,5844.748390494791,2613.634516666667,1392.6329172845005,1543.0136600441454
2,2025-06-12,12:00-16:00,4170.623882599104,2486.5884244140625,1392.6329172845005,1543.0136600441454
2,2025-06-12,16:00-20:00,227.85230193368363,5980.298888061214,1392.6329172845005,1543.0136600441454
2,2025-06-12,20:00-24:00,1144.709891413492,3994.655809201721,1392.6329172845005,1543.0136600441454
2,2025-06-13,0:00-4:00,1344.02886386718,145.61137402344121,1543.0136600441454,1486.3185143711125
2,2025-06-13,4:00-8:00,972.0883957542181,2111.4487284832476,1543.0136600441454,1486.3185143711125
2,2025-06-13,8:00-12:00,6567.9326666666675,13.859816666666726,1543.0136600441454,1486.3185143711125
2,2025-06-13,12:00-16:00,3396.9147961244134,8.487498372395834,1543.0136600441454,1486.3185143711125
2,2025-06-13,16:00-20:00,140.46886658528635,6785.465765602694,1543.0136600441454,1486.3185143711125
2,2025-06-13,20:00-24:00,1079.0245904875578,3139.324916168889,1543.0136600441454,1486.3185143711125
2,2025-06-14,0:00-4:00,1613.86192455134,178.4939998697917,1486.3185143711125,1284.785760901701
2,2025-06-14,4:00-8:00,1291.1695219807625,1756.7165967447918,1486.3185143711125,1284.785760901701
2,2025-06-14,8:00-12:00,9062.684848349014,0.0,1486.3185143711125,1284.785760901701
2,2025-06-14,12:00-16:00,15.487526041666655,46.46319798177083,1486.3185143711125,1284.785760901701
2,2025-06-14,16:00-20:00,97.41627452256836,6511.322949541894,1486.3185143711125,1284.785760901701
2,2025-06-14,20:00-24:00,802.919539735243,3293.379684750851,1486.3185143711125,1284.785760901701
2,2025-06-15,0:00-4:00,8528.64141191407,110.41835755223235,1284.785760901701,1450.2198289352302
2,2025-06-15,4:00-8:00,1663.8605787903925,5307.555720678586,1284.785760901701,1450.2198289352302
2,2025-06-15,8:00-12:00,5000.0,3281.5501016927083,1284.785760901701,1450.2198289352302
2,2025-06-15,12:00-16:00,5491.640230598959,1622.316457812499,1284.785760901701,1450.2198289352302
2,2025-06-15,16:00-20:00,580.4836970865883,5602.773297855822,1284.785760901701,1450.2198289352302
2,2025-06-15,20:00-24:00,1120.3414943359444,4064.9121985895417,1284.785760901701,1450.2198289352302
2,2025-06-16,0:00-4:00,8351.659292038428,103.93596308583528,1450.2198289352302,1517.8333166902853
2,2025-06-16,4:00-8:00,1689.4953107127176,6045.408225260035,1450.2198289352302,1517.8333166902853
2,2025-06-16,8:00-12:00,5921.643316927084,3125.074326682066,1450.2198289352302,1517.8333166902853
2,2025-06-16,12:00-16:00,4988.065232552083,2503.841739908854,1450.2198289352302,1517.8333166902853
2,2025-06-16,16:00-20:00,209.12338095703126,6224.231357226697,1450.2198289352302,1517.8333166902853
2,2025-06-16,20:00-24:00,1146.06726265191,2008.8130175356773,1450.2198289352302,1517.8333166902853
2,2025-06-17,0:00-4:00,8297.457908972552,124.46952096362133,1517.8333166902853,1260.9493190144512
2,2025-06-17,4:00-8:00,1743.4677896428639,5728.384162644641,1517.8333166902853,1260.9493190144512
2,2025-06-17,8:00-12:00,5134.208444140624,2648.8026333333337,1517.8333166902853,1260.9493190144512
2,2025-06-17,12:00-16:00,5359.548258268229,3227.1840901692694,1517.8333166902853,1260.9493190144512
2,2025-06-17,16:00-20:00,200.02767850341786,6134.801249155626,1517.8333166902853,1260.9493190144512
2,2025-06-17,20:00-24:00,999.9707159288279,1941.2726177758777,1517.8333166902853,1260.9493190144512
2,2025-06-18,0:00-4:00,8486.03368632797,98.9679904947908,1260.9493190144512,1442.4676963780128
2,2025-06-18,4:00-8:00,1690.407778094654,5819.786850510534,1260.9493190144512,1442.4676963780128
2,2025-06-18,8:00-12:00,5773.4773492187505,2298.2555,1260.9493190144512,1442.4676963780128
2,2025-06-18,12:00-16:00,4555.976169299769,1188.7570833333334,1260.9493190144512,1442.4676963780128
2,2025-06-18,16:00-20:00,146.27153107503239,5910.157059474437,1260.9493190144512,1442.4676963780128
2,2025-06-18,20:00-24:00,1059.1136306712942,4052.0241935115855,1260.9493190144512,1442.4676963780128
2,2025-06-19,0:00-4:00,8384.534667591513,88.71992167968745,1442.4676963780128,1364.7994871674766
2,2025-06-19,4:00-8:00,1614.1136060558003,5937.056868647638,1442.4676963780128,1364.7994871674766
2,2025-06-19,8:00-12:00,6341.378808463542,2859.5689666666667,1442.4676963780128,1364.7994871674766
2,2025-06-19,12:00-16:00,4175.498470935421,842.0721499348958,1442.4676963780128,1364.7994871674766
2,2025-06-19,16:00-20:00,271.4839782097692,5913.752904157964,1442.4676963780128,1364.7994871674766
2,2025-06-19,20:00-24:00,1129.2893263671876,4157.180693641591,1442.4676963780128,1364.7994871674766
2,2025-06-20,0:00-4:00,1181.998590885416,270.3907781902289,1364.7994871674766,1282.6725795784648
2,2025-06-20,4:00-8:00,1494.3397837112427,1511.4152124334255,1364.7994871674766,1282.6725795784648
2,2025-06-20,8:00-12:00,9249.0206597428,0.0,1364.7994871674766,1282.6725795784648
2,2025-06-20,12:00-16:00,0.0,0.0,1364.7994871674766,1282.6725795784648
2,2025-06-20,16:00-20:00,202.0829588216145,6594.830240874415,1364.7994871674766,1282.6725795784648
2,2025-06-20,20:00-24:00,730.5353051866402,3273.455762565105,1364.7994871674766,1282.6725795784648
2,2025-06-21,0:00-4:00,1083.3418315679269,306.38172252603493,1282.6725795784648,2014.6891878457477
2,2025-06-21,4:00-8:00,1218.146629319636,1533.379162725613,1282.6725795784648,2014.6891878457477
2,2025-06-21,8:00-12:00,9774.834262538814,0.0,1282.6725795784648,2014.6891878457477
2,2025-06-21,12:00-16:00,0.0,0.0,1282.6725795784648,2014.6891878457477
2,2025-06-21,16:00-20:00,21.2374934895833,6267.128218023594,1282.6725795784648,2014.6891878457477
2,2025-06-21,20:00-24:00,1207.0878578486686,3172.842233854167,1282.6725795784648,2014.6891878457477
2,2025-06-22,0:00-4:00,7524.471557866124,267.76470755208334,2014.6891878457477,1435.3972537370983
2,2025-06-22,4:00-8:00,1790.162461990738,5347.032429297065,2014.6891878457477,1435.3972537370983
2,2025-06-22,8:00-12:00,4510.624621415656,1652.0345499999999,2014.6891878457477,1435.3972537370983
2,2025-06-22,12:00-16:00,3292.6678362413204,2561.12971953125,2014.6891878457477,1435.3972537370983
2,2025-06-22,16:00-20:00,793.9625178629558,5837.476917057419,2014.6891878457477,1435.3972537370983
2,2025-06-22,20:00-24:00,1038.7386521195026,1939.6911418931,2014.6891878457477,1435.3972537370983
2,2025-06-23,0:00-4:00,8481.47749815084,244.47762513020155,1435.3972537370983,1204.1724565119064
2,2025-06-23,4:00-8:00,1745.247812464624,5567.97246949946,1435.3972537370983,1204.1724565119064
2,2025-06-23,8:00-12:00,4994.483807450812,2303.366383333333,1435.3972537370983,1204.1724565119064
2,2025-06-23,12:00-16:00,5906.156674030669,2014.7705166666665,1435.3972537370983,1204.1724565119064
2,2025-06-23,16:00-20:00,17.533929561360424,6377.317896401342,1435.3972537370983,1204.1724565119064
2,2025-06-23,20:00-24:00,776.6588008825233,3440.8568824783997,1435.3972537370983,1204.1724565119064
2,2025-06-24,0:00-4:00,8452.365129856622,203.07213444010404,1204.1724565119064,1443.1701321571663
2,2025-06-24,4:00-8:00,1742.9889771219175,6481.764612066015,1204.1724565119064,1443.1701321571663
2,2025-06-24,8:00-12:00,2594.5315466290513,2590.67843957926,1204.1724565119064,1443.1701321571663
2,2025-06-24,12:00-16:00,3941.4484479745392,2383.2913076822915,1204.1724565119064,1443.1701321571663
2,2025-06-24,16:00-20:00,377.90217446085603,3743.464494475707,1204.1724565119064,1443.1701321571663
2,2025-06-24,20:00-24:00,1095.5098637080443,755.267434375,1204.1724565119064,1443.1701321571663
2,2025-06-25,0:00-4:00,8220.316784941895,185.83942460937567,1443.1701321571663,1320.666509208933
2,2025-06-25,4:00-8:00,2832.8384287329354,4280.477135839282,1443.1701321571663,1320.666509208933
2,2025-06-25,8:00-12:00,5536.239171744792,3397.278283984375,1443.1701321571663,1320.666509208933
2,2025-06-25,12:00-16:00,3526.1827583830304,1363.7563666666667,1443.1701321571663,1320.666509208933
2,2025-06-25,16:00-20:00,45.96528953269748,5805.041603669771,1443.1701321571663,1320.666509208933
2,2025-06-25,20:00-24:00,951.1298743417249,4085.2294031815672,1443.1701321571663,1320.666509208933
2,2025-06-26,0:00-4:00,8475.658572591004,132.1630604817708,1320.666509208933,1248.3685994221348
2,2025-06-26,4:00-8:00,1777.9021764028007,5504.866825999594,1320.666509208933,1248.3685994221348
2,2025-06-26,8:00-12:00,5862.732016666667,3525.8935666666666,1320.666509208933,1248.3685994221348
2,2025-06-26,12:00-16:00,4720.538163606766,597.3390238281252,1320.666509208933,1248.3685994221348
2,2025-06-26,16:00-20:00,306.878873119215,5989.33571342926,1320.666509208933,1248.3685994221348
2,2025-06-26,20:00-24:00,974.3806268446261,4225.27101540125,1320.666509208933,1248.3685994221348
2,2025-06-27,0:00-4:00,1378.3135994176996,191.05775820311834,1248.3685994221348,1567.1989456879708
2,2025-06-27,4:00-8:00,1174.6147477444647,1773.9474517102558,1248.3685994221348,1567.1989456879708
2,2025-06-27,8:00-12:00,9698.714307033872,0.0,1248.3685994221348,1567.1989456879708
2,2025-06-27,12:00-16:00,0.0,0.0,1248.3685994221348,1567.1989456879708
2,2025-06-27,16:00-20:00,152.27554513888865,7009.9928512542465,1248.3685994221348,1567.1989456879708
2,2025-06-27,20:00-24:00,1092.8157773437483,2869.5934934291236,1248.3685994221348,1567.1989456879708
2,2025-06-28,0:00-4:00,1357.7016658203029,160.87233730475646,1567.1989456879708,1202.540506440451
2,2025-06-28,4:00-8:00,985.8670775288819,1793.4691391387942,1567.1989456879708,1202.540506440451
2,2025-06-28,8:00-12:00,9560.148624309202,0.0,1567.1989456879708,1202.540506440451
2,2025-06-28,12:00-16:00,0.0,70.44442578125,1567.1989456879708,1202.540506440451
2,2025-06-28,16:00-20:00,257.91911524637237,6855.155723177084,1567.1989456879708,1202.540506440451
2,2025-06-28,20:00-24:00,822.0676145399304,3151.337433105625,1567.1989456879708,1202.540506440451
2,2025-06-29,0:00-4:00,8549.402246248294,134.49447526041683,1202.540506440451,1542.1499583390628
2,2025-06-29,4:00-8:00,1671.4802906002046,5944.216353510731,1202.540506440451,1542.1499583390628
2,2025-06-29,8:00-12:00,5049.2841573304795,3122.493590421146,1202.540506440451,1542.1499583390628
2,2025-06-29,12:00-16:00,3805.4864358145246,538.8876833333335,1202.540506440451,1542.1499583390628
2,2025-06-29,16:00-20:00,291.6420760416662,6136.921518999816,1202.540506440451,1542.1499583390628
2,2025-06-29,20:00-24:00,1140.2761933376698,2257.6188230338103,1202.540506440451,1542.1499583390628
2,2025-06-30,0:00-4:00,8094.66061144665,75.32756621093745,1542.1499583390628,1200.0
2,2025-06-30,4:00-8:00,1756.1655227870224,6415.587048857626,1542.1499583390628,1200.0
2,2025-06-30,8:00-12:00,5760.928336067709,2699.4208566466878,1542.1499583390628,1200.0
2,2025-06-30,12:00-16:00,4763.383328320315,987.6141015625001,1542.1499583390628,1200.0
2,2025-06-30,16:00-20:00,462.4246632527669,5922.759181938585,1542.1499583390628,1200.0
2,2025-06-30,20:00-24:00,998.3850645182358,3876.235969442033,1542.1499583390628,1200.0
2,2025-07-01,0:00-4:00,7367.756520052084,1485.36250143235,1200.0,1200.0
2,2025-07-01,4:00-8:00,1559.9793693033857,6142.454506027513,1200.0,1200.0
2,2025-07-01,8:00-12:00,5370.0588723958335,407.145292960059,1200.0,1200.0
2,2025-07-01,12:00-16:00,5176.687691080727,1106.1759079427084,1200.0,1200.0
2,2025-07-01,16:00-20:00,3.8854248046875455,7001.6702189412445,1200.0,1200.0
2,2025-07-01,20:00-24:00,694.317315031829,2012.6082460978137,1200.0,1200.0
2,2025-07-02,0:00-4:00,7149.033034283606,1445.9729539061746,1200.0,1200.0
2,2025-07-02,4:00-8:00,1508.6983045247398,6345.985251021336,1200.0,1200.0
2,2025-07-02,8:00-12:00,4710.14168102937,0.0,1200.0,1200.0
2,2025-07-02,12:00-16:00,4656.304631481481,532.8765128906251,1200.0,1200.0
2,2025-07-02,16:00-20:00,0.0,7863.476993452962,1200.0,1200.0
2,2025-07-02,20:00-24:00,587.8880975839121,562.5474627417035,1200.0,1200.0
2,2025-07-03,0:00-4:00,7094.577233463542,1757.8323038528833,1200.0,1200.0
2,2025-07-03,4:00-8:00,1472.2950391113282,5952.3527414645,1200.0,1200.0
2,2025-07-03,8:00-12:00,247.44930000000008,89.89401666666663,1200.0,1200.0
2,2025-07-03,12:00-16:00,1617.6757924479168,1588.718566536459,1200.0,1200.0
2,2025-07-03,16:00-20:00,0.0,0.0,1200.0,1200.0
2,2025-07-03,20:00-24:00,609.7277228009261,548.7549505208336,1200.0,1200.0
2,2025-07-04,0:00-4:00,413.1773389359088,371.8596050423178,1200.0,1200.0
2,2025-07-04,4:00-8:00,1021.0029005208336,677.6291554687498,1200.0,1200.0
2,2025-07-04,8:00-12:00,9851.20689587215,0.0,1200.0,1200.0
2,2025-07-04,12:00-16:00,0.0,157.0740666666667,1200.0,1200.0
2,2025-07-04,16:00-20:00,0.0,8950.285594618264,1200.0,1200.0
2,2025-07-04,20:00-24:00,469.5843061342591,422.6258755208333,1200.0,1200.0
2,2025-07-05,0:00-4:00,433.4577660337093,390.111989430338,1200.0,1200.0
2,2025-07-05,4:00-8:00,1048.548598030599,676.2191682275388,1200.0,1200.0
2,2025-07-05,8:00-12:00,9822.094545872149,0.0,1200.0,1200.0
2,2025-07-05,12:00-16:00,0.0,155.22785286458338,1200.0,1200.0
2,2025-07-05,16:00-20:00,0.0,8952.131808420349,1200.0,1200.0
2,2025-07-05,20:00-24:00,521.5587973234955,469.4029175911458,1200.0,1200.0
2,2025-07-06,0:00-4:00,7214.926162126489,1527.622584895985,1200.0,1200.0
2,2025-07-06,4:00-8:00,1497.5469971354169,6313.60325843973,1200.0,1200.0
2,2025-07-06,8:00-12:00,1542.5251000000003,4.817549999999964,1200.0,1200.0
2,2025-07-06,12:00-16:00,1246.7360361689819,2505.5174725520833,1200.0,1200.0
2,2025-07-06,16:00-20:00,0.0,0.0,1200.0,1200.0
2,2025-07-06,20:00-24:00,519.3083096788196,467.3774787109376,1200.0,1200.0
2,2025-07-07,0:00-4:00,6991.522164648439,1667.2640857684619,1200.0,1219.2377161456343
2,2025-07-07,4:00-8:00,1496.0196647623702,5971.5235607012655,1200.0,1219.2377161456343
2,2025-07-07,8:00-12:00,3071.4148532298877,12.889850000000024,1200.0,1219.2377161456343
2,2025-07-07,12:00-16:00,5278.82350970775,211.78999999999996,1200.0,1219.2377161456343
2,2025-07-07,16:00-20:00,96.52012011718756,7047.2050527872725,1200.0,1219.2377161456343
2,2025-07-07,20:00-24:00,677.4745645326966,921.6743400414921,1200.0,1219.2377161456343
2,2025-07-08,0:00-4:00,8392.41409144494,174.44586796875012,1219.2377161456343,1339.565912325095
2,2025-07-08,4:00-8:00,1781.8960153249423,6881.537399462891,1219.2377161456343,1339.565912325095
2,2025-07-08,8:00-12:00,4168.722439351854,2119.1463286612557,1219.2377161456343,1339.565912325095
2,2025-07-08,12:00-16:00,5076.022755454283,1444.514451953125,1219.2377161456343,1339.565912325095
2,2025-07-08,16:00-20:00,50.44618911132841,6495.808850220188,1219.2377161456343,1339.565912325095
2,2025-07-08,20:00-24:00,1110.6120809895833,1292.4959662430306,1219.2377161456343,1339.565912325095
2,2025-07-09,0:00-4:00,8438.139053207342,203.20192760416546,1339.565912325095,1318.0344219104145
2,2025-07-09,4:00-8:00,1770.4434777164017,6642.644872275607,1339.565912325095,1318.0344219104145
2,2025-07-09,8:00-12:00,5602.44212200883,1867.5727333333332,1339.565912325095,1318.0344219104145
2,2025-07-09,12:00-16:00,4732.180822435611,800.5095833333335,1339.565912325095,1318.0344219104145
2,2025-07-09,16:00-20:00,23.77811373878729,5832.755306817144,1339.565912325095,1318.0344219104145
2,2025-07-09,20:00-24:00,1095.9201861979168,4170.355539749365,1339.565912325095,1318.0344219104145
2,2025-07-10,0:00-4:00,8702.640972072957,108.01176119804131,1318.0344219104145,1374.9071556130086
2,2025-07-10,4:00-8:00,1696.7043140320952,6487.067719673029,1318.0344219104145,1374.9071556130086
2,2025-07-10,8:00-12:00,5651.188476891635,2219.6753833333332,1318.0344219104145,1374.9071556130086
2,2025-07-10,12:00-16:00,4385.765152737995,1142.1526151041667,1318.0344219104145,1374.9071556130086
2,2025-07-10,16:00-20:00,558.7711867289225,6005.182841796176,1318.0344219104145,1374.9071556130086
2,2025-07-10,20:00-24:00,1196.908509375,3956.7362169718695,1318.0344219104145,1374.9071556130086
2,2025-07-11,0:00-4:00,1525.9277351200826,161.81226653658507,1374.9071556130086,1461.1512420368224
2,2025-07-11,4:00-8:00,1139.17212369709,2197.6701886384553,1374.9071556130086,1461.1512420368224
2,2025-07-11,8:00-12:00,8360.452566666667,0.0,1374.9071556130086,1461.1512420368224
2,2025-07-11,12:00-16:00,1531.0149292054807,0.0,1374.9071556130086,1461.1512420368224
2,2025-07-11,16:00-20:00,159.0966189082373,6341.020817198637,1374.9071556130086,1461.1512420368224
2,2025-07-11,20:00-24:00,929.6655474971068,3498.4749722656256,1374.9071556130086,1461.1512420368224
2,2025-07-12,0:00-4:00,1837.2195050128068,398.59873437500113,1461.1512420368224,1274.6020728242152
2,2025-07-12,4:00-8:00,1256.7682609142264,2201.8436,1461.1512420368224,1274.6020728242152
2,2025-07-12,8:00-12:00,9555.301899999999,0.0,1461.1512420368224,1274.6020728242152
2,2025-07-12,12:00-16:00,86.16328248034752,133.70346666666651,1461.1512420368224,1274.6020728242152
2,2025-07-12,16:00-20:00,289.7782897786459,6593.348241397729,1461.1512420368224,1274.6020728242152
2,2025-07-12,20:00-24:00,840.7007004340275,3328.8207834158493,1461.1512420368224,1274.6020728242152
2,2025-07-13,0:00-4:00,8610.832458784473,106.6414402343305,1274.6020728242152,1485.694000461909
2,2025-07-13,4:00-8:00,1586.8746251590924,5863.909058143656,1274.6020728242152,1485.694000461909
2,2025-07-13,8:00-12:00,6540.540784804436,1851.4930666666664,1274.6020728242152,1485.694000461909
2,2025-07-13,12:00-16:00,2407.9656117585364,372.96264661458343,1274.6020728242152,1485.694000461909
2,2025-07-13,16:00-20:00,42.82938975332728,5825.375638899934,1274.6020728242152,1485.694000461909
2,2025-07-13,20:00-24:00,1049.3332695312502,3993.8972891496674,1274.6020728242152,1485.694000461909
2,2025-07-14,0:00-4:00,8317.290933947621,131.29451054691538,1485.694000461909,1429.5439327368185
2,2025-07-14,4:00-8:00,1686.6663880118301,5980.036361189778,1485.694000461909,1429.5439327368185
2,2025-07-14,8:00-12:00,3096.3654857385754,1602.5931666666663,1485.694000461909,1429.5439327368185
2,2025-07-14,12:00-16:00,4611.179171527779,183.94025872395832,1485.694000461909,1429.5439327368185
2,2025-07-14,16:00-20:00,81.30682239176429,6382.7163259644185,1485.694000461909,1429.5439327368185
2,2025-07-14,20:00-24:00,1117.7779949218657,2792.216125228956,1485.694000461909,1429.5439327368185
2,2025-07-15,0:00-4:00,8448.033758719368,358.5646858073145,1429.5439327368185,1557.9081095101985
2,2025-07-15,4:00-8:00,1917.718396094183,6240.693570729538,1429.5439327368185,1557.9081095101985
2,2025-07-15,8:00-12:00,4637.2116349392345,1177.9008333333334,1429.5439327368185,1557.9081095101985
2,2025-07-15,12:00-16:00,2730.743339163775,819.9333279947919,1429.5439327368185,1557.9081095101985
2,2025-07-15,16:00-20:00,267.13207862955744,6045.780166993197,1429.5439327368185,1557.9081095101985
2,2025-07-15,20:00-24:00,1264.8254411458258,2574.44864839167,1429.5439327368185,1557.9081095101985
2,2025-07-16,0:00-4:00,8349.208648425683,151.36558437493238,1557.9081095101985,1312.5945620780872
2,2025-07-16,4:00-8:00,1655.0545383707683,6513.306044018844,1557.9081095101985,1312.5945620780872
2,2025-07-16,8:00-12:00,4900.376749348952,1197.0075166666668,1557.9081095101985,1312.5945620780872
2,2025-07-16,12:00-16:00,3938.2289546434445,955.4895496093745,1557.9081095101985,1312.5945620780872
2,2025-07-16,16:00-20:00,304.3295569315595,5905.62084093603,1557.9081095101985,1312.5945620780872
2,2025-07-16,20:00-24:00,1241.0093617187508,3859.322358123767,1557.9081095101985,1312.5945620780872
2,2025-07-17,0:00-4:00,8352.008078645835,231.98067878784184,1312.5945620780872,1202.3353435961153
2,2025-07-17,4:00-8:00,1868.6573937368394,6330.261844725331,1312.5945620780872,1202.3353435961153
2,2025-07-17,8:00-12:00,3862.9963589409745,2414.696233333333,1312.5945620780872,1202.3353435961153
2,2025-07-17,12:00-16:00,5324.959932132522,655.963410546875,1312.5945620780872,1202.3353435961153
2,2025-07-17,16:00-20:00,43.35878319295284,6243.533531740252,1312.5945620780872,1202.3353435961153
2,2025-07-17,20:00-24:00,1116.2981600911457,2739.616215962553,1312.5945620780872,1202.3353435961153
2,2025-07-18,0:00-4:00,1822.1021885959312,98.69867337239577,1202.3353435961153,1511.5211364512638
2,2025-07-18,4:00-8:00,1140.8959500447434,2000.9153593261717,1202.3353435961153,1511.5211364512638
2,2025-07-18,8:00-12:00,8429.1773,0.0,1202.3353435961153,1511.5211364512638
2,2025-07-18,12:00-16:00,1057.5558863800604,153.8918235677082,1202.3353435961153,1511.5211364512638
2,2025-07-18,16:00-20:00,194.46204004539197,6220.34395061965,1202.3353435961153,1511.5211364512638
2,2025-07-18,20:00-24:00,1084.4767377314815,3588.6338879557293,1202.3353435961153,1511.5211364512638
2,2025-07-19,0:00-4:00,1504.6678226992033,261.6382494141081,1511.5211364512638,1336.559618958436
2,2025-07-19,4:00-8:00,1420.2685359241486,1733.1699084493002,1511.5211364512638,1336.559618958436
2,2025-07-19,8:00-12:00,9082.433552495882,0.0,1511.5211364512638,1336.559618958436
2,2025-07-19,12:00-16:00,0.0,0.0,1511.5211364512638,1336.559618958436
2,2025-07-19,16:00-20:00,103.7590576538089,6630.797828974017,1511.5211364512638,1336.559618958436
2,2025-07-19,20:00-24:00,968.7762401692706,3312.291770657677,1511.5211364512638,1336.559618958436
2,2025-07-20,0:00-4:00,8407.93569414069,212.01729999999975,1336.559618958436,1340.3857880660019
2,2025-07-20,4:00-8:00,1809.6677886723837,6466.399963753542,1336.559618958436,1340.3857880660019
2,2025-07-20,8:00-12:00,3512.4070961516227,1609.5585666666664,1336.559618958436,1340.3857880660019
2,2025-07-20,12:00-16:00,4865.854966507524,449.7818852864584,1336.559618958436,1340.3857880660019
2,2025-07-20,16:00-20:00,901.6858821065266,5622.449286255676,1336.559618958436,1340.3857880660019
2,2025-07-20,20:00-24:00,1084.3632592447916,4159.886393450972,1336.559618958436,1340.3857880660019
2,2025-07-21,0:00-4:00,8588.529289231526,103.31833411458342,1340.3857880660019,1385.1669281733484
2,2025-07-21,4:00-8:00,1561.9537629512597,6523.872470653534,1340.3857880660019,1385.1669281733484
2,2025-07-21,8:00-12:00,5629.115291608797,2068.8478999999998,1340.3857880660019,1385.1669281733484
2,2025-07-21,12:00-16:00,3892.3181322627315,623.780694140625,1340.3857880660019,1385.1669281733484
2,2025-07-21,16:00-20:00,156.1020052357993,6070.222911490951,1340.3857880660019,1385.1669281733484
2,2025-07-21,20:00-24:00,1064.8400484375002,3371.0472466676615,1340.3857880660019,1385.1669281733484
2,2025-07-22,0:00-4:00,8372.531164448535,162.25132083335575,1385.1669281733484,1200.956573551392
2,2025-07-22,4:00-8:00,1704.5996496212958,6589.351813369783,1385.1669281733484,1200.956573551392
2,2025-07-22,8:00-12:00,4839.000245366753,1504.9361499999995,1385.1669281733484,1200.956573551392
2,2025-07-22,12:00-16:00,5030.852667462384,1134.488583333333,1385.1669281733484,1200.956573551392
2,2025-07-22,16:00-20:00,530.3291726306085,5796.238151825365,1385.1669281733484,1200.956573551392
2,2025-07-22,20:00-24:00,1048.6264341435185,4360.836667701757,1385.1669281733484,1200.956573551392
2,2025-07-23,0:00-4:00,8462.069171875006,247.36657923177108,1200.956573551392,1386.477394976448
2,2025-07-23,4:00-8:00,1881.1339853120467,6308.125940293841,1200.956573551392,1386.477394976448
2,2025-07-23,8:00-12:00,5266.175367578125,2012.1121666666668,1200.956573551392,1386.477394976448
2,2025-07-23,12:00-16:00,5004.4699701892505,1336.1939563802082,1200.956573551392,1386.477394976448
2,2025-07-23,16:00-20:00,181.69711232096358,5986.462475093587,1200.956573551392,1386.477394976448
2,2025-07-23,20:00-24:00,1131.2626005208335,3667.8657646239644,1200.956573551392,1386.477394976448
2,2025-07-24,0:00-4:00,8264.157525733242,188.70759134114576,1386.477394976448,1563.915135644527
2,2025-07-24,4:00-8:00,1819.3557117597047,6149.61691580847,1386.477394976448,1563.915135644527
2,2025-07-24,8:00-12:00,5538.115078367335,1142.4290833333334,1386.477394976448,1563.915135644527
2,2025-07-24,12:00-16:00,3683.1163289932138,1400.867668684896,1386.477394976448,1563.915135644527
2,2025-07-24,16:00-20:00,243.49323762308745,6103.738649222889,1386.477394976448,1563.915135644527
2,2025-07-24,20:00-24:00,1372.9883519531252,3675.411481580374,1386.477394976448,1563.915135644527
2,2025-07-25,0:00-4:00,1120.45716470269,259.66588697915745,1563.915135644527,1443.8129765948229
2,2025-07-25,4:00-8:00,1063.5814955078126,1988.685743304044,1563.915135644527,1443.8129765948229
2,2025-07-25,8:00-12:00,10049.818095872148,0.0,1563.915135644527,1443.8129765948229
2,2025-07-25,12:00-16:00,0.0,0.0,1563.915135644527,1443.8129765948229
2,2025-07-25,16:00-20:00,13.437587760416534,6429.364105132753,1563.915135644527,1443.8129765948229
2,2025-07-25,20:00-24:00,1066.239887528935,3418.4039851691055,1563.915135644527,1443.8129765948229
2,2025-07-26,0:00-4:00,1352.4682521701352,356.8566356119791,1443.8129765948229,1664.9079799609215
2,2025-07-26,4:00-8:00,1454.9233240152676,2047.6322666983724,1443.8129765948229,1664.9079799609215
2,2025-07-26,8:00-12:00,9726.54982920548,0.0,1443.8129765948229,1664.9079799609215
2,2025-07-26,12:00-16:00,0.0,32.11416341145832,1443.8129765948229,1664.9079799609215
2,2025-07-26,16:00-20:00,114.87691177662076,6180.178134621592,1443.8129765948229,1664.9079799609215
2,2025-07-26,20:00-24:00,1194.1743070529512,3632.163024479167,1443.8129765948229,1664.9079799609215
2,2025-07-27,0:00-4:00,8001.067784178796,130.0041404947916,1664.9079799609215,1410.0494434333232
2,2025-07-27,4:00-8:00,1584.9871172932947,7214.633158138546,1664.9079799609215,1410.0494434333232
2,2025-07-27,8:00-12:00,5411.205015364583,1723.8625484108757,1664.9079799609215,1410.0494434333232
2,2025-07-27,12:00-16:00,5045.1848811631935,935.8972575520833,1664.9079799609215,1410.0494434333232
2,2025-07-27,16:00-20:00,350.58423068033846,6129.117273820806,1664.9079799609215,1410.0494434333232
2,2025-07-27,20:00-24:00,1216.2513614583336,3556.618009676914,1664.9079799609215,1410.0494434333232
2,2025-07-28,0:00-4:00,8434.893016575284,236.89442480468733,1410.0494434333232,1263.1496803562993
2,2025-07-28,4:00-8:00,1835.516905254213,5846.038504891205,1410.0494434333232,1263.1496803562993
2,2025-07-28,8:00-12:00,4474.848051210689,3060.1901666666663,1410.0494434333232,1263.1496803562993
2,2025-07-28,12:00-16:00,3079.6062039930557,1121.0401860677084,1410.0494434333232,1263.1496803562993
2,2025-07-28,16:00-20:00,187.584601427714,6146.311016934594,1410.0494434333232,1263.1496803562993
2,2025-07-28,20:00-24:00,972.7760246961808,815.5893751953126,1410.0494434333232,1263.1496803562993
2,2025-07-29,0:00-4:00,8452.153254492187,158.68026998698042,1263.1496803562993,1597.5606528820526
2,2025-07-29,4:00-8:00,1758.9630783443708,5411.9049621623335,1263.1496803562993,1597.5606528820526
2,2025-07-29,8:00-12:00,5215.248259375001,2777.6685500000003,1263.1496803562993,1597.5606528820526
2,2025-07-29,12:00-16:00,4727.842218606585,743.0817333333334,1263.1496803562993,1597.5606528820526
2,2025-07-29,16:00-20:00,71.34967013888935,5809.9501121122885,1263.1496803562993,1597.5606528820526
2,2025-07-29,20:00-24:00,1141.357058072917,4011.6864532120067,1263.1496803562993,1597.5606528820526
2,2025-07-30,0:00-4:00,7962.286611601685,143.49121178385428,1597.5606528820526,1524.4197431539824
2,2025-07-30,4:00-8:00,1678.2946574974699,6200.501840675497,1597.5606528820526,1524.4197431539824
2,2025-07-30,8:00-12:00,6143.439983333334,2709.6892410811483,1597.5606528820526,1524.4197431539824
2,2025-07-30,12:00-16:00,4345.760481751777,847.6080186197916,1597.5606528820526,1524.4197431539824
2,2025-07-30,16:00-20:00,235.02476118977825,5891.839299297775,1597.5606528820526,1524.4197431539824
2,2025-07-30,20:00-24:00,1228.7810798177084,3710.4867656777496,1597.5606528820526,1524.4197431539824
2,2025-07-31,0:00-4:00,8380.893080623231,144.80023763020824,1524.4197431539824,1447.9764766621029
2,2025-07-31,4:00-8:00,1711.4176372541915,5574.284158762208,1524.4197431539824,1447.9764766621029
2,2025-07-31,8:00-12:00,5373.27430589819,2697.5916499999994,1524.4197431539824,1447.9764766621029
2,2025-07-31,12:00-16:00,3949.324446021413,1121.4271178385418,1524.4197431539824,1447.9764766621029
2,2025-07-31,16:00-20:00,395.8514076660157,6157.261384768995,1524.4197431539824,1447.9764766621029
2,2025-07-31,20:00-24:00,1325.1024792968751,3399.4329222532406,1524.4197431539824,1447.9764766621029
2,2025-08-01,0:00-4:00,1503.1296960140517,337.980187890624,1447.9764766621029,1632.4195430843315
2,2025-08-01,4:00-8:00,1400.64018309296,1763.5334983622233,1447.9764766621029,1632.4195430843315
2,2025-08-01,8:00-12:00,9289.143682914131,0.0,1447.9764766621029,1632.4195430843315
2,2025-08-01,12:00-16:00,0.0,0.0,1447.9764766621029,1632.4195430843315
2,2025-08-01,16:00-20:00,69.50689478352865,6403.559667159809,1447.9764766621029,1632.4195430843315
2,2025-08-01,20:00-24:00,1291.869846462674,3518.80986297196,1447.9764766621029,1632.4195430843315
2,2025-08-02,0:00-4:00,960.2368432942709,177.29692356772006,1632.4195430843315,1663.3764782497453
2,2025-08-02,4:00-8:00,1327.7935910051347,1815.310044189453,1632.4195430843315,1663.3764782497453
2,2025-08-02,8:00-12:00,9589.455599886554,0.0,1632.4195430843315,1663.3764782497453
2,2025-08-02,12:00-16:00,0.0,68.10891666666672,1632.4195430843315,1663.3764782497453
2,2025-08-02,16:00-20:00,128.5287498433433,6576.134423631725,1632.4195430843315,1663.3764782497453
2,2025-08-02,20:00-24:00,1342.575197887732,3347.5123483195093,1632.4195430843315,1663.3764782497453
2,2025-08-03,0:00-4:00,8089.981054509173,123.37682786458345,1663.3764782497453,1354.879455361928
2,2025-08-03,4:00-8:00,1714.513660026635,6029.864096224379,1663.3764782497453,1354.879455361928
2,2025-08-03,8:00-12:00,4900.828333333333,844.3478333333334,1663.3764782497453,1354.879455361928
2,2025-08-03,12:00-16:00,2700.622388888893,0.0,1663.3764782497453,1354.879455361928
2,2025-08-03,16:00-20:00,67.55317111545135,5928.032933657838,1663.3764782497453,1354.879455361928
2,2025-08-03,20:00-24:00,949.899658463542,3948.102721735167,1663.3764782497453,1354.879455361928
2,2025-08-04,0:00-4:00,7030.131032161467,206.30014251289072,1354.879455361928,1348.9315676491722
2,2025-08-04,4:00-8:00,1119.3285807408133,6071.376288542668,1354.879455361928,1348.9315676491722
2,2025-08-04,8:00-12:00,4303.402433333333,940.3756666666667,1354.879455361928,1348.9315676491722
2,2025-08-04,12:00-16:00,3959.300395134299,672.409759375,1354.879455361928,1348.9315676491722
2,2025-08-04,16:00-20:00,49.76739415690099,6434.629229161001,1354.879455361928,1348.9315676491722
2,2025-08-04,20:00-24:00,1244.4447888020832,1616.2887373695432,1354.879455361928,1348.9315676491722
2,2025-08-05,0:00-4:00,7417.744705077206,124.56096940104146,1348.9315676491722,1221.7975582944082
2,2025-08-05,4:00-8:00,1794.9805271665418,5960.35735567538,1348.9315676491722,1221.7975582944082
2,2025-08-05,8:00-12:00,3347.9171,1338.1039833333332,1348.9315676491722,1221.7975582944082
2,2025-08-05,12:00-16:00,5354.45464969618,104.54220442708328,1348.9315676491722,1221.7975582944082
2,2025-08-05,16:00-20:00,462.21885385742155,5787.60256917392,1348.9315676491722,1221.7975582944082
2,2025-08-05,20:00-24:00,1030.5296954427083,4272.503807394359,1348.9315676491722,1221.7975582944082
2,2025-08-06,0:00-4:00,8697.362629596106,139.01623437494618,1221.7975582944082,1200.0
2,2025-08-06,4:00-8:00,1554.7987659721612,5572.877906510416,1221.7975582944082,1200.0
2,2025-08-06,8:00-12:00,4321.957914301213,1218.9787333333336,1221.7975582944082,1200.0
2,2025-08-06,12:00-16:00,3223.162419032122,1630.4790975549754,1221.7975582944082,1200.0
2,2025-08-06,16:00-20:00,185.55832311197878,6073.245014928949,1221.7975582944082,1200.0
2,2025-08-06,20:00-24:00,996.6838459635416,2467.653500968974,1221.7975582944082,1200.0
2,2025-08-07,0:00-4:00,8472.032422629942,123.12485019531266,1200.0,1285.6165249296876
2,2025-08-07,4:00-8:00,1918.795979949697,6428.026495932126,1200.0,1285.6165249296876
2,2025-08-07,8:00-12:00,5085.629749999998,1111.0658000000003,1200.0,1285.6165249296876
2,2025-08-07,12:00-16:00,3178.622911211881,19.996149999999943,1200.0,1285.6165249296876
2,2025-08-07,16:00-20:00,11.339954533104528,5711.205494953856,1200.0,1285.6165249296876
2,2025-08-07,20:00-24:00,1079.9113751302084,4297.057395790137,1200.0,1285.6165249296876
2,2025-08-08,0:00-4:00,1754.4375793096133,102.82053190104159,1285.6165249296876,1436.2170512669236
2,2025-08-08,4:00-8:00,1685.8231829417314,2156.393883333333,1285.6165249296876,1436.2170512669236
2,2025-08-08,8:00-12:00,9099.018248061308,0.0,1285.6165249296876,1436.2170512669236
2,2025-08-08,12:00-16:00,0.0,0.0,1285.6165249296876,1436.2170512669236
2,2025-08-08,16:00-20:00,146.3021940212679,6231.639164099016,1285.6165249296876,1436.2170512669236
2,2025-08-08,20:00-24:00,1034.979441442419,3714.7787978515626,1285.6165249296876,1436.2170512669236
2,2025-08-09,0:00-4:00,1680.977249195158,258.4386238932291,1436.2170512669236,1392.8670463794638
2,2025-08-09,4:00-8:00,1583.4633134563128,2152.213327331543,1436.2170512669236,1392.8670463794638
2,2025-08-09,8:00-12:00,9284.355483190788,0.0,1436.2170512669236,1392.8670463794638
2,2025-08-09,12:00-16:00,0.0,0.0,1436.2170512669236,1392.8670463794638
2,2025-08-09,16:00-20:00,40.47902466001156,6317.687508173176,1436.2170512669236,1392.8670463794638
2,2025-08-09,20:00-24:00,913.8575288194445,3465.605305598735,1436.2170512669236,1392.8670463794638
2,2025-08-10,0:00-4:00,8419.438523671688,117.51681634114595,1392.8670463794638,1474.4146370763833
2,2025-08-10,4:00-8:00,1637.751450896589,5533.53651179657,1392.8670463794638,1474.4146370763833
2,2025-08-10,8:00-12:00,4839.040516666666,1090.8280000000002,1392.8670463794638,1474.4146370763833
2,2025-08-10,12:00-16:00,2522.2678351851882,426.30785742187504,1392.8670463794638,1474.4146370763833
2,2025-08-10,16:00-20:00,316.85455660349515,5647.279105182604,1392.8670463794638,1474.4146370763833
2,2025-08-10,20:00-24:00,1259.927078776042,4202.920837587077,1392.8670463794638,1474.4146370763833
2,2025-08-11,0:00-4:00,8255.490365050382,196.64358717447908,1474.4146370763833,1359.33999115505
2,2025-08-11,4:00-8:00,1798.139067197172,6031.489956831679,1474.4146370763833,1359.33999115505
2,2025-08-11,8:00-12:00,4648.0343833333345,1596.6784000000002,1474.4146370763833,1359.33999115505
2,2025-08-11,12:00-16:00,3903.9725520543993,229.36354947916644,1474.4146370763833,1359.33999115505
2,2025-08-11,16:00-20:00,259.70610367476377,5866.068760286458,1474.4146370763833,1359.33999115505
2,2025-08-11,20:00-24:00,1140.08449296875,4193.8094086937845,1474.4146370763833,1359.33999115505
2,2025-08-12,0:00-4:00,7111.226083361287,231.00803300781274,1359.33999115505,1551.1022442479073
2,2025-08-12,4:00-8:00,1775.6795707328479,5641.333365907593,1359.33999115505,1551.1022442479073
2,2025-08-12,8:00-12:00,2858.596316666666,949.4101666666668,1359.33999115505,1551.1022442479073
2,2025-08-12,12:00-16:00,3901.7853468750004,927.0655680266212,1359.33999115505,1551.1022442479073
2,2025-08-12,16:00-20:00,143.4149906412763,6537.140643073527,1359.33999115505,1551.1022442479073
2,2025-08-12,20:00-24:00,1212.0444635416666,834.5926712489234,1359.33999115505,1551.1022442479073
2,2025-08-13,0:00-4:00,8136.554975487339,184.2235504557292,1551.1022442479073,1760.2012504483594
2,2025-08-13,4:00-8:00,1745.914750368303,5991.884729298734,1551.1022442479073,1760.2012504483594
2,2025-08-13,8:00-12:00,2735.5993500000004,1041.2793666666666,1551.1022442479073,1760.2012504483594
2,2025-08-13,12:00-16:00,5239.74822712216,80.3731000000001,1551.1022442479073,1760.2012504483594
2,2025-08-13,16:00-20:00,51.87926085069414,5775.5891730302155,1551.1022442479073,1760.2012504483594
2,2025-08-13,20:00-24:00,1368.356537369792,4078.5291368057815,1551.1022442479073,1760.2012504483594
2,2025-08-14,0:00-4:00,8065.060140247463,285.79937330730013,1760.2012504483594,1412.8676972499704
2,2025-08-14,4:00-8:00,1815.7273036530805,6657.929968098959,1760.2012504483594,1412.8676972499704
2,2025-08-14,8:00-12:00,4619.463202864583,1846.7398000000003,1760.2012504483594,1412.8676972499704
2,2025-08-14,12:00-16:00,4798.592244328711,78.72762382812499,1760.2012504483594,1412.8676972499704
2,2025-08-14,16:00-20:00,64.96120507761646,6609.0044139259835,1760.2012504483594,1412.8676972499704
2,2025-08-14,20:00-24:00,1081.1230386718748,3251.7427829704684,1760.2012504483594,1412.8676972499704
2,2025-08-15,0:00-4:00,1900.3472156611688,269.9000219401042,1412.8676972499704,1230.314649883311
2,2025-08-15,4:00-8:00,1280.7698985026043,2432.3356248828118,1412.8676972499704,1230.314649883311
2,2025-08-15,8:00-12:00,9716.273195872145,0.0,1412.8676972499704,1230.314649883311
2,2025-08-15,12:00-16:00,0.0,0.0,1412.8676972499704,1230.314649883311
2,2025-08-15,16:00-20:00,185.30763770617665,6329.513474335779,1412.8676972499704,1230.314649883311
2,2025-08-15,20:00-24:00,973.167318648727,3791.7146456380206,1412.8676972499704,1230.314649883311
2,2025-08-16,0:00-4:00,1871.9372058059041,326.2913538411458,1230.314649883311,1498.9770039649816
2,2025-08-16,4:00-8:00,1672.4257691571593,2211.9070426434555,1230.314649883311,1498.9770039649816
2,2025-08-16,8:00-12:00,9363.19153141359,0.0,1230.314649883311,1498.9770039649816
2,2025-08-16,12:00-16:00,0.0,0.0,1230.314649883311,1498.9770039649816
2,2025-08-16,16:00-20:00,35.030042751732736,6611.907755812765,1230.314649883311,1498.9770039649816
2,2025-08-16,20:00-24:00,1080.1132212745952,3215.4463529331033,1230.314649883311,1498.9770039649816
2,2025-08-17,0:00-4:00,6338.4171887106895,300.349391731771,1498.9770039649816,1432.3198386596368
2,2025-08-17,4:00-8:00,984.1965848304902,6454.968628387705,1498.9770039649816,1432.3198386596368
2,2025-08-17,8:00-12:00,5407.022283333334,118.6688662303466,1498.9770039649816,1432.3198386596368
2,2025-08-17,12:00-16:00,4712.266229205481,0.0,1498.9770039649816,1432.3198386596368
2,2025-08-17,16:00-20:00,239.186802636719,6149.562927388923,1498.9770039649816,1432.3198386596368
2,2025-08-17,20:00-24:00,1161.2441709635418,3997.7866593940566,1498.9770039649816,1432.3198386596368
2,2025-08-18,0:00-4:00,6890.025238155493,257.40818424479164,1432.3198386596368,1515.5454966236116
2,2025-08-18,4:00-8:00,1701.3601003031415,6324.218426026111,1432.3198386596368,1515.5454966236116
2,2025-08-18,8:00-12:00,5325.181016666666,1371.0181450840557,1432.3198386596368,1515.5454966236116
2,2025-08-18,12:00-16:00,4524.826361588542,174.63270416666666,1432.3198386596368,1515.5454966236116
2,2025-08-18,16:00-20:00,159.30218895874015,6080.064864299138,1432.3198386596368,1515.5454966236116
2,2025-08-18,20:00-24:00,1095.1665643229164,3439.978207495491,1432.3198386596368,1515.5454966236116
2,2025-08-19,0:00-4:00,7558.395636925756,249.3793305338578,1515.5454966236116,1390.7829683617663
2,2025-08-19,4:00-8:00,1817.2170901886489,5733.271383267077,1515.5454966236116,1390.7829683617663
2,2025-08-19,8:00-12:00,4621.532383333333,1131.4490666666666,1515.5454966236116,1390.7829683617663
2,2025-08-19,12:00-16:00,3694.0845554752123,510.1570984664344,1515.5454966236116,1390.7829683617663
2,2025-08-19,16:00-20:00,607.1761538370765,5731.939792917341,1515.5454966236116,1390.7829683617663
2,2025-08-19,20:00-24:00,1021.4347283854166,4150.019948264091,1515.5454966236116,1390.7829683617663
2,2025-08-20,0:00-4:00,7419.488295138717,135.69058125000015,1390.7829683617663,1200.0
2,2025-08-20,4:00-8:00,1901.243695836211,7158.013016666666,1390.7829683617663,1200.0
2,2025-08-20,8:00-12:00,2537.46,1275.9478095980749,1390.7829683617663,1200.0
2,2025-08-20,12:00-16:00,3840.5923479890043,365.14749062500005,1390.7829683617663,1200.0
2,2025-08-20,16:00-20:00,448.5933864238741,5778.833670346592,1390.7829683617663,1200.0
2,2025-08-20,20:00-24:00,1131.1447676649307,1018.0302908984373,1390.7829683617663,1200.0
2,2025-08-21,0:00-4:00,8577.072328163806,224.84477096354158,1200.0,1341.3894545610074
2,2025-08-21,4:00-8:00,1969.6892595214847,5349.031296513989,1200.0,1341.3894545610074
2,2025-08-21,8:00-12:00,6533.405393528397,771.2317000000003,1200.0,1341.3894545610074
2,2025-08-21,12:00-16:00,405.92061350502826,376.63739361979145,1200.0,1341.3894545610074
2,2025-08-21,16:00-20:00,227.03656469907338,5969.908617019145,1200.0,1341.3894545610074
2,2025-08-21,20:00-24:00,1119.8536717737272,4123.892455893392,1200.0,1341.3894545610074
2,2025-08-22,0:00-4:00,1852.6811897352436,490.40345527343567,1341.3894545610074,1475.4399298598223
2,2025-08-22,4:00-8:00,1494.4965208533106,2198.284338318763,1341.3894545610074,1475.4399298598223
2,2025-08-22,8:00-12:00,9610.504112538816,0.0,1341.3894545610074,1475.4399298598223
2,2025-08-22,12:00-16:00,0.0,3.380833333333309,1341.3894545610074,1475.4399298598223
2,2025-08-22,16:00-20:00,39.02038862304693,7327.3133610648565,1341.3894545610074,1475.4399298598223
2,2025-08-22,20:00-24:00,993.7035995442709,2444.8117951631075,1341.3894545610074,1475.4399298598223
2,2025-08-23,0:00-4:00,1671.861731732856,111.50016100259177,1475.4399298598223,1232.2950382439383
2,2025-08-23,4:00-8:00,1274.6257249271873,2196.620295271557,1475.4399298598223,1232.2950382439383
2,2025-08-23,8:00-12:00,9447.04016165647,0.0,1475.4399298598223,1232.2950382439383
2,2025-08-23,12:00-16:00,0.0,0.0,1475.4399298598223,1232.2950382439383
2,2025-08-23,16:00-20:00,97.69663920400998,6339.6218909893805,1475.4399298598223,1232.2950382439383
2,2025-08-23,20:00-24:00,926.8843938295719,3659.222936633853,1475.4399298598223,1232.2950382439383
2,2025-08-24,0:00-4:00,8439.203325610284,81.72268951824492,1232.2950382439383,1297.1742005410315
2,2025-08-24,4:00-8:00,1760.0942363570775,6581.412801692712,1232.2950382439383,1297.1742005410315
2,2025-08-24,8:00-12:00,6555.8703000000005,1297.5173333333335,1232.2950382439383,1297.1742005410315
2,2025-08-24,12:00-16:00,2190.296622337965,552.0070467881945,1232.2950382439383,1297.1742005410315
2,2025-08-24,16:00-20:00,131.54164529622392,5917.144372086398,1232.2950382439383,1297.1742005410315
2,2025-08-24,20:00-24:00,1139.941065885417,3703.8984548566286,1232.2950382439383,1297.1742005410315
2,2025-08-25,0:00-4:00,7228.258824095781,108.11059466145844,1297.1742005410315,1256.9183022883785
2,2025-08-25,4:00-8:00,1801.536118739144,7069.598952177056,1297.1742005410315,1256.9183022883785
2,2025-08-25,8:00-12:00,3128.7959499999997,1041.2934427676028,1297.1742005410315,1256.9183022883785
2,2025-08-25,12:00-16:00,2031.142297135418,1104.8324032552086,1297.1742005410315,1256.9183022883785
2,2025-08-25,16:00-20:00,256.1910665658313,3769.6839790759173,1297.1742005410315,1256.9183022883785
2,2025-08-25,20:00-24:00,1001.0210742766205,846.9215241145826,1297.1742005410315,1256.9183022883785
2,2025-08-26,0:00-4:00,8536.201556158605,74.24778795572979,1256.9183022883785,1774.1002525494896
2,2025-08-26,4:00-8:00,1685.639432479729,6565.885266601546,1256.9183022883785,1774.1002525494896
2,2025-08-26,8:00-12:00,6121.450753611471,1429.1314000000002,1256.9183022883785,1774.1002525494896
2,2025-08-26,12:00-16:00,2791.598987129273,98.7749833333334,1256.9183022883785,1774.1002525494896
2,2025-08-26,16:00-20:00,202.58803369151227,5891.201899934062,1256.9183022883785,1774.1002525494896
2,2025-08-26,20:00-24:00,1299.4254819010416,4023.3306043838875,1256.9183022883785,1774.1002525494896
2,2025-08-27,0:00-4:00,7574.847980369082,130.89143216146772,1774.1002525494896,1362.6655607082928
2,2025-08-27,4:00-8:00,1752.0534207038443,6645.391830907213,1774.1002525494896,1362.6655607082928
2,2025-08-27,8:00-12:00,3780.730450000001,2083.420183333333,1774.1002525494896,1362.6655607082928
2,2025-08-27,12:00-16:00,4405.251918995948,660.6811367187499,1774.1002525494896,1362.6655607082928
2,2025-08-27,16:00-20:00,297.27766643880227,5947.241146732566,1774.1002525494896,1362.6655607082928
2,2025-08-27,20:00-24:00,1117.2208727864588,1957.3395688996936,1774.1002525494896,1362.6655607082928
2,2025-08-28,0:00-4:00,8367.803374141822,154.2868955729167,1362.6655607082928,1362.3734906985505
2,2025-08-28,4:00-8:00,1831.529826952593,6796.580624739103,1362.6655607082928,1362.3734906985505
2,2025-08-28,8:00-12:00,1824.6645786693446,2268.2126,1362.6655607082928,1362.3734906985505
2,2025-08-28,12:00-16:00,5530.285089076968,258.40067317708326,1362.6655607082928,1362.3734906985505
2,2025-08-28,16:00-20:00,777.7083746765778,5981.603462792753,1362.6655607082928,1362.3734906985505
2,2025-08-28,20:00-24:00,1237.443033854167,2153.6836752925706,1362.6655607082928,1362.3734906985505
2,2025-08-29,0:00-4:00,2748.6744320674184,108.14620410156249,1362.3734906985505,1657.8926778021466
2,2025-08-29,4:00-8:00,1030.0783404947451,3138.889501904853,1362.3734906985505,1657.8926778021466
2,2025-08-29,8:00-12:00,9777.196503681698,0.0,1362.3734906985505,1657.8926778021466
2,2025-08-29,12:00-16:00,0.0,39.53425000000001,1362.3734906985505,1657.8926778021466
2,2025-08-29,16:00-20:00,209.97615736287355,6181.305138489592,1362.3734906985505,1657.8926778021466
2,2025-08-29,20:00-24:00,1074.9441234302667,3608.553389778646,1362.3734906985505,1657.8926778021466
2,2025-08-30,0:00-4:00,2352.348221110329,299.65178639322943,1657.8926778021466,1207.2392804297351
2,2025-08-30,4:00-8:00,1613.4394238928476,2141.3360290365795,1657.8926778021466,1207.2392804297351
2,2025-08-30,8:00-12:00,8383.048289423736,0.0,1657.8926778021466,1207.2392804297351
2,2025-08-30,12:00-16:00,0.0,0.0,1657.8926778021466,1207.2392804297351
2,2025-08-30,16:00-20:00,112.40978533980858,6496.408388477657,1657.8926778021466,1207.2392804297351
2,2025-08-30,20:00-24:00,790.6744036747688,3416.8592584867993,1657.8926778021466,1207.2392804297351
2,2025-08-31,0:00-4:00,7116.7623882812495,35.01240410156265,1207.2392804297351,1759.7238817930677
2,2025-08-31,4:00-8:00,1601.7880045409843,7267.104381903282,1207.2392804297351,1759.7238817930677
2,2025-08-31,8:00-12:00,3475.112166666667,551.4463519687639,1207.2392804297351,1759.7238817930677
2,2025-08-31,12:00-16:00,4299.530729673032,400.0693769531249,1207.2392804297351,1759.7238817930677
2,2025-08-31,16:00-20:00,415.1230945055165,5856.717220898418,1207.2392804297351,1759.7238817930677
2,2025-08-31,20:00-24:00,1545.5569609375004,1974.0033605758144,1207.2392804297351,1759.7238817930677
2,2025-09-01,0:00-4:00,9247.998168557333,0.0,1759.7238817930677,5302.5009208571655
2,2025-09-01,4:00-8:00,281.2895682291677,5843.563116666666,1759.7238817930677,5302.5009208571655
2,2025-09-01,8:00-12:00,4137.062586588541,770.0439999999999,1759.7238817930677,5302.5009208571655
2,2025-09-01,12:00-16:00,3211.389765263316,0.0,1759.7238817930677,5302.5009208571655
2,2025-09-01,16:00-20:00,0.0,4932.4592639324155,1759.7238817930677,5302.5009208571655
2,2025-09-01,20:00-24:00,3403.725822135417,3346.2795334203474,1759.7238817930677,5302.5009208571655
2,2025-09-02,0:00-4:00,5794.872841589875,0.0,5302.5009208571655,4918.5445524995675
2,2025-09-02,4:00-8:00,0.0,6693.3603,5302.5009208571655,4918.5445524995675
2,2025-09-02,8:00-12:00,4807.720683333333,1530.1275166666671,5302.5009208571655,4918.5445524995675
2,2025-09-02,12:00-16:00,4329.488001851854,0.0,5302.5009208571655,4918.5445524995675
2,2025-09-02,16:00-20:00,0.0,5039.148491536418,5302.5009208571655,4918.5445524995675
2,2025-09-02,20:00-24:00,3172.771722786458,3395.984610243263,5302.5009208571655,4918.5445524995675
2,2025-09-03,0:00-4:00,6199.598390302079,0.0,4918.5445524995675,4919.468894248089
2,2025-09-03,4:00-8:00,13.409255642361382,6018.110430078125,4918.5445524995675,4919.468894248089
2,2025-09-03,8:00-12:00,4525.050016666666,545.8599500000003,4918.5445524995675,4919.468894248089
2,2025-09-03,12:00-16:00,2866.369456568287,247.08510781249993,4918.5445524995675,4919.468894248089
2,2025-09-03,16:00-20:00,198.30904984085592,4906.396486262595,4918.5445524995675,4919.468894248089
2,2025-09-03,20:00-24:00,2938.9907537760414,3349.2253487849302,4918.5445524995675,4919.468894248089
2,2025-09-04,0:00-4:00,6198.624048548176,0.0,4919.468894248089,5004.107638363848
2,2025-09-04,4:00-8:00,0.0,6686.267383333333,4919.468894248089,5004.107638363848
2,2025-09-04,8:00-12:00,6488.642766666667,980.3952499999999,4919.468894248089,5004.107638363848
2,2025-09-04,12:00-16:00,2067.519640740739,33.88353333333331,4919.468894248089,5004.107638363848
2,2025-09-04,16:00-20:00,0.0,4951.868104686638,4919.468894248089,5004.107638363848
2,2025-09-04,20:00-24:00,3214.930630533854,3440.035743576597,4919.468894248089,5004.107638363848
2,2025-09-05,0:00-4:00,2333.7726802734455,0.0,5004.107638363848,5505.033119340571
2,2025-09-05,4:00-8:00,1854.901427148427,3597.7116143099292,5004.107638363848,5505.033119340571
2,2025-09-05,8:00-12:00,5918.190220458898,0.0,5004.107638363848,5505.033119340571
2,2025-09-05,12:00-16:00,0.0,0.0,5004.107638363848,5505.033119340571
2,2025-09-05,16:00-20:00,317.299690820376,5282.479073887546,5004.107638363848,5505.033119340571
2,2025-09-05,20:00-24:00,2986.302454152199,2714.0095,5004.107638363848,5505.033119340571
2,2025-09-06,0:00-4:00,2693.3610330729166,9.156122526034892,5505.033119340571,6037.220508726596
2,2025-09-06,4:00-8:00,1299.430007096374,4632.601506177692,5505.033119340571,6037.220508726596
2,2025-09-06,8:00-12:00,6746.102595515105,0.0,5505.033119340571,6037.220508726596
2,2025-09-06,12:00-16:00,0.0,0.0,5505.033119340571,6037.220508726596
2,2025-09-06,16:00-20:00,203.16357533404027,5048.270796027829,5505.033119340571,6037.220508726596
2,2025-09-06,20:00-24:00,3271.1552472873263,2596.9855,5505.033119340571,6037.220508726596
2,2025-09-07,0:00-4:00,5020.410395187334,0.0,6037.220508726596,4992.968650463693
2,2025-09-07,4:00-8:00,80.4773198393351,6007.307083726924,6037.220508726596,4992.968650463693
2,2025-09-07,8:00-12:00,4665.175907200272,1463.9639166666668,6037.220508726596,4992.968650463693
2,2025-09-07,12:00-16:00,3555.7589956199367,0.0,6037.220508726596,4992.968650463693
2,2025-09-07,16:00-20:00,0.0,4963.7816069008995,6037.220508726596,4992.968650463693
2,2025-09-07,20:00-24:00,3015.58326953125,3259.2769882380576,6037.220508726596,4992.968650463693
2,2025-09-08,0:00-4:00,5298.74118606748,102.49051972655434,4992.968650463693,1209.1126035727227
2,2025-09-08,4:00-8:00,820.1360703125,6629.2061430250715,4992.968650463693,1209.1126035727227
2,2025-09-08,8:00-12:00,3382.2131000000004,1186.5613666666663,4992.968650463693,1209.1126035727227
2,2025-09-08,12:00-16:00,3636.9303833333333,1642.7495596354167,4992.968650463693,1209.1126035727227
2,2025-09-08,16:00-20:00,8.934816428629688,5869.578420198143,4992.968650463693,1209.1126035727227
2,2025-09-08,20:00-24:00,971.1499643880206,865.3899931380208,4992.968650463693,1209.1126035727227
2,2025-09-09,0:00-4:00,8488.019266416137,145.74934772135418,1209.1126035727227,1290.478626060019
2,2025-09-09,4:00-8:00,1681.3231450351718,6705.94145436389,1209.1126035727227,1290.478626060019
2,2025-09-09,8:00-12:00,6409.377916666666,818.8077833333334,1209.1126035727227,1290.478626060019
2,2025-09-09,12:00-16:00,2240.752659169784,168.3124166666668,1209.1126035727227,1290.478626060019
2,2025-09-09,16:00-20:00,142.51432274773913,6174.124254338103,1209.1126035727227,1290.478626060019
2,2025-09-09,20:00-24:00,988.5075073567708,3865.319492667187,1209.1126035727227,1290.478626060019
2,2025-09-10,0:00-4:00,6657.116392708334,244.38772591145755,1290.478626060019,1433.922391277004
2,2025-09-10,4:00-8:00,1720.1203460105253,7380.960900309213,1290.478626060019,1433.922391277004
2,2025-09-10,8:00-12:00,3362.8100999999997,0.0,1290.478626060019,1433.922391277004
2,2025-09-10,12:00-16:00,2609.3103232349545,433.08840859375016,1290.478626060019,1433.922391277004
2,2025-09-10,16:00-20:00,457.40587978140525,5353.4852641209745,1290.478626060019,1433.922391277004
2,2025-09-10,20:00-24:00,1118.6701328342015,784.8848539062503,1290.478626060019,1433.922391277004
2,2025-09-11,0:00-4:00,8115.701029140376,52.93173932291677,1433.922391277004,1499.065104354924
2,2025-09-11,4:00-8:00,1676.3707718872352,6279.5306894668465,1433.922391277004,1499.065104354924
2,2025-09-11,8:00-12:00,7339.008553554439,1728.5034000000003,1433.922391277004,1499.065104354924
2,2025-09-11,12:00-16:00,1715.2815333119972,15.318474674479148,1433.922391277004,1499.065104354924
2,2025-09-11,16:00-20:00,108.46300218709325,6110.520398702934,1433.922391277004,1499.065104354924
2,2025-09-11,20:00-24:00,1107.0722489149307,3807.102919042568,1433.922391277004,1499.065104354924
2,2025-09-12,0:00-4:00,1779.4892748697919,340.57971679687483,1499.065104354924,1394.1328351935558
2,2025-09-12,4:00-8:00,1020.0699492187033,2298.4830744140213,1499.065104354924,1394.1328351935558
2,2025-09-12,8:00-12:00,9936.778979205483,0.0,1499.065104354924,1394.1328351935558
2,2025-09-12,12:00-16:00,0.0,0.0,1499.065104354924,1394.1328351935558
2,2025-09-12,16:00-20:00,49.635427951389765,6736.961440720072,1499.065104354924,1394.1328351935558
2,2025-09-12,20:00-24:00,775.861052199074,2929.174474348958,1499.065104354924,1394.1328351935558
2,2025-09-13,0:00-4:00,2655.587236334588,47.42773268229166,1394.1328351935558,1436.4128814032392
2,2025-09-13,4:00-8:00,1114.4204437535286,3025.7081208980817,1394.1328351935558,1436.4128814032392
2,2025-09-13,8:00-12:00,9559.24224937187,0.0,1394.1328351935558,1436.4128814032392
2,2025-09-13,12:00-16:00,0.0,0.0,1394.1328351935558,1436.4128814032392
2,2025-09-13,16:00-20:00,114.76692052408852,7185.49874995931,1394.1328351935558,1436.4128814032392
2,2025-09-13,20:00-24:00,847.5823787181714,2563.694328612406,1394.1328351935558,1436.4128814032392
2,2025-09-14,0:00-4:00,8236.301650467934,105.9236751953124,1436.4128814032392,1254.6230929368296
2,2025-09-14,4:00-8:00,1726.6852355518981,7208.200724609797,1436.4128814032392,1254.6230929368296
2,2025-09-14,8:00-12:00,3335.986266666667,1876.844749643993,1436.4128814032392,1254.6230929368296
2,2025-09-14,12:00-16:00,3065.2561669270835,275.4972642505795,1436.4128814032392,1254.6230929368296
2,2025-09-14,16:00-20:00,172.3197421549478,5640.708693923249,1436.4128814032392,1254.6230929368296
2,2025-09-14,20:00-24:00,856.8958620153362,719.3862598567712,1436.4128814032392,1254.6230929368296
2,2025-09-15,0:00-4:00,8399.514176210689,147.77522799479186,1254.6230929368296,1515.9882414160058
2,2025-09-15,4:00-8:00,1844.3931592375611,7533.476329136447,1254.6230929368296,1515.9882414160058
2,2025-09-15,8:00-12:00,7394.328981939856,1482.477583333333,1254.6230929368296,1515.9882414160058
2,2025-09-15,12:00-16:00,2605.395666825754,535.9450796079273,1254.6230929368296,1515.9882414160058
2,2025-09-15,16:00-20:00,547.4600068486534,6215.407202429544,1254.6230929368296,1515.9882414160058
2,2025-09-15,20:00-24:00,1187.822480056424,3617.988850450312,1254.6230929368296,1515.9882414160058
2,2025-09-16,0:00-4:00,7673.6821550282775,246.4105457682291,1515.9882414160058,1200.0
2,2025-09-16,4:00-8:00,1690.800744333474,7351.761349088531,1515.9882414160058,1200.0
2,2025-09-16,8:00-12:00,3619.5022500000005,1129.635481580534,1515.9882414160058,1200.0
2,2025-09-16,12:00-16:00,4254.165204398147,253.7604065104166,1515.9882414160058,1200.0
2,2025-09-16,16:00-20:00,441.74971977539064,6061.314846166247,1515.9882414160058,1200.0
2,2025-09-16,20:00-24:00,792.2076873770253,1881.787122718846,1515.9882414160058,1200.0
2,2025-09-17,0:00-4:00,8611.890338189854,104.50648509114569,1200.0,1200.0
2,2025-09-17,4:00-8:00,1610.7397799479165,7487.033208854566,1200.0,1200.0
2,2025-09-17,8:00-12:00,3254.6843795091677,1613.7980523782842,1200.0,1200.0
2,2025-09-17,12:00-16:00,6132.232062572339,112.02406953125005,1200.0,1200.0
2,2025-09-17,16:00-20:00,104.59998645295502,6178.160930327924,1200.0,1200.0
2,2025-09-17,20:00-24:00,895.5969612485535,3053.246410945535,1200.0,1200.0
2,2025-09-18,0:00-4:00,8493.286085650792,155.11284440104146,1200.0,1229.50404902529
2,2025-09-18,4:00-8:00,1740.1513713544794,6621.601314089499,1200.0,1229.50404902529
2,2025-09-18,8:00-12:00,5299.425410195066,2155.2615833333334,1200.0,1229.50404902529
2,2025-09-18,12:00-16:00,4605.146814769518,178.62994179687482,1200.0,1229.50404902529
2,2025-09-18,16:00-20:00,143.28369789559048,6056.557902812611,1200.0,1229.50404902529
2,2025-09-18,20:00-24:00,934.2396647352431,3898.8261551721007,1200.0,1229.50404902529
2,2025-09-19,0:00-4:00,2770.380912134241,337.9974673177083,1229.50404902529,1448.2575432083026
2,2025-09-19,4:00-8:00,963.820404429815,3023.4737161250987,1229.50404902529,1448.2575432083026
2,2025-09-19,8:00-12:00,10088.95517920548,0.0,1229.50404902529,1448.2575432083026
2,2025-09-19,12:00-16:00,0.0,41.2183333333334,1229.50404902529,1448.2575432083026
2,2025-09-19,16:00-20:00,9.508863736979066,7289.502875268556,1229.50404902529,1448.2575432083026
2,2025-09-19,20:00-24:00,946.096705324074,2401.1656799812213,1229.50404902529,1448.2575432083026
2,2025-09-20,0:00-4:00,2272.3207627768065,412.6535949218751,1448.2575432083026,1589.783972313404
2,2025-09-20,4:00-8:00,1110.0481424485138,2812.8405796376837,1448.2575432083026,1589.783972313404
2,2025-09-20,8:00-12:00,10059.115595872148,0.0,1448.2575432083026,1589.783972313404
2,2025-09-20,12:00-16:00,14.42694444444348,12.984249999999975,1448.2575432083026,1589.783972313404
2,2025-09-20,16:00-20:00,94.66461168303371,6947.448959594727,1448.2575432083026,1589.783972313404
2,2025-09-20,20:00-24:00,1058.13881385272,2827.652240290875,1448.2575432083026,1589.783972313404
2,2025-09-21,0:00-4:00,7993.582949814566,159.7484553385417,1589.783972313404,1560.5321516463248
2,2025-09-21,4:00-8:00,2165.861833159122,6291.894842318775,1589.783972313404,1560.5321516463248
2,2025-09-21,8:00-12:00,4373.036799127353,1095.1527833333332,1589.783972313404,1560.5321516463248
2,2025-09-21,12:00-16:00,3564.4203600034807,2.8375500000000407,1589.783972313404,1560.5321516463248
2,2025-09-21,16:00-20:00,115.42185711443928,6140.792979824498,1589.783972313404,1560.5321516463248
2,2025-09-21,20:00-24:00,1173.217444719329,3784.311222433743,1589.783972313404,1560.5321516463248
2,2025-09-22,0:00-4:00,7978.657200957505,201.4815983072915,1560.5321516463248,1272.6163639184417
2,2025-09-22,4:00-8:00,1730.2071259114325,7803.454668490134,1560.5321516463248,1272.6163639184417
2,2025-09-22,8:00-12:00,4313.270809684245,1075.0724580617016,1560.5321516463248,1272.6163639184417
2,2025-09-22,12:00-16:00,5327.356436067708,835.3164703125,1560.5321516463248,1272.6163639184417
2,2025-09-22,16:00-20:00,129.55084113769533,6431.329101486212,1560.5321516463248,1272.6163639184417
2,2025-09-22,20:00-24:00,901.1599264033568,2268.6687085504136,1560.5321516463248,1272.6163639184417
2,2025-09-23,0:00-4:00,8503.740636005248,48.65142701822924,1272.6163639184417,1618.6056061499196
2,2025-09-23,4:00-8:00,1675.5009117213517,7746.613412381837,1272.6163639184417,1618.6056061499196
2,2025-09-23,8:00-12:00,3598.35032751277,1438.3314518351272,1272.6163639184417,1618.6056061499196
2,2025-09-23,12:00-16:00,5615.302806380209,650.1297152560769,1272.6163639184417,1618.6056061499196
2,2025-09-23,16:00-20:00,112.09391171061202,6049.768798175768,1272.6163639184417,1618.6056061499196
2,2025-09-23,20:00-24:00,1157.894510423901,2334.86577330149,1272.6163639184417,1618.6056061499196
2,2025-09-24,0:00-4:00,8045.14530885681,290.811961393229,1618.6056061499196,1539.26781333066
2,2025-09-24,4:00-8:00,1665.426658528646,7669.8180699864315,1618.6056061499196,1539.26781333066
2,2025-09-24,8:00-12:00,5158.596853945066,1176.0088862919895,1618.6056061499196,1539.26781333066
2,2025-09-24,12:00-16:00,4960.691658593746,0.0,1618.6056061499196,1539.26781333066
2,2025-09-24,16:00-20:00,40.19234322193434,6000.66286698332,1618.6056061499196,1539.26781333066
2,2025-09-24,20:00-24:00,1055.2389244068288,3770.727227094582,1618.6056061499196,1539.26781333066
2,2025-09-25,0:00-4:00,8001.912371407448,162.6990950520833,1539.26781333066,1200.9549061018713
2,2025-09-25,4:00-8:00,1808.9488004440482,6809.84241881737,1539.26781333066,1200.9549061018713
2,2025-09-25,8:00-12:00,4798.991552903399,1757.68315,1539.26781333066,1200.9549061018713
2,2025-09-25,12:00-16:00,4871.783267965835,507.7526039062499,1539.26781333066,1200.9549061018713
2,2025-09-25,16:00-20:00,337.63530346272785,6166.582550932973,1539.26781333066,1200.9549061018713
2,2025-09-25,20:00-24:00,1005.5883267578125,3658.7656465413334,1539.26781333066,1200.9549061018713
2,2025-09-26,0:00-4:00,3529.970423779297,106.630262109375,1200.9549061018713,1419.7169373989823
2,2025-09-26,4:00-8:00,976.2416300068919,3517.378397265737,1200.9549061018713,1419.7169373989823
2,2025-09-26,8:00-12:00,9638.746187536028,0.0,1200.9549061018713,1419.7169373989823
2,2025-09-26,12:00-16:00,0.0,0.0,1200.9549061018713,1419.7169373989823
2,2025-09-26,16:00-20:00,37.785588831017854,6686.778479947918,1200.9549061018713,1419.7169373989823
2,2025-09-26,20:00-24:00,790.0480789496528,2957.1896935303985,1200.9549061018713,1419.7169373989823
2,2025-09-27,0:00-4:00,2904.0799041279874,240.42853261718756,1419.7169373989823,1204.2121430347781
2,2025-09-27,4:00-8:00,970.1773174576438,3359.2912606191067,1419.7169373989823,1204.2121430347781
2,2025-09-27,8:00-12:00,10013.117962538814,0.0,1419.7169373989823,1204.2121430347781
2,2025-09-27,12:00-16:00,0.0,97.9513186848958,1419.7169373989823,1204.2121430347781
2,2025-09-27,16:00-20:00,122.37064212239574,7277.719677541097,1419.7169373989823,1204.2121430347781
2,2025-09-27,20:00-24:00,734.842432696759,2499.1844426500797,1419.7169373989823,1204.2121430347781
2,2025-09-28,0:00-4:00,8391.884797564853,103.21081901041669,1204.2121430347781,1254.4885743656657
2,2025-09-28,4:00-8:00,1727.2489509765333,7946.268257594323,1204.2121430347781,1254.4885743656657
2,2025-09-28,8:00-12:00,4333.010615012772,1061.7372868286013,1204.2121430347781,1254.4885743656657
2,2025-09-28,12:00-16:00,5748.613973994502,243.11544999999995,1204.2121430347781,1254.4885743656657
2,2025-09-28,16:00-20:00,496.9254384535077,6001.046110653106,1204.2121430347781,1254.4885743656657
2,2025-09-28,20:00-24:00,927.2913565321181,4059.403284505209,1204.2121430347781,1254.4885743656657
2,2025-09-29,0:00-4:00,8596.536677029117,185.38703717447913,1254.4885743656657,1400.6848489957547
2,2025-09-29,4:00-8:00,2060.693268035385,6990.285239648515,1254.4885743656657,1400.6848489957547
2,2025-09-29,8:00-12:00,5898.53134014298,2411.2514333333334,1254.4885743656657,1400.6848489957547
2,2025-09-29,12:00-16:00,4351.0051979125765,299.4365373697916,1254.4885743656657,1400.6848489957547
2,2025-09-29,16:00-20:00,201.6231385031382,6107.003577789208,1254.4885743656657,1400.6848489957547
2,2025-09-29,20:00-24:00,1128.9388320601852,3881.5378190209444,1254.4885743656657,1400.6848489957547
2,2025-09-30,0:00-4:00,8178.997561605654,194.4421655598959,1400.6848489957547,1308.0085136660473
2,2025-09-30,4:00-8:00,1800.8551158048638,7191.745343033877,1400.6848489957547,1308.0085136660473
2,2025-09-30,8:00-12:00,4464.683243658603,1800.3057504897558,1400.6848489957547,1308.0085136660473
2,2025-09-30,12:00-16:00,4598.185002734375,1091.6351667028357,1400.6848489957547,1308.0085136660473
2,2025-09-30,16:00-20:00,170.1840115796407,5785.569523134237,1400.6848489957547,1308.0085136660473
2,2025-09-30,20:00-24:00,1015.792058499711,2230.0498370257815,1400.6848489957547,1308.0085136660473
2,2025-10-01,0:00-4:00,8504.853111265664,43.345882747395876,1308.0085136660473,3133.308847703189
2,2025-10-01,4:00-8:00,2543.926884476149,6469.897835481657,1308.0085136660473,3133.308847703189
2,2025-10-01,8:00-12:00,7443.406604130498,1124.8304333333333,1308.0085136660473,3133.308847703189
2,2025-10-01,12:00-16:00,70.09300000000088,63.08369999999983,1308.0085136660473,3133.308847703189
2,2025-10-01,16:00-20:00,0.0,5347.197263888862,1308.0085136660473,3133.308847703189
2,2025-10-01,20:00-24:00,1684.294407103588,3441.9295499999994,1308.0085136660473,3133.308847703189
2,2025-10-02,0:00-4:00,6747.676198307292,194.53558313802102,3133.308847703189,3623.216138763548
2,2025-10-02,4:00-8:00,1274.6667125659055,7879.922581575514,3133.308847703189,3623.216138763548
2,2025-10-02,8:00-12:00,5036.294066666666,979.7482688616474,3133.308847703189,3623.216138763548
2,2025-10-02,12:00-16:00,5082.994445872148,0.0,3133.308847703189,3623.216138763548
2,2025-10-02,16:00-20:00,0.0,5263.40027677975,3133.308847703189,3623.216138763548
2,2025-10-02,20:00-24:00,2091.0349747106484,3427.0261833333334,3133.308847703189,3623.216138763548
2,2025-10-03,0:00-4:00,627.0425696859063,286.1170027343752,3623.216138763548,3473.635078743223
2,2025-10-03,4:00-8:00,1157.6579757157356,3493.902781538536,3623.216138763548,3473.635078743223
2,2025-10-03,8:00-12:00,9980.315862538813,0.0,3623.216138763548,3473.635078743223
2,2025-10-03,12:00-16:00,0.0,0.0,3623.216138763548,3473.635078743223
2,2025-10-03,16:00-20:00,2.057130967882328,5797.766051204428,3623.216138763548,3473.635078743223
2,2025-10-03,20:00-24:00,1640.9361260199655,2631.327916304106,3623.216138763548,3473.635078743223
2,2025-10-04,0:00-4:00,1190.4795617710743,74.20087187500002,3473.635078743223,3547.376168129899
2,2025-10-04,4:00-8:00,905.8438768880208,3910.9273779836476,3473.635078743223,3547.376168129899
2,2025-10-04,8:00-12:00,10054.263545872147,0.0,3473.635078743223,3547.376168129899
2,2025-10-04,12:00-16:00,0.0,0.0,3473.635078743223,3547.376168129899
2,2025-10-04,16:00-20:00,7.234817889177331,5886.448586100261,3473.635078743223,3547.376168129899
2,2025-10-04,20:00-24:00,1401.6490357204862,2261.989978486721,3473.635078743223,3547.376168129899
2,2025-10-05,0:00-4:00,6768.389751888021,221.7374996744793,3547.376168129899,3215.215867985868
2,2025-10-05,4:00-8:00,1010.8265920762698,6868.579205163593,3547.376168129899,3215.215867985868
2,2025-10-05,8:00-12:00,5713.052435064855,1585.2795666666664,3547.376168129899,3215.215867985868
2,2025-10-05,12:00-16:00,3792.2194074631066,0.0,3547.376168129899,3215.215867985868
2,2025-10-05,16:00-20:00,0.0,5229.260022482767,3547.376168129899,3215.215867985868
2,2025-10-05,20:00-24:00,1719.6192425347226,3513.9553211588545,3547.376168129899,3215.215867985868
2,2025-10-06,0:00-4:00,6781.998405078126,151.7093574218751,3215.215867985868,2132.936190509604
2,2025-10-06,4:00-8:00,1415.7042346667804,7512.892990806135,3215.215867985868,2132.936190509604
2,2025-10-06,8:00-12:00,4036.24995,1625.1316634669656,3215.215867985868,2132.936190509604
2,2025-10-06,12:00-16:00,4418.023850964737,131.38915013020835,3215.215867985868,2132.936190509604
2,2025-10-06,16:00-20:00,561.7190068838281,5336.4506218318165,3215.215867985868,2132.936190509604
2,2025-10-06,20:00-24:00,1621.2779021122683,3220.64288491939,3215.215867985868,2132.936190509604
2,2025-10-07,0:00-4:00,7636.302364824692,137.33300338541665,2132.936190509604,3254.335109806457
2,2025-10-07,4:00-8:00,1676.9705625149795,7209.507711494947,2132.936190509604,3254.335109806457
2,2025-10-07,8:00-12:00,3897.0987691794385,1920.1659018086748,2132.936190509604,3254.335109806457
2,2025-10-07,12:00-16:00,6190.9613104239015,118.01789075520824,2132.936190509604,3254.335109806457
2,2025-10-07,16:00-20:00,162.35942266348096,5264.79885217033,2132.936190509604,3254.335109806457
2,2025-10-07,20:00-24:00,1646.5239124493633,3375.5189230468754,2132.936190509604,3254.335109806457
2,2025-10-08,0:00-4:00,6664.721874153646,147.3004562499998,3254.335109806457,1351.3968296622604
2,2025-10-08,4:00-8:00,1479.6861685123804,7309.472858593783,3254.335109806457,1351.3968296622604
2,2025-10-08,8:00-12:00,4645.455477252352,1822.1073308278,3254.335109806457,1351.3968296622604
2,2025-10-08,12:00-16:00,5473.833035286461,0.0,3254.335109806457,1351.3968296622604
2,2025-10-08,16:00-20:00,25.193492494235343,6406.714780144413,3254.335109806457,1351.3968296622604
2,2025-10-08,20:00-24:00,812.8111254557289,3311.221393617103,3254.335109806457,1351.3968296622604
2,2025-10-09,0:00-4:00,8376.629237618385,43.86440462239568,1351.3968296622604,1241.9567163218946
2,2025-10-09,4:00-8:00,1679.6813888293507,7266.86451758366,1351.3968296622604,1241.9567163218946
2,2025-10-09,8:00-12:00,4272.758033333334,1883.5782852752911,1351.3968296622604,1241.9567163218946
2,2025-10-09,12:00-16:00,5846.530479205478,348.0078083984372,1351.3968296622604,1241.9567163218946
2,2025-10-09,16:00-20:00,14.075158638183325,6656.957913430823,1351.3968296622604,1241.9567163218946
2,2025-10-09,20:00-24:00,785.8967022858798,2782.5649782716987,1351.3968296622604,1241.9567163218946
2,2025-10-10,0:00-4:00,3540.7482004263265,230.7905927734376,1241.9567163218946,1207.8107977938323
2,2025-10-10,4:00-8:00,1031.3986436849043,3830.3554629422943,1241.9567163218946,1207.8107977938323
2,2025-10-10,8:00-12:00,10015.299912538812,0.0,1241.9567163218946,1207.8107977938323
2,2025-10-10,12:00-16:00,0.0,49.79291666666662,1241.9567163218946,1207.8107977938323
2,2025-10-10,16:00-20:00,0.0,6634.967073228478,1241.9567163218946,1207.8107977938323
2,2025-10-10,20:00-24:00,475.8833418185766,2843.4847056150484,1241.9567163218946,1207.8107977938323
2,2025-10-11,0:00-4:00,3951.6964459164237,156.03074088541655,1207.8107977938323,1329.6520376352316
2,2025-10-11,4:00-8:00,1043.2148276691917,4195.9619228503425,1207.8107977938323,1329.6520376352316
2,2025-10-11,8:00-12:00,9951.691339313533,0.0,1207.8107977938323,1329.6520376352316
2,2025-10-11,12:00-16:00,0.0,15.181666666666692,1207.8107977938323,1329.6520376352316
2,2025-10-11,16:00-20:00,52.13525691731766,6595.828569981621,1207.8107977938323,1329.6520376352316
2,2025-10-11,20:00-24:00,690.3402411385996,3041.578650224207,1207.8107977938323,1329.6520376352316
2,2025-10-12,0:00-4:00,8436.777223794601,120.8529108723958,1329.6520376352316,1200.0
2,2025-10-12,4:00-8:00,2629.0872872168225,7011.143638127047,1329.6520376352316,1200.0
2,2025-10-12,8:00-12:00,4919.79140798152,2088.22175,1329.6520376352316,1200.0
2,2025-10-12,12:00-16:00,4301.719696882929,54.058816666666644,1329.6520376352316,1200.0
2,2025-10-12,16:00-20:00,53.99922479409013,6571.809675966006,1329.6520376352316,1200.0
2,2025-10-12,20:00-24:00,706.8133582826971,3220.2813100880326,1329.6520376352316,1200.0
2,2025-10-13,0:00-4:00,8608.979526406001,8.029023632812596,1200.0,1351.0766849473341
2,2025-10-13,4:00-8:00,1692.2075872592377,7159.315398040082,1200.0,1351.0766849473341
2,2025-10-13,8:00-12:00,5832.83275,2103.7239806258194,1200.0,1351.0766849473341
2,2025-10-13,12:00-16:00,4370.1354635081425,293.2257967447918,1200.0,1351.0766849473341
2,2025-10-13,16:00-20:00,130.77607412921577,6373.278519055939,1200.0,1351.0766849473341
2,2025-10-13,20:00-24:00,827.5992305844911,3235.3809228645637,1200.0,1351.0766849473341
2,2025-10-14,0:00-4:00,8385.179723346106,212.18496367187515,1351.0766849473341,1212.2142974624003
2,2025-10-14,4:00-8:00,1668.1709455148937,7660.333676752322,1351.0766849473341,1212.2142974624003
2,2025-10-14,8:00-12:00,3556.0212427083334,1318.820889285076,1351.0766849473341,1212.2142974624003
2,2025-10-14,12:00-16:00,4664.983717660341,385.982385872396,1351.0766849473341,1212.2142974624003
2,2025-10-14,16:00-20:00,37.961388184110206,6594.609209992652,1351.0766849473341,1212.2142974624003
2,2025-10-14,20:00-24:00,734.1073590205443,1101.5872409509439,1351.0766849473341,1212.2142974624003
2,2025-10-15,0:00-4:00,8350.483116445062,45.33145273437492,1212.2142974624003,1252.6405045979438
2,2025-10-15,4:00-8:00,2553.098092904196,7190.478666996487,1212.2142974624003,1252.6405045979438
2,2025-10-15,8:00-12:00,4144.076525689852,2510.0903500000004,1212.2142974624003,1252.6405045979438
2,2025-10-15,12:00-16:00,4314.427783810765,397.42391093749995,1212.2142974624003,1252.6405045979438
2,2025-10-15,16:00-20:00,259.7460329671223,6320.43052096704,1212.2142974624003,1252.6405045979438
2,2025-10-15,20:00-24:00,725.1761027705439,1810.2003199803648,1212.2142974624003,1252.6405045979438
2,2025-10-16,0:00-4:00,8379.001307229208,137.04429947916663,1252.6405045979438,1345.2496000499295
2,2025-10-16,4:00-8:00,2525.262829557289,7501.065635033918,1252.6405045979438,1345.2496000499295
2,2025-10-16,8:00-12:00,6174.966548866938,2225.666956107781,1252.6405045979438,1345.2496000499295
2,2025-10-16,12:00-16:00,4206.637496860533,1440.7642279296874,1252.6405045979438,1345.2496000499295
2,2025-10-16,16:00-20:00,125.91524520823157,6636.834470220119,1252.6405045979438,1345.2496000499295
2,2025-10-16,20:00-24:00,815.8231138961228,1975.6135965829503,1252.6405045979438,1345.2496000499295
2,2025-10-17,0:00-4:00,4089.9820751622283,105.08847545572922,1345.2496000499295,1269.058109486835
2,2025-10-17,4:00-8:00,867.4690320314596,4180.888254492188,1345.2496000499295,1269.058109486835
2,2025-10-17,8:00-12:00,9770.927250158495,0.0,1345.2496000499295,1269.058109486835
2,2025-10-17,12:00-16:00,0.0,0.0,1345.2496000499295,1269.058109486835
2,2025-10-17,16:00-20:00,26.395595658676015,6348.902310069283,1345.2496000499295,1269.058109486835
2,2025-10-17,20:00-24:00,651.6196881944446,3303.1568316183566,1345.2496000499295,1269.058109486835
2,2025-10-18,0:00-4:00,3832.144839770748,206.46106770833336,1269.058109486835,1248.402172311136
2,2025-10-18,4:00-8:00,901.082349479152,4118.957677681682,1269.058109486835,1248.402172311136
2,2025-10-18,8:00-12:00,10119.288512538817,0.0,1269.058109486835,1248.402172311136
2,2025-10-18,12:00-16:00,0.0,13.648060156249974,1269.058109486835,1248.402172311136
2,2025-10-18,16:00-20:00,70.69931476372571,6466.753021877289,1269.058109486835,1248.402172311136
2,2025-10-18,20:00-24:00,497.402114847367,3092.3315334404388,1269.058109486835,1248.402172311136
2,2025-10-19,0:00-4:00,8239.197016575272,84.26012070312527,1248.402172311136,1378.2954667451777
2,2025-10-19,4:00-8:00,2061.240685498406,7662.708981175072,1248.402172311136,1378.2954667451777
2,2025-10-19,8:00-12:00,5300.425283762772,1569.343162449051,1248.402172311136,1378.2954667451777
2,2025-10-19,12:00-16:00,5073.9077112268515,1399.2450867187501,1248.402172311136,1378.2954667451777
2,2025-10-19,16:00-20:00,34.211294178581284,6435.092491673751,1248.402172311136,1378.2954667451777
2,2025-10-19,20:00-24:00,853.3446333188656,2132.216520426588,1248.402172311136,1378.2954667451777
2,2025-10-20,0:00-4:00,8294.481977346393,247.30817083333352,1378.2954667451777,1200.0
2,2025-10-20,4:00-8:00,2620.5689836596484,7178.3770469651945,1378.2954667451777,1200.0
2,2025-10-20,8:00-12:00,4512.024451601314,2567.006578526184,1378.2954667451777,1200.0
2,2025-10-20,12:00-16:00,5920.9402461226855,282.30856666666676,1378.2954667451777,1200.0
2,2025-10-20,16:00-20:00,14.86011791766308,6177.265735509602,1378.2954667451777,1200.0
2,2025-10-20,20:00-24:00,696.1162429108795,3569.9726505210156,1378.2954667451777,1200.0
2,2025-10-21,0:00-4:00,8587.325959934646,124.74167916666659,1200.0,1259.2199542522403
2,2025-10-21,4:00-8:00,2495.7231858075347,6088.9888616967855,1200.0,1259.2199542522403
2,2025-10-21,8:00-12:00,4666.280483241941,3533.4709,1200.0,1259.2199542522403
2,2025-10-21,12:00-16:00,3835.2576005787027,788.1345541666665,1200.0,1259.2199542522403
2,2025-10-21,16:00-20:00,112.23251226222521,6191.909724549678,1200.0,1259.2199542522403
2,2025-10-21,20:00-24:00,814.2824644097224,1676.5652845210766,1200.0,1259.2199542522403
2,2025-10-22,0:00-4:00,8552.07843080415,161.12344869791673,1259.2199542522403,1200.0
2,2025-10-22,4:00-8:00,2580.7216404153783,6470.396155693363,1259.2199542522403,1200.0
2,2025-10-22,8:00-12:00,6088.770336757563,3444.1814412167123,1259.2199542522403,1200.0
2,2025-10-22,12:00-16:00,4161.593953559029,373.3791824218748,1259.2199542522403,1200.0
2,2025-10-22,16:00-20:00,53.30162268918377,6614.769210469203,1259.2199542522403,1200.0
2,2025-10-22,20:00-24:00,739.7915404441552,2950.9633152138586,1259.2199542522403,1200.0
2,2025-10-23,0:00-4:00,8552.036191445064,119.5916406901041,1200.0,1213.929539827474
2,2025-10-23,4:00-8:00,2642.791744140627,5512.823430522386,1200.0,1213.929539827474
2,2025-10-23,8:00-12:00,6475.727108502356,3468.9682166666666,1200.0,1213.929539827474
2,2025-10-23,12:00-16:00,2835.7375569724595,560.9946960937502,1200.0,1213.929539827474
2,2025-10-23,16:00-20:00,226.3296166069349,6307.783581036768,1200.0,1213.929539827474
2,2025-10-23,20:00-24:00,707.0049771629051,3312.2881885537795,1200.0,1213.929539827474
2,2025-10-24,0:00-4:00,4521.091287509693,183.37522825520819,1213.929539827474,1295.9023455599176
2,2025-10-24,4:00-8:00,837.5524466126171,4652.618854238724,1213.929539827474,1295.9023455599176
2,2025-10-24,8:00-12:00,10119.288512538813,0.0,1213.929539827474,1295.9023455599176
2,2025-10-24,12:00-16:00,0.0,114.2414089192708,1213.929539827474,1295.9023455599176
2,2025-10-24,16:00-20:00,6.301537565104184,6726.191547753906,1213.929539827474,1295.9023455599176
2,2025-10-24,20:00-24:00,600.9058563512731,2722.4324056599316,1213.929539827474,1295.9023455599176
2,2025-10-25,0:00-4:00,4503.936135054638,199.27292513020842,1295.9023455599176,1271.4864475505017
2,2025-10-25,4:00-8:00,892.2648107439638,4489.891283203126,1295.9023455599176,1271.4864475505017
2,2025-10-25,8:00-12:00,9832.180072136623,0.0,1295.9023455599176,1271.4864475505017
2,2025-10-25,12:00-16:00,2.6578914207172435,2.392102278645858,1295.9023455599176,1271.4864475505017
2,2025-10-25,16:00-20:00,26.516447410302234,6657.494746337905,1295.9023455599176,1271.4864475505017
2,2025-10-25,20:00-24:00,616.8448190321179,2961.072055917081,1295.9023455599176,1271.4864475505017
2,2025-10-26,0:00-4:00,8354.239891835688,142.9275904947914,1271.4864475505017,1443.8354756027657
2,2025-10-26,4:00-8:00,2593.7133767562736,6655.339220472766,1271.4864475505017,1443.8354756027657
2,2025-10-26,8:00-12:00,5432.3683185283935,3071.033733333333,1271.4864475505017,1443.8354756027657
2,2025-10-26,12:00-16:00,5161.666285694904,478.94687877604173,1271.4864475505017,1443.8354756027657
2,2025-10-26,16:00-20:00,59.67034453349129,6147.6695648291525,1271.4864475505017,1443.8354756027657
2,2025-10-26,20:00-24:00,794.204281235532,3496.8546164713543,1271.4864475505017,1443.8354756027657
2,2025-10-27,0:00-4:00,8233.863636982407,108.00829921875004,1443.8354756027657,1294.0251063052542
2,2025-10-27,4:00-8:00,2473.7948311523564,7027.110547452953,1443.8354756027657,1294.0251063052542
2,2025-10-27,8:00-12:00,6469.166966184646,2733.0964178261324,1443.8354756027657,1294.0251063052542
2,2025-10-27,12:00-16:00,4066.840654383677,1208.7330403645833,1443.8354756027657,1294.0251063052542
2,2025-10-27,16:00-20:00,52.484419132359676,6514.605338798866,1443.8354756027657,1294.0251063052542
2,2025-10-27,20:00-24:00,819.4243371238422,2454.586312029404,1443.8354756027657,1294.0251063052542
2,2025-10-28,0:00-4:00,8188.173865755209,110.40705647160314,1294.0251063052542,1385.3579098013597
2,2025-10-28,4:00-8:00,2659.0880319661514,7163.087542443782,1294.0251063052542,1385.3579098013597
2,2025-10-28,8:00-12:00,4280.381123085688,2578.5894903163935,1294.0251063052542,1385.3579098013597
2,2025-10-28,12:00-16:00,4587.47905670573,498.9375166666665,1294.0251063052542,1385.3579098013597
2,2025-10-28,16:00-20:00,163.48875007782,6321.673464032523,1294.0251063052542,1385.3579098013597
2,2025-10-28,20:00-24:00,883.1107330801506,1926.2084294318233,1294.0251063052542,1385.3579098013597
2,2025-10-29,0:00-4:00,8433.593509818907,116.32613808593771,1385.3579098013597,1291.8766811054488
2,2025-10-29,4:00-8:00,2660.9023770360527,6310.9883075472935,1385.3579098013597,1291.8766811054488
2,2025-10-29,8:00-12:00,4439.057556679433,3733.577805726332,1385.3579098013597,1291.8766811054488
2,2025-10-29,12:00-16:00,4103.192070956309,984.3098216796876,1385.3579098013597,1291.8766811054488
2,2025-10-29,16:00-20:00,135.75793768014137,6327.354927762613,1385.3579098013597,1291.8766811054488
2,2025-10-29,20:00-24:00,743.8684925636575,1080.8618298042315,1385.3579098013597,1291.8766811054488
2,2025-10-30,0:00-4:00,8496.129084179687,179.80349791666663,1291.8766811054488,1216.4818850449155
2,2025-10-30,4:00-8:00,2578.644142179293,5402.068998660725,1291.8766811054488,1216.4818850449155
2,2025-10-30,8:00-12:00,6673.579616666667,3239.0714,1291.8766811054488,1216.4818850449155
2,2025-10-30,12:00-16:00,2536.23227227132,435.7293925130204,1291.8766811054488,1216.4818850449155
2,2025-10-30,16:00-20:00,28.04525434941445,6458.375583007639,1291.8766811054488,1216.4818850449155
2,2025-10-30,20:00-24:00,129.01516302083354,2753.957891084997,1291.8766811054488,1216.4818850449155
2,2025-10-31,0:00-4:00,5036.85421177152,108.7939998697916,1216.4818850449155,1382.8063034986815
2,2025-10-31,4:00-8:00,904.1809864582603,5100.581453450521,1216.4818850449155,1382.8063034986815
2,2025-10-31,8:00-12:00,8511.492833333334,46.7356166666666,1216.4818850449155,1382.8063034986815
2,2025-10-31,12:00-16:00,1489.5104597806794,88.82150013020829,1216.4818850449155,1382.8063034986815
2,2025-10-31,16:00-20:00,105.8744022501628,6513.342946972656,1216.4818850449155,1382.8063034986815
2,2025-10-31,20:00-24:00,701.1153195023148,3058.0606768517446,1216.4818850449155,1382.8063034986815
2,2025-11-01,0:00-4:00,4665.264947195223,374.2774440104166,1382.8063034986815,1534.4926446688314
2,2025-11-01,4:00-8:00,933.4773867838543,4838.015943478304,1382.8063034986815,1534.4926446688314
2,2025-11-01,8:00-12:00,9496.129033333335,0.0,1382.8063034986815,1534.4926446688314
2,2025-11-01,12:00-16:00,623.1594792054825,0.0,1382.8063034986815,1534.4926446688314
2,2025-11-01,16:00-20:00,51.680750752765434,6179.173810351563,1382.8063034986815,1534.4926446688314
2,2025-11-01,20:00-24:00,611.9600719762732,3208.1350060714412,1382.8063034986815,1534.4926446688314
2,2025-11-02,0:00-4:00,8152.927882150685,117.07530319010425,1534.4926446688314,1310.3676468409271
2,2025-11-02,4:00-8:00,2507.826431282552,6650.896976180675,1534.4926446688314,1310.3676468409271
2,2025-11-02,8:00-12:00,6004.968300390626,3144.0341880372034,1534.4926446688314,1310.3676468409271
2,2025-11-02,12:00-16:00,5110.823345886617,929.9891333333333,1534.4926446688314,1310.3676468409271
2,2025-11-02,16:00-20:00,60.44410434389364,6539.508495481186,1534.4926446688314,1310.3676468409271
2,2025-11-02,20:00-24:00,747.7873541449653,3157.4192222718434,1534.4926446688314,1310.3676468409271
2,2025-11-03,0:00-4:00,8334.414658333333,209.82926145833324,1310.3676468409271,1237.0053426126528
2,2025-11-03,4:00-8:00,2587.5662671874998,5431.169765423994,1310.3676468409271,1237.0053426126528
2,2025-11-03,8:00-12:00,5188.460649869792,3963.8820333333333,1310.3676468409271,1237.0053426126528
2,2025-11-03,12:00-16:00,5182.145003504708,866.4986244140649,1310.3676468409271,1237.0053426126528
2,2025-11-03,16:00-20:00,21.78504023437506,6382.493363185051,1310.3676468409271,1237.0053426126528
2,2025-11-03,20:00-24:00,830.3865165147573,3146.006866993109,1310.3676468409271,1237.0053426126528
2,2025-11-04,0:00-4:00,8472.691290179147,116.03195839843738,1237.0053426126528,1204.6153257160452
2,2025-11-04,4:00-8:00,2490.926053401562,6359.3273624289795,1237.0053426126528,1204.6153257160452
2,2025-11-04,8:00-12:00,5933.386412890624,3427.0026388704796,1237.0053426126528,1204.6153257160452
2,2025-11-04,12:00-16:00,4854.655414463,618.2179947265622,1237.0053426126528,1204.6153257160452
2,2025-11-04,16:00-20:00,37.829903284143555,6622.264453929022,1237.0053426126528,1204.6153257160452
2,2025-11-04,20:00-24:00,777.6931864366319,3198.347494289502,1237.0053426126528,1204.6153257160452
2,2025-11-05,0:00-4:00,8302.362499648189,129.9418042968748,1204.6153257160452,1283.233447399128
2,2025-11-05,4:00-8:00,2648.0469971354164,6313.456436367246,1204.6153257160452,1283.233447399128
2,2025-11-05,8:00-12:00,5806.437052642981,3416.3487888629998,1204.6153257160452,1283.233447399128
2,2025-11-05,12:00-16:00,4226.811367390046,1029.430340950521,1204.6153257160452,1283.233447399128
2,2025-11-05,16:00-20:00,103.15365234293938,6289.407330615477,1204.6153257160452,1283.233447399128
2,2025-11-05,20:00-24:00,869.6054812427662,2507.606945304146,1204.6153257160452,1283.233447399128
2,2025-11-06,0:00-4:00,8391.593901145585,253.31124960937495,1283.233447399128,1242.6353002822682
2,2025-11-06,4:00-8:00,2443.717104134115,6214.885220958066,1283.233447399128,1242.6353002822682
2,2025-11-06,8:00-12:00,5424.668140012773,3362.5456155710062,1283.233447399128,1242.6353002822682
2,2025-11-06,12:00-16:00,4775.138251888021,496.4745999999999,1283.233447399128,1242.6353002822682
2,2025-11-06,16:00-20:00,171.2525179712694,6309.538375078297,1283.233447399128,1242.6353002822682
2,2025-11-06,20:00-24:00,703.1920451171876,3120.3654871268777,1283.233447399128,1242.6353002822682
2,2025-11-07,0:00-4:00,5477.37621033944,311.3650580078123,1242.6353002822682,1210.2620107707826
2,2025-11-07,4:00-8:00,948.3944861978973,5512.275966160945,1242.6353002822682,1210.2620107707826
2,2025-11-07,8:00-12:00,7522.295816666667,20.13499999999999,1242.6353002822682,1210.2620107707826
2,2025-11-07,12:00-16:00,2619.3649180943717,45.58872942708339,1242.6353002822682,1210.2620107707826
2,2025-11-07,16:00-20:00,50.65414380787165,6522.881072575188,1242.6353002822682,1210.2620107707826
2,2025-11-07,20:00-24:00,698.4417785156248,3203.340791151148,1242.6353002822682,1210.2620107707826
2,2025-11-08,0:00-4:00,5632.194079973808,175.26996048177085,1210.2620107707826,1296.6868077644651
2,2025-11-08,4:00-8:00,918.3952945312619,5241.724532161458,1210.2620107707826,1296.6868077644651
2,2025-11-08,8:00-12:00,8001.972316666666,49.758766666666666,1210.2620107707826,1296.6868077644651
2,2025-11-08,12:00-16:00,1630.0800003528998,133.8034930989583,1210.2620107707826,1296.6868077644651
2,2025-11-08,16:00-20:00,24.449524007161358,6615.249028137265,1210.2620107707826,1296.6868077644651
2,2025-11-08,20:00-24:00,603.8775766203703,2832.0763709455177,1210.2620107707826,1296.6868077644651
2,2025-11-09,0:00-4:00,8392.79535761719,118.54900292968773,1296.6868077644651,1255.5183426500546
2,2025-11-09,4:00-8:00,2572.0548387369754,5673.1224199759,1296.6868077644651,1255.5183426500546
2,2025-11-09,8:00-12:00,5684.945743359375,4168.418913481129,1296.6868077644651,1255.5183426500546
2,2025-11-09,12:00-16:00,4866.898917457794,1713.424652669271,1296.6868077644651,1255.5183426500546
2,2025-11-09,16:00-20:00,60.93526250813807,6252.483030825431,1296.6868077644651,1255.5183426500546
2,2025-11-09,20:00-24:00,765.5998225622109,2221.9647633965087,1296.6868077644651,1255.5183426500546
2,2025-11-10,0:00-4:00,8455.224103776043,47.55103457031248,1255.5183426500546,1324.757560101914
2,2025-11-10,4:00-8:00,2510.988920280084,5638.045382760955,1255.5183426500546,1324.757560101914
2,2025-11-10,8:00-12:00,5359.9607220052085,4236.664628726799,1255.5183426500546,1324.757560101914
2,2025-11-10,12:00-16:00,5405.095339050678,1321.1078115234372,1255.5183426500546,1324.757560101914
2,2025-11-10,16:00-20:00,42.5433235677084,6781.543774416696,1255.5183426500546,1324.757560101914
2,2025-11-10,20:00-24:00,837.2927413556132,2259.3959138669384,1255.5183426500546,1324.757560101914
2,2025-11-11,0:00-4:00,8310.95483170114,111.77432532552075,1324.757560101914,1229.481341922717
2,2025-11-11,4:00-8:00,2577.42051035165,4891.625779711546,1324.757560101914,1229.481341922717
2,2025-11-11,8:00-12:00,5899.068133333334,4914.493116384663,1324.757560101914,1229.481341922717
2,2025-11-11,12:00-16:00,4906.341854400789,646.9086962890615,1324.757560101914,1229.481341922717
2,2025-11-11,16:00-20:00,78.46513789107935,6144.598552034434,1324.757560101914,1229.481341922717
2,2025-11-11,20:00-24:00,162.30896126302082,3122.0899731897075,1324.757560101914,1229.481341922717
2,2025-11-12,0:00-4:00,8402.82066028646,41.92511627604176,1229.481341922717,1280.5454289752417
2,2025-11-12,4:00-8:00,2692.2139797477867,4679.19972158955,1229.481341922717,1280.5454289752417
2,2025-11-12,8:00-12:00,5799.564896484375,5221.952966666667,1229.481341922717,1280.5454289752417
2,2025-11-12,12:00-16:00,5265.3402095933625,921.4767623697923,1229.481341922717,1280.5454289752417
2,2025-11-12,16:00-20:00,108.41781917317712,6475.652775865874,1229.481341922717,1280.5454289752417
2,2025-11-12,20:00-24:00,258.0452518229167,2885.1115461124214,1229.481341922717,1280.5454289752417
2,2025-11-13,0:00-4:00,8407.137713216147,109.41502226562523,1280.5454289752417,1478.4359893740295
2,2025-11-13,4:00-8:00,3378.327006278335,5424.927840879448,1280.5454289752417,1478.4359893740295
2,2025-11-13,8:00-12:00,5539.95666875,4163.860566666667,1280.5454289752417,1478.4359893740295
2,2025-11-13,12:00-16:00,4068.2977303385433,1413.9783432291688,1280.5454289752417,1478.4359893740295
2,2025-11-13,16:00-20:00,146.26837099605632,6576.558283054585,1280.5454289752417,1478.4359893740295
2,2025-11-13,20:00-24:00,983.0293021267361,2394.239586947552,1280.5454289752417,1478.4359893740295
2,2025-11-14,0:00-4:00,5282.291315308244,99.32206048177073,1478.4359893740295,1439.1625663345865
2,2025-11-14,4:00-8:00,889.1360874999962,5495.593538867194,1478.4359893740295,1439.1625663345865
2,2025-11-14,8:00-12:00,7079.943433333334,132.81046666666657,1478.4359893740295,1439.1625663345865
2,2025-11-14,12:00-16:00,2945.994631323466,70.08245677083336,1478.4359893740295,1439.1625663345865
2,2025-11-14,16:00-20:00,105.08546270294187,6552.689432454426,1478.4359893740295,1439.1625663345865
2,2025-11-14,20:00-24:00,767.396580960648,3049.622845269665,1478.4359893740295,1439.1625663345865
2,2025-11-15,0:00-4:00,5305.785363490261,240.5377485677082,1439.1625663345865,1257.2969279071908
2,2025-11-15,4:00-8:00,854.0473322265627,5530.201209777952,1439.1625663345865,1257.2969279071908
2,2025-11-15,8:00-12:00,6854.320816666666,29.450733333333346,1439.1625663345865,1257.2969279071908
2,2025-11-15,12:00-16:00,3297.6907329091828,44.78884238281253,1439.1625663345865,1257.2969279071908
2,2025-11-15,16:00-20:00,56.97519873601555,6446.52129352852,1439.1625663345865,1257.2969279071908
2,2025-11-15,20:00-24:00,644.3549908058449,3192.8900574261174,1439.1625663345865,1257.2969279071908
2,2025-11-16,0:00-4:00,8364.366945117188,54.55120403645867,1257.2969279071908,1200.0
2,2025-11-16,4:00-8:00,3367.416089057848,5177.335021265854,1257.2969279071908,1200.0
2,2025-11-16,8:00-12:00,5173.512392578125,5381.075143990371,1257.2969279071908,1200.0
2,2025-11-16,12:00-16:00,5900.883693159471,1359.4771758463546,1257.2969279071908,1200.0
2,2025-11-16,16:00-20:00,58.1255758206421,6418.338613676663,1257.2969279071908,1200.0
2,2025-11-16,20:00-24:00,764.3139522569444,2929.3362629106477,1257.2969279071908,1200.0
2,2025-11-17,0:00-4:00,8336.898449088543,212.48554908854146,1200.0,1459.8822116734286
2,2025-11-17,4:00-8:00,3483.2452355470614,4719.076570017333,1200.0,1459.8822116734286
2,2025-11-17,8:00-12:00,5942.7765210937505,5611.237,1200.0,1459.8822116734286
2,2025-11-17,12:00-16:00,5170.886236603025,990.2670177083331,1200.0,1459.8822116734286
2,2025-11-17,16:00-20:00,163.98958937762904,6248.431710732082,1200.0,1459.8822116734286
2,2025-11-17,20:00-24:00,823.5998262442131,3501.2125109374997,1200.0,1459.8822116734286
2,2025-11-18,0:00-4:00,8256.69905956224,88.75123417968746,1459.8822116734286,1369.8703753379307
2,2025-11-18,4:00-8:00,3444.6794833210943,4938.158309241754,1459.8822116734286,1369.8703753379307
2,2025-11-18,8:00-12:00,5428.367006901041,5042.021683333333,1459.8822116734286,1369.8703753379307
2,2025-11-18,12:00-16:00,4024.2323767578127,1698.5539577473978,1459.8822116734286,1369.8703753379307
2,2025-11-18,16:00-20:00,146.28121581521725,6322.905135296722,1459.8822116734286,1369.8703753379307
2,2025-11-18,20:00-24:00,359.72681555989584,1488.9897680850204,1459.8822116734286,1369.8703753379307
2,2025-11-19,0:00-4:00,8143.267773968211,217.66679700520808,1369.8703753379307,1200.0
2,2025-11-19,4:00-8:00,2550.7805897014023,5116.146317417242,1369.8703753379307,1200.0
2,2025-11-19,8:00-12:00,5625.39126796875,4451.983600796864,1369.8703753379307,1200.0
2,2025-11-19,12:00-16:00,5896.888485527814,1300.567706835935,1369.8703753379307,1200.0
2,2025-11-19,16:00-20:00,170.47127911684606,6341.527371086348,1369.8703753379307,1200.0
2,2025-11-19,20:00-24:00,109.6591415364581,2980.0740788125977,1369.8703753379307,1200.0
2,2025-11-20,0:00-4:00,8449.56688216146,191.75020013020833,1200.0,1208.2235169519959
2,2025-11-20,4:00-8:00,3420.8121399709735,4284.638886856637,1200.0,1208.2235169519959
2,2025-11-20,8:00-12:00,5838.165404036458,5078.232216666666,1200.0,1208.2235169519959
2,2025-11-20,12:00-16:00,4718.809985828688,2193.7833919270834,1200.0,1208.2235169519959
2,2025-11-20,16:00-20:00,149.94694517734945,6253.3449926208095,1200.0,1208.2235169519959
2,2025-11-20,20:00-24:00,782.6532083912039,3014.4079076245216,1200.0,1208.2235169519959
2,2025-11-21,0:00-4:00,5555.020154995463,393.9731658854165,1208.2235169519959,1268.248850983371
2,2025-11-21,4:00-8:00,891.7834470703361,5415.9515891573965,1208.2235169519959,1268.248850983371
2,2025-11-21,8:00-12:00,6907.003083333333,30.163333333333338,1208.2235169519959,1268.248850983371
2,2025-11-21,12:00-16:00,3247.413196132562,69.28082682291667,1208.2235169519959,1268.248850983371
2,2025-11-21,16:00-20:00,85.2631246582032,6290.842167846171,1208.2235169519959,1268.248850983371
2,2025-11-21,20:00-24:00,513.1651182942709,3222.527197135055,1208.2235169519959,1268.248850983371
2,2025-11-22,0:00-4:00,5877.565300039883,186.97305123697925,1268.248850983371,1200.0
2,2025-11-22,4:00-8:00,857.1467994791667,5933.060870638057,1268.248850983371,1200.0
2,2025-11-22,8:00-12:00,5785.320083333334,9.198627731174374,1268.248850983371,1200.0
2,2025-11-22,12:00-16:00,4337.574112538814,0.0,1268.248850983371,1200.0
2,2025-11-22,16:00-20:00,41.04968035736084,6534.075382976691,1268.248850983371,1200.0
2,2025-11-22,20:00-24:00,488.429163917824,3049.8152381559094,1268.248850983371,1200.0
2,2025-11-23,0:00-4:00,8360.587983463542,165.8752646484378,1200.0,1331.4967337930457
2,2025-11-23,4:00-8:00,3334.8078860310925,4312.555986226063,1200.0,1331.4967337930457
2,2025-11-23,8:00-12:00,5527.577732552084,6047.425031670671,1200.0,1331.4967337930457
2,2025-11-23,12:00-16:00,5818.250057764508,1103.88535,1200.0,1331.4967337930457
2,2025-11-23,16:00-20:00,66.21996977075513,6274.920972958471,1200.0,1331.4967337930457
2,2025-11-23,20:00-24:00,789.6955457392944,3478.01389718785,1200.0,1331.4967337930457
2,2025-11-24,0:00-4:00,8236.369218489584,87.22369856770842,1331.4967337930457,1200.0
2,2025-11-24,4:00-8:00,3443.250406688907,3944.7272793760503,1331.4967337930457,1200.0
2,2025-11-24,8:00-12:00,6104.962959114584,5033.445966666666,1331.4967337930457,1200.0
2,2025-11-24,12:00-16:00,3086.2540284639254,1762.1274325520849,1331.4967337930457,1200.0
2,2025-11-24,16:00-20:00,158.202390582784,6461.064220329218,1331.4967337930457,1200.0
2,2025-11-24,20:00-24:00,697.335932356771,2389.8975997328225,1331.4967337930457,1200.0
2,2025-11-25,0:00-4:00,8354.531512630208,296.0327616536458,1200.0,1200.0
2,2025-11-25,4:00-8:00,3303.20850629416,5512.577073303732,1200.0,1200.0
2,2025-11-25,8:00-12:00,5015.639825260418,4683.356182074556,1200.0,1200.0
2,2025-11-25,12:00-16:00,6303.280768430743,1553.3650525390626,1200.0,1200.0
2,2025-11-25,16:00-20:00,196.86725121944914,6399.947144278676,1200.0,1200.0
2,2025-11-25,20:00-24:00,808.6717497395836,3138.7014383674396,1200.0,1200.0
2,2025-11-26,0:00-4:00,8610.1686984375,121.84452942708333,1200.0,1406.9804784792088
2,2025-11-26,4:00-8:00,3510.597807024088,4164.470480851234,1200.0,1406.9804784792088
2,2025-11-26,8:00-12:00,5707.272134505209,6308.344985807292,1200.0,1406.9804784792088
2,2025-11-26,12:00-16:00,5369.970351497396,1988.6904381283505,1200.0,1406.9804784792088
2,2025-11-26,16:00-20:00,213.04436730548537,6266.830442034474,1200.0,1406.9804784792088
2,2025-11-26,20:00-24:00,956.9750353443292,2884.685755498451,1200.0,1406.9804784792088
2,2025-11-27,0:00-4:00,8355.961683755537,80.21718235677088,1406.9804784792088,1388.4578020368688
2,2025-11-27,4:00-8:00,3354.8336308529924,4595.708398008475,1406.9804784792088,1388.4578020368688
2,2025-11-27,8:00-12:00,5879.979108333334,5465.95,1406.9804784792088,1388.4578020368688
2,2025-11-27,12:00-16:00,5712.221838570483,2195.829062923177,1406.9804784792088,1388.4578020368688
2,2025-11-27,16:00-20:00,136.8950220743817,6373.502025956253,1406.9804784792088,1388.4578020368688
2,2025-11-27,20:00-24:00,881.6239177951389,3195.72916577505,1406.9804784792088,1388.4578020368688
2,2025-11-28,0:00-4:00,6088.843123704097,74.51479960937502,1388.4578020368688,1346.863936324031
2,2025-11-28,4:00-8:00,910.5744901041667,6176.734820898438,1388.4578020368688,1346.863936324031
2,2025-11-28,8:00-12:00,5413.2805,227.01300109930997,1388.4578020368688,1346.863936324031
2,2025-11-28,12:00-16:00,4735.677648751201,26.70267259114583,1388.4578020368688,1346.863936324031
2,2025-11-28,16:00-20:00,52.201369840046084,6671.994574725396,1388.4578020368688,1346.863936324031
2,2025-11-28,20:00-24:00,754.7444773437498,3022.2889855483913,1388.4578020368688,1346.863936324031
2,2025-11-29,0:00-4:00,6512.278203066801,123.87178587239595,1346.863936324031,1200.0
2,2025-11-29,4:00-8:00,981.8882910156228,6126.737392968749,1346.863936324031,1200.0
2,2025-11-29,8:00-12:00,4275.401433333333,493.2888,1346.863936324031,1200.0
2,2025-11-29,12:00-16:00,3940.614066666667,405.5343249674479,1346.863936324031,1200.0
2,2025-11-29,16:00-20:00,212.621339829766,6234.57011584393,1346.863936324031,1200.0
2,2025-11-29,20:00-24:00,565.8885332682289,1595.1476242864144,1346.863936324031,1200.0
2,2025-11-30,0:00-4:00,8477.749917252604,241.1123193359373,1200.0,1200.0
2,2025-11-30,4:00-8:00,3480.44596000975,4179.253414808958,1200.0,1200.0
2,2025-11-30,8:00-12:00,5853.634979557291,6342.010555391222,1200.0,1200.0
2,2025-11-30,12:00-16:00,7187.214940653936,2703.129527386945,1200.0,1200.0
2,2025-11-30,16:00-20:00,187.95490492037038,6386.006219036399,1200.0,1200.0
2,2025-11-30,20:00-24:00,814.2262431929978,3549.5922150687943,1200.0,1200.0
2,2025-12-01,0:00-4:00,8007.335469401041,919.2019975260416,1200.0,1200.0
2,2025-12-01,4:00-8:00,2991.9424739257192,5342.4464301981925,1200.0,1200.0
2,2025-12-01,8:00-12:00,5832.0715950520835,3637.7017212698493,1200.0,1200.0
2,2025-12-01,12:00-16:00,6978.012717157592,3576.6057818359377,1200.0,1200.0
2,2025-12-01,16:00-20:00,89.67710063571917,6405.819787168542,1200.0,1200.0
2,2025-12-01,20:00-24:00,746.5976897786459,2299.297623357158,1200.0,1200.0
2,2025-12-02,0:00-4:00,7801.949003385418,710.240632421875,1200.0,1200.0
2,2025-12-02,4:00-8:00,2940.6863014974197,5554.605351307365,1200.0,1200.0
2,2025-12-02,8:00-12:00,4436.752905598959,3403.525790665314,1200.0,1200.0
2,2025-12-02,12:00-16:00,6648.161195312501,3425.9055465926726,1200.0,1200.0
2,2025-12-02,16:00-20:00,67.31544412428923,6611.1010439395,1200.0,1200.0
2,2025-12-02,20:00-24:00,647.9896033347803,583.1906430013022,1200.0,1200.0
2,2025-12-03,0:00-4:00,7827.451250260417,819.8391638671877,1200.0,1200.0
2,2025-12-03,4:00-8:00,2890.578009277343,4241.137036811952,1200.0,1200.0
2,2025-12-03,8:00-12:00,5435.835692578125,4585.250132904845,1200.0,1200.0
2,2025-12-03,12:00-16:00,6479.1650458576805,3754.9471833333337,1200.0,1200.0
2,2025-12-03,16:00-20:00,118.96495291360247,6420.1989320360535,1200.0,1200.0
2,2025-12-03,20:00-24:00,625.6781076461226,1218.5333037265927,1200.0,1200.0
2,2025-12-04,0:00-4:00,7882.803643164063,1030.7819294921874,1200.0,1200.0
2,2025-12-04,4:00-8:00,3066.2979950683484,5660.810805234939,1200.0,1200.0
2,2025-12-04,8:00-12:00,5441.0013114583335,3162.598739682043,1200.0,1200.0
2,2025-12-04,12:00-16:00,7415.969583550559,2798.975383072917,1200.0,1200.0
2,2025-12-04,16:00-20:00,22.808462073814326,6618.442929667392,1200.0,1200.0
2,2025-12-04,20:00-24:00,627.6590886863426,2739.2762884518365,1200.0,1200.0
2,2025-12-05,0:00-4:00,6531.656658919272,971.0644774088541,1200.0,1200.0
2,2025-12-05,4:00-8:00,854.3737287074404,5676.362871455183,1200.0,1200.0
2,2025-12-05,8:00-12:00,3646.0514666666663,0.0,1200.0,1200.0
2,2025-12-05,12:00-16:00,3400.5924337239585,192.95381982421858,1200.0,1200.0
2,2025-12-05,16:00-20:00,106.94351983235674,6245.274858376468,1200.0,1200.0
2,2025-12-05,20:00-24:00,480.49643694299783,432.4467932486981,1200.0,1200.0
2,2025-12-06,0:00-4:00,6199.403048111979,937.1267238932292,1200.0,1200.0
2,2025-12-06,4:00-8:00,1460.1593012880076,5956.4793905667575,1200.0,1200.0
2,2025-12-06,8:00-12:00,1848.2250666666666,0.0,1200.0,1200.0
2,2025-12-06,12:00-16:00,4040.596083333334,213.33415830078218,1200.0,1200.0
2,2025-12-06,16:00-20:00,42.18306250305176,5124.569632951964,1200.0,1200.0
2,2025-12-06,20:00-24:00,437.86871830873844,394.0818464778646,1200.0,1200.0
2,2025-12-07,0:00-4:00,7824.457769856772,817.6222813802082,1200.0,1206.2850237614227
2,2025-12-07,4:00-8:00,3006.4723983399826,4213.328082767249,1200.0,1206.2850237614227
2,2025-12-07,8:00-12:00,5833.322083333334,4716.886787229623,1200.0,1206.2850237614227
2,2025-12-07,12:00-16:00,6831.564418752644,3712.1887885416672,1200.0,1206.2850237614227
2,2025-12-07,16:00-20:00,42.494906707255154,6640.888512080382,1200.0,1206.2850237614227
2,2025-12-07,20:00-24:00,117.74482278645837,1183.5738107293673,1200.0,1206.2850237614227
2,2025-12-08,0:00-4:00,8415.567096484376,120.42241269531257,1206.2850237614227,1400.0578110671026
2,2025-12-08,4:00-8:00,3545.4631513618438,2377.719609693327,1206.2850237614227,1400.0578110671026
2,2025-12-08,8:00-12:00,5644.393225520834,8038.618231217449,1206.2850237614227,1400.0578110671026
2,2025-12-08,12:00-16:00,7988.471823277381,3935.1597328450516,1206.2850237614227,1400.0578110671026
2,2025-12-08,16:00-20:00,146.67710148737365,6347.320425538535,1206.2850237614227,1400.0578110671026
2,2025-12-08,20:00-24:00,295.26956868489594,2429.1883512117524,1206.2850237614227,1400.0578110671026
2,2025-12-09,0:00-4:00,8451.989170676834,162.35572545572916,1400.0578110671026,1388.0275459216793
2,2025-12-09,4:00-8:00,3380.473200074194,2601.994255879456,1400.0578110671026,1388.0275459216793
2,2025-12-09,8:00-12:00,5878.224132682291,8074.6576563446415,1400.0578110671026,1388.0275459216793
2,2025-12-09,12:00-16:00,7987.002744053824,3371.344527777569,1400.0578110671026,1388.0275459216793
2,2025-12-09,16:00-20:00,52.660888977813784,6382.387010609611,1400.0578110671026,1388.0275459216793
2,2025-12-09,20:00-24:00,873.9406067491318,3380.5354044402484,1400.0578110671026,1388.0275459216793
2,2025-12-10,0:00-4:00,8426.80825552203,120.46968867187502,1388.0275459216793,1262.5942589100043
2,2025-12-10,4:00-8:00,3432.1085706286112,2613.1594581843424,1388.0275459216793,1262.5942589100043
2,2025-12-10,8:00-12:00,5519.1840015625,8117.774589068682,1388.0275459216793,1262.5942589100043
2,2025-12-10,12:00-16:00,7702.285079231771,3837.1044379012674,1388.0275459216793,1262.5942589100043
2,2025-12-10,16:00-20:00,124.95316836084714,6605.275428700063,1388.0275459216793,1262.5942589100043
2,2025-12-10,20:00-24:00,164.76832369791646,1658.30952098463,1388.0275459216793,1262.5942589100043
2,2025-12-11,0:00-4:00,8578.023871158854,41.07637871093755,1262.5942589100043,1370.4250865825047
2,2025-12-11,4:00-8:00,3147.224060843458,2344.9090319312136,1262.5942589100043,1370.4250865825047
2,2025-12-11,8:00-12:00,5735.400703125,8226.119856141704,1262.5942589100043,1370.4250865825047
2,2025-12-11,12:00-16:00,7391.881364969375,2707.1942,1262.5942589100043,1370.4250865825047
2,2025-12-11,16:00-20:00,56.759620130857556,6150.602808074604,1262.5942589100043,1370.4250865825047
2,2025-12-11,20:00-24:00,828.4367698350694,3591.754170970026,1262.5942589100043,1370.4250865825047
2,2025-12-12,0:00-4:00,8336.249706715607,120.08930462239579,1370.4250865825047,1404.9337085858726
2,2025-12-12,4:00-8:00,1709.328349609375,7434.434020117178,1370.4250865825047,1404.9337085858726
2,2025-12-12,8:00-12:00,2918.277619240671,1598.6587999999997,1370.4250865825047,1404.9337085858726
2,2025-12-12,12:00-16:00,4405.845894921875,237.66246057581145,1370.4250865825047,1404.9337085858726
2,2025-12-12,16:00-20:00,143.25688542442327,6432.023691105143,1370.4250865825047,1404.9337085858726
2,2025-12-12,20:00-24:00,699.9226696903936,535.9869832882503,1370.4250865825047,1404.9337085858726
2,2025-12-13,0:00-4:00,8334.390037669022,86.8613080078124,1404.9337085858726,1364.4311852592652
2,2025-12-13,4:00-8:00,1685.2475326461183,7494.050180533855,1404.9337085858726,1364.4311852592652
2,2025-12-13,8:00-12:00,5163.115252970849,1631.179511284934,1404.9337085858726,1364.4311852592652
2,2025-12-13,12:00-16:00,4615.14524140625,140.27304837239595,1404.9337085858726,1364.4311852592652
2,2025-12-13,16:00-20:00,99.28541007499695,6355.981136885579,1404.9337085858726,1364.4311852592652
2,2025-12-13,20:00-24:00,748.4518026186345,2911.1506319715695,1404.9337085858726,1364.4311852592652
2,2025-12-14,0:00-4:00,8463.286283335978,78.71497988281237,1364.4311852592652,1308.9721287341226
2,2025-12-14,4:00-8:00,3529.305374062319,2498.5360103149414,1364.4311852592652,1308.9721287341226
2,2025-12-14,8:00-12:00,5747.378871223959,8117.461497124775,1364.4311852592652,1308.9721287341226
2,2025-12-14,12:00-16:00,7552.584823184317,3257.955448057519,1364.4311852592652,1308.9721287341226
2,2025-12-14,16:00-20:00,206.17057378524862,6238.896280559188,1364.4311852592652,1308.9721287341226
2,2025-12-14,20:00-24:00,154.01020527343758,2948.5113824905393,1364.4311852592652,1308.9721287341226
2,2025-12-15,0:00-4:00,8328.101745052085,60.89360423177095,1308.9721287341226,1235.1636705544158
2,2025-12-15,4:00-8:00,3613.0358222744644,2603.154022155762,1308.9721287341226,1235.1636705544158
2,2025-12-15,8:00-12:00,5429.1965055989585,8186.356222689429,1308.9721287341226,1235.1636705544158
2,2025-12-15,12:00-16:00,8011.891508108117,3445.859711816406,1308.9721287341226,1235.1636705544158
2,2025-12-15,16:00-20:00,201.90437270507823,6327.895997011315,1308.9721287341226,1235.1636705544158
2,2025-12-15,20:00-24:00,184.80752727864547,2637.905026540871,1308.9721287341226,1235.1636705544158
2,2025-12-16,0:00-4:00,8411.261601888022,59.657363085937504,1235.1636705544158,1200.0808194574124
2,2025-12-16,4:00-8:00,3451.8543627312524,2429.127494096741,1235.1636705544158,1200.0808194574124
2,2025-12-16,8:00-12:00,5835.756920941631,8302.667765954946,1235.1636705544158,1200.0808194574124
2,2025-12-16,12:00-16:00,7415.079705664062,2832.692288552309,1235.1636705544158,1200.0808194574124
2,2025-12-16,16:00-20:00,202.33620924588456,6182.4902953753635,1235.1636705544158,1200.0808194574124
2,2025-12-16,20:00-24:00,709.9717564525465,3650.2818090494793,1235.1636705544158,1200.0808194574124
2,2025-12-17,0:00-4:00,8455.195908785481,139.31770638020828,1200.0808194574124,1314.638161842968
2,2025-12-17,4:00-8:00,3732.616802177292,2761.9380177746725,1200.0808194574124,1314.638161842968
2,2025-12-17,8:00-12:00,6041.278179427083,7717.483239149514,1200.0808194574124,1314.638161842968
2,2025-12-17,12:00-16:00,7427.392100549273,3414.484916634115,1200.0808194574124,1314.638161842968
2,2025-12-17,16:00-20:00,71.55353551529895,6267.672857604771,1200.0808194574124,1314.638161842968
2,2025-12-17,20:00-24:00,267.7383677734374,2986.6220298715666,1200.0808194574124,1314.638161842968
2,2025-12-18,0:00-4:00,8308.42462394651,277.27621627604185,1314.638161842968,1230.3699871421875
2,2025-12-18,4:00-8:00,3248.505585347749,2538.920076393286,1314.638161842968,1230.3699871421875
2,2025-12-18,8:00-12:00,5799.243323567709,7693.796205155146,1314.638161842968,1230.3699871421875
2,2025-12-18,12:00-16:00,7595.230266420718,2947.666569704652,1314.638161842968,1230.3699871421875
2,2025-12-18,16:00-20:00,91.15553033715105,6270.073535920361,1314.638161842968,1230.3699871421875
2,2025-12-18,20:00-24:00,779.1581543113427,3591.756941984413,1314.638161842968,1230.3699871421875
2,2025-12-19,0:00-4:00,8358.00134038893,68.88427115885412,1230.3699871421875,1219.1491770033922
2,2025-12-19,4:00-8:00,1796.2892495442707,7414.115025919343,1230.3699871421875,1219.1491770033922
2,2025-12-19,8:00-12:00,4859.8934939190185,1621.1751166666663,1230.3699871421875,1219.1491770033922
2,2025-12-19,12:00-16:00,4429.6068602213545,279.25121972656257,1230.3699871421875,1219.1491770033922
2,2025-12-19,16:00-20:00,38.15331152343754,6522.587217269389,1230.3699871421875,1219.1491770033922
2,2025-12-19,20:00-24:00,636.4128660517938,2211.1535539123797,1230.3699871421875,1219.1491770033922
2,2025-12-20,0:00-4:00,8520.32000264298,118.2947295572917,1219.1491770033922,1273.3966607760706
2,2025-12-20,4:00-8:00,1643.8619800780943,7395.686963730415,1219.1491770033922,1273.3966607760706
2,2025-12-20,8:00-12:00,5043.073102252356,1651.948595555784,1219.1491770033922,1273.3966607760706
2,2025-12-20,12:00-16:00,5150.133965842013,92.4104434895832,1219.1491770033922,1273.3966607760706
2,2025-12-20,16:00-20:00,79.50329393310545,6492.512729193623,1219.1491770033922,1273.3966607760706
2,2025-12-20,20:00-24:00,538.4207363498265,3075.4646296454234,1219.1491770033922,1273.3966607760706
2,2025-12-21,0:00-4:00,8393.82491451823,345.2488692708332,1273.3966607760706,1346.6108323415674
2,2025-12-21,4:00-8:00,3502.9500475911464,2500.7296461899077,1273.3966607760706,1346.6108323415674
2,2025-12-21,8:00-12:00,5097.419027148438,7990.698815340045,1273.3966607760706,1346.6108323415674
2,2025-12-21,12:00-16:00,7994.359027701822,3212.7956880314773,1273.3966607760706,1346.6108323415674
2,2025-12-21,16:00-20:00,145.86077499555745,6432.7178174372,1273.3966607760706,1346.6108323415674
2,2025-12-21,20:00-24:00,870.1575671730322,2852.466325201152,1273.3966607760706,1346.6108323415674
2,2025-12-22,0:00-4:00,8236.72743659842,300.100465690104,1346.6108323415674,1308.3818281956087
2,2025-12-22,4:00-8:00,3445.017613457362,2489.493791247567,1346.6108323415674,1308.3818281956087
2,2025-12-22,8:00-12:00,5913.561420833334,7863.063536068262,1346.6108323415674,1308.3818281956087
2,2025-12-22,12:00-16:00,7597.598446712241,3174.084247959863,1346.6108323415674,1308.3818281956087
2,2025-12-22,16:00-20:00,148.47980757712492,6393.590703355454,1346.6108323415674,1308.3818281956087
2,2025-12-22,20:00-24:00,786.2717622106484,3330.8253120633435,1346.6108323415674,1308.3818281956087
2,2025-12-23,0:00-4:00,8327.160168684895,188.9376945312498,1308.3818281956087,1287.3211435670694
2,2025-12-23,4:00-8:00,3795.744862649349,2490.3743070981823,1308.3818281956087,1287.3211435670694
2,2025-12-23,8:00-12:00,5800.8608469833,7878.047482747396,1308.3818281956087,1287.3211435670694
2,2025-12-23,12:00-16:00,7677.704972171792,3479.42465,1308.3818281956087,1287.3211435670694
2,2025-12-23,16:00-20:00,69.75024592488546,6304.867914460522,1308.3818281956087,1287.3211435670694
2,2025-12-23,20:00-24:00,262.9150183593747,3019.0503742114906,1308.3818281956087,1287.3211435670694
2,2025-12-24,0:00-4:00,8389.491245833333,127.91301634114598,1287.3211435670694,1291.5389886180665
2,2025-12-24,4:00-8:00,3462.24783511165,2380.460904521279,1287.3211435670694,1291.5389886180665
2,2025-12-24,8:00-12:00,5863.929432942708,8241.031362456806,1287.3211435670694,1291.5389886180665
2,2025-12-24,12:00-16:00,7430.812300455729,3382.830727972878,1287.3211435670694,1291.5389886180665
2,2025-12-24,16:00-20:00,175.4952824255099,6608.552675994276,1287.3211435670694,1291.5389886180665
2,2025-12-24,20:00-24:00,869.8162444878475,2827.8230206910694,1287.3211435670694,1291.5389886180665
2,2025-12-25,0:00-4:00,8487.049150585939,156.89871119791667,1291.5389886180665,1333.2136511770666
2,2025-12-25,4:00-8:00,3743.6717522369827,2819.1796659669435,1291.5389886180665,1333.2136511770666
2,2025-12-25,8:00-12:00,5228.137320963542,7796.170353700294,1291.5389886180665,1333.2136511770666
2,2025-12-25,12:00-16:00,7957.009617380263,3141.303311468975,1291.5389886180665,1333.2136511770666
2,2025-12-25,16:00-20:00,139.7912253967318,6541.066532635976,1291.5389886180665,1333.2136511770666
2,2025-12-25,20:00-24:00,330.54007285156234,2803.424594181793,1291.5389886180665,1333.2136511770666
2,2025-12-26,0:00-4:00,8298.211092122398,193.63492942708336,1333.2136511770666,1359.223001691075
2,2025-12-26,4:00-8:00,1679.76622057306,7488.187090820313,1333.2136511770666,1359.223001691075
2,2025-12-26,8:00-12:00,4918.371266666667,1424.7351271225248,1333.2136511770666,1359.223001691075
2,2025-12-26,12:00-16:00,4513.326075716146,379.5133356770832,1333.2136511770666,1359.223001691075
2,2025-12-26,16:00-20:00,123.153829094696,6316.451009472656,1333.2136511770666,1359.223001691075
2,2025-12-26,20:00-24:00,635.3432495659724,2324.1584314196057,1333.2136511770666,1359.223001691075
2,2025-12-27,0:00-4:00,8464.428052440433,250.48285865885418,1359.223001691075,1382.9837779256954
2,2025-12-27,4:00-8:00,1756.2001265625022,7221.689771419271,1359.223001691075,1382.9837779256954
2,2025-12-27,8:00-12:00,4385.949794352217,1699.5235666666665,1359.223001691075,1382.9837779256954
2,2025-12-27,12:00-16:00,5151.234783915657,96.58393603515626,1359.223001691075,1382.9837779256954
2,2025-12-27,16:00-20:00,87.3754670247393,6428.430385897318,1359.223001691075,1382.9837779256954
2,2025-12-27,20:00-24:00,788.0638674262152,2850.674912309818,1359.223001691075,1382.9837779256954
2,2025-12-28,0:00-4:00,8189.585472818038,184.87616067708325,1382.9837779256954,1398.1804679198158
2,2025-12-28,4:00-8:00,3496.591637683097,2438.732605820774,1382.9837779256954,1398.1804679198158
2,2025-12-28,8:00-12:00,6070.425285872396,7719.681668381283,1382.9837779256954,1398.1804679198158
2,2025-12-28,12:00-16:00,6625.271289198207,2707.8475175562157,1382.9837779256954,1398.1804679198158
2,2025-12-28,16:00-20:00,94.15310169686245,6200.349510732674,1382.9837779256954,1398.1804679198158
2,2025-12-28,20:00-24:00,883.088063577836,3557.299056610683,1382.9837779256954,1398.1804679198158
2,2025-12-29,0:00-4:00,8385.425343210109,108.7783074869792,1398.1804679198158,1238.2096457911166
2,2025-12-29,4:00-8:00,3619.0838446069943,2558.2479152504607,1398.1804679198158,1238.2096457911166
2,2025-12-29,8:00-12:00,5844.614208116112,7411.657392252604,1398.1804679198158,1238.2096457911166
2,2025-12-29,12:00-16:00,6500.0230219728655,3489.347289496315,1398.1804679198158,1238.2096457911166
2,2025-12-29,16:00-20:00,175.3394114543487,6236.536145676199,1398.1804679198158,1238.2096457911166
2,2025-12-29,20:00-24:00,138.43604479166675,2543.824283703235,1398.1804679198158,1238.2096457911166
2,2025-12-30,0:00-4:00,8474.966942968751,49.22727929687494,1238.2096457911166,1310.7988005474938
2,2025-12-30,4:00-8:00,3339.9913539390063,2911.6553467570066,1238.2096457911166,1310.7988005474938
2,2025-12-30,8:00-12:00,5834.668762239584,7708.828693949559,1238.2096457911166,1310.7988005474938
2,2025-12-30,12:00-16:00,6936.204527835647,2420.392898773662,1238.2096457911166,1310.7988005474938
2,2025-12-30,16:00-20:00,53.93191162109346,6252.97671120341,1238.2096457911166,1310.7988005474938
2,2025-12-30,20:00-24:00,170.1398035807291,2916.9679232488375,1238.2096457911166,1310.7988005474938
2,2025-12-31,0:00-4:00,8449.776291015625,234.53143756510406,1310.7988005474938,1252.2126616066803
2,2025-12-31,4:00-8:00,3614.7216928466796,2468.010010144662,1310.7988005474938,1252.2126616066803
2,2025-12-31,8:00-12:00,5453.775770442709,8260.619709289744,1310.7988005474938,1252.2126616066803
2,2025-12-31,12:00-16:00,6884.564105420757,3747.573255078125,1310.7988005474938,1252.2126616066803
2,2025-12-31,16:00-20:00,127.8397689412435,6265.591518044887,1310.7988005474938,1252.2126616066803
2,2025-12-31,20:00-24:00,719.9892437500002,1804.8539465632011,1310.7988005474938,1252.2126616066803
